"fold","model","logLik","theta","rho","convergence","heldout_subjects"
1,"cgfm_independent",-2134.92919914283,0.486991947663687,0,0,"1,31"
1,"cgfm_shared",-2199.2944269161,0.234109617131355,1,0,"1,31"
1,"cgfm_time_varying",-2104.6089104949,0.489961591916062,0.84557078781585,0,"1,31"
2,"cgfm_independent",-2133.22148831584,0.48961319773951,0,0,"2,31"
2,"cgfm_shared",-2195.87196417012,0.236943452525411,1,0,"2,31"
2,"cgfm_time_varying",-2102.40755224876,0.492622473640007,0.846958882655255,0,"2,31"
3,"cgfm_independent",-2131.52908950503,0.488147840343675,0,0,"3,31"
3,"cgfm_shared",-2190.52037848643,0.237804884541238,1,0,"3,31"
3,"cgfm_time_varying",-2100.15025283864,0.491058257423647,0.848950198611019,0,"3,31"
4,"cgfm_independent",-2134.15024347748,0.482584145787889,0,0,"4,31"
4,"cgfm_shared",-2196.00991852516,0.232982151851827,1,0,"4,31"
4,"cgfm_time_varying",-2103.62320238909,0.485318459969028,0.845994268776134,0,"4,31"
5,"cgfm_independent",-2131.20890399656,0.491813090231611,0,0,"5,31"
5,"cgfm_shared",-2195.05177095258,0.237931300924306,1,0,"5,31"
5,"cgfm_time_varying",-2100.66712715494,0.494247354924681,0.845629958066326,0,"5,31"
6,"cgfm_independent",-2132.00261322488,0.49476127693088,0,0,"6,31"
6,"cgfm_shared",-2197.93941070621,0.237931295298765,1,0,"6,31"
6,"cgfm_time_varying",-2101.58025154492,0.497251152439272,0.844805445284917,0,"6,31"
7,"cgfm_independent",-2133.57528590215,0.491410658822714,0,0,"7,31"
7,"cgfm_shared",-2196.92696756925,0.237212255670001,1,0,"7,31"
7,"cgfm_time_varying",-2102.9470589903,0.494104862959782,0.846134113889775,0,"7,31"
8,"cgfm_independent",-2127.71433864628,0.488620352507746,0,0,"8,31"
8,"cgfm_shared",-2187.49330552874,0.236392936759525,1,0,"8,31"
8,"cgfm_time_varying",-2096.64990297344,0.491043644302489,0.847656069363541,0,"8,31"
9,"cgfm_independent",-2129.74593767499,0.492116304890802,0,0,"9,31"
9,"cgfm_shared",-2193.46022818698,0.237522951674081,1,0,"9,31"
9,"cgfm_time_varying",-2099.09038713563,0.49461220584905,0.845977805878596,0,"9,31"
10,"cgfm_independent",-2132.49680112311,0.479159667073137,0,0,"10,31"
10,"cgfm_shared",-2189.31700713023,0.235046322184813,1,0,"10,31"
10,"cgfm_time_varying",-2101.38676099517,0.481709206709681,0.848130087493315,0,"10,31"
11,"cgfm_independent",-2135.6163986783,0.48997293448894,0,0,"11,31"
11,"cgfm_shared",-2201.68916447282,0.23475360460126,1,0,"11,31"
11,"cgfm_time_varying",-2105.41844145723,0.492970633477909,0.844881782322797,0,"11,31"
12,"cgfm_independent",-2129.10505222534,0.484688358157588,0,0,"12,31"
12,"cgfm_shared",-2182.20798480379,0.237943246156028,1,0,"12,31"
12,"cgfm_time_varying",-2097.30164226876,0.487330066345219,0.85106148167756,0,"12,31"
13,"cgfm_independent",-2131.3026175989,0.489274086381732,0,0,"13,31"
13,"cgfm_shared",-2187.52113690519,0.237812659671373,1,0,"13,31"
13,"cgfm_time_varying",-2100.60203703848,0.491742904406619,0.847868356788037,0,"13,31"
14,"cgfm_independent",-2129.63344287503,0.490210454338732,0,0,"14,31"
14,"cgfm_shared",-2190.18903669673,0.237181676406084,1,0,"14,31"
14,"cgfm_time_varying",-2099.23709062098,0.492723923714162,0.84685539285982,0,"14,31"
15,"cgfm_independent",-2132.80881558104,0.486736174310695,0,0,"15,31"
15,"cgfm_shared",-2192.01964229728,0.237245904116852,1,0,"15,31"
15,"cgfm_time_varying",-2102.01867112209,0.489540781566647,0.848033033484251,0,"15,31"
16,"cgfm_independent",-2132.99919384119,0.487240705518444,0,0,"16,31"
16,"cgfm_shared",-2194.08135898618,0.237083924906314,1,0,"16,31"
16,"cgfm_time_varying",-2102.17623186188,0.489877077271894,0.847093918481338,0,"16,31"
17,"cgfm_independent",-2133.23008940343,0.471830788955492,0,0,"17,31"
17,"cgfm_shared",-2195.79705606342,0.225776245808976,1,0,"17,31"
17,"cgfm_time_varying",-2103.72479870444,0.473588846605216,0.842612178312061,0,"17,31"
18,"cgfm_independent",-2133.1034470394,0.49187402528223,0,0,"18,31"
18,"cgfm_shared",-2196.6827580407,0.237434264622804,1,0,"18,31"
18,"cgfm_time_varying",-2102.5357300262,0.494516102296248,0.846073284346398,0,"18,31"
19,"cgfm_independent",-2130.93458801283,0.490870490969139,0,0,"19,31"
19,"cgfm_shared",-2191.07319246452,0.237885946670605,1,0,"19,31"
19,"cgfm_time_varying",-2099.90362061611,0.493395641407087,0.847394703949296,0,"19,31"
20,"cgfm_independent",-2134.39408200847,0.484234367673415,0,0,"20,31"
20,"cgfm_shared",-2197.14105581499,0.234441690277682,1,0,"20,31"
20,"cgfm_time_varying",-2103.98823723462,0.487036343078564,0.846024036234183,0,"20,31"
21,"cgfm_independent",-2132.38851550167,0.493358682008998,0,0,"21,31"
21,"cgfm_shared",-2196.17653344336,0.237943212312988,1,0,"21,31"
21,"cgfm_time_varying",-2101.89484196532,0.49593882875391,0.845709186190768,0,"21,31"
22,"cgfm_independent",-2107.54091837259,0.469872994209933,0,0,"22,31"
22,"cgfm_shared",-2184.20993062233,0.217868335900297,1,0,"22,31"
22,"cgfm_time_varying",-2082.10950137312,0.472880795230934,0.830186162849748,0,"22,31"
23,"cgfm_independent",-2131.51210754163,0.488526041021631,0,0,"23,31"
23,"cgfm_shared",-2191.61030101804,0.237686525684939,1,0,"23,31"
23,"cgfm_time_varying",-2100.7616267315,0.491224944124993,0.84795081067264,0,"23,31"
24,"cgfm_independent",-2128.76406836891,0.483691553305212,0,0,"24,31"
24,"cgfm_shared",-2182.91056416648,0.237912167157463,1,0,"24,31"
24,"cgfm_time_varying",-2097.34515488887,0.486094242638389,0.850915044456466,0,"24,31"
25,"cgfm_independent",-2128.94236031475,0.489918654297183,0,0,"25,31"
25,"cgfm_shared",-2189.95905302583,0.237274413304664,1,0,"25,31"
25,"cgfm_time_varying",-2098.25918690407,0.492287650058568,0.847268183481581,0,"25,31"
26,"cgfm_independent",-2129.11965598026,0.463590186439052,0,0,"26,31"
26,"cgfm_shared",-2169.49410505602,0.234109623047264,1,0,"26,31"
26,"cgfm_time_varying",-2098.69381166036,0.464558406603729,0.848775148041985,0,"26,31"
27,"cgfm_independent",-2127.11577316817,0.488628365142442,0,0,"27,31"
27,"cgfm_shared",-2186.82864766851,0.236759772396008,1,0,"27,31"
27,"cgfm_time_varying",-2096.11501820641,0.491049364043343,0.847969853293403,0,"27,31"
28,"cgfm_independent",-2134.50809479269,0.480935546834274,0,0,"28,31"
28,"cgfm_shared",-2198.11893410156,0.231632096792077,1,0,"28,31"
28,"cgfm_time_varying",-2104.51649723224,0.483543393568004,0.84456051707675,0,"28,31"
29,"cgfm_independent",-2130.06975666122,0.491497651764026,0,0,"29,31"
29,"cgfm_shared",-2191.82508531618,0.237813038476201,1,0,"29,31"
29,"cgfm_time_varying",-2099.24276157201,0.49404560090025,0.846782513959017,0,"29,31"
30,"cgfm_independent",-2111.38744942206,0.473661877460358,0,0,"30,31"
30,"cgfm_shared",-2184.76572693371,0.219471119765381,1,0,"30,31"
30,"cgfm_time_varying",-2085.03344015493,0.476391040915649,0.833326742843055,0,"30,31"
31,"cgfm_independent",-2135.58609367403,0.493347874601167,0,0,"1,32"
31,"cgfm_shared",-2201.10316249755,0.236609065870244,1,0,"1,32"
31,"cgfm_time_varying",-2104.81345723852,0.49654865843091,0.846656288587417,0,"1,32"
32,"cgfm_independent",-2133.8570000853,0.495969309481916,0,0,"2,32"
32,"cgfm_shared",-2197.64517166256,0.239442709400522,1,0,"2,32"
32,"cgfm_time_varying",-2102.58777033978,0.499205227314291,0.84802466540639,0,"2,32"
33,"cgfm_independent",-2132.15459154286,0.494461866960628,0,0,"3,32"
33,"cgfm_shared",-2192.21554686009,0.24030391187688,1,0,"3,32"
33,"cgfm_time_varying",-2100.30908450375,0.497596527620446,0.850018561311389,0,"3,32"
34,"cgfm_independent",-2134.82644525958,0.488899244800782,0,0,"4,32"
34,"cgfm_shared",-2197.80847776724,0.235481324420556,1,0,"4,32"
34,"cgfm_time_varying",-2103.84408830193,0.491860309779832,0.8470822533563,0,"4,32"
35,"cgfm_independent",-2131.85420410257,0.498217150073865,0,0,"5,32"
35,"cgfm_shared",-2196.9022716284,0.240430305849208,1,0,"5,32"
35,"cgfm_time_varying",-2100.86898006112,0.50086980572225,0.846685542023677,0,"5,32"
36,"cgfm_independent",-2132.61796919727,0.50117163371177,0,0,"6,32"
36,"cgfm_shared",-2199.73702216492,0.240430323864427,1,0,"6,32"
36,"cgfm_time_varying",-2101.74892916243,0.503878480227048,0.845881906923335,0,"6,32"
37,"cgfm_independent",-2134.2039780852,0.497794529568773,0,0,"7,32"
37,"cgfm_shared",-2198.70665246167,0.239711489561012,1,0,"7,32"
37,"cgfm_time_varying",-2103.12489627834,0.500709910878072,0.847201003118635,0,"7,32"
38,"cgfm_independent",-2128.3617641878,0.49501009249888,0,0,"8,32"
38,"cgfm_shared",-2189.3058740831,0.238892699161424,1,0,"8,32"
38,"cgfm_time_varying",-2096.84731469274,0.49764928264164,0.848691630178297,0,"8,32"
39,"cgfm_independent",-2130.37724747983,0.498517026030683,0,0,"9,32"
39,"cgfm_shared",-2195.27252543516,0.240019345057822,1,0,"9,32"
39,"cgfm_time_varying",-2099.27300508131,0.501230509493287,0.847028625753681,0,"9,32"
40,"cgfm_independent",-2133.16997232706,0.485383726675499,0,0,"10,32"
40,"cgfm_shared",-2191.02393424362,0.237545772150747,1,0,"10,32"
40,"cgfm_time_varying",-2101.59256400554,0.488150962983611,0.849220497089776,0,"10,32"
41,"cgfm_independent",-2136.25575752463,0.496354001230834,0,0,"11,32"
41,"cgfm_shared",-2203.48869922611,0.23725304012571,1,0,"11,32"
41,"cgfm_time_varying",-2105.60643207893,0.499582885753629,0.845975546231534,0,"11,32"
42,"cgfm_independent",-2129.79662388759,0.491094905899122,0,0,"12,32"
42,"cgfm_shared",-2184.1028309349,0.240442207308448,1,0,"12,32"
42,"cgfm_time_varying",-2097.54682112097,0.49395964048614,0.852022041466394,0,"12,32"
43,"cgfm_independent",-2131.96113703256,0.495695663840059,0,0,"13,32"
43,"cgfm_shared",-2189.3967659933,0.240314151244556,1,0,"13,32"
43,"cgfm_time_varying",-2100.81151496814,0.498390670642583,0.848879818774254,0,"13,32"
44,"cgfm_independent",-2130.29083275701,0.496641495274541,0,0,"14,32"
44,"cgfm_shared",-2192.0710280051,0.239681053102617,1,0,"14,32"
44,"cgfm_time_varying",-2099.4477233947,0.499378103050419,0.847876730220738,0,"14,32"
45,"cgfm_independent",-2133.47994925238,0.493112714857886,0,0,"15,32"
45,"cgfm_shared",-2193.88114804991,0.239711484097367,1,0,"15,32"
45,"cgfm_time_varying",-2102.23909191175,0.496146161676937,0.849056438504145,0,"15,32"
46,"cgfm_independent",-2133.64072066768,0.493553621897339,0,0,"16,32"
46,"cgfm_shared",-2195.83319149009,0.239583148433047,1,0,"16,32"
46,"cgfm_time_varying",-2102.36175438833,0.4964085473348,0.848168318636823,0,"16,32"
47,"cgfm_independent",-2133.96546690793,0.47803146730757,0,0,"17,32"
47,"cgfm_shared",-2197.61457106768,0.228271623083025,1,0,"17,32"
47,"cgfm_time_varying",-2104.00447046626,0.480001970513988,0.843755326888664,0,"17,32"
48,"cgfm_independent",-2133.73805385125,0.498275396100113,0,0,"18,32"
48,"cgfm_shared",-2198.49436107233,0.239933457696309,1,0,"18,32"
48,"cgfm_time_varying",-2102.72486224814,0.501138932073057,0.847127505013252,0,"18,32"
49,"cgfm_independent",-2131.59200679106,0.497308614126817,0,0,"19,32"
49,"cgfm_shared",-2192.959183552,0.240385028793953,1,0,"19,32"
49,"cgfm_time_varying",-2100.12030471926,0.500053803947672,0.848406941353451,0,"19,32"
50,"cgfm_independent",-2135.06600585824,0.490551390400179,0,0,"20,32"
50,"cgfm_shared",-2198.95657468188,0.236941065737013,1,0,"20,32"
50,"cgfm_time_varying",-2104.20611847415,0.493583890881413,0.847105361464633,0,"20,32"
51,"cgfm_independent",-2133.02912715565,0.499799059495931,0,0,"21,32"
51,"cgfm_shared",-2198.05200254679,0.240442194993359,1,0,"21,32"
51,"cgfm_time_varying",-2102.0924798173,0.502601766817095,0.846744698637262,0,"21,32"
52,"cgfm_independent",-2108.28372350581,0.476219309756118,0,0,"22,32"
52,"cgfm_shared",-2186.02652869762,0.220380778200137,1,0,"22,32"
52,"cgfm_time_varying",-2082.40340747382,0.479460800508941,0.831607859866018,0,"22,32"
53,"cgfm_independent",-2132.15094458492,0.494871106042244,0,0,"23,32"
53,"cgfm_shared",-2193.36929298812,0.240185566446067,1,0,"23,32"
53,"cgfm_time_varying",-2100.94845492211,0.49778969767063,0.84899715854442,0,"23,32"
54,"cgfm_independent",-2129.42586081944,0.489992383110874,0,0,"24,32"
54,"cgfm_shared",-2184.66265575283,0.240411193914949,1,0,"24,32"
54,"cgfm_time_varying",-2097.5521492333,0.492610128286782,0.851931253886055,0,"24,32"
55,"cgfm_independent",-2129.57106820669,0.496281632619908,0,0,"25,32"
55,"cgfm_shared",-2191.71139756977,0.239773727992854,1,0,"25,32"
55,"cgfm_time_varying",-2098.43484819393,0.498866469785894,0.848334348407726,0,"25,32"
56,"cgfm_independent",-2129.93370434652,0.469788121552135,0,0,"26,32"
56,"cgfm_shared",-2171.44545750211,0.236608998693379,1,0,"26,32"
56,"cgfm_time_varying",-2099.0612387709,0.470963574632025,0.849764580712341,0,"26,32"
57,"cgfm_independent",-2127.75139239253,0.494992900676011,0,0,"27,32"
57,"cgfm_shared",-2188.58087132311,0.239259337891758,1,0,"27,32"
57,"cgfm_time_varying",-2096.29911838558,0.497626442344829,0.849013313874222,0,"27,32"
58,"cgfm_independent",-2135.20980826882,0.487246710326975,0,0,"28,32"
58,"cgfm_shared",-2199.98754472275,0.234131048316598,1,0,"28,32"
58,"cgfm_time_varying",-2104.76841088696,0.490086636499739,0.845655195533373,0,"28,32"
59,"cgfm_independent",-2130.70019618812,0.497889424086041,0,0,"29,32"
59,"cgfm_shared",-2193.61152510454,0.240312163882818,1,0,"29,32"
59,"cgfm_time_varying",-2099.42470770643,0.500656793993551,0.847831648443308,0,"29,32"
60,"cgfm_independent",-2112.13111191056,0.480073997244288,0,0,"30,32"
60,"cgfm_shared",-2186.66564683056,0.22198218787191,1,0,"30,32"
60,"cgfm_time_varying",-2085.32701473327,0.48302884547599,0.834648939369675,0,"30,32"
61,"cgfm_independent",-2134.70597693978,0.48625154470177,0,0,"1,33"
61,"cgfm_shared",-2197.54177567754,0.234109631288751,1,0,"1,33"
61,"cgfm_time_varying",-2104.19871311606,0.489176558990961,0.846255247339275,0,"1,33"
62,"cgfm_independent",-2132.99056197367,0.488856041880457,0,0,"2,33"
62,"cgfm_shared",-2194.07937356949,0.23694340922944,1,0,"2,33"
62,"cgfm_time_varying",-2101.98416360107,0.491818763625136,0.847650115716397,0,"2,33"
63,"cgfm_independent",-2131.27054407324,0.487339879984335,0,0,"3,33"
63,"cgfm_shared",-2188.62227263526,0.237804857404535,1,0,"3,33"
63,"cgfm_time_varying",-2099.68508490006,0.490201303107017,0.849669206286461,0,"3,33"
64,"cgfm_independent",-2133.91214977174,0.481819992039999,0,0,"4,33"
64,"cgfm_shared",-2194.2093009257,0.232982132363,1,0,"4,33"
64,"cgfm_time_varying",-2103.19215478676,0.484507497088758,0.846695574919365,0,"4,33"
65,"cgfm_independent",-2130.98800812925,0.491073865658738,0,0,"5,33"
65,"cgfm_shared",-2193.29321169023,0.237931287859943,1,0,"5,33"
65,"cgfm_time_varying",-2100.25728414604,0.493462942437148,0.84632567637842,0,"5,33"
66,"cgfm_independent",-2131.77752906692,0.494011017207493,0,0,"6,33"
66,"cgfm_shared",-2196.16064738326,0.237931290825611,1,0,"6,33"
66,"cgfm_time_varying",-2101.16622758459,0.49645255439313,0.845501647658153,0,"6,33"
67,"cgfm_independent",-2133.34033734583,0.49064419186994,0,0,"7,33"
67,"cgfm_shared",-2195.11973156556,0.237212269932763,1,0,"7,33"
67,"cgfm_time_varying",-2102.51836714369,0.493290639112526,0.84683645381374,0,"7,33"
68,"cgfm_independent",-2127.47770118453,0.487852081186664,0,0,"8,33"
68,"cgfm_shared",-2185.69211629085,0.23639295306571,1,0,"8,33"
68,"cgfm_time_varying",-2096.21818807812,0.490227971366021,0.848351536856732,0,"8,33"
69,"cgfm_independent",-2129.52801759553,0.49138137812968,0,0,"9,33"
69,"cgfm_shared",-2191.71615691704,0.237520128940806,1,0,"9,33"
69,"cgfm_time_varying",-2098.68481275802,0.493831467716415,0.846657276297121,0,"9,33"
70,"cgfm_independent",-2132.23627991863,0.478360172121904,0,0,"10,33"
70,"cgfm_shared",-2187.43779137307,0.23504632575611,1,0,"10,33"
70,"cgfm_time_varying",-2100.9207800948,0.480862382430849,0.848854732546548,0,"10,33"
71,"cgfm_independent",-2135.39120654375,0.489225936561451,0,0,"11,33"
71,"cgfm_shared",-2199.92390799812,0.234753701638452,1,0,"11,33"
71,"cgfm_time_varying",-2105.00554254032,0.492178083537894,0.84557321397408,0,"11,33"
72,"cgfm_independent",-2128.89800035434,0.483978142716156,0,0,"12,33"
72,"cgfm_shared",-2180.52324082621,0.237943215564604,1,0,"12,33"
72,"cgfm_time_varying",-2096.91131042138,0.486573879468365,0.851691183661097,0,"12,33"
73,"cgfm_independent",-2131.07465930449,0.488520638322585,0,0,"13,33"
73,"cgfm_shared",-2185.74425189383,0.237813149495433,1,0,"13,33"
73,"cgfm_time_varying",-2100.18017527493,0.49094090631754,0.848562159881665,0,"13,33"
74,"cgfm_independent",-2129.41985392503,0.489484382755263,0,0,"14,33"
74,"cgfm_shared",-2188.46976365197,0.237181680105072,1,0,"14,33"
74,"cgfm_time_varying",-2098.83741793533,0.491950486403729,0.847527149814893,0,"14,33"
75,"cgfm_independent",-2132.57578415823,0.485977868139212,0,0,"15,33"
75,"cgfm_shared",-2190.22695644461,0.237212256716542,1,0,"15,33"
75,"cgfm_time_varying",-2101.59154092886,0.488734815125681,0.848722887404938,0,"15,33"
76,"cgfm_independent",-2132.76649412068,0.486484366626246,0,0,"16,33"
76,"cgfm_shared",-2192.29083228474,0.237083916981755,1,0,"16,33"
76,"cgfm_time_varying",-2101.75086226241,0.489073370404037,0.847787782324434,0,"16,33"
77,"cgfm_independent",-2132.99599949835,0.471087886334872,0,0,"17,33"
77,"cgfm_shared",-2194.03542125906,0.225776587264952,1,0,"17,33"
77,"cgfm_time_varying",-2103.30463315929,0.47279820049968,0.843316688484205,0,"17,33"
78,"cgfm_independent",-2132.87543507804,0.49112000556598,0,0,"18,33"
78,"cgfm_shared",-2194.90029616999,0.237434275065032,1,0,"18,33"
78,"cgfm_time_varying",-2102.11707821581,0.49371475902493,0.846767157371822,0,"18,33"
79,"cgfm_independent",-2130.71760689123,0.490137751667593,0,0,"19,33"
79,"cgfm_shared",-2189.33827680322,0.23788596726441,1,0,"19,33"
79,"cgfm_time_varying",-2099.49937383039,0.492616897547642,0.848064844994404,0,"19,33"
80,"cgfm_independent",-2134.17041835607,0.483498296770705,0,0,"20,33"
80,"cgfm_shared",-2195.39694838028,0.234441679378321,1,0,"20,33"
80,"cgfm_time_varying",-2103.57733171538,0.486256970608902,0.846705143836472,0,"20,33"
81,"cgfm_independent",-2132.16998225391,0.492621729345661,0,0,"21,33"
81,"cgfm_shared",-2194.42904217772,0.237943196412664,1,0,"21,33"
81,"cgfm_time_varying",-2101.48900436176,0.495154895987078,0.846390256321012,0,"21,33"
82,"cgfm_independent",-2107.29938180727,0.469098801037653,0,0,"22,33"
82,"cgfm_shared",-2182.42874744089,0.217868323524272,1,0,"22,33"
82,"cgfm_time_varying",-2081.69234661777,0.472062064958166,0.830997556544785,0,"22,33"
83,"cgfm_independent",-2131.27986061734,0.487768026976969,0,0,"23,33"
83,"cgfm_shared",-2189.81949038598,0.237686468305968,1,0,"23,33"
83,"cgfm_time_varying",-2100.3376062402,0.490416810320734,0.84863830092619,0,"23,33"
84,"cgfm_independent",-2128.53613597066,0.482946971805271,0,0,"24,33"
84,"cgfm_shared",-2181.15423136972,0.237912163395268,1,0,"24,33"
84,"cgfm_time_varying",-2096.92469875457,0.485303885553028,0.851587805269691,0,"24,33"
85,"cgfm_independent",-2128.72051080694,0.489178084847508,0,0,"25,33"
85,"cgfm_shared",-2188.20955320291,0.237274404602151,1,0,"25,33"
85,"cgfm_time_varying",-2097.84804271654,0.491500025453961,0.847952771583725,0,"25,33"
86,"cgfm_independent",-2128.89831022418,0.462877986546944,0,0,"26,33"
86,"cgfm_shared",-2167.80095867546,0.234109667458522,1,0,"26,33"
86,"cgfm_time_varying",-2098.28768109389,0.463796548534663,0.849436824168429,0,"26,33"
87,"cgfm_independent",-2126.88540947806,0.487871072814688,0,0,"27,33"
87,"cgfm_shared",-2185.04416783802,0.236759751053162,1,0,"27,33"
87,"cgfm_time_varying",-2095.69333064304,0.490241958183826,0.84865289584182,0,"27,33"
88,"cgfm_independent",-2134.29207679099,0.48021663410004,0,0,"28,33"
88,"cgfm_shared",-2196.40934595099,0.231632094061722,1,0,"28,33"
88,"cgfm_time_varying",-2104.11805783844,0.482783128075014,0.845240714476121,0,"28,33"
89,"cgfm_independent",-2129.85394311245,0.490767252591153,0,0,"29,33"
89,"cgfm_shared",-2190.09456538485,0.237813144120987,1,0,"29,33"
89,"cgfm_time_varying",-2098.84118672606,0.49326921754601,0.84745324447832,0,"29,33"
90,"cgfm_independent",-2111.16207015261,0.472913022646722,0,0,"30,33"
90,"cgfm_shared",-2183.02696368883,0.219471082803852,1,0,"30,33"
90,"cgfm_time_varying",-2084.63097461127,0.475596526040761,0.834106556614961,0,"30,33"
91,"cgfm_independent",-2133.71118127163,0.482281982536292,0,0,"1,34"
91,"cgfm_shared",-2196.03395314817,0.231260530409365,1,0,"1,34"
91,"cgfm_time_varying",-2103.26825927164,0.485207199772804,0.846288186387945,0,"1,34"
92,"cgfm_independent",-2131.9786283711,0.484837138802368,0,0,"2,34"
92,"cgfm_shared",-2192.4971952812,0.234093917248585,1,0,"2,34"
92,"cgfm_time_varying",-2101.02760406015,0.487802190845203,0.847714414771677,0,"2,34"
93,"cgfm_independent",-2130.3108192512,0.483424269653261,0,0,"3,34"
93,"cgfm_shared",-2187.23437615772,0.234955391596025,1,0,"3,34"
93,"cgfm_time_varying",-2098.79865881691,0.486292794903104,0.849672518864175,0,"3,34"
94,"cgfm_independent",-2132.9223587355,0.47790070760345,0,0,"4,34"
94,"cgfm_shared",-2192.76437102822,0.230133534299989,1,0,"4,34"
94,"cgfm_time_varying",-2102.27176085619,0.480594016548279,0.846705732115259,0,"4,34"
95,"cgfm_independent",-2130.03011437465,0.487135501660008,0,0,"5,34"
95,"cgfm_shared",-2191.87400003198,0.235081848831541,1,0,"5,34"
95,"cgfm_time_varying",-2099.36084240313,0.4895333736969,0.846352050436933,0,"5,34"
96,"cgfm_independent",-2130.81177929506,0.49002493586929,0,0,"6,34"
96,"cgfm_shared",-2194.68647585911,0.235081920469418,1,0,"6,34"
96,"cgfm_time_varying",-2100.25961645341,0.49246932052637,0.845541765504795,0,"6,34"
97,"cgfm_independent",-2132.34517220501,0.486629714436661,0,0,"7,34"
97,"cgfm_shared",-2193.56013761642,0.234362734861367,1,0,"7,34"
97,"cgfm_time_varying",-2101.58188347158,0.489271198550286,0.846887797131647,0,"7,34"
98,"cgfm_independent",-2126.54039924761,0.483959676176875,0,0,"8,34"
98,"cgfm_shared",-2184.38624167342,0.233542884730716,1,0,"8,34"
98,"cgfm_time_varying",-2095.35527051694,0.486347607542671,0.848339166232807,0,"8,34"
99,"cgfm_independent",-2128.54923611219,0.487393794231777,0,0,"9,34"
99,"cgfm_shared",-2190.22528605348,0.23467059640784,1,0,"9,34"
99,"cgfm_time_varying",-2097.76445586131,0.489844351109665,0.846696189743942,0,"9,34"
100,"cgfm_independent",-2131.25250240679,0.474496250262421,0,0,"10,34"
100,"cgfm_shared",-2186.04280597817,0.232197007862754,1,0,"10,34"
100,"cgfm_time_varying",-2100.01367186862,0.477004504886879,0.848849552707088,0,"10,34"
101,"cgfm_independent",-2134.40521752426,0.485239954659081,0,0,"11,34"
101,"cgfm_shared",-2198.41255839654,0.231904379080077,1,0,"11,34"
101,"cgfm_time_varying",-2104.08259839628,0.488188520275101,0.845608145759788,0,"11,34"
102,"cgfm_independent",-2127.86205063402,0.479945800605538,0,0,"12,34"
102,"cgfm_shared",-2178.92664914304,0.235093771224386,1,0,"12,34"
102,"cgfm_time_varying",-2095.92341338051,0.482544851023202,0.851786000006582,0,"12,34"
103,"cgfm_independent",-2130.15107322225,0.484655397468466,0,0,"13,34"
103,"cgfm_shared",-2184.53270826651,0.234963654693294,1,0,"13,34"
103,"cgfm_time_varying",-2099.32707611316,0.487084505534739,0.848548174394468,0,"13,34"
104,"cgfm_independent",-2128.48617274914,0.485589548031303,0,0,"14,34"
104,"cgfm_shared",-2187.17556459838,0.234331976257694,1,0,"14,34"
104,"cgfm_time_varying",-2097.96599580402,0.488061175719305,0.847539846508526,0,"14,34"
105,"cgfm_independent",-2131.61977255033,0.482083149723402,0,0,"15,34"
105,"cgfm_shared",-2188.89902595769,0.234362791197223,1,0,"15,34"
105,"cgfm_time_varying",-2100.70491783091,0.484849369809391,0.84872467063075,0,"15,34"
106,"cgfm_independent",-2131.76849585774,0.482518755652663,0,0,"16,34"
106,"cgfm_shared",-2190.77707323935,0.234234414542251,1,0,"16,34"
106,"cgfm_time_varying",-2100.81375559702,0.485110886300858,0.84783884923402,0,"16,34"
107,"cgfm_independent",-2131.98041731618,0.46724460080417,0,0,"17,34"
107,"cgfm_shared",-2192.61053246364,0.22293394433717,1,0,"17,34"
107,"cgfm_time_varying",-2102.36099040121,0.468962689905372,0.843312226612564,0,"17,34"
108,"cgfm_independent",-2131.88185415177,0.487104991357999,0,0,"18,34"
108,"cgfm_shared",-2193.34231514855,0.234584873544551,1,0,"18,34"
108,"cgfm_time_varying",-2101.18523052172,0.489698305195563,0.846818245307224,0,"18,34"
109,"cgfm_independent",-2129.76617620894,0.486204615308152,0,0,"19,34"
109,"cgfm_shared",-2187.96695843521,0.235036493353195,1,0,"19,34"
109,"cgfm_time_varying",-2098.61595121515,0.488692554778761,0.848082449417991,0,"19,34"
110,"cgfm_independent",-2133.176588808,0.479568109272677,0,0,"20,34"
110,"cgfm_shared",-2193.92417203835,0.231592492244118,1,0,"20,34"
110,"cgfm_time_varying",-2102.64842432679,0.482330063019434,0.846732865210464,0,"20,34"
111,"cgfm_independent",-2131.24158916908,0.488714682364492,0,0,"21,34"
111,"cgfm_shared",-2193.11829917466,0.235093759595907,1,0,"21,34"
111,"cgfm_time_varying",-2100.62872055476,0.491255276552155,0.846391304570542,0,"21,34"
112,"cgfm_independent",-2106.22532578532,0.465074108555092,0,0,"22,34"
112,"cgfm_shared",-2180.8339222237,0.21500767063754,1,0,"22,34"
112,"cgfm_time_varying",-2080.69837549411,0.46803788641685,0.830963216340272,0,"22,34"
113,"cgfm_independent",-2130.25586612779,0.483733483423666,0,0,"23,34"
113,"cgfm_shared",-2188.19219826079,0.234836991913916,1,0,"23,34"
113,"cgfm_time_varying",-2099.3741074559,0.486378138174316,0.848710397538036,0,"23,34"
114,"cgfm_independent",-2127.48529921394,0.4789105526899,0,0,"24,34"
114,"cgfm_shared",-2179.47916411139,0.235062832739191,1,0,"24,34"
114,"cgfm_time_varying",-2095.92949144791,0.481263508222089,0.851689647592796,0,"24,34"
115,"cgfm_independent",-2127.75011996454,0.48521625703387,0,0,"25,34"
115,"cgfm_shared",-2186.743400502,0.234424851261508,1,0,"25,34"
115,"cgfm_time_varying",-2096.93682513815,0.487546097790187,0.848009202645995,0,"25,34"
116,"cgfm_independent",-2127.87801107987,0.459113178223492,0,0,"26,34"
116,"cgfm_shared",-2166.52887411583,0.231260522583223,1,0,"26,34"
116,"cgfm_time_varying",-2097.34146111399,0.460048276929138,0.84944085431862,0,"26,34"
117,"cgfm_independent",-2125.90364920261,0.483895716294237,0,0,"27,34"
117,"cgfm_shared",-2183.55593462888,0.233909936125601,1,0,"27,34"
117,"cgfm_time_varying",-2094.78150721923,0.486270666940729,0.8486762926706,0,"27,34"
118,"cgfm_independent",-2133.28430132525,0.476295538766977,0,0,"28,34"
118,"cgfm_shared",-2194.92475797682,0.228784146241493,1,0,"28,34"
118,"cgfm_time_varying",-2103.17311113726,0.478865974509112,0.845268278906138,0,"28,34"
119,"cgfm_independent",-2128.85556283725,0.486741630572871,0,0,"29,34"
119,"cgfm_shared",-2188.51248867291,0.234963719730601,1,0,"29,34"
119,"cgfm_time_varying",-2097.90264723769,0.489244734138667,0.847513723845414,0,"29,34"
120,"cgfm_independent",-2110.16855897585,0.469003863906224,0,0,"30,34"
120,"cgfm_shared",-2181.71250227638,0.216610210860471,1,0,"30,34"
120,"cgfm_time_varying",-2083.70927817517,0.471693781835565,0.834051980479413,0,"30,34"
121,"cgfm_independent",-2115.76154130835,0.48636720440207,0,0,"1,35"
121,"cgfm_shared",-2183.27574866796,0.2299757843781,1,0,"1,35"
121,"cgfm_time_varying",-2087.4373468269,0.489224346137586,0.839051475362154,0,"1,35"
122,"cgfm_independent",-2114.03809255115,0.488990096463992,0,0,"2,35"
122,"cgfm_shared",-2179.77158803602,0.232817437523345,1,0,"2,35"
122,"cgfm_time_varying",-2085.22112656324,0.491874493673292,0.840565482397174,0,"2,35"
123,"cgfm_independent",-2112.31529843289,0.487448063859997,0,0,"3,35"
123,"cgfm_shared",-2174.31000074947,0.233681341718472,1,0,"3,35"
123,"cgfm_time_varying",-2082.93833988268,0.490223116859655,0.842729263629473,0,"3,35"
124,"cgfm_independent",-2114.94985043491,0.481842239349322,0,0,"4,35"
124,"cgfm_shared",-2179.88638022792,0.228845640825608,1,0,"4,35"
124,"cgfm_time_varying",-2086.41802771932,0.484471319078723,0.839569051211944,0,"4,35"
125,"cgfm_independent",-2112.0530855118,0.491278518991593,0,0,"5,35"
125,"cgfm_shared",-2179.08520922431,0.233808122817729,1,0,"5,35"
125,"cgfm_time_varying",-2083.51033457734,0.493608525905841,0.839105788258289,0,"5,35"
126,"cgfm_independent",-2112.84129842039,0.494258409123506,0,0,"6,35"
126,"cgfm_shared",-2181.97536985472,0.233808177539807,1,0,"6,35"
126,"cgfm_time_varying",-2084.40411693995,0.496656696172594,0.838279564155316,0,"6,35"
127,"cgfm_independent",-2114.38148640124,0.490785107419779,0,0,"7,35"
127,"cgfm_shared",-2180.73938183095,0.233086943325344,1,0,"7,35"
127,"cgfm_time_varying",-2085.74389624706,0.493360627176165,0.839707182889167,0,"7,35"
128,"cgfm_independent",-2108.51643564425,0.487969653140622,0,0,"8,35"
128,"cgfm_shared",-2171.44092110209,0.232264530360579,1,0,"8,35"
128,"cgfm_time_varying",-2079.4596683446,0.490282856479414,0.841289888178095,0,"8,35"
129,"cgfm_independent",-2110.55039195507,0.491505221541047,0,0,"9,35"
129,"cgfm_shared",-2177.32010609052,0.233395641930949,1,0,"9,35"
129,"cgfm_time_varying",-2081.87932486563,0.493895557591839,0.839547911427226,0,"9,35"
130,"cgfm_independent",-2113.25747903736,0.478298668008509,0,0,"10,35"
130,"cgfm_shared",-2173.03489007623,0.230914944387078,1,0,"10,35"
130,"cgfm_time_varying",-2084.15139131601,0.480722713783131,0.841879488416714,0,"10,35"
131,"cgfm_independent",-2116.45649000423,0.489403672634661,0,0,"11,35"
131,"cgfm_shared",-2185.70656643839,0.230621422838354,1,0,"11,35"
131,"cgfm_time_varying",-2088.24911387972,0.492298033313809,0.83832855781818,0,"11,35"
132,"cgfm_independent",-2110.01756560273,0.484178050625862,0,0,"12,35"
132,"cgfm_shared",-2166.52023136351,0.233820277698692,1,0,"12,35"
132,"cgfm_time_varying",-2080.27122783982,0.486683035795764,0.844739872263375,0,"12,35"
133,"cgfm_independent",-2112.20282218506,0.488830240189758,0,0,"13,35"
133,"cgfm_shared",-2171.94749931526,0.233689609663737,1,0,"13,35"
133,"cgfm_time_varying",-2083.52205000468,0.491210148111542,0.84133869433682,0,"13,35"
134,"cgfm_independent",-2110.50129304319,0.489705919505657,0,0,"14,35"
134,"cgfm_shared",-2174.38960581889,0.233055119586675,1,0,"14,35"
134,"cgfm_time_varying",-2082.11068559789,0.492129265472127,0.840323206119775,0,"14,35"
135,"cgfm_independent",-2113.66995758833,0.486166080760658,0,0,"15,35"
135,"cgfm_shared",-2176.15693258837,0.23308693354994,1,0,"15,35"
135,"cgfm_time_varying",-2084.89317670139,0.488850962655189,0.841617484180345,0,"15,35"
136,"cgfm_independent",-2113.81333914111,0.486592479925085,0,0,"16,35"
136,"cgfm_shared",-2178.04464207756,0.23295821735771,1,0,"16,35"
136,"cgfm_time_varying",-2084.99671423653,0.489113034318151,0.840699894664823,0,"16,35"
137,"cgfm_independent",-2114.05352896265,0.470994703183021,0,0,"17,35"
137,"cgfm_shared",-2179.79145764815,0.22162653986195,1,0,"17,35"
137,"cgfm_time_varying",-2086.53020344245,0.472691997926229,0.83589946104418,0,"17,35"
138,"cgfm_independent",-2113.9167963406,0.491270865082453,0,0,"18,35"
138,"cgfm_shared",-2180.53459483421,0.233309612628647,1,0,"18,35"
138,"cgfm_time_varying",-2085.34560567297,0.493797574451692,0.839608257718339,0,"18,35"
139,"cgfm_independent",-2111.84442282133,0.490456347511207,0,0,"19,35"
139,"cgfm_shared",-2175.45041906419,0.233762666293959,1,0,"19,35"
139,"cgfm_time_varying",-2082.84497601071,0.492879000966934,0.840880336994272,0,"19,35"
140,"cgfm_independent",-2115.22203657722,0.483567289533877,0,0,"20,35"
140,"cgfm_shared",-2181.12325850184,0.230308711530548,1,0,"20,35"
140,"cgfm_time_varying",-2086.81505839295,0.486256856816992,0.839543642468628,0,"20,35"
141,"cgfm_independent",-2113.2524115382,0.492887986812928,0,0,"21,35"
141,"cgfm_shared",-2180.33778181507,0.23382012364862,1,0,"21,35"
141,"cgfm_time_varying",-2084.75494853276,0.495374074797928,0.839182566788085,0,"21,35"
142,"cgfm_independent",-2088.27195241101,0.468794906955457,0,0,"22,35"
142,"cgfm_shared",-2167.75509517231,0.213665510203053,1,0,"22,35"
142,"cgfm_time_varying",-2064.73374277239,0.47180698037637,0.822506402993946,0,"22,35"
143,"cgfm_independent",-2112.34488761811,0.487919642085593,0,0,"23,35"
143,"cgfm_shared",-2175.58820697594,0.233562594747697,1,0,"23,35"
143,"cgfm_time_varying",-2083.61283612922,0.490495773946182,0.841511848762662,0,"23,35"
144,"cgfm_independent",-2109.59714121834,0.483020254069956,0,0,"24,35"
144,"cgfm_shared",-2166.90607315565,0.233788962117359,1,0,"24,35"
144,"cgfm_time_varying",-2080.22833358858,0.485279351274726,0.84463732167344,0,"24,35"
145,"cgfm_independent",-2109.7353828012,0.489263545546223,0,0,"25,35"
145,"cgfm_shared",-2173.82383532092,0.233149111677002,1,0,"25,35"
145,"cgfm_time_varying",-2081.05868656021,0.491526283354687,0.840875416545737,0,"25,35"
146,"cgfm_independent",-2110.09115123582,0.462930299547893,0,0,"26,35"
146,"cgfm_shared",-2154.25620098991,0.229975856619909,1,0,"26,35"
146,"cgfm_time_varying",-2081.7447409194,0.463846558176418,0.842083045216443,0,"26,35"
147,"cgfm_independent",-2107.90339803521,0.487944539854587,0,0,"27,35"
147,"cgfm_shared",-2170.67227362421,0.232632677104225,1,0,"27,35"
147,"cgfm_time_varying",-2078.91455839133,0.490253454047134,0.841615246894469,0,"27,35"
148,"cgfm_independent",-2115.36561339243,0.480280995263669,0,0,"28,35"
148,"cgfm_shared",-2182.22622459004,0.227492436995322,1,0,"28,35"
148,"cgfm_time_varying",-2087.37197770831,0.482797946520767,0.837934738484927,0,"28,35"
149,"cgfm_independent",-2110.88694185314,0.490898903450985,0,0,"29,35"
149,"cgfm_shared",-2175.71500349028,0.233689625466617,1,0,"29,35"
149,"cgfm_time_varying",-2082.06345288423,0.493341002766553,0.840352999533298,0,"29,35"
150,"cgfm_independent",-2092.2259849916,0.472854269579108,0,0,"30,35"
150,"cgfm_shared",-2168.82673572189,0.21527503631854,1,0,"30,35"
150,"cgfm_time_varying",-2067.78275026717,0.47559223907423,0.825790673857759,0,"30,35"
151,"cgfm_independent",-2117.90006290736,0.489396125820784,0,0,"1,36"
151,"cgfm_shared",-2183.35755528236,0.233559140347363,1,0,"1,36"
151,"cgfm_time_varying",-2088.75211739845,0.49173741259917,0.841449427025567,0,"1,36"
152,"cgfm_independent",-2116.15919465696,0.4919975049262,0,0,"2,36"
152,"cgfm_shared",-2179.83142768931,0.236397429270098,1,0,"2,36"
152,"cgfm_time_varying",-2086.51512934667,0.494367295798063,0.842928527971984,0,"2,36"
153,"cgfm_independent",-2114.52439327745,0.490612705336394,0,0,"3,36"
153,"cgfm_shared",-2174.65939816341,0.237260267373457,1,0,"3,36"
153,"cgfm_time_varying",-2084.33938953649,0.492864192955326,0.844915880177721,0,"3,36"
154,"cgfm_independent",-2117.09831041616,0.484877423363142,0,0,"4,36"
154,"cgfm_shared",-2179.98021929436,0.232429863530256,1,0,"4,36"
154,"cgfm_time_varying",-2087.72806329958,0.486995046766767,0.841976099928186,0,"4,36"
155,"cgfm_independent",-2114.19585645869,0.494327955932424,0,0,"5,36"
155,"cgfm_shared",-2179.24023852471,0.237387240481671,1,0,"5,36"
155,"cgfm_time_varying",-2084.82485035997,0.496139879077874,0.841475266047473,0,"5,36"
156,"cgfm_independent",-2114.97399233575,0.497301984081135,0,0,"6,36"
156,"cgfm_shared",-2182.10631759725,0.237385754764388,1,0,"6,36"
156,"cgfm_time_varying",-2085.72042214684,0.499172689770761,0.840641068006858,0,"6,36"
157,"cgfm_independent",-2116.55742146093,0.493907472511718,0,0,"7,36"
157,"cgfm_shared",-2181.0397429429,0.236666574092536,1,0,"7,36"
157,"cgfm_time_varying",-2087.10661424397,0.495964812020379,0.842000153227049,0,"7,36"
158,"cgfm_independent",-2110.71492724505,0.491129559241302,0,0,"8,36"
158,"cgfm_shared",-2171.77643802132,0.235845987326996,1,0,"8,36"
158,"cgfm_time_varying",-2080.83876318217,0.492916938043497,0.843550917958852,0,"8,36"
159,"cgfm_independent",-2112.7389068237,0.494648060953464,0,0,"9,36"
159,"cgfm_shared",-2177.6405426312,0.236975079116808,1,0,"9,36"
159,"cgfm_time_varying",-2083.25761417915,0.496514113458051,0.841830683298689,0,"9,36"
160,"cgfm_independent",-2115.51878967509,0.481521856329194,0,0,"10,36"
160,"cgfm_shared",-2173.53643152412,0.234497314334772,1,0,"10,36"
160,"cgfm_time_varying",-2085.59961593668,0.483432930386316,0.844070218044684,0,"10,36"
161,"cgfm_independent",-2118.60602935104,0.492466679909829,0,0,"11,36"
161,"cgfm_shared",-2185.85980573092,0.234204113800835,1,0,"11,36"
161,"cgfm_time_varying",-2089.58305351534,0.494842454303455,0.840700755649282,0,"11,36"
162,"cgfm_independent",-2112.11042307742,0.48712502315137,0,0,"12,36"
162,"cgfm_shared",-2166.38284688538,0.237398822118772,1,0,"12,36"
162,"cgfm_time_varying",-2081.51340800408,0.489098524683194,0.847087759744322,0,"12,36"
163,"cgfm_independent",-2114.36930080884,0.491917455123244,0,0,"13,36"
163,"cgfm_shared",-2172.06207884201,0.237268554212127,1,0,"13,36"
163,"cgfm_time_varying",-2084.85971599389,0.493759370492764,0.843656370843809,0,"13,36"
164,"cgfm_independent",-2112.73082559147,0.492921431859092,0,0,"14,36"
164,"cgfm_shared",-2174.81330157778,0.236636038092618,1,0,"14,36"
164,"cgfm_time_varying",-2083.52344767377,0.4948129518701,0.842559757414888,0,"14,36"
165,"cgfm_independent",-2115.83346894497,0.489232029598772,0,0,"15,36"
165,"cgfm_shared",-2176.26809950052,0.236666717612553,1,0,"15,36"
165,"cgfm_time_varying",-2086.22974983878,0.491384667641185,0.843927470405179,0,"15,36"
166,"cgfm_independent",-2115.97893503371,0.489666429359614,0,0,"16,36"
166,"cgfm_shared",-2178.23683726002,0.236538161329201,1,0,"16,36"
166,"cgfm_time_varying",-2086.34025192948,0.491667116003169,0.843010126698547,0,"16,36"
167,"cgfm_independent",-2116.2787003074,0.474111023404744,0,0,"17,36"
167,"cgfm_shared",-2180.03901052761,0.225212941156449,1,0,"17,36"
167,"cgfm_time_varying",-2087.93648826342,0.475288318042952,0.838349767325044,0,"17,36"
168,"cgfm_independent",-2116.02885757034,0.49427255182935,0,0,"18,36"
168,"cgfm_shared",-2180.59286534084,0.236889130143815,1,0,"18,36"
168,"cgfm_time_varying",-2086.633403576,0.496275513571859,0.842006116997613,0,"18,36"
169,"cgfm_independent",-2113.92815381741,0.493396297028811,0,0,"19,36"
169,"cgfm_shared",-2175.31923350783,0.237341485074297,1,0,"19,36"
169,"cgfm_time_varying",-2084.08643521319,0.495289754018717,0.843297267709525,0,"19,36"
170,"cgfm_independent",-2117.41501304021,0.486679524120445,0,0,"20,36"
170,"cgfm_shared",-2181.38415919358,0.233891712013429,1,0,"20,36"
170,"cgfm_time_varying",-2088.19009032144,0.488857442249938,0.841868718218508,0,"20,36"
171,"cgfm_independent",-2115.40938771026,0.495967716130144,0,0,"21,36"
171,"cgfm_shared",-2180.49858207556,0.237398840883554,1,0,"21,36"
171,"cgfm_time_varying",-2086.09388178951,0.49792225406884,0.841515247940524,0,"21,36"
172,"cgfm_independent",-2090.43863702294,0.471896320489049,0,0,"22,36"
172,"cgfm_shared",-2167.87285314321,0.217286803681678,1,0,"22,36"
172,"cgfm_time_varying",-2066.08983962038,0.474412536600698,0.825544045284077,0,"22,36"
173,"cgfm_independent",-2114.43891160704,0.490876417730495,0,0,"23,36"
173,"cgfm_shared",-2175.55267391827,0.237141691344125,1,0,"23,36"
173,"cgfm_time_varying",-2084.87826710534,0.492930381023084,0.843913809517611,0,"23,36"
174,"cgfm_independent",-2111.74588831786,0.486066381542069,0,0,"24,36"
174,"cgfm_shared",-2167.05586854281,0.237367731777587,1,0,"24,36"
174,"cgfm_time_varying",-2081.54658198375,0.487800134382947,0.846906576821892,0,"24,36"
175,"cgfm_independent",-2111.95000508573,0.492452863125066,0,0,"25,36"
175,"cgfm_shared",-2174.23745208386,0.236729028040866,1,0,"25,36"
175,"cgfm_time_varying",-2082.4562466327,0.494192876594968,0.843120761343339,0,"25,36"
176,"cgfm_independent",-2112.25170641898,0.465890650608067,0,0,"26,36"
176,"cgfm_shared",-2154.07730984975,0.233559114177107,1,0,"26,36"
176,"cgfm_time_varying",-2083.03746660351,0.46626363515903,0.84457278074804,0,"26,36"
177,"cgfm_independent",-2110.04728821194,0.491006416157819,0,0,"27,36"
177,"cgfm_shared",-2170.83421707406,0.236213821528818,1,0,"27,36"
177,"cgfm_time_varying",-2080.2361608719,0.492790677338979,0.843954071903375,0,"27,36"
178,"cgfm_independent",-2117.53345085368,0.483330997688524,0,0,"28,36"
178,"cgfm_shared",-2182.34768661994,0.231077688883639,1,0,"28,36"
178,"cgfm_time_varying",-2088.71330566436,0.485332711941203,0.840361483289766,0,"28,36"
179,"cgfm_independent",-2113.03268180558,0.493962944936578,0,0,"29,36"
179,"cgfm_shared",-2175.88274459437,0.237268544006321,1,0,"29,36"
179,"cgfm_time_varying",-2083.39461169219,0.495879705776171,0.842680452658348,0,"29,36"
180,"cgfm_independent",-2094.50235999574,0.476153883456395,0,0,"30,36"
180,"cgfm_shared",-2169.27419126096,0.218893171619514,1,0,"30,36"
180,"cgfm_time_varying",-2069.25445593892,0.478365790684045,0.828488086255884,0,"30,36"
181,"cgfm_independent",-2131.87765283151,0.486292221178856,0,0,"1,37"
181,"cgfm_shared",-2183.20691991943,0.240059199403497,1,0,"1,37"
181,"cgfm_time_varying",-2099.89140194691,0.488906409295674,0.852470568655608,0,"1,37"
182,"cgfm_independent",-2130.17497420289,0.488915132174405,0,0,"2,37"
182,"cgfm_shared",-2179.78922074734,0.242893208198136,1,0,"2,37"
182,"cgfm_time_varying",-2097.68744079176,0.491558232862858,0.853766934564127,0,"2,37"
183,"cgfm_independent",-2128.50142529617,0.487489397392516,0,0,"3,37"
183,"cgfm_shared",-2174.51214586027,0.243752726138549,1,0,"3,37"
183,"cgfm_time_varying",-2095.43720949201,0.490040662355121,0.855667034575777,0,"3,37"
184,"cgfm_independent",-2131.12426473804,0.481944344749162,0,0,"4,37"
184,"cgfm_shared",-2180.02695368912,0.238931690673904,1,0,"4,37"
184,"cgfm_time_varying",-2098.93226029316,0.484323902300545,0.852857729871944,0,"4,37"
185,"cgfm_independent",-2128.16889402073,0.491119829589763,0,0,"5,37"
185,"cgfm_shared",-2178.97859172573,0.24387897558309,1,0,"5,37"
185,"cgfm_time_varying",-2095.9670878243,0.493178228236569,0.852512249713178,0,"5,37"
186,"cgfm_independent",-2128.96295454557,0.494058733769382,0,0,"6,37"
186,"cgfm_shared",-2181.86539252692,0.243877432902511,1,0,"6,37"
186,"cgfm_time_varying",-2096.89004852016,0.496164008097702,0.851659390541575,0,"6,37"
187,"cgfm_independent",-2130.5218556376,0.490692282598257,0,0,"7,37"
187,"cgfm_shared",-2180.80979467103,0.243160590435662,1,0,"7,37"
187,"cgfm_time_varying",-2098.22523763863,0.493004720672822,0.85297166646762,0,"7,37"
188,"cgfm_independent",-2124.68229958624,0.487948741651341,0,0,"8,37"
188,"cgfm_shared",-2171.46299165633,0.242341483192949,1,0,"8,37"
188,"cgfm_time_varying",-2091.94052115773,0.489992715174812,0.854451961045076,0,"8,37"
189,"cgfm_independent",-2126.64201560545,0.49130254258313,0,0,"9,37"
189,"cgfm_shared",-2177.15572755817,0.24346833496769,1,0,"9,37"
189,"cgfm_time_varying",-2094.30286669182,0.493407133353399,0.85288655245937,0,"9,37"
190,"cgfm_independent",-2129.47139471041,0.478535018257603,0,0,"10,37"
190,"cgfm_shared",-2173.34310374043,0.240995797068524,1,0,"10,37"
190,"cgfm_time_varying",-2096.67455319522,0.480738379313934,0.854930906930406,0,"10,37"
191,"cgfm_independent",-2132.56742824493,0.489267885734427,0,0,"11,37"
191,"cgfm_shared",-2185.60361349092,0.24070309395013,1,0,"11,37"
191,"cgfm_time_varying",-2100.71270416118,0.491903924888534,0.851775054432149,0,"11,37"
192,"cgfm_independent",-2125.99837798948,0.483889216578273,0,0,"12,37"
192,"cgfm_shared",-2165.90383547978,0.24389090545085,1,0,"12,37"
192,"cgfm_time_varying",-2092.45425604204,0.486145569570748,0.857857944670014,0,"12,37"
193,"cgfm_independent",-2128.23682721362,0.488540208284641,0,0,"13,37"
193,"cgfm_shared",-2171.37877003815,0.243760957621709,1,0,"13,37"
193,"cgfm_time_varying",-2095.85264366397,0.490610897406337,0.854736088365902,0,"13,37"
194,"cgfm_independent",-2126.53749250751,0.489416509082359,0,0,"14,37"
194,"cgfm_shared",-2173.92401879704,0.243130356381739,1,0,"14,37"
194,"cgfm_time_varying",-2094.45092122946,0.491532368810545,0.853821368450833,0,"14,37"
195,"cgfm_independent",-2129.74302172891,0.486011791972592,0,0,"15,37"
195,"cgfm_shared",-2175.87664803613,0.24316064783226,1,0,"15,37"
195,"cgfm_time_varying",-2097.2626136776,0.488447014183866,0.854876641108132,0,"15,37"
196,"cgfm_independent",-2129.96815821203,0.486581649518077,0,0,"16,37"
196,"cgfm_shared",-2178.06328221248,0.243032500103353,1,0,"16,37"
196,"cgfm_time_varying",-2097.47044662145,0.488858022851215,0.853911977890239,0,"16,37"
197,"cgfm_independent",-2130.1328121393,0.471100644520935,0,0,"17,37"
197,"cgfm_shared",-2179.60982373979,0.231717162130471,1,0,"17,37"
197,"cgfm_time_varying",-2098.95230999888,0.472504726595083,0.849809638499895,0,"17,37"
198,"cgfm_independent",-2130.0751320197,0.491200503771944,0,0,"18,37"
198,"cgfm_shared",-2180.65228533853,0.243375973947772,1,0,"18,37"
198,"cgfm_time_varying",-2097.84715651803,0.493464326371965,0.852900602517073,0,"18,37"
199,"cgfm_independent",-2127.9142978013,0.490213015264771,0,0,"19,37"
199,"cgfm_shared",-2175.07341510446,0.243833714965996,1,0,"19,37"
199,"cgfm_time_varying",-2095.21650902596,0.492353860813573,0.854163998792795,0,"19,37"
200,"cgfm_independent",-2131.3290359303,0.483521279731752,0,0,"20,37"
200,"cgfm_shared",-2181.01139305416,0.240391365059333,1,0,"20,37"
200,"cgfm_time_varying",-2099.24595657291,0.485974410942682,0.852935710283549,0,"20,37"
201,"cgfm_independent",-2129.32759171302,0.492621061232513,0,0,"21,37"
201,"cgfm_shared",-2180.02989661327,0.243890868457338,1,0,"21,37"
201,"cgfm_time_varying",-2097.17034622741,0.494814244779753,0.852574317967475,0,"21,37"
202,"cgfm_independent",-2104.50935194546,0.469241398900647,0,0,"22,37"
202,"cgfm_shared",-2168.24939492369,0.223853230242292,1,0,"22,37"
202,"cgfm_time_varying",-2077.5243287581,0.471910798468517,0.83808457909651,0,"22,37"
203,"cgfm_independent",-2128.48455785193,0.487864669928794,0,0,"23,37"
203,"cgfm_shared",-2175.58994884117,0.243634395284669,1,0,"23,37"
203,"cgfm_time_varying",-2096.05405282032,0.490188689890854,0.854765352292411,0,"23,37"
204,"cgfm_independent",-2125.75029985404,0.483069744317912,0,0,"24,37"
204,"cgfm_shared",-2166.94561392126,0.243859834555195,1,0,"24,37"
204,"cgfm_time_varying",-2092.62201007647,0.485104278092237,0.857657943875795,0,"24,37"
205,"cgfm_independent",-2125.90404932182,0.489231365247266,0,0,"25,37"
205,"cgfm_shared",-2173.89492139219,0.243222975716677,1,0,"25,37"
205,"cgfm_time_varying",-2093.54171911312,0.491213704224191,0.854117615410137,0,"25,37"
206,"cgfm_independent",-2126.01343624884,0.46287084437783,0,0,"26,37"
206,"cgfm_shared",-2153.2733910521,0.240059200003576,1,0,"26,37"
206,"cgfm_time_varying",-2093.85165716249,0.46344236813478,0.855892307350487,0,"26,37"
207,"cgfm_independent",-2124.06574566071,0.487922115130834,0,0,"27,37"
207,"cgfm_shared",-2170.72370961438,0.242707766957555,1,0,"27,37"
207,"cgfm_time_varying",-2091.37528421407,0.489957216878237,0.854785188867801,0,"27,37"
208,"cgfm_independent",-2131.42223061695,0.480194894305013,0,0,"28,37"
208,"cgfm_shared",-2181.9281475272,0.237581156338629,1,0,"28,37"
208,"cgfm_time_varying",-2099.75535829744,0.482451400966387,0.851593234792884,0,"28,37"
209,"cgfm_independent",-2127.00337665256,0.490753436027178,0,0,"29,37"
209,"cgfm_shared",-2175.65039233929,0.243760954664024,1,0,"29,37"
209,"cgfm_time_varying",-2094.49381132962,0.492913121103846,0.853629371913268,0,"29,37"
210,"cgfm_independent",-2108.27469473423,0.47287689079486,0,0,"30,37"
210,"cgfm_shared",-2168.53526501298,0.225452506529086,1,0,"30,37"
210,"cgfm_time_varying",-2080.32649412509,0.475246537852906,0.841180036922401,0,"30,37"
211,"cgfm_independent",-2130.36373943338,0.49910023006465,0,0,"1,38"
211,"cgfm_shared",-2189.60718813181,0.241571206143458,1,0,"1,38"
211,"cgfm_time_varying",-2098.80222297801,0.501184929601713,0.848783512515986,0,"1,38"
212,"cgfm_independent",-2128.60100203267,0.5016896451391,0,0,"2,38"
212,"cgfm_shared",-2186.05187033123,0.244403287121898,1,0,"2,38"
212,"cgfm_time_varying",-2096.53822682968,0.503787639909202,0.850129955739629,0,"2,38"
213,"cgfm_independent",-2126.90685906492,0.500183302404317,0,0,"3,38"
213,"cgfm_shared",-2180.64186907163,0.245263682475266,1,0,"3,38"
213,"cgfm_time_varying",-2094.26292342956,0.502168759089564,0.852098829343194,0,"3,38"
214,"cgfm_independent",-2129.62194879909,0.494617851391119,0,0,"4,38"
214,"cgfm_shared",-2186.28907482758,0.240443814814489,1,0,"4,38"
214,"cgfm_time_varying",-2097.83871030744,0.496460933876778,0.849237538013131,0,"4,38"
215,"cgfm_independent",-2126.62520631331,0.504011453452775,0,0,"5,38"
215,"cgfm_shared",-2185.44584523607,0.245389914207217,1,0,"5,38"
215,"cgfm_time_varying",-2094.85568042261,0.50553512576579,0.84877924090317,0,"5,38"
216,"cgfm_independent",-2127.36771134746,0.506982163863184,0,0,"6,38"
216,"cgfm_shared",-2188.27945510794,0.245389967806912,1,0,"6,38"
216,"cgfm_time_varying",-2095.72429148854,0.508553322026449,0.84794361792081,0,"6,38"
217,"cgfm_independent",-2128.91335291977,0.503481450786716,0,0,"7,38"
217,"cgfm_shared",-2186.98920432523,0.244671847210691,1,0,"7,38"
217,"cgfm_time_varying",-2097.03743784437,0.505250035944223,0.849334608217177,0,"7,38"
218,"cgfm_independent",-2123.11051952224,0.500751848299785,0,0,"8,38"
218,"cgfm_shared",-2177.74139215271,0.243854502913949,1,0,"8,38"
218,"cgfm_time_varying",-2090.79510871997,0.502238063180127,0.850816063865827,0,"8,38"
219,"cgfm_independent",-2125.11924433841,0.504275701022365,0,0,"9,38"
219,"cgfm_shared",-2183.70704061614,0.244979507926399,1,0,"9,38"
219,"cgfm_time_varying",-2093.2279454979,0.505844157967472,0.849124926059148,0,"9,38"
220,"cgfm_independent",-2127.97399387461,0.491045060370358,0,0,"10,38"
220,"cgfm_shared",-2179.45816932367,0.24250758805074,1,0,"10,38"
220,"cgfm_time_varying",-2095.58356459315,0.49268821170977,0.851381452868068,0,"10,38"
221,"cgfm_independent",-2131.01742736348,0.502125797707355,0,0,"11,38"
221,"cgfm_shared",-2191.98995392679,0.242215817161345,1,0,"11,38"
221,"cgfm_time_varying",-2099.58421642885,0.504236668323809,0.848090278706725,0,"11,38"
222,"cgfm_independent",-2124.58439943245,0.496864775536475,0,0,"12,38"
222,"cgfm_shared",-2172.6462594964,0.245423581572881,1,0,"12,38"
222,"cgfm_time_varying",-2091.53024165214,0.498568689540772,0.854070367493441,0,"12,38"
223,"cgfm_independent",-2126.77391423327,0.50157564765315,0,0,"13,38"
223,"cgfm_shared",-2178.15518656838,0.245271952984862,1,0,"13,38"
223,"cgfm_time_varying",-2094.83511612767,0.503135389304039,0.850927925423225,0,"13,38"
224,"cgfm_independent",-2125.08553057402,0.502490993584044,0,0,"14,38"
224,"cgfm_shared",-2180.72311335229,0.244641646790859,1,0,"14,38"
224,"cgfm_time_varying",-2093.45370934764,0.504088306313874,0.849945429880178,0,"14,38"
225,"cgfm_independent",-2128.25531068792,0.498858085440659,0,0,"15,38"
225,"cgfm_shared",-2182.39258450097,0.244671782012795,1,0,"15,38"
225,"cgfm_time_varying",-2096.20877531429,0.500760816998611,0.851169805227159,0,"15,38"
226,"cgfm_independent",-2128.43902788639,0.499330291113974,0,0,"16,38"
226,"cgfm_shared",-2184.41737258525,0.244543613350671,1,0,"16,38"
226,"cgfm_time_varying",-2096.3732974067,0.50105693165687,0.850249118867026,0,"16,38"
227,"cgfm_independent",-2128.85242931249,0.483733321634681,0,0,"17,38"
227,"cgfm_shared",-2186.2857336422,0.233230032120386,1,0,"17,38"
227,"cgfm_time_varying",-2098.09566401771,0.484633115421942,0.845991873211142,0,"17,38"
228,"cgfm_independent",-2128.45134375855,0.503973963906761,0,0,"18,38"
228,"cgfm_shared",-2186.79822464216,0.244893550041972,1,0,"18,38"
228,"cgfm_time_varying",-2096.64684482655,0.505686863603523,0.849249983269973,0,"18,38"
229,"cgfm_independent",-2126.37933629985,0.503156180715636,0,0,"19,38"
229,"cgfm_shared",-2181.6277009394,0.245344635692757,1,0,"19,38"
229,"cgfm_time_varying",-2094.12618869445,0.504760834872716,0.850439683026026,0,"19,38"
230,"cgfm_independent",-2129.85687608127,0.496269889824463,0,0,"20,38"
230,"cgfm_shared",-2187.45564922149,0.24190317718729,1,0,"20,38"
230,"cgfm_time_varying",-2098.20082743437,0.498190149943055,0.849254794328883,0,"20,38"
231,"cgfm_independent",-2127.78713505974,0.505611900596427,0,0,"21,38"
231,"cgfm_shared",-2186.61390692604,0.245401791965761,1,0,"21,38"
231,"cgfm_time_varying",-2096.06687284775,0.507279084445292,0.848820853046208,0,"21,38"
232,"cgfm_independent",-2103.08871916527,0.481889839857856,0,0,"22,38"
232,"cgfm_shared",-2174.36576132759,0.225376646096801,1,0,"22,38"
232,"cgfm_time_varying",-2076.42081085582,0.484116673050788,0.834235299590844,0,"22,38"
233,"cgfm_independent",-2126.88944739148,0.500572387006696,0,0,"23,38"
233,"cgfm_shared",-2181.76001393154,0.245145441421708,1,0,"23,38"
233,"cgfm_time_varying",-2094.89312503096,0.502346476746469,0.851108005402621,0,"23,38"
234,"cgfm_independent",-2124.20671354343,0.495699134265769,0,0,"24,38"
234,"cgfm_shared",-2173.12204229354,0.245370866483251,1,0,"24,38"
234,"cgfm_time_varying",-2091.53111307898,0.497157823826596,0.854021283374438,0,"24,38"
235,"cgfm_independent",-2124.37875289182,0.502139692913575,0,0,"25,38"
235,"cgfm_shared",-2180.36819176229,0.244734214686242,1,0,"25,38"
235,"cgfm_time_varying",-2092.46493156633,0.503581445526102,0.850373019592874,0,"25,38"
236,"cgfm_independent",-2124.92162053107,0.475563001094774,0,0,"26,38"
236,"cgfm_shared",-2160.43200508592,0.241571168129294,1,0,"26,38"
236,"cgfm_time_varying",-2093.24365900098,0.475643702677983,0.85188744126354,0,"26,38"
237,"cgfm_independent",-2122.51469644742,0.500761357572397,0,0,"27,38"
237,"cgfm_shared",-2177.06039106269,0.244220576803032,1,0,"27,38"
237,"cgfm_time_varying",-2090.27410434772,0.502241000415625,0.851086601702179,0,"27,38"
238,"cgfm_independent",-2130.03577710739,0.49298004502604,0,0,"28,38"
238,"cgfm_shared",-2188.57418384593,0.239093391925003,1,0,"28,38"
238,"cgfm_time_varying",-2098.80027110685,0.494727407652524,0.847828017329133,0,"28,38"
239,"cgfm_independent",-2125.44402256083,0.503649758262332,0,0,"29,38"
239,"cgfm_shared",-2182.05079425374,0.245271953579059,1,0,"29,38"
239,"cgfm_time_varying",-2093.38856667897,0.505265532198988,0.849900902610813,0,"29,38"
240,"cgfm_independent",-2107.02834133779,0.485975351671534,0,0,"30,38"
240,"cgfm_shared",-2175.46427742792,0.226974863634702,1,0,"30,38"
240,"cgfm_time_varying",-2079.43934350933,0.487896741145684,0.837089733451139,0,"30,38"
241,"cgfm_independent",-2127.23553968829,0.495629122823157,0,0,"1,39"
241,"cgfm_shared",-2185.33571657522,0.239916489125716,1,0,"1,39"
241,"cgfm_time_varying",-2095.70753148241,0.497937750323181,0.849539297958481,0,"1,39"
242,"cgfm_independent",-2125.46127190627,0.49818421480887,0,0,"2,39"
242,"cgfm_shared",-2181.72942661864,0.242749745805583,1,0,"2,39"
242,"cgfm_time_varying",-2093.41756908892,0.500514146872747,0.850924685875535,0,"2,39"
243,"cgfm_independent",-2123.86705897965,0.496867622817996,0,0,"3,39"
243,"cgfm_shared",-2176.68361694697,0.243610579305274,1,0,"3,39"
243,"cgfm_time_varying",-2091.28137495104,0.49908900089593,0.852759709077187,0,"3,39"
244,"cgfm_independent",-2126.42866758692,0.491065156208414,0,0,"4,39"
244,"cgfm_shared",-2181.85436862615,0.238788765786447,1,0,"4,39"
244,"cgfm_time_varying",-2094.66491763278,0.493138626152695,0.850064094399664,0,"4,39"
245,"cgfm_independent",-2123.44905095554,0.500426401225582,0,0,"5,39"
245,"cgfm_shared",-2180.95742284352,0.243736874091913,1,0,"5,39"
245,"cgfm_time_varying",-2091.71028096518,0.502159501830085,0.849581361950379,0,"5,39"
246,"cgfm_independent",-2124.20843608064,0.503396386732722,0,0,"6,39"
246,"cgfm_shared",-2183.79657761181,0.243736874688763,1,0,"6,39"
246,"cgfm_time_varying",-2092.58473871301,0.505188553314982,0.848772776121629,0,"6,39"
247,"cgfm_independent",-2125.82261560263,0.500046137795517,0,0,"7,39"
247,"cgfm_shared",-2182.82174909489,0.243018372159482,1,0,"7,39"
247,"cgfm_time_varying",-2093.98149429646,0.502043495396097,0.85009208371726,0,"7,39"
248,"cgfm_independent",-2119.97958620337,0.497247545098471,0,0,"8,39"
248,"cgfm_shared",-2173.39768906906,0.242200431548611,1,0,"8,39"
248,"cgfm_time_varying",-2087.69367376243,0.49896341722213,0.851611883637374,0,"8,39"
249,"cgfm_independent",-2121.96585789797,0.50072080732261,0,0,"9,39"
249,"cgfm_shared",-2179.30265521684,0.243326195976835,1,0,"9,39"
249,"cgfm_time_varying",-2090.09728305342,0.502513235113927,0.849943756100384,0,"9,39"
250,"cgfm_independent",-2124.84104168334,0.487637880131396,0,0,"10,39"
250,"cgfm_shared",-2175.26673014331,0.240853189028231,1,0,"10,39"
250,"cgfm_time_varying",-2092.49796932225,0.489506419544581,0.852112765341117,0,"10,39"
251,"cgfm_independent",-2127.900818749,0.498647703063476,0,0,"11,39"
251,"cgfm_shared",-2187.70929157199,0.240560493849442,1,0,"11,39"
251,"cgfm_time_varying",-2096.50178448386,0.500980377452004,0.848847519049662,0,"11,39"
252,"cgfm_independent",-2121.39742241991,0.493273672454889,0,0,"12,39"
252,"cgfm_shared",-2168.12393922075,0.243748780057528,1,0,"12,39"
252,"cgfm_time_varying",-2088.34896701353,0.495194756930659,0.854944601225978,0,"12,39"
253,"cgfm_independent",-2123.54820488874,0.497883227444253,0,0,"13,39"
253,"cgfm_shared",-2173.41347393715,0.243618838585421,1,0,"13,39"
253,"cgfm_time_varying",-2091.63385772466,0.499644400384994,0.85180551778746,0,"13,39"
254,"cgfm_independent",-2121.85619469167,0.498791017778348,0,0,"14,39"
254,"cgfm_shared",-2175.99527029765,0.242984455939482,1,0,"14,39"
254,"cgfm_time_varying",-2090.2476275353,0.500595238465531,0.850847422826297,0,"14,39"
255,"cgfm_independent",-2125.11336020912,0.495360923550726,0,0,"15,39"
255,"cgfm_shared",-2178.05379520593,0.243018368130219,1,0,"15,39"
255,"cgfm_time_varying",-2093.10981024741,0.497483401100417,0.851943029374264,0,"15,39"
256,"cgfm_independent",-2125.25931617812,0.495772453091537,0,0,"16,39"
256,"cgfm_shared",-2179.94351055855,0.242890112926912,1,0,"16,39"
256,"cgfm_time_varying",-2093.21164903916,0.497719130462881,0.851072156148342,0,"16,39"
257,"cgfm_independent",-2125.62292006525,0.4802077615138,0,0,"17,39"
257,"cgfm_shared",-2181.80381465111,0.231574673722921,1,0,"17,39"
257,"cgfm_time_varying",-2094.89960112094,0.481319945918749,0.846813065147818,0,"17,39"
258,"cgfm_independent",-2125.36838671694,0.500554640475389,0,0,"18,39"
258,"cgfm_shared",-2182.66680904235,0.24324024452243,1,0,"18,39"
258,"cgfm_time_varying",-2093.59490076364,0.502502241939292,0.850000587709067,0,"18,39"
259,"cgfm_independent",-2123.24111993966,0.499619035525134,0,0,"19,39"
259,"cgfm_shared",-2177.19943961387,0.24369161832508,1,0,"19,39"
259,"cgfm_time_varying",-2091.01903728312,0.501436929119587,0.851228763393283,0,"19,39"
260,"cgfm_independent",-2126.7188444918,0.492808752269561,0,0,"20,39"
260,"cgfm_shared",-2183.16211956588,0.240248562392799,1,0,"20,39"
260,"cgfm_time_varying",-2095.10017258864,0.494951456398858,0.850013054293935,0,"20,39"
261,"cgfm_independent",-2124.65531913608,0.50208164398067,0,0,"21,39"
261,"cgfm_shared",-2182.22909366365,0.243748760814345,1,0,"21,39"
261,"cgfm_time_varying",-2092.975158774,0.503964983520946,0.849593729604351,0,"21,39"
262,"cgfm_independent",-2099.95348209843,0.478463162776441,0,0,"22,39"
262,"cgfm_shared",-2170.24486759039,0.223707021561642,1,0,"22,39"
262,"cgfm_time_varying",-2073.33606719766,0.480914326787476,0.834984221663874,0,"22,39"
263,"cgfm_independent",-2123.80907669537,0.497174722093782,0,0,"23,39"
263,"cgfm_shared",-2177.61783259805,0.243492251666958,1,0,"23,39"
263,"cgfm_time_varying",-2091.83575585738,0.499177774344544,0.851861028981429,0,"23,39"
264,"cgfm_independent",-2121.07547188278,0.492240528866929,0,0,"24,39"
264,"cgfm_shared",-2168.81957519768,0.243717739804083,1,0,"24,39"
264,"cgfm_time_varying",-2088.40902512479,0.493928338236518,0.85483547556479,0,"24,39"
265,"cgfm_independent",-2121.18897947556,0.498527488295768,0,0,"25,39"
265,"cgfm_shared",-2175.82986239535,0.243080746437715,1,0,"25,39"
265,"cgfm_time_varying",-2089.29467127878,0.500182615131388,0.851228472759217,0,"25,39"
266,"cgfm_independent",-2121.57435075563,0.471872951928796,0,0,"26,39"
266,"cgfm_shared",-2155.50377581683,0.239916461216082,1,0,"26,39"
266,"cgfm_time_varying",-2089.90138248499,0.472142800363219,0.852878373261874,0,"26,39"
267,"cgfm_independent",-2119.39473308474,0.497281281270905,0,0,"27,39"
267,"cgfm_shared",-2172.78633376874,0.242557428977792,1,0,"27,39"
267,"cgfm_time_varying",-2087.17114924393,0.498991019714207,0.851880261972762,0,"27,39"
268,"cgfm_independent",-2126.84971821541,0.489456810782988,0,0,"28,39"
268,"cgfm_shared",-2184.13932649244,0.237438115265924,1,0,"28,39"
268,"cgfm_time_varying",-2095.64688116432,0.491415593964094,0.848623623143572,0,"28,39"
269,"cgfm_independent",-2122.38661907334,0.500269915641794,0,0,"29,39"
269,"cgfm_shared",-2177.97511796835,0.243618830294126,1,0,"29,39"
269,"cgfm_time_varying",-2090.36430292565,0.502114298263848,0.850622392217433,0,"29,39"
270,"cgfm_independent",-2103.73136263976,0.48221762221618,0,0,"30,39"
270,"cgfm_shared",-2170.68094913845,0.225306659853166,1,0,"30,39"
270,"cgfm_time_varying",-2076.20198509506,0.48433884481977,0.837953704335839,0,"30,39"
271,"cgfm_independent",-2133.13816038386,0.482310777052087,0,0,"1,40"
271,"cgfm_shared",-2192.83178215385,0.234109648828504,1,0,"1,40"
271,"cgfm_time_varying",-2102.39384888578,0.484925556190017,0.847705295046416,0,"1,40"
272,"cgfm_independent",-2131.422316444,0.484886233393815,0,0,"2,40"
272,"cgfm_shared",-2189.34912293022,0.236943412565569,1,0,"2,40"
272,"cgfm_time_varying",-2100.1729975474,0.487538096647131,0.849094344222634,0,"2,40"
273,"cgfm_independent",-2129.75736596783,0.483484007441635,0,0,"3,40"
273,"cgfm_shared",-2184.09776838315,0.237804863988225,1,0,"3,40"
273,"cgfm_time_varying",-2097.94426972051,0.486041278575101,0.851038415430868,0,"3,40"
274,"cgfm_independent",-2132.32508645424,0.47790521394323,0,0,"4,40"
274,"cgfm_shared",-2189.49364671111,0.232982097449746,1,0,"4,40"
274,"cgfm_time_varying",-2101.3608193711,0.480294824554965,0.848166557621648,0,"4,40"
275,"cgfm_independent",-2129.45307846582,0.487139499071704,0,0,"5,40"
275,"cgfm_shared",-2188.65059476598,0.237931305942629,1,0,"5,40"
275,"cgfm_time_varying",-2098.48555786367,0.489220376779527,0.847761831235165,0,"5,40"
276,"cgfm_independent",-2130.23937754634,0.490024509184627,0,0,"6,40"
276,"cgfm_shared",-2191.46463339961,0.237931299509537,1,0,"6,40"
276,"cgfm_time_varying",-2099.38952364018,0.492152382042215,0.846945943239432,0,"6,40"
277,"cgfm_independent",-2131.82204261431,0.486733195074285,0,0,"7,40"
277,"cgfm_shared",-2190.53767977628,0.2372122712924,1,0,"7,40"
277,"cgfm_time_varying",-2100.77223334972,0.489068860741793,0.848231054100268,0,"7,40"
278,"cgfm_independent",-2125.92969525245,0.483911733842395,0,0,"8,40"
278,"cgfm_shared",-2181.02426692471,0.236392957071289,1,0,"8,40"
278,"cgfm_time_varying",-2094.42632824363,0.485978840098503,0.849802520087379,0,"8,40"
279,"cgfm_independent",-2128.00532459413,0.487455473291595,0,0,"9,40"
279,"cgfm_shared",-2187.1144646769,0.237520237126659,1,0,"9,40"
279,"cgfm_time_varying",-2096.9274180462,0.489597132992776,0.848067444555994,0,"9,40"
280,"cgfm_independent",-2130.67297379335,0.47454445371564,0,0,"10,40"
280,"cgfm_shared",-2182.83405713513,0.235046319199218,1,0,"10,40"
280,"cgfm_time_varying",-2099.12397749747,0.476748218653068,0.850272912156402,0,"10,40"
281,"cgfm_independent",-2133.84233852493,0.485275100991808,0,0,"11,40"
281,"cgfm_shared",-2195.23755120702,0.234753595099817,1,0,"11,40"
281,"cgfm_time_varying",-2103.22373465215,0.487912711610565,0.84700676189811,0,"11,40"
282,"cgfm_independent",-2127.3422597736,0.48007128493875,0,0,"12,40"
282,"cgfm_shared",-2175.86764584668,0.237943205525754,1,0,"12,40"
282,"cgfm_time_varying",-2095.10807601819,0.482353937737733,0.853109273064894,0,"12,40"
283,"cgfm_independent",-2129.55011219646,0.484616221337477,0,0,"13,40"
283,"cgfm_shared",-2181.15612393835,0.237813140966196,1,0,"13,40"
283,"cgfm_time_varying",-2098.41049546955,0.486718988847075,0.849999940440578,0,"13,40"
284,"cgfm_independent",-2127.91380554278,0.48560304608819,0,0,"14,40"
284,"cgfm_shared",-2183.93567929316,0.237162913445799,1,0,"14,40"
284,"cgfm_time_varying",-2097.09151311982,0.487754884253489,0.848950265002864,0,"14,40"
285,"cgfm_independent",-2131.06809835375,0.482151619071621,0,0,"15,40"
285,"cgfm_shared",-2185.74249321193,0.237212266908431,1,0,"15,40"
285,"cgfm_time_varying",-2099.85436121724,0.484603478797429,0.850106972114753,0,"15,40"
286,"cgfm_independent",-2131.18399668084,0.482524516612605,0,0,"16,40"
286,"cgfm_shared",-2187.51607545742,0.237083927082088,1,0,"16,40"
286,"cgfm_time_varying",-2099.92229447415,0.484800734710803,0.849258804486837,0,"16,40"
287,"cgfm_independent",-2131.40635806063,0.467326015551101,0,0,"17,40"
287,"cgfm_shared",-2189.42168196153,0.225776436893524,1,0,"17,40"
287,"cgfm_time_varying",-2101.48580924875,0.468754426178386,0.844790095223843,0,"17,40"
288,"cgfm_independent",-2131.33051522035,0.487156120659932,0,0,"18,40"
288,"cgfm_shared",-2190.2208883234,0.237434270600892,1,0,"18,40"
288,"cgfm_time_varying",-2100.33955431348,0.489436750740302,0.848204431615324,0,"18,40"
289,"cgfm_independent",-2129.17183697787,0.486174500627788,0,0,"19,40"
289,"cgfm_shared",-2184.64107199504,0.237885947989046,1,0,"19,40"
289,"cgfm_time_varying",-2097.71145509121,0.488337721076227,0.849509901819259,0,"19,40"
290,"cgfm_independent",-2132.608563791,0.479614603631953,0,0,"20,40"
290,"cgfm_shared",-2190.73239301369,0.234441684374206,1,0,"20,40"
290,"cgfm_time_varying",-2101.7788196836,0.482070562508042,0.848144270494833,0,"20,40"
291,"cgfm_independent",-2130.66630921953,0.488712271025079,0,0,"21,40"
291,"cgfm_shared",-2189.87370416683,0.237943208575839,1,0,"21,40"
291,"cgfm_time_varying",-2099.75358382172,0.490933670823876,0.84779579965534,0,"21,40"
292,"cgfm_independent",-2105.68639843344,0.465221227865036,0,0,"22,40"
292,"cgfm_shared",-2177.75846382955,0.217868339086305,1,0,"22,40"
292,"cgfm_time_varying",-2079.88363268582,0.467903218768873,0.832590542028623,0,"22,40"
293,"cgfm_independent",-2129.69254156666,0.483771960058915,0,0,"23,40"
293,"cgfm_shared",-2185.00945033849,0.237686429273203,1,0,"23,40"
293,"cgfm_time_varying",-2098.50578169035,0.486100724113983,0.850115379139479,0,"23,40"
294,"cgfm_independent",-2126.9240810423,0.478968414744867,0,0,"24,40"
294,"cgfm_shared",-2176.29291541992,0.237912152899689,1,0,"24,40"
294,"cgfm_time_varying",-2095.05838941616,0.481001785194206,0.853077835004961,0,"24,40"
295,"cgfm_independent",-2127.16275902192,0.485208237125212,0,0,"25,40"
295,"cgfm_shared",-2183.48058430021,0.237278159493916,1,0,"25,40"
295,"cgfm_time_varying",-2096.04547582397,0.487213890427107,0.849427874054526,0,"25,40"
296,"cgfm_independent",-2127.27629352958,0.459163672601595,0,0,"26,40"
296,"cgfm_shared",-2163.14826818311,0.234109474491177,1,0,"26,40"
296,"cgfm_time_varying",-2096.41046922158,0.45979292550423,0.850971513721364,0,"26,40"
297,"cgfm_independent",-2125.29670076036,0.483857784643424,0,0,"27,40"
297,"cgfm_shared",-2180.2315050527,0.236759768751176,1,0,"27,40"
297,"cgfm_time_varying",-2093.85582012612,0.485914191743197,0.850144160354859,0,"27,40"
298,"cgfm_independent",-2132.72039004889,0.476360562061686,0,0,"28,40"
298,"cgfm_shared",-2191.74910636991,0.231632160486995,1,0,"28,40"
298,"cgfm_time_varying",-2102.3119493035,0.478629579260431,0.84669547840688,0,"28,40"
299,"cgfm_independent",-2128.30928903593,0.486800807539965,0,0,"29,40"
299,"cgfm_shared",-2185.39529323844,0.237813140543155,1,0,"29,40"
299,"cgfm_time_varying",-2097.06189059222,0.488988209020778,0.84888621056812,0,"29,40"
300,"cgfm_independent",-2109.63033670107,0.46913330891925,0,0,"30,40"
300,"cgfm_shared",-2178.59246170867,0.219471170724956,1,0,"30,40"
300,"cgfm_time_varying",-2082.89721501311,0.471528469722668,0.835598330624798,0,"30,40"
301,"cgfm_independent",-2128.49527544159,0.495187294906993,0,0,"1,41"
301,"cgfm_shared",-2181.08794525208,0.241517773775241,1,0,"1,41"
301,"cgfm_time_varying",-2096.82308775892,0.497368322488951,0.851075311292624,0,"1,41"
302,"cgfm_independent",-2126.72998311923,0.497761377716076,0,0,"2,41"
302,"cgfm_shared",-2177.51106891213,0.244349873549884,1,0,"2,41"
302,"cgfm_time_varying",-2094.55002864498,0.499959882753353,0.852423121408295,0,"2,41"
303,"cgfm_independent",-2125.07803525363,0.496341145009338,0,0,"3,41"
303,"cgfm_shared",-2172.27366636187,0.245211167593444,1,0,"3,41"
303,"cgfm_time_varying",-2092.32492865524,0.498421390689634,0.854325211397604,0,"3,41"
304,"cgfm_independent",-2127.76947741161,0.490762980040765,0,0,"4,41"
304,"cgfm_shared",-2177.87487564479,0.240390412231008,1,0,"4,41"
304,"cgfm_time_varying",-2095.88148410044,0.492698724632095,0.851500002345744,0,"4,41"
305,"cgfm_independent",-2124.79670064477,0.500149866873077,0,0,"5,41"
305,"cgfm_shared",-2177.0224550834,0.245336528150022,1,0,"5,41"
305,"cgfm_time_varying",-2092.91192401643,0.501772568389476,0.85105078207397,0,"5,41"
306,"cgfm_independent",-2125.51697196776,0.503052968859859,0,0,"6,41"
306,"cgfm_shared",-2179.73972361117,0.245336578620281,1,0,"6,41"
306,"cgfm_time_varying",-2093.75830329115,0.504715667119355,0.85022689190756,0,"6,41"
307,"cgfm_independent",-2127.0513885276,0.499553878682031,0,0,"7,41"
307,"cgfm_shared",-2178.47159552345,0.244618413198336,1,0,"7,41"
307,"cgfm_time_varying",-2095.05919495572,0.501416137449474,0.851623456956089,0,"7,41"
308,"cgfm_independent",-2121.32179259124,0.496964742233794,0,0,"8,41"
308,"cgfm_shared",-2169.49892290447,0.243801183150664,1,0,"8,41"
308,"cgfm_time_varying",-2088.9039792297,0.498544129403989,0.853014536863859,0,"8,41"
309,"cgfm_independent",-2123.29887204761,0.500420988259348,0,0,"9,41"
309,"cgfm_shared",-2175.32689936156,0.244926101434555,1,0,"9,41"
309,"cgfm_time_varying",-2091.29945193489,0.502082751146509,0.851359506157082,0,"9,41"
310,"cgfm_independent",-2126.14888384667,0.487279150905223,0,0,"10,41"
310,"cgfm_shared",-2171.18892378026,0.242454158234003,1,0,"10,41"
310,"cgfm_time_varying",-2093.65933426996,0.489012796300561,0.853601330582797,0,"10,41"
311,"cgfm_independent",-2129.14557697175,0.498182812486051,0,0,"11,41"
311,"cgfm_shared",-2183.42377416926,0.242161557632586,1,0,"11,41"
311,"cgfm_time_varying",-2097.59915649832,0.500386800247323,0.850388313857649,0,"11,41"
312,"cgfm_independent",-2122.60633214666,0.492753075648613,0,0,"12,41"
312,"cgfm_shared",-2163.76740494451,0.245348426492809,1,0,"12,41"
312,"cgfm_time_varying",-2089.38759800518,0.494533961434852,0.856510940825907,0,"12,41"
313,"cgfm_independent",-2124.96994513952,0.497755650400242,0,0,"13,41"
313,"cgfm_shared",-2169.84238083983,0.245218544567074,1,0,"13,41"
313,"cgfm_time_varying",-2092.91680270678,0.499391711150252,0.853179216885804,0,"13,41"
314,"cgfm_independent",-2123.28211273156,0.498668802031475,0,0,"14,41"
314,"cgfm_shared",-2172.40659482947,0.244588244741077,1,0,"14,41"
314,"cgfm_time_varying",-2091.53349153604,0.500344831313212,0.852198731905436,0,"14,41"
315,"cgfm_independent",-2126.420077572,0.495013650861881,0,0,"15,41"
315,"cgfm_shared",-2174.01607986165,0.244618409610328,1,0,"15,41"
315,"cgfm_time_varying",-2094.25928543258,0.497001173023096,0.853426407259237,0,"15,41"
316,"cgfm_independent",-2126.57549205295,0.495434761565375,0,0,"16,41"
316,"cgfm_shared",-2175.90372869418,0.24449020680562,1,0,"16,41"
316,"cgfm_time_varying",-2094.39267266353,0.497253302850291,0.852543945354886,0,"16,41"
317,"cgfm_independent",-2126.96351382224,0.47990453590304,0,0,"17,41"
317,"cgfm_shared",-2177.85456669562,0.233176606639422,1,0,"17,41"
317,"cgfm_time_varying",-2096.10782099956,0.48088395953199,0.848318707523605,0,"17,41"
318,"cgfm_independent",-2126.58825325284,0.500040526522764,0,0,"18,41"
318,"cgfm_shared",-2178.26338237263,0.244840168145608,1,0,"18,41"
318,"cgfm_time_varying",-2094.67007650244,0.501848295403237,0.851548283104058,0,"18,41"
319,"cgfm_independent",-2124.48734998933,0.499163628876182,0,0,"19,41"
319,"cgfm_shared",-2172.9646888129,0.245291240264238,1,0,"19,41"
319,"cgfm_time_varying",-2092.10061161784,0.500852244566675,0.852779020321009,0,"19,41"
320,"cgfm_independent",-2128.00211357145,0.492412627605977,0,0,"20,41"
320,"cgfm_shared",-2179.01821284822,0.241850708184086,1,0,"20,41"
320,"cgfm_time_varying",-2096.23762311287,0.494428762715767,0.851526204450207,0,"20,41"
321,"cgfm_independent",-2125.97971514098,0.501770317599939,0,0,"21,41"
321,"cgfm_shared",-2178.25351092487,0.245348528841768,1,0,"21,41"
321,"cgfm_time_varying",-2094.15074698638,0.503527826885862,0.85105192010806,0,"21,41"
322,"cgfm_independent",-2101.14464813908,0.477883810732403,0,0,"22,41"
322,"cgfm_shared",-2165.8113443774,0.225322767400798,1,0,"22,41"
322,"cgfm_time_varying",-2074.41166124067,0.480226382774351,0.836710747007482,0,"22,41"
323,"cgfm_independent",-2124.96305192286,0.496546146909184,0,0,"23,41"
323,"cgfm_shared",-2173.01911166554,0.245092036630004,1,0,"23,41"
323,"cgfm_time_varying",-2092.83857077786,0.49840348177598,0.853487073392325,0,"23,41"
324,"cgfm_independent",-2122.247723655,0.491645819432849,0,0,"24,41"
324,"cgfm_shared",-2164.30529927331,0.245315606502491,1,0,"24,41"
324,"cgfm_time_varying",-2089.4266844125,0.493173480338731,0.856438964944641,0,"24,41"
325,"cgfm_independent",-2122.52852860081,0.498231609508816,0,0,"25,41"
325,"cgfm_shared",-2171.860975041,0.244680820461935,1,0,"25,41"
325,"cgfm_time_varying",-2090.48905372291,0.499761792212773,0.852688134791149,0,"25,41"
326,"cgfm_independent",-2122.96171676939,0.471663366554252,0,0,"26,41"
326,"cgfm_shared",-2151.82633307757,0.241517771237559,1,0,"26,41"
326,"cgfm_time_varying",-2091.14206594747,0.471781536084704,0.854359541283324,0,"26,41"
327,"cgfm_independent",-2120.66346862576,0.49685703937659,0,0,"27,41"
327,"cgfm_shared",-2168.58028801262,0.244167392918281,1,0,"27,41"
327,"cgfm_time_varying",-2088.31206567387,0.498424008199281,0.853358379081156,0,"27,41"
328,"cgfm_independent",-2128.15241574706,0.489093824938193,0,0,"28,41"
328,"cgfm_shared",-2180.06510597806,0.23903959184737,1,0,"28,41"
328,"cgfm_time_varying",-2096.80507470113,0.490932498260611,0.850143893774418,0,"28,41"
329,"cgfm_independent",-2123.55080741276,0.499657266270147,0,0,"29,41"
329,"cgfm_shared",-2173.39399999122,0.245217573753622,1,0,"29,41"
329,"cgfm_time_varying",-2091.37118043823,0.501363197164205,0.852230393583827,0,"29,41"
330,"cgfm_independent",-2105.18037161743,0.48211713981406,0,0,"30,41"
330,"cgfm_shared",-2167.18601540158,0.226921035356399,1,0,"30,41"
330,"cgfm_time_varying",-2077.51560408757,0.484135100249827,0.83945376524733,0,"30,41"
331,"cgfm_independent",-2119.85538878337,0.490028460841781,0,0,"1,42"
331,"cgfm_shared",-2182.42268932595,0.232290076651864,1,0,"1,42"
331,"cgfm_time_varying",-2089.94811652949,0.492164270898209,0.843678161505577,0,"1,42"
332,"cgfm_independent",-2118.12756762903,0.492660705138326,0,0,"2,42"
332,"cgfm_shared",-2178.94483901964,0.235129414171105,1,0,"2,42"
332,"cgfm_time_varying",-2087.72686734051,0.49481132424699,0.845097097171718,0,"2,42"
333,"cgfm_independent",-2116.45567860762,0.491212221758163,0,0,"3,42"
333,"cgfm_shared",-2173.68592583661,0.235992609514453,1,0,"3,42"
333,"cgfm_time_varying",-2085.50636242535,0.493247161322878,0.847092366472932,0,"3,42"
334,"cgfm_independent",-2119.09463313484,0.485564009163525,0,0,"4,42"
334,"cgfm_shared",-2179.15985339725,0.231160553206576,1,0,"4,42"
334,"cgfm_time_varying",-2088.9804845337,0.487466392159654,0.844125933086574,0,"4,42"
335,"cgfm_independent",-2116.13817407307,0.49494251784735,0,0,"5,42"
335,"cgfm_shared",-2178.22087168096,0.236164501880256,1,0,"5,42"
335,"cgfm_time_varying",-2086.01921012169,0.496537641498936,0.843709685039613,0,"5,42"
336,"cgfm_independent",-2116.89896806285,0.497896090626175,0,0,"6,42"
336,"cgfm_shared",-2181.02889764942,0.236119396219219,1,0,"6,42"
336,"cgfm_time_varying",-2086.89136498052,0.499549248349562,0.842881871209061,0,"6,42"
337,"cgfm_independent",-2118.4625408259,0.494462400016836,0,0,"7,42"
337,"cgfm_shared",-2179.93493091596,0.235398806107259,1,0,"7,42"
337,"cgfm_time_varying",-2088.24193158557,0.496306704864736,0.844281050015706,0,"7,42"
338,"cgfm_independent",-2112.60265285369,0.491626650044287,0,0,"8,42"
338,"cgfm_shared",-2170.47903003912,0.234577568447426,1,0,"8,42"
338,"cgfm_time_varying",-2081.95036166968,0.493188444385726,0.845847244196512,0,"8,42"
339,"cgfm_independent",-2114.58933072457,0.495100510776608,0,0,"9,42"
339,"cgfm_shared",-2176.32545359232,0.23570735579293,1,0,"9,42"
339,"cgfm_time_varying",-2084.33794311495,0.496744771019352,0.844173640495606,0,"9,42"
340,"cgfm_independent",-2117.44673390434,0.482069404016939,0,0,"10,42"
340,"cgfm_shared",-2172.45816253996,0.233228552487499,1,0,"10,42"
340,"cgfm_time_varying",-2086.75291576136,0.483772385443329,0.846323223625406,0,"10,42"
341,"cgfm_independent",-2120.53144886853,0.493051225210138,0,0,"11,42"
341,"cgfm_shared",-2184.80181047575,0.232935324605374,1,0,"11,42"
341,"cgfm_time_varying",-2090.74475710555,0.495221788639264,0.84297440081013,0,"11,42"
342,"cgfm_independent",-2113.9861574255,0.48760335759427,0,0,"12,42"
342,"cgfm_shared",-2165.16318922686,0.236131342682331,1,0,"12,42"
342,"cgfm_time_varying",-2082.59620146847,0.489352026956218,0.849322002867779,0,"12,42"
343,"cgfm_independent",-2116.15597650314,0.492229055495426,0,0,"13,42"
343,"cgfm_shared",-2170.41793552608,0.236001011824613,1,0,"13,42"
343,"cgfm_time_varying",-2085.87653538292,0.493842434161236,0.846060346211169,0,"13,42"
344,"cgfm_independent",-2114.44810219748,0.493108363480683,0,0,"14,42"
344,"cgfm_shared",-2172.93528889113,0.235368116766185,1,0,"14,42"
344,"cgfm_time_varying",-2084.45893193904,0.494774736390182,0.845098120810801,0,"14,42"
345,"cgfm_independent",-2117.69665948039,0.489694157658995,0,0,"15,42"
345,"cgfm_shared",-2175.01729333071,0.235398926572816,1,0,"15,42"
345,"cgfm_time_varying",-2087.32406975703,0.49164890163649,0.846226581715956,0,"15,42"
346,"cgfm_independent",-2117.94888814465,0.490313526239496,0,0,"16,42"
346,"cgfm_shared",-2177.28739310026,0.235270285209002,1,0,"16,42"
346,"cgfm_time_varying",-2087.54340107947,0.49210862047222,0.845206239699461,0,"16,42"
347,"cgfm_independent",-2118.16368042253,0.474561125113239,0,0,"17,42"
347,"cgfm_shared",-2178.83751355379,0.223942801477659,1,0,"17,42"
347,"cgfm_time_varying",-2089.05303598604,0.475546599399267,0.840776962710982,0,"17,42"
348,"cgfm_independent",-2118.0456852317,0.495036937489353,0,0,"18,42"
348,"cgfm_shared",-2179.89082201511,0.235631979480544,1,0,"18,42"
348,"cgfm_time_varying",-2087.89508840897,0.496832882671535,0.844143327597927,0,"18,42"
349,"cgfm_independent",-2115.88853641415,0.494042537076331,0,0,"19,42"
349,"cgfm_shared",-2174.34250729631,0.236073989063256,1,0,"19,42"
349,"cgfm_time_varying",-2085.29330447822,0.495708261541126,0.845449413802721,0,"19,42"
350,"cgfm_independent",-2119.30620140211,0.487177574288851,0,0,"20,42"
350,"cgfm_shared",-2180.18107477303,0.232622823063638,1,0,"20,42"
350,"cgfm_time_varying",-2089.30846862291,0.48914551066046,0.844192257969838,0,"20,42"
351,"cgfm_independent",-2117.26525626575,0.496431888845963,0,0,"21,42"
351,"cgfm_shared",-2179.18396649234,0.236131419487321,1,0,"21,42"
351,"cgfm_time_varying",-2087.18954225951,0.498172436558126,0.843840093353027,0,"21,42"
352,"cgfm_independent",-2092.59332670915,0.472840626782531,0,0,"22,42"
352,"cgfm_shared",-2167.56231079428,0.216004413990065,1,0,"22,42"
352,"cgfm_time_varying",-2067.5300708559,0.475178638028334,0.827943903688301,0,"22,42"
353,"cgfm_independent",-2116.45676331082,0.491626018553087,0,0,"23,42"
353,"cgfm_shared",-2174.82052728831,0.235874093190672,1,0,"23,42"
353,"cgfm_time_varying",-2086.12217899981,0.493467122619807,0.846041929497564,0,"23,42"
354,"cgfm_independent",-2113.74007443065,0.486743235674673,0,0,"24,42"
354,"cgfm_shared",-2166.15624472923,0.236100274658836,1,0,"24,42"
354,"cgfm_time_varying",-2082.73968667724,0.488262944817283,0.849066826373621,0,"24,42"
355,"cgfm_independent",-2113.88672802392,0.4930494582976,0,0,"25,42"
355,"cgfm_shared",-2173.16422408636,0.235461074574849,1,0,"25,42"
355,"cgfm_time_varying",-2083.62633796407,0.494562319989416,0.845350482582774,0,"25,42"
356,"cgfm_independent",-2114.0622574536,0.466166917682062,0,0,"26,42"
356,"cgfm_shared",-2152.51370926577,0.232290039904288,1,0,"26,42"
356,"cgfm_time_varying",-2084.04820284699,0.466321005003922,0.847058434904175,0,"26,42"
357,"cgfm_independent",-2112.043958534,0.491713162916151,0,0,"27,42"
357,"cgfm_shared",-2169.98526596574,0.234945290204326,1,0,"27,42"
357,"cgfm_time_varying",-2081.45931200804,0.493268836611391,0.84608948354249,0,"27,42"
358,"cgfm_independent",-2119.43640519512,0.483840219246405,0,0,"28,42"
358,"cgfm_shared",-2181.19318706536,0.229807942240024,1,0,"28,42"
358,"cgfm_time_varying",-2089.85119603721,0.485638228069716,0.842704304601853,0,"28,42"
359,"cgfm_independent",-2115.00806831064,0.494650794845074,0,0,"29,42"
359,"cgfm_shared",-2175.03253755481,0.23600093416558,1,0,"29,42"
359,"cgfm_time_varying",-2084.59990871433,0.496342308568713,0.844860556713261,0,"29,42"
360,"cgfm_independent",-2096.30351442442,0.476459970154835,0,0,"30,42"
360,"cgfm_shared",-2167.71126497824,0.21761169628531,1,0,"30,42"
360,"cgfm_time_varying",-2070.32850081673,0.478501720369579,0.831311824836326,0,"30,42"
361,"cgfm_independent",-2130.91408995084,0.501220123002006,0,0,"1,43"
361,"cgfm_shared",-2194.57002261345,0.241411533797524,1,0,"1,43"
361,"cgfm_time_varying",-2099.65359052544,0.503680178954749,0.847592405472706,0,"1,43"
362,"cgfm_independent",-2129.15436795061,0.503821559867026,0,0,"2,43"
362,"cgfm_shared",-2191.03908482462,0.244243643201935,1,0,"2,43"
362,"cgfm_time_varying",-2097.39493668674,0.506296582389602,0.848940638196873,0,"2,43"
363,"cgfm_independent",-2127.46581602645,0.502322879895146,0,0,"3,43"
363,"cgfm_shared",-2185.64637558464,0.245104119257376,1,0,"3,43"
363,"cgfm_time_varying",-2095.13541009799,0.504683544957715,0.850901618283298,0,"3,43"
364,"cgfm_independent",-2130.17817907298,0.49673276875767,0,0,"4,43"
364,"cgfm_shared",-2191.24474228968,0.240284109204429,1,0,"4,43"
364,"cgfm_time_varying",-2098.70168633656,0.498946670520145,0.84803853124243,0,"4,43"
365,"cgfm_independent",-2127.12185702707,0.506043287266428,0,0,"5,43"
365,"cgfm_shared",-2190.23952099066,0.24523036463571,1,0,"5,43"
365,"cgfm_time_varying",-2095.64977718405,0.507935072172964,0.847625193335847,0,"5,43"
366,"cgfm_independent",-2127.88187171484,0.509056706640563,0,0,"6,43"
366,"cgfm_shared",-2193.1370030282,0.24523036302922,1,0,"6,43"
366,"cgfm_time_varying",-2096.53486535827,0.511002015590673,0.846784079653146,0,"6,43"
367,"cgfm_independent",-2129.45606729664,0.50560352864619,0,0,"7,43"
367,"cgfm_shared",-2191.95572913985,0.244512239517707,1,0,"7,43"
367,"cgfm_time_varying",-2097.88103548492,0.507751568357693,0.848162272594285,0,"7,43"
368,"cgfm_independent",-2123.66892799729,0.502895820118746,0,0,"8,43"
368,"cgfm_shared",-2182.71493761322,0.243694872075633,1,0,"8,43"
368,"cgfm_time_varying",-2091.66453610445,0.504762708722911,0.84961260894645,0,"8,43"
369,"cgfm_independent",-2125.64942308866,0.506375038970828,0,0,"9,43"
369,"cgfm_shared",-2188.62326359078,0.244819965194687,1,0,"9,43"
369,"cgfm_time_varying",-2094.0607708311,0.508320517259589,0.847958354377356,0,"9,43"
370,"cgfm_independent",-2128.53465066023,0.493149996676422,0,0,"10,43"
370,"cgfm_shared",-2184.41811637098,0.242347932722238,1,0,"10,43"
370,"cgfm_time_varying",-2096.45535018946,0.495165190620663,0.850186343645501,0,"10,43"
371,"cgfm_independent",-2131.55407720677,0.504231222791888,0,0,"11,43"
371,"cgfm_shared",-2196.91321285087,0.242055367679693,1,0,"11,43"
371,"cgfm_time_varying",-2100.41783249216,0.506716864914124,0.846915032846157,0,"11,43"
372,"cgfm_independent",-2125.0935690417,0.49890124888504,0,0,"12,43"
372,"cgfm_shared",-2177.41198622024,0.245241744968221,1,0,"12,43"
372,"cgfm_time_varying",-2092.33890998961,0.500976073533565,0.852931094927549,0,"12,43"
373,"cgfm_independent",-2127.26356717429,0.503588169788087,0,0,"13,43"
373,"cgfm_shared",-2182.85200438911,0.245112405378714,1,0,"13,43"
373,"cgfm_time_varying",-2095.63271478947,0.50552264487825,0.849769321042096,0,"13,43"
374,"cgfm_independent",-2125.56052822553,0.504480550704986,0,0,"14,43"
374,"cgfm_shared",-2185.39491189435,0.244482064109285,1,0,"14,43"
374,"cgfm_time_varying",-2094.23131639325,0.506452875175392,0.848813524550401,0,"14,43"
375,"cgfm_independent",-2128.77613060867,0.500918691951126,0,0,"15,43"
375,"cgfm_shared",-2187.23023803107,0.244512234400459,1,0,"15,43"
375,"cgfm_time_varying",-2097.03860718875,0.503195632710902,0.850000201671865,0,"15,43"
376,"cgfm_independent",-2128.97216837214,0.501412186210461,0,0,"16,43"
376,"cgfm_shared",-2189.30847853339,0.244384168352536,1,0,"16,43"
376,"cgfm_time_varying",-2097.20617718805,0.503512033023374,0.84907278928747,0,"16,43"
377,"cgfm_independent",-2129.38962377547,0.48576472265452,0,0,"17,43"
377,"cgfm_shared",-2191.10496771274,0.233070303803693,1,0,"17,43"
377,"cgfm_time_varying",-2098.92969602128,0.487026568173046,0.844811896905494,0,"17,43"
378,"cgfm_independent",-2129.00757185583,0.506124442149036,0,0,"18,43"
378,"cgfm_shared",-2191.82382940609,0.244733983339532,1,0,"18,43"
378,"cgfm_time_varying",-2097.50228727225,0.508221836309209,0.848059258134737,0,"18,43"
379,"cgfm_independent",-2126.88501607074,0.505205305458122,0,0,"19,43"
379,"cgfm_shared",-2186.41464751588,0.245185184911502,1,0,"19,43"
379,"cgfm_time_varying",-2094.9291238348,0.507183046105199,0.849287885775552,0,"19,43"
380,"cgfm_independent",-2130.40301919817,0.49836591993473,0,0,"20,43"
380,"cgfm_shared",-2192.38367454045,0.241743481653499,1,0,"20,43"
380,"cgfm_time_varying",-2099.05064891498,0.500657134270971,0.848069047539518,0,"20,43"
381,"cgfm_independent",-2128.29786269388,0.507677551972262,0,0,"21,43"
381,"cgfm_shared",-2191.45011828276,0.245242281357622,1,0,"21,43"
381,"cgfm_time_varying",-2096.8810924417,0.509720986007374,0.847657713910146,0,"21,43"
382,"cgfm_independent",-2103.69892065579,0.484106780987155,0,0,"22,43"
382,"cgfm_shared",-2179.44330562374,0.225215535469598,1,0,"22,43"
382,"cgfm_time_varying",-2077.3039025714,0.486702215360037,0.832952753700254,0,"22,43"
383,"cgfm_independent",-2127.46244044314,0.502736129531046,0,0,"23,43"
383,"cgfm_shared",-2186.80077139562,0.244985892276365,1,0,"23,43"
383,"cgfm_time_varying",-2095.76773285045,0.5048891123059,0.84988735847378,0,"23,43"
384,"cgfm_independent",-2124.75969314826,0.497808474455228,0,0,"24,43"
384,"cgfm_shared",-2178.0576852367,0.245211292673432,1,0,"24,43"
384,"cgfm_time_varying",-2092.38229709176,0.499649143328245,0.852833288944807,0,"24,43"
385,"cgfm_independent",-2124.88658487265,0.504193295886704,0,0,"25,43"
385,"cgfm_shared",-2185.1878530797,0.244574634426896,1,0,"25,43"
385,"cgfm_time_varying",-2093.27018442816,0.506011604343297,0.849217364764042,0,"25,43"
386,"cgfm_independent",-2125.40812960408,0.477467654680284,0,0,"26,43"
386,"cgfm_shared",-2164.96046705929,0.241411496362273,1,0,"26,43"
386,"cgfm_time_varying",-2094.02702172279,0.477910384800234,0.850738849491124,0,"26,43"
387,"cgfm_independent",-2123.0855408501,0.502929673862399,0,0,"27,43"
387,"cgfm_shared",-2182.09362782768,0.244061221141,1,0,"27,43"
387,"cgfm_time_varying",-2091.14978101123,0.504788400151541,0.8498712670874,0,"27,43"
388,"cgfm_independent",-2130.56239130872,0.495027470500514,0,0,"28,43"
388,"cgfm_shared",-2193.40985621089,0.238933621128808,1,0,"28,43"
388,"cgfm_time_varying",-2099.62344138065,0.497139067011199,0.846658195108688,0,"28,43"
389,"cgfm_independent",-2125.99610989298,0.505791596222425,0,0,"29,43"
389,"cgfm_shared",-2187.05122574904,0.245112663091404,1,0,"29,43"
389,"cgfm_time_varying",-2094.23849973982,0.507786749790457,0.848715801261007,0,"29,43"
390,"cgfm_independent",-2107.496042819,0.487937854970241,0,0,"30,43"
390,"cgfm_shared",-2180.03369579384,0.226813992611011,1,0,"30,43"
390,"cgfm_time_varying",-2080.18877107536,0.490223492614833,0.835931103690669,0,"30,43"
391,"cgfm_independent",-2133.30991829551,0.499985676316485,0,0,"1,44"
391,"cgfm_shared",-2196.53613654286,0.241190464646327,1,0,"1,44"
391,"cgfm_time_varying",-2101.85166509062,0.50274026796353,0.84831960949452,0,"1,44"
392,"cgfm_independent",-2131.56216464809,0.502606557037957,0,0,"2,44"
392,"cgfm_shared",-2193.05886159503,0.244022933314009,1,0,"2,44"
392,"cgfm_time_varying",-2099.60770614261,0.505385029523881,0.849649629128673,0,"2,44"
393,"cgfm_independent",-2129.88102037805,0.501121819600901,0,0,"3,44"
393,"cgfm_shared",-2187.68203687011,0.24488316981102,1,0,"3,44"
393,"cgfm_time_varying",-2097.35193661452,0.50379294081057,0.851594149795169,0,"3,44"
394,"cgfm_independent",-2132.56981543613,0.495508058782385,0,0,"4,44"
394,"cgfm_shared",-2193.23533301735,0.240063015822232,1,0,"4,44"
394,"cgfm_time_varying",-2100.8951603018,0.498023914268639,0.848761624094588,0,"4,44"
395,"cgfm_independent",-2129.57785790896,0.504913146931616,0,0,"5,44"
395,"cgfm_shared",-2192.42758697471,0.245009408011152,1,0,"5,44"
395,"cgfm_time_varying",-2097.91880268302,0.507107518109234,0.848299733855154,0,"5,44"
396,"cgfm_independent",-2130.30593968523,0.507858463836697,0,0,"6,44"
396,"cgfm_shared",-2195.20441983294,0.245009407901684,1,0,"6,44"
396,"cgfm_time_varying",-2098.76464585648,0.510101283056038,0.847499040403671,0,"6,44"
397,"cgfm_independent",-2131.89043212235,0.504433325601489,0,0,"7,44"
397,"cgfm_shared",-2194.0795048181,0.244291231751725,1,0,"7,44"
397,"cgfm_time_varying",-2100.12933897298,0.506882415006582,0.848832329645519,0,"7,44"
398,"cgfm_independent",-2126.07413349737,0.501677728341188,0,0,"8,44"
398,"cgfm_shared",-2184.7564517557,0.24347002825239,1,0,"8,44"
398,"cgfm_time_varying",-2093.87638477191,0.503844194366767,0.850299619386138,0,"8,44"
399,"cgfm_independent",-2128.07153027671,0.505180477756416,0,0,"9,44"
399,"cgfm_shared",-2190.69943971425,0.244598984293399,1,0,"9,44"
399,"cgfm_time_varying",-2096.28696214059,0.507426439749615,0.848648941078774,0,"9,44"
400,"cgfm_independent",-2130.95369754627,0.491988514347695,0,0,"10,44"
400,"cgfm_shared",-2186.52025476323,0.242126842063555,1,0,"10,44"
400,"cgfm_time_varying",-2098.6876366841,0.494305433771205,0.850845843912108,0,"10,44"
401,"cgfm_independent",-2133.96428968218,0.503015405777211,0,0,"11,44"
401,"cgfm_shared",-2198.93046360796,0.241834215030671,1,0,"11,44"
401,"cgfm_time_varying",-2102.63470859009,0.505796019412845,0.847629958086539,0,"11,44"
402,"cgfm_independent",-2127.52462083186,0.497739215280691,0,0,"12,44"
402,"cgfm_shared",-2179.53752881168,0.245021306169315,1,0,"12,44"
402,"cgfm_time_varying",-2094.57762195032,0.500129708610224,0.853594868034616,0,"12,44"
403,"cgfm_independent",-2129.70539877861,0.502434819748944,0,0,"13,44"
403,"cgfm_shared",-2185.00502999853,0.244891426631998,1,0,"13,44"
403,"cgfm_time_varying",-2097.8752468412,0.504669341887207,0.850449082177196,0,"13,44"
404,"cgfm_independent",-2128.02332245767,0.503365678404626,0,0,"14,44"
404,"cgfm_shared",-2187.62877724957,0.24426105243022,1,0,"14,44"
404,"cgfm_time_varying",-2096.4993995489,0.505638821157377,0.849468189045595,0,"14,44"
405,"cgfm_independent",-2131.21138043736,0.499761506578958,0,0,"15,44"
405,"cgfm_shared",-2189.35268837931,0.244291263057922,1,0,"15,44"
405,"cgfm_time_varying",-2099.27912163204,0.502337806609337,0.850668850827684,0,"15,44"
406,"cgfm_independent",-2131.37453361286,0.500195262950474,0,0,"16,44"
406,"cgfm_shared",-2191.3152996043,0.24416302338739,1,0,"16,44"
406,"cgfm_time_varying",-2099.41426958149,0.502593713822374,0.849787939888793,0,"16,44"
407,"cgfm_independent",-2131.79569953408,0.484600331604749,0,0,"17,44"
407,"cgfm_shared",-2193.16742714757,0.232849473965683,1,0,"17,44"
407,"cgfm_time_varying",-2101.1465222183,0.486145861247693,0.845506807946397,0,"17,44"
408,"cgfm_independent",-2131.41917355106,0.504907894096862,0,0,"18,44"
408,"cgfm_shared",-2193.84907967946,0.24451274662446,1,0,"18,44"
408,"cgfm_time_varying",-2099.72507849961,0.507302367687032,0.84876456641726,0,"18,44"
409,"cgfm_independent",-2129.30584486368,0.504004811859476,0,0,"19,44"
409,"cgfm_shared",-2188.46253814483,0.244964140252102,1,0,"19,44"
409,"cgfm_time_varying",-2097.15613858755,0.506280923736907,0.849990840789544,0,"19,44"
410,"cgfm_independent",-2132.80828025374,0.49716147207213,0,0,"20,44"
410,"cgfm_shared",-2194.40200785252,0.241522462362165,1,0,"20,44"
410,"cgfm_time_varying",-2101.25898186478,0.499751604252268,0.84877549059902,0,"20,44"
411,"cgfm_independent",-2130.72781308201,0.506490739395462,0,0,"21,44"
411,"cgfm_shared",-2193.53018876206,0.245021286135765,1,0,"21,44"
411,"cgfm_time_varying",-2099.11225053799,0.508829550679249,0.848358262468748,0,"21,44"
412,"cgfm_independent",-2106.0449610573,0.482811000779496,0,0,"22,44"
412,"cgfm_shared",-2181.32892853199,0.224993034802436,1,0,"22,44"
412,"cgfm_time_varying",-2079.47626419596,0.485669245395673,0.833763229085286,0,"22,44"
413,"cgfm_independent",-2129.85386758556,0.501492573715026,0,0,"23,44"
413,"cgfm_shared",-2188.76428568106,0.24476492987809,1,0,"23,44"
413,"cgfm_time_varying",-2097.96786083593,0.503948258762485,0.850613638417996,0,"23,44"
414,"cgfm_independent",-2127.15742780148,0.496590691779393,0,0,"24,44"
414,"cgfm_shared",-2180.06467683108,0.244968044231576,1,0,"24,44"
414,"cgfm_time_varying",-2094.59514903115,0.498732245209231,0.853515951696089,0,"24,44"
415,"cgfm_independent",-2127.286076566,0.502958032755838,0,0,"25,44"
415,"cgfm_shared",-2187.1752754813,0.244353621526048,1,0,"25,44"
415,"cgfm_time_varying",-2095.47110904957,0.505074796375183,0.849943979546277,0,"25,44"
416,"cgfm_independent",-2127.84191031633,0.476375740565147,0,0,"26,44"
416,"cgfm_shared",-2167.14845465914,0.241190486976315,1,0,"26,44"
416,"cgfm_time_varying",-2096.27407292071,0.477109380144233,0.851394334075254,0,"26,44"
417,"cgfm_independent",-2125.47043998344,0.501671616023077,0,0,"27,44"
417,"cgfm_shared",-2184.04894420051,0.243839922166485,1,0,"27,44"
417,"cgfm_time_varying",-2093.33958523054,0.503836582001044,0.850601416667052,0,"27,44"
418,"cgfm_independent",-2132.98036126958,0.493856156981013,0,0,"28,44"
418,"cgfm_shared",-2195.48305254645,0.238701130723113,1,0,"28,44"
418,"cgfm_time_varying",-2101.85041213942,0.496263827504078,0.847354769073378,0,"28,44"
419,"cgfm_independent",-2128.38618426389,0.504532334455039,0,0,"29,44"
419,"cgfm_shared",-2188.986987711,0.244891436908204,1,0,"29,44"
419,"cgfm_time_varying",-2096.430942221,0.506829027615467,0.849446628256518,0,"29,44"
420,"cgfm_independent",-2109.96538731748,0.486855681631496,0,0,"30,44"
420,"cgfm_shared",-2182.32471436342,0.226592176974895,1,0,"30,44"
420,"cgfm_time_varying",-2082.48038012668,0.489409802704001,0.836612550998889,0,"30,44"
421,"cgfm_independent",-2131.68316999801,0.48018917190177,0,0,"1,45"
421,"cgfm_shared",-2181.04363310292,0.237726500778008,1,0,"1,45"
421,"cgfm_time_varying",-2100.23451344982,0.482670338179967,0.851350005971208,0,"1,45"
422,"cgfm_independent",-2129.96555284859,0.48275003527125,0,0,"2,45"
422,"cgfm_shared",-2177.52961090629,0.240559938951345,1,0,"2,45"
422,"cgfm_time_varying",-2098.00455507609,0.4852613600548,0.852703008128664,0,"2,45"
423,"cgfm_independent",-2128.28273367699,0.481323358557462,0,0,"3,45"
423,"cgfm_shared",-2172.2284214559,0.241420997180551,1,0,"3,45"
423,"cgfm_time_varying",-2095.74448142999,0.483739641162596,0.854637135491636,0,"3,45"
424,"cgfm_independent",-2130.88486627684,0.475828961027336,0,0,"4,45"
424,"cgfm_shared",-2177.780721099,0.23659878975979,1,0,"4,45"
424,"cgfm_time_varying",-2099.22239613704,0.478077799532453,0.851770494986958,0,"4,45"
425,"cgfm_independent",-2127.99352726769,0.484987611093795,0,0,"5,45"
425,"cgfm_shared",-2176.78979326529,0.241547359081442,1,0,"5,45"
425,"cgfm_time_varying",-2096.31757506372,0.486930248071017,0.85142789168462,0,"5,45"
426,"cgfm_independent",-2128.77351226424,0.487844634556524,0,0,"6,45"
426,"cgfm_shared",-2179.5652678955,0.241547364640059,1,0,"6,45"
426,"cgfm_time_varying",-2097.21717655417,0.489828594265226,0.850602899284932,0,"6,45"
427,"cgfm_independent",-2130.34245372262,0.484546472960677,0,0,"7,45"
427,"cgfm_shared",-2178.63994631055,0.240828587965729,1,0,"7,45"
427,"cgfm_time_varying",-2098.57624707657,0.486739009497933,0.851883456342611,0,"7,45"
428,"cgfm_independent",-2124.5142753782,0.481846708325556,0,0,"8,45"
428,"cgfm_shared",-2169.35455550542,0.240010172393534,1,0,"8,45"
428,"cgfm_time_varying",-2092.31165567109,0.483772999790055,0.853358092958825,0,"8,45"
429,"cgfm_independent",-2126.49199911127,0.485201612094813,0,0,"9,45"
429,"cgfm_shared",-2175.07394014591,0.241136466790039,1,0,"9,45"
429,"cgfm_time_varying",-2094.68904480571,0.487193992923074,0.851769827201366,0,"9,45"
430,"cgfm_independent",-2129.22399603896,0.472479473083579,0,0,"10,45"
430,"cgfm_shared",-2171.12303565433,0.238663146634912,1,0,"10,45"
430,"cgfm_time_varying",-2096.96225253607,0.474549871635669,0.853864320551453,0,"10,45"
431,"cgfm_independent",-2132.38170071283,0.483127620233216,0,0,"11,45"
431,"cgfm_shared",-2183.41155195502,0.238370431397508,1,0,"11,45"
431,"cgfm_time_varying",-2101.05944750503,0.48563190130651,0.85066566025802,0,"11,45"
432,"cgfm_independent",-2125.74885241385,0.477699892327374,0,0,"12,45"
432,"cgfm_shared",-2163.57585652356,0.241559252206889,1,0,"12,45"
432,"cgfm_time_varying",-2092.7312337506,0.479826571732951,0.856870698252504,0,"12,45"
433,"cgfm_independent",-2128.03446128164,0.482362025451572,0,0,"13,45"
433,"cgfm_shared",-2169.09617010054,0.241429284956774,1,0,"13,45"
433,"cgfm_time_varying",-2096.17181095862,0.484304656586745,0.853715096636652,0,"13,45"
434,"cgfm_independent",-2126.35053728643,0.483260145153426,0,0,"14,45"
434,"cgfm_shared",-2171.71120181305,0.24079826690614,1,0,"14,45"
434,"cgfm_time_varying",-2094.78982558946,0.485253665440969,0.852754169837869,0,"14,45"
435,"cgfm_independent",-2129.54649534947,0.479910421519031,0,0,"15,45"
435,"cgfm_shared",-2173.70196967407,0.240828713172931,1,0,"15,45"
435,"cgfm_time_varying",-2097.60254700577,0.482216111153968,0.853799928798538,0,"15,45"
436,"cgfm_independent",-2129.76306386264,0.480468240835385,0,0,"16,45"
436,"cgfm_shared",-2175.83737890036,0.240700259864179,1,0,"16,45"
436,"cgfm_time_varying",-2097.7960884009,0.482618253453129,0.852848809813537,0,"16,45"
437,"cgfm_independent",-2129.85095159746,0.465109280425169,0,0,"17,45"
437,"cgfm_shared",-2177.38570647415,0.22938763948491,1,0,"17,45"
437,"cgfm_time_varying",-2099.2043474802,0.466391259391042,0.84866147613712,0,"17,45"
438,"cgfm_independent",-2129.91928256853,0.485091631435965,0,0,"18,45"
438,"cgfm_shared",-2178.56092967807,0.24105056360837,1,0,"18,45"
438,"cgfm_time_varying",-2098.22942654348,0.487240149168383,0.851788978230905,0,"18,45"
439,"cgfm_independent",-2127.71906981221,0.484030397780651,0,0,"19,45"
439,"cgfm_shared",-2172.80204454338,0.241502166108048,1,0,"19,45"
439,"cgfm_time_varying",-2095.54635495636,0.486047463132906,0.853130147909071,0,"19,45"
440,"cgfm_independent",-2131.14529971817,0.477498531973677,0,0,"20,45"
440,"cgfm_shared",-2178.93812376768,0.238058640375124,1,0,"20,45"
440,"cgfm_time_varying",-2099.61021569372,0.479821871772419,0.851790133044163,0,"20,45"
441,"cgfm_independent",-2129.18266282641,0.486505609655362,0,0,"21,45"
441,"cgfm_shared",-2177.92214093078,0.241559359757599,1,0,"21,45"
441,"cgfm_time_varying",-2097.56047190177,0.488582461070369,0.851465731657317,0,"21,45"
442,"cgfm_independent",-2104.27334847083,0.46320774851072,0,0,"22,45"
442,"cgfm_shared",-2166.23368407526,0.221504843232897,1,0,"22,45"
442,"cgfm_time_varying",-2077.83826516074,0.465753594894682,0.836614195747765,0,"22,45"
443,"cgfm_independent",-2128.2610944588,0.481687106490421,0,0,"23,45"
443,"cgfm_shared",-2173.28832041531,0.241302655239962,1,0,"23,45"
443,"cgfm_time_varying",-2096.35847370605,0.48387320117931,0.853724384458327,0,"23,45"
444,"cgfm_independent",-2125.51115251104,0.47694037716011,0,0,"24,45"
444,"cgfm_shared",-2164.66938630552,0.241528203909107,1,0,"24,45"
444,"cgfm_time_varying",-2092.91664864184,0.47883916401163,0.856648461033302,0,"24,45"
445,"cgfm_independent",-2125.72287680439,0.483094882340013,0,0,"25,45"
445,"cgfm_shared",-2171.7099807356,0.240890951434672,1,0,"25,45"
445,"cgfm_time_varying",-2093.89071953425,0.484956065749728,0.853059406709897,0,"25,45"
446,"cgfm_independent",-2125.66040313914,0.456879238227892,0,0,"26,45"
446,"cgfm_shared",-2150.9053105714,0.237726437096244,1,0,"26,45"
446,"cgfm_time_varying",-2094.02242593377,0.457329084359893,0.854909240419656,0,"26,45"
447,"cgfm_independent",-2123.8679106316,0.48176674578967,0,0,"27,45"
447,"cgfm_shared",-2168.5053211678,0.240376673704699,1,0,"27,45"
447,"cgfm_time_varying",-2091.71211928459,0.483672447410589,0.853725532634638,0,"27,45"
448,"cgfm_independent",-2131.22176590051,0.474193799970216,0,0,"28,45"
448,"cgfm_shared",-2179.84595375083,0.235248293240833,1,0,"28,45"
448,"cgfm_time_varying",-2100.10176429602,0.476328108673705,0.850434946812669,0,"28,45"
449,"cgfm_independent",-2126.8613611698,0.484669470585607,0,0,"29,45"
449,"cgfm_shared",-2173.60203100396,0.241429545088701,1,0,"29,45"
449,"cgfm_time_varying",-2094.89760377696,0.486711509179602,0.852512999467316,0,"29,45"
450,"cgfm_independent",-2108.02839669431,0.466761813440944,0,0,"30,45"
450,"cgfm_shared",-2166.36718305151,0.223105874590021,1,0,"30,45"
450,"cgfm_time_varying",-2080.61214900274,0.469014084838069,0.839844985634244,0,"30,45"
451,"cgfm_independent",-2133.44296764564,0.491261435338581,0,0,"1,46"
451,"cgfm_shared",-2193.23183090111,0.239429164394742,1,0,"1,46"
451,"cgfm_time_varying",-2102.07009451936,0.49405070811302,0.84907973518529,0,"1,46"
452,"cgfm_independent",-2131.73494468653,0.493894806869294,0,0,"2,46"
452,"cgfm_shared",-2189.81683352371,0.242262208019856,1,0,"2,46"
452,"cgfm_time_varying",-2099.86741748193,0.496714211048595,0.850408009909556,0,"2,46"
453,"cgfm_independent",-2130.01971627006,0.492381463074582,0,0,"3,46"
453,"cgfm_shared",-2184.37174871112,0.243122999631923,1,0,"3,46"
453,"cgfm_time_varying",-2097.56969557441,0.495097843996038,0.852383884716242,0,"3,46"
454,"cgfm_independent",-2132.67888497671,0.48684634735249,0,0,"4,46"
454,"cgfm_shared",-2189.94252134427,0.238301572400606,1,0,"4,46"
454,"cgfm_time_varying",-2101.09316845336,0.489400989225801,0.849505664264296,0,"4,46"
455,"cgfm_independent",-2129.68855488913,0.496044533684765,0,0,"5,46"
455,"cgfm_shared",-2188.90556559738,0.243249318857194,1,0,"5,46"
455,"cgfm_time_varying",-2098.09505597304,0.498276226147676,0.849138473688951,0,"5,46"
456,"cgfm_independent",-2130.49090587734,0.499036386599279,0,0,"6,46"
456,"cgfm_shared",-2191.85850952845,0.243249308406942,1,0,"6,46"
456,"cgfm_time_varying",-2099.02744627786,0.501320464274303,0.84828427850078,0,"6,46"
457,"cgfm_independent",-2132.08259119254,0.495698712104273,0,0,"7,46"
457,"cgfm_shared",-2190.8560832054,0.242530836066352,1,0,"7,46"
457,"cgfm_time_varying",-2100.40684849773,0.498192247365473,0.849598143975994,0,"7,46"
458,"cgfm_independent",-2126.21579939466,0.492891238999794,0,0,"8,46"
458,"cgfm_shared",-2181.38892104106,0.2417128521133,1,0,"8,46"
458,"cgfm_time_varying",-2094.09000577697,0.495113011009782,0.851125456455297,0,"8,46"
459,"cgfm_independent",-2128.25826599378,0.49641756318558,0,0,"9,46"
459,"cgfm_shared",-2187.41881783926,0.242838611578343,1,0,"9,46"
459,"cgfm_time_varying",-2096.55983766479,0.498708056183987,0.849435389988427,0,"9,46"
460,"cgfm_independent",-2131.01227016931,0.483356395837156,0,0,"10,46"
460,"cgfm_shared",-2183.14633210544,0.240365802773543,1,0,"10,46"
460,"cgfm_time_varying",-2098.82334862283,0.485722158211058,0.851637450992521,0,"10,46"
461,"cgfm_independent",-2134.12189533673,0.494252696315399,0,0,"11,46"
461,"cgfm_shared",-2195.62794590561,0.240073109271762,1,0,"11,46"
461,"cgfm_time_varying",-2102.87766454908,0.497064222350589,0.848386815694018,0,"11,46"
462,"cgfm_independent",-2127.65419042975,0.489017394080212,0,0,"12,46"
462,"cgfm_shared",-2176.21688262869,0.243261714971587,1,0,"12,46"
462,"cgfm_time_varying",-2094.78231874425,0.491461956706465,0.854422405960873,0,"12,46"
463,"cgfm_independent",-2129.82584389971,0.493592913177052,0,0,"13,46"
463,"cgfm_shared",-2181.53088765277,0.243131261760641,1,0,"13,46"
463,"cgfm_time_varying",-2098.07719879371,0.49585814225473,0.851296514463879,0,"13,46"
464,"cgfm_independent",-2128.13470719308,0.49448898357556,0,0,"14,46"
464,"cgfm_shared",-2184.10334363462,0.24250059371876,1,0,"14,46"
464,"cgfm_time_varying",-2096.6874925001,0.496792303898538,0.850341916611935,0,"14,46"
465,"cgfm_independent",-2131.34051053249,0.491034578225395,0,0,"15,46"
465,"cgfm_shared",-2186.01443089115,0.242530838327049,1,0,"15,46"
465,"cgfm_time_varying",-2099.49617879828,0.493651386564878,0.851468366362141,0,"15,46"
466,"cgfm_independent",-2131.51405640729,0.491500497347434,0,0,"16,46"
466,"cgfm_shared",-2188.01163166985,0.242402573689719,1,0,"16,46"
466,"cgfm_time_varying",-2099.6341827676,0.493946175796728,0.850560314686101,0,"16,46"
467,"cgfm_independent",-2131.79534124474,0.476055927503777,0,0,"17,46"
467,"cgfm_shared",-2189.75391533669,0.231088706287806,1,0,"17,46"
467,"cgfm_time_varying",-2101.23782369693,0.477634770252185,0.846265663168238,0,"17,46"
468,"cgfm_independent",-2131.60641145494,0.496158290122871,0,0,"18,46"
468,"cgfm_shared",-2190.61354002664,0.242752679920391,1,0,"18,46"
468,"cgfm_time_varying",-2099.99034726285,0.498601587715306,0.849542598526027,0,"18,46"
469,"cgfm_independent",-2129.42925737362,0.495143739356425,0,0,"19,46"
469,"cgfm_shared",-2184.99572613941,0.243203957419457,1,0,"19,46"
469,"cgfm_time_varying",-2097.34113276431,0.49746927263453,0.850835091738493,0,"19,46"
470,"cgfm_independent",-2132.91976421176,0.488491918269006,0,0,"20,46"
470,"cgfm_shared",-2191.08282236343,0.239761213543988,1,0,"20,46"
470,"cgfm_time_varying",-2101.46021294401,0.491113851048591,0.849529854914612,0,"20,46"
471,"cgfm_independent",-2130.88600552089,0.497647159059903,0,0,"21,46"
471,"cgfm_shared",-2190.12872059642,0.243261293054284,1,0,"21,46"
471,"cgfm_time_varying",-2099.35102645994,0.500022444917242,0.849165735134817,0,"21,46"
472,"cgfm_independent",-2106.13670375297,0.474238214197556,0,0,"22,46"
472,"cgfm_shared",-2178.21795694211,0.223218358372659,1,0,"22,46"
472,"cgfm_time_varying",-2079.69582209435,0.477085299098746,0.834328684641224,0,"22,46"
473,"cgfm_independent",-2130.01775937903,0.492787241213908,0,0,"23,46"
473,"cgfm_shared",-2185.5132958037,0.243004691931718,1,0,"23,46"
473,"cgfm_time_varying",-2098.20202864187,0.495293503763023,0.85141926385487,0,"23,46"
474,"cgfm_independent",-2127.28180983392,0.487936106867342,0,0,"24,46"
474,"cgfm_shared",-2176.78859213906,0.243230178654916,1,0,"24,46"
474,"cgfm_time_varying",-2094.78009761776,0.490146193121653,0.854355022832859,0,"24,46"
475,"cgfm_independent",-2127.4340567936,0.494172229177008,0,0,"25,46"
475,"cgfm_shared",-2183.82607377502,0.242593177106288,1,0,"25,46"
475,"cgfm_time_varying",-2095.69231741217,0.496334337726387,0.850752015937937,0,"25,46"
476,"cgfm_independent",-2127.73349743464,0.46784061076179,0,0,"26,46"
476,"cgfm_shared",-2163.52795918943,0.239429036953038,1,0,"26,46"
476,"cgfm_time_varying",-2096.23534085937,0.468615011308356,0.852295316785461,0,"26,46"
477,"cgfm_independent",-2125.60197619307,0.492869458989504,0,0,"27,46"
477,"cgfm_shared",-2180.6613201921,0.242079167600076,1,0,"27,46"
477,"cgfm_time_varying",-2093.53034924645,0.495088813252682,0.851449785658212,0,"27,46"
478,"cgfm_independent",-2133.05101680912,0.48519774288572,0,0,"28,46"
478,"cgfm_shared",-2192.0942978925,0.236951042591343,1,0,"28,46"
478,"cgfm_time_varying",-2102.01089022003,0.487629703009725,0.848115611231677,0,"28,46"
479,"cgfm_independent",-2128.56909723881,0.495775701890649,0,0,"29,46"
479,"cgfm_shared",-2185.73678739591,0.243131269664388,1,0,"29,46"
479,"cgfm_time_varying",-2096.69003785018,0.498116791545455,0.850235759561449,0,"29,46"
480,"cgfm_independent",-2109.9537909576,0.478006348820791,0,0,"30,46"
480,"cgfm_shared",-2178.74520404469,0.224818516474029,1,0,"30,46"
480,"cgfm_time_varying",-2082.58608278747,0.480548522530436,0.837347972913013,0,"30,46"
481,"cgfm_independent",-2114.50396530396,0.481030600632984,0,0,"1,47"
481,"cgfm_shared",-2168.88511347881,0.230765805173319,1,0,"1,47"
481,"cgfm_time_varying",-2084.1086645299,0.483165650266174,0.847659335281338,0,"1,47"
482,"cgfm_independent",-2112.72725087045,0.483544107809191,0,0,"2,47"
482,"cgfm_shared",-2165.18513573819,0.233606604609774,1,0,"2,47"
482,"cgfm_time_varying",-2081.81133814828,0.485704369977015,0.849152992395193,0,"2,47"
483,"cgfm_independent",-2111.11470643234,0.48221476620764,0,0,"3,47"
483,"cgfm_shared",-2160.14019765825,0.234470350920071,1,0,"3,47"
483,"cgfm_time_varying",-2079.64515294335,0.484261959624782,0.851066189098693,0,"3,47"
484,"cgfm_independent",-2113.6921518296,0.476541508197687,0,0,"4,47"
484,"cgfm_shared",-2165.5466064803,0.229635766611557,1,0,"4,47"
484,"cgfm_time_varying",-2083.07818499587,0.478438626715291,0.848149445364434,0,"4,47"
485,"cgfm_independent",-2110.83898881791,0.485987451627089,0,0,"5,47"
485,"cgfm_shared",-2164.76055661325,0.234597108692878,1,0,"5,47"
485,"cgfm_time_varying",-2080.21289014925,0.487578677583509,0.847717451009097,0,"5,47"
486,"cgfm_independent",-2111.56110997261,0.488808117414379,0,0,"6,47"
486,"cgfm_shared",-2167.3533340052,0.234597146001945,1,0,"6,47"
486,"cgfm_time_varying",-2081.0485603691,0.490438614162714,0.846931801436159,0,"6,47"
487,"cgfm_independent",-2113.10298109204,0.485378201144265,0,0,"7,47"
487,"cgfm_shared",-2166.26998041964,0.233876133507387,1,0,"7,47"
487,"cgfm_time_varying",-2082.3761755145,0.48720793475397,0.848308997736487,0,"7,47"
488,"cgfm_independent",-2107.37797451431,0.482811201278081,0,0,"8,47"
488,"cgfm_shared",-2157.38376494044,0.233054109940413,1,0,"8,47"
488,"cgfm_time_varying",-2076.23724544177,0.484369978457044,0.849691331319687,0,"8,47"
489,"cgfm_independent",-2109.39199686982,0.48631328071514,0,0,"9,47"
489,"cgfm_shared",-2163.248324689,0.234184776967979,1,0,"9,47"
489,"cgfm_time_varying",-2078.65994417923,0.487951498774472,0.847990735728309,0,"9,47"
490,"cgfm_independent",-2112.0688627934,0.473174677491421,0,0,"10,47"
490,"cgfm_shared",-2158.99214131403,0.231704714888014,1,0,"10,47"
490,"cgfm_time_varying",-2080.86949053159,0.474879771304459,0.850291405892723,0,"10,47"
491,"cgfm_independent",-2115.17792341064,0.483993089956657,0,0,"11,47"
491,"cgfm_shared",-2171.17498665139,0.23141127887518,1,0,"11,47"
491,"cgfm_time_varying",-2084.89952799523,0.486148799078532,0.84698392188888,0,"11,47"
492,"cgfm_independent",-2108.52656934033,0.478424305736313,0,0,"12,47"
492,"cgfm_shared",-2151.35337519054,0.234609089858498,1,0,"12,47"
492,"cgfm_time_varying",-2076.5932942995,0.480166351167832,0.853404230009413,0,"12,47"
493,"cgfm_independent",-2110.97772970746,0.483497466378737,0,0,"13,47"
493,"cgfm_shared",-2157.50418511464,0.234478632015905,1,0,"13,47"
493,"cgfm_time_varying",-2080.19092688384,0.485085257647513,0.84992222535235,0,"13,47"
494,"cgfm_independent",-2109.30850897904,0.484438020153616,0,0,"14,47"
494,"cgfm_shared",-2160.11826633108,0.233845265819525,1,0,"14,47"
494,"cgfm_time_varying",-2078.82577884527,0.486074575369526,0.848901134569657,0,"14,47"
495,"cgfm_independent",-2112.44052689545,0.480888285928729,0,0,"15,47"
495,"cgfm_shared",-2161.87382759745,0.233876137341765,1,0,"15,47"
495,"cgfm_time_varying",-2081.56708069887,0.482828065818217,0.850099361797007,0,"15,47"
496,"cgfm_independent",-2112.54438601535,0.481238119313353,0,0,"16,47"
496,"cgfm_shared",-2163.54115726496,0.233747502190743,1,0,"16,47"
496,"cgfm_time_varying",-2081.62640010275,0.483020751949162,0.849281213606077,0,"16,47"
497,"cgfm_independent",-2112.79627378426,0.465820396577954,0,0,"17,47"
497,"cgfm_shared",-2165.60842203317,0.22241724120429,1,0,"17,47"
497,"cgfm_time_varying",-2083.22575023317,0.466782303902145,0.844718266106183,0,"17,47"
498,"cgfm_independent",-2112.66182959986,0.485901699051439,0,0,"18,47"
498,"cgfm_shared",-2166.1289085282,0.234098709267377,1,0,"18,47"
498,"cgfm_time_varying",-2082.01148632817,0.487682068282574,0.848203898953037,0,"18,47"
499,"cgfm_independent",-2110.50717134343,0.484913311104303,0,0,"19,47"
499,"cgfm_shared",-2160.62082610553,0.234551651927804,1,0,"19,47"
499,"cgfm_time_varying",-2079.38873135397,0.486565731931055,0.849527136752868,0,"19,47"
500,"cgfm_independent",-2114.00241637033,0.478338114388118,0,0,"20,47"
500,"cgfm_shared",-2166.89049800681,0.231098597412922,1,0,"20,47"
500,"cgfm_time_varying",-2083.52395052252,0.48031086212799,0.848090741891532,0,"20,47"
501,"cgfm_independent",-2112.0887565026,0.487661246733794,0,0,"21,47"
501,"cgfm_shared",-2166.15428264514,0.234609080644012,1,0,"21,47"
501,"cgfm_time_varying",-2081.52925131628,0.489383782780074,0.847666872414806,0,"21,47"
502,"cgfm_independent",-2086.98881573051,0.46348921489575,0,0,"22,47"
502,"cgfm_shared",-2153.66108108242,0.214463867865227,1,0,"22,47"
502,"cgfm_time_varying",-2061.5258547363,0.465815441762415,0.83236533452579,0,"22,47"
503,"cgfm_independent",-2110.9484164768,0.482321508300304,0,0,"23,47"
503,"cgfm_shared",-2160.68195420956,0.234351634046576,1,0,"23,47"
503,"cgfm_time_varying",-2080.09576126117,0.484139490769314,0.850235277847652,0,"23,47"
504,"cgfm_independent",-2108.14219884398,0.477356137604959,0,0,"24,47"
504,"cgfm_shared",-2151.81927341237,0.234577944097552,1,0,"24,47"
504,"cgfm_time_varying",-2076.59638886637,0.478849177776542,0.853348203584789,0,"24,47"
505,"cgfm_independent",-2108.53788021887,0.483991776810481,0,0,"25,47"
505,"cgfm_shared",-2159.53235509511,0.233938293002135,1,0,"25,47"
505,"cgfm_time_varying",-2077.75926770711,0.485494581069377,0.849465656484431,0,"25,47"
506,"cgfm_independent",-2108.63093983169,0.457457432872367,0,0,"26,47"
506,"cgfm_shared",-2139.3466733876,0.230765781695221,1,0,"26,47"
506,"cgfm_time_varying",-2078.10455055592,0.457561385112299,0.85108733183651,0,"26,47"
507,"cgfm_independent",-2106.69980885383,0.482673598217717,0,0,"27,47"
507,"cgfm_shared",-2156.41821380395,0.233422064879697,1,0,"27,47"
507,"cgfm_time_varying",-2075.62607128193,0.484219930502036,0.850062799267152,0,"27,47"
508,"cgfm_independent",-2114.10825769345,0.475014981762202,0,0,"28,47"
508,"cgfm_shared",-2167.90316338015,0.228282874185901,1,0,"28,47"
508,"cgfm_time_varying",-2084.04664356732,0.476813948110677,0.846633018046028,0,"28,47"
509,"cgfm_independent",-2109.65398696406,0.485566949508176,0,0,"29,47"
509,"cgfm_shared",-2161.36565755663,0.234478621567785,1,0,"29,47"
509,"cgfm_time_varying",-2078.7531962089,0.487252264867036,0.848869139097333,0,"29,47"
510,"cgfm_independent",-2091.03198184442,0.467655185870287,0,0,"30,47"
510,"cgfm_shared",-2154.86221410018,0.216072817071948,1,0,"30,47"
510,"cgfm_time_varying",-2064.63013079989,0.469657097293542,0.835343059837629,0,"30,47"
511,"cgfm_independent",-2133.79958043697,0.487210190427659,0,0,"1,48"
511,"cgfm_shared",-2193.10499345933,0.236297224112912,1,0,"1,48"
511,"cgfm_time_varying",-2102.79451519465,0.489784460266869,0.848005038560295,0,"1,48"
512,"cgfm_independent",-2132.06704555663,0.489791461850026,0,0,"2,48"
512,"cgfm_shared",-2189.59431147196,0.239130952096903,1,0,"2,48"
512,"cgfm_time_varying",-2100.55789945582,0.49239755515357,0.849383280834449,0,"2,48"
513,"cgfm_independent",-2130.40566438532,0.488378534692254,0,0,"3,48"
513,"cgfm_shared",-2184.34642284882,0.239992107666262,1,0,"3,48"
513,"cgfm_time_varying",-2098.33262331678,0.490885597741925,0.851317340689535,0,"3,48"
514,"cgfm_independent",-2133.02887860301,0.482808399803188,0,0,"4,48"
514,"cgfm_shared",-2189.83807639341,0.235169588028043,1,0,"4,48"
514,"cgfm_time_varying",-2101.813724901,0.485147607048036,0.848429661711302,0,"4,48"
515,"cgfm_independent",-2130.09555602125,0.492068808964852,0,0,"5,48"
515,"cgfm_shared",-2188.91986166062,0.240118607902523,1,0,"5,48"
515,"cgfm_time_varying",-2098.87137754847,0.494100374395886,0.848049549022129,0,"5,48"
516,"cgfm_independent",-2130.87710108488,0.495000907956101,0,0,"6,48"
516,"cgfm_shared",-2191.77467168438,0.240118589720241,1,0,"6,48"
516,"cgfm_time_varying",-2099.77555396788,0.497081224805118,0.847221605363885,0,"6,48"
517,"cgfm_independent",-2132.42675383445,0.491597984871393,0,0,"7,48"
517,"cgfm_shared",-2190.6396564838,0.239403564153382,1,0,"7,48"
517,"cgfm_time_varying",-2101.10861626816,0.49387753579689,0.848564219805302,0,"7,48"
518,"cgfm_independent",-2126.59578471783,0.488860199446358,0,0,"8,48"
518,"cgfm_shared",-2181.33487532488,0.238585225186292,1,0,"8,48"
518,"cgfm_time_varying",-2094.83736049556,0.490872130534863,0.850068929577377,0,"8,48"
519,"cgfm_independent",-2128.62873728354,0.492367099825859,0,0,"9,48"
519,"cgfm_shared",-2187.31735996376,0.239707583775863,1,0,"9,48"
519,"cgfm_time_varying",-2097.28970586737,0.49445396441698,0.848369827900687,0,"9,48"
520,"cgfm_independent",-2131.35893729542,0.479342718560494,0,0,"10,48"
520,"cgfm_shared",-2183.04826939869,0.237233977592087,1,0,"10,48"
520,"cgfm_time_varying",-2099.54326707409,0.48149254148731,0.850583242084731,0,"10,48"
521,"cgfm_independent",-2134.48451496459,0.490190835697623,0,0,"11,48"
521,"cgfm_shared",-2195.4860853865,0.236941237832883,1,0,"11,48"
521,"cgfm_time_varying",-2103.60409078491,0.492787774096219,0.847320528862953,0,"11,48"
522,"cgfm_independent",-2128.01139548961,0.484976250781656,0,0,"12,48"
522,"cgfm_shared",-2176.17995579981,0.240130495925945,1,0,"12,48"
522,"cgfm_time_varying",-2095.51558826823,0.487209516266096,0.853374062627555,0,"12,48"
523,"cgfm_independent",-2130.23890769943,0.489628206930808,0,0,"13,48"
523,"cgfm_shared",-2181.6472333895,0.240002779526929,1,0,"13,48"
523,"cgfm_time_varying",-2098.85420107083,0.491694567869783,0.850219471917403,0,"13,48"
524,"cgfm_independent",-2128.55743868429,0.490536470206353,0,0,"14,48"
524,"cgfm_shared",-2184.21715827823,0.239370219068574,1,0,"14,48"
524,"cgfm_time_varying",-2097.4741237182,0.492643736142608,0.849245458700812,0,"14,48"
525,"cgfm_independent",-2131.73097770441,0.487054414537384,0,0,"15,48"
525,"cgfm_shared",-2186.05797111732,0.239399731271494,1,0,"15,48"
525,"cgfm_time_varying",-2100.25604975802,0.489467474412572,0.850382691890773,0,"15,48"
526,"cgfm_independent",-2131.8499527823,0.487421304478613,0,0,"16,48"
526,"cgfm_shared",-2187.80973010922,0.239271502690203,1,0,"16,48"
526,"cgfm_time_varying",-2100.33041683545,0.489649810864641,0.849543565825856,0,"16,48"
527,"cgfm_independent",-2132.15028260384,0.472111678066852,0,0,"17,48"
527,"cgfm_shared",-2189.78730150084,0.227960382088885,1,0,"17,48"
527,"cgfm_time_varying",-2101.96977859066,0.473493423454763,0.845106786525172,0,"17,48"
528,"cgfm_independent",-2131.95279858446,0.492059123486321,0,0,"18,48"
528,"cgfm_shared",-2190.39643629177,0.239621957663274,1,0,"18,48"
528,"cgfm_time_varying",-2100.70066848126,0.494284731895579,0.848498030102134,0,"18,48"
529,"cgfm_independent",-2129.84567059774,0.491174824833951,0,0,"19,48"
529,"cgfm_shared",-2185.06703097632,0.240073256229687,1,0,"19,48"
529,"cgfm_time_varying",-2098.1385418542,0.493292437724275,0.849744003195702,0,"19,48"
530,"cgfm_independent",-2133.26458276116,0.484445892191289,0,0,"20,48"
530,"cgfm_shared",-2190.93973025133,0.236629301076411,1,0,"20,48"
530,"cgfm_time_varying",-2102.16637382803,0.486856005107795,0.848474936368567,0,"20,48"
531,"cgfm_independent",-2131.30496739115,0.493676552175086,0,0,"21,48"
531,"cgfm_shared",-2190.18796653059,0.240130679457238,1,0,"21,48"
531,"cgfm_time_varying",-2100.13659480335,0.495853820795529,0.848072992549419,0,"21,48"
532,"cgfm_independent",-2106.39885140808,0.470046143456261,0,0,"22,48"
532,"cgfm_shared",-2177.98410383878,0.220067196669684,1,0,"22,48"
532,"cgfm_time_varying",-2080.3264837853,0.472695280528399,0.833031590908244,0,"22,48"
533,"cgfm_independent",-2130.34842028114,0.488683097883994,0,0,"23,48"
533,"cgfm_shared",-2185.28176791964,0.239875652184009,1,0,"23,48"
533,"cgfm_time_varying",-2098.90372394212,0.490965091709998,0.850386340960531,0,"23,48"
534,"cgfm_independent",-2127.57321085291,0.483787791264366,0,0,"24,48"
534,"cgfm_shared",-2176.45681075601,0.240099467190848,1,0,"24,48"
534,"cgfm_time_varying",-2095.43753929549,0.485764543594546,0.853383220141971,0,"24,48"
535,"cgfm_independent",-2127.81230077423,0.490135907356299,0,0,"25,48"
535,"cgfm_shared",-2183.73545050226,0.239461961833363,1,0,"25,48"
535,"cgfm_time_varying",-2096.43617329557,0.492090789536714,0.849717202475361,0,"25,48"
536,"cgfm_independent",-2128.09790736525,0.46397037180168,0,0,"26,48"
536,"cgfm_shared",-2163.7645330117,0.2362972070482,1,0,"26,48"
536,"cgfm_time_varying",-2096.98836569274,0.464552346823488,0.85116278974859,0,"26,48"
537,"cgfm_independent",-2125.9827802892,0.488840713586081,0,0,"27,48"
537,"cgfm_shared",-2180.60175352764,0.238947366113199,1,0,"27,48"
537,"cgfm_time_varying",-2094.29319020592,0.490844791512375,0.850368636273983,0,"27,48"
538,"cgfm_independent",-2133.40271206316,0.481187716603112,0,0,"28,48"
538,"cgfm_shared",-2192.02149326864,0.23381921994882,1,0,"28,48"
538,"cgfm_time_varying",-2102.72758358396,0.483415396895082,0.847021585560136,0,"28,48"
539,"cgfm_independent",-2128.93298266326,0.491707220409961,0,0,"29,48"
539,"cgfm_shared",-2185.58486926409,0.240002061512711,1,0,"29,48"
539,"cgfm_time_varying",-2097.42397250436,0.493838668354143,0.849181468662002,0,"29,48"
540,"cgfm_independent",-2110.32982360107,0.474003731920125,0,0,"30,48"
540,"cgfm_shared",-2178.90330655687,0.221668795558189,1,0,"30,48"
540,"cgfm_time_varying",-2083.32390918263,0.47637150484033,0.836038572251604,0,"30,48"
541,"cgfm_independent",-2121.12403620394,0.488372564773693,0,0,"1,49"
541,"cgfm_shared",-2170.09638450846,0.23681031692504,1,0,"1,49"
541,"cgfm_time_varying",-2088.82445863828,0.490282142985459,0.852978714981941,0,"1,49"
542,"cgfm_independent",-2119.49540555683,0.491174423735597,0,0,"2,49"
542,"cgfm_shared",-2166.94415807937,0.23964596673601,1,0,"2,49"
542,"cgfm_time_varying",-2086.72225202998,0.49309927655239,0.854148406574796,0,"2,49"
543,"cgfm_independent",-2117.69720312735,0.489497296266999,0,0,"3,49"
543,"cgfm_shared",-2161.22796096505,0.240507721777741,1,0,"3,49"
543,"cgfm_time_varying",-2084.30164979161,0.491303339150547,0.856211335419773,0,"3,49"
544,"cgfm_independent",-2120.42408259996,0.484040536164443,0,0,"4,49"
544,"cgfm_shared",-2167.08213040437,0.235681888256825,1,0,"4,49"
544,"cgfm_time_varying",-2087.93088212459,0.485717727174549,0.85331126631185,0,"4,49"
545,"cgfm_independent",-2117.45568594104,0.493369045152968,0,0,"5,49"
545,"cgfm_shared",-2166.09770937296,0.240634190864369,1,0,"5,49"
545,"cgfm_time_varying",-2084.95724166597,0.494707792688609,0.85293468855757,0,"5,49"
546,"cgfm_independent",-2118.27779608927,0.496417219809039,0,0,"6,49"
546,"cgfm_shared",-2169.10112015763,0.240634203748681,1,0,"6,49"
546,"cgfm_time_varying",-2085.92307995051,0.497803159685591,0.852022921158337,0,"6,49"
547,"cgfm_independent",-2119.82762706275,0.492964925847839,0,0,"7,49"
547,"cgfm_shared",-2167.93302321542,0.239914887897285,1,0,"7,49"
547,"cgfm_time_varying",-2087.24400224968,0.494551565936208,0.853363993977413,0,"7,49"
548,"cgfm_independent",-2113.93478528953,0.490091151041007,0,0,"8,49"
548,"cgfm_shared",-2158.49156271559,0.239095612402749,1,0,"8,49"
548,"cgfm_time_varying",-2080.88468216427,0.491400902552827,0.854916250981342,0,"8,49"
549,"cgfm_independent",-2116.01792327835,0.493718493792991,0,0,"9,49"
549,"cgfm_shared",-2164.55350714981,0.240223002000782,1,0,"9,49"
549,"cgfm_time_varying",-2083.40420545498,0.495103655499139,0.853195762499311,0,"9,49"
550,"cgfm_independent",-2118.70085702417,0.480437588308511,0,0,"10,49"
550,"cgfm_shared",-2160.16415329018,0.237747721952659,1,0,"10,49"
550,"cgfm_time_varying",-2085.57676578379,0.481922469268027,0.855486720067197,0,"10,49"
551,"cgfm_independent",-2121.81785415084,0.491418140186022,0,0,"11,49"
551,"cgfm_shared",-2172.55615888833,0.237454844957252,1,0,"11,49"
551,"cgfm_time_varying",-2089.65784931298,0.493347092525062,0.852254061997823,0,"11,49"
552,"cgfm_independent",-2115.46539536037,0.486343209816298,0,0,"12,49"
552,"cgfm_shared",-2153.60754793433,0.240646154851328,1,0,"12,49"
552,"cgfm_time_varying",-2081.672579693,0.48785426539701,0.858057987201619,0,"12,49"
553,"cgfm_independent",-2117.63631410479,0.490970539081577,0,0,"13,49"
553,"cgfm_shared",-2158.96377351966,0.240515486499088,1,0,"13,49"
553,"cgfm_time_varying",-2084.96632505423,0.492310709877764,0.855028528370133,0,"13,49"
554,"cgfm_independent",-2115.98690885286,0.491952334028591,0,0,"14,49"
554,"cgfm_shared",-2161.66050156181,0.239884454414026,1,0,"14,49"
554,"cgfm_time_varying",-2083.63480268033,0.493340750732099,0.854028941761951,0,"14,49"
555,"cgfm_independent",-2119.08011984459,0.488254994694098,0,0,"15,49"
555,"cgfm_shared",-2163.10701616958,0.239914892565165,1,0,"15,49"
555,"cgfm_time_varying",-2086.29832065707,0.48995580039148,0.85526865277715,0,"15,49"
556,"cgfm_independent",-2119.20657392872,0.488651220823984,0,0,"16,49"
556,"cgfm_shared",-2164.98355226356,0.23978642881584,1,0,"16,49"
556,"cgfm_time_varying",-2086.40191838595,0.490199633396055,0.854408566849222,0,"16,49"
557,"cgfm_independent",-2119.50070027166,0.473110716588015,0,0,"17,49"
557,"cgfm_shared",-2166.85783516596,0.228466525395594,1,0,"17,49"
557,"cgfm_time_varying",-2088.02862961634,0.47384311162501,0.850252501556935,0,"17,49"
558,"cgfm_independent",-2119.28282704385,0.493298273115149,0,0,"18,49"
558,"cgfm_shared",-2167.42034329003,0.240136984681039,1,0,"18,49"
558,"cgfm_time_varying",-2086.74477509331,0.494828204351286,0.853415757676218,0,"18,49"
559,"cgfm_independent",-2117.1329522387,0.492335485358042,0,0,"19,49"
559,"cgfm_shared",-2161.99878685344,0.240588829114056,1,0,"19,49"
559,"cgfm_time_varying",-2084.1159420547,0.493747820190912,0.854671342082042,0,"19,49"
560,"cgfm_independent",-2120.57799765467,0.485552240065627,0,0,"20,49"
560,"cgfm_shared",-2167.92097892419,0.237142651376847,1,0,"20,49"
560,"cgfm_time_varying",-2088.17422951437,0.487305892518132,0.853464426723426,0,"20,49"
561,"cgfm_independent",-2118.60817571669,0.494892588620827,0,0,"21,49"
561,"cgfm_shared",-2167.13790907104,0.240646413390148,1,0,"21,49"
561,"cgfm_time_varying",-2086.14375442338,0.496358669691255,0.853007223247682,0,"21,49"
562,"cgfm_independent",-2093.66062181582,0.47085799468509,0,0,"22,49"
562,"cgfm_shared",-2154.66849918267,0.220570919877076,1,0,"22,49"
562,"cgfm_time_varying",-2066.33999717686,0.472961589000161,0.838966722306509,0,"22,49"
563,"cgfm_independent",-2117.71968969138,0.489954891178547,0,0,"23,49"
563,"cgfm_shared",-2162.48615368936,0.240389313038664,1,0,"23,49"
563,"cgfm_time_varying",-2084.99030644232,0.491550193617989,0.855246642716789,0,"23,49"
564,"cgfm_independent",-2114.94908575633,0.485007874674488,0,0,"24,49"
564,"cgfm_shared",-2153.72176761983,0.24061503658173,1,0,"24,49"
564,"cgfm_time_varying",-2081.51306266211,0.486282492321704,0.858191030965609,0,"24,49"
565,"cgfm_independent",-2115.11342600809,0.491311605423215,0,0,"25,49"
565,"cgfm_shared",-2160.7445113839,0.239977191730429,1,0,"25,49"
565,"cgfm_time_varying",-2082.43642777074,0.492563006955587,0.854645934108407,0,"25,49"
566,"cgfm_independent",-2115.49340179891,0.464938909971967,0,0,"26,49"
566,"cgfm_shared",-2141.00274791779,0.236810316074172,1,0,"26,49"
566,"cgfm_time_varying",-2083.05775768879,0.464797025032655,0.856195838568518,0,"26,49"
567,"cgfm_independent",-2113.311257077,0.490049462881537,0,0,"27,49"
567,"cgfm_shared",-2157.71044723792,0.239462469904467,1,0,"27,49"
567,"cgfm_time_varying",-2080.32226405937,0.491363399727112,0.855256080747304,0,"27,49"
568,"cgfm_independent",-2120.72485155537,0.482263051830628,0,0,"28,49"
568,"cgfm_shared",-2169.01594662559,0.234330515235153,1,0,"28,49"
568,"cgfm_time_varying",-2088.74970589774,0.483840794225974,0.852079397343451,0,"28,49"
569,"cgfm_independent",-2116.1653446024,0.492767217233645,0,0,"29,49"
569,"cgfm_shared",-2162.29632817982,0.240516031047478,1,0,"29,49"
569,"cgfm_time_varying",-2083.3339904411,0.494202046503792,0.854214404960405,0,"29,49"
570,"cgfm_independent",-2097.70142109125,0.475079893667372,0,0,"30,49"
570,"cgfm_shared",-2156.01174389612,0.222173713363548,1,0,"30,49"
570,"cgfm_time_varying",-2069.45676191199,0.476830500251558,0.841626457184536,0,"30,49"
571,"cgfm_independent",-2132.10455614978,0.489849543782712,0,0,"1,50"
571,"cgfm_shared",-2182.41615717958,0.240775376342509,1,0,"1,50"
571,"cgfm_time_varying",-2100.22743901006,0.492379624257961,0.852487618619715,0,"1,50"
572,"cgfm_independent",-2130.37392081651,0.492449631083885,0,0,"2,50"
572,"cgfm_shared",-2178.91852377817,0.24360786582793,1,0,"2,50"
572,"cgfm_time_varying",-2097.98789209183,0.495002467494591,0.853802261529122,0,"2,50"
573,"cgfm_independent",-2128.69016171293,0.490986941480251,0,0,"3,50"
573,"cgfm_shared",-2173.57001070958,0.244468407787101,1,0,"3,50"
573,"cgfm_time_varying",-2095.72244151456,0.493430987685894,0.855715701949437,0,"3,50"
574,"cgfm_independent",-2131.31349290065,0.485380091154482,0,0,"4,50"
574,"cgfm_shared",-2179.06052594971,0.239647885492724,1,0,"4,50"
574,"cgfm_time_varying",-2099.21107918332,0.487663309092634,0.852944485228989,0,"4,50"
575,"cgfm_independent",-2128.35762704225,0.494659058821101,0,0,"5,50"
575,"cgfm_shared",-2178.09718635186,0.244594691632138,1,0,"5,50"
575,"cgfm_time_varying",-2096.25984924023,0.496624261556594,0.852539598011227,0,"5,50"
576,"cgfm_independent",-2129.12959067618,0.497597168631342,0,0,"6,50"
576,"cgfm_shared",-2180.91896814636,0.244594677770294,1,0,"6,50"
576,"cgfm_time_varying",-2097.15789764967,0.499609794582922,0.851701982328293,0,"6,50"
577,"cgfm_independent",-2130.72950788398,0.494273969820239,0,0,"7,50"
577,"cgfm_shared",-2180.01617150638,0.243876470878952,1,0,"7,50"
577,"cgfm_time_varying",-2098.53941270318,0.496502544187474,0.852984853402654,0,"7,50"
578,"cgfm_independent",-2124.89030748793,0.491504684233715,0,0,"8,50"
578,"cgfm_shared",-2170.61955456028,0.243058859512777,1,0,"8,50"
578,"cgfm_time_varying",-2092.2537214013,0.493447616992377,0.854474779800551,0,"8,50"
579,"cgfm_independent",-2126.88787411204,0.494960808159697,0,0,"9,50"
579,"cgfm_shared",-2176.49483653884,0.24418416030502,1,0,"9,50"
579,"cgfm_time_varying",-2094.67089963461,0.496982392321824,0.852844024277729,0,"9,50"
580,"cgfm_independent",-2129.68835493715,0.481966118093148,0,0,"10,50"
580,"cgfm_shared",-2172.4439540611,0.241711848457698,1,0,"10,50"
580,"cgfm_time_varying",-2096.98621852244,0.484059811099183,0.854995744101919,0,"10,50"
581,"cgfm_independent",-2132.77711587139,0.492833417266089,0,0,"11,50"
581,"cgfm_shared",-2184.77856527932,0.241419262102113,1,0,"11,50"
581,"cgfm_time_varying",-2101.02902538529,0.495387504024631,0.851798721806686,0,"11,50"
582,"cgfm_independent",-2126.21339344756,0.487406969916049,0,0,"12,50"
582,"cgfm_shared",-2165.01680599349,0.244606593815671,1,0,"12,50"
582,"cgfm_time_varying",-2092.78032515657,0.489544079177543,0.857875720979687,0,"12,50"
583,"cgfm_independent",-2128.41360808417,0.492033157906731,0,0,"13,50"
583,"cgfm_shared",-2170.34294972354,0.244476701129192,1,0,"13,50"
583,"cgfm_time_varying",-2096.12014844843,0.494002656494554,0.854822106337175,0,"13,50"
584,"cgfm_independent",-2126.7649998198,0.493021392876497,0,0,"14,50"
584,"cgfm_shared",-2173.1478174892,0.243846234884375,1,0,"14,50"
584,"cgfm_time_varying",-2094.793989714,0.495045343406419,0.853795214430823,0,"14,50"
585,"cgfm_independent",-2129.94697524101,0.489516970315175,0,0,"15,50"
585,"cgfm_shared",-2174.95806718734,0.243876437445215,1,0,"15,50"
585,"cgfm_time_varying",-2097.56763537048,0.491851356583924,0.854921496470604,0,"15,50"
586,"cgfm_independent",-2130.16293259687,0.49007048318642,0,0,"16,50"
586,"cgfm_shared",-2177.14544708738,0.243748196199204,1,0,"16,50"
586,"cgfm_time_varying",-2097.76515849968,0.492244425670023,0.853963518188162,0,"16,50"
587,"cgfm_independent",-2130.39479350597,0.474513116007803,0,0,"17,50"
587,"cgfm_shared",-2178.77519265011,0.232434417531206,1,0,"17,50"
587,"cgfm_time_varying",-2099.32122580989,0.475814722972449,0.849862650846571,0,"17,50"
588,"cgfm_independent",-2130.2753023899,0.494773454488287,0,0,"18,50"
588,"cgfm_shared",-2179.83583113809,0.244098225747329,1,0,"18,50"
588,"cgfm_time_varying",-2098.15286391864,0.496951091718982,0.852919921610319,0,"18,50"
589,"cgfm_independent",-2128.07501550664,0.49369910129991,0,0,"19,50"
589,"cgfm_shared",-2174.03993584244,0.244549399242322,1,0,"19,50"
589,"cgfm_time_varying",-2095.46994971956,0.495736390040934,0.854241397527739,0,"19,50"
590,"cgfm_independent",-2131.58706130436,0.487091419595127,0,0,"20,50"
590,"cgfm_shared",-2180.31182927131,0.24110741490468,1,0,"20,50"
590,"cgfm_time_varying",-2099.62006584256,0.489460461091648,0.852931852331756,0,"20,50"
591,"cgfm_independent",-2129.53535393217,0.496220044162335,0,0,"21,50"
591,"cgfm_shared",-2179.20886260483,0.244606592830795,1,0,"21,50"
591,"cgfm_time_varying",-2097.48894196214,0.498326420572066,0.852576893479881,0,"21,50"
592,"cgfm_independent",-2104.76665074395,0.472723797607402,0,0,"22,50"
592,"cgfm_shared",-2167.42711693311,0.224574632335767,1,0,"22,50"
592,"cgfm_time_varying",-2077.87103399435,0.475351694264485,0.838208821058077,0,"22,50"
593,"cgfm_independent",-2128.67361357242,0.491369914416747,0,0,"23,50"
593,"cgfm_shared",-2174.67375606937,0.244350159422243,1,0,"23,50"
593,"cgfm_time_varying",-2096.34620300247,0.493585482112033,0.854798424519698,0,"23,50"
594,"cgfm_independent",-2125.96107888859,0.486557477809146,0,0,"24,50"
594,"cgfm_shared",-2166.07797943171,0.244575564492714,1,0,"24,50"
594,"cgfm_time_varying",-2092.93732683439,0.488473105559386,0.857690160355013,0,"24,50"
595,"cgfm_independent",-2126.10809760968,0.492792085848353,0,0,"25,50"
595,"cgfm_shared",-2173.06918529457,0.243938833261137,1,0,"25,50"
595,"cgfm_time_varying",-2093.85588699304,0.494673654619751,0.854128515857726,0,"25,50"
596,"cgfm_independent",-2126.25247550948,0.4661293778961,0,0,"26,50"
596,"cgfm_shared",-2152.17780389847,0.240775386405776,1,0,"26,50"
596,"cgfm_time_varying",-2094.17378894971,0.466563671346582,0.856040335557615,0,"26,50"
597,"cgfm_independent",-2124.27326099813,0.491477655126703,0,0,"27,50"
597,"cgfm_shared",-2169.8863945614,0.243425041200916,1,0,"27,50"
597,"cgfm_time_varying",-2091.69661639396,0.493400038147797,0.854790820092597,0,"27,50"
598,"cgfm_independent",-2131.68318993621,0.483725968834094,0,0,"28,50"
598,"cgfm_shared",-2181.19435912502,0.238297432441102,1,0,"28,50"
598,"cgfm_time_varying",-2100.13046606957,0.485898651657431,0.851608977859315,0,"28,50"
599,"cgfm_independent",-2127.24482067383,0.494401130091659,0,0,"29,50"
599,"cgfm_shared",-2174.97922336001,0.244476845881021,1,0,"29,50"
599,"cgfm_time_varying",-2094.85889972939,0.496470092797637,0.853589373063216,0,"29,50"
600,"cgfm_independent",-2108.54478484729,0.476412962922911,0,0,"30,50"
600,"cgfm_shared",-2167.71302682845,0.226173504987061,1,0,"30,50"
600,"cgfm_time_varying",-2080.69714068919,0.478723130827305,0.841241933882838,0,"30,50"
601,"cgfm_independent",-2127.26852621858,0.494426740255518,0,0,"1,51"
601,"cgfm_shared",-2180.75108504891,0.241111058379589,1,0,"1,51"
601,"cgfm_time_varying",-2095.28302508745,0.49615309111696,0.850745000587329,0,"1,51"
602,"cgfm_independent",-2125.5222439722,0.497027798426852,0,0,"2,51"
602,"cgfm_shared",-2177.22940448759,0.24394375346367,1,0,"2,51"
602,"cgfm_time_varying",-2093.03478147994,0.498768499807618,0.852070718809628,0,"2,51"
603,"cgfm_independent",-2123.83615600491,0.495547676395045,0,0,"3,51"
603,"cgfm_shared",-2171.86846745832,0.244804273918835,1,0,"3,51"
603,"cgfm_time_varying",-2090.76860341933,0.497172713430851,0.85400303773135,0,"3,51"
604,"cgfm_independent",-2126.49793295028,0.489933922212478,0,0,"4,51"
604,"cgfm_shared",-2177.40711787392,0.239983920488043,1,0,"4,51"
604,"cgfm_time_varying",-2094.28768842556,0.491424092584129,0.851218184200374,0,"4,51"
605,"cgfm_independent",-2123.54212002337,0.49932837964992,0,0,"5,51"
605,"cgfm_shared",-2176.58463254152,0.244930977812513,1,0,"5,51"
605,"cgfm_time_varying",-2091.34635341806,0.500488673418407,0.85075932573278,0,"5,51"
606,"cgfm_independent",-2124.2774632396,0.5022528110495,0,0,"6,51"
606,"cgfm_shared",-2179.36431292535,0.244930548902515,1,0,"6,51"
606,"cgfm_time_varying",-2092.20634984423,0.503456755201621,0.849926097774397,0,"6,51"
607,"cgfm_independent",-2125.8094657115,0.498752436180058,0,0,"7,51"
607,"cgfm_shared",-2178.06627955152,0.244212330345185,1,0,"7,51"
607,"cgfm_time_varying",-2093.50401484929,0.500152122245561,0.85130677215185,0,"7,51"
608,"cgfm_independent",-2120.05730582764,0.496136298924762,0,0,"8,51"
608,"cgfm_shared",-2169.07712807988,0.243394577826186,1,0,"8,51"
608,"cgfm_time_varying",-2087.32621076165,0.497263610749161,0.852712297561554,0,"8,51"
609,"cgfm_independent",-2122.01309029343,0.499535441729308,0,0,"9,51"
609,"cgfm_shared",-2174.76051527583,0.2445202823097,1,0,"9,51"
609,"cgfm_time_varying",-2089.68918780988,0.500733078691641,0.851102301727713,0,"9,51"
610,"cgfm_independent",-2124.89490933116,0.486496890312413,0,0,"10,51"
610,"cgfm_shared",-2170.79913306997,0.242047866967529,1,0,"10,51"
610,"cgfm_time_varying",-2092.09317279697,0.487792794871076,0.853270035440782,0,"10,51"
611,"cgfm_independent",-2127.92234658008,0.497423144954853,0,0,"11,51"
611,"cgfm_shared",-2183.11005428584,0.241754953235267,1,0,"11,51"
611,"cgfm_time_varying",-2096.06487284241,0.499171542565987,0.850058334408045,0,"11,51"
612,"cgfm_independent",-2121.35565155206,0.491949553379235,0,0,"12,51"
612,"cgfm_shared",-2163.35231763696,0.244942598022846,1,0,"12,51"
612,"cgfm_time_varying",-2087.81476967984,0.493284855628866,0.856191615652856,0,"12,51"
613,"cgfm_independent",-2123.69826811786,0.496910541412828,0,0,"13,51"
613,"cgfm_shared",-2169.39058653622,0.24481255520877,1,0,"13,51"
613,"cgfm_time_varying",-2091.32927955098,0.498099348589812,0.852900243031666,0,"13,51"
614,"cgfm_independent",-2121.9825826623,0.497767232985384,0,0,"14,51"
614,"cgfm_shared",-2171.8340374312,0.244182280999505,1,0,"14,51"
614,"cgfm_time_varying",-2089.91656721948,0.498987222541247,0.851945580563957,0,"14,51"
615,"cgfm_independent",-2125.12796368495,0.49413247845433,0,0,"15,51"
615,"cgfm_shared",-2173.43894837796,0.244212337342989,1,0,"15,51"
615,"cgfm_time_varying",-2092.64094296778,0.495662565459404,0.853170588805332,0,"15,51"
616,"cgfm_independent",-2125.3552633499,0.494694744337967,0,0,"16,51"
616,"cgfm_shared",-2175.63396389546,0.24408412081781,1,0,"16,51"
616,"cgfm_time_varying",-2092.86393100393,0.496070378176085,0.85220855587033,0,"16,51"
617,"cgfm_independent",-2125.66163849486,0.479054771626912,0,0,"17,51"
617,"cgfm_shared",-2177.29706873353,0.232770104597453,1,0,"17,51"
617,"cgfm_time_varying",-2094.47248348811,0.479602314487016,0.848051683995914,0,"17,51"
618,"cgfm_independent",-2125.35902261186,0.499261925708806,0,0,"18,51"
618,"cgfm_shared",-2177.90123272701,0.244434111931241,1,0,"18,51"
618,"cgfm_time_varying",-2093.12508911455,0.50061069411384,0.851232737749788,0,"18,51"
619,"cgfm_independent",-2123.2546225177,0.49838674286607,0,0,"19,51"
619,"cgfm_shared",-2172.63818663669,0.244885258465001,1,0,"19,51"
619,"cgfm_time_varying",-2090.55548960547,0.499626013957192,0.852463570320463,0,"19,51"
620,"cgfm_independent",-2126.76426325388,0.491643307985724,0,0,"20,51"
620,"cgfm_shared",-2178.66257101017,0.241442790721354,1,0,"20,51"
620,"cgfm_time_varying",-2094.68550591447,0.493213936873077,0.851204048186569,0,"20,51"
621,"cgfm_independent",-2124.69972536622,0.500895619142999,0,0,"21,51"
621,"cgfm_shared",-2177.72143746984,0.244941955039758,1,0,"21,51"
621,"cgfm_time_varying",-2092.54900790808,0.502191712744758,0.850798735205854,0,"21,51"
622,"cgfm_independent",-2099.80922941797,0.476952459158317,0,0,"22,51"
622,"cgfm_shared",-2165.12658765104,0.224912798593011,1,0,"22,51"
622,"cgfm_time_varying",-2072.73424536752,0.478841323719552,0.836528473792103,0,"22,51"
623,"cgfm_independent",-2123.79439112104,0.495890556689691,0,0,"23,51"
623,"cgfm_shared",-2172.90363875171,0.244686029961912,1,0,"23,51"
623,"cgfm_time_varying",-2091.36707337913,0.497301924576741,0.853082127980454,0,"23,51"
624,"cgfm_independent",-2121.09290650457,0.491032891122578,0,0,"24,51"
624,"cgfm_shared",-2164.28420117675,0.244911499162725,1,0,"24,51"
624,"cgfm_time_varying",-2087.9754392482,0.492135026303706,0.856010780563516,0,"24,51"
625,"cgfm_independent",-2121.24829830451,0.497372847948707,0,0,"25,51"
625,"cgfm_shared",-2171.37935265601,0.244274740431704,1,0,"25,51"
625,"cgfm_time_varying",-2088.89350486933,0.498445965343486,0.852405923605161,0,"25,51"
626,"cgfm_independent",-2121.68712881529,0.470889667870093,0,0,"26,51"
626,"cgfm_shared",-2151.43166155371,0.241111398677113,1,0,"26,51"
626,"cgfm_time_varying",-2089.54301979129,0.470612245599066,0.854034581391349,0,"26,51"
627,"cgfm_independent",-2119.43229421562,0.496086343281516,0,0,"27,51"
627,"cgfm_shared",-2168.25731700509,0.243761000970272,1,0,"27,51"
627,"cgfm_time_varying",-2086.76657116095,0.497201720934464,0.853017123739776,0,"27,51"
628,"cgfm_independent",-2126.89475124767,0.488296740347075,0,0,"28,51"
628,"cgfm_shared",-2179.64216920109,0.238633452737932,1,0,"28,51"
628,"cgfm_time_varying",-2095.22722299829,0.489689507986157,0.849841521335453,0,"28,51"
629,"cgfm_independent",-2122.31373305223,0.498865620459216,0,0,"29,51"
629,"cgfm_shared",-2173.01613044854,0.244812567294654,1,0,"29,51"
629,"cgfm_time_varying",-2089.81391207896,0.50011477460586,0.851915639820982,0,"29,51"
630,"cgfm_independent",-2103.8133197642,0.481116442001201,0,0,"30,51"
630,"cgfm_shared",-2166.39132837488,0.226511447984025,1,0,"30,51"
630,"cgfm_time_varying",-2075.81565546407,0.482681001005316,0.839301533642139,0,"30,51"
631,"cgfm_independent",-2116.77339507328,0.483574664118263,0,0,"1,52"
631,"cgfm_shared",-2170.62631095527,0.230569822674323,1,0,"1,52"
631,"cgfm_time_varying",-2085.96208857209,0.485364043160203,0.84836102737523,0,"1,52"
632,"cgfm_independent",-2115.01982105584,0.486138962968682,0,0,"2,52"
632,"cgfm_shared",-2167.0109305214,0.23341097651856,1,0,"2,52"
632,"cgfm_time_varying",-2083.69123865372,0.487943192036423,0.849798528093073,0,"2,52"
633,"cgfm_independent",-2113.33894614307,0.484678909289529,0,0,"3,52"
633,"cgfm_shared",-2161.71799660264,0.234274761617171,1,0,"3,52"
633,"cgfm_time_varying",-2081.44458198382,0.486359709411945,0.851782693115237,0,"3,52"
634,"cgfm_independent",-2116.0316150607,0.479181429014629,0,0,"4,52"
634,"cgfm_shared",-2167.47807207211,0.229439909370354,1,0,"4,52"
634,"cgfm_time_varying",-2085.01216583477,0.480731199881893,0.848770129900042,0,"4,52"
635,"cgfm_independent",-2113.08037254223,0.488501413238121,0,0,"5,52"
635,"cgfm_shared",-2166.4386907492,0.234401592972217,1,0,"5,52"
635,"cgfm_time_varying",-2082.04928858525,0.489742422899678,0.848397200212897,0,"5,52"
636,"cgfm_independent",-2113.89760992796,0.491518048897656,0,0,"6,52"
636,"cgfm_shared",-2169.39141416482,0.234401566179746,1,0,"6,52"
636,"cgfm_time_varying",-2082.99844974867,0.492811528632,0.847494633630488,0,"6,52"
637,"cgfm_independent",-2115.38293317262,0.487963875725655,0,0,"7,52"
637,"cgfm_shared",-2168.07281064809,0.233680215949436,1,0,"7,52"
637,"cgfm_time_varying",-2084.24509550848,0.489447260438636,0.848972676784143,0,"7,52"
638,"cgfm_independent",-2109.58086238052,0.485245640592996,0,0,"8,52"
638,"cgfm_shared",-2158.88902860845,0.232858973612334,1,0,"8,52"
638,"cgfm_time_varying",-2078.01658236555,0.486451679228932,0.850451303998963,0,"8,52"
639,"cgfm_independent",-2111.53706741307,0.488649564355696,0,0,"9,52"
639,"cgfm_shared",-2164.55503371748,0.233989190680475,1,0,"9,52"
639,"cgfm_time_varying",-2080.37950971234,0.489930961405004,0.84883227984454,0,"9,52"
640,"cgfm_independent",-2114.30993672307,0.475617665256603,0,0,"10,52"
640,"cgfm_shared",-2160.61347220357,0.231508937153313,1,0,"10,52"
640,"cgfm_time_varying",-2082.67710338079,0.476976348343663,0.851014805902757,0,"10,52"
641,"cgfm_independent",-2117.47971803884,0.486618547153583,0,0,"11,52"
641,"cgfm_shared",-2173.0709195008,0.231215492124418,1,0,"11,52"
641,"cgfm_time_varying",-2086.7996597281,0.488438480906044,0.847627828653797,0,"11,52"
642,"cgfm_independent",-2110.97041004223,0.481272688665561,0,0,"12,52"
642,"cgfm_shared",-2153.65924831613,0.234413528328391,1,0,"12,52"
642,"cgfm_time_varying",-2078.67276495559,0.48265657520867,0.853803336715178,0,"12,52"
643,"cgfm_independent",-2113.09607000248,0.485771050590169,0,0,"13,52"
643,"cgfm_shared",-2158.6571123843,0.234283057126714,1,0,"13,52"
643,"cgfm_time_varying",-2081.89157187828,0.48700446287486,0.850770003997468,0,"13,52"
644,"cgfm_independent",-2111.45496642499,0.486774930941467,0,0,"14,52"
644,"cgfm_shared",-2161.43063959278,0.233649644533961,1,0,"14,52"
644,"cgfm_time_varying",-2080.57138709477,0.488065388995339,0.849710346122719,0,"14,52"
645,"cgfm_independent",-2114.58514967132,0.483184568465138,0,0,"15,52"
645,"cgfm_shared",-2163.08047552191,0.233680535929448,1,0,"15,52"
645,"cgfm_time_varying",-2083.27780040778,0.484769277800799,0.850955805149526,0,"15,52"
646,"cgfm_independent",-2114.87712237986,0.48389814326637,0,0,"16,52"
646,"cgfm_shared",-2165.55114836422,0.233551851535444,1,0,"16,52"
646,"cgfm_time_varying",-2083.55781292089,0.485341699823992,0.849835209231826,0,"16,52"
647,"cgfm_independent",-2115.04638458481,0.468227926677974,0,0,"17,52"
647,"cgfm_shared",-2167.17230815423,0.222221387420006,1,0,"17,52"
647,"cgfm_time_varying",-2085.05535970223,0.468856833333192,0.845525457958729,0,"17,52"
648,"cgfm_independent",-2114.95763484268,0.488518550065672,0,0,"18,52"
648,"cgfm_shared",-2167.98132209609,0.233903143126622,1,0,"18,52"
648,"cgfm_time_varying",-2083.88700747258,0.489952727170672,0.848856892627822,0,"18,52"
649,"cgfm_independent",-2112.90338497949,0.487716679626017,0,0,"19,52"
649,"cgfm_shared",-2162.83278058558,0.234356098624918,1,0,"19,52"
649,"cgfm_time_varying",-2081.41052008919,0.489026779910241,0.849997929729821,0,"19,52"
650,"cgfm_independent",-2116.2051376317,0.480739272159764,0,0,"20,52"
650,"cgfm_shared",-2168.38948748317,0.230903564633664,1,0,"20,52"
650,"cgfm_time_varying",-2085.30012998884,0.482362277429898,0.848871168249825,0,"20,52"
651,"cgfm_independent",-2114.23083808241,0.489997415655261,0,0,"21,52"
651,"cgfm_shared",-2167.43486003824,0.234413519759558,1,0,"21,52"
651,"cgfm_time_varying",-2083.25075740776,0.491370763066817,0.848505785778792,0,"21,52"
652,"cgfm_independent",-2089.47093819507,0.466347095246302,0,0,"22,52"
652,"cgfm_shared",-2155.92831926172,0.214265952025554,1,0,"22,52"
652,"cgfm_time_varying",-2063.60234895211,0.468353703409057,0.833110602545116,0,"22,52"
653,"cgfm_independent",-2113.39822398058,0.485207032147421,0,0,"23,52"
653,"cgfm_shared",-2163.1076788959,0.234156059789297,1,0,"23,52"
653,"cgfm_time_varying",-2082.15140684763,0.48669294023372,0.850687537041565,0,"23,52"
654,"cgfm_independent",-2110.69614616978,0.480411255020335,0,0,"24,52"
654,"cgfm_shared",-2154.64342468577,0.234382497670018,1,0,"24,52"
654,"cgfm_time_varying",-2078.77603150966,0.481586470640768,0.853623100279978,0,"24,52"
655,"cgfm_independent",-2110.94651910028,0.486824228102348,0,0,"25,52"
655,"cgfm_shared",-2161.86578223585,0.233742681037009,1,0,"25,52"
655,"cgfm_time_varying",-2079.79952154033,0.487980957235421,0.849857435302139,0,"25,52"
656,"cgfm_independent",-2110.91428455219,0.459868951094653,0,0,"26,52"
656,"cgfm_shared",-2140.92876145396,0.23056997042754,1,0,"26,52"
656,"cgfm_time_varying",-2079.98411313854,0.459633137019702,0.851773695247977,0,"26,52"
657,"cgfm_independent",-2109.04612287204,0.485380749991591,0,0,"27,52"
657,"cgfm_shared",-2158.48682978017,0.233226405331569,1,0,"27,52"
657,"cgfm_time_varying",-2077.56364867004,0.486576152085481,0.85062937491385,0,"27,52"
658,"cgfm_independent",-2116.32330330093,0.477416289613755,0,0,"28,52"
658,"cgfm_shared",-2169.40873102217,0.228086937157912,1,0,"28,52"
658,"cgfm_time_varying",-2085.84025873019,0.478869671047011,0.847425974715646,0,"28,52"
659,"cgfm_independent",-2111.99309224339,0.488273284552412,0,0,"29,52"
659,"cgfm_shared",-2163.42802154262,0.234283029704718,1,0,"29,52"
659,"cgfm_time_varying",-2080.69216416189,0.48960576215282,0.849442591170956,0,"29,52"
660,"cgfm_independent",-2093.15057233042,0.469886133016309,0,0,"30,52"
660,"cgfm_shared",-2155.93368163357,0.215865988662879,1,0,"30,52"
660,"cgfm_time_varying",-2066.34213203344,0.471577582989829,0.836464072518768,0,"30,52"
661,"cgfm_independent",-2131.61478471434,0.472951703295065,0,0,"1,53"
661,"cgfm_shared",-2189.80892164173,0.228217027454176,1,0,"1,53"
661,"cgfm_time_varying",-2101.12566088469,0.474782239888832,0.846186141315793,0,"1,53"
662,"cgfm_independent",-2129.89765761808,0.475474755026814,0,0,"2,53"
662,"cgfm_shared",-2186.26216460425,0.231049169329514,1,0,"2,53"
662,"cgfm_time_varying",-2098.89349016337,0.477342731684299,0.847636038979797,0,"2,53"
663,"cgfm_independent",-2128.24297378793,0.474115394475279,0,0,"3,53"
663,"cgfm_shared",-2181.08181598794,0.231910498357774,1,0,"3,53"
663,"cgfm_time_varying",-2096.68875983955,0.475884434811761,0.849557662656722,0,"3,53"
664,"cgfm_independent",-2130.72340803805,0.468511145642567,0,0,"4,53"
664,"cgfm_shared",-2186.32255367062,0.227090745984191,1,0,"4,53"
664,"cgfm_time_varying",-2099.99814163391,0.470129603160054,0.846720345105113,0,"4,53"
665,"cgfm_independent",-2127.94982198488,0.477727390183581,0,0,"5,53"
665,"cgfm_shared",-2185.5794623858,0.232036971983426,1,0,"5,53"
665,"cgfm_time_varying",-2097.22748176016,0.479036165711296,0.846303265966381,0,"5,53"
666,"cgfm_independent",-2128.74695245332,0.480554514881249,0,0,"6,53"
666,"cgfm_shared",-2188.37441356375,0.232036960915212,1,0,"6,53"
666,"cgfm_time_varying",-2098.13590748638,0.48191086551214,0.845503229441714,0,"6,53"
667,"cgfm_independent",-2130.2933726414,0.477257094964884,0,0,"7,53"
667,"cgfm_shared",-2187.36912503781,0.231317935797999,1,0,"7,53"
667,"cgfm_time_varying",-2099.4838579278,0.478803615784991,0.846792244192715,0,"7,53"
668,"cgfm_independent",-2124.40824059929,0.474493479673366,0,0,"8,53"
668,"cgfm_shared",-2178.00230962255,0.230497848265322,1,0,"8,53"
668,"cgfm_time_varying",-2093.15683353591,0.475788411265868,0.848334247389273,0,"8,53"
669,"cgfm_independent",-2126.49170784689,0.477995305788407,0,0,"9,53"
669,"cgfm_shared",-2183.99776104931,0.231625688524003,1,0,"9,53"
669,"cgfm_time_varying",-2095.65256550333,0.47936088485513,0.846623647136651,0,"9,53"
670,"cgfm_independent",-2129.08282401125,0.465277442669673,0,0,"10,53"
670,"cgfm_shared",-2179.78110019954,0.229152941461556,1,0,"10,53"
670,"cgfm_time_varying",-2097.79344242575,0.466712592219283,0.848785525190194,0,"10,53"
671,"cgfm_independent",-2132.34019716279,0.475879124875469,0,0,"11,53"
671,"cgfm_shared",-2192.2158838623,0.228860469449754,1,0,"11,53"
671,"cgfm_time_varying",-2101.97587547906,0.477729787141356,0.845494413427199,0,"11,53"
672,"cgfm_independent",-2125.75596981746,0.470621718984665,0,0,"12,53"
672,"cgfm_shared",-2172.73344729316,0.232048880071452,1,0,"12,53"
672,"cgfm_time_varying",-2093.76148098339,0.472117978457014,0.851721801542781,0,"12,53"
673,"cgfm_independent",-2128.05736836363,0.475242681624177,0,0,"13,53"
673,"cgfm_shared",-2178.27226169128,0.23191876243073,1,0,"13,53"
673,"cgfm_time_varying",-2097.17762014875,0.476564163959479,0.848507194250619,0,"13,53"
674,"cgfm_independent",-2126.3914221655,0.476153664453716,0,0,"14,53"
674,"cgfm_shared",-2180.86966824556,0.231287255610728,1,0,"14,53"
674,"cgfm_time_varying",-2095.81579515555,0.47752057073101,0.847503732242186,0,"14,53"
675,"cgfm_independent",-2129.52416237558,0.472768800916462,0,0,"15,53"
675,"cgfm_shared",-2182.69094937235,0.231317966840611,1,0,"15,53"
675,"cgfm_time_varying",-2098.5611213538,0.474430017766514,0.848640966094961,0,"15,53"
676,"cgfm_independent",-2129.66291789646,0.473194199910477,0,0,"16,53"
676,"cgfm_shared",-2184.52379726414,0.231189616524374,1,0,"16,53"
676,"cgfm_time_varying",-2098.65577870992,0.474701686199454,0.847783336659999,0,"16,53"
677,"cgfm_independent",-2129.75549043444,0.458137059714466,0,0,"17,53"
677,"cgfm_shared",-2186.34821652786,0.219899973222351,1,0,"17,53"
677,"cgfm_time_varying",-2100.08408188238,0.45883248698575,0.843253283884781,0,"17,53"
678,"cgfm_independent",-2129.81873495212,0.477703235907879,0,0,"18,53"
678,"cgfm_shared",-2187.10439165886,0.231539901840549,1,0,"18,53"
678,"cgfm_time_varying",-2099.07043600475,0.479201226629605,0.846748231088755,0,"18,53"
679,"cgfm_independent",-2127.67934019616,0.476771344433516,0,0,"19,53"
679,"cgfm_shared",-2181.68139797799,0.231991591223902,1,0,"19,53"
679,"cgfm_time_varying",-2096.47474272216,0.478158185993845,0.848032815014229,0,"19,53"
680,"cgfm_independent",-2131.07431451164,0.470325369587628,0,0,"20,53"
680,"cgfm_shared",-2187.74598106669,0.228548788126443,1,0,"20,53"
680,"cgfm_time_varying",-2100.50535859278,0.472003775693358,0.846613955037988,0,"20,53"
681,"cgfm_independent",-2129.18711918315,0.479288339855448,0,0,"21,53"
681,"cgfm_shared",-2186.87231519883,0.232048898688266,1,0,"21,53"
681,"cgfm_time_varying",-2098.52460526625,0.48072954481159,0.846314078359479,0,"21,53"
682,"cgfm_independent",-2103.93409283405,0.455660695304422,0,0,"22,53"
682,"cgfm_shared",-2174.38329234414,0.211956203160019,1,0,"22,53"
682,"cgfm_time_varying",-2078.36336268712,0.457610660211754,0.830945774250944,0,"22,53"
683,"cgfm_independent",-2128.17580818002,0.474396626035067,0,0,"23,53"
683,"cgfm_shared",-2181.98794257249,0.231792118327521,1,0,"23,53"
683,"cgfm_time_varying",-2097.24042538749,0.475944715346875,0.848647692999274,0,"23,53"
684,"cgfm_independent",-2125.36932121833,0.469637965187369,0,0,"24,53"
684,"cgfm_shared",-2173.27128215774,0.232017806053849,1,0,"24,53"
684,"cgfm_time_varying",-2093.7600219614,0.470894361086682,0.851638155289374,0,"24,53"
685,"cgfm_independent",-2125.63159369032,0.475758211873228,0,0,"25,53"
685,"cgfm_shared",-2180.37077648089,0.231379808688996,1,0,"25,53"
685,"cgfm_time_varying",-2094.75882618647,0.47698887011073,0.848002093216749,0,"25,53"
686,"cgfm_independent",-2125.60179967349,0.450133641807723,0,0,"26,53"
686,"cgfm_shared",-2160.33654892689,0.228217051482906,1,0,"26,53"
686,"cgfm_time_varying",-2095.00804955552,0.450040099673497,0.849439003824159,0,"26,53"
687,"cgfm_independent",-2123.78237102076,0.474451286187728,0,0,"27,53"
687,"cgfm_shared",-2177.21373947852,0.230864866326785,1,0,"27,53"
687,"cgfm_time_varying",-2092.5909082546,0.47573841715252,0.848676014359576,0,"27,53"
688,"cgfm_independent",-2131.15820239108,0.467102165409807,0,0,"28,53"
688,"cgfm_shared",-2188.75168948374,0.225742519979917,1,0,"28,53"
688,"cgfm_time_varying",-2101.00812311787,0.468603654174499,0.845150518857622,0,"28,53"
689,"cgfm_independent",-2126.81986224465,0.4773884143591,0,0,"29,53"
689,"cgfm_shared",-2182.3705955527,0.23191875282089,1,0,"29,53"
689,"cgfm_time_varying",-2095.82446494845,0.478798135954626,0.847401225310015,0,"29,53"
690,"cgfm_independent",-2107.96397574766,0.459640548287075,0,0,"30,53"
690,"cgfm_shared",-2175.43820685601,0.213560672995332,1,0,"30,53"
690,"cgfm_time_varying",-2081.47634232523,0.461298473478758,0.833949164598803,0,"30,53"
691,"cgfm_independent",-2134.8757373975,0.484092497042665,0,0,"1,54"
691,"cgfm_shared",-2201.11197128109,0.230706727213651,1,0,"1,54"
691,"cgfm_time_varying",-2104.68294174149,0.487060728722504,0.844800822245843,0,"1,54"
692,"cgfm_independent",-2133.1606417853,0.486687553782261,0,0,"2,54"
692,"cgfm_shared",-2197.64846766678,0.233539948360209,1,0,"2,54"
692,"cgfm_time_varying",-2102.47022765588,0.48969719889882,0.846213118904127,0,"2,54"
693,"cgfm_independent",-2131.45866496344,0.485209604277924,0,0,"3,54"
693,"cgfm_shared",-2192.26542686522,0.234401392659996,1,0,"3,54"
693,"cgfm_time_varying",-2100.1980760649,0.488124405101576,0.848229041626504,0,"3,54"
694,"cgfm_independent",-2134.09671826827,0.479710711596812,0,0,"4,54"
694,"cgfm_shared",-2197.85600518915,0.229579771066867,1,0,"4,54"
694,"cgfm_time_varying",-2103.70135600276,0.482447780907115,0.845210966301362,0,"4,54"
695,"cgfm_independent",-2131.19039027879,0.488954286381053,0,0,"5,54"
695,"cgfm_shared",-2196.96269812361,0.234527849526598,1,0,"5,54"
695,"cgfm_time_varying",-2100.77842305954,0.491398882617947,0.844856269791008,0,"5,54"
696,"cgfm_independent",-2131.97817956603,0.491870080389991,0,0,"6,54"
696,"cgfm_shared",-2199.8116886128,0.234527806268075,1,0,"6,54"
696,"cgfm_time_varying",-2101.68134375254,0.494367480165227,0.844048981663006,0,"6,54"
697,"cgfm_independent",-2133.52452390459,0.488486114392565,0,0,"7,54"
697,"cgfm_shared",-2198.7125868178,0.233808781626374,1,0,"7,54"
697,"cgfm_time_varying",-2103.02103930509,0.491181000581438,0.845389130476262,0,"7,54"
698,"cgfm_independent",-2127.67180487342,0.485721430421271,0,0,"8,54"
698,"cgfm_shared",-2189.34655833368,0.232988863770234,1,0,"8,54"
698,"cgfm_time_varying",-2096.73573306173,0.488152961804172,0.846898544197706,0,"8,54"
699,"cgfm_independent",-2129.7152673052,0.489228146189379,0,0,"9,54"
699,"cgfm_shared",-2195.33202603789,0.234116566851816,1,0,"9,54"
699,"cgfm_time_varying",-2099.18711314674,0.49173160324625,0.845209705529123,0,"9,54"
700,"cgfm_independent",-2132.40589101254,0.476248059257361,0,0,"10,54"
700,"cgfm_shared",-2191.04360401861,0.231643093275092,1,0,"10,54"
700,"cgfm_time_varying",-2101.41694123394,0.47879880529127,0.847396755083294,0,"10,54"
701,"cgfm_independent",-2135.57150639646,0.487067875404318,0,0,"11,54"
701,"cgfm_shared",-2203.51301428204,0.231350444827056,1,0,"11,54"
701,"cgfm_time_varying",-2105.50017038777,0.490064120228017,0.844119023232583,0,"11,54"
702,"cgfm_independent",-2129.09681076267,0.481880040338522,0,0,"12,54"
702,"cgfm_shared",-2184.24618032893,0.234539762682436,1,0,"12,54"
702,"cgfm_time_varying",-2097.44377786054,0.484539393981852,0.850230550696346,0,"12,54"
703,"cgfm_independent",-2131.29442329671,0.486441173537077,0,0,"13,54"
703,"cgfm_shared",-2189.53881603385,0.234409634966314,1,0,"13,54"
703,"cgfm_time_varying",-2100.72638338941,0.488923995159302,0.847066346761579,0,"13,54"
704,"cgfm_independent",-2129.62559571743,0.487370950945468,0,0,"14,54"
704,"cgfm_shared",-2192.1722533077,0.233777915729855,1,0,"14,54"
704,"cgfm_time_varying",-2099.35971783962,0.489897612114022,0.846063434306784,0,"14,54"
705,"cgfm_independent",-2132.784372703,0.483897953404272,0,0,"15,54"
705,"cgfm_shared",-2193.97440873744,0.233808803177019,1,0,"15,54"
705,"cgfm_time_varying",-2102.12795467735,0.486710369516317,0.847236100774717,0,"15,54"
706,"cgfm_independent",-2132.93760772245,0.484332613709598,0,0,"16,54"
706,"cgfm_shared",-2195.87094467826,0.233680354209293,1,0,"16,54"
706,"cgfm_time_varying",-2102.23958571072,0.48697068713042,0.846349726140584,0,"16,54"
707,"cgfm_independent",-2133.17087152243,0.469030006825921,0,0,"17,54"
707,"cgfm_shared",-2197.7080540501,0.222381718589431,1,0,"17,54"
707,"cgfm_time_varying",-2103.8014187759,0.470796265543182,0.841771000853995,0,"17,54"
708,"cgfm_independent",-2133.05844796394,0.488957951379529,0,0,"18,54"
708,"cgfm_shared",-2198.48791281347,0.23403069808062,1,0,"18,54"
708,"cgfm_time_varying",-2102.6197275654,0.491600967171881,0.845314827494663,0,"18,54"
709,"cgfm_independent",-2130.93274915991,0.488038904011001,0,0,"19,54"
709,"cgfm_shared",-2193.07533813299,0.234482554227957,1,0,"19,54"
709,"cgfm_time_varying",-2100.04240091784,0.490576774168491,0.84659217917956,0,"19,54"
710,"cgfm_independent",-2134.33190857347,0.481344468180978,0,0,"20,54"
710,"cgfm_shared",-2198.9499164702,0.231038621633824,1,0,"20,54"
710,"cgfm_time_varying",-2104.05219175954,0.484146094091906,0.845259040249776,0,"20,54"
711,"cgfm_independent",-2132.37937063718,0.490503223576869,0,0,"21,54"
711,"cgfm_shared",-2198.12955665735,0.234539788182899,1,0,"21,54"
711,"cgfm_time_varying",-2102.01566457171,0.49309364571956,0.844929094511932,0,"21,54"
712,"cgfm_independent",-2107.4560339452,0.466963787990105,0,0,"22,54"
712,"cgfm_shared",-2186.0331378059,0.214452359936923,1,0,"22,54"
712,"cgfm_time_varying",-2082.16196040563,0.469960894233433,0.829267200902691,0,"22,54"
713,"cgfm_independent",-2131.45006561469,0.485602967589877,0,0,"23,54"
713,"cgfm_shared",-2193.38839331295,0.23428298585573,1,0,"23,54"
713,"cgfm_time_varying",-2100.82911612726,0.48830270729137,0.847196745256397,0,"23,54"
714,"cgfm_independent",-2128.68000780679,0.480757865103626,0,0,"24,54"
714,"cgfm_shared",-2184.6421348529,0.234508723135031,1,0,"24,54"
714,"cgfm_time_varying",-2097.3909574039,0.48316263392877,0.850178707921253,0,"24,54"
715,"cgfm_independent",-2128.9031121357,0.48701999336784,0,0,"25,54"
715,"cgfm_shared",-2191.79626649731,0.23387074859488,1,0,"25,54"
715,"cgfm_time_varying",-2098.34606030983,0.489400149037647,0.846526693374841,0,"25,54"
716,"cgfm_independent",-2129.09273242251,0.460904536500264,0,0,"26,54"
716,"cgfm_shared",-2171.6622868175,0.230706707732165,1,0,"26,54"
716,"cgfm_time_varying",-2098.82701612037,0.461898990805569,0.847855288565081,0,"26,54"
717,"cgfm_independent",-2127.07185277614,0.485726399049088,0,0,"27,54"
717,"cgfm_shared",-2188.66536519672,0.233355837526255,1,0,"27,54"
717,"cgfm_time_varying",-2096.20383783742,0.488155125480269,0.847203704954615,0,"27,54"
718,"cgfm_independent",-2134.46477407745,0.478103089035819,0,0,"28,54"
718,"cgfm_shared",-2200.02760691297,0.228230582559156,1,0,"28,54"
718,"cgfm_time_varying",-2104.6077174905,0.480717316758331,0.843750579039987,0,"28,54"
719,"cgfm_independent",-2130.03079720604,0.48859295820651,0,0,"29,54"
719,"cgfm_shared",-2193.65770958814,0.234409655333912,1,0,"29,54"
719,"cgfm_time_varying",-2099.33532502247,0.491147419983364,0.846022788096692,0,"29,54"
720,"cgfm_independent",-2111.35143481379,0.470824185514938,0,0,"30,54"
720,"cgfm_shared",-2186.76569472366,0.216056002462363,1,0,"30,54"
720,"cgfm_time_varying",-2085.1281192633,0.473557954884706,0.832417244282,0,"30,54"
721,"cgfm_independent",-2127.92231690334,0.489895687639227,0,0,"1,55"
721,"cgfm_shared",-2174.98550722718,0.241634035208926,1,0,"1,55"
721,"cgfm_time_varying",-2094.88046641102,0.492105287993604,0.855548779667048,0,"1,55"
722,"cgfm_independent",-2126.17290835716,0.492467616251292,0,0,"2,55"
722,"cgfm_shared",-2171.43339084132,0.244465823081286,1,0,"2,55"
722,"cgfm_time_varying",-2092.61548867965,0.494697586523283,0.856843075888521,0,"2,55"
723,"cgfm_independent",-2124.53625745905,0.491092546650191,0,0,"3,55"
723,"cgfm_shared",-2166.27372362682,0.245326186185864,1,0,"3,55"
723,"cgfm_time_varying",-2090.4000542163,0.493229618196593,0.858654347067673,0,"3,55"
724,"cgfm_independent",-2127.10489085031,0.48537000187902,0,0,"4,55"
724,"cgfm_shared",-2171.54301999413,0.240506416648889,1,0,"4,55"
724,"cgfm_time_varying",-2093.81959170385,0.487346841710718,0.856049932010169,0,"4,55"
725,"cgfm_independent",-2124.23398756794,0.494820913789036,0,0,"5,55"
725,"cgfm_shared",-2170.89436706843,0.245451906031256,1,0,"5,55"
725,"cgfm_time_varying",-2090.98128712417,0.496462002659833,0.855555862869065,0,"5,55"
726,"cgfm_independent",-2124.96602208888,0.497699198924818,0,0,"6,55"
726,"cgfm_shared",-2173.62536685441,0.245452441093199,1,0,"6,55"
726,"cgfm_time_varying",-2091.84173600776,0.49937443483128,0.854726280086292,0,"6,55"
727,"cgfm_independent",-2126.51118057606,0.494259419993864,0,0,"7,55"
727,"cgfm_shared",-2172.43626668002,0.244734343980813,1,0,"7,55"
727,"cgfm_time_varying",-2093.15180439902,0.496141932712972,0.856049253294719,0,"7,55"
728,"cgfm_independent",-2120.68430836264,0.491518836481666,0,0,"8,55"
728,"cgfm_shared",-2163.17529097221,0.243917103285565,1,0,"8,55"
728,"cgfm_time_varying",-2086.87110708143,0.493120832186061,0.857513980413831,0,"8,55"
729,"cgfm_independent",-2122.73041752058,0.495063198779243,0,0,"9,55"
729,"cgfm_shared",-2169.16631832761,0.245042028525672,1,0,"9,55"
729,"cgfm_time_varying",-2089.35652608731,0.496739528190912,0.855842014623734,0,"9,55"
730,"cgfm_independent",-2125.55093670345,0.482079376838365,0,0,"10,55"
730,"cgfm_shared",-2165.15832257771,0.242570235948068,1,0,"10,55"
730,"cgfm_time_varying",-2091.68211950655,0.483873927660305,0.857968951145601,0,"10,55"
731,"cgfm_independent",-2128.60374669031,0.492903465992176,0,0,"11,55"
731,"cgfm_shared",-2177.40074560029,0.242277566560822,1,0,"11,55"
731,"cgfm_time_varying",-2095.70062864346,0.495130229052556,0.854844854532193,0,"11,55"
732,"cgfm_independent",-2122.0437603066,0.487493884566459,0,0,"12,55"
732,"cgfm_shared",-2157.74378037834,0.24546431174347,1,0,"12,55"
732,"cgfm_time_varying",-2087.42927042264,0.489321686118443,0.860798372019048,0,"12,55"
733,"cgfm_independent",-2124.35863442952,0.492341831681598,0,0,"13,55"
733,"cgfm_shared",-2163.55315547011,0.245334434980891,1,0,"13,55"
733,"cgfm_time_varying",-2090.91638077647,0.493983158223846,0.857680940360618,0,"13,55"
734,"cgfm_independent",-2122.69437619008,0.493291474064192,0,0,"14,55"
734,"cgfm_shared",-2166.21027933214,0.244704206959934,1,0,"14,55"
734,"cgfm_time_varying",-2089.57054559152,0.49497547132779,0.856704335142542,0,"14,55"
735,"cgfm_independent",-2125.80324642875,0.489642960456575,0,0,"15,55"
735,"cgfm_shared",-2167.72956112441,0.244734351232343,1,0,"15,55"
735,"cgfm_time_varying",-2092.24944340192,0.491653243518041,0.857889891436282,0,"15,55"
736,"cgfm_independent",-2126.02105782139,0.4901940215423,0,0,"16,55"
736,"cgfm_shared",-2169.89629533288,0.244606860182535,1,0,"16,55"
736,"cgfm_time_varying",-2092.46638801494,0.492053123559632,0.856952226336412,0,"16,55"
737,"cgfm_independent",-2126.31903579073,0.474730790161397,0,0,"17,55"
737,"cgfm_shared",-2171.74662894115,0.233292369337835,1,0,"17,55"
737,"cgfm_time_varying",-2094.11170261769,0.475735839842076,0.85289420098815,0,"17,55"
738,"cgfm_independent",-2126.02157808852,0.494689972333619,0,0,"18,55"
738,"cgfm_shared",-2172.11400025246,0.244956086518863,1,0,"18,55"
738,"cgfm_time_varying",-2092.72536061636,0.496510091149011,0.856033502945315,0,"18,55"
739,"cgfm_independent",-2123.91320091304,0.493805713082188,0,0,"19,55"
739,"cgfm_shared",-2166.8082771461,0.245407155789063,1,0,"19,55"
739,"cgfm_time_varying",-2090.14371478799,0.495517387983282,0.857217164158068,0,"19,55"
740,"cgfm_independent",-2127.42762127594,0.48717269324957,0,0,"20,55"
740,"cgfm_shared",-2172.95210497495,0.241965755477977,1,0,"20,55"
740,"cgfm_time_varying",-2094.29573320728,0.489227212722758,0.855970121880604,0,"20,55"
741,"cgfm_independent",-2125.39021404647,0.496352310116143,0,0,"21,55"
741,"cgfm_shared",-2171.97506447601,0.245464585265579,1,0,"21,55"
741,"cgfm_time_varying",-2092.18302091339,0.498112789413752,0.855576100453607,0,"21,55"
742,"cgfm_independent",-2100.41464354355,0.472446042111058,0,0,"22,55"
742,"cgfm_shared",-2159.45231144636,0.225439759046234,1,0,"22,55"
742,"cgfm_time_varying",-2072.38298274431,0.474768820023238,0.841958845277418,0,"22,55"
743,"cgfm_independent",-2124.43405449163,0.491322003669729,0,0,"23,55"
743,"cgfm_shared",-2167.08764942946,0.245207965149571,1,0,"23,55"
743,"cgfm_time_varying",-2090.92990792211,0.49322102194292,0.857887362004241,0,"23,55"
744,"cgfm_independent",-2121.73705361471,0.486527589740527,0,0,"24,55"
744,"cgfm_shared",-2158.53317489038,0.245433313791559,1,0,"24,55"
744,"cgfm_time_varying",-2087.53066879953,0.488124499594561,0.86070401239884,0,"24,55"
745,"cgfm_independent",-2121.96840765248,0.492923685736975,0,0,"25,55"
745,"cgfm_shared",-2165.81869310771,0.244796769346459,1,0,"25,55"
745,"cgfm_time_varying",-2088.55430575518,0.494483099652059,0.85712943712848,0,"25,55"
746,"cgfm_independent",-2122.28373936084,0.46654359338656,0,0,"26,55"
746,"cgfm_shared",-2145.69886209154,0.241633803446907,1,0,"26,55"
746,"cgfm_time_varying",-2089.07710629134,0.466687090955835,0.858814250205671,0,"26,55"
747,"cgfm_independent",-2120.08565797793,0.491525934641015,0,0,"27,55"
747,"cgfm_shared",-2162.49863445831,0.24428313055018,1,0,"27,55"
747,"cgfm_time_varying",-2086.34277698541,0.493132441609751,0.857803574039839,0,"27,55"
748,"cgfm_independent",-2127.56302890716,0.483875261028195,0,0,"28,55"
748,"cgfm_shared",-2173.98887721604,0.239156798299123,1,0,"28,55"
748,"cgfm_time_varying",-2094.86045462118,0.48573920101695,0.85463735273141,0,"28,55"
749,"cgfm_independent",-2123.03499964758,0.494403540594179,0,0,"29,55"
749,"cgfm_shared",-2167.44774329293,0.245334501426188,1,0,"29,55"
749,"cgfm_time_varying",-2089.48748985459,0.496132562985662,0.856623227792055,0,"29,55"
750,"cgfm_independent",-2104.53621283817,0.476770893790088,0,0,"30,55"
750,"cgfm_shared",-2161.01579678747,0.227037935957734,1,0,"30,55"
750,"cgfm_time_varying",-2075.58287055151,0.478765358640335,0.844483988562012,0,"30,55"
751,"cgfm_independent",-2128.00992389729,0.500409303848231,0,0,"1,56"
751,"cgfm_shared",-2192.60659918773,0.240201347255537,1,0,"1,56"
751,"cgfm_time_varying",-2097.10066636068,0.502549091477626,0.84604707742975,0,"1,56"
752,"cgfm_independent",-2126.24007631098,0.502993446159825,0,0,"2,56"
752,"cgfm_shared",-2189.04710240586,0.243034369155153,1,0,"2,56"
752,"cgfm_time_varying",-2094.83158903752,0.505150793725808,0.847432792082041,0,"2,56"
753,"cgfm_independent",-2124.59113866393,0.50156723780367,0,0,"3,56"
753,"cgfm_shared",-2183.79508651428,0.243895464049098,1,0,"3,56"
753,"cgfm_time_varying",-2092.62322511375,0.50361204781905,0.849372031134205,0,"3,56"
754,"cgfm_independent",-2127.272992479,0.495925599369308,0,0,"4,56"
754,"cgfm_shared",-2189.29815009969,0.239073974425605,1,0,"4,56"
754,"cgfm_time_varying",-2096.14636262745,0.497827555554955,0.846506414688829,0,"4,56"
755,"cgfm_independent",-2124.26030500491,0.505311580735929,0,0,"5,56"
755,"cgfm_shared",-2188.42704636362,0.244021436920784,1,0,"5,56"
755,"cgfm_time_varying",-2093.14227815785,0.506893238280265,0.846046656844463,0,"5,56"
756,"cgfm_independent",-2124.9806620132,0.508246832604851,0,0,"6,56"
756,"cgfm_shared",-2191.16779365862,0.244021435445126,1,0,"6,56"
756,"cgfm_time_varying",-2093.97842364094,0.509877276450913,0.845257390471322,0,"6,56"
757,"cgfm_independent",-2126.57341335141,0.504831244820963,0,0,"7,56"
757,"cgfm_shared",-2190.07160964606,0.243303006580342,1,0,"7,56"
757,"cgfm_time_varying",-2095.35544102074,0.506664013687341,0.846608265277599,0,"7,56"
758,"cgfm_independent",-2120.78399081961,0.502117382273689,0,0,"8,56"
758,"cgfm_shared",-2180.81538278316,0.242485174705602,1,0,"8,56"
758,"cgfm_time_varying",-2089.13438996226,0.50366633937465,0.848076485031419,0,"8,56"
759,"cgfm_independent",-2122.78128489376,0.505631967336297,0,0,"9,56"
759,"cgfm_shared",-2186.80108064742,0.243610798493738,1,0,"9,56"
759,"cgfm_time_varying",-2091.54769808615,0.50726536610634,0.846379026208052,0,"9,56"
760,"cgfm_independent",-2125.6479071215,0.492378437462647,0,0,"10,56"
760,"cgfm_shared",-2182.52827932545,0.241135244756975,1,0,"10,56"
760,"cgfm_time_varying",-2093.92803646721,0.494077028116717,0.848655701078688,0,"10,56"
761,"cgfm_independent",-2128.64969977898,0.503415540616725,0,0,"11,56"
761,"cgfm_shared",-2194.93318791313,0.240845314702881,1,0,"11,56"
761,"cgfm_time_varying",-2097.8618657394,0.505579799823346,0.845373105333094,0,"11,56"
762,"cgfm_independent",-2122.18905450875,0.498090669930396,0,0,"12,56"
762,"cgfm_shared",-2175.46079986733,0.244033322060243,1,0,"12,56"
762,"cgfm_time_varying",-2089.79504446487,0.499842523805474,0.851454726971709,0,"12,56"
763,"cgfm_independent",-2124.40642786216,0.502863165129511,0,0,"13,56"
763,"cgfm_shared",-2181.06423749056,0.243903408174719,1,0,"13,56"
763,"cgfm_time_varying",-2093.12728591797,0.504480007577753,0.848198777342066,0,"13,56"
764,"cgfm_independent",-2122.7162708818,0.503779291943878,0,0,"14,56"
764,"cgfm_shared",-2183.64821583597,0.243272761467835,1,0,"14,56"
764,"cgfm_time_varying",-2091.73623843534,0.505438196256345,0.847220352495174,0,"14,56"
765,"cgfm_independent",-2125.93691147052,0.500233457500112,0,0,"15,56"
765,"cgfm_shared",-2185.53151473936,0.243303004949188,1,0,"15,56"
765,"cgfm_time_varying",-2094.56565484941,0.502194755890592,0.848397207541184,0,"15,56"
766,"cgfm_independent",-2126.0464682327,0.500560763711736,0,0,"16,56"
766,"cgfm_shared",-2187.24927625903,0.243174754447217,1,0,"16,56"
766,"cgfm_time_varying",-2094.62753357626,0.502338497469111,0.847589475803578,0,"16,56"
767,"cgfm_independent",-2126.50687582503,0.485008357993853,0,0,"17,56"
767,"cgfm_shared",-2189.2512099676,0.231859711570532,1,0,"17,56"
767,"cgfm_time_varying",-2096.39584059444,0.485969174285179,0.843187602026422,0,"17,56"
768,"cgfm_independent",-2126.11529808267,0.505333670333879,0,0,"18,56"
768,"cgfm_shared",-2189.90313436546,0.243524274144312,1,0,"18,56"
768,"cgfm_time_varying",-2094.97031227938,0.507114550568882,0.846508183243313,0,"18,56"
769,"cgfm_independent",-2123.99009458214,0.504404769789391,0,0,"19,56"
769,"cgfm_shared",-2184.46102917772,0.243976117878458,1,0,"19,56"
769,"cgfm_time_varying",-2092.38866202625,0.506059932500768,0.847771827667638,0,"19,56"
770,"cgfm_independent",-2127.51105402083,0.497580818580732,0,0,"20,56"
770,"cgfm_shared",-2190.46459261458,0.240533432250005,1,0,"20,56"
770,"cgfm_time_varying",-2096.51031792894,0.499554537926996,0.846515039709662,0,"20,56"
771,"cgfm_independent",-2125.45021208738,0.506970005948719,0,0,"21,56"
771,"cgfm_shared",-2189.69208598013,0.244033323847516,1,0,"21,56"
771,"cgfm_time_varying",-2094.38967149585,0.508699422279527,0.846058056493075,0,"21,56"
772,"cgfm_independent",-2100.78902253124,0.483285974877635,0,0,"22,56"
772,"cgfm_shared",-2177.50407421011,0.223994574017943,1,0,"22,56"
772,"cgfm_time_varying",-2074.7314772415,0.485582714774437,0.831117572001273,0,"22,56"
773,"cgfm_independent",-2124.51250690816,0.501837738823126,0,0,"23,56"
773,"cgfm_shared",-2184.65513536388,0.243776838819771,1,0,"23,56"
773,"cgfm_time_varying",-2093.17093529891,0.50366506166083,0.848417811133008,0,"23,56"
774,"cgfm_independent",-2121.78641343569,0.496866276546474,0,0,"24,56"
774,"cgfm_shared",-2175.80864398666,0.244002304486582,1,0,"24,56"
774,"cgfm_time_varying",-2089.76181916301,0.498369900566192,0.851424064942074,0,"24,56"
775,"cgfm_independent",-2121.97024463528,0.503351645929215,0,0,"25,56"
775,"cgfm_shared",-2183.14385641717,0.24336497777964,1,0,"25,56"
775,"cgfm_time_varying",-2090.69840753071,0.504851942665579,0.847738972594778,0,"25,56"
776,"cgfm_independent",-2122.52510238415,0.476714464060178,0,0,"26,56"
776,"cgfm_shared",-2163.11744316121,0.240201351629128,1,0,"26,56"
776,"cgfm_time_varying",-2091.49841782132,0.476854484816309,0.849186736178419,0,"26,56"
777,"cgfm_independent",-2120.15629703759,0.502067713762225,0,0,"27,56"
777,"cgfm_shared",-2180.02542443927,0.24285144870776,1,0,"27,56"
777,"cgfm_time_varying",-2088.57484111324,0.503607900007989,0.848392041794323,0,"27,56"
778,"cgfm_independent",-2127.68107223453,0.494265516616594,0,0,"28,56"
778,"cgfm_shared",-2191.54036752707,0.237724149144051,1,0,"28,56"
778,"cgfm_time_varying",-2097.09393142446,0.496066337713894,0.845067288201201,0,"28,56"
779,"cgfm_independent",-2123.08614417755,0.504963230227353,0,0,"29,56"
779,"cgfm_shared",-2185.04212063447,0.243903412836379,1,0,"29,56"
779,"cgfm_time_varying",-2091.68431618346,0.506642152794707,0.847200063654491,0,"29,56"
780,"cgfm_independent",-2104.68597681177,0.487297992821437,0,0,"30,56"
780,"cgfm_shared",-2178.43705652276,0.225593963392507,1,0,"30,56"
780,"cgfm_time_varying",-2077.71272279178,0.489284128365004,0.834043196849701,0,"30,56"
781,"cgfm_independent",-2134.28677304935,0.490470660573506,0,0,"1,57"
781,"cgfm_shared",-2193.32300475934,0.237726464275157,1,0,"1,57"
781,"cgfm_time_varying",-2102.89116547394,0.493267691334302,0.84909588231035,0,"1,57"
782,"cgfm_independent",-2132.56748452617,0.493099572513476,0,0,"2,57"
782,"cgfm_shared",-2189.88909878451,0.240559915720023,1,0,"2,57"
782,"cgfm_time_varying",-2100.67615659597,0.4959289393855,0.850423642195726,0,"2,57"
783,"cgfm_independent",-2130.88964911511,0.491645245043759,0,0,"3,57"
783,"cgfm_shared",-2184.57054816797,0.241420984873296,1,0,"3,57"
783,"cgfm_time_varying",-2098.42503615672,0.494377633715257,0.852358574857534,0,"3,57"
784,"cgfm_independent",-2133.53734072598,0.486066200994889,0,0,"4,57"
784,"cgfm_shared",-2190.10297484015,0.23659876976158,1,0,"4,57"
784,"cgfm_time_varying",-2101.93606160911,0.488627409349064,0.849497059380995,0,"4,57"
785,"cgfm_independent",-2130.58792554927,0.495381071982619,0,0,"5,57"
785,"cgfm_shared",-2189.21381273991,0.241547362778814,1,0,"5,57"
785,"cgfm_time_varying",-2098.98649975049,0.497630828642572,0.84909968744511,0,"5,57"
786,"cgfm_independent",-2131.36407749946,0.498338585731135,0,0,"6,57"
786,"cgfm_shared",-2192.08141975548,0.241547356462231,1,0,"6,57"
786,"cgfm_time_varying",-2099.88684859114,0.500638142895859,0.848271318059758,0,"6,57"
787,"cgfm_independent",-2132.92629639916,0.494929777325399,0,0,"7,57"
787,"cgfm_shared",-2190.9638711041,0.240829064427563,1,0,"7,57"
787,"cgfm_time_varying",-2101.23087674692,0.497433860514175,0.849601249781238,0,"7,57"
788,"cgfm_independent",-2127.0788534559,0.492145375658829,0,0,"8,57"
788,"cgfm_shared",-2181.58677929118,0.240020353083966,1,0,"8,57"
788,"cgfm_time_varying",-2094.93813658898,0.494376188148456,0.85110540263097,0,"8,57"
789,"cgfm_independent",-2129.10146787316,0.495654281150059,0,0,"9,57"
789,"cgfm_shared",-2187.54322190464,0.241136509219807,1,0,"9,57"
789,"cgfm_time_varying",-2097.37778301275,0.497958615620981,0.849438239877812,0,"9,57"
790,"cgfm_independent",-2131.88442557523,0.48258810602357,0,0,"10,57"
790,"cgfm_shared",-2183.36146269095,0.238663140296024,1,0,"10,57"
790,"cgfm_time_varying",-2099.68673332586,0.484960953471606,0.851601875230802,0,"10,57"
791,"cgfm_independent",-2134.97603351835,0.493493651535948,0,0,"11,57"
791,"cgfm_shared",-2195.76072933688,0.238344781790315,1,0,"11,57"
791,"cgfm_time_varying",-2103.71322198811,0.496316790500547,0.848395238282044,0,"11,57"
792,"cgfm_independent",-2128.53665980897,0.488297910790794,0,0,"12,57"
792,"cgfm_shared",-2176.52069801586,0.24155925386323,1,0,"12,57"
792,"cgfm_time_varying",-2095.66007671668,0.49075530713833,0.854340310191414,0,"12,57"
793,"cgfm_independent",-2130.70817998151,0.492889304307583,0,0,"13,57"
793,"cgfm_shared",-2181.82236876755,0.241431682270124,1,0,"13,57"
793,"cgfm_time_varying",-2098.93544088575,0.495174747341381,0.851273341789733,0,"13,57"
794,"cgfm_independent",-2129.02744324469,0.493808018347,0,0,"14,57"
794,"cgfm_shared",-2184.41844449573,0.240799137471044,1,0,"14,57"
794,"cgfm_time_varying",-2097.55986959628,0.496134339286606,0.850304015714231,0,"14,57"
795,"cgfm_independent",-2132.20286254494,0.490281893497049,0,0,"15,57"
795,"cgfm_shared",-2186.20417551788,0.240828688546992,1,0,"15,57"
795,"cgfm_time_varying",-2100.3316694911,0.492915880621252,0.85145699778471,0,"15,57"
796,"cgfm_independent",-2132.36190530044,0.490722972279005,0,0,"16,57"
796,"cgfm_shared",-2188.14081729222,0.240700337630245,1,0,"16,57"
796,"cgfm_time_varying",-2100.46413584399,0.493175215126707,0.850565562661408,0,"16,57"
797,"cgfm_independent",-2132.67946391675,0.475283444242502,0,0,"17,57"
797,"cgfm_shared",-2190.02803287979,0.229387648159577,1,0,"17,57"
797,"cgfm_time_varying",-2102.11382967891,0.476869718935579,0.846219914960769,0,"17,57"
798,"cgfm_independent",-2132.44515449892,0.495379557381916,0,0,"18,57"
798,"cgfm_shared",-2190.68726881206,0.24105064571064,1,0,"18,57"
798,"cgfm_time_varying",-2100.81041675334,0.497827863492011,0.849554321541993,0,"18,57"
799,"cgfm_independent",-2130.33401871905,0.494483781598774,0,0,"19,57"
799,"cgfm_shared",-2185.3312451887,0.241502269794003,1,0,"19,57"
799,"cgfm_time_varying",-2098.24433772357,0.496820339642171,0.850776704068843,0,"19,57"
800,"cgfm_independent",-2133.75522697888,0.487676841390457,0,0,"20,57"
800,"cgfm_shared",-2191.15151924281,0.238058470067734,1,0,"20,57"
800,"cgfm_time_varying",-2102.26578513088,0.490310047278287,0.849562878044927,0,"20,57"
801,"cgfm_independent",-2131.7547389732,0.496931812029963,0,0,"21,57"
801,"cgfm_shared",-2190.32419171852,0.241559254099261,1,0,"21,57"
801,"cgfm_time_varying",-2100.19323856903,0.499326645146039,0.849175423074998,0,"21,57"
802,"cgfm_independent",-2106.94508822669,0.473313023079251,0,0,"22,57"
802,"cgfm_shared",-2178.27864775947,0.221504839516545,1,0,"22,57"
802,"cgfm_time_varying",-2080.49535172635,0.476175242058836,0.834367777675487,0,"22,57"
803,"cgfm_independent",-2130.87235317291,0.492027867925008,0,0,"23,57"
803,"cgfm_shared",-2185.67158569802,0.241300989438607,1,0,"23,57"
803,"cgfm_time_varying",-2099.05071685878,0.494540630156467,0.851395730743569,0,"23,57"
804,"cgfm_independent",-2128.12509500626,0.487135619542337,0,0,"24,57"
804,"cgfm_shared",-2176.91459266001,0.241528219128252,1,0,"24,57"
804,"cgfm_time_varying",-2095.6182191732,0.489340995120429,0.85432077987905,0,"24,57"
805,"cgfm_independent",-2128.3076033812,0.493449803510233,0,0,"25,57"
805,"cgfm_shared",-2184.04280868895,0.240890957388762,1,0,"25,57"
805,"cgfm_time_varying",-2096.55355088892,0.495624416667346,0.850735694088057,0,"25,57"
806,"cgfm_independent",-2128.65391973101,0.467106108998032,0,0,"26,57"
806,"cgfm_shared",-2164.00148780372,0.237726732951816,1,0,"26,57"
806,"cgfm_time_varying",-2097.15741304691,0.467885392265799,0.852181209766738,0,"26,57"
807,"cgfm_independent",-2126.49426811661,0.492178975248551,0,0,"27,57"
807,"cgfm_shared",-2180.96726859712,0.240375026116433,1,0,"27,57"
807,"cgfm_time_varying",-2094.42734167489,0.49440807226246,0.851375309298239,0,"27,57"
808,"cgfm_independent",-2133.90924404934,0.484412914621293,0,0,"28,57"
808,"cgfm_shared",-2192.25762113493,0.235248284529043,1,0,"28,57"
808,"cgfm_time_varying",-2102.84719740334,0.486859104493123,0.848118813179742,0,"28,57"
809,"cgfm_independent",-2129.42131628011,0.495020829891497,0,0,"29,57"
809,"cgfm_shared",-2185.86879420516,0.241433581554114,1,0,"29,57"
809,"cgfm_time_varying",-2097.52853779525,0.497372794306411,0.850228180126285,0,"29,57"
810,"cgfm_independent",-2110.84094049773,0.477241624319632,0,0,"30,57"
810,"cgfm_shared",-2179.09661481821,0.223105682620182,1,0,"30,57"
810,"cgfm_time_varying",-2083.45581133372,0.479817325572465,0.837330963898476,0,"30,57"
811,"cgfm_independent",-2124.35501016712,0.495334052529992,0,0,"1,58"
811,"cgfm_shared",-2182.8634220098,0.238325669346251,1,0,"1,58"
811,"cgfm_time_varying",-2093.19916174014,0.497096978633714,0.847600552444968,0,"1,58"
812,"cgfm_independent",-2122.61139379784,0.497949918377776,0,0,"2,58"
812,"cgfm_shared",-2179.35369420417,0.241161117132576,1,0,"2,58"
812,"cgfm_time_varying",-2090.95684281302,0.499728492762104,0.848961842370502,0,"2,58"
813,"cgfm_independent",-2120.92715581359,0.496464731601016,0,0,"3,58"
813,"cgfm_shared",-2173.98902864572,0.242021399134898,1,0,"3,58"
813,"cgfm_time_varying",-2088.70048304035,0.498123846820366,0.850939456617049,0,"3,58"
814,"cgfm_independent",-2123.62726890446,0.49089792857539,0,0,"4,58"
814,"cgfm_shared",-2179.64099512734,0.237197632297753,1,0,"4,58"
814,"cgfm_time_varying",-2092.26085676044,0.492421414861702,0.848022647040859,0,"4,58"
815,"cgfm_independent",-2120.6071360508,0.500219126641984,0,0,"5,58"
815,"cgfm_shared",-2178.64952663048,0.242147806043422,1,0,"5,58"
815,"cgfm_time_varying",-2089.24184219101,0.501419576233543,0.847604889312706,0,"5,58"
816,"cgfm_independent",-2121.41270549779,0.503284597242535,0,0,"6,58"
816,"cgfm_shared",-2181.67167658866,0.24214780346258,1,0,"6,58"
816,"cgfm_time_varying",-2090.18185307615,0.504541732145504,0.846716074543389,0,"6,58"
817,"cgfm_independent",-2122.94021770788,0.499757046959106,0,0,"7,58"
817,"cgfm_shared",-2180.33020253126,0.241429094321628,1,0,"7,58"
817,"cgfm_time_varying",-2091.47395256732,0.501206995251059,0.848149968648005,0,"7,58"
818,"cgfm_independent",-2117.14491293407,0.497049935134702,0,0,"8,58"
818,"cgfm_shared",-2171.17495207114,0.240611508602942,1,0,"8,58"
818,"cgfm_time_varying",-2085.24943331824,0.49822450361601,0.849612554035074,0,"8,58"
819,"cgfm_independent",-2119.11103679034,0.500484252356451,0,0,"9,58"
819,"cgfm_shared",-2176.91628886215,0.24173684626146,1,0,"9,58"
819,"cgfm_time_varying",-2087.62102236314,0.501733721438199,0.84798266905396,0,"9,58"
820,"cgfm_independent",-2121.95789967604,0.487318973450495,0,0,"10,58"
820,"cgfm_shared",-2172.80861119109,0.239263203918279,1,0,"10,58"
820,"cgfm_time_varying",-2089.9869175843,0.488649538383404,0.850195279020936,0,"10,58"
821,"cgfm_independent",-2125.03351658783,0.498390015655985,0,0,"11,58"
821,"cgfm_shared",-2185.31701320883,0.238969913841258,1,0,"11,58"
821,"cgfm_time_varying",-2094.00990740731,0.500180578288685,0.846877665856925,0,"11,58"
822,"cgfm_independent",-2118.61680602168,0.493171130023155,0,0,"12,58"
822,"cgfm_shared",-2166.06124190849,0.242159733732122,1,0,"12,58"
822,"cgfm_time_varying",-2085.98566614465,0.494541096245528,0.85290619893027,0,"12,58"
823,"cgfm_independent",-2120.77245899719,0.497803508661471,0,0,"13,58"
823,"cgfm_shared",-2171.44118792587,0.242029691738488,1,0,"13,58"
823,"cgfm_time_varying",-2089.24606286712,0.499038397330715,0.849763654732691,0,"13,58"
824,"cgfm_independent",-2119.09848647995,0.498744357811275,0,0,"14,58"
824,"cgfm_shared",-2174.05518819669,0.241398538713931,1,0,"14,58"
824,"cgfm_time_varying",-2087.88247150871,0.500021356121043,0.848755455381499,0,"14,58"
825,"cgfm_independent",-2122.23404712474,0.495066697947074,0,0,"15,58"
825,"cgfm_shared",-2175.58550341867,0.241428896273119,1,0,"15,58"
825,"cgfm_time_varying",-2090.59282166543,0.496637834654436,0.850048900266968,0,"15,58"
826,"cgfm_independent",-2122.43113224907,0.495582845007675,0,0,"16,58"
826,"cgfm_shared",-2177.72249330686,0.241300573569329,1,0,"16,58"
826,"cgfm_time_varying",-2090.77663035854,0.496990671036973,0.849064599691437,0,"16,58"
827,"cgfm_independent",-2122.79081054095,0.479961290900242,0,0,"17,58"
827,"cgfm_shared",-2179.50945115803,0.229982953186856,1,0,"17,58"
827,"cgfm_time_varying",-2092.43912728774,0.480556286506538,0.844760715570186,0,"17,58"
828,"cgfm_independent",-2122.45378723873,0.500203905027166,0,0,"18,58"
828,"cgfm_shared",-2180.04460726008,0.241651104187778,1,0,"18,58"
828,"cgfm_time_varying",-2091.04965103363,0.501599178093396,0.848099269912457,0,"18,58"
829,"cgfm_independent",-2120.41421179363,0.499447970851492,0,0,"19,58"
829,"cgfm_shared",-2175.02233395638,0.242102382351265,1,0,"19,58"
829,"cgfm_time_varying",-2088.57700673872,0.50073506363534,0.849240859824013,0,"19,58"
830,"cgfm_independent",-2123.82627873794,0.492490608583582,0,0,"20,58"
830,"cgfm_shared",-2180.68064983254,0.238657866927109,1,0,"20,58"
830,"cgfm_time_varying",-2092.57373391256,0.494091484879115,0.848089804668786,0,"20,58"
831,"cgfm_independent",-2121.78636713717,0.501828888918694,0,0,"21,58"
831,"cgfm_shared",-2179.8344512049,0.24216098586366,1,0,"21,58"
831,"cgfm_time_varying",-2090.46847262529,0.503174985575278,0.847670011595629,0,"21,58"
832,"cgfm_independent",-2097.02321215813,0.478016572172658,0,0,"22,58"
832,"cgfm_shared",-2167.56704905966,0.222101134760758,1,0,"22,58"
832,"cgfm_time_varying",-2070.74496956129,0.479953291254437,0.832807329127612,0,"22,58"
833,"cgfm_independent",-2120.94479152371,0.496920584829745,0,0,"23,58"
833,"cgfm_shared",-2175.25161230407,0.24190306128402,1,0,"23,58"
833,"cgfm_time_varying",-2089.36994440092,0.498380350051534,0.849884746805804,0,"23,58"
834,"cgfm_independent",-2118.24707296225,0.492050350727414,0,0,"24,58"
834,"cgfm_shared",-2166.65454971277,0.242128656983622,1,0,"24,58"
834,"cgfm_time_varying",-2085.99895140668,0.493199003043979,0.852820394931483,0,"24,58"
835,"cgfm_independent",-2118.39830253013,0.498415281582037,0,0,"25,58"
835,"cgfm_shared",-2173.7507394971,0.241491332393071,1,0,"25,58"
835,"cgfm_time_varying",-2086.90200080668,0.499540309065598,0.849159632000848,0,"25,58"
836,"cgfm_independent",-2118.83135590871,0.471785538790181,0,0,"26,58"
836,"cgfm_shared",-2153.68234936808,0.23832567489005,1,0,"26,58"
836,"cgfm_time_varying",-2087.56690096541,0.47155751893641,0.850714262533834,0,"26,58"
837,"cgfm_independent",-2116.55766831638,0.497076436719968,0,0,"27,58"
837,"cgfm_shared",-2170.52568260417,0.240975857056679,1,0,"27,58"
837,"cgfm_time_varying",-2084.73893410561,0.498243050443211,0.849867946066861,0,"27,58"
838,"cgfm_independent",-2123.97331968895,0.489159801414411,0,0,"28,58"
838,"cgfm_shared",-2181.71131709874,0.23584774928502,1,0,"28,58"
838,"cgfm_time_varying",-2093.13434027184,0.490587059008377,0.846662211041191,0,"28,58"
839,"cgfm_independent",-2119.45402791644,0.4998940319451,0,0,"29,58"
839,"cgfm_shared",-2175.34317670991,0.242049038206866,1,0,"29,58"
839,"cgfm_time_varying",-2087.80256107122,0.501195506462512,0.848744195916122,0,"29,58"
840,"cgfm_independent",-2100.89956845173,0.481979996523197,0,0,"30,58"
840,"cgfm_shared",-2168.44484147997,0.223702340554763,1,0,"30,58"
840,"cgfm_time_varying",-2073.70031547972,0.483601729716529,0.835768390303611,0,"30,58"
841,"cgfm_independent",-2131.18284463281,0.49183834333167,0,0,"1,59"
841,"cgfm_shared",-2183.96438032719,0.24136950560911,1,0,"1,59"
841,"cgfm_time_varying",-2098.8907570324,0.494443439750455,0.852783606579501,0,"1,59"
842,"cgfm_independent",-2129.45996102722,0.494464557067103,0,0,"2,59"
842,"cgfm_shared",-2180.51674228841,0.244201677505444,1,0,"2,59"
842,"cgfm_time_varying",-2096.66546771994,0.497096674023384,0.854073027504904,0,"2,59"
843,"cgfm_independent",-2127.78093320633,0.493010453901604,0,0,"3,59"
843,"cgfm_shared",-2175.20691093595,0.245062440243316,1,0,"3,59"
843,"cgfm_time_varying",-2094.40444266705,0.49553687797285,0.855963969951683,0,"3,59"
844,"cgfm_independent",-2130.44622972743,0.487444099068013,0,0,"4,59"
844,"cgfm_shared",-2180.76161132914,0.240242078417108,1,0,"4,59"
844,"cgfm_time_varying",-2097.93984575752,0.489809731677209,0.85318153501747,0,"4,59"
845,"cgfm_independent",-2127.48609161384,0.496758071354087,0,0,"5,59"
845,"cgfm_shared",-2179.8560329066,0.245188390120656,1,0,"5,59"
845,"cgfm_time_varying",-2094.97945754375,0.498804895373431,0.852786191620209,0,"5,59"
846,"cgfm_independent",-2128.22688192546,0.499657397166854,0,0,"6,59"
846,"cgfm_shared",-2182.59180129958,0.245188370224951,1,0,"6,59"
846,"cgfm_time_varying",-2095.84676410546,0.50173944926485,0.851965673567822,0,"6,59"
847,"cgfm_independent",-2129.7846946202,0.496242870960824,0,0,"7,59"
847,"cgfm_shared",-2181.50250127355,0.244470287853065,1,0,"7,59"
847,"cgfm_time_varying",-2097.17591824085,0.498540641277594,0.853300402141812,0,"7,59"
848,"cgfm_independent",-2123.96257962958,0.493492132372629,0,0,"8,59"
848,"cgfm_shared",-2172.13436161934,0.243652960626394,1,0,"8,59"
848,"cgfm_time_varying",-2090.90174496225,0.495502783781868,0.854769239018829,0,"8,59"
849,"cgfm_independent",-2126.01253016177,0.497062449766794,0,0,"9,59"
849,"cgfm_shared",-2178.25133308358,0.244777913879427,1,0,"9,59"
849,"cgfm_time_varying",-2093.3949674909,0.499155975702494,0.85306927688814,0,"9,59"
850,"cgfm_independent",-2128.80022116334,0.483967665705928,0,0,"10,59"
850,"cgfm_shared",-2174.03657300286,0.242305863017986,1,0,"10,59"
850,"cgfm_time_varying",-2095.68239664182,0.486144495845827,0.855260888687243,0,"10,59"
851,"cgfm_independent",-2131.83337228849,0.494796693138167,0,0,"11,59"
851,"cgfm_shared",-2186.2606912004,0.242013293652861,1,0,"11,59"
851,"cgfm_time_varying",-2099.66435374034,0.497417989874563,0.852119966219641,0,"11,59"
852,"cgfm_independent",-2125.31902602561,0.489457609428131,0,0,"12,59"
852,"cgfm_shared",-2166.71217404623,0.24520031225859,1,0,"12,59"
852,"cgfm_time_varying",-2091.47825764853,0.491691548528354,0.858084350341799,0,"12,59"
853,"cgfm_independent",-2127.57761422077,0.49420271883927,0,0,"13,59"
853,"cgfm_shared",-2172.26144224071,0.245070394486733,1,0,"13,59"
853,"cgfm_time_varying",-2094.87790328642,0.496256593485695,0.854988312939157,0,"13,59"
854,"cgfm_independent",-2125.93916848589,0.495210167835645,0,0,"14,59"
854,"cgfm_shared",-2175.07807049732,0.244440051995376,1,0,"14,59"
854,"cgfm_time_varying",-2093.56438605199,0.497312133993283,0.853962618968484,0,"14,59"
855,"cgfm_independent",-2129.0855127073,0.491622558981521,0,0,"15,59"
855,"cgfm_shared",-2176.7727872309,0.244470211257391,1,0,"15,59"
855,"cgfm_time_varying",-2096.2987210932,0.494045847847933,0.855123448026888,0,"15,59"
856,"cgfm_independent",-2129.23871883,0.492044762339487,0,0,"16,59"
856,"cgfm_shared",-2178.66010778703,0.244342013421546,1,0,"16,59"
856,"cgfm_time_varying",-2096.4216347776,0.494290523470972,0.854255068740089,0,"16,59"
857,"cgfm_independent",-2129.58635102538,0.476626061672573,0,0,"17,59"
857,"cgfm_shared",-2180.6485929234,0.233028313454146,1,0,"17,59"
857,"cgfm_time_varying",-2098.12012243824,0.478015930715444,0.850059615348845,0,"17,59"
858,"cgfm_independent",-2129.30926179517,0.496702061031103,0,0,"18,59"
858,"cgfm_shared",-2181.2405318258,0.24469197506858,1,0,"18,59"
858,"cgfm_time_varying",-2096.76759283872,0.498940432918517,0.853250322663119,0,"18,59"
859,"cgfm_independent",-2127.13748027092,0.49568534956973,0,0,"19,59"
859,"cgfm_shared",-2175.58698517139,0.245143081790845,1,0,"19,59"
859,"cgfm_time_varying",-2094.10864137459,0.497797817248363,0.854526875030158,0,"19,59"
860,"cgfm_independent",-2130.65787096496,0.489045168640999,0,0,"20,59"
860,"cgfm_shared",-2181.79844698551,0.241701481221136,1,0,"20,59"
860,"cgfm_time_varying",-2098.26692387275,0.491484911490196,0.853244544180616,0,"20,59"
861,"cgfm_independent",-2128.64353486779,0.498298345600849,0,0,"21,59"
861,"cgfm_shared",-2180.93089055792,0.245200251678428,1,0,"21,59"
861,"cgfm_time_varying",-2096.18505639844,0.500473413072699,0.852823529137236,0,"21,59"
862,"cgfm_independent",-2103.83073509099,0.474659004340714,0,0,"22,59"
862,"cgfm_shared",-2168.86573605074,0.225173142658484,1,0,"22,59"
862,"cgfm_time_varying",-2076.51760868351,0.477361154655723,0.838677201258978,0,"22,59"
863,"cgfm_independent",-2127.68293785354,0.493240275031171,0,0,"23,59"
863,"cgfm_shared",-2175.9861695639,0.244943867380717,1,0,"23,59"
863,"cgfm_time_varying",-2094.93044385952,0.495530422199088,0.8551452285637,0,"23,59"
864,"cgfm_independent",-2124.93498052055,0.488334601049211,0,0,"24,59"
864,"cgfm_shared",-2167.19443662457,0.245169261936227,1,0,"24,59"
864,"cgfm_time_varying",-2091.47063234241,0.490315553054641,0.858060416089047,0,"24,59"
865,"cgfm_independent",-2125.19789220141,0.494812426570239,0,0,"25,59"
865,"cgfm_shared",-2174.64230121023,0.244532638825324,1,0,"25,59"
865,"cgfm_time_varying",-2092.52447707058,0.496773735320973,0.854418724478169,0,"25,59"
866,"cgfm_independent",-2125.47760139278,0.468268852233403,0,0,"26,59"
866,"cgfm_shared",-2154.16770776635,0.241369499800142,1,0,"26,59"
866,"cgfm_time_varying",-2093.00397348256,0.468807162022544,0.856128946509263,0,"26,59"
867,"cgfm_independent",-2123.35221388661,0.493480496147863,0,0,"27,59"
867,"cgfm_shared",-2171.43802863534,0.244018944757616,1,0,"27,59"
867,"cgfm_time_varying",-2090.36414640618,0.49548550379761,0.855065538156663,0,"27,59"
868,"cgfm_independent",-2130.79299744182,0.485736820633901,0,0,"28,59"
868,"cgfm_shared",-2182.81737224366,0.238891657707946,1,0,"28,59"
868,"cgfm_time_varying",-2098.82429186624,0.487988739363743,0.851884050183764,0,"28,59"
869,"cgfm_independent",-2126.25485608924,0.496288480359786,0,0,"29,59"
869,"cgfm_shared",-2176.3072286348,0.245070425635929,1,0,"29,59"
869,"cgfm_time_varying",-2093.44382434351,0.498424152359638,0.853944206672229,0,"29,59"
870,"cgfm_independent",-2107.80163921298,0.478719392407979,0,0,"30,59"
870,"cgfm_shared",-2169.88624123189,0.226771790196195,1,0,"30,59"
870,"cgfm_time_varying",-2079.55625290593,0.481106874661409,0.841434345108142,0,"30,59"
871,"cgfm_independent",-2134.67453437531,0.484180568844493,0,0,"1,60"
871,"cgfm_shared",-2200.06457470441,0.23178985356553,1,0,"1,60"
871,"cgfm_time_varying",-2104.51915083382,0.486875891626894,0.844634275202311,0,"1,60"
872,"cgfm_independent",-2132.95764821677,0.486766220299653,0,0,"2,60"
872,"cgfm_shared",-2196.58568229115,0.234623401603356,1,0,"2,60"
872,"cgfm_time_varying",-2102.3033084424,0.489499016446198,0.846056545687535,0,"2,60"
873,"cgfm_independent",-2131.25841148511,0.485297225263425,0,0,"3,60"
873,"cgfm_shared",-2191.21734790825,0.235484825068393,1,0,"3,60"
873,"cgfm_time_varying",-2100.03876609854,0.48793130837224,0.848068764732163,0,"3,60"
874,"cgfm_independent",-2133.87900801326,0.479776621444774,0,0,"4,60"
874,"cgfm_shared",-2196.74664598694,0.230662701255795,1,0,"4,60"
874,"cgfm_time_varying",-2103.5151169352,0.48223941962715,0.845071255000598,0,"4,60"
875,"cgfm_independent",-2130.95876604694,0.488977038467499,0,0,"5,60"
875,"cgfm_shared",-2195.79603005628,0.235611340128565,1,0,"5,60"
875,"cgfm_time_varying",-2100.57722194433,0.491141121607087,0.844719539860803,0,"5,60"
876,"cgfm_independent",-2131.75516988944,0.491903194846272,0,0,"6,60"
876,"cgfm_shared",-2198.67723770774,0.23561132272933,1,0,"6,60"
876,"cgfm_time_varying",-2101.49060432509,0.494121714441332,0.843897978182106,0,"6,60"
877,"cgfm_independent",-2133.29578539154,0.488514394585971,0,0,"7,60"
877,"cgfm_shared",-2197.55327096722,0.23489225470463,1,0,"7,60"
877,"cgfm_time_varying",-2102.8192763415,0.490928583526941,0.845260443228575,0,"7,60"
878,"cgfm_independent",-2127.45195001817,0.485771361028438,0,0,"8,60"
878,"cgfm_shared",-2188.2175364052,0.234072548829903,1,0,"8,60"
878,"cgfm_time_varying",-2096.54578124983,0.487925595494357,0.846765697873546,0,"8,60"
879,"cgfm_independent",-2129.4817682596,0.489245714412716,0,0,"9,60"
879,"cgfm_shared",-2194.15345364218,0.235200053861959,1,0,"9,60"
879,"cgfm_time_varying",-2098.98159347683,0.491467365046369,0.845081896745515,0,"9,60"
880,"cgfm_independent",-2132.19368763945,0.476329249927105,0,0,"10,60"
880,"cgfm_shared",-2189.9476545661,0.232726355363091,1,0,"10,60"
880,"cgfm_time_varying",-2101.23777057103,0.478606944494757,0.84725986858967,0,"10,60"
881,"cgfm_independent",-2135.35921415433,0.487130282409586,0,0,"11,60"
881,"cgfm_shared",-2202.4230834119,0.232433704829566,1,0,"11,60"
881,"cgfm_time_varying",-2105.32123140746,0.489850587014453,0.84396071513345,0,"11,60"
882,"cgfm_independent",-2128.84211516653,0.481873144148785,0,0,"12,60"
882,"cgfm_shared",-2182.99247354803,0.235623111296683,1,0,"12,60"
882,"cgfm_time_varying",-2097.20588627463,0.484244372980121,0.850155789359618,0,"12,60"
883,"cgfm_independent",-2131.06375724975,0.486470918602221,0,0,"13,60"
883,"cgfm_shared",-2188.37941170293,0.2354931629112,1,0,"13,60"
883,"cgfm_time_varying",-2100.52954490218,0.488671864990828,0.846928381354452,0,"13,60"
884,"cgfm_independent",-2129.38113238842,0.487372842828936,0,0,"14,60"
884,"cgfm_shared",-2190.95819899141,0.234861470569809,1,0,"14,60"
884,"cgfm_time_varying",-2099.14561200406,0.4896145729781,0.845939468633573,0,"14,60"
885,"cgfm_independent",-2132.55204126387,0.48392795905953,0,0,"15,60"
885,"cgfm_shared",-2192.81279238234,0.234892200108851,1,0,"15,60"
885,"cgfm_time_varying",-2101.92598865717,0.486461332669118,0.847110852693269,0,"15,60"
886,"cgfm_independent",-2132.7278490677,0.484404452093795,0,0,"16,60"
886,"cgfm_shared",-2194.78755104095,0.234763889625925,1,0,"16,60"
886,"cgfm_time_varying",-2102.06325042544,0.486768388693937,0.846199394314675,0,"16,60"
887,"cgfm_independent",-2132.93655998114,0.469084898753242,0,0,"17,60"
887,"cgfm_shared",-2196.54253865757,0.223461855045224,1,0,"17,60"
887,"cgfm_time_varying",-2103.59132157839,0.470586677349162,0.841649937287318,0,"17,60"
888,"cgfm_independent",-2132.84209388099,0.489008906713272,0,0,"18,60"
888,"cgfm_shared",-2197.37795454606,0.235114226208984,1,0,"18,60"
888,"cgfm_time_varying",-2102.43235770135,0.491375991337819,0.845173705387593,0,"18,60"
889,"cgfm_independent",-2130.70699290683,0.488075773334062,0,0,"19,60"
889,"cgfm_shared",-2191.93804778953,0.235565932318472,1,0,"19,60"
889,"cgfm_time_varying",-2099.8465722489,0.490335032974134,0.846456607573504,0,"19,60"
890,"cgfm_independent",-2134.12459744646,0.481425970833416,0,0,"20,60"
890,"cgfm_shared",-2197.87803459685,0.232121827907236,1,0,"20,60"
890,"cgfm_time_varying",-2103.88026109444,0.483954911042835,0.845101605940184,0,"20,60"
891,"cgfm_independent",-2132.15414732385,0.490535795191719,0,0,"21,60"
891,"cgfm_shared",-2196.99301137799,0.235623275001331,1,0,"21,60"
891,"cgfm_time_varying",-2101.82469834061,0.492846271275955,0.84477717704437,0,"21,60"
892,"cgfm_independent",-2107.2152437588,0.467012432615105,0,0,"22,60"
892,"cgfm_shared",-2184.84301748343,0.215539048178406,1,0,"22,60"
892,"cgfm_time_varying",-2081.93433331106,0.469755168072794,0.829135231303941,0,"22,60"
893,"cgfm_independent",-2131.24863719305,0.485686153873684,0,0,"23,60"
893,"cgfm_shared",-2192.32673830014,0.235366451852706,1,0,"23,60"
893,"cgfm_time_varying",-2100.65986507111,0.488108869412232,0.847046405267592,0,"23,60"
894,"cgfm_independent",-2128.47665278683,0.480846991580591,0,0,"24,60"
894,"cgfm_shared",-2183.57465382865,0.235592109328384,1,0,"24,60"
894,"cgfm_time_varying",-2097.21628308751,0.482978728359628,0.850052260988885,0,"24,60"
895,"cgfm_independent",-2128.67533603256,0.487055615435176,0,0,"25,60"
895,"cgfm_shared",-2190.64972719238,0.234954218252557,1,0,"25,60"
895,"cgfm_time_varying",-2098.14930658216,0.489154213223974,0.846387294823946,0,"25,60"
896,"cgfm_independent",-2128.84373403538,0.460948477334249,0,0,"26,60"
896,"cgfm_shared",-2170.44072783112,0.231789819186585,1,0,"26,60"
896,"cgfm_time_varying",-2098.59706673478,0.461676962877758,0.847771191922066,0,"26,60"
897,"cgfm_independent",-2126.85612238027,0.485782504360067,0,0,"27,60"
897,"cgfm_shared",-2187.5448345801,0.234439424166044,1,0,"27,60"
897,"cgfm_time_varying",-2096.01672813306,0.487931124797228,0.847070012612878,0,"27,60"
898,"cgfm_independent",-2134.23759092796,0.478154368887354,0,0,"28,60"
898,"cgfm_shared",-2198.88442644333,0.229313192005987,1,0,"28,60"
898,"cgfm_time_varying",-2104.40833027437,0.480494686507272,0.843613229669144,0,"28,60"
899,"cgfm_independent",-2129.81137028683,0.488639087944971,0,0,"29,60"
899,"cgfm_shared",-2192.53605711195,0.235493125299633,1,0,"29,60"
899,"cgfm_time_varying",-2099.14352553112,0.490915280114653,0.845885607935425,0,"29,60"
900,"cgfm_independent",-2111.0869252123,0.47082251091154,0,0,"30,60"
900,"cgfm_shared",-2185.49474844875,0.217142450930897,1,0,"30,60"
900,"cgfm_time_varying",-2084.8855978883,0.473289197781791,0.832285052889073,0,"30,60"
901,"cgfm_independent",-2133.89867155832,0.482607128809313,0,0,"1,61"
901,"cgfm_shared",-2196.82519472481,0.23229591376514,1,0,"1,61"
901,"cgfm_time_varying",-2103.52159302117,0.485329006204952,0.846144456677291,0,"1,61"
902,"cgfm_independent",-2132.18074926278,0.485181652854353,0,0,"2,61"
902,"cgfm_shared",-2193.34176796324,0.23512157763494,1,0,"2,61"
902,"cgfm_time_varying",-2101.30294369789,0.487942178379715,0.847551059282151,0,"2,61"
903,"cgfm_independent",-2130.48087431246,0.483717732986082,0,0,"3,61"
903,"cgfm_shared",-2187.97772741954,0.235991022198367,1,0,"3,61"
903,"cgfm_time_varying",-2099.03307971834,0.486381906009512,0.849550237828874,0,"3,61"
904,"cgfm_independent",-2133.1159576209,0.47824691041089,0,0,"4,61"
904,"cgfm_shared",-2193.57372403655,0.231168676342908,1,0,"4,61"
904,"cgfm_time_varying",-2102.53517243489,0.480738272856762,0.846558014189125,0,"4,61"
905,"cgfm_independent",-2130.21759247044,0.487447584127557,0,0,"5,61"
905,"cgfm_shared",-2192.66930192018,0.236117491111345,1,0,"5,61"
905,"cgfm_time_varying",-2099.62184874608,0.489643435396374,0.846198114416932,0,"5,61"
906,"cgfm_independent",-2131.00635430098,0.490345004082986,0,0,"6,61"
906,"cgfm_shared",-2195.51843961438,0.236117464432337,1,0,"6,61"
906,"cgfm_time_varying",-2100.528621606,0.492589880548393,0.845372578552887,0,"6,61"
907,"cgfm_independent",-2132.53263509293,0.486945766882566,0,0,"7,61"
907,"cgfm_shared",-2194.36247413887,0.235398348400987,1,0,"7,61"
907,"cgfm_time_varying",-2101.83972750558,0.489387680912562,0.846738805278186,0,"7,61"
908,"cgfm_independent",-2126.70941000313,0.484249615780385,0,0,"8,61"
908,"cgfm_shared",-2185.12177424495,0.234579114625319,1,0,"8,61"
908,"cgfm_time_varying",-2095.59085667158,0.486435790513819,0.848218204621003,0,"8,61"
909,"cgfm_independent",-2128.72850187893,0.487691584162785,0,0,"9,61"
909,"cgfm_shared",-2190.99207839163,0.235706233725432,1,0,"9,61"
909,"cgfm_time_varying",-2098.01371872157,0.489941380803638,0.846557494031633,0,"9,61"
910,"cgfm_independent",-2131.44057231461,0.474841960085188,0,0,"10,61"
910,"cgfm_shared",-2186.84348807992,0.233232462238974,1,0,"10,61"
910,"cgfm_time_varying",-2100.27048536059,0.477155191594183,0.848712352538579,0,"10,61"
911,"cgfm_independent",-2134.59752599534,0.485568456248722,0,0,"11,61"
911,"cgfm_shared",-2199.23268907791,0.232939804215092,1,0,"11,61"
911,"cgfm_time_varying",-2104.34495949086,0.488315943819632,0.845451619889689,0,"11,61"
912,"cgfm_independent",-2128.07031393337,0.480317805761953,0,0,"12,61"
912,"cgfm_shared",-2179.80627614383,0.23612937792554,1,0,"12,61"
912,"cgfm_time_varying",-2096.20947643592,0.482721131215544,0.851605548159205,0,"12,61"
913,"cgfm_independent",-2130.30767453934,0.484918624204882,0,0,"13,61"
913,"cgfm_shared",-2185.21035517079,0.235999279764492,1,0,"13,61"
913,"cgfm_time_varying",-2099.55165279853,0.487143917479188,0.848422534050333,0,"13,61"
914,"cgfm_independent",-2128.630243914,0.485828123242491,0,0,"14,61"
914,"cgfm_shared",-2187.81328428571,0.235367659576096,1,0,"14,61"
914,"cgfm_time_varying",-2098.17703980165,0.488094915292008,0.847426459942031,0,"14,61"
915,"cgfm_independent",-2131.77150797518,0.482347281261965,0,0,"15,61"
915,"cgfm_shared",-2189.55256660874,0.235398358227527,1,0,"15,61"
915,"cgfm_time_varying",-2100.91658910237,0.484905282634102,0.848617489702895,0,"15,61"
916,"cgfm_independent",-2131.98501534137,0.482895624258763,0,0,"16,61"
916,"cgfm_shared",-2191.68151663447,0.235295390267403,1,0,"16,61"
916,"cgfm_time_varying",-2101.10770309392,0.485293799413908,0.847656822545719,0,"16,61"
917,"cgfm_independent",-2132.17377029055,0.467615212427326,0,0,"17,61"
917,"cgfm_shared",-2193.42274276151,0.223966643077153,1,0,"17,61"
917,"cgfm_time_varying",-2102.62333299034,0.469143567938017,0.843154228584024,0,"17,61"
918,"cgfm_independent",-2132.07961548339,0.487437290149457,0,0,"18,61"
918,"cgfm_shared",-2194.17452172522,0.235620385811246,1,0,"18,61"
918,"cgfm_time_varying",-2101.45191105392,0.489830401288271,0.846663311071681,0,"18,61"
919,"cgfm_independent",-2129.95391494037,0.48652314090367,0,0,"19,61"
919,"cgfm_shared",-2188.77362658325,0.23607210742243,1,0,"19,61"
919,"cgfm_time_varying",-2098.87491669103,0.48880920604564,0.847924382246837,0,"19,61"
920,"cgfm_independent",-2133.35473640506,0.479881947302236,0,0,"20,61"
920,"cgfm_shared",-2194.67825829636,0.232627949652162,1,0,"20,61"
920,"cgfm_time_varying",-2102.89151723953,0.482440708280945,0.846601882339891,0,"20,61"
921,"cgfm_independent",-2131.39091834041,0.488953920105494,0,0,"21,61"
921,"cgfm_shared",-2193.77033735054,0.236129375154556,1,0,"21,61"
921,"cgfm_time_varying",-2100.83884359573,0.491288958246292,0.846285304179814,0,"21,61"
922,"cgfm_independent",-2106.44680914866,0.465507967752099,0,0,"22,61"
922,"cgfm_shared",-2181.7451235979,0.21604684431146,1,0,"22,61"
922,"cgfm_time_varying",-2080.98636660772,0.468274101512118,0.830761367023671,0,"22,61"
923,"cgfm_independent",-2130.48188456235,0.484128180702211,0,0,"23,61"
923,"cgfm_shared",-2189.14579126546,0.235872699583527,1,0,"23,61"
923,"cgfm_time_varying",-2099.67388873796,0.486584800164751,0.848532132031601,0,"23,61"
924,"cgfm_independent",-2127.72156916357,0.479334445977764,0,0,"24,61"
924,"cgfm_shared",-2180.46615427979,0.236098301099124,1,0,"24,61"
924,"cgfm_time_varying",-2096.24415528729,0.481501219708496,0.851492385387658,0,"24,61"
925,"cgfm_independent",-2127.95442022625,0.485567748699573,0,0,"25,61"
925,"cgfm_shared",-2187.61583769163,0.235460411668431,1,0,"25,61"
925,"cgfm_time_varying",-2097.21894671011,0.487700375274306,0.84783047727019,0,"25,61"
926,"cgfm_independent",-2128.07201829272,0.459502199582849,0,0,"26,61"
926,"cgfm_shared",-2167.32637941734,0.232295765700537,1,0,"26,61"
926,"cgfm_time_varying",-2097.60799805299,0.460252328272691,0.849267902314587,0,"26,61"
927,"cgfm_independent",-2126.12750418328,0.484288431896036,0,0,"27,61"
927,"cgfm_shared",-2184.51006667577,0.234945638033914,1,0,"27,61"
927,"cgfm_time_varying",-2095.08087970667,0.48647397679336,0.848497863570602,0,"27,61"
928,"cgfm_independent",-2133.47631987863,0.47664168007831,0,0,"28,61"
928,"cgfm_shared",-2195.72756900882,0.229819692309617,1,0,"28,61"
928,"cgfm_time_varying",-2103.43533092574,0.479012021382992,0.845113454189765,0,"28,61"
929,"cgfm_independent",-2129.06410248456,0.487098119154372,0,0,"29,61"
929,"cgfm_shared",-2189.40310135383,0.235999289146708,1,0,"29,61"
929,"cgfm_time_varying",-2098.18491385908,0.489402532705691,0.847343334080951,0,"29,61"
930,"cgfm_independent",-2110.32882459205,0.469317080719225,0,0,"30,61"
930,"cgfm_shared",-2182.40467259389,0.217650284939433,1,0,"30,61"
930,"cgfm_time_varying",-2083.93692314648,0.471806457744982,0.833901170694158,0,"30,61"
931,"cgfm_independent",-2126.42997062221,0.493340144698049,0,0,"1,62"
931,"cgfm_shared",-2180.20075909964,0.240013834120728,1,0,"1,62"
931,"cgfm_time_varying",-2094.00330666205,0.495271799615767,0.851535580509659,0,"1,62"
932,"cgfm_independent",-2124.71065202251,0.495981836781912,0,0,"2,62"
932,"cgfm_shared",-2176.76392913614,0.242847044586718,1,0,"2,62"
932,"cgfm_time_varying",-2091.78687574708,0.497926195315544,0.852822367807404,0,"2,62"
933,"cgfm_independent",-2122.9508921528,0.494367790311455,0,0,"3,62"
933,"cgfm_shared",-2171.13265588895,0.243708019532462,1,0,"3,62"
933,"cgfm_time_varying",-2089.40973489197,0.496216284239533,0.854855672277272,0,"3,62"
934,"cgfm_independent",-2125.68081820686,0.488904706873637,0,0,"4,62"
934,"cgfm_shared",-2176.94390076665,0.238886105526853,1,0,"4,62"
934,"cgfm_time_varying",-2093.03621780083,0.49060157877304,0.851957112861484,0,"4,62"
935,"cgfm_independent",-2122.73475787955,0.49828274644384,0,0,"5,62"
935,"cgfm_shared",-2176.12865275197,0.243834066442295,1,0,"5,62"
935,"cgfm_time_varying",-2090.10343216134,0.499656172945411,0.851521677705802,0,"5,62"
936,"cgfm_independent",-2123.48008550024,0.501204037336307,0,0,"6,62"
936,"cgfm_shared",-2178.88244309278,0.243834090909768,1,0,"6,62"
936,"cgfm_time_varying",-2090.97391120872,0.502613793082414,0.850706349560627,0,"6,62"
937,"cgfm_independent",-2125.08663010439,0.497864953618205,0,0,"7,62"
937,"cgfm_shared",-2177.95243108483,0.24311561124662,1,0,"7,62"
937,"cgfm_time_varying",-2092.36696718896,0.49948851081374,0.851979414634233,0,"7,62"
938,"cgfm_independent",-2119.1920720271,0.494978186067046,0,0,"8,62"
938,"cgfm_shared",-2168.34643564953,0.24229769091713,1,0,"8,62"
938,"cgfm_time_varying",-2086.01142341663,0.496306130502484,0.853517256217079,0,"8,62"
939,"cgfm_independent",-2121.29841052749,0.498659529347314,0,0,"9,62"
939,"cgfm_shared",-2174.65085514495,0.243423419375986,1,0,"9,62"
939,"cgfm_time_varying",-2088.56392355081,0.500081988493393,0.851767684597774,0,"9,62"
940,"cgfm_independent",-2123.9854623864,0.485317116726861,0,0,"10,62"
940,"cgfm_shared",-2170.03199496131,0.240950501307535,1,0,"10,62"
940,"cgfm_time_varying",-2090.71075732439,0.486828729168341,0.854119444252183,0,"10,62"
941,"cgfm_independent",-2127.10300194202,0.496355661470292,0,0,"11,62"
941,"cgfm_shared",-2182.59747259614,0.240657904613664,1,0,"11,62"
941,"cgfm_time_varying",-2094.80959861777,0.498307941228518,0.850840097843356,0,"11,62"
942,"cgfm_independent",-2120.73586313363,0.491259240541089,0,0,"12,62"
942,"cgfm_shared",-2163.528344325,0.243845982734483,1,0,"12,62"
942,"cgfm_time_varying",-2086.82260176863,0.492821867616394,0.856655333944107,0,"12,62"
943,"cgfm_independent",-2122.80779760641,0.495686419635513,0,0,"13,62"
943,"cgfm_shared",-2168.4351347872,0.243716056078123,1,0,"13,62"
943,"cgfm_time_varying",-2089.98193583399,0.497065194076277,0.85373817635905,0,"13,62"
944,"cgfm_independent",-2121.19482455425,0.496747580180896,0,0,"14,62"
944,"cgfm_shared",-2171.3685322823,0.24308535854847,1,0,"14,62"
944,"cgfm_time_varying",-2088.69884347152,0.498184874544958,0.852683945805996,0,"14,62"
945,"cgfm_independent",-2124.3545639215,0.493157293598585,0,0,"15,62"
945,"cgfm_shared",-2173.05484790623,0.24311560911056,1,0,"15,62"
945,"cgfm_time_varying",-2091.44654141437,0.494903984305802,0.853848884694228,0,"15,62"
946,"cgfm_independent",-2124.47983512929,0.493533386293367,0,0,"16,62"
946,"cgfm_shared",-2174.88980204797,0.24298735352472,1,0,"16,62"
946,"cgfm_time_varying",-2091.53577827199,0.495102973292154,0.853012037519134,0,"16,62"
947,"cgfm_independent",-2124.85440832494,0.478088520532817,0,0,"17,62"
947,"cgfm_shared",-2176.89785748415,0.231672036501347,1,0,"17,62"
947,"cgfm_time_varying",-2093.24208956959,0.478850823730907,0.848795524062078,0,"17,62"
948,"cgfm_independent",-2124.60374541921,0.498313592885988,0,0,"18,62"
948,"cgfm_shared",-2177.67145259208,0.243337463823524,1,0,"18,62"
948,"cgfm_time_varying",-2091.95144435272,0.49987445047301,0.851927583828991,0,"18,62"
949,"cgfm_independent",-2122.42675984715,0.497284903371146,0,0,"19,62"
949,"cgfm_shared",-2171.99293850254,0.243789001693915,1,0,"19,62"
949,"cgfm_time_varying",-2089.28824592282,0.498724773732717,0.853228314548158,0,"19,62"
950,"cgfm_independent",-2125.91800446386,0.490555491166637,0,0,"20,62"
950,"cgfm_shared",-2178.08410363661,0.240345880091624,1,0,"20,62"
950,"cgfm_time_varying",-2093.4000996743,0.492327533266972,0.851975893394185,0,"20,62"
951,"cgfm_independent",-2123.89452151074,0.499836015241169,0,0,"21,62"
951,"cgfm_shared",-2177.20186592317,0.243845982093801,1,0,"21,62"
951,"cgfm_time_varying",-2091.31284079903,0.501337490332598,0.851555354849468,0,"21,62"
952,"cgfm_independent",-2099.21014256441,0.47633597283928,0,0,"22,62"
952,"cgfm_shared",-2165.43061697287,0.223805236946374,1,0,"22,62"
952,"cgfm_time_varying",-2071.76479985057,0.478397276565182,0.837190062048264,0,"22,62"
953,"cgfm_independent",-2122.97225732736,0.494824115452086,0,0,"23,62"
953,"cgfm_shared",-2172.38623647362,0.243589472397699,1,0,"23,62"
953,"cgfm_time_varying",-2090.10324986133,0.496439876382196,0.853848740223163,0,"23,62"
954,"cgfm_independent",-2120.24981520998,0.489943147041463,0,0,"24,62"
954,"cgfm_shared",-2163.68301343317,0.243815071201073,1,0,"24,62"
954,"cgfm_time_varying",-2086.68412954148,0.491250821776302,0.856744862038921,0,"24,62"
955,"cgfm_independent",-2120.44379557468,0.496330360465229,0,0,"25,62"
955,"cgfm_shared",-2170.91182210967,0.243177981889349,1,0,"25,62"
955,"cgfm_time_varying",-2087.64740259295,0.497618097686835,0.853170651225802,0,"25,62"
956,"cgfm_independent",-2120.81093165648,0.469806078890032,0,0,"26,62"
956,"cgfm_shared",-2150.60427909809,0.2400138092885,1,0,"26,62"
956,"cgfm_time_varying",-2088.22417507392,0.469724605350018,0.854791814543838,0,"26,62"
957,"cgfm_independent",-2118.59354855331,0.494988761793573,0,0,"27,62"
957,"cgfm_shared",-2167.69767266423,0.242663998178214,1,0,"27,62"
957,"cgfm_time_varying",-2085.47822105833,0.496319344042063,0.853834258412017,0,"27,62"
958,"cgfm_independent",-2126.10122694304,0.487318925209357,0,0,"28,62"
958,"cgfm_shared",-2179.26234060212,0.237535423459907,1,0,"28,62"
958,"cgfm_time_varying",-2094.01589175381,0.488923220302894,0.850562332101374,0,"28,62"
959,"cgfm_independent",-2121.57473990931,0.497947195008909,0,0,"29,62"
959,"cgfm_shared",-2172.83676242958,0.243716048212727,1,0,"29,62"
959,"cgfm_time_varying",-2088.65835101103,0.499411694302746,0.852611643097849,0,"29,62"
960,"cgfm_independent",-2103.09133051972,0.480253870822847,0,0,"30,62"
960,"cgfm_shared",-2166.14817029989,0.225404850092932,1,0,"30,62"
960,"cgfm_time_varying",-2074.69389178108,0.482013058805266,0.840091268139265,0,"30,62"
961,"cgfm_independent",-2132.73718293228,0.498143198099086,0,0,"1,63"
961,"cgfm_shared",-2194.9163051928,0.241369495639484,1,0,"1,63"
961,"cgfm_time_varying",-2101.26882455631,0.500777685190408,0.8486181516309,0,"1,63"
962,"cgfm_independent",-2130.99360241078,0.500753294617003,0,0,"2,63"
962,"cgfm_shared",-2191.43030940508,0.244204125593792,1,0,"2,63"
962,"cgfm_time_varying",-2099.0256177568,0.50341133498469,0.849953764185368,0,"2,63"
963,"cgfm_independent",-2129.34126553068,0.499331101401426,0,0,"3,63"
963,"cgfm_shared",-2186.16884936016,0.245062100675098,1,0,"3,63"
963,"cgfm_time_varying",-2096.81025547265,0.501883610249372,0.851860677775189,0,"3,63"
964,"cgfm_independent",-2131.98891255585,0.493680513582518,0,0,"4,63"
964,"cgfm_shared",-2191.60458439589,0.240242085135458,1,0,"4,63"
964,"cgfm_time_varying",-2100.30255060173,0.496076529988623,0.849061178156838,0,"4,63"
965,"cgfm_independent",-2128.96446679825,0.502963422878994,0,0,"5,63"
965,"cgfm_shared",-2190.62059083671,0.245188365058602,1,0,"5,63"
965,"cgfm_time_varying",-2097.28459053426,0.505028331572924,0.848636131538555,0,"5,63"
966,"cgfm_independent",-2129.73938517917,0.50596799709216,0,0,"6,63"
966,"cgfm_shared",-2193.53154444528,0.2451883641049,1,0,"6,63"
966,"cgfm_time_varying",-2098.18446877198,0.508089735108734,0.847809326638048,0,"6,63"
967,"cgfm_independent",-2131.35257190461,0.502619145040497,0,0,"7,63"
967,"cgfm_shared",-2192.5448386804,0.244470136514121,1,0,"7,63"
967,"cgfm_time_varying",-2099.5825856117,0.504954388837395,0.84911816529985,0,"7,63"
968,"cgfm_independent",-2125.50992554154,0.499825866735585,0,0,"8,63"
968,"cgfm_shared",-2183.10982422049,0.243652829564468,1,0,"8,63"
968,"cgfm_time_varying",-2093.29795722499,0.501875781985734,0.850617886399048,0,"8,63"
969,"cgfm_independent",-2127.49835158033,0.503293896780992,0,0,"9,63"
969,"cgfm_shared",-2189.01615452899,0.244777911524896,1,0,"9,63"
969,"cgfm_time_varying",-2095.69952705132,0.505419804040942,0.848975842884055,0,"9,63"
970,"cgfm_independent",-2130.37300396048,0.49019470440229,0,0,"10,63"
970,"cgfm_shared",-2184.91800043826,0.242305912504456,1,0,"10,63"
970,"cgfm_time_varying",-2098.09661565106,0.492394173544388,0.851134649709373,0,"10,63"
971,"cgfm_independent",-2133.40460177827,0.501171902197321,0,0,"11,63"
971,"cgfm_shared",-2197.32814728971,0.24201330720379,1,0,"11,63"
971,"cgfm_time_varying",-2102.06585385013,0.503833006958485,0.847922030123889,0,"11,63"
972,"cgfm_independent",-2126.94004666278,0.495868762463691,0,0,"12,63"
972,"cgfm_shared",-2177.81322564658,0.245200251335646,1,0,"12,63"
972,"cgfm_time_varying",-2093.96988381384,0.49813850111614,0.853946041281806,0,"12,63"
973,"cgfm_independent",-2129.09717002161,0.500493236416964,0,0,"13,63"
973,"cgfm_shared",-2183.16800187611,0.245070385260531,1,0,"13,63"
973,"cgfm_time_varying",-2097.25298802536,0.502596948052615,0.850802141521839,0,"13,63"
974,"cgfm_independent",-2127.41766906924,0.501425065258033,0,0,"14,63"
974,"cgfm_shared",-2185.81547877922,0.244440036574206,1,0,"14,63"
974,"cgfm_time_varying",-2095.87786111168,0.503570847854398,0.849827794682386,0,"14,63"
975,"cgfm_independent",-2130.63838724155,0.497914498247995,0,0,"15,63"
975,"cgfm_shared",-2187.696830701,0.244470234665338,1,0,"15,63"
975,"cgfm_time_varying",-2098.69940814353,0.500370582474197,0.850981476288789,0,"15,63"
976,"cgfm_independent",-2130.79728205861,0.498347358462662,0,0,"16,63"
976,"cgfm_shared",-2189.66382556413,0.244342012407613,1,0,"16,63"
976,"cgfm_time_varying",-2098.82328014853,0.500625267753381,0.85008411976393,0,"16,63"
977,"cgfm_independent",-2131.16779645352,0.482772106396183,0,0,"17,63"
977,"cgfm_shared",-2191.41872660592,0.233028448373713,1,0,"17,63"
977,"cgfm_time_varying",-2100.50151849602,0.484201755043608,0.84585370357534,0,"17,63"
978,"cgfm_independent",-2130.87150291192,0.503075770801607,0,0,"18,63"
978,"cgfm_shared",-2192.2901353717,0.24469197346919,1,0,"18,63"
978,"cgfm_time_varying",-2099.16492088481,0.505355908655128,0.84906131257987,0,"18,63"
979,"cgfm_independent",-2128.72804495367,0.502113813797595,0,0,"19,63"
979,"cgfm_shared",-2186.75461390854,0.245143079436257,1,0,"19,63"
979,"cgfm_time_varying",-2096.56110729215,0.504269541443138,0.850316779986814,0,"19,63"
980,"cgfm_independent",-2132.23302022243,0.495338924946467,0,0,"20,63"
980,"cgfm_shared",-2192.78286671279,0.241701454037452,1,0,"20,63"
980,"cgfm_time_varying",-2100.67628364257,0.497808294975818,0.849064653301932,0,"20,63"
981,"cgfm_independent",-2130.1566558739,0.504599670035188,0,0,"21,63"
981,"cgfm_shared",-2191.84605655163,0.245200241551764,1,0,"21,63"
981,"cgfm_time_varying",-2098.5332198768,0.506815830420276,0.84866866319877,0,"21,63"
982,"cgfm_independent",-2105.51794672689,0.481121567366397,0,0,"22,63"
982,"cgfm_shared",-2179.90269536894,0.225173968948776,1,0,"22,63"
982,"cgfm_time_varying",-2078.95023126518,0.483859091032273,0.83402439899562,0,"22,63"
983,"cgfm_independent",-2129.30226559735,0.499674532882539,0,0,"23,63"
983,"cgfm_shared",-2187.18682131779,0.244942916169811,1,0,"23,63"
983,"cgfm_time_varying",-2097.39898469643,0.502013178307555,0.850920602204852,0,"23,63"
984,"cgfm_independent",-2126.60791217013,0.494811543061294,0,0,"24,63"
984,"cgfm_shared",-2178.52286466702,0.245169241651324,1,0,"24,63"
984,"cgfm_time_varying",-2094.02607672775,0.496844311364765,0.853815386255314,0,"24,63"
985,"cgfm_independent",-2126.72757267509,0.501115869353786,0,0,"25,63"
985,"cgfm_shared",-2185.57213861122,0.244532627898171,1,0,"25,63"
985,"cgfm_time_varying",-2094.90284325412,0.503108746733306,0.850224933449057,0,"25,63"
986,"cgfm_independent",-2127.14638842012,0.474477542331514,0,0,"26,63"
986,"cgfm_shared",-2165.14024986383,0.241369513094991,1,0,"26,63"
986,"cgfm_time_varying",-2095.54225496085,0.475089327852391,0.851832790969005,0,"26,63"
987,"cgfm_independent",-2124.88080057129,0.499774102226546,0,0,"27,63"
987,"cgfm_shared",-2182.32286668522,0.244018930215198,1,0,"27,63"
987,"cgfm_time_varying",-2092.72433724474,0.50181533591778,0.850953101546425,0,"27,63"
988,"cgfm_independent",-2132.36945357083,0.491991149018361,0,0,"28,63"
988,"cgfm_shared",-2193.74462542875,0.23889164860136,1,0,"28,63"
988,"cgfm_time_varying",-2101.22460485601,0.494273275630955,0.847681401433905,0,"28,63"
989,"cgfm_independent",-2127.84684404051,0.50271366792272,0,0,"29,63"
989,"cgfm_shared",-2187.44370268368,0.24507039183201,1,0,"29,63"
989,"cgfm_time_varying",-2095.88005427795,0.504892726129863,0.849737869409758,0,"29,63"
990,"cgfm_independent",-2109.32035068481,0.484925182279595,0,0,"30,63"
990,"cgfm_shared",-2180.44891609604,0.226771764246964,1,0,"30,63"
990,"cgfm_time_varying",-2081.82978364714,0.487348490225833,0.836973694700825,0,"30,63"
991,"cgfm_independent",-2126.81220030903,0.495295782025865,0,0,"1,64"
991,"cgfm_shared",-2180.39510043085,0.240464398143282,1,0,"1,64"
991,"cgfm_time_varying",-2094.87866918471,0.497066462220941,0.85085468184814,0,"1,64"
992,"cgfm_independent",-2125.09216336197,0.497954921879917,0,0,"2,64"
992,"cgfm_shared",-2176.98022599871,0.243297254143678,1,0,"2,64"
992,"cgfm_time_varying",-2092.668199591,0.499739938798836,0.85213444546004,0,"2,64"
993,"cgfm_independent",-2123.3920948876,0.496442259604262,0,0,"3,64"
993,"cgfm_shared",-2171.56279958651,0.244157892845305,1,0,"3,64"
993,"cgfm_time_varying",-2090.37633541508,0.498116591446288,0.854107950353647,0,"3,64"
994,"cgfm_independent",-2126.11573533875,0.490923440535815,0,0,"4,64"
994,"cgfm_shared",-2177.30297634672,0.239336770808678,1,0,"4,64"
994,"cgfm_time_varying",-2093.97968754243,0.492459523766676,0.851230037235304,0,"4,64"
995,"cgfm_independent",-2123.11433678134,0.500267039294742,0,0,"5,64"
995,"cgfm_shared",-2176.36010772322,0.244284192297676,1,0,"5,64"
995,"cgfm_time_varying",-2090.98464532719,0.501475868107153,0.850797409403329,0,"5,64"
996,"cgfm_independent",-2123.8894966009,0.503275085493214,0,0,"6,64"
996,"cgfm_shared",-2179.26956171831,0.244284192375597,1,0,"6,64"
996,"cgfm_time_varying",-2091.8937165367,0.504531074067568,0.8499346061606,0,"6,64"
997,"cgfm_independent",-2125.46332847554,0.49984021329084,0,0,"7,64"
997,"cgfm_shared",-2178.11177971118,0.243565863752766,1,0,"7,64"
997,"cgfm_time_varying",-2093.24648156154,0.501294299232664,0.851268616144126,0,"7,64"
998,"cgfm_independent",-2119.6521928732,0.497105544500209,0,0,"8,64"
998,"cgfm_shared",-2168.8987170946,0.242748067322697,1,0,"8,64"
998,"cgfm_time_varying",-2086.98985342637,0.498280921537657,0.852764801409568,0,"8,64"
999,"cgfm_independent",-2121.63328733157,0.500564535020211,0,0,"9,64"
999,"cgfm_shared",-2174.69099531387,0.243873606884775,1,0,"9,64"
999,"cgfm_time_varying",-2089.38648399724,0.501814450081787,0.8511107709099,0,"9,64"
1000,"cgfm_independent",-2124.45260053738,0.487360530576693,0,0,"10,64"
1000,"cgfm_shared",-2170.48486740441,0.241400967602762,1,0,"10,64"
1000,"cgfm_time_varying",-2091.70398576209,0.488701444991877,0.853375194417933,0,"10,64"
1001,"cgfm_independent",-2127.50534345741,0.498375513826803,0,0,"11,64"
1001,"cgfm_shared",-2182.89875120898,0.241108248575657,1,0,"11,64"
1001,"cgfm_time_varying",-2095.71466745918,0.500172960935942,0.850113661414275,0,"11,64"
1002,"cgfm_independent",-2121.11028355665,0.493195197568245,0,0,"12,64"
1002,"cgfm_shared",-2163.72555489101,0.244296087427469,1,0,"12,64"
1002,"cgfm_time_varying",-2087.69255163542,0.494570347222197,0.85600877252147,0,"12,64"
1003,"cgfm_independent",-2123.29759079678,0.497892928631451,0,0,"13,64"
1003,"cgfm_shared",-2169.2371287647,0.244166165353278,1,0,"13,64"
1003,"cgfm_time_varying",-2090.99964889022,0.49912460708683,0.852918154160878,0,"13,64"
1004,"cgfm_independent",-2121.58756878248,0.498761128334964,0,0,"14,64"
1004,"cgfm_shared",-2171.69305555538,0.243535611519823,1,0,"14,64"
1004,"cgfm_time_varying",-2089.58933706942,0.50003122637021,0.851977286172332,0,"14,64"
1005,"cgfm_independent",-2124.77200919857,0.495182996153851,0,0,"15,64"
1005,"cgfm_shared",-2173.4372662451,0.243565707388736,1,0,"15,64"
1005,"cgfm_time_varying",-2092.36505987055,0.496766880472632,0.853149662530261,0,"15,64"
1006,"cgfm_independent",-2124.91647181984,0.495594225605087,0,0,"16,64"
1006,"cgfm_shared",-2175.34384513068,0.243437531929962,1,0,"16,64"
1006,"cgfm_time_varying",-2092.48763196404,0.497011362524856,0.852276507154236,0,"16,64"
1007,"cgfm_independent",-2125.2816586888,0.480001061878678,0,0,"17,64"
1007,"cgfm_shared",-2177.18088957261,0.232122813727854,1,0,"17,64"
1007,"cgfm_time_varying",-2094.16452496933,0.480595781351623,0.848079041372246,0,"17,64"
1008,"cgfm_independent",-2124.97372044901,0.500280330341405,0,0,"18,64"
1008,"cgfm_shared",-2177.81499427732,0.243787644404547,1,0,"18,64"
1008,"cgfm_time_varying",-2092.81861703197,0.501680813653449,0.851237773863709,0,"18,64"
1009,"cgfm_independent",-2122.87924282832,0.499418200537379,0,0,"19,64"
1009,"cgfm_shared",-2172.57226157789,0.244238893720842,1,0,"19,64"
1009,"cgfm_time_varying",-2090.26205547283,0.500700664868588,0.85244734074152,0,"19,64"
1010,"cgfm_independent",-2126.30566652932,0.492495009032547,0,0,"20,64"
1010,"cgfm_shared",-2178.28789236837,0.24079645911791,1,0,"20,64"
1010,"cgfm_time_varying",-2094.27797994334,0.494107496327732,0.85131949633437,0,"20,64"
1011,"cgfm_independent",-2124.28973762061,0.501872507345584,0,0,"21,64"
1011,"cgfm_shared",-2177.540391585,0.244296078769035,1,0,"21,64"
1011,"cgfm_time_varying",-2092.20457220785,0.503220202449814,0.850846655331268,0,"21,64"
1012,"cgfm_independent",-2099.57971752684,0.478170787750389,0,0,"22,64"
1012,"cgfm_shared",-2165.4592904405,0.22425990664294,1,0,"22,64"
1012,"cgfm_time_varying",-2072.6112983245,0.48010632912902,0.836362093893137,0,"22,64"
1013,"cgfm_independent",-2123.39384552083,0.496866026741967,0,0,"23,64"
1013,"cgfm_shared",-2172.7531578204,0.244039615076534,1,0,"23,64"
1013,"cgfm_time_varying",-2091.03960109751,0.49832872887651,0.853121085447439,0,"23,64"
1014,"cgfm_independent",-2120.67940399709,0.491962529221783,0,0,"24,64"
1014,"cgfm_shared",-2164.0567286687,0.24426508247368,1,0,"24,64"
1014,"cgfm_time_varying",-2087.63348974259,0.493101385985951,0.85604733381032,0,"24,64"
1015,"cgfm_independent",-2120.84702179587,0.498350000712397,0,0,"25,64"
1015,"cgfm_shared",-2171.20698747071,0.243628412441218,1,0,"25,64"
1015,"cgfm_time_varying",-2088.5621124539,0.499469426527882,0.852433373879652,0,"25,64"
1016,"cgfm_independent",-2121.34091295303,0.471862773977899,0,0,"26,64"
1016,"cgfm_shared",-2151.41197001577,0.240464408670178,1,0,"26,64"
1016,"cgfm_time_varying",-2089.2844397029,0.471613720953843,0.85399456428636,0,"26,64"
1017,"cgfm_independent",-2119.01471436028,0.497036530287038,0,0,"27,64"
1017,"cgfm_shared",-2168.05983072263,0.24311434680412,1,0,"27,64"
1017,"cgfm_time_varying",-2086.41644265879,0.498203811463949,0.853086396289675,0,"27,64"
1018,"cgfm_independent",-2126.48283683974,0.489222851579005,0,0,"28,64"
1018,"cgfm_shared",-2179.43680831323,0.237986191438236,1,0,"28,64"
1018,"cgfm_time_varying",-2094.88216162919,0.490664088431464,0.849897367278956,0,"28,64"
1019,"cgfm_independent",-2121.92623090683,0.499876246419222,0,0,"29,64"
1019,"cgfm_shared",-2172.90999629631,0.244166197424256,1,0,"29,64"
1019,"cgfm_time_varying",-2089.50646036083,0.50117009478715,0.851931753900466,0,"29,64"
1020,"cgfm_independent",-2103.46117439152,0.482139989616206,0,0,"30,64"
1020,"cgfm_shared",-2166.34908953743,0.225859191487871,1,0,"30,64"
1020,"cgfm_time_varying",-2075.53789966498,0.4837573441968,0.839293181302563,0,"30,64"
1021,"cgfm_independent",-2133.99232267944,0.487819770292739,0,0,"1,65"
1021,"cgfm_shared",-2192.84856861279,0.236907317676743,1,0,"1,65"
1021,"cgfm_time_varying",-2102.84890065439,0.490619035020692,0.848605233445921,0,"1,65"
1022,"cgfm_independent",-2132.26447746134,0.490412904120161,0,0,"2,65"
1022,"cgfm_shared",-2189.35958338595,0.239741777317335,1,0,"2,65"
1022,"cgfm_time_varying",-2100.61594406769,0.493245985012306,0.849971586561495,0,"2,65"
1023,"cgfm_independent",-2130.60005934479,0.488991287121992,0,0,"3,65"
1023,"cgfm_shared",-2184.08797466062,0.240602144198019,1,0,"3,65"
1023,"cgfm_time_varying",-2098.38568504945,0.491726637107058,0.851894721903141,0,"3,65"
1024,"cgfm_independent",-2133.17873007193,0.483337793779973,0,0,"4,65"
1024,"cgfm_shared",-2189.44342974329,0.235778683489574,1,0,"4,65"
1024,"cgfm_time_varying",-2101.80832678773,0.48590202552518,0.84908334595418,0,"4,65"
1025,"cgfm_independent",-2130.26918472748,0.492650229043329,0,0,"5,65"
1025,"cgfm_shared",-2188.60392564596,0.240728539411374,1,0,"5,65"
1025,"cgfm_time_varying",-2098.90577828341,0.494900690557873,0.848656519397816,0,"5,65"
1026,"cgfm_independent",-2131.04354487951,0.495572331236867,0,0,"6,65"
1026,"cgfm_shared",-2191.41949706181,0.240728558109846,1,0,"6,65"
1026,"cgfm_time_varying",-2099.79823342258,0.497872983112292,0.847850975754711,0,"6,65"
1027,"cgfm_independent",-2132.65563696223,0.49228551140315,0,0,"7,65"
1027,"cgfm_shared",-2190.55514654909,0.24001181980451,1,0,"7,65"
1027,"cgfm_time_varying",-2101.21051781636,0.494799665126055,0.849112730163742,0,"7,65"
1028,"cgfm_independent",-2126.76586350808,0.48943484219145,0,0,"8,65"
1028,"cgfm_shared",-2181.0010624126,0.239191017916152,1,0,"8,65"
1028,"cgfm_time_varying",-2094.86592402826,0.491669211673903,0.850665419923575,0,"8,65"
1029,"cgfm_independent",-2128.8396653667,0.493019322084687,0,0,"9,65"
1029,"cgfm_shared",-2187.14088793064,0.240317585395913,1,0,"9,65"
1029,"cgfm_time_varying",-2097.37060617712,0.495334241352001,0.848935350157218,0,"9,65"
1030,"cgfm_independent",-2131.55638692274,0.479952689428674,0,0,"10,65"
1030,"cgfm_shared",-2182.83749104701,0.237844049971102,1,0,"10,65"
1030,"cgfm_time_varying",-2099.60514446227,0.482326603638643,0.851142709381308,0,"10,65"
1031,"cgfm_independent",-2134.68265870348,0.490815558851133,0,0,"11,65"
1031,"cgfm_shared",-2195.25314933813,0.237551333052435,1,0,"11,65"
1031,"cgfm_time_varying",-2103.66728312483,0.493639715224191,0.847913129964215,0,"11,65"
1032,"cgfm_independent",-2128.19624947413,0.485561503616688,0,0,"12,65"
1032,"cgfm_shared",-2175.83721907728,0.240740436066126,1,0,"12,65"
1032,"cgfm_time_varying",-2095.5581850039,0.488013933162684,0.853951477766134,0,"12,65"
1033,"cgfm_independent",-2130.36359039867,0.490104010080262,0,0,"13,65"
1033,"cgfm_shared",-2181.03376079909,0.240620191714339,1,0,"13,65"
1033,"cgfm_time_varying",-2098.82388767402,0.492376295009669,0.850883653404088,0,"13,65"
1034,"cgfm_independent",-2128.72536220358,0.491103006408529,0,0,"14,65"
1034,"cgfm_shared",-2183.83958904168,0.239979382985341,1,0,"14,65"
1034,"cgfm_time_varying",-2097.5071441698,0.493423724865752,0.84983444259258,0,"14,65"
1035,"cgfm_independent",-2131.90102774171,0.487614541633812,0,0,"15,65"
1035,"cgfm_shared",-2185.66261071936,0.240009711257753,1,0,"15,65"
1035,"cgfm_time_varying",-2100.28476202702,0.490239980747051,0.850988896756532,0,"15,65"
1036,"cgfm_independent",-2132.03601365748,0.488017609657021,0,0,"16,65"
1036,"cgfm_shared",-2187.52526475738,0.239881497406639,1,0,"16,65"
1036,"cgfm_time_varying",-2100.3766144585,0.490468676585658,0.850131947151017,0,"16,65"
1037,"cgfm_independent",-2132.32072384584,0.472654555285797,0,0,"17,65"
1037,"cgfm_shared",-2189.42365295918,0.228569530433357,1,0,"17,65"
1037,"cgfm_time_varying",-2102.00025695332,0.474241941501462,0.845743485469207,0,"17,65"
1038,"cgfm_independent",-2132.16499843311,0.492716099080833,0,0,"18,65"
1038,"cgfm_shared",-2190.24702136855,0.240231673834419,1,0,"18,65"
1038,"cgfm_time_varying",-2100.77762502812,0.495175181793954,0.849082176901583,0,"18,65"
1039,"cgfm_independent",-2129.98551998187,0.491686329906003,0,0,"19,65"
1039,"cgfm_shared",-2184.56077745116,0.240683210361249,1,0,"19,65"
1039,"cgfm_time_varying",-2098.12295806837,0.494020770106311,0.850399392467039,0,"19,65"
1040,"cgfm_independent",-2133.47913769296,0.485089882797561,0,0,"20,65"
1040,"cgfm_shared",-2190.76345518467,0.237239401957003,1,0,"20,65"
1040,"cgfm_time_varying",-2102.25308312179,0.487725542337562,0.849032739559684,0,"20,65"
1041,"cgfm_independent",-2131.47411169014,0.494247555848082,0,0,"21,65"
1041,"cgfm_shared",-2189.81145276379,0.240740478344912,1,0,"21,65"
1041,"cgfm_time_varying",-2100.16590837443,0.49664134708106,0.848686488143198,0,"21,65"
1042,"cgfm_independent",-2106.61855892969,0.470691611631061,0,0,"22,65"
1042,"cgfm_shared",-2177.81305035648,0.220680805129481,1,0,"22,65"
1042,"cgfm_time_varying",-2080.4129889295,0.473559759668016,0.833785345926055,0,"22,65"
1043,"cgfm_independent",-2130.54925223945,0.489309424149904,0,0,"23,65"
1043,"cgfm_shared",-2185.06014901285,0.240483802473546,1,0,"23,65"
1043,"cgfm_time_varying",-2098.96276212853,0.491820009796526,0.850976379467263,0,"23,65"
1044,"cgfm_independent",-2127.80181145457,0.4844590570195,0,0,"24,65"
1044,"cgfm_shared",-2176.34298636453,0.240709396052907,1,0,"24,65"
1044,"cgfm_time_varying",-2095.53471515852,0.486666016818589,0.853904652205357,0,"24,65"
1045,"cgfm_independent",-2127.99308945946,0.49073405569007,0,0,"25,65"
1045,"cgfm_shared",-2183.46550212217,0.240071994349721,1,0,"25,65"
1045,"cgfm_time_varying",-2096.48022659681,0.492910527025893,0.850297332751536,0,"25,65"
1046,"cgfm_independent",-2128.20682028686,0.464374813340615,0,0,"26,65"
1046,"cgfm_shared",-2163.03131400487,0.236906686991246,1,0,"26,65"
1046,"cgfm_time_varying",-2096.92991800596,0.465143221466999,0.851869061390158,0,"26,65"
1047,"cgfm_independent",-2126.15372148972,0.489419164084314,0,0,"27,65"
1047,"cgfm_shared",-2180.29443922356,0.239557640039335,1,0,"27,65"
1047,"cgfm_time_varying",-2094.31656120912,0.491650689098438,0.850987838327444,0,"27,65"
1048,"cgfm_independent",-2133.60352634783,0.481798793535463,0,0,"28,65"
1048,"cgfm_shared",-2191.77470524417,0.234429249209919,1,0,"28,65"
1048,"cgfm_time_varying",-2102.79839434593,0.484244008798203,0.847610066800712,0,"28,65"
1049,"cgfm_independent",-2129.1624627339,0.492394226720579,0,0,"29,65"
1049,"cgfm_shared",-2185.48699739099,0.240610435147213,1,0,"29,65"
1049,"cgfm_time_varying",-2097.52402268307,0.494759290212999,0.849733455013893,0,"29,65"
1050,"cgfm_independent",-2110.5162352289,0.474579769721316,0,0,"30,65"
1050,"cgfm_shared",-2178.51953112013,0.222282295125094,1,0,"30,65"
1050,"cgfm_time_varying",-2083.38581635228,0.477145756154131,0.836734189554399,0,"30,65"
