"rep","fit","convergence","log_l","alpha_mean","nb_size_mean","nb_size_min","nb_size_max","fold","heldout_subjects"
1,"unconstrained","0",-2021.35145217506,0.485095539303464,1.32566962023912,0.378111287632263,2.50919531470119,1,"1,31"
1,"constrained_alpha",NA,-2037.43676634423,0.487651924980331,1.32566962023912,0.378111287632263,2.50919531470119,1,"1,31"
2,"unconstrained","0",-2018.11395490376,0.488945459591578,1.33208430266017,0.371495201936013,2.50888610770039,2,"2,31"
2,"constrained_alpha",NA,-2034.25673249631,0.490128944871706,1.33208430266017,0.371495201936013,2.50888610770039,2,"2,31"
3,"unconstrained","0",-2013.83738407614,0.49246800637707,1.36605676227094,0.365527266605938,2.4935528029468,3,"3,31"
3,"constrained_alpha",NA,-2029.33930459605,0.497402213364444,1.36605676227094,0.365527266605938,2.4935528029468,3,"3,31"
4,"unconstrained","0",-2020.13542712043,0.485143121161077,1.37088205075766,0.373415985968605,2.53162918992078,4,"4,31"
4,"constrained_alpha",NA,-2036.27887788986,0.467750106241607,1.37088205075766,0.373415985968605,2.53162918992078,4,"4,31"
5,"unconstrained","0",-2016.76056884368,0.484589094898355,1.32707790763764,0.380291569469001,2.47779234367026,5,"5,31"
5,"constrained_alpha",NA,-2032.85941070537,0.471704216656216,1.32707790763764,0.380291569469001,2.47779234367026,5,"5,31"
6,"unconstrained","0",-2019.52642335222,0.481513002144472,1.32587785328111,0.374015957321497,2.47455724510043,6,"6,31"
6,"constrained_alpha",NA,-2035.18175878665,0.464114027415983,1.32587785328111,0.374015957321497,2.47455724510043,6,"6,31"
7,"unconstrained","0",-2019.84236611189,0.484385602572116,1.32272942727608,0.371945925644588,2.6079761283568,7,"7,31"
7,"constrained_alpha",NA,-2036.48613198216,0.463268421181673,1.32272942727608,0.371945925644588,2.6079761283568,7,"7,31"
8,"unconstrained","0",-2011.09581969173,0.493622277169924,1.32433197084868,0.328687470460444,2.49246467595918,8,"8,31"
8,"constrained_alpha",NA,-2028.36085278776,0.476107284667315,1.32433197084868,0.328687470460444,2.49246467595918,8,"8,31"
9,"unconstrained","0",-2014.96505676306,0.486666236224046,1.37141872749057,0.376502185597204,2.54351901987114,9,"9,31"
9,"constrained_alpha",NA,-2031.33196768603,0.469389368463274,1.37141872749057,0.376502185597204,2.54351901987114,9,"9,31"
10,"unconstrained","0",-2017.54057125827,0.491756990266414,1.33505214200267,0.414561004103976,2.56279103548797,10,"10,31"
10,"constrained_alpha",NA,-2033.87849919985,0.492497578747064,1.33505214200267,0.414561004103976,2.56279103548797,10,"10,31"
11,"unconstrained","0",-2023.72085197826,0.482267881355439,1.32703211752422,0.372109000341434,2.49421294106163,11,"11,31"
11,"constrained_alpha",NA,-2040.59113892703,0.46076091538509,1.32703211752422,0.372109000341434,2.49421294106163,11,"11,31"
12,"unconstrained","0",-2013.33932293644,0.493660081016603,1.32612692605647,0.383585407819883,2.47421970619256,12,"12,31"
12,"constrained_alpha",NA,-2026.89636634265,0.48699406692579,1.32612692605647,0.383585407819883,2.47421970619256,12,"12,31"
13,"unconstrained","0",-2019.20378883723,0.486950830932943,1.32943972299612,0.371900146869087,2.60441239023239,13,"13,31"
13,"constrained_alpha",NA,-2034.44011795145,0.471442066393882,1.32943972299612,0.371900146869087,2.60441239023239,13,"13,31"
14,"unconstrained","0",-2018.67263687939,0.4799065806218,1.3311451199651,0.36286038602029,2.50076435254155,14,"14,31"
14,"constrained_alpha",NA,-2035.52191707095,0.485544818616956,1.3311451199651,0.36286038602029,2.50076435254155,14,"14,31"
15,"unconstrained","0",-2018.085132125,0.48379562268056,1.32673595205017,0.35530595455102,2.47668965931849,15,"15,31"
15,"constrained_alpha",NA,-2034.62901810678,0.485369369893983,1.32673595205017,0.35530595455102,2.47668965931849,15,"15,31"
16,"unconstrained","0",-2019.08726962348,0.48864734489966,1.31394816908859,0.388405114456353,2.47513555768056,16,"16,31"
16,"constrained_alpha",NA,-2034.34024748567,0.4713582219988,1.31394816908859,0.388405114456353,2.47513555768056,16,"16,31"
17,"unconstrained","0",-2022.58570299117,0.481019145696347,1.36892981072995,0.423710481192108,2.53145271375138,17,"17,31"
17,"constrained_alpha",NA,-2036.93556941817,0.463169134422207,1.36892981072995,0.423710481192108,2.53145271375138,17,"17,31"
18,"unconstrained","0",-2020.40684498307,0.48403127084453,1.33165428887471,0.375326519356307,2.5623543741291,18,"18,31"
18,"constrained_alpha",NA,-2037.11637159245,0.484354231423866,1.33165428887471,0.375326519356307,2.5623543741291,18,"18,31"
19,"unconstrained","0",-2015.18047249337,0.491140639857194,1.33516786405651,0.355558708408617,2.51024684262814,19,"19,31"
19,"constrained_alpha",NA,-2032.70384794887,0.472347687466551,1.33516786405651,0.355558708408617,2.51024684262814,19,"19,31"
20,"unconstrained","0",-2021.98537049801,0.483723314116376,1.35161944153196,0.385452479743987,2.494041579771,20,"20,31"
20,"constrained_alpha",NA,-2038.78534553493,0.4674900687654,1.35161944153196,0.385452479743987,2.494041579771,20,"20,31"
21,"unconstrained","0",-2020.06485523846,0.481872696764276,1.32592899525502,0.362737726571861,2.48571258475964,21,"21,31"
21,"constrained_alpha",NA,-2036.65062480689,0.486720908159088,1.32592899525502,0.362737726571861,2.48571258475964,21,"21,31"
22,"unconstrained","0",-2005.54978349789,0.458931316215101,1.38863631751763,0.40038330861975,2.47809738889129,22,"22,31"
22,"constrained_alpha",NA,-2020.19425582444,0.442740053113258,1.38863631751763,0.40038330861975,2.47809738889129,22,"22,31"
23,"unconstrained","0",-2019.83289131443,0.481896087730278,1.32948421453091,0.380526729085435,2.4938745274305,23,"23,31"
23,"constrained_alpha",NA,-2034.34923353326,0.468940629369804,1.32948421453091,0.380526729085435,2.4938745274305,23,"23,31"
24,"unconstrained","0",-2016.41051684136,0.485611122470784,1.34435471039985,0.376075355518698,2.47784872169713,24,"24,31"
24,"constrained_alpha",NA,-2033.51858890591,0.462306090712671,1.34435471039985,0.376075355518698,2.47784872169713,24,"24,31"
25,"unconstrained","0",-2017.57323171543,0.480097596623307,1.33628816426523,0.374279441004482,2.47464481011988,25,"25,31"
25,"constrained_alpha",NA,-2033.75131940431,0.484529943689078,1.33628816426523,0.374279441004482,2.47464481011988,25,"25,31"
26,"unconstrained","0",-2020.09318622285,0.478898859607981,1.45160404151829,0.414172605008449,2.5879794129026,26,"26,31"
26,"constrained_alpha",NA,-2034.24884399162,0.482588892361678,1.45160404151829,0.414172605008449,2.5879794129026,26,"26,31"
27,"unconstrained","0",-2013.58105313781,0.485039716171808,1.34207789272124,0.373030627917035,2.47759656571796,27,"27,31"
27,"constrained_alpha",NA,-2029.24006806253,0.486499980762415,1.34207789272124,0.373030627917035,2.47759656571796,27,"27,31"
28,"unconstrained","0",-2021.40873373592,0.483616696513965,1.37419944024544,0.396790336422213,2.49431011308806,28,"28,31"
28,"constrained_alpha",NA,-2038.45858821828,0.467322186659825,1.37419944024544,0.396790336422213,2.49431011308806,28,"28,31"
29,"unconstrained","0",-2015.14991434688,0.485741942447724,1.33072015446221,0.372363644712472,2.50867779163013,29,"29,31"
29,"constrained_alpha",NA,-2030.5384750076,0.488419907544229,1.33072015446221,0.372363644712472,2.50867779163013,29,"29,31"
30,"unconstrained","0",-2008.17807880128,0.459871189929089,1.3871632411357,0.368712946104498,2.60473250421332,30,"30,31"
30,"constrained_alpha",NA,-2026.31898064214,0.442112882389038,1.3871632411357,0.368712946104498,2.60473250421332,30,"30,31"
31,"unconstrained","0",-2020.98403275462,0.487673015499391,1.27978155915833,0.33512694918694,2.51534313048935,31,"1,32"
31,"constrained_alpha",NA,-2036.95806215871,0.491273113201389,1.27978155915833,0.33512694918694,2.51534313048935,31,"1,32"
32,"unconstrained","0",-2017.70000720761,0.491456965032725,1.28504436713555,0.32927176532363,2.51505888112646,32,"2,32"
32,"constrained_alpha",NA,-2033.42403907674,0.493699054564664,1.28504436713555,0.32927176532363,2.51505888112646,32,"2,32"
33,"unconstrained","0",-2013.5329139124,0.494865190277938,1.30859798924487,0.324453293252205,2.49965715995908,33,"3,32"
33,"constrained_alpha",NA,-2028.63199202275,0.500287120707554,1.30859798924487,0.324453293252205,2.49965715995908,33,"3,32"
34,"unconstrained","0",-2019.84490553607,0.487747235208503,1.31729450768642,0.330968110195419,2.53789576791854,34,"4,32"
34,"constrained_alpha",NA,-2036.67934836906,0.469965923357253,1.31729450768642,0.330968110195419,2.53789576791854,34,"4,32"
35,"unconstrained","0",-2016.50386053633,0.486946646292339,1.27790359472231,0.335696533016244,2.48360244496417,35,"5,32"
35,"constrained_alpha",NA,-2034.47751643486,0.469527015711687,1.27790359472231,0.335696533016244,2.48360244496417,35,"5,32"
36,"unconstrained","0",-2019.21772768757,0.483951525903782,1.27750367098525,0.332057154466409,2.48026202859423,36,"6,32"
36,"constrained_alpha",NA,-2036.76311850378,0.489183440188594,1.27750367098525,0.332057154466409,2.48026202859423,36,"6,32"
37,"unconstrained","0",-2019.48185199794,0.486827334982695,1.27672691644882,0.330196309855565,2.61482995830777,37,"7,32"
37,"constrained_alpha",NA,-2035.02518468339,0.46949081620724,1.27672691644882,0.330196309855565,2.61482995830777,37,"7,32"
38,"unconstrained","0",-2010.67727816735,0.496049156793392,1.27597561431904,0.29073980848973,2.49803450196721,38,"8,32"
38,"constrained_alpha",NA,-2026.89773444918,0.484636562732805,1.27597561431904,0.29073980848973,2.49803450196721,38,"8,32"
39,"unconstrained","0",-2014.63381765951,0.489327278009524,1.31474713472802,0.334158270477718,2.48936229311815,39,"9,32"
39,"constrained_alpha",NA,-2030.24382649703,0.470595526322419,1.31474713472802,0.334158270477718,2.48936229311815,39,"9,32"
40,"unconstrained","0",-2017.14144146282,0.494351035570963,1.28873119434458,0.366277434275638,2.56931328736209,40,"10,32"
40,"constrained_alpha",NA,-2031.91246775101,0.492570410185835,1.28873119434458,0.366277434275638,2.56931328736209,40,"10,32"
41,"unconstrained","0",-2023.4270861634,0.484660498528028,1.27995935516122,0.330381718349285,2.50021031548828,41,"11,32"
41,"constrained_alpha",NA,-2039.80179879289,0.468955821255324,1.27995935516122,0.330381718349285,2.50021031548828,41,"11,32"
42,"unconstrained","0",-2013.12230992063,0.496094669052936,1.27821776405691,0.339556074139608,2.47992492094983,42,"12,32"
42,"constrained_alpha",NA,-2026.45781779368,0.49552337193604,1.27821776405691,0.339556074139608,2.47992492094983,42,"12,32"
43,"unconstrained","0",-2018.79885071936,0.489643930809717,1.28309471611311,0.330062355281189,2.60984385326591,43,"13,32"
43,"constrained_alpha",NA,-2034.45340708034,0.472349556720243,1.28309471611311,0.330062355281189,2.60984385326591,43,"13,32"
44,"unconstrained","0",-2018.33498286817,0.482265460498984,1.28502387985799,0.32220581093101,2.50628363026757,44,"14,32"
44,"constrained_alpha",NA,-2036.63130077082,0.488226169997059,1.28502387985799,0.32220581093101,2.50628363026757,44,"14,32"
45,"unconstrained","0",-2017.67915778171,0.48643654650545,1.28079729114323,0.315386628914092,2.48229195893085,45,"15,32"
45,"constrained_alpha",NA,-2032.93844704301,0.488280218617925,1.28079729114323,0.315386628914092,2.48229195893085,45,"15,32"
46,"unconstrained","0",-2018.71600555076,0.491167658033982,1.26735178019629,0.342909726833445,2.4808589241279,46,"16,32"
46,"constrained_alpha",NA,-2033.8442659246,0.477348623123125,1.26735178019629,0.342909726833445,2.4808589241279,46,"16,32"
47,"unconstrained","0",-2022.10348332699,0.48388485547975,1.32356182719511,0.374506903234731,2.53773957588773,47,"17,32"
47,"constrained_alpha",NA,-2035.68733108082,0.465390995765812,1.32356182719511,0.374506903234731,2.53773957588773,47,"17,32"
48,"unconstrained","0",-2020.1728014626,0.486316832594979,1.28325909280765,0.333075276350788,2.5688890053798,48,"18,32"
48,"constrained_alpha",NA,-2036.29805831301,0.491163957594878,1.28325909280765,0.333075276350788,2.5688890053798,48,"18,32"
49,"unconstrained","0",-2014.96263546742,0.493466797665827,1.2866295193652,0.315635187296599,2.51571859500478,49,"19,32"
49,"constrained_alpha",NA,-2031.09777190402,0.472969226888537,1.2866295193652,0.315635187296599,2.51571859500478,49,"19,32"
50,"unconstrained","0",-2021.72002697189,0.486234448299257,1.30151093784056,0.341269668463029,2.50006747067927,50,"20,32"
50,"constrained_alpha",NA,-2037.72072212443,0.473149320552515,1.30151093784056,0.341269668463029,2.50006747067927,50,"20,32"
51,"unconstrained","0",-2019.78000548766,0.484245453249772,1.27890664776024,0.322102432443743,2.49127178305516,51,"21,32"
51,"constrained_alpha",NA,-2035.79618928986,0.491048135763147,1.27890664776024,0.322102432443743,2.49127178305516,51,"21,32"
52,"unconstrained","0",-2005.20387186902,0.461641711753709,1.34254991238238,0.354652627916045,2.48398404413335,52,"22,32"
52,"constrained_alpha",NA,-2018.98484581736,0.455760180619486,1.34254991238238,0.354652627916045,2.48398404413335,52,"22,32"
53,"unconstrained","0",-2019.49112003388,0.484234518272639,1.28291481860064,0.337782960522549,2.49990809888542,53,"23,32"
53,"constrained_alpha",NA,-2034.56692691204,0.467484805264851,1.28291481860064,0.337782960522549,2.49990809888542,53,"23,32"
54,"unconstrained","0",-2016.21483125319,0.487740549355871,1.2960295101645,0.333713903123774,2.48367009991171,54,"24,32"
54,"constrained_alpha",NA,-2031.58184572101,0.473312291949195,1.2960295101645,0.333713903123774,2.48367009991171,54,"24,32"
55,"unconstrained","0",-2017.31215839251,0.48249714203986,1.2881823347264,0.331654182995213,2.48044456831895,55,"25,32"
55,"constrained_alpha",NA,-2035.60482021957,0.486271594192731,1.2881823347264,0.331654182995213,2.48044456831895,55,"25,32"
56,"unconstrained","0",-2020.18026536221,0.481304885197053,1.39190903946148,0.365997451301539,2.59332399605162,56,"26,32"
56,"constrained_alpha",NA,-2033.73803795568,0.483569382385296,1.39190903946148,0.365997451301539,2.59332399605162,56,"26,32"
57,"unconstrained","0",-2013.21606373423,0.48748359842235,1.29449223835467,0.331242798371908,2.483452555436,57,"27,32"
57,"constrained_alpha",NA,-2029.80322449169,0.492567449456622,1.29449223835467,0.331242798371908,2.483452555436,57,"27,32"
58,"unconstrained","0",-2021.35896861805,0.485915614155202,1.31851704285698,0.350388399800494,2.50029429992279,58,"28,32"
58,"constrained_alpha",NA,-2038.8694764275,0.466945103901103,1.31851704285698,0.350388399800494,2.50029429992279,58,"28,32"
59,"unconstrained","0",-2014.92742240339,0.488095121429977,1.28129373286139,0.330564561965037,2.51486811358796,59,"29,32"
59,"constrained_alpha",NA,-2029.33456984324,0.49464061233954,1.28129373286139,0.330564561965037,2.51486811358796,59,"29,32"
60,"unconstrained","0",-2007.93634879757,0.462075291723947,1.33739940974814,0.326456141451708,2.61049510244191,60,"30,32"
60,"constrained_alpha",NA,-2025.62182634273,0.44735614716917,1.33739940974814,0.326456141451708,2.61049510244191,60,"30,32"
61,"unconstrained","0",-2018.76036479334,0.49037295343718,1.31128966742288,0.264101325171531,2.5092053007804,61,"1,33"
61,"constrained_alpha",NA,-2037.07933449827,0.497300751793484,1.31128966742288,0.264101325171531,2.5092053007804,61,"1,33"
62,"unconstrained","0",-2015.48529404468,0.494221071227576,1.31797388602017,0.258188007292321,2.5088959535155,62,"2,33"
62,"constrained_alpha",NA,-2033.44936238602,0.499847633921089,1.31797388602017,0.258188007292321,2.5088959535155,62,"2,33"
63,"unconstrained","0",-2011.23575977667,0.497527362956096,1.34048211650644,0.255876915095707,2.49363479975507,63,"3,33"
63,"constrained_alpha",NA,-2028.32149354652,0.503157307029537,1.34048211650644,0.255876915095707,2.49363479975507,63,"3,33"
64,"unconstrained","0",-2017.48211897044,0.49033480828475,1.35672076326712,0.260221365470803,2.5316490833885,64,"4,33"
64,"constrained_alpha",NA,-2036.30064720413,0.47392842248107,1.35672076326712,0.260221365470803,2.5316490833885,64,"4,33"
65,"unconstrained","0",-2014.24483487295,0.489708135224434,1.311266693981,0.261655863536371,2.47777980900286,65,"5,33"
65,"constrained_alpha",NA,-2035.33419115016,0.46758589708256,1.311266693981,0.261655863536371,2.47777980900286,65,"5,33"
66,"unconstrained","0",-2016.98822714648,0.486628577972116,1.31063668371352,0.262737628911816,2.47457769847353,66,"6,33"
66,"constrained_alpha",NA,-2035.83612895303,0.470541921981559,1.31063668371352,0.262737628911816,2.47457769847353,66,"6,33"
67,"unconstrained","0",-2017.25600903542,0.489510982860647,1.30670760879381,0.261653296906301,2.60803012274855,67,"7,33"
67,"constrained_alpha",NA,-2034.81005543302,0.474356783403138,1.30670760879381,0.261653296906301,2.60803012274855,67,"7,33"
68,"unconstrained","0",-2008.25565890705,0.49881738021559,1.30877892677739,0.220309632897737,2.49249231788111,68,"8,33"
68,"constrained_alpha",NA,-2025.51127391482,0.491892348159591,1.30877892677739,0.220309632897737,2.49249231788111,68,"8,33"
69,"unconstrained","0",-2012.40570991919,0.491875158058992,1.35565622840171,0.264891601045873,2.54349265096319,69,"9,33"
69,"constrained_alpha",NA,-2029.6049428344,0.483021335507478,1.35565622840171,0.264891601045873,2.54349265096319,69,"9,33"
70,"unconstrained","0",-2014.88236106803,0.49694439978,1.32088318525018,0.293391973223862,2.56281524571697,70,"10,33"
70,"constrained_alpha",NA,-2031.97719032461,0.503068276933149,1.32088318525018,0.293391973223862,2.56281524571697,70,"10,33"
71,"unconstrained","0",-2021.16224853335,0.487415267857157,1.31180320908447,0.260969766393502,2.49423683069736,71,"11,33"
71,"constrained_alpha",NA,-2039.71716378982,0.47279614872036,1.31180320908447,0.260969766393502,2.49423683069736,71,"11,33"
72,"unconstrained","0",-2010.87214680223,0.498258044051094,1.31033092813643,0.270367459528877,2.47423892681923,72,"12,33"
72,"constrained_alpha",NA,-2026.02018354165,0.504876573079717,1.31033092813643,0.270367459528877,2.47423892681923,72,"12,33"
73,"unconstrained","0",-2016.53150331559,0.492394530055818,1.31383071217078,0.260331661698503,2.60440342582484,73,"13,33"
73,"constrained_alpha",NA,-2032.87554388629,0.482797037359516,1.31383071217078,0.260331661698503,2.60440342582484,73,"13,33"
74,"unconstrained","0",-2016.14370288911,0.48485384177289,1.31676118658546,0.253233989955548,2.50077067074962,74,"14,33"
74,"constrained_alpha",NA,-2034.29008288872,0.489187564864453,1.31676118658546,0.253233989955548,2.50077067074962,74,"14,33"
75,"unconstrained","0",-2015.39297431876,0.489139759956122,1.31327119495781,0.246601077272866,2.47672042036975,75,"15,33"
75,"constrained_alpha",NA,-2033.73797393975,0.494605415973146,1.31327119495781,0.246601077272866,2.47672042036975,75,"15,33"
76,"unconstrained","0",-2016.45197510277,0.493845327296986,1.29818454638287,0.26908236876778,2.47513676381476,76,"16,33"
76,"constrained_alpha",NA,-2035.08782040097,0.478545077496219,1.29818454638287,0.26908236876778,2.47513676381476,76,"16,33"
77,"unconstrained","0",-2019.86362199802,0.486297705218263,1.35728122883553,0.302060373398178,2.53146364102917,77,"17,33"
77,"constrained_alpha",NA,-2036.57623114127,0.472563463413934,1.35728122883553,0.302060373398178,2.53146364102917,77,"17,33"
78,"unconstrained","0",-2017.88741782579,0.489104275532332,1.31484745551212,0.263150454235394,2.56235077513618,78,"18,33"
78,"constrained_alpha",NA,-2036.77515000773,0.496689474903278,1.31484745551212,0.263150454235394,2.56235077513618,78,"18,33"
79,"unconstrained","0",-2012.59046737825,0.496275367334434,1.3201268561862,0.246835834677147,2.51025661368098,79,"19,33"
79,"constrained_alpha",NA,-2032.06433471612,0.483501608517193,1.3201268561862,0.246835834677147,2.51025661368098,79,"19,33"
80,"unconstrained","0",-2019.43077415556,0.488990897332722,1.33544602320331,0.269566195962018,2.49403734590243,80,"20,33"
80,"constrained_alpha",NA,-2037.26099117703,0.478348766933451,1.33544602320331,0.269566195962018,2.49403734590243,80,"20,33"
81,"unconstrained","0",-2017.49819157625,0.487039507808209,1.311271364912,0.253124197720366,2.48572582253523,81,"21,33"
81,"constrained_alpha",NA,-2036.05537408133,0.474154398907115,1.311271364912,0.253124197720366,2.48572582253523,81,"21,33"
82,"unconstrained","0",-2003.04145463501,0.464093728039873,1.37511592026713,0.285826417628644,2.47810097374117,82,"22,33"
82,"constrained_alpha",NA,-2018.04276062792,0.455400206656636,1.37511592026713,0.285826417628644,2.47810097374117,82,"22,33"
83,"unconstrained","0",-2017.26421481475,0.486951139797426,1.31466907228955,0.268828455962439,2.49391231031078,83,"23,33"
83,"constrained_alpha",NA,-2034.05032393322,0.471094827290848,1.31466907228955,0.268828455962439,2.49391231031078,83,"23,33"
84,"unconstrained","0",-2013.92318001994,0.490635982785069,1.32859699636101,0.26382373478884,2.47786424310611,84,"24,33"
84,"constrained_alpha",NA,-2032.79812711622,0.475298744562535,1.32859699636101,0.26382373478884,2.47786424310611,84,"24,33"
85,"unconstrained","0",-2015.06698198492,0.485202047651435,1.32090322340016,0.260914317044455,2.47465836855042,85,"25,33"
85,"constrained_alpha",NA,-2034.40249393959,0.493723827836967,1.32090322340016,0.260914317044455,2.47465836855042,85,"25,33"
86,"unconstrained","0",-2017.76994485512,0.48376337185039,1.43284419025976,0.293064062070642,2.58798272319843,86,"26,33"
86,"constrained_alpha",NA,-2033.68673586341,0.490440746308507,1.43284419025976,0.293064062070642,2.58798272319843,86,"26,33"
87,"unconstrained","0",-2010.98147442166,0.490061485789449,1.327220980278,0.262428297478625,2.47762213110215,87,"27,33"
87,"constrained_alpha",NA,-2028.43821335625,0.499622944744113,1.327220980278,0.262428297478625,2.47762213110215,87,"27,33"
88,"unconstrained","0",-2019.11434107637,0.48854085608513,1.35302899455615,0.27682891083579,2.49428424175425,88,"28,33"
88,"constrained_alpha",NA,-2038.19004454333,0.474262716483855,1.35302899455615,0.27682891083579,2.49428424175425,88,"28,33"
89,"unconstrained","0",-2012.65898367872,0.490667163629496,1.3152567613091,0.262014882744225,2.5087061547054,89,"29,33"
89,"constrained_alpha",NA,-2029.8553346628,0.501070025792951,1.3152567613091,0.262014882744225,2.5087061547054,89,"29,33"
90,"unconstrained","0",-2005.67200612174,0.464927195686904,1.37084159565354,0.25462207596726,2.60473158866011,90,"30,33"
90,"constrained_alpha",NA,-2026.96083064424,0.44858708862113,1.37084159565354,0.25462207596726,2.60473158866011,90,"30,33"
91,"unconstrained","0",-2019.80484626415,0.486164167379269,1.29950927797999,0.330088099969951,2.66750705969897,91,"1,34"
91,"constrained_alpha",NA,-2037.39333244812,0.48583541605249,1.29950927797999,0.330088099969951,2.66750705969897,91,"1,34"
92,"unconstrained","0",-2016.40937790005,0.490144153283515,1.30558702935999,0.324307854057488,2.66733786109484,92,"2,34"
92,"constrained_alpha",NA,-2031.74033106152,0.490376100807199,1.30558702935999,0.324307854057488,2.66733786109484,92,"2,34"
93,"unconstrained","0",-2012.44894731411,0.493236465971661,1.32783256304536,0.320503317332615,2.64997239220305,93,"3,34"
93,"constrained_alpha",NA,-2027.91831361316,0.495167886762714,1.32783256304536,0.320503317332615,2.64997239220305,93,"3,34"
94,"unconstrained","0",-2018.57538940646,0.486443070908496,1.33630781637583,0.32583936349171,2.69261139797832,94,"4,34"
94,"constrained_alpha",NA,-2034.54807028308,0.485715214964741,1.33630781637583,0.32583936349171,2.69261139797832,94,"4,34"
95,"unconstrained","0",-2015.18281942107,0.485745390001714,1.29721894880787,0.330964958569505,2.63150018281107,95,"5,34"
95,"constrained_alpha",NA,-2033.29135246708,0.476050262638145,1.29721894880787,0.330964958569505,2.63150018281107,95,"5,34"
96,"unconstrained","0",-2017.94870954822,0.482668823531734,1.29715761222214,0.327238646518289,2.62732550343218,96,"6,34"
96,"constrained_alpha",NA,-2034.40081946851,0.48455038760759,1.29715761222214,0.327238646518289,2.62732550343218,96,"6,34"
97,"unconstrained","0",-2018.10706468352,0.485572164348902,1.2993415691693,0.325895759727237,2.77846013408103,97,"7,34"
97,"constrained_alpha",NA,-2034.27693236326,0.46754251581378,1.2993415691693,0.325895759727237,2.77846013408103,97,"7,34"
98,"unconstrained","0",-2009.54260701685,0.494516172741494,1.29594745526978,0.288187845717344,2.64648839464629,98,"8,34"
98,"constrained_alpha",NA,-2025.07136954106,0.479703609002909,1.29594745526978,0.288187845717344,2.64648839464629,98,"8,34"
99,"unconstrained","0",-2013.39084790233,0.487936735436232,1.33030761626405,0.329170290661743,2.6383749406879,99,"9,34"
99,"constrained_alpha",NA,-2030.26664128134,0.469158673564474,1.33030761626405,0.329170290661743,2.6383749406879,99,"9,34"
100,"unconstrained","0",-2015.97156723771,0.492850630178277,1.30824869750084,0.359967977356145,2.72783135914746,100,"10,34"
100,"constrained_alpha",NA,-2031.16479116378,0.488602978932853,1.30824869750084,0.359967977356145,2.72783135914746,100,"10,34"
101,"unconstrained","0",-2022.18910446867,0.483211439695304,1.30018736775023,0.325637877007565,2.65033749054908,101,"11,34"
101,"constrained_alpha",NA,-2038.1097113723,0.463602595235478,1.30018736775023,0.325637877007565,2.65033749054908,101,"11,34"
102,"unconstrained","0",-2011.81795286396,0.494427503728009,1.29994250700794,0.335752724435881,2.62720178241258,102,"12,34"
102,"constrained_alpha",NA,-2026.21544646159,0.490566652668739,1.29994250700794,0.335752724435881,2.62720178241258,102,"12,34"
103,"unconstrained","0",-2017.58240022925,0.488145893918448,1.30420542280973,0.325235252357642,2.77033133439083,103,"13,34"
103,"constrained_alpha",NA,-2032.27351613991,0.476352931178026,1.30420542280973,0.325235252357642,2.77033133439083,103,"13,34"
104,"unconstrained","0",-2017.10543739434,0.480887412074506,1.30569173025221,0.317922907945207,2.65546006041438,104,"14,34"
104,"constrained_alpha",NA,-2033.53997166287,0.480592088065986,1.30569173025221,0.317922907945207,2.65546006041438,104,"14,34"
105,"unconstrained","0",-2016.44021294024,0.485059940997953,1.30199177295789,0.311727916187526,2.62921995310554,105,"15,34"
105,"constrained_alpha",NA,-2032.90216000239,0.486612313585073,1.30199177295789,0.311727916187526,2.62921995310554,105,"15,34"
106,"unconstrained","0",-2017.4510472914,0.489756494661007,1.28737929264288,0.337835127421657,2.6280510484909,106,"16,34"
106,"constrained_alpha",NA,-2033.5856174607,0.472425146557515,1.28737929264288,0.337835127421657,2.6280510484909,106,"16,34"
107,"unconstrained","0",-2020.92495467529,0.482267401956534,1.34543449695616,0.367752311879452,2.69252807035763,107,"17,34"
107,"constrained_alpha",NA,-2034.75453281418,0.468568689350623,1.34543449695616,0.367752311879452,2.69252807035763,107,"17,34"
108,"unconstrained","0",-2018.83694970624,0.485007438190071,1.30465695044737,0.32807481804415,2.72754460678029,108,"18,34"
108,"constrained_alpha",NA,-2034.69323995604,0.487370553397742,1.30465695044737,0.32807481804415,2.72754460678029,108,"18,34"
109,"unconstrained","0",-2013.71714402386,0.49202214354553,1.30675958595026,0.311971536550889,2.6657614314246,109,"19,34"
109,"constrained_alpha",NA,-2029.85344614152,0.475274401094362,1.30675958595026,0.311971536550889,2.6657614314246,109,"19,34"
110,"unconstrained","0",-2020.53788122258,0.484765763282608,1.32057082968128,0.335988808675618,2.65025930603622,110,"20,34"
110,"constrained_alpha",NA,-2037.13422958614,0.470768138178609,1.32057082968128,0.335988808675618,2.65025930603622,110,"20,34"
111,"unconstrained","0",-2018.60010997565,0.48287131736193,1.2982741724722,0.317822744423151,2.63898152646184,111,"21,34"
111,"constrained_alpha",NA,-2036.73119532895,0.485044794022901,1.2982741724722,0.317822744423151,2.63898152646184,111,"21,34"
112,"unconstrained","0",-2004.07200713734,0.460078039603706,1.36487252563203,0.349221555285359,2.63234254040567,112,"22,34"
112,"constrained_alpha",NA,-2018.44950646331,0.456635856453193,1.36487252563203,0.349221555285359,2.63234254040567,112,"22,34"
113,"unconstrained","0",-2018.14475194226,0.482764350529402,1.30464762105431,0.332741252916884,2.65015602487084,113,"23,34"
113,"constrained_alpha",NA,-2032.81822475596,0.458986951538316,1.30464762105431,0.332741252916884,2.65015602487084,113,"23,34"
114,"unconstrained","0",-2014.91336470677,0.486051219129916,1.31720601195422,0.328620447059291,2.63153695587717,114,"24,34"
114,"constrained_alpha",NA,-2030.03560979006,0.472338619217961,1.31720601195422,0.328620447059291,2.63153695587717,114,"24,34"
115,"unconstrained","0",-2016.13886813529,0.481267381061207,1.30724105293507,0.326420890866794,2.62786173637248,115,"25,34"
115,"constrained_alpha",NA,-2032.40633910411,0.483384479469937,1.30724105293507,0.326420890866794,2.62786173637248,115,"25,34"
116,"unconstrained","0",-2018.76542495798,0.479392114236309,1.41692024324139,0.359771138962428,2.75155904188755,116,"26,34"
116,"constrained_alpha",NA,-2032.92784394929,0.479251491781405,1.41692024324139,0.359771138962428,2.75155904188755,116,"26,34"
117,"unconstrained","0",-2012.00059341691,0.485933685081314,1.3166005025955,0.326659999449487,2.63141063598187,117,"27,34"
117,"constrained_alpha",NA,-2028.05827296601,0.489494930927894,1.3166005025955,0.326659999449487,2.63141063598187,117,"27,34"
118,"unconstrained","0",-2020.03853276602,0.484568078578639,1.33933279784151,0.344933158806938,2.6503932564944,118,"28,34"
118,"constrained_alpha",NA,-2036.88799726818,0.466921963292747,1.33933279784151,0.344933158806938,2.6503932564944,118,"28,34"
119,"unconstrained","0",-2013.72485668725,0.486739523304738,1.30114700949514,0.326259910110862,2.66719969099117,119,"29,34"
119,"constrained_alpha",NA,-2028.10793860199,0.492952985725431,1.30114700949514,0.326259910110862,2.66719969099117,119,"29,34"
120,"unconstrained","0",-2006.54129542615,0.460716301045727,1.36133956139654,0.321424944801331,2.77223586777553,120,"30,34"
120,"constrained_alpha",NA,-2025.0687925769,0.447964973478623,1.36133956139654,0.321424944801331,2.77223586777553,120,"30,34"
121,"unconstrained","0",-2006.410298769,0.473840160802875,1.33798372747113,0.327197540208662,2.51138725848905,121,"1,35"
121,"constrained_alpha",NA,-2021.21740540839,0.461144820130656,1.33798372747113,0.327197540208662,2.51138725848905,121,"1,35"
122,"unconstrained","0",-2003.11133777035,0.478143716822338,1.34380852080065,0.321521317843667,2.5111477731386,122,"2,35"
122,"constrained_alpha",NA,-2017.72091953034,0.479753276908214,1.34380852080065,0.321521317843667,2.5111477731386,122,"2,35"
123,"unconstrained","0",-1998.99867823227,0.482686774150341,1.3751044963868,0.316143735544084,2.49566315036742,123,"3,35"
123,"constrained_alpha",NA,-2012.9437269733,0.487799105110566,1.3751044963868,0.316143735544084,2.49566315036742,123,"3,35"
124,"unconstrained","0",-2005.10387902849,0.473312875621592,1.38752425985729,0.323346465493292,2.61037999016967,124,"4,35"
124,"constrained_alpha",NA,-2020.71644298338,0.45464941143126,1.38752425985729,0.323346465493292,2.61037999016967,124,"4,35"
125,"unconstrained","0",-2001.73552016168,0.472731563464076,1.34125820256371,0.327665167253827,2.47945363511715,125,"5,35"
125,"constrained_alpha",NA,-2018.97673375062,0.454836049669874,1.34125820256371,0.327665167253827,2.47945363511715,125,"5,35"
126,"unconstrained","0",-2004.43453781807,0.469732712209252,1.34014709796229,0.323919453559198,2.47590440182452,126,"6,35"
126,"constrained_alpha",NA,-2020.03630764453,0.454287055125797,1.34014709796229,0.323919453559198,2.47590440182452,126,"6,35"
127,"unconstrained","0",-2004.71289189694,0.472753828196944,1.33464404210546,0.321630026094712,2.61098521737554,127,"7,35"
127,"constrained_alpha",NA,-2019.82697552835,0.457008426626784,1.33464404210546,0.321630026094712,2.61098521737554,127,"7,35"
128,"unconstrained","0",-1995.90392131666,0.481585831214606,1.33654954740677,0.283412078516494,2.49316451371642,128,"8,35"
128,"constrained_alpha",NA,-2008.68848021619,0.472165154925829,1.33654954740677,0.283412078516494,2.49316451371642,128,"8,35"
129,"unconstrained","0",-1999.81969915006,0.47491873865375,1.39000644030811,0.325875450046096,2.76243354764186,129,"9,35"
129,"constrained_alpha",NA,-2014.07159045843,0.462880400918182,1.39000644030811,0.325875450046096,2.76243354764186,129,"9,35"
130,"unconstrained","0",-2002.63024062815,0.481698903904084,1.34585639205753,0.357097634471557,2.56534925658556,130,"10,35"
130,"constrained_alpha",NA,-2016.76696716756,0.482370213881318,1.34585639205753,0.357097634471557,2.56534925658556,130,"10,35"
131,"unconstrained","0",-2008.67372483376,0.470440192481803,1.34019273500011,0.32246264211988,2.49615944286102,131,"11,35"
131,"constrained_alpha",NA,-2023.38607819902,0.453836911238398,1.34019273500011,0.32246264211988,2.49615944286102,131,"11,35"
132,"unconstrained","0",-1998.42313725161,0.482432021450089,1.33966212292528,0.32924589966121,2.47572421874821,132,"12,35"
132,"constrained_alpha",NA,-2011.36299742903,0.483809427159086,1.33966212292528,0.32924589966121,2.47572421874821,132,"12,35"
133,"unconstrained","0",-2004.0594770188,0.475380492453235,1.34122622144002,0.322201853030195,2.60306023255435,133,"13,35"
133,"constrained_alpha",NA,-2017.9375732546,0.465072536764463,1.34122622144002,0.322201853030195,2.60306023255435,133,"13,35"
134,"unconstrained","0",-2003.61318777305,0.468261977511729,1.34463356580913,0.314306619288576,2.50121653739623,134,"14,35"
134,"constrained_alpha",NA,-2018.41778160176,0.474150436302345,1.34463356580913,0.314306619288576,2.50121653739623,134,"14,35"
135,"unconstrained","0",-2003.12630427181,0.472118438778102,1.33910528181902,0.30747896676418,2.47772208871293,135,"15,35"
135,"constrained_alpha",NA,-2019.37070017425,0.45184090967317,1.33910528181902,0.30747896676418,2.47772208871293,135,"15,35"
136,"unconstrained","0",-2003.98766775707,0.476540073554766,1.32692065992502,0.334668687511424,2.47652017326896,136,"16,35"
136,"constrained_alpha",NA,-2019.19939099172,0.461939657840028,1.32692065992502,0.334668687511424,2.47652017326896,136,"16,35"
137,"unconstrained","0",-2007.4951165524,0.46936212300355,1.3800614481894,0.365003309701379,2.53376764999534,137,"17,35"
137,"constrained_alpha",NA,-2020.45178824022,0.456299501052786,1.3800614481894,0.365003309701379,2.53376764999534,137,"17,35"
138,"unconstrained","0",-2005.46538751355,0.472325640278555,1.34426602246019,0.325034390202348,2.56508418783997,138,"18,35"
138,"constrained_alpha",NA,-2020.03981034716,0.459380320144951,1.34426602246019,0.325034390202348,2.56508418783997,138,"18,35"
139,"unconstrained","0",-2000.34851348907,0.479373083005724,1.34824817965552,0.307678456239904,2.51043465223059,139,"19,35"
139,"constrained_alpha",NA,-2016.32096031003,0.467031950514999,1.34824817965552,0.307678456239904,2.51043465223059,139,"19,35"
140,"unconstrained","0",-2006.96593530577,0.472165648582987,1.3652176824745,0.333110736545572,2.49605719377901,140,"20,35"
140,"constrained_alpha",NA,-2022.42972107143,0.457756336197327,1.3652176824745,0.333110736545572,2.49605719377901,140,"20,35"
141,"unconstrained","0",-2005.05814178192,0.470253673212258,1.33775495264411,0.314231241713627,2.48649445415874,141,"21,35"
141,"constrained_alpha",NA,-2020.18133467657,0.455835927394586,1.33775495264411,0.314231241713627,2.48649445415874,141,"21,35"
142,"unconstrained","0",-1990.1742310553,0.447593476491144,1.40517133049092,0.343802724905087,2.4801207335901,142,"22,35"
142,"constrained_alpha",NA,-2003.60239042148,0.434434564043361,1.40517133049092,0.343802724905087,2.4801207335901,142,"22,35"
143,"unconstrained","0",-2004.79205422718,0.469786499052204,1.3430123476289,0.329199139147602,2.49592814091133,143,"23,35"
143,"constrained_alpha",NA,-2019.62770955332,0.451111760547587,1.3430123476289,0.329199139147602,2.49592814091133,143,"23,35"
144,"unconstrained","0",-2001.40955866585,0.472632823196862,1.35913055363151,0.325654839473255,2.47950016761472,144,"24,35"
144,"constrained_alpha",NA,-2016.30312443441,0.460456302806366,1.35913055363151,0.325654839473255,2.47950016761472,144,"24,35"
145,"unconstrained","0",-2002.40523735327,0.467890457213746,1.35013305565269,0.3237490623607,2.47625622251468,145,"25,35"
145,"constrained_alpha",NA,-2016.83154213876,0.459124412385561,1.35013305565269,0.3237490623607,2.47625622251468,145,"25,35"
146,"unconstrained","0",-2005.14428837005,0.467177012992711,1.47309598339197,0.356943103393385,2.66985660349234,146,"26,35"
146,"constrained_alpha",NA,-2016.47960039246,0.455823233978708,1.47309598339197,0.356943103393385,2.66985660349234,146,"26,35"
147,"unconstrained","0",-1998.5015998432,0.473435049894619,1.35493748609495,0.32291360711302,2.47932183511933,147,"27,35"
147,"constrained_alpha",NA,-2013.64531312808,0.460145434887276,1.35493748609495,0.32291360711302,2.47932183511933,147,"27,35"
148,"unconstrained","0",-2006.51124235126,0.471481885053689,1.3894176665093,0.341886129959788,2.49622048707229,148,"28,35"
148,"constrained_alpha",NA,-2023.73327606884,0.455945572587677,1.3894176665093,0.341886129959788,2.49622048707229,148,"28,35"
149,"unconstrained","0",-2000.05428219624,0.474371304663834,1.34657364065456,0.321910002332859,2.51102650401722,149,"29,35"
149,"constrained_alpha",NA,-2013.91659276188,0.464912902302487,1.34657364065456,0.321910002332859,2.51102650401722,149,"29,35"
150,"unconstrained","0",-1992.75894858855,0.446887866595032,1.40676439921375,0.318520384885301,2.60432396907441,150,"30,35"
150,"constrained_alpha",NA,-2010.35295920626,0.433510009235296,1.40676439921375,0.318520384885301,2.60432396907441,150,"30,35"
151,"unconstrained","0",-2008.15633398914,0.477276351372817,1.30967660424184,0.323732221621514,2.52171943719865,151,"1,36"
151,"constrained_alpha",NA,-2025.98560261867,0.482561595359639,1.30967660424184,0.323732221621514,2.52171943719865,151,"1,36"
152,"unconstrained","0",-2004.97499382689,0.480862874352215,1.3156756383528,0.317873792688718,2.52133649861842,152,"2,36"
152,"constrained_alpha",NA,-2021.13851183568,0.481459062080714,1.3156756383528,0.317873792688718,2.52133649861842,152,"2,36"
153,"unconstrained","0",-2000.83734529032,0.484119318833793,1.34286772590154,0.313796323733851,2.50588008556956,153,"3,36"
153,"constrained_alpha",NA,-2017.07568880928,0.485527997921018,1.34286772590154,0.313796323733851,2.50588008556956,153,"3,36"
154,"unconstrained","0",-2006.9452095921,0.477275125890036,1.35383346605391,0.319995809416957,2.54432718229671,154,"4,36"
154,"constrained_alpha",NA,-2024.27271516809,0.45643064989696,1.35383346605391,0.319995809416957,2.54432718229671,154,"4,36"
155,"unconstrained","0",-2003.57249985624,0.477102520870751,1.30999976860783,0.323803285840593,2.49001828317887,155,"5,36"
155,"constrained_alpha",NA,-2022.13603390425,0.455245012614361,1.30999976860783,0.323803285840593,2.49001828317887,155,"5,36"
156,"unconstrained","0",-2006.29693767936,0.473663234373179,1.30912767592389,0.321020408829337,2.48682376173691,156,"6,36"
156,"constrained_alpha",NA,-2024.05005421824,0.451039371265779,1.30912767592389,0.321020408829337,2.48682376173691,156,"6,36"
157,"unconstrained","0",-2006.66210751795,0.476370847554178,1.30689334296555,0.319295716242894,2.6213746769825,157,"7,36"
157,"constrained_alpha",NA,-2022.52289344786,0.455837266415577,1.30689334296555,0.319295716242894,2.6213746769825,157,"7,36"
158,"unconstrained","0",-1998.00792940923,0.48525088238975,1.30666854761375,0.280744900713337,2.50498382935561,158,"8,36"
158,"constrained_alpha",NA,-2015.07698920814,0.468777929741732,1.30666854761375,0.280744900713337,2.50498382935561,158,"8,36"
159,"unconstrained","0",-2001.92659383073,0.479060909806086,1.35178917874445,0.323071738920001,2.49554035005568,159,"9,36"
159,"constrained_alpha",NA,-2018.31015310784,0.463149742303934,1.35178917874445,0.323071738920001,2.49554035005568,159,"9,36"
160,"unconstrained","0",-2004.46749972866,0.483785683188294,1.31887452491782,0.353835274404223,2.5757726563644,160,"10,36"
160,"constrained_alpha",NA,-2020.72750124999,0.478575033137156,1.31887452491782,0.353835274404223,2.5757726563644,160,"10,36"
161,"unconstrained","0",-2010.57952873945,0.47421352599682,1.31084851778204,0.319444054405668,2.50661242624024,161,"11,36"
161,"constrained_alpha",NA,-2028.22398776395,0.453523893276207,1.31084851778204,0.319444054405668,2.50661242624024,161,"11,36"
162,"unconstrained","0",-2000.44109138697,0.484967950830531,1.30896652460024,0.328034446459525,2.4863946645065,162,"12,36"
162,"constrained_alpha",NA,-2015.43149697329,0.480336838579741,1.30896652460024,0.328034446459525,2.4863946645065,162,"12,36"
163,"unconstrained","0",-2006.03732090399,0.478965426147434,1.31339254876187,0.319160243089017,2.61865638185606,163,"13,36"
163,"constrained_alpha",NA,-2021.5992608751,0.463269784547142,1.31339254876187,0.319160243089017,2.61865638185606,163,"13,36"
164,"unconstrained","0",-2005.4988978598,0.471809110639682,1.31495390370184,0.311573715075226,2.51348095998025,164,"14,36"
164,"constrained_alpha",NA,-2021.80591275915,0.471166624336546,1.31495390370184,0.311573715075226,2.51348095998025,164,"14,36"
165,"unconstrained","0",-2004.65911055634,0.475939423153341,1.31179863109942,0.304925426143709,2.48903355253496,165,"15,36"
165,"constrained_alpha",NA,-2021.15225104666,0.480228746963944,1.31179863109942,0.304925426143709,2.48903355253496,165,"15,36"
166,"unconstrained","0",-2005.88281784904,0.480899102247818,1.29667745081269,0.330879020733833,2.48737246786186,166,"16,36"
166,"constrained_alpha",NA,-2022.60999380878,0.459170747722825,1.29667745081269,0.330879020733833,2.48737246786186,166,"16,36"
167,"unconstrained","0",-2009.45664664127,0.472947738198424,1.35425499876831,0.361957835694133,2.54420320560502,167,"17,36"
167,"constrained_alpha",NA,-2023.68059924499,0.457959143286435,1.35425499876831,0.361957835694133,2.54420320560502,167,"17,36"
168,"unconstrained","0",-2007.25513973319,0.476035902150391,1.31327389752641,0.321849105218241,2.57531991460587,168,"18,36"
168,"constrained_alpha",NA,-2024.34620845853,0.47667491473677,1.31327389752641,0.321849105218241,2.57531991460587,168,"18,36"
169,"unconstrained","0",-2002.17421862648,0.483118721684755,1.31977976818154,0.305217788067715,2.52308735110727,169,"19,36"
169,"constrained_alpha",NA,-2019.81217758864,0.464736514254335,1.31977976818154,0.305217788067715,2.52308735110727,169,"19,36"
170,"unconstrained","0",-2008.87635396005,0.475759086340319,1.33607764605552,0.329638129108783,2.50645762443188,170,"20,36"
170,"constrained_alpha",NA,-2026.3721892337,0.458589657297488,1.33607764605552,0.329638129108783,2.50645762443188,170,"20,36"
171,"unconstrained","0",-2006.87407283605,0.474030510627018,1.30867243612463,0.311487945107626,2.49819783125394,171,"21,36"
171,"constrained_alpha",NA,-2023.65816817855,0.452717270259703,1.30867243612463,0.311487945107626,2.49819783125394,171,"21,36"
172,"unconstrained","0",-1991.9812027918,0.449535778297724,1.38079201230965,0.342826269010295,2.4903141032889,172,"22,36"
172,"constrained_alpha",NA,-2007.30055857486,0.433556812027637,1.38079201230965,0.342826269010295,2.4903141032889,172,"22,36"
173,"unconstrained","0",-2006.57420139704,0.474145270273598,1.31292068103083,0.326547537607748,2.50622163572348,173,"23,36"
173,"constrained_alpha",NA,-2022.60878536623,0.451862276302296,1.31292068103083,0.326547537607748,2.50622163572348,173,"23,36"
174,"unconstrained","0",-2003.25347040872,0.477759648293562,1.32843344509159,0.322453809897312,2.49006099539439,174,"24,36"
174,"constrained_alpha",NA,-2020.56677897966,0.456757575635894,1.32843344509159,0.322453809897312,2.49006099539439,174,"24,36"
175,"unconstrained","0",-2004.47076249711,0.472105367665759,1.31821072012331,0.320601605732727,2.48685694760224,175,"25,36"
175,"constrained_alpha",NA,-2020.6013094978,0.474233972368487,1.31821072012331,0.320601605732727,2.48685694760224,175,"25,36"
176,"unconstrained","0",-2007.23858611013,0.470092716385718,1.43136141579518,0.353589014399415,2.60201326586736,176,"26,36"
176,"constrained_alpha",NA,-2022.79057761977,0.468839429925927,1.43136141579518,0.353589014399415,2.60201326586736,176,"26,36"
177,"unconstrained","0",-2000.29948790749,0.476764759873871,1.32791683634783,0.320356222553812,2.48976210897504,177,"27,36"
177,"constrained_alpha",NA,-2017.77289294949,0.482042694099719,1.32791683634783,0.320356222553812,2.48976210897504,177,"27,36"
178,"unconstrained","0",-2008.43878302058,0.475418253825431,1.35413561484129,0.338203570232139,2.50672515397741,178,"28,36"
178,"constrained_alpha",NA,-2026.46756799538,0.453455136519353,1.35413561484129,0.338203570232139,2.50672515397741,178,"28,36"
179,"unconstrained","0",-2002.23882209039,0.477283745453703,1.31296178243611,0.319708573784627,2.52107070033267,179,"29,36"
179,"constrained_alpha",NA,-2018.1168827947,0.475668499346813,1.31296178243611,0.319708573784627,2.52107070033267,179,"29,36"
180,"unconstrained","0",-1994.87254608613,0.452349555567272,1.36812784519021,0.315082809014442,2.61886277710185,180,"30,36"
180,"constrained_alpha",NA,-2014.25404968132,0.433466757007476,1.36812784519021,0.315082809014442,2.61886277710185,180,"30,36"
181,"unconstrained","0",-2010.83504453453,0.502389035010267,1.32374248274798,0.347047142300277,2.50700617144427,181,"1,37"
181,"constrained_alpha",NA,-2027.97604473993,0.482929961377878,1.32374248274798,0.347047142300277,2.50700617144427,181,"1,37"
182,"unconstrained","0",-2007.58348355815,0.505968951694669,1.32958978938157,0.340963510821224,2.50671054057475,182,"2,37"
182,"constrained_alpha",NA,-2023.39782771101,0.50641630062493,1.32958978938157,0.340963510821224,2.50671054057475,182,"2,37"
183,"unconstrained","0",-2003.27983208388,0.509275130019852,1.37539241457768,0.335577544740572,2.49135493878925,183,"3,37"
183,"constrained_alpha",NA,-2018.70260556093,0.510210445501788,1.37539241457768,0.335577544740572,2.49135493878925,183,"3,37"
184,"unconstrained","0",-2009.56825562995,0.502668992286799,1.37821101087012,0.342406780399715,2.55931502414596,184,"4,37"
184,"constrained_alpha",NA,-2027.50411937113,0.478880517007474,1.37821101087012,0.342406780399715,2.55931502414596,184,"4,37"
185,"unconstrained","0",-2006.24629161302,0.502057728339472,1.33070818387978,0.348799125290856,2.47557217741738,185,"5,37"
185,"constrained_alpha",NA,-2025.41326443599,0.479729136660166,1.33070818387978,0.348799125290856,2.47557217741738,185,"5,37"
186,"unconstrained","0",-2009.01934722252,0.4990727374628,1.32617939753607,0.34332053543637,2.47223861091722,186,"6,37"
186,"constrained_alpha",NA,-2025.83313025512,0.479474794700717,1.32617939753607,0.34332053543637,2.47223861091722,186,"6,37"
187,"unconstrained","0",-2009.13268075549,0.501597891228184,1.32418736576398,0.341145021267587,2.60582735568616,187,"7,37"
187,"constrained_alpha",NA,-2025.90890142435,0.47829310320062,1.32418736576398,0.341145021267587,2.60582735568616,187,"7,37"
188,"unconstrained","0",-2000.23164466848,0.510116896511673,1.32471716749733,0.301322931873825,2.48988231061044,188,"8,37"
188,"constrained_alpha",NA,-2016.41572997235,0.494786882725002,1.32471716749733,0.301322931873825,2.48988231061044,188,"8,37"
189,"unconstrained","0",-2003.99053643104,0.505489241888321,1.44149581861547,0.345070101242854,3.40501275277604,189,"9,37"
189,"constrained_alpha",NA,-2021.93106219811,0.484059204456996,1.44149581861547,0.345070101242854,3.40501275277604,189,"9,37"
190,"unconstrained","0",-2006.90004087463,0.508850334729378,1.33454185639003,0.379495788954452,2.56056743242356,190,"10,37"
190,"constrained_alpha",NA,-2025.65042583763,0.510087556182208,1.33454185639003,0.379495788954452,2.56056743242356,190,"10,37"
191,"unconstrained","0",-2013.21612375069,0.499497888199878,1.3262316412269,0.34164590508563,2.49199713337111,191,"11,37"
191,"constrained_alpha",NA,-2031.24383846686,0.475568757809967,1.3262316412269,0.34164590508563,2.49199713337111,191,"11,37"
192,"unconstrained","0",-2002.17030380635,0.510107092742185,1.3255569672942,0.350634703232435,2.47193515067579,192,"12,37"
192,"constrained_alpha",NA,-2016.3392703107,0.51110550202009,1.3255569672942,0.350634703232435,2.47193515067579,192,"12,37"
193,"unconstrained","0",-2008.55631806562,0.504016007737202,1.32929368110607,0.341440558312378,2.6009182161305,193,"13,37"
193,"constrained_alpha",NA,-2023.99690937578,0.488154011173535,1.32929368110607,0.341440558312378,2.6009182161305,193,"13,37"
194,"unconstrained","0",-2008.10535301362,0.497729831266541,1.32903032274397,0.3332722909693,2.49810017877085,194,"14,37"
194,"constrained_alpha",NA,-2025.95291456153,0.501410271201243,1.32903032274397,0.3332722909693,2.49810017877085,194,"14,37"
195,"unconstrained","0",-2007.54628347866,0.501058473810415,1.32323339249538,0.326195968984782,2.47423838441139,195,"15,37"
195,"constrained_alpha",NA,-2024.76868938995,0.480730030228766,1.32323339249538,0.326195968984782,2.47423838441139,195,"15,37"
196,"unconstrained","0",-2008.39446511679,0.50574122747952,1.31419633867765,0.356017793468697,2.47282416394077,196,"16,37"
196,"constrained_alpha",NA,-2024.30831033575,0.486679373769497,1.31419633867765,0.356017793468697,2.47282416394077,196,"16,37"
197,"unconstrained","0",-2011.80016968893,0.49850714949089,1.36665402639887,0.387674572843475,2.52925236229233,197,"17,37"
197,"constrained_alpha",NA,-2027.13641472298,0.477596442382069,1.36665402639887,0.387674572843475,2.52925236229233,197,"17,37"
198,"unconstrained","0",-2009.78111632669,0.501127870962205,1.33205609888241,0.344477029077052,2.56020926546245,198,"18,37"
198,"constrained_alpha",NA,-2026.38367606879,0.483432287856288,1.33205609888241,0.344477029077052,2.56020926546245,198,"18,37"
199,"unconstrained","0",-2004.51059213325,0.508545031969112,1.34116767843906,0.32637060350771,2.50748172422205,199,"19,37"
199,"constrained_alpha",NA,-2021.1706950059,0.490360391511117,1.34116767843906,0.32637060350771,2.50748172422205,199,"19,37"
200,"unconstrained","0",-2011.34844420314,0.500852934392898,1.35956581412788,0.353536782464854,2.49190628879103,200,"20,37"
200,"constrained_alpha",NA,-2028.27882650929,0.484834348981343,1.35956581412788,0.353536782464854,2.49190628879103,200,"20,37"
201,"unconstrained","0",-2009.60249097482,0.499237802136634,1.32462670634033,0.333132236496167,2.48318658194419,201,"21,37"
201,"constrained_alpha",NA,-2026.19632148621,0.481698205257156,1.32462670634033,0.333132236496167,2.48318658194419,201,"21,37"
202,"unconstrained","0",-1995.33674054058,0.475826944577459,1.38017295648089,0.366317416051077,2.47592421443987,202,"22,37"
202,"constrained_alpha",NA,-2011.73091804549,0.45745731159182,1.38017295648089,0.366317416051077,2.47592421443987,202,"22,37"
203,"unconstrained","0",-2009.33814518404,0.499281409397714,1.330282827135,0.348758666204031,2.49171077065861,203,"23,37"
203,"constrained_alpha",NA,-2025.15742785774,0.475264907714788,1.330282827135,0.348758666204031,2.49171077065861,203,"23,37"
204,"unconstrained","0",-2006.00123650124,0.503263526643984,1.3435995480482,0.344988358532048,2.4756118976073,204,"24,37"
204,"constrained_alpha",NA,-2022.31112837917,0.48411633639366,1.3435995480482,0.344988358532048,2.4756118976073,204,"24,37"
205,"unconstrained","0",-2007.02115651779,0.497650387453752,1.33464662553536,0.343373573803471,2.47238654592675,205,"25,37"
205,"constrained_alpha",NA,-2024.41304296085,0.478710837563628,1.33464662553536,0.343373573803471,2.47238654592675,205,"25,37"
206,"unconstrained","0",-2009.34231438822,0.496252776729652,1.45889160912414,0.379018567143681,2.58448797513657,206,"26,37"
206,"constrained_alpha",NA,-2025.0320051264,0.474215911201844,1.45889160912414,0.379018567143681,2.58448797513657,206,"26,37"
207,"unconstrained","0",-2003.00589330367,0.502688227297941,1.34233047440057,0.34240850889147,2.47534882424286,207,"27,37"
207,"constrained_alpha",NA,-2018.69388891923,0.513153655881275,1.34233047440057,0.34240850889147,2.47534882424286,207,"27,37"
208,"unconstrained","0",-2010.64893552708,0.5016977263926,1.39567161453544,0.363454928207479,2.49216767423938,208,"28,37"
208,"constrained_alpha",NA,-2029.31629706948,0.475471140366377,1.39567161453544,0.363454928207479,2.49216767423938,208,"28,37"
209,"unconstrained","0",-2004.56091630351,0.503062495901759,1.33011217005742,0.341560173377224,2.5065645314244,209,"29,37"
209,"constrained_alpha",NA,-2020.00969026798,0.505390727640513,1.33011217005742,0.341560173377224,2.5065645314244,209,"29,37"
210,"unconstrained","0",-1998.0579236132,0.478405362465658,1.38096917109791,0.338712884596556,2.60153372941412,210,"30,37"
210,"constrained_alpha",NA,-2016.73176465669,0.457572455640945,1.38096917109791,0.338712884596556,2.60153372941412,210,"30,37"
211,"unconstrained","0",-2015.51436983273,0.488451121091497,1.27277076784692,0.315778487876236,2.6175254223757,211,"1,38"
211,"constrained_alpha",NA,-2032.17887017957,0.495554486130973,1.27277076784692,0.315778487876236,2.6175254223757,211,"1,38"
212,"unconstrained","0",-2012.2364646899,0.492256417414487,1.27815089111271,0.310239446864883,2.61736074943214,212,"2,38"
212,"constrained_alpha",NA,-2027.27017915651,0.497440187474145,1.27815089111271,0.310239446864883,2.61736074943214,212,"2,38"
213,"unconstrained","0",-2008.08770618151,0.495810479081337,1.30229843820777,0.305256055470661,2.60055284199309,213,"3,38"
213,"constrained_alpha",NA,-2023.94128378158,0.495024633643113,1.30229843820777,0.305256055470661,2.60055284199309,213,"3,38"
214,"unconstrained","0",-2014.26281346746,0.488615635184619,1.31264331592332,0.31179392445895,2.64186224854176,214,"4,38"
214,"constrained_alpha",NA,-2030.35684807915,0.471188607812815,1.31264331592332,0.31179392445895,2.64186224854176,214,"4,38"
215,"unconstrained","0",-2010.95094564759,0.487774015166306,1.27249999597632,0.315905490199172,2.58265480867298,215,"5,38"
215,"constrained_alpha",NA,-2030.11082267628,0.464100042328088,1.27249999597632,0.315905490199172,2.58265480867298,215,"5,38"
216,"unconstrained","0",-2013.6530036876,0.484732306671964,1.27170312665658,0.312677579795708,2.57858708886044,216,"6,38"
216,"constrained_alpha",NA,-2031.17444022035,0.464807070433007,1.27170312665658,0.312677579795708,2.57858708886044,216,"6,38"
217,"unconstrained","0",-2013.83016796581,0.487577932886754,1.27038711589792,0.311044151522494,2.72524941866125,217,"7,38"
217,"constrained_alpha",NA,-2029.1632753667,0.475222161238515,1.27038711589792,0.311044151522494,2.72524941866125,217,"7,38"
218,"unconstrained","0",-2005.08393619704,0.496681794784454,1.26911266361892,0.273123994879205,2.59700627219296,218,"8,38"
218,"constrained_alpha",NA,-2021.22829191948,0.483879348938098,1.26911266361892,0.273123994879205,2.59700627219296,218,"8,38"
219,"unconstrained","0",-2009.14154667098,0.490019733549815,1.3112640264952,0.314407867535205,2.58930645781305,219,"9,38"
219,"constrained_alpha",NA,-2025.31546424142,0.475493440904937,1.3112640264952,0.314407867535205,2.58930645781305,219,"9,38"
220,"unconstrained","0",-2011.59194267784,0.495382536260567,1.28144902550191,0.344920410945246,2.67602748514053,220,"10,38"
220,"constrained_alpha",NA,-2028.15363799258,0.49622955583726,1.28144902550191,0.344920410945246,2.67602748514053,220,"10,38"
221,"unconstrained","0",-2017.88584592532,0.485389429590816,1.27323417677768,0.311385060875222,2.60088749334483,221,"11,38"
221,"constrained_alpha",NA,-2035.2563670787,0.465329369606953,1.27323417677768,0.311385060875222,2.60088749334483,221,"11,38"
222,"unconstrained","0",-2007.50737513427,0.496460819970288,1.27133321826105,0.319452377571466,2.57849119368929,222,"12,38"
222,"constrained_alpha",NA,-2021.98744832502,0.493977207866634,1.27133321826105,0.319452377571466,2.57849119368929,222,"12,38"
223,"unconstrained","0",-2013.2866987474,0.490225339876795,1.27628258231907,0.310765031449705,2.71604044655882,223,"13,38"
223,"constrained_alpha",NA,-2027.64515254088,0.479141992018453,1.27628258231907,0.310765031449705,2.71604044655882,223,"13,38"
224,"unconstrained","0",-2012.84250399733,0.4832203952451,1.27764171065202,0.303082995343594,2.60562438215323,224,"14,38"
224,"constrained_alpha",NA,-2030.42250717467,0.486631442229821,1.27764171065202,0.303082995343594,2.60562438215323,224,"14,38"
225,"unconstrained","0",-2012.22992830854,0.487098512925177,1.27311454873086,0.296965926537144,2.58038226576652,225,"15,38"
225,"constrained_alpha",NA,-2028.06252265615,0.491356361332132,1.27311454873086,0.296965926537144,2.58038226576652,225,"15,38"
226,"unconstrained","0",-2013.20266173741,0.491717881717063,1.26022848712883,0.322959687700448,2.57928388227511,226,"16,38"
226,"constrained_alpha",NA,-2029.34888715623,0.475460077936201,1.26022848712883,0.322959687700448,2.57928388227511,226,"16,38"
227,"unconstrained","0",-2016.76008989143,0.484784011561951,1.31300811452883,0.352771478521593,2.6417903686492,227,"17,38"
227,"constrained_alpha",NA,-2032.25120343508,0.46560213826337,1.31300811452883,0.352771478521593,2.6417903686492,227,"17,38"
228,"unconstrained","0",-2014.52281628221,0.487043393106599,1.27760087072247,0.313803583423336,2.67577583216878,228,"18,38"
228,"constrained_alpha",NA,-2032.40705959992,0.487386218966519,1.27760087072247,0.313803583423336,2.67577583216878,228,"18,38"
229,"unconstrained","0",-2009.38626055543,0.49421490964815,1.2806641402596,0.297017008691433,2.61552333574991,229,"19,38"
229,"constrained_alpha",NA,-2027.22752539813,0.475230792519594,1.2806641402596,0.297017008691433,2.61552333574991,229,"19,38"
230,"unconstrained","0",-2016.23719579678,0.486991030142265,1.29441103093008,0.321410262492692,2.60080407114918,230,"20,38"
230,"constrained_alpha",NA,-2033.26744465598,0.471793643828336,1.29441103093008,0.321410262492692,2.60080407114918,230,"20,38"
231,"unconstrained","0",-2014.28037633928,0.484940791623258,1.27180761210856,0.303082210662993,2.5897719523047,231,"21,38"
231,"constrained_alpha",NA,-2029.89199755873,0.490617856434316,1.27180761210856,0.303082210662993,2.5897719523047,231,"21,38"
232,"unconstrained","0",-1999.7677578051,0.462857058261252,1.33071171263939,0.331791251199867,2.58352483717404,232,"22,38"
232,"constrained_alpha",NA,-2014.01014881416,0.448576287344464,1.33071171263939,0.331791251199867,2.58352483717404,232,"22,38"
233,"unconstrained","0",-2013.91836540344,0.485001937868119,1.27631127952812,0.318380693306171,2.60073561764067,233,"23,38"
233,"constrained_alpha",NA,-2029.08635624892,0.464768156380232,1.27631127952812,0.318380693306171,2.60073561764067,233,"23,38"
234,"unconstrained","0",-2010.65071527742,0.488642969739083,1.28914321815833,0.314528704265915,2.5826876879136,234,"24,38"
234,"constrained_alpha",NA,-2027.08807045165,0.470485132953213,1.28914321815833,0.314528704265915,2.5826876879136,234,"24,38"
235,"unconstrained","0",-2011.78838665807,0.483303341690741,1.28070886138785,0.31156477180383,2.57913278620491,235,"25,38"
235,"constrained_alpha",NA,-2028.87931592146,0.488274576574445,1.28070886138785,0.31156477180383,2.57913278620491,235,"25,38"
236,"unconstrained","0",-2014.57192634378,0.482198551072459,1.38599006090199,0.345155228626617,2.69784219807896,236,"26,38"
236,"constrained_alpha",NA,-2029.78042567716,0.486269365052852,1.38599006090199,0.345155228626617,2.69784219807896,236,"26,38"
237,"unconstrained","0",-2007.70295643646,0.488383274555033,1.28670997280043,0.311786793076207,2.58258442669965,237,"27,38"
237,"constrained_alpha",NA,-2023.45351829695,0.490521885303144,1.28670997280043,0.311786793076207,2.58258442669965,237,"27,38"
238,"unconstrained","0",-2015.82602428112,0.486803694494822,1.31244829722843,0.330135820987017,2.60092983802322,238,"28,38"
238,"constrained_alpha",NA,-2033.43383300546,0.468670957943967,1.31244829722843,0.330135820987017,2.60092983802322,238,"28,38"
239,"unconstrained","0",-2009.34782418767,0.488858758113948,1.27547246868348,0.311132633539334,2.6172551230545,239,"29,38"
239,"constrained_alpha",NA,-2024.28212601725,0.494935608843687,1.27547246868348,0.311132633539334,2.6172551230545,239,"29,38"
240,"unconstrained","0",-2002.47102849459,0.463384717756909,1.32934967447097,0.305753633593836,2.71795448487113,240,"30,38"
240,"constrained_alpha",NA,-2021.5910999207,0.440973081718218,1.32934967447097,0.305753633593836,2.71795448487113,240,"30,38"
241,"unconstrained","0",-2008.57198383438,0.491989112416959,1.28093227115656,0.330611785099946,2.54508086259243,241,"1,39"
241,"constrained_alpha",NA,-2026.03264745813,0.49750213067624,1.28093227115656,0.330611785099946,2.54508086259243,241,"1,39"
242,"unconstrained","0",-2005.16553818875,0.496081711926776,1.28875559642135,0.324682351784998,2.54470864685414,242,"2,39"
242,"constrained_alpha",NA,-2022.10663450896,0.498821478419095,1.28875559642135,0.324682351784998,2.54470864685414,242,"2,39"
243,"unconstrained","0",-2001.0582744074,0.499310640881142,1.31727790542554,0.320312194803458,2.52883224384353,243,"3,39"
243,"constrained_alpha",NA,-2017.19918130897,0.506871635228934,1.31727790542554,0.320312194803458,2.52883224384353,243,"3,39"
244,"unconstrained","0",-2007.30413952768,0.492454648476065,1.32367852227841,0.325726779588903,2.56821545082198,244,"4,39"
244,"constrained_alpha",NA,-2025.32306771913,0.496056292735596,1.32367852227841,0.325726779588903,2.56821545082198,244,"4,39"
245,"unconstrained","0",-2003.92005998373,0.4912956162546,1.28092168851402,0.332774329775908,2.51303681179743,245,"5,39"
245,"constrained_alpha",NA,-2022.76727227708,0.495392804827728,1.28092168851402,0.332774329775908,2.51303681179743,245,"5,39"
246,"unconstrained","0",-2006.70192257602,0.488564222852486,1.28037319139478,0.327149444585758,2.50999847521335,246,"6,39"
246,"constrained_alpha",NA,-2024.79759556679,0.497039707054479,1.28037319139478,0.327149444585758,2.50999847521335,246,"6,39"
247,"unconstrained","0",-2007.01803577896,0.491295123812457,1.27834001092054,0.325387915354647,2.64623925812378,247,"7,39"
247,"constrained_alpha",NA,-2022.90286664108,0.492774342508504,1.27834001092054,0.325387915354647,2.64623925812378,247,"7,39"
248,"unconstrained","0",-1998.26078544837,0.500296839990963,1.27950355521931,0.287752856528717,2.52897609958225,248,"8,39"
248,"constrained_alpha",NA,-2014.21215239929,0.509239833829792,1.27950355521931,0.287752856528717,2.52897609958225,248,"8,39"
249,"unconstrained","0",-2002.06427051205,0.493434146801717,1.31770442742583,0.329169953580906,2.5184612694202,249,"9,39"
249,"constrained_alpha",NA,-2018.91827233452,0.480069736893921,1.31770442742583,0.329169953580906,2.5184612694202,249,"9,39"
250,"unconstrained","0",-2004.86058198116,0.498849352821854,1.28935017385659,0.361193537512997,2.59995095281287,250,"10,39"
250,"constrained_alpha",NA,-2022.26935952037,0.50013070352688,1.28935017385659,0.361193537512997,2.59995095281287,250,"10,39"
251,"unconstrained","0",-2010.95692618157,0.489092118357024,1.28221969932188,0.325539029022055,2.52982231738156,251,"11,39"
251,"constrained_alpha",NA,-2028.00535744441,0.496561934000741,1.28221969932188,0.325539029022055,2.52982231738156,251,"11,39"
252,"unconstrained","0",-2000.71238130721,0.500626968142658,1.27994407636047,0.335080418745892,2.50941783866103,252,"12,39"
252,"constrained_alpha",NA,-2015.49885617413,0.500914583933709,1.27994407636047,0.335080418745892,2.50941783866103,252,"12,39"
253,"unconstrained","0",-2006.37788758647,0.493602842566246,1.28510685194798,0.325308194069979,2.6466708393989,253,"13,39"
253,"constrained_alpha",NA,-2023.48079184346,0.477061031974054,1.28510685194798,0.325308194069979,2.6466708393989,253,"13,39"
254,"unconstrained","0",-2005.77705322938,0.486846292796566,1.28641874233195,0.317760119597742,2.53781304534179,254,"14,39"
254,"constrained_alpha",NA,-2023.55235482882,0.497510965953696,1.28641874233195,0.317760119597742,2.53781304534179,254,"14,39"
255,"unconstrained","0",-2005.24032451731,0.49071730786273,1.28296426130872,0.311262273052778,2.51243483480991,255,"15,39"
255,"constrained_alpha",NA,-2024.93311652631,0.495718072284432,1.28296426130872,0.311262273052778,2.51243483480991,255,"15,39"
256,"unconstrained","0",-2006.29949220863,0.495517869441615,1.26915384095595,0.339444949137178,2.51053094096822,256,"16,39"
256,"constrained_alpha",NA,-2022.11087186382,0.489069580684932,1.26915384095595,0.339444949137178,2.51053094096822,256,"16,39"
257,"unconstrained","0",-2009.88871908488,0.488616650224652,1.32289367907381,0.368766643790498,2.56794758481507,257,"17,39"
257,"constrained_alpha",NA,-2025.36084619603,0.492273727950704,1.32289367907381,0.368766643790498,2.56794758481507,257,"17,39"
258,"unconstrained","0",-2007.69617744781,0.491005440823387,1.28575939195206,0.328090657205567,2.59948379807164,258,"18,39"
258,"constrained_alpha",NA,-2024.73537028071,0.496687239245891,1.28575939195206,0.328090657205567,2.59948379807164,258,"18,39"
259,"unconstrained","0",-2002.46196393495,0.497196709784429,1.29080593281438,0.31165430099729,2.54779561634831,259,"19,39"
259,"constrained_alpha",NA,-2020.46208897217,0.48405040648968,1.29080593281438,0.31165430099729,2.54779561634831,259,"19,39"
260,"unconstrained","0",-2009.25772739043,0.490895839141711,1.30437357747063,0.336797501892637,2.52961376997624,260,"20,39"
260,"constrained_alpha",NA,-2027.21009362154,0.496157682905234,1.30437357747063,0.336797501892637,2.52961376997624,260,"20,39"
261,"unconstrained","0",-2007.33035272781,0.488490771006016,1.28075149109551,0.317633929188412,2.52196893536708,261,"21,39"
261,"constrained_alpha",NA,-2024.77045499366,0.496474559319213,1.28075149109551,0.317633929188412,2.52196893536708,261,"21,39"
262,"unconstrained","0",-1993.13271142515,0.467708386990076,1.33887014718331,0.348808470798509,2.51323596279388,262,"22,39"
262,"constrained_alpha",NA,-2009.54924404914,0.472745139055395,1.33887014718331,0.348808470798509,2.51323596279388,262,"22,39"
263,"unconstrained","0",-2007.0767216593,0.488710240738126,1.28426796257495,0.332071982017826,2.52936592310186,263,"23,39"
263,"constrained_alpha",NA,-2022.48363652448,0.489991480380507,1.28426796257495,0.332071982017826,2.52936592310186,263,"23,39"
264,"unconstrained","0",-2003.63140128247,0.491979831815201,1.30053037533739,0.328467375420495,2.51314950371585,264,"24,39"
264,"constrained_alpha",NA,-2021.21247315794,0.478335638415021,1.30053037533739,0.328467375420495,2.51314950371585,264,"24,39"
265,"unconstrained","0",-2004.90101631842,0.487092195614976,1.28968687881689,0.32664506489072,2.50988968367117,265,"25,39"
265,"constrained_alpha",NA,-2022.20352383541,0.492817649949853,1.28968687881689,0.32664506489072,2.50988968367117,265,"25,39"
266,"unconstrained","0",-2007.60691196524,0.486234919600937,1.40019302669902,0.360790001935648,2.62966505447502,266,"26,39"
266,"constrained_alpha",NA,-2022.73208372231,0.487731800581978,1.40019302669902,0.360790001935648,2.62966505447502,266,"26,39"
267,"unconstrained","0",-2000.80201087133,0.491810034200565,1.29786180157433,0.326371077460888,2.51279336361096,267,"27,39"
267,"constrained_alpha",NA,-2017.41677168258,0.49676153256393,1.29786180157433,0.326371077460888,2.51279336361096,267,"27,39"
268,"unconstrained","0",-2008.80634044106,0.490533621544526,1.32307509584598,0.346357752967137,2.52997159779821,268,"28,39"
268,"constrained_alpha",NA,-2029.37918360377,0.498676264790858,1.32307509584598,0.346357752967137,2.52997159779821,268,"28,39"
269,"unconstrained","0",-2002.44349650247,0.492480542961785,1.28448997751929,0.325869055208236,2.54435355231498,269,"29,39"
269,"constrained_alpha",NA,-2018.53444023338,0.495161750915827,1.28448997751929,0.325869055208236,2.54435355231498,269,"29,39"
270,"unconstrained","0",-1995.35027430296,0.467286275498099,1.33862734075697,0.322745444864801,2.64630972225241,270,"30,39"
270,"constrained_alpha",NA,-2016.17073250443,0.474802477505132,1.33862734075697,0.322745444864801,2.64630972225241,270,"30,39"
271,"unconstrained","0",-2020.27040698161,0.48709381028509,1.30135322744057,0.354707021011625,2.50650226328728,271,"1,40"
271,"constrained_alpha",NA,-2036.26044406846,0.470719721826042,1.30135322744057,0.354707021011625,2.50650226328728,271,"1,40"
272,"unconstrained","0",-2016.97100246727,0.491045541834475,1.30659365697834,0.348403172504839,2.50622630330648,272,"2,40"
272,"constrained_alpha",NA,-2032.92411142986,0.467236673387325,1.30659365697834,0.348403172504839,2.50622630330648,272,"2,40"
273,"unconstrained","0",-2013.03712323691,0.49440317000901,1.33126980411918,0.343705996325531,2.49086050018102,273,"3,40"
273,"constrained_alpha",NA,-2028.13075752258,0.475146397445444,1.33126980411918,0.343705996325531,2.49086050018102,273,"3,40"
274,"unconstrained","0",-2019.047576481,0.487143059280608,1.34208301622328,0.349806375861773,2.52892112218991,274,"4,40"
274,"constrained_alpha",NA,-2034.60425731136,0.467127786901574,1.34208301622328,0.349806375861773,2.52892112218991,274,"4,40"
275,"unconstrained","0",-2015.69140284946,0.486447074260587,1.30137233769828,0.356831045861329,2.47516265876735,275,"5,40"
275,"constrained_alpha",NA,-2032.74686602241,0.46421832469436,1.30137233769828,0.356831045861329,2.47516265876735,275,"5,40"
276,"unconstrained","0",-2018.45191141909,0.483707403822124,1.30018679118827,0.351076444515051,2.47198184621633,276,"6,40"
276,"constrained_alpha",NA,-2034.68237133479,0.464291087219938,1.30018679118827,0.351076444515051,2.47198184621633,276,"6,40"
277,"unconstrained","0",-2018.77749269782,0.486409017097996,1.2971705287227,0.349559328033602,2.60501010433047,277,"7,40"
277,"constrained_alpha",NA,-2033.26832641768,0.468811632947028,1.2971705287227,0.349559328033602,2.60501010433047,277,"7,40"
278,"unconstrained","0",-2009.84759644604,0.495140089193836,1.29784493477902,0.309124383008483,2.4898510590496,278,"8,40"
278,"constrained_alpha",NA,-2024.89221221985,0.483275857348239,1.29784493477902,0.309124383008483,2.4898510590496,278,"8,40"
279,"unconstrained","0",-2013.81261886106,0.488488593391189,1.34249156009176,0.35333814881043,2.4806556664088,279,"9,40"
279,"constrained_alpha",NA,-2028.53899596723,0.47403968094841,1.34249156009176,0.35333814881043,2.4806556664088,279,"9,40"
280,"unconstrained","0",-2016.505997566,0.493850937728883,1.31007677871876,0.388165032796727,2.55995327405354,280,"10,40"
280,"constrained_alpha",NA,-2031.30534012684,0.470822485125551,1.31007677871876,0.388165032796727,2.55995327405354,280,"10,40"
281,"unconstrained","0",-2022.67163030832,0.484101792074948,1.30172839228165,0.349322830105699,2.49155995994725,281,"11,40"
281,"constrained_alpha",NA,-2037.20842789405,0.469252002372054,1.30172839228165,0.349322830105699,2.49155995994725,281,"11,40"
282,"unconstrained","0",-2012.34094017784,0.495277522287627,1.30136355820461,0.360909072633164,2.47154883879936,282,"12,40"
282,"constrained_alpha",NA,-2025.47062820994,0.474944174713953,1.30136355820461,0.360909072633164,2.47154883879936,282,"12,40"
283,"unconstrained","0",-2017.89649580875,0.489076681313994,1.30419346795227,0.348979790663409,2.60161702836629,283,"13,40"
283,"constrained_alpha",NA,-2032.23218705362,0.473939839566422,1.30419346795227,0.348979790663409,2.60161702836629,283,"13,40"
284,"unconstrained","0",-2017.66884422987,0.481578015802113,1.30668862523294,0.340867593837767,2.49814480569886,284,"14,40"
284,"constrained_alpha",NA,-2033.56420792533,0.464173456178853,1.30668862523294,0.340867593837767,2.49814480569886,284,"14,40"
285,"unconstrained","0",-2017.11805667553,0.48609762313849,1.30005035750884,0.334125713603846,2.47409857724774,285,"15,40"
285,"constrained_alpha",NA,-2031.49545029288,0.478226093513125,1.30005035750884,0.334125713603846,2.47409857724774,285,"15,40"
286,"unconstrained","0",-2017.77998019213,0.4898870581733,1.29066495693998,0.364242395686264,2.47254786159585,286,"16,40"
286,"constrained_alpha",NA,-2032.55757150697,0.471243286332782,1.29066495693998,0.364242395686264,2.47254786159585,286,"16,40"
287,"unconstrained","0",-2021.39991382843,0.482937293472972,1.34517259364607,0.396571666652414,2.52864260069844,287,"17,40"
287,"constrained_alpha",NA,-2035.00981973904,0.463785426469589,1.34517259364607,0.396571666652414,2.52864260069844,287,"17,40"
288,"unconstrained","0",-2019.46955501016,0.485861317358698,1.3053445053954,0.352164520975811,2.55949700205212,288,"18,40"
288,"constrained_alpha",NA,-2035.22643755053,0.466081331799934,1.3053445053954,0.352164520975811,2.55949700205212,288,"18,40"
289,"unconstrained","0",-2014.14342753386,0.493247110749596,1.30837607565898,0.334365897239683,2.50762020020926,289,"19,40"
289,"constrained_alpha",NA,-2029.72984529156,0.479238320004326,1.30837607565898,0.334365897239683,2.50762020020926,289,"19,40"
290,"unconstrained","0",-2021.01822274856,0.485494998695539,1.32390194921355,0.361433141868243,2.49138001085988,290,"20,40"
290,"constrained_alpha",NA,-2036.52071532352,0.469811696129055,1.32390194921355,0.361433141868243,2.49138001085988,290,"20,40"
291,"unconstrained","0",-2019.10836957277,0.484190765890982,1.29936788558993,0.340750742038049,2.48311397135801,291,"21,40"
291,"constrained_alpha",NA,-2033.8326568842,0.4713543417814,1.29936788558993,0.340750742038049,2.48311397135801,291,"21,40"
292,"unconstrained","0",-2004.55236858017,0.46091078258607,1.36514144393295,0.375513545110233,2.47539539056505,292,"22,40"
292,"constrained_alpha",NA,-2018.99304136604,0.442544154691738,1.36514144393295,0.375513545110233,2.47539539056505,292,"22,40"
293,"unconstrained","0",-2018.57162507251,0.483687734280398,1.30702860603575,0.35696256096029,2.49122550187258,293,"23,40"
293,"constrained_alpha",NA,-2031.97837411112,0.469842524744325,1.30702860603575,0.35696256096029,2.49122550187258,293,"23,40"
294,"unconstrained","0",-2015.147183793,0.486356726617705,1.32090281673592,0.352722302342741,2.47524992423557,294,"24,40"
294,"constrained_alpha",NA,-2030.08932116396,0.472919902838847,1.32090281673592,0.352722302342741,2.47524992423557,294,"24,40"
295,"unconstrained","0",-2016.6379102531,0.482219075067342,1.30899703793819,0.350615286201875,2.4720518781542,295,"25,40"
295,"constrained_alpha",NA,-2032.75972160056,0.463429046222651,1.30899703793819,0.350615286201875,2.4720518781542,295,"25,40"
296,"unconstrained","0",-2019.26049998543,0.481591582617705,1.41807820638004,0.387833289258033,2.58522927194011,296,"26,40"
296,"constrained_alpha",NA,-2032.21275980627,0.461351042532895,1.41807820638004,0.387833289258033,2.58522927194011,296,"26,40"
297,"unconstrained","0",-2012.50347518655,0.486929382309022,1.31601983149143,0.350319391786572,2.47500316423684,297,"27,40"
297,"constrained_alpha",NA,-2028.29707782054,0.46798649210772,1.31601983149143,0.350319391786572,2.47500316423684,297,"27,40"
298,"unconstrained","0",-2020.61260207853,0.485342676460732,1.34229911372939,0.371920148472494,2.49164661512631,298,"28,40"
298,"constrained_alpha",NA,-2036.32357510585,0.464934688108152,1.34229911372939,0.371920148472494,2.49164661512631,298,"28,40"
299,"unconstrained","0",-2014.2413777297,0.487538687235637,1.30321402071261,0.349961091711598,2.50593839998918,299,"29,40"
299,"constrained_alpha",NA,-2028.64516376306,0.473114125204308,1.30321402071261,0.349961091711598,2.50593839998918,299,"29,40"
300,"unconstrained","0",-2007.08425774575,0.460490456129142,1.3634557394183,0.345735241923096,2.60189187408493,300,"30,40"
300,"constrained_alpha",NA,-2024.07741887879,0.446741772088908,1.3634557394183,0.345735241923096,2.60189187408493,300,"30,40"
301,"unconstrained","0",-2014.1263687056,0.486855425379521,1.28098176991889,0.345323343839712,2.58227197422843,301,"1,41"
301,"constrained_alpha",NA,-2030.5500351126,0.470393913421668,1.28098176991889,0.345323343839712,2.58227197422843,301,"1,41"
302,"unconstrained","0",-2010.78485144641,0.49073589892006,1.28784317158565,0.339253275259994,2.58211579914779,302,"2,41"
302,"constrained_alpha",NA,-2025.154322137,0.491050757575282,1.28784317158565,0.339253275259994,2.58211579914779,302,"2,41"
303,"unconstrained","0",-2006.792877518,0.493841286392049,1.31187260848108,0.333222224838619,2.56571278789841,303,"3,41"
303,"constrained_alpha",NA,-2021.49066606406,0.497086280032817,1.31187260848108,0.333222224838619,2.56571278789841,303,"3,41"
304,"unconstrained","0",-2012.89823181464,0.487149918468323,1.32257298960233,0.341645518822434,2.60601423419766,304,"4,41"
304,"constrained_alpha",NA,-2028.2521447158,0.470495485269068,1.32257298960233,0.341645518822434,2.60601423419766,304,"4,41"
305,"unconstrained","0",-2009.58385556936,0.486513284507014,1.28085263869368,0.345155040828155,2.54825634281478,305,"5,41"
305,"constrained_alpha",NA,-2026.8578329854,0.465579960649482,1.28085263869368,0.345155040828155,2.54825634281478,305,"5,41"
306,"unconstrained","0",-2012.28728089973,0.483259907057364,1.27990267118772,0.341822959475789,2.54428580333051,306,"6,41"
306,"constrained_alpha",NA,-2028.32833386877,0.465796042507864,1.27990267118772,0.341822959475789,2.54428580333051,306,"6,41"
307,"unconstrained","0",-2012.52365278346,0.486163761582072,1.27795854018811,0.339703248111459,2.68753322340663,307,"7,41"
307,"constrained_alpha",NA,-2028.01629204234,0.466868503032338,1.27795854018811,0.339703248111459,2.68753322340663,307,"7,41"
308,"unconstrained","0",-2003.89220883716,0.495253348128916,1.27720367096164,0.298222170760997,2.56219919446381,308,"8,41"
308,"constrained_alpha",NA,-2018.21159075191,0.482384726185053,1.27720367096164,0.298222170760997,2.56219919446381,308,"8,41"
309,"unconstrained","0",-2007.78175071921,0.488331354572898,1.32075529068022,0.34387225980347,2.55473378035448,309,"9,41"
309,"constrained_alpha",NA,-2022.75329567472,0.473818423574301,1.32075529068022,0.34387225980347,2.55473378035448,309,"9,41"
310,"unconstrained","0",-2010.35608211763,0.493278697445801,1.29022082195576,0.378322356012743,2.63941205926833,310,"10,41"
310,"constrained_alpha",NA,-2024.96491603834,0.492669779383193,1.29022082195576,0.378322356012743,2.63941205926833,310,"10,41"
311,"unconstrained","0",-2016.49858919331,0.483937089389936,1.28163381877502,0.340369768565694,2.56603166656696,311,"11,41"
311,"constrained_alpha",NA,-2032.02222202964,0.469005576465089,1.28163381877502,0.340369768565694,2.56603166656696,311,"11,41"
312,"unconstrained","0",-2006.11505182018,0.495429991803162,1.27949302756171,0.348741637730307,2.54418023092162,312,"12,41"
312,"constrained_alpha",NA,-2018.99718518369,0.491245552234125,1.27949302756171,0.348741637730307,2.54418023092162,312,"12,41"
313,"unconstrained","0",-2011.96584424025,0.488773581481287,1.28423775039221,0.339886015428818,2.67783255317291,313,"13,41"
313,"constrained_alpha",NA,-2026.0591805728,0.469508726532722,1.28423775039221,0.339886015428818,2.67783255317291,313,"13,41"
314,"unconstrained","0",-2011.4764064501,0.481596642950617,1.28580355635961,0.331162017842055,2.57057841260252,314,"14,41"
314,"constrained_alpha",NA,-2026.19099151021,0.485226537785437,1.28580355635961,0.331162017842055,2.57057841260252,314,"14,41"
315,"unconstrained","0",-2010.88737314434,0.485763370813527,1.28075325256395,0.324120030161106,2.54602726981947,315,"15,41"
315,"constrained_alpha",NA,-2025.57148587387,0.484373903860472,1.28075325256395,0.324120030161106,2.54602726981947,315,"15,41"
316,"unconstrained","0",-2011.88737930088,0.490342231272544,1.26877258371714,0.353186981041124,2.54496569063291,316,"16,41"
316,"constrained_alpha",NA,-2027.50044007057,0.470199117681234,1.26877258371714,0.353186981041124,2.54496569063291,316,"16,41"
317,"unconstrained","0",-2015.45712093754,0.483102145323415,1.32209161183017,0.387265223038411,2.60594004952735,317,"17,41"
317,"constrained_alpha",NA,-2028.92688062533,0.466902964560179,1.32209161183017,0.387265223038411,2.60594004952735,317,"17,41"
318,"unconstrained","0",-2013.18775984657,0.485626791344229,1.28570339104551,0.343178131986735,2.63915501191698,318,"18,41"
318,"constrained_alpha",NA,-2029.03118335152,0.485944150396159,1.28570339104551,0.343178131986735,2.63915501191698,318,"18,41"
319,"unconstrained","0",-2007.92550581538,0.492916769614358,1.28941166858895,0.324184199759668,2.58020375479484,319,"19,41"
319,"constrained_alpha",NA,-2022.69669945547,0.476487653759361,1.28941166858895,0.324184199759668,2.58020375479484,319,"19,41"
320,"unconstrained","0",-2014.87682147751,0.485409971393761,1.30406292219589,0.351703748287631,2.5659599790265,320,"20,41"
320,"constrained_alpha",NA,-2030.01404641731,0.472132308088831,1.30406292219589,0.351703748287631,2.5659599790265,320,"20,41"
321,"unconstrained","0",-2012.9111243527,0.483638064875696,1.27991975822627,0.331152392418569,2.55516168011462,321,"21,41"
321,"constrained_alpha",NA,-2027.83900523664,0.466231864451507,1.27991975822627,0.331152392418569,2.55516168011462,321,"21,41"
322,"unconstrained","0",-1998.38522432646,0.461517733598246,1.34084794221633,0.363420478409472,2.54912914542394,322,"22,41"
322,"constrained_alpha",NA,-2011.291770753,0.449489998786195,1.34084794221633,0.363420478409472,2.54912914542394,322,"22,41"
323,"unconstrained","0",-2012.53634245751,0.483511291872732,1.28448722003074,0.348357243021319,2.56587830782497,323,"23,41"
323,"constrained_alpha",NA,-2026.09894042127,0.466540752622991,1.28448722003074,0.348357243021319,2.56587830782497,323,"23,41"
324,"unconstrained","0",-2009.1280230304,0.487154364395448,1.29816041356052,0.344096694557426,2.54828347494289,324,"24,41"
324,"constrained_alpha",NA,-2024.30441250649,0.472714232977558,1.29816041356052,0.344096694557426,2.54828347494289,324,"24,41"
325,"unconstrained","0",-2010.41834358739,0.482032893088541,1.28925700019087,0.341461843706195,2.54483139815715,325,"25,41"
325,"constrained_alpha",NA,-2025.31637636056,0.471233435048037,1.28925700019087,0.341461843706195,2.54483139815715,325,"25,41"
326,"unconstrained","0",-2013.23582659199,0.481087852603182,1.39467632352471,0.378517018526045,2.66022092154782,326,"26,41"
326,"constrained_alpha",NA,-2026.55701047815,0.481432615472522,1.39467632352471,0.378517018526045,2.66022092154782,326,"26,41"
327,"unconstrained","0",-2006.36080871703,0.486719566080709,1.29526130106184,0.340714613243776,2.54818972406754,327,"27,41"
327,"constrained_alpha",NA,-2022.13030654584,0.488746652960029,1.29526130106184,0.340714613243776,2.54818972406754,327,"27,41"
328,"unconstrained","0",-2014.41111910605,0.485385715318962,1.32127335268354,0.361376013173912,2.56606849461738,328,"28,41"
328,"constrained_alpha",NA,-2030.06519090059,0.476226314190857,1.32127335268354,0.361376013173912,2.56606849461738,328,"28,41"
329,"unconstrained","0",-2007.90568615604,0.487409965272508,1.28396473342306,0.339811090001291,2.58200852040242,329,"29,41"
329,"constrained_alpha",NA,-2022.5001342256,0.490600164388786,1.28396473342306,0.339811090001291,2.58200852040242,329,"29,41"
330,"unconstrained","0",-2001.11672900493,0.462121540858062,1.33813820029548,0.334576883807646,2.67970848392183,330,"30,41"
330,"constrained_alpha",NA,-2019.56805244848,0.443891334236161,1.33813820029548,0.334576883807646,2.67970848392183,330,"30,41"
331,"unconstrained","0",-2006.95092415316,0.47884623463223,1.30983468454416,0.321289726049178,2.66332039201096,331,"1,42"
331,"constrained_alpha",NA,-2023.71173984777,0.487558072074456,1.30983468454416,0.321289726049178,2.66332039201096,331,"1,42"
332,"unconstrained","0",-2003.67326476792,0.482956992253003,1.31576799005561,0.315634521735965,2.66269867369567,332,"2,42"
332,"constrained_alpha",NA,-2018.80028585014,0.494380558663283,1.31576799005561,0.315634521735965,2.66269867369567,332,"2,42"
333,"unconstrained","0",-1999.47389148491,0.486538827887807,1.34298528141223,0.309873963577627,2.64531681867424,333,"3,42"
333,"constrained_alpha",NA,-2015.68395582345,0.49461578198338,1.34298528141223,0.309873963577627,2.64531681867424,333,"3,42"
334,"unconstrained","0",-2005.74342768349,0.479180571190062,1.35307358003935,0.317180185488834,2.68888329483551,334,"4,42"
334,"constrained_alpha",NA,-2022.83565532003,0.483091185256441,1.35307358003935,0.317180185488834,2.68888329483551,334,"4,42"
335,"unconstrained","0",-2002.49744471561,0.47822561826233,1.3089619856595,0.321895969918895,2.62864117585135,335,"5,42"
335,"constrained_alpha",NA,-2020.61631840439,0.488023488274945,1.3089619856595,0.321895969918895,2.62864117585135,335,"5,42"
336,"unconstrained","0",-2005.16090245353,0.475337808309269,1.30813566828223,0.317769921703455,2.62591901961081,336,"6,42"
336,"constrained_alpha",NA,-2021.07909058119,0.482371965571825,1.30813566828223,0.317769921703455,2.62591901961081,336,"6,42"
337,"unconstrained","0",-2005.48184122409,0.478118730565824,1.30608004210876,0.315629195663042,2.77337213341072,337,"7,42"
337,"constrained_alpha",NA,-2021.34536358978,0.482143942720028,1.30608004210876,0.315629195663042,2.77337213341072,337,"7,42"
338,"unconstrained","0",-1996.67536896509,0.487361257668286,1.30659946625257,0.277207811987176,2.64816317158651,338,"8,42"
338,"constrained_alpha",NA,-2012.16601665071,0.477721225097231,1.30659946625257,0.277207811987176,2.64816317158651,338,"8,42"
339,"unconstrained","0",-2000.52707564313,0.479921374427505,1.35085686423741,0.319556965594172,2.63402113216889,339,"9,42"
339,"constrained_alpha",NA,-2017.17416739979,0.463745560049116,1.35085686423741,0.319556965594172,2.63402113216889,339,"9,42"
340,"unconstrained","0",-2003.30036098052,0.486068271736357,1.318509672456,0.351260723875812,2.72325400664649,340,"10,42"
340,"constrained_alpha",NA,-2018.74136400292,0.491889345905048,1.318509672456,0.351260723875812,2.72325400664649,340,"10,42"
341,"unconstrained","0",-2009.40587647039,0.475817102001548,1.30980068967962,0.316459766953929,2.64689591578417,341,"11,42"
341,"constrained_alpha",NA,-2025.03944409495,0.485491829767917,1.30980068967962,0.316459766953929,2.64689591578417,341,"11,42"
342,"unconstrained","0",-1999.16876237814,0.48899420205857,1.30722781456836,0.323680932779965,2.62485229242383,342,"12,42"
342,"constrained_alpha",NA,-2012.75618906409,0.491501079443238,1.30722781456836,0.323680932779965,2.62485229242383,342,"12,42"
343,"unconstrained","0",-2004.74069317909,0.479934448082085,1.31476695571513,0.315991743207596,2.78412873598,343,"13,42"
343,"constrained_alpha",NA,-2019.08240762823,0.469319411044438,1.31476695571513,0.315991743207596,2.78412873598,343,"13,42"
344,"unconstrained","0",-2004.05250711757,0.473551736205999,1.3157104503583,0.307957654392665,2.65856381820032,344,"14,42"
344,"constrained_alpha",NA,-2020.77715468443,0.483307275869015,1.3157104503583,0.307957654392665,2.65856381820032,344,"14,42"
345,"unconstrained","0",-2003.67758220102,0.477676700994325,1.30993223424359,0.301409622380409,2.6291470886019,345,"15,42"
345,"constrained_alpha",NA,-2021.06839866887,0.485354341164836,1.30993223424359,0.301409622380409,2.6291470886019,345,"15,42"
346,"unconstrained","0",-2004.8963750854,0.482247042086938,1.29687847506045,0.328998652657798,2.62639969147313,346,"16,42"
346,"constrained_alpha",NA,-2018.59045408333,0.473514555795513,1.29687847506045,0.328998652657798,2.62639969147313,346,"16,42"
347,"unconstrained","0",-2008.11413886334,0.475546506599077,1.35296084896674,0.359175473627457,2.68842000018272,347,"17,42"
347,"constrained_alpha",NA,-2023.9354040162,0.461390800412696,1.35296084896674,0.359175473627457,2.68842000018272,347,"17,42"
348,"unconstrained","0",-2006.11899374364,0.478003513848071,1.31380807279571,0.319031784170384,2.72242434646924,348,"18,42"
348,"constrained_alpha",NA,-2021.58125485187,0.484045550593209,1.31380807279571,0.319031784170384,2.72242434646924,348,"18,42"
349,"unconstrained","0",-2000.96099641231,0.484280084320795,1.31826933380862,0.301513845993188,2.67015863838635,349,"19,42"
349,"constrained_alpha",NA,-2016.30054048647,0.474584936221703,1.31826933380862,0.301513845993188,2.67015863838635,349,"19,42"
350,"unconstrained","0",-2007.76041872154,0.477511035424685,1.33191963291499,0.327168654044194,2.6465055120843,350,"20,42"
350,"constrained_alpha",NA,-2023.01381313456,0.471121264900831,1.33191963291499,0.327168654044194,2.6465055120843,350,"20,42"
351,"unconstrained","0",-2005.73368521638,0.475261153889601,1.30839927685906,0.307940782082836,2.6402403634579,351,"21,42"
351,"constrained_alpha",NA,-2021.7832797612,0.488933498388997,1.30839927685906,0.307940782082836,2.6402403634579,351,"21,42"
352,"unconstrained","0",-1991.12723787617,0.453727083495668,1.36973692760096,0.336870493832663,2.62818048836281,352,"22,42"
352,"constrained_alpha",NA,-2005.56948790233,0.461362770375848,1.36973692760096,0.336870493832663,2.62818048836281,352,"22,42"
353,"unconstrained","0",-2005.49368362103,0.475355274093032,1.31309357181104,0.323243177242438,2.64615045537565,353,"23,42"
353,"constrained_alpha",NA,-2020.58636412669,0.478811248306439,1.31309357181104,0.323243177242438,2.64615045537565,353,"23,42"
354,"unconstrained","0",-2002.21721340975,0.477987635183062,1.32788464765527,0.319705553409209,2.62883192377166,354,"24,42"
354,"constrained_alpha",NA,-2017.38545518573,0.466143942267041,1.32788464765527,0.319705553409209,2.62883192377166,354,"24,42"
355,"unconstrained","0",-2003.38780082762,0.474257705076657,1.31649021221664,0.317108021376034,2.62527341221321,355,"25,42"
355,"constrained_alpha",NA,-2020.37030655171,0.482790853491158,1.31649021221664,0.317108021376034,2.62527341221321,355,"25,42"
356,"unconstrained","0",-2005.89340121211,0.473511355843063,1.43234495839967,0.351399329012912,2.76508111961436,356,"26,42"
356,"constrained_alpha",NA,-2019.5851456857,0.476382683802202,1.43234495839967,0.351399329012912,2.76508111961436,356,"26,42"
357,"unconstrained","0",-1999.19757980057,0.478783040700409,1.3235903496841,0.316676918102806,2.62820425121775,357,"27,42"
357,"constrained_alpha",NA,-2013.87168895503,0.488067976681403,1.3235903496841,0.316676918102806,2.62820425121775,357,"27,42"
358,"unconstrained","0",-2007.33420120582,0.477333141192684,1.34984740712237,0.336250567878467,2.64707331426303,358,"28,42"
358,"constrained_alpha",NA,-2024.36904548228,0.461109214304379,1.34984740712237,0.336250567878467,2.64707331426303,358,"28,42"
359,"unconstrained","0",-2000.92617301347,0.479652278780143,1.3112677643587,0.315786412835462,2.66216527227424,359,"29,42"
359,"constrained_alpha",NA,-2015.10100137541,0.488558673058174,1.3112677643587,0.315786412835462,2.66216527227424,359,"29,42"
360,"unconstrained","0",-1993.54348526748,0.452086233580135,1.37330214570597,0.311668060857762,2.78204534283693,360,"30,42"
360,"constrained_alpha",NA,-2011.54706156692,0.460572783117099,1.37330214570597,0.311668060857762,2.78204534283693,360,"30,42"
361,"unconstrained","0",-2015.39885299694,0.488980290125291,1.2763487232622,0.326261669639786,2.50739477629545,361,"1,43"
361,"constrained_alpha",NA,-2032.98154316835,0.497535672739847,1.2763487232622,0.326261669639786,2.50739477629545,361,"1,43"
362,"unconstrained","0",-2012.02183920521,0.492915084429151,1.28334869508229,0.320651487030391,2.50712229937045,362,"2,43"
362,"constrained_alpha",NA,-2028.38888271278,0.492425043585979,1.28334869508229,0.320651487030391,2.50712229937045,362,"2,43"
363,"unconstrained","0",-2007.97654726435,0.496143583055892,1.308296116445,0.315971559208164,2.49174841920026,363,"3,43"
363,"constrained_alpha",NA,-2022.87621789557,0.498834130096799,1.308296116445,0.315971559208164,2.49174841920026,363,"3,43"
364,"unconstrained","0",-2014.0976257084,0.489214525832494,1.31983281035022,0.322377066203264,2.52979447146639,364,"4,43"
364,"constrained_alpha",NA,-2030.47274193821,0.473636582039098,1.31983281035022,0.322377066203264,2.52979447146639,364,"4,43"
365,"unconstrained","0",-2010.70274372661,0.488484881715096,1.27787457390899,0.326598479558022,2.47589401098816,365,"5,43"
365,"constrained_alpha",NA,-2029.06356789816,0.466369570010992,1.27787457390899,0.326598479558022,2.47589401098816,365,"5,43"
366,"unconstrained","0",-2013.47540602152,0.485261179137047,1.27691247811936,0.323290508018974,2.47257337132689,366,"6,43"
366,"constrained_alpha",NA,-2030.77776960958,0.466608064946722,1.27691247811936,0.323290508018974,2.47257337132689,366,"6,43"
367,"unconstrained","0",-2013.74873254202,0.488199352981896,1.27335596756889,0.321432347054068,2.60624635866241,367,"7,43"
367,"constrained_alpha",NA,-2029.93958010583,0.471219797949018,1.27335596756889,0.321432347054068,2.60624635866241,367,"7,43"
368,"unconstrained","0",-2005.0204556852,0.497132263177341,1.27380640497685,0.283645738458053,2.4902268366246,368,"8,43"
368,"constrained_alpha",NA,-2021.6456980951,0.483190951379612,1.27380640497685,0.283645738458053,2.4902268366246,368,"8,43"
369,"unconstrained","0",-2008.95213770839,0.490264100332265,1.31974087004639,0.325255441741132,2.4815228955857,369,"9,43"
369,"constrained_alpha",NA,-2026.12751873358,0.471814634313856,1.31974087004639,0.325255441741132,2.4815228955857,369,"9,43"
370,"unconstrained","0",-2011.60540103455,0.495659270009533,1.28444013767035,0.355617119443429,2.56099282067704,370,"10,43"
370,"constrained_alpha",NA,-2028.4955946604,0.495753879079403,1.28444013767035,0.355617119443429,2.56099282067704,370,"10,43"
371,"unconstrained","0",-2017.75156338347,0.48597704751844,1.27753131634378,0.321800067292379,2.49236610244746,371,"11,43"
371,"constrained_alpha",NA,-2034.15733761012,0.468310827383769,1.27753131634378,0.321800067292379,2.49236610244746,371,"11,43"
372,"unconstrained","0",-2007.45451486965,0.496910011752205,1.27588002429905,0.329737309562925,2.47227347788619,372,"12,43"
372,"constrained_alpha",NA,-2020.59106454279,0.494705361847355,1.27588002429905,0.329737309562925,2.47227347788619,372,"12,43"
373,"unconstrained","0",-2013.1845614004,0.490586367073026,1.27991067884819,0.321461503558586,2.60127229780381,373,"13,43"
373,"constrained_alpha",NA,-2027.41070558477,0.476079031776161,1.27991067884819,0.321461503558586,2.60127229780381,373,"13,43"
374,"unconstrained","0",-2012.66536236245,0.483551175372996,1.28210784854458,0.313878359903235,2.49843509010108,374,"14,43"
374,"constrained_alpha",NA,-2029.09854272032,0.484013084837761,1.28210784854458,0.313878359903235,2.49843509010108,374,"14,43"
375,"unconstrained","0",-2012.07753778733,0.487716658600417,1.27726340757288,0.30737246152438,2.47459545707122,375,"15,43"
375,"constrained_alpha",NA,-2029.15798740473,0.491402518397061,1.27726340757288,0.30737246152438,2.47459545707122,375,"15,43"
376,"unconstrained","0",-2013.08542967435,0.492289667504292,1.26474464534518,0.333502310656136,2.47315044595002,376,"16,43"
376,"constrained_alpha",NA,-2027.97957458054,0.480370342337285,1.26474464534518,0.333502310656136,2.47315044595002,376,"16,43"
377,"unconstrained","0",-2016.70420843361,0.48507895075435,1.31657913880064,0.363416459213111,2.52965038836942,377,"17,43"
377,"constrained_alpha",NA,-2031.16815125415,0.465771038548779,1.31657913880064,0.363416459213111,2.52965038836942,377,"17,43"
378,"unconstrained","0",-2014.44707350951,0.487757803739356,1.28106093413449,0.324281143449559,2.56061594559569,378,"18,43"
378,"constrained_alpha",NA,-2032.35953089881,0.48585603000739,1.28106093413449,0.324281143449559,2.56061594559569,378,"18,43"
379,"unconstrained","0",-2009.19043597733,0.494642532945747,1.28610045021554,0.30756073118358,2.5078063766191,379,"19,43"
379,"constrained_alpha",NA,-2026.57214862912,0.474118578408126,1.28610045021554,0.30756073118358,2.5078063766191,379,"19,43"
380,"unconstrained","0",-2016.12079138652,0.4875394303978,1.29997380937899,0.332046306374515,2.49220933615877,380,"20,43"
380,"constrained_alpha",NA,-2032.36977279312,0.472825145086997,1.29997380937899,0.332046306374515,2.49220933615877,380,"20,43"
381,"unconstrained","0",-2014.12726332132,0.485541945995886,1.27613393201889,0.31380600239262,2.48351914807277,381,"21,43"
381,"constrained_alpha",NA,-2030.80603059724,0.48618806298644,1.27613393201889,0.31380600239262,2.48351914807277,381,"21,43"
382,"unconstrained","0",-1999.68737411185,0.463859026619296,1.33536989727851,0.343715370283921,2.47637236428913,382,"22,43"
382,"constrained_alpha",NA,-2015.41784196033,0.467511943918036,1.33536989727851,0.343715370283921,2.47637236428913,382,"22,43"
383,"unconstrained","0",-2013.79116955651,0.485589324674013,1.28052813892562,0.328692430532053,2.49207668795879,383,"23,43"
383,"constrained_alpha",NA,-2028.84960192718,0.466899806402491,1.28052813892562,0.328692430532053,2.49207668795879,383,"23,43"
384,"unconstrained","0",-2010.42283376283,0.489144218841627,1.29458387272871,0.324885719606195,2.47596855956731,384,"24,43"
384,"constrained_alpha",NA,-2027.14919464551,0.471805575623135,1.29458387272871,0.324885719606195,2.47596855956731,384,"24,43"
385,"unconstrained","0",-2011.63099134902,0.483969963926723,1.28518513586894,0.322812977181705,2.47275514357775,385,"25,43"
385,"constrained_alpha",NA,-2029.08345492022,0.485744857482198,1.28518513586894,0.322812977181705,2.47275514357775,385,"25,43"
386,"unconstrained","0",-2014.43021810957,0.482717755962369,1.39353952393071,0.355455964946269,2.58484480732077,386,"26,43"
386,"constrained_alpha",NA,-2028.96981474379,0.482718340824281,1.39353952393071,0.355455964946269,2.58484480732077,386,"26,43"
387,"unconstrained","0",-2007.52477164482,0.488846563403077,1.29182054260656,0.322449231095162,2.47572538680437,387,"27,43"
387,"constrained_alpha",NA,-2024.07654499964,0.490543958729866,1.29182054260656,0.322449231095162,2.47572538680437,387,"27,43"
388,"unconstrained","0",-2015.63586646262,0.487335309265768,1.31812774619602,0.340619745978519,2.49243849050773,388,"28,43"
388,"constrained_alpha",NA,-2032.0477022497,0.474514189418224,1.31812774619602,0.340619745978519,2.49243849050773,388,"28,43"
389,"unconstrained","0",-2009.16099468016,0.489388426138565,1.28055307158029,0.321717348373145,2.50692696545156,389,"29,43"
389,"constrained_alpha",NA,-2024.70409350937,0.495897449966308,1.28055307158029,0.321717348373145,2.50692696545156,389,"29,43"
390,"unconstrained","0",-2002.21963219633,0.464285821159076,1.33404407467763,0.31761334473575,2.60188656069524,390,"30,43"
390,"constrained_alpha",NA,-2020.68809312431,0.450219567100677,1.33404407467763,0.31761334473575,2.60188656069524,390,"30,43"
391,"unconstrained","0",-2016.13304386691,0.490761527152058,1.26875948921709,0.28530911445189,2.53819760820764,391,"1,44"
391,"constrained_alpha",NA,-2033.2570013742,0.497806749550091,1.26875948921709,0.28530911445189,2.53819760820764,391,"1,44"
392,"unconstrained","0",-2012.88079951201,0.494567380560084,1.27396862703097,0.280068900847573,2.53798570974949,392,"2,44"
392,"constrained_alpha",NA,-2030.04204388308,0.497447658365039,1.27396862703097,0.280068900847573,2.53798570974949,392,"2,44"
393,"unconstrained","0",-2008.78230570638,0.498044014267511,1.29821202590724,0.276288800639037,2.52219368804757,393,"3,44"
393,"constrained_alpha",NA,-2024.24272638129,0.503504088174856,1.29821202590724,0.276288800639037,2.52219368804757,393,"3,44"
394,"unconstrained","0",-2014.97536663146,0.49086278615243,1.30923182043977,0.281296886699202,2.56118300037326,394,"4,44"
394,"constrained_alpha",NA,-2031.18625513877,0.471651881602633,1.30923182043977,0.281296886699202,2.56118300037326,394,"4,44"
395,"unconstrained","0",-2011.65819441145,0.489797116185563,1.26843164279563,0.284984122801234,2.50552632847422,395,"5,44"
395,"constrained_alpha",NA,-2029.77088776896,0.479784353306296,1.26843164279563,0.284984122801234,2.50552632847422,395,"5,44"
396,"unconstrained","0",-2014.3605958808,0.486932318338194,1.26760557734476,0.282857772897499,2.50186549603135,396,"6,44"
396,"constrained_alpha",NA,-2030.48652122229,0.492215098859144,1.26760557734476,0.282857772897499,2.50186549603135,396,"6,44"
397,"unconstrained","0",-2014.60543344539,0.489740730405488,1.26595694407906,0.281579231245395,2.63992012830425,397,"7,44"
397,"constrained_alpha",NA,-2031.25292409726,0.475284280278338,1.26595694407906,0.281579231245395,2.63992012830425,397,"7,44"
398,"unconstrained","0",-2005.75359877548,0.498783150970774,1.26550229063263,0.24550913763426,2.51947161311507,398,"8,44"
398,"constrained_alpha",NA,-2023.10082900173,0.487532386328823,1.26550229063263,0.24550913763426,2.51947161311507,398,"8,44"
399,"unconstrained","0",-2009.72918933074,0.49221618675548,1.31111051045721,0.284481106862613,2.51165016362617,399,"9,44"
399,"constrained_alpha",NA,-2026.86753031039,0.476753860231765,1.31111051045721,0.284481106862613,2.51165016362617,399,"9,44"
400,"unconstrained","0",-2012.40366238506,0.497621885140712,1.27708276369891,0.311950420141701,2.59335823144668,400,"10,44"
400,"constrained_alpha",NA,-2029.1924046475,0.498644456536866,1.27708276369891,0.311950420141701,2.59335823144668,400,"10,44"
401,"unconstrained","0",-2018.55738430961,0.487652485755201,1.26920302119786,0.281567848313416,2.52260905671233,401,"11,44"
401,"constrained_alpha",NA,-2036.45818635302,0.472146935118501,1.26920302119786,0.281567848313416,2.52260905671233,401,"11,44"
402,"unconstrained","0",-2008.27348409573,0.498980350529821,1.26685221341277,0.289533102532321,2.50167426795562,402,"12,44"
402,"constrained_alpha",NA,-2021.94115380971,0.502644020036245,1.26685221341277,0.289533102532321,2.50167426795562,402,"12,44"
403,"unconstrained","0",-2013.95534365418,0.492626747860432,1.27200518082113,0.280907683266473,2.63189999345267,403,"13,44"
403,"constrained_alpha",NA,-2029.93224354568,0.477849478231854,1.27200518082113,0.280907683266473,2.63189999345267,403,"13,44"
404,"unconstrained","0",-2013.49201470156,0.48531685831482,1.27386831243599,0.274024444304338,2.52768458498008,404,"14,44"
404,"constrained_alpha",NA,-2030.25166023001,0.492191447841874,1.27386831243599,0.274024444304338,2.52768458498008,404,"14,44"
405,"unconstrained","0",-2012.77977131794,0.489440897838806,1.26959257290187,0.268354183393806,2.50369762458435,405,"15,44"
405,"constrained_alpha",NA,-2030.06467697404,0.498016341270131,1.26959257290187,0.268354183393806,2.50369762458435,405,"15,44"
406,"unconstrained","0",-2013.88164782805,0.494081279096456,1.25666994893843,0.291488492672866,2.50249463793879,406,"16,44"
406,"constrained_alpha",NA,-2030.20855970488,0.479749054607151,1.25666994893843,0.291488492672866,2.50249463793879,406,"16,44"
407,"unconstrained","0",-2017.4407597982,0.487182790017439,1.30926587790678,0.319258845357247,2.56105351628202,407,"17,44"
407,"constrained_alpha",NA,-2032.67900595201,0.470303714217622,1.30926587790678,0.319258845357247,2.56105351628202,407,"17,44"
408,"unconstrained","0",-2015.29918180946,0.489325666372056,1.27320183395224,0.283685804783503,2.59306612236788,408,"18,44"
408,"constrained_alpha",NA,-2031.89855637539,0.496054658092358,1.27320183395224,0.283685804783503,2.59306612236788,408,"18,44"
409,"unconstrained","0",-2010.05298025347,0.496300931796309,1.2772507814324,0.268453550302152,2.53709682926699,409,"19,44"
409,"constrained_alpha",NA,-2027.19112791028,0.480957148915958,1.2772507814324,0.268453550302152,2.53709682926699,409,"19,44"
410,"unconstrained","0",-2016.86534171064,0.489346138906562,1.29094537213833,0.290416638724885,2.52251282238303,410,"20,44"
410,"constrained_alpha",NA,-2033.65137667961,0.475848611287809,1.29094537213833,0.290416638724885,2.52251282238303,410,"20,44"
411,"unconstrained","0",-2014.87507293186,0.487339490849896,1.26803296028515,0.273999439990083,2.51264428020704,411,"21,44"
411,"constrained_alpha",NA,-2031.6010876097,0.494667148859254,1.26803296028515,0.273999439990083,2.51264428020704,411,"21,44"
412,"unconstrained","0",-2000.5333263594,0.46557447189108,1.32596047817766,0.301165818126417,2.50621349977225,412,"22,44"
412,"constrained_alpha",NA,-2015.65744912752,0.466640663235323,1.32596047817766,0.301165818126417,2.50621349977225,412,"22,44"
413,"unconstrained","0",-2014.67788827387,0.487271521779028,1.27214956436931,0.288087473772275,2.52240306678228,413,"23,44"
413,"constrained_alpha",NA,-2029.90692217715,0.472435202186893,1.27214956436931,0.288087473772275,2.52240306678228,413,"23,44"
414,"unconstrained","0",-2011.31579756909,0.490792395081425,1.28592394803626,0.284288150893249,2.5055648155694,414,"24,44"
414,"constrained_alpha",NA,-2027.83256542485,0.478092242819976,1.28592394803626,0.284288150893249,2.5055648155694,414,"24,44"
415,"unconstrained","0",-2012.41153236029,0.485518502342963,1.27721503240429,0.281272338582837,2.50224738120913,415,"25,44"
415,"constrained_alpha",NA,-2029.78603587148,0.493940530182401,1.27721503240429,0.281272338582837,2.50224738120913,415,"25,44"
416,"unconstrained","0",-2015.42985163526,0.484822235215703,1.38179475871505,0.312038088330756,2.61496998080258,416,"26,44"
416,"constrained_alpha",NA,-2031.16863824522,0.48818978235804,1.38179475871505,0.312038088330756,2.61496998080258,416,"26,44"
417,"unconstrained","0",-2008.40960533174,0.490626130630594,1.28338557992987,0.282214079188393,2.50542599999077,417,"27,44"
417,"constrained_alpha",NA,-2024.80961555678,0.496107696487914,1.28338557992987,0.282214079188393,2.50542599999077,417,"27,44"
418,"unconstrained","0",-2016.49056151417,0.489040136353143,1.30917621785552,0.29812910639217,2.52266810057977,418,"28,44"
418,"constrained_alpha",NA,-2033.67028414428,0.477243673213765,1.30917621785552,0.29812910639217,2.52266810057977,418,"28,44"
419,"unconstrained","0",-2010.00536990463,0.491181180101775,1.27165437752152,0.281719528993684,2.53786286907576,419,"29,44"
419,"constrained_alpha",NA,-2025.54811850375,0.502561350182904,1.27165437752152,0.281719528993684,2.53786286907576,419,"29,44"
420,"unconstrained","0",-2003.12775252894,0.465502284829485,1.32500103808955,0.276033042203466,2.63327405697757,420,"30,44"
420,"constrained_alpha",NA,-2022.83806161612,0.45262408219959,1.32500103808955,0.276033042203466,2.63327405697757,420,"30,44"
421,"unconstrained","0",-2015.14154269233,0.494189422824186,1.30241999429896,0.327563002089316,2.51934960443967,421,"1,45"
421,"constrained_alpha",NA,-2029.16885449907,0.495080901585741,1.30241999429896,0.327563002089316,2.51934960443967,421,"1,45"
422,"unconstrained","0",-2011.70761163162,0.497795725361542,1.3093921915221,0.321940678494262,2.51898688294851,422,"2,45"
422,"constrained_alpha",NA,-2025.80566478753,0.496884815508135,1.3093921915221,0.321940678494262,2.51898688294851,422,"2,45"
423,"unconstrained","0",-2007.72454942063,0.500614238966565,1.33346420064417,0.317522162319072,2.50347916693331,423,"3,45"
423,"constrained_alpha",NA,-2021.8812662545,0.501215044868263,1.33346420064417,0.317522162319072,2.50347916693331,423,"3,45"
424,"unconstrained","0",-2013.85085888264,0.494130967658896,1.34539305772338,0.323587513169138,2.54197329817032,424,"4,45"
424,"constrained_alpha",NA,-2028.07624673825,0.492855924697508,1.34539305772338,0.323587513169138,2.54197329817032,424,"4,45"
425,"unconstrained","0",-2010.63264781432,0.493790072935753,1.30310564278554,0.327927085941371,2.48805208483168,425,"5,45"
425,"constrained_alpha",NA,-2026.7278958935,0.49445448641374,1.30310564278554,0.327927085941371,2.48805208483168,425,"5,45"
426,"unconstrained","0",-2013.26885745986,0.490846585501181,1.30231051219239,0.324663025415897,2.4851365515962,426,"6,45"
426,"constrained_alpha",NA,-2028.23662583876,0.48920425715805,1.30231051219239,0.324663025415897,2.4851365515962,426,"6,45"
427,"unconstrained","0",-2013.56140925319,0.493066898718427,1.29979914581871,0.322961262494567,2.61837347058785,427,"7,45"
427,"constrained_alpha",NA,-2027.59537927905,0.491457348024276,1.29979914581871,0.322961262494567,2.61837347058785,427,"7,45"
428,"unconstrained","0",-2004.71068643237,0.501645700348994,1.30000023477547,0.285166660081654,2.50375615652048,428,"8,45"
428,"constrained_alpha",NA,-2020.6117769875,0.507564034409825,1.30000023477547,0.285166660081654,2.50375615652048,428,"8,45"
429,"unconstrained","0",-2008.78162051548,0.495993644882475,1.34504805942053,0.326622693860861,2.49339102207444,429,"9,45"
429,"constrained_alpha",NA,-2023.22728065458,0.477075478986509,1.34504805942053,0.326622693860861,2.49339102207444,429,"9,45"
430,"unconstrained","0",-2011.09568857837,0.500441401224227,1.31250190215454,0.35703205338129,2.57300471095837,430,"10,45"
430,"constrained_alpha",NA,-2025.23743053053,0.500622427383968,1.31250190215454,0.35703205338129,2.57300471095837,430,"10,45"
431,"unconstrained","0",-2017.61047853793,0.491149426007898,1.30172307249849,0.323137975904574,2.50444334053436,431,"11,45"
431,"constrained_alpha",NA,-2031.75065477487,0.489774251901253,1.30172307249849,0.323137975904574,2.50444334053436,431,"11,45"
432,"unconstrained","0",-2006.45123117406,0.501645816572163,1.30728148888036,0.331693742572314,2.48462375532532,432,"12,45"
432,"constrained_alpha",NA,-2020.02332223106,0.495120742679398,1.30728148888036,0.331693742572314,2.48462375532532,432,"12,45"
433,"unconstrained","0",-2012.9110719468,0.495463864519946,1.30742363386125,0.322753675679224,2.61888654802906,433,"13,45"
433,"constrained_alpha",NA,-2027.45663449886,0.474554145049469,1.30742363386125,0.322753675679224,2.61888654802906,433,"13,45"
434,"unconstrained","0",-2012.32284539983,0.489701730373,1.30892022485935,0.31523891866922,2.51243810732159,434,"14,45"
434,"constrained_alpha",NA,-2026.66451394286,0.490603206097159,1.30892022485935,0.31523891866922,2.51243810732159,434,"14,45"
435,"unconstrained","0",-2011.89310982279,0.492638839281843,1.30347244363856,0.308831057517082,2.48755083151573,435,"15,45"
435,"constrained_alpha",NA,-2026.65634929954,0.493722108256192,1.30347244363856,0.308831057517082,2.48755083151573,435,"15,45"
436,"unconstrained","0",-2012.78005318852,0.497495068741298,1.28955354928754,0.334836954339602,2.48565968229452,436,"16,45"
436,"constrained_alpha",NA,-2027.54991011101,0.49859231027951,1.28955354928754,0.334836954339602,2.48565968229452,436,"16,45"
437,"unconstrained","0",-2016.0740620345,0.489689112434349,1.34749454497098,0.364833132284036,2.54172354646076,437,"17,45"
437,"constrained_alpha",NA,-2028.85664004226,0.491158600668954,1.34749454497098,0.364833132284036,2.54172354646076,437,"17,45"
438,"unconstrained","0",-2014.22184121195,0.492584174735907,1.306179695922,0.325657193400325,2.57245410359928,438,"18,45"
438,"constrained_alpha",NA,-2029.38266994265,0.492174125767149,1.306179695922,0.325657193400325,2.57245410359928,438,"18,45"
439,"unconstrained","0",-2009.03495494627,0.499603732500788,1.31219641003603,0.309070319364581,2.52221360636903,439,"19,45"
439,"constrained_alpha",NA,-2025.98640511591,0.50064677552949,1.31219641003603,0.309070319364581,2.52221360636903,439,"19,45"
440,"unconstrained","0",-2015.92380831078,0.492318687172546,1.32493467651177,0.333364031118371,2.50418736592937,440,"20,45"
440,"constrained_alpha",NA,-2031.26572834522,0.49740015194381,1.32493467651177,0.333364031118371,2.50418736592937,440,"20,45"
441,"unconstrained","0",-2014.00262718261,0.490754394950176,1.30070132514181,0.315191274985388,2.49688744004139,441,"21,45"
441,"constrained_alpha",NA,-2028.4511612393,0.488535032194719,1.30070132514181,0.315191274985388,2.49688744004139,441,"21,45"
442,"unconstrained","0",-1999.27824504556,0.467091313981077,1.3755774043753,0.345811590861558,2.48791602290606,442,"22,45"
442,"constrained_alpha",NA,-2012.92051260238,0.466610508031446,1.3755774043753,0.345811590861558,2.48791602290606,442,"22,45"
443,"unconstrained","0",-2013.50479133965,0.490808316728949,1.30760254146003,0.330178479515576,2.50399393137283,443,"23,45"
443,"constrained_alpha",NA,-2027.41593804156,0.489646851503776,1.30760254146003,0.330178479515576,2.50399393137283,443,"23,45"
444,"unconstrained","0",-2010.51129096455,0.494408226476231,1.31811212265376,0.326254665395461,2.48816261184085,444,"24,45"
444,"constrained_alpha",NA,-2023.830639162,0.492052539056034,1.31811212265376,0.326254665395461,2.48816261184085,444,"24,45"
445,"unconstrained","0",-2011.42573395202,0.489395851889629,1.30987016482606,0.324086579726144,2.48495929043017,445,"25,45"
445,"constrained_alpha",NA,-2026.29424755169,0.493154709693088,1.30987016482606,0.324086579726144,2.48495929043017,445,"25,45"
446,"unconstrained","0",-2013.66810069102,0.486312708526929,1.42532149178007,0.356832597560555,2.60231966797011,446,"26,45"
446,"constrained_alpha",NA,-2027.45070650927,0.483312924184054,1.42532149178007,0.356832597560555,2.60231966797011,446,"26,45"
447,"unconstrained","0",-2007.25260250352,0.494091009524024,1.31955968812001,0.323903317225922,2.48780570375235,447,"27,45"
447,"constrained_alpha",NA,-2021.20775762557,0.497678779517467,1.31955968812001,0.323903317225922,2.48780570375235,447,"27,45"
448,"unconstrained","0",-2015.52531379886,0.492170943139591,1.34154762012712,0.341970179710369,2.50455982518326,448,"28,45"
448,"constrained_alpha",NA,-2031.96769245291,0.494890553374332,1.34154762012712,0.341970179710369,2.50455982518326,448,"28,45"
449,"unconstrained","0",-2009.02144889702,0.494652062946422,1.30520858019348,0.32330897854454,2.51859961279563,449,"29,45"
449,"constrained_alpha",NA,-2022.27722160863,0.495682664823076,1.30520858019348,0.32330897854454,2.51859961279563,449,"29,45"
450,"unconstrained","0",-2002.27096430091,0.470586158848903,1.36096476482245,0.318912027043202,2.61838450852736,450,"30,45"
450,"constrained_alpha",NA,-2017.83785054406,0.468136978942979,1.36096476482245,0.318912027043202,2.61838450852736,450,"30,45"
451,"unconstrained","0",-2016.71035646535,0.491372192403722,1.32086081688912,0.369429351355011,2.51576912433972,451,"1,46"
451,"constrained_alpha",NA,-2032.91268187308,0.476437428898061,1.32086081688912,0.369429351355011,2.51576912433972,451,"1,46"
452,"unconstrained","0",-2013.41027063354,0.495381119411624,1.3294796618944,0.362906687494451,2.51550826155802,452,"2,46"
452,"constrained_alpha",NA,-2029.93919441765,0.473954397446711,1.3294796618944,0.362906687494451,2.51550826155802,452,"2,46"
453,"unconstrained","0",-2009.10607481495,0.49890804187723,1.35848931180622,0.356956061459048,2.50005282437407,453,"3,46"
453,"constrained_alpha",NA,-2023.6792397594,0.499294084613814,1.35848931180622,0.356956061459048,2.50005282437407,453,"3,46"
454,"unconstrained","0",-2015.39666889125,0.491457626248228,1.37245607782768,0.364581870009794,2.64641147456551,454,"4,46"
454,"constrained_alpha",NA,-2031.2684956312,0.473086712215253,1.37245607782768,0.364581870009794,2.64641147456551,454,"4,46"
455,"unconstrained","0",-2011.98439832427,0.490727374651111,1.32489809672318,0.371883897686518,2.48396350960374,455,"5,46"
455,"constrained_alpha",NA,-2029.9832987037,0.467529308723127,1.32489809672318,0.371883897686518,2.48396350960374,455,"5,46"
456,"unconstrained","0",-2014.83747529542,0.487827686878422,1.32275343681752,0.365283878342001,2.48053098212095,456,"6,46"
456,"constrained_alpha",NA,-2030.7197866647,0.470590024514092,1.32275343681752,0.365283878342001,2.48053098212095,456,"6,46"
457,"unconstrained","0",-2015.1615002068,0.490735454339534,1.31662953779573,0.363120935084826,2.61539277906862,457,"7,46"
457,"constrained_alpha",NA,-2030.89091340791,0.477842319600259,1.31662953779573,0.363120935084826,2.61539277906862,457,"7,46"
458,"unconstrained","0",-2006.43658342006,0.499787878009978,1.31904107591107,0.320837832768983,2.49817327129712,458,"8,46"
458,"constrained_alpha",NA,-2022.46174418402,0.485697331251711,1.31904107591107,0.320837832768983,2.49817327129712,458,"8,46"
459,"unconstrained","0",-2010.17709411285,0.49227080169781,1.37673228807125,0.367766954968371,2.84049413684322,459,"9,46"
459,"constrained_alpha",NA,-2026.51933908479,0.473865396558577,1.37673228807125,0.367766954968371,2.84049413684322,459,"9,46"
460,"unconstrained","0",-2012.84687477943,0.498114535160297,1.33184321643491,0.404953281157731,2.56981352313671,460,"10,46"
460,"constrained_alpha",NA,-2028.85339344348,0.495686240276594,1.33184321643491,0.404953281157731,2.56981352313671,460,"10,46"
461,"unconstrained","0",-2019.04279518731,0.488493084258596,1.3228688673213,0.363438339090832,2.50058083619205,461,"11,46"
461,"constrained_alpha",NA,-2035.3084178045,0.469139127901047,1.3228688673213,0.363438339090832,2.50058083619205,461,"11,46"
462,"unconstrained","0",-2008.76337348818,0.500082620827239,1.32068471177473,0.37421190238945,2.48025858609108,462,"12,46"
462,"constrained_alpha",NA,-2023.97337333555,0.477129384662508,1.32068471177473,0.37421190238945,2.48025858609108,462,"12,46"
463,"unconstrained","0",-2014.54381873172,0.493064247631371,1.3235756210188,0.363274349499888,2.60960860006813,463,"13,46"
463,"constrained_alpha",NA,-2029.83554247877,0.478110720077796,1.3235756210188,0.363274349499888,2.60960860006813,463,"13,46"
464,"unconstrained","0",-2014.04372977355,0.486162328551207,1.32584221981968,0.354422509418389,2.50638646794878,464,"14,46"
464,"constrained_alpha",NA,-2031.29482380193,0.466882913180648,1.32584221981968,0.354422509418389,2.50638646794878,464,"14,46"
465,"unconstrained","0",-2013.48641347793,0.490235507765544,1.32003516076064,0.346954413966954,2.48249885381526,465,"15,46"
465,"constrained_alpha",NA,-2030.04158095518,0.47105124477831,1.32003516076064,0.346954413966954,2.48249885381526,465,"15,46"
466,"unconstrained","0",-2014.4047192174,0.494692631054492,1.30958541076751,0.379689964043609,2.48112936086625,466,"16,46"
466,"constrained_alpha",NA,-2030.35330297409,0.475747862101987,1.30958541076751,0.379689964043609,2.48112936086625,466,"16,46"
467,"unconstrained","0",-2017.93986324473,0.487579196041036,1.36137779929679,0.413796531340914,2.53816409653851,467,"17,46"
467,"constrained_alpha",NA,-2032.04224336617,0.46777792405493,1.36137779929679,0.413796531340914,2.53816409653851,467,"17,46"
468,"unconstrained","0",-2015.81101046975,0.490321341879573,1.32622381587021,0.366573359522244,2.56943925742245,468,"18,46"
468,"constrained_alpha",NA,-2032.18363025022,0.469639237383994,1.32622381587021,0.366573359522244,2.56943925742245,468,"18,46"
469,"unconstrained","0",-2010.37179781654,0.497306263099142,1.33424794119822,0.347160494328317,2.51577174936368,469,"19,46"
469,"constrained_alpha",NA,-2027.50929611329,0.47940683763041,1.33424794119822,0.347160494328317,2.51577174936368,469,"19,46"
470,"unconstrained","0",-2017.27460630797,0.489896867947447,1.3496392490699,0.376658649745924,2.50041831373749,470,"20,46"
470,"constrained_alpha",NA,-2034.80488011668,0.471627084270801,1.3496392490699,0.376658649745924,2.50041831373749,470,"20,46"
471,"unconstrained","0",-2015.44513712316,0.488140559718718,1.32111356531905,0.354300118033947,2.49143148231666,471,"21,46"
471,"constrained_alpha",NA,-2032.0791368021,0.468544719565412,1.32111356531905,0.354300118033947,2.49143148231666,471,"21,46"
472,"unconstrained","0",-2001.10363858929,0.466315625398475,1.38142330736489,0.390654528880005,2.48443484991435,472,"22,46"
472,"constrained_alpha",NA,-2015.79343650405,0.45464807995755,1.38142330736489,0.390654528880005,2.48443484991435,472,"22,46"
473,"unconstrained","0",-2015.12592757147,0.48819139177821,1.32557947143317,0.371310600312438,2.50032017478349,473,"23,46"
473,"constrained_alpha",NA,-2032.06789018794,0.463065701243857,1.32557947143317,0.371310600312438,2.50032017478349,473,"23,46"
474,"unconstrained","0",-2011.72945209698,0.491521623479061,1.33966194058988,0.367152347383935,2.48402439392086,474,"24,46"
474,"constrained_alpha",NA,-2027.98644947696,0.475893143461246,1.33966194058988,0.367152347383935,2.48402439392086,474,"24,46"
475,"unconstrained","0",-2012.96907103534,0.486564367532993,1.33050863320581,0.365508625551131,2.48077359912655,475,"25,46"
475,"constrained_alpha",NA,-2029.29189908949,0.471200366643571,1.33050863320581,0.365508625551131,2.48077359912655,475,"25,46"
476,"unconstrained","0",-2015.62377422489,0.485671125240378,1.4474658130671,0.404515663017335,2.68846964831986,476,"26,46"
476,"constrained_alpha",NA,-2029.88227079232,0.467436676671136,1.4474658130671,0.404515663017335,2.68846964831986,476,"26,46"
477,"unconstrained","0",-2008.91996348108,0.491485033547139,1.33813474853704,0.364253223894316,2.48381127466882,477,"27,46"
477,"constrained_alpha",NA,-2026.1392979101,0.468240743055924,1.33813474853704,0.364253223894316,2.48381127466882,477,"27,46"
478,"unconstrained","0",-2016.81711697089,0.489737086412478,1.36929109715781,0.387813178565211,2.50061572330635,478,"28,46"
478,"constrained_alpha",NA,-2033.84889910089,0.472235675141936,1.36929109715781,0.387813178565211,2.50061572330635,478,"28,46"
479,"unconstrained","0",-2010.47639809469,0.491909914828261,1.32852038231741,0.363516495804674,2.51536005416488,479,"29,46"
479,"constrained_alpha",NA,-2025.08308827045,0.494259872614498,1.32852038231741,0.363516495804674,2.51536005416488,479,"29,46"
480,"unconstrained","0",-2003.6265234476,0.466192864130473,1.37925828588279,0.360505995245509,2.61042610755599,480,"30,46"
480,"constrained_alpha",NA,-2021.69157431058,0.453632657326906,1.37925828588279,0.360505995245509,2.61042610755599,480,"30,46"
481,"unconstrained","0",-2002.48020215941,0.482792822382912,1.39380312277046,0.358965819187895,2.59075369680858,481,"1,47"
481,"constrained_alpha",NA,-2018.88414655052,0.464516731660635,1.39380312277046,0.358965819187895,2.59075369680858,481,"1,47"
482,"unconstrained","0",-1999.04807450549,0.487353685436734,1.40955103381756,0.352231449122009,2.59031556485717,482,"2,47"
482,"constrained_alpha",NA,-2013.53403585693,0.466846626278695,1.40955103381756,0.352231449122009,2.59031556485717,482,"2,47"
483,"unconstrained","0",-1995.40286064237,0.490016239895419,1.42257740917984,0.346496048613339,2.57381900402198,483,"3,47"
483,"constrained_alpha",NA,-2009.33421410197,0.474355462855657,1.42257740917984,0.346496048613339,2.57381900402198,483,"3,47"
484,"unconstrained","0",-2001.23570406283,0.482707518150263,1.43966816789289,0.356104214932189,2.6146593291265,484,"4,47"
484,"constrained_alpha",NA,-2017.24143899729,0.464972398957686,1.43966816789289,0.356104214932189,2.6146593291265,484,"4,47"
485,"unconstrained","0",-1997.81214158232,0.482520779727785,1.39431640355551,0.357311655834855,2.5575856442945,485,"5,47"
485,"constrained_alpha",NA,-2014.18901298976,0.470598350436448,1.39431640355551,0.357311655834855,2.5575856442945,485,"5,47"
486,"unconstrained","0",-2000.56223032002,0.478930463804041,1.3907280561428,0.35592051183863,2.55459147063394,486,"6,47"
486,"constrained_alpha",NA,-2016.80852437216,0.461360794062157,1.3907280561428,0.35592051183863,2.55459147063394,486,"6,47"
487,"unconstrained","0",-2000.90512455651,0.482230286549678,1.38512561670992,0.353461881071109,2.69528533657692,487,"7,47"
487,"constrained_alpha",NA,-2016.56527898969,0.464894902841385,1.38512561670992,0.353461881071109,2.69528533657692,487,"7,47"
488,"unconstrained","0",-1991.97998876721,0.492459033575823,1.39946720668891,0.308082788252957,2.57488212190403,488,"8,47"
488,"constrained_alpha",NA,-2006.91140038032,0.478901512808074,1.39946720668891,0.308082788252957,2.57488212190403,488,"8,47"
489,"unconstrained","0",-1996.08600384222,0.484313743504241,1.43823184764162,0.358463418558782,2.63628554566771,489,"9,47"
489,"constrained_alpha",NA,-2011.60482827874,0.467653869007153,1.43823184764162,0.358463418558782,2.63628554566771,489,"9,47"
490,"unconstrained","0",-1998.6507541889,0.489150575150983,1.40684429070928,0.39540063319371,2.64768205855077,490,"10,47"
490,"constrained_alpha",NA,-2014.14589268757,0.471280032657782,1.40684429070928,0.39540063319371,2.64768205855077,490,"10,47"
491,"unconstrained","0",-2004.84444975812,0.479930621434226,1.39141387325084,0.354161111246263,2.57497913195419,491,"11,47"
491,"constrained_alpha",NA,-2019.46099354906,0.467427455487777,1.39141387325084,0.354161111246263,2.57497913195419,491,"11,47"
492,"unconstrained","0",-1994.34411881532,0.491646045854595,1.39399637166033,0.362443386594223,2.55391897124758,492,"12,47"
492,"constrained_alpha",NA,-2007.93437572646,0.47406066599821,1.39399637166033,0.362443386594223,2.55391897124758,492,"12,47"
493,"unconstrained","0",-2000.12254775195,0.485732460025844,1.3947183876688,0.353897296753787,2.69878778009957,493,"13,47"
493,"constrained_alpha",NA,-2013.8723220693,0.471564506851051,1.3947183876688,0.353897296753787,2.69878778009957,493,"13,47"
494,"unconstrained","0",-1999.85130058338,0.477028973123444,1.39677221386102,0.344501410851672,2.58407056070825,494,"14,47"
494,"constrained_alpha",NA,-2015.26729154058,0.46157375958835,1.39677221386102,0.344501410851672,2.58407056070825,494,"14,47"
495,"unconstrained","0",-1999.18872577736,0.481431823228895,1.39544326818369,0.336344434225616,2.55736061166285,495,"15,47"
495,"constrained_alpha",NA,-2014.79284622046,0.463411227119609,1.39544326818369,0.336344434225616,2.55736061166285,495,"15,47"
496,"unconstrained","0",-2000.09386453675,0.486865725636468,1.37777332469104,0.366341179500695,2.55512484942769,496,"16,47"
496,"constrained_alpha",NA,-2014.68985688898,0.469555682969284,1.37777332469104,0.366341179500695,2.55512484942769,496,"16,47"
497,"unconstrained","0",-2003.40336649921,0.479178005484794,1.45100157210936,0.405785560858902,2.61462735826127,497,"17,47"
497,"constrained_alpha",NA,-2017.27931694581,0.461284023688655,1.45100157210936,0.405785560858902,2.61462735826127,497,"17,47"
498,"unconstrained","0",-2001.62295534164,0.481413915809235,1.39534007125683,0.357146386722152,2.64694250287971,498,"18,47"
498,"constrained_alpha",NA,-2017.56544387222,0.460765602791218,1.39534007125683,0.357146386722152,2.64694250287971,498,"18,47"
499,"unconstrained","0",-1996.21316874018,0.489822389039882,1.40087332570526,0.336549723676904,2.59462998456202,499,"19,47"
499,"constrained_alpha",NA,-2012.72781168995,0.470199711850572,1.40087332570526,0.336549723676904,2.59462998456202,499,"19,47"
500,"unconstrained","0",-2003.09755244523,0.481288693328255,1.41813023818718,0.365929324041974,2.57475316709033,500,"20,47"
500,"constrained_alpha",NA,-2019.11202915478,0.464274371156052,1.41813023818718,0.365929324041974,2.57475316709033,500,"20,47"
501,"unconstrained","0",-2001.18628966077,0.479860321575104,1.39351641105434,0.34439657119621,2.56747260716095,501,"21,47"
501,"constrained_alpha",NA,-2016.44671322484,0.465166856393045,1.39351641105434,0.34439657119621,2.56747260716095,501,"21,47"
502,"unconstrained","0",-1986.52708454538,0.455346957732851,1.45996581724506,0.380996993196889,2.55772518732869,502,"22,47"
502,"constrained_alpha",NA,-1999.997909667,0.445725965495306,1.45996581724506,0.380996993196889,2.55772518732869,502,"22,47"
503,"unconstrained","0",-2000.80825444128,0.479352486390208,1.39502879332597,0.363311450771647,2.57439507267686,503,"23,47"
503,"constrained_alpha",NA,-2014.75956042638,0.468153260512155,1.39502879332597,0.363311450771647,2.57439507267686,503,"23,47"
504,"unconstrained","0",-1997.13621017682,0.48367534104184,1.41617334672735,0.358224882824478,2.55771648000219,504,"24,47"
504,"constrained_alpha",NA,-2012.38987935261,0.470561203023964,1.41617334672735,0.358224882824478,2.55771648000219,504,"24,47"
505,"unconstrained","0",-1998.4217589148,0.477688211143429,1.41172986558245,0.356305487748347,2.55456367799023,505,"25,47"
505,"constrained_alpha",NA,-2014.54891054366,0.46426702982598,1.41172986558245,0.356305487748347,2.55456367799023,505,"25,47"
506,"unconstrained","0",-2001.26581209134,0.476665054505776,1.52265130244382,0.395369934990204,2.68100441231997,506,"26,47"
506,"constrained_alpha",NA,-2013.51133574535,0.464136336389538,1.52265130244382,0.395369934990204,2.68100441231997,506,"26,47"
507,"unconstrained","0",-1994.60664304358,0.482956472922964,1.41361633137644,0.354759906145817,2.55743692393715,507,"27,47"
507,"constrained_alpha",NA,-2010.23296615708,0.466706293722909,1.41361633137644,0.354759906145817,2.55743692393715,507,"27,47"
508,"unconstrained","0",-2002.70715050027,0.480877512552989,1.43830621589556,0.375684715995879,2.57510599048376,508,"28,47"
508,"constrained_alpha",NA,-2019.06510038505,0.465616596169421,1.43830621589556,0.375684715995879,2.57510599048376,508,"28,47"
509,"unconstrained","0",-1996.36518527245,0.483950195249892,1.39818674345092,0.353612013299505,2.59006395446479,509,"29,47"
509,"constrained_alpha",NA,-2011.81107966835,0.465774590816541,1.39818674345092,0.353612013299505,2.59006395446479,509,"29,47"
510,"unconstrained","0",-1989.21847818319,0.456975477016226,1.45477948519158,0.347967611981196,2.69794929721357,510,"30,47"
510,"constrained_alpha",NA,-2006.6175511434,0.44052772926922,1.45477948519158,0.347967611981196,2.69794929721357,510,"30,47"
511,"unconstrained","0",-2018.84827420927,0.48740451010843,1.30426239569268,0.3307450388489,2.74150471949588,511,"1,48"
511,"constrained_alpha",NA,-2038.07143267947,0.492262229151353,1.30426239569268,0.3307450388489,2.74150471949588,511,"1,48"
512,"unconstrained","0",-2015.58523369253,0.491436243891717,1.30927604814884,0.324919201515804,2.74135480855955,512,"2,48"
512,"constrained_alpha",NA,-2033.7545739735,0.495105679252702,1.30927604814884,0.324919201515804,2.74135480855955,512,"2,48"
513,"unconstrained","0",-2011.5838700408,0.494800386650318,1.33527777704823,0.321163288388831,2.72320170033628,513,"3,48"
513,"constrained_alpha",NA,-2028.92654993786,0.502584193195339,1.33527777704823,0.321163288388831,2.72320170033628,513,"3,48"
514,"unconstrained","0",-2017.69677400824,0.487709381481338,1.34360500903813,0.326279712952236,2.76769178210049,514,"4,48"
514,"constrained_alpha",NA,-2036.99913025787,0.494347858801312,1.34360500903813,0.326279712952236,2.76769178210049,514,"4,48"
515,"unconstrained","0",-2014.32000049157,0.486948069952663,1.30269751403207,0.331984350845036,2.7037834464757,515,"5,48"
515,"constrained_alpha",NA,-2032.74906981682,0.494140763977806,1.30269751403207,0.331984350845036,2.7037834464757,515,"5,48"
516,"unconstrained","0",-2017.09764348243,0.483846813026807,1.30215259890833,0.327793235924836,2.69932243810577,516,"6,48"
516,"constrained_alpha",NA,-2034.57358551383,0.488382557899697,1.30215259890833,0.327793235924836,2.69932243810577,516,"6,48"
517,"unconstrained","0",-2017.35305568381,0.486686974026709,1.30215855740009,0.326501715034964,2.85701450805495,517,"7,48"
517,"constrained_alpha",NA,-2035.23251806993,0.488663959877064,1.30215855740009,0.326501715034964,2.85701450805495,517,"7,48"
518,"unconstrained","0",-2008.67306125351,0.495919325900899,1.29958231002734,0.288855248586973,2.71922749609237,518,"8,48"
518,"constrained_alpha",NA,-2025.36234812805,0.502841526132044,1.29958231002734,0.288855248586973,2.71922749609237,518,"8,48"
519,"unconstrained","0",-2012.62010700696,0.489105144835823,1.34075351731093,0.329754892660425,2.7110387842,519,"9,48"
519,"constrained_alpha",NA,-2031.85173988776,0.469712985080043,1.34075351731093,0.329754892660425,2.7110387842,519,"9,48"
520,"unconstrained","0",-2015.06938135687,0.494233397195293,1.31348461000833,0.360808039188804,2.80440977936076,520,"10,48"
520,"constrained_alpha",NA,-2032.41743417189,0.497525444982818,1.31348461000833,0.360808039188804,2.80440977936076,520,"10,48"
521,"unconstrained","0",-2021.28703078387,0.484396262483751,1.30485765738384,0.326187613912467,2.72351737030194,521,"11,48"
521,"constrained_alpha",NA,-2038.8662999722,0.4924087533253,1.30485765738384,0.326187613912467,2.72351737030194,521,"11,48"
522,"unconstrained","0",-2011.08096726559,0.496044502517206,1.30227295845816,0.336632061386062,2.69923297897772,522,"12,48"
522,"constrained_alpha",NA,-2026.74080160306,0.494523654938881,1.30227295845816,0.336632061386062,2.69923297897772,522,"12,48"
523,"unconstrained","0",-2016.78079763449,0.489252892358814,1.30814555579115,0.325782103303816,2.8487940363918,523,"13,48"
523,"constrained_alpha",NA,-2032.4854781813,0.480026352652441,1.30814555579115,0.325782103303816,2.8487940363918,523,"13,48"
524,"unconstrained","0",-2016.23525186382,0.482134967606499,1.30946641879229,0.318485955867788,2.72857323170475,524,"14,48"
524,"constrained_alpha",NA,-2035.11485744233,0.488305736866545,1.30946641879229,0.318485955867788,2.72857323170475,524,"14,48"
525,"unconstrained","0",-2015.69259310805,0.486165977949077,1.30359656991555,0.312345945389315,2.70122488072769,525,"15,48"
525,"constrained_alpha",NA,-2033.79545429982,0.493541552413262,1.30359656991555,0.312345945389315,2.70122488072769,525,"15,48"
526,"unconstrained","0",-2016.62846865221,0.490994157254984,1.29168801862253,0.33880615636591,2.7000900906491,526,"16,48"
526,"constrained_alpha",NA,-2034.80611559767,0.473219199649445,1.29168801862253,0.33880615636591,2.7000900906491,526,"16,48"
527,"unconstrained","0",-2020.38630102809,0.483813627287071,1.34328587867764,0.368543403187422,2.76760675073367,527,"17,48"
527,"constrained_alpha",NA,-2036.41524587015,0.488317650410709,1.34328587867764,0.368543403187422,2.76760675073367,527,"17,48"
528,"unconstrained","0",-2017.93530758808,0.48623242239311,1.30972731709431,0.32861696346875,2.80415260572075,528,"18,48"
528,"constrained_alpha",NA,-2036.73593433062,0.48746529508377,1.30972731709431,0.32861696346875,2.80415260572075,528,"18,48"
529,"unconstrained","0",-2012.83287584637,0.493118420317582,1.31191446768212,0.312607027482036,2.73931472296657,529,"19,48"
529,"constrained_alpha",NA,-2030.82461227412,0.498692326938679,1.31191446768212,0.312607027482036,2.73931472296657,529,"19,48"
530,"unconstrained","0",-2019.57893843735,0.486013531517122,1.32660719007333,0.336717547694152,2.72345057842505,530,"20,48"
530,"constrained_alpha",NA,-2038.98927196164,0.494434493907497,1.32660719007333,0.336717547694152,2.72345057842505,530,"20,48"
531,"unconstrained","0",-2017.72975880453,0.483987820662908,1.30243451572648,0.318372614103628,2.71138096806977,531,"21,48"
531,"constrained_alpha",NA,-2035.34681664594,0.489901703030892,1.30243451572648,0.318372614103628,2.71138096806977,531,"21,48"
532,"unconstrained","0",-2003.27100213438,0.461833899421266,1.36469447638459,0.349852232487419,2.70476939658008,532,"22,48"
532,"constrained_alpha",NA,-2018.13979647552,0.470758685009538,1.36469447638459,0.349852232487419,2.70476939658008,532,"22,48"
533,"unconstrained","0",-2017.39529992534,0.48403409584328,1.30752998743603,0.333196650429368,2.72337069713891,533,"23,48"
533,"constrained_alpha",NA,-2035.03715325133,0.486167715987194,1.30752998743603,0.333196650429368,2.72337069713891,533,"23,48"
534,"unconstrained","0",-2013.92748705781,0.487526736619941,1.32201707461176,0.329126154240334,2.70381335369185,534,"24,48"
534,"constrained_alpha",NA,-2033.45921993301,0.470732373694014,1.32201707461176,0.329126154240334,2.70381335369185,534,"24,48"
535,"unconstrained","0",-2015.23187280434,0.482418176467456,1.31130934346909,0.326922118122259,2.69995552401645,535,"25,48"
535,"constrained_alpha",NA,-2033.31479841266,0.49481575398823,1.31130934346909,0.326922118122259,2.69995552401645,535,"25,48"
536,"unconstrained","0",-2018.09651895949,0.481152605448728,1.41798605870417,0.360581197330691,2.82901179409776,536,"26,48"
536,"constrained_alpha",NA,-2033.85998150532,0.484681860938249,1.41798605870417,0.360581197330691,2.82901179409776,536,"26,48"
537,"unconstrained","0",-2011.20282712222,0.487391899750377,1.31780904415722,0.32720467460387,2.70371728193706,537,"27,48"
537,"constrained_alpha",NA,-2029.50591648969,0.496798050565178,1.31780904415722,0.32720467460387,2.70371728193706,537,"27,48"
538,"unconstrained","0",-2019.15418649487,0.485798516170076,1.3444917019736,0.345867692114927,2.72355917533502,538,"28,48"
538,"constrained_alpha",NA,-2039.90286491064,0.489183765896479,1.3444917019736,0.345867692114927,2.72355917533502,538,"28,48"
539,"unconstrained","0",-2012.83866876611,0.487994326359818,1.30629177683627,0.326878346145756,2.74123079377956,539,"29,48"
539,"constrained_alpha",NA,-2030.21752358567,0.492001902603707,1.30629177683627,0.326878346145756,2.74123079377956,539,"29,48"
540,"unconstrained","0",-2005.62734474981,0.46182746122375,1.3664718352278,0.322183711415384,2.85102840853888,540,"30,48"
540,"constrained_alpha",NA,-2027.31560030094,0.466313300849239,1.3664718352278,0.322183711415384,2.85102840853888,540,"30,48"
541,"unconstrained","0",-1999.62713829805,0.499265618902097,1.34139252055852,0.325752757492472,2.50892952311016,541,"1,49"
541,"constrained_alpha",NA,-2013.91079256576,0.504329852482602,1.34139252055852,0.325752757492472,2.50892952311016,541,"1,49"
542,"unconstrained","0",-1996.19350082125,0.5033060064592,1.35562936283352,0.319900947862599,2.50875337898816,542,"2,49"
542,"constrained_alpha",NA,-2009.93389347427,0.504684316434602,1.35562936283352,0.319900947862599,2.50875337898816,542,"2,49"
543,"unconstrained","0",-1991.96974209822,0.506644858450733,1.42176996154344,0.313972344660092,2.49342161921577,543,"3,49"
543,"constrained_alpha",NA,-2005.42023659056,0.510322866291933,1.42176996154344,0.313972344660092,2.49342161921577,543,"3,49"
544,"unconstrained","0",-1998.34122591119,0.499442268220837,1.39691662245849,0.321599622825301,2.74534523424652,544,"4,49"
544,"constrained_alpha",NA,-2012.8484178485,0.502689485656608,1.39691662245849,0.321599622825301,2.74534523424652,544,"4,49"
545,"unconstrained","0",-1995.16549853107,0.498953991405145,1.34906840432466,0.327074123601149,2.47696388283577,545,"5,49"
545,"constrained_alpha",NA,-2010.34943174666,0.502339068603787,1.34906840432466,0.327074123601149,2.47696388283577,545,"5,49"
546,"unconstrained","0",-1997.95224900061,0.495620581857862,1.34644301460924,0.322097675846605,2.47330831542374,546,"6,49"
546,"constrained_alpha",NA,-2012.6920019466,0.500882872455767,1.34644301460924,0.322097675846605,2.47330831542374,546,"6,49"
547,"unconstrained","0",-1998.17516683634,0.498557433856195,1.34407182210001,0.319349944253429,2.60862194254206,547,"7,49"
547,"constrained_alpha",NA,-2012.0761384513,0.500505242529777,1.34407182210001,0.319349944253429,2.60862194254206,547,"7,49"
548,"unconstrained","0",-1989.13806364377,0.507273048886333,1.34545609724969,0.281544276631972,2.49032942097452,548,"8,49"
548,"constrained_alpha",NA,-2000.68721457038,0.495790848555376,1.34545609724969,0.281544276631972,2.49032942097452,548,"8,49"
549,"unconstrained","0",-1993.45020189582,0.500815822643859,1.39709955518906,0.324069874310473,2.84628915830839,549,"9,49"
549,"constrained_alpha",NA,-2008.04172134283,0.506659491805622,1.39709955518906,0.324069874310473,2.84628915830839,549,"9,49"
550,"unconstrained","0",-1995.84954412766,0.505792374196656,1.35264101249973,0.35587893806977,2.56291410859037,550,"10,49"
550,"constrained_alpha",NA,-2010.36433739791,0.504353348899998,1.35264101249973,0.35587893806977,2.56291410859037,550,"10,49"
551,"unconstrained","0",-2002.09505210359,0.496387544468978,1.34401417616587,0.320649827049952,2.49366847988356,551,"11,49"
551,"constrained_alpha",NA,-2016.26486957582,0.500474076631763,1.34401417616587,0.320649827049952,2.49366847988356,551,"11,49"
552,"unconstrained","0",-1991.8100156635,0.507553536504654,1.35035665167122,0.326737173245952,2.47316354637884,552,"12,49"
552,"constrained_alpha",NA,-2004.49938202939,0.510391563675455,1.35035665167122,0.326737173245952,2.47316354637884,552,"12,49"
553,"unconstrained","0",-1997.45519112114,0.501505869625428,1.34866814917784,0.320560818173272,2.59924675061892,553,"13,49"
553,"constrained_alpha",NA,-2010.64215755855,0.487675464185593,1.34866814917784,0.320560818173272,2.59924675061892,553,"13,49"
554,"unconstrained","0",-1997.1436673747,0.49374864839353,1.35204079590134,0.312596231123974,2.49826651161929,554,"14,49"
554,"constrained_alpha",NA,-2011.60659821102,0.496208648362165,1.35204079590134,0.312596231123974,2.49826651161929,554,"14,49"
555,"unconstrained","0",-1996.09499680541,0.497995241756268,1.34625492105966,0.305475087143562,2.47503005381565,555,"15,49"
555,"constrained_alpha",NA,-2011.01560575628,0.5009208318274,1.34625492105966,0.305475087143562,2.47503005381565,555,"15,49"
556,"unconstrained","0",-1997.3109528307,0.502907545030686,1.33248604432213,0.333853556295789,2.47392809433656,556,"16,49"
556,"constrained_alpha",NA,-2012.11595192316,0.504966379937934,1.33248604432213,0.333853556295789,2.47392809433656,556,"16,49"
557,"unconstrained","0",-2001.09496397134,0.495234617767857,1.38508233690012,0.363590038595746,2.53129552360033,557,"17,49"
557,"constrained_alpha",NA,-2013.52382489951,0.497842393016808,1.38508233690012,0.363590038595746,2.53129552360033,557,"17,49"
558,"unconstrained","0",-1998.84945896078,0.498153447055034,1.35152373267127,0.323178804220119,2.56270840879715,558,"18,49"
558,"constrained_alpha",NA,-2011.91444386161,0.501687272832763,1.35152373267127,0.323178804220119,2.56270840879715,558,"18,49"
559,"unconstrained","0",-1993.32682632069,0.505468475232914,1.36218133508675,0.305727076724367,2.50737136359006,559,"19,49"
559,"constrained_alpha",NA,-2007.55410698873,0.508222445015189,1.36218133508675,0.305727076724367,2.50737136359006,559,"19,49"
560,"unconstrained","0",-2000.44929129997,0.4980519890338,1.36969343247451,0.331862038610002,2.49357079280605,560,"20,49"
560,"constrained_alpha",NA,-2017.09875362563,0.502224508077509,1.36969343247451,0.331862038610002,2.49357079280605,560,"20,49"
561,"unconstrained","0",-1998.27463218054,0.496520072968361,1.34242016998167,0.312505900849463,2.48369044215161,561,"21,49"
561,"constrained_alpha",NA,-2012.63449759055,0.503112980034979,1.34242016998167,0.312505900849463,2.48369044215161,561,"21,49"
562,"unconstrained","0",-1984.27880486103,0.475546897064845,1.40722095856233,0.341723542128661,2.47777089032477,562,"22,49"
562,"constrained_alpha",NA,-1997.56880100471,0.482484799781483,1.40722095856233,0.341723542128661,2.47777089032477,562,"22,49"
563,"unconstrained","0",-1998.06864087244,0.495944162146461,1.35109389483755,0.326740181777249,2.49350015528303,563,"23,49"
563,"constrained_alpha",NA,-2010.84968053648,0.499560376239748,1.35109389483755,0.326740181777249,2.49350015528303,563,"23,49"
564,"unconstrained","0",-1994.50748119055,0.499672018381793,1.36717625381738,0.323619778405255,2.47699411466934,564,"24,49"
564,"constrained_alpha",NA,-2010.79348262103,0.507028853649126,1.36717625381738,0.323619778405255,2.47699411466934,564,"24,49"
565,"unconstrained","0",-1995.76184351176,0.49472468926756,1.35396452729147,0.32234459414335,2.47374965817371,565,"25,49"
565,"constrained_alpha",NA,-2010.88173807958,0.498685643815566,1.35396452729147,0.32234459414335,2.47374965817371,565,"25,49"
566,"unconstrained","0",-1998.61479496654,0.493094681225157,1.48447780622445,0.355503162021007,2.80693542011391,566,"26,49"
566,"constrained_alpha",NA,-2010.21432990655,0.498224482312479,1.48447780622445,0.355503162021007,2.80693542011391,566,"26,49"
567,"unconstrained","0",-1991.45854567099,0.498760622025467,1.36908546409298,0.320950061186398,2.4768724187756,567,"27,49"
567,"constrained_alpha",NA,-2007.77574315423,0.501434499996444,1.36908546409298,0.320950061186398,2.4768724187756,567,"27,49"
568,"unconstrained","0",-1999.9554277688,0.497600495446972,1.39601239909394,0.340864650219669,2.49372949132151,568,"28,49"
568,"constrained_alpha",NA,-2014.1494514193,0.499153540001975,1.39601239909394,0.340864650219669,2.49372949132151,568,"28,49"
569,"unconstrained","0",-1993.03531896117,0.500321182127051,1.35557456894542,0.319821449036308,2.5086575684075,569,"29,49"
569,"constrained_alpha",NA,-2007.06058920897,0.505748458832683,1.35557456894542,0.319821449036308,2.5086575684075,569,"29,49"
570,"unconstrained","0",-1986.78371148174,0.4759648952535,1.40392354611582,0.317870855531853,2.60073649698396,570,"30,49"
570,"constrained_alpha",NA,-2004.02920584633,0.478509710060386,1.40392354611582,0.317870855531853,2.60073649698396,570,"30,49"
571,"unconstrained","0",-2015.30533232755,0.485713141445149,1.29667029380018,0.329900058935762,2.57402841655715,571,"1,50"
571,"constrained_alpha",NA,-2033.83027712231,0.492557527333606,1.29667029380018,0.329900058935762,2.57402841655715,571,"1,50"
572,"unconstrained","0",-2012.01142226046,0.489617642179371,1.30189029648797,0.324211375938685,2.57350725292835,572,"2,50"
572,"constrained_alpha",NA,-2029.43612803625,0.496450900657939,1.30189029648797,0.324211375938685,2.57350725292835,572,"2,50"
573,"unconstrained","0",-2007.85766193552,0.49284004120563,1.32463847133248,0.319634141977729,2.55749945083565,573,"3,50"
573,"constrained_alpha",NA,-2024.59712361085,0.498937752530526,1.32463847133248,0.319634141977729,2.55749945083565,573,"3,50"
574,"unconstrained","0",-2014.08368904414,0.485995903366278,1.33785491477333,0.325849472372234,2.59772249444777,574,"4,50"
574,"constrained_alpha",NA,-2031.783123188,0.490467653565402,1.33785491477333,0.325849472372234,2.59772249444777,574,"4,50"
575,"unconstrained","0",-2010.69569268245,0.485243215414595,1.29621741479837,0.330348512548775,2.54176171173515,575,"5,50"
575,"constrained_alpha",NA,-2029.38204516944,0.496017602269409,1.29621741479837,0.330348512548775,2.54176171173515,575,"5,50"
576,"unconstrained","0",-2013.41591463987,0.482095339437096,1.2954604080202,0.326948225127445,2.53909174694516,576,"6,50"
576,"constrained_alpha",NA,-2031.72045060262,0.487612895532701,1.2954604080202,0.326948225127445,2.53909174694516,576,"6,50"
577,"unconstrained","0",-2013.73201290358,0.485138359797836,1.2934570189968,0.325183692475827,2.67677301557747,577,"7,50"
577,"constrained_alpha",NA,-2030.84444596635,0.496180018798504,1.2934570189968,0.325183692475827,2.67677301557747,577,"7,50"
578,"unconstrained","0",-2005.07998342808,0.494779226990407,1.29269898105339,0.286919324422867,2.55948457051683,578,"8,50"
578,"constrained_alpha",NA,-2021.26648791218,0.486795389383078,1.29269898105339,0.286919324422867,2.55948457051683,578,"8,50"
579,"unconstrained","0",-2008.93130382146,0.487411743166669,1.33594479726658,0.328975750478507,2.54687104730799,579,"9,50"
579,"constrained_alpha",NA,-2027.17509853404,0.468494723466974,1.33594479726658,0.328975750478507,2.54687104730799,579,"9,50"
580,"unconstrained","0",-2011.45435484783,0.492646098685461,1.30445547454722,0.359825573866504,2.62996264435211,580,"10,50"
580,"constrained_alpha",NA,-2029.4077757782,0.496172987810801,1.30445547454722,0.359825573866504,2.62996264435211,580,"10,50"
581,"unconstrained","0",-2017.72476506301,0.482854355489194,1.29649235749932,0.325367543130292,2.55870482343654,581,"11,50"
581,"constrained_alpha",NA,-2034.76175243444,0.489846692314504,1.29649235749932,0.325367543130292,2.55870482343654,581,"11,50"
582,"unconstrained","0",-2007.38985264049,0.494723654822678,1.2953697144705,0.334087587332668,2.53834409547,582,"12,50"
582,"constrained_alpha",NA,-2022.66480945133,0.49409174876153,1.2953697144705,0.334087587332668,2.53834409547,582,"12,50"
583,"unconstrained","0",-2013.1014615946,0.487816407323777,1.30073691935653,0.325020345964332,2.68355830546832,583,"13,50"
583,"constrained_alpha",NA,-2029.8352032052,0.476731634214005,1.30073691935653,0.325020345964332,2.68355830546832,583,"13,50"
584,"unconstrained","0",-2012.53726473311,0.480414042295299,1.30220921366292,0.317408824289749,2.568910687573,584,"14,50"
584,"constrained_alpha",NA,-2030.47728291497,0.491343369925847,1.30220921366292,0.317408824289749,2.568910687573,584,"14,50"
585,"unconstrained","0",-2011.93742052395,0.484456379335213,1.29831912664099,0.31086310219543,2.54201772938763,585,"15,50"
585,"constrained_alpha",NA,-2030.0773141029,0.49277552647566,1.29831912664099,0.31086310219543,2.54201772938763,585,"15,50"
586,"unconstrained","0",-2013.09604332301,0.489793559980252,1.28333405042579,0.337335699094106,2.53960349050589,586,"16,50"
586,"constrained_alpha",NA,-2029.23626515568,0.480800096413186,1.28333405042579,0.337335699094106,2.53960349050589,586,"16,50"
587,"unconstrained","0",-2016.48203929314,0.48200893774245,1.34132757503567,0.367765937902837,2.59738240969414,587,"17,50"
587,"constrained_alpha",NA,-2032.10512413574,0.469843208750177,1.34132757503567,0.367765937902837,2.59738240969414,587,"17,50"
588,"unconstrained","0",-2014.39531194221,0.484679587662099,1.30090216422264,0.327917539782746,2.62914179216315,588,"18,50"
588,"constrained_alpha",NA,-2032.68773700224,0.488464608825334,1.30090216422264,0.327917539782746,2.62914179216315,588,"18,50"
589,"unconstrained","0",-2009.18383760885,0.491593929901811,1.30492963741529,0.311095598506679,2.57955725601153,589,"19,50"
589,"constrained_alpha",NA,-2028.23608850024,0.476999406927342,1.30492963741529,0.311095598506679,2.57955725601153,589,"19,50"
590,"unconstrained","0",-2016.10824124067,0.484463078526044,1.31786141385593,0.335800657944458,2.55836826515768,590,"20,50"
590,"constrained_alpha",NA,-2033.67588794407,0.475034726181331,1.31786141385593,0.335800657944458,2.55836826515768,590,"20,50"
591,"unconstrained","0",-2014.04418676728,0.48215645241317,1.29634924771212,0.317332904739627,2.55214725710749,591,"21,50"
591,"constrained_alpha",NA,-2032.55948238431,0.486530421145567,1.29634924771212,0.317332904739627,2.55214725710749,591,"21,50"
592,"unconstrained","0",-1999.5074209666,0.459991035527426,1.35747072632657,0.348400832614783,2.54147346955573,592,"22,50"
592,"constrained_alpha",NA,-2015.95257475151,0.466856996833222,1.35747072632657,0.348400832614783,2.54147346955573,592,"22,50"
593,"unconstrained","0",-2013.7430708833,0.482440273899024,1.3002441476831,0.332496880001572,2.55808276637943,593,"23,50"
593,"constrained_alpha",NA,-2030.28547314641,0.486346893117166,1.3002441476831,0.332496880001572,2.55808276637943,593,"23,50"
594,"unconstrained","0",-2010.53103542316,0.486296016116282,1.31234989583023,0.328548553887378,2.54190913581759,594,"24,50"
594,"constrained_alpha",NA,-2027.48374013205,0.473372026451788,1.31234989583023,0.328548553887378,2.54190913581759,594,"24,50"
595,"unconstrained","0",-2011.58814823658,0.480810935436299,1.30489830743477,0.326432597168941,2.53857624204078,595,"25,50"
595,"constrained_alpha",NA,-2030.015327024,0.486875499028718,1.30489830743477,0.326432597168941,2.53857624204078,595,"25,50"
596,"unconstrained","0",-2014.17814336081,0.47908331644143,1.41775647843683,0.359629653438921,2.66607895484859,596,"26,50"
596,"constrained_alpha",NA,-2030.06816640662,0.4830801595759,1.41775647843683,0.359629653438921,2.66607895484859,596,"26,50"
597,"unconstrained","0",-2007.45218711793,0.485597331351006,1.31111163289769,0.326165279634503,2.54141055454127,597,"27,50"
597,"constrained_alpha",NA,-2025.39876374994,0.49178744184046,1.31111163289769,0.326165279634503,2.54141055454127,597,"27,50"
598,"unconstrained","0",-2015.58384324699,0.484206637012815,1.33677308190781,0.344564057893424,2.5588443058449,598,"28,50"
598,"constrained_alpha",NA,-2036.27232707143,0.46338726775924,1.33677308190781,0.344564057893424,2.5588443058449,598,"28,50"
599,"unconstrained","0",-2009.21555380668,0.486444082736138,1.29867101913051,0.325532128633789,2.57307270078906,599,"29,50"
599,"constrained_alpha",NA,-2026.08664654089,0.495949190511503,1.29867101913051,0.325532128633789,2.57307270078906,599,"29,50"
600,"unconstrained","0",-2002.00981577623,0.460450763405657,1.35689689265551,0.321284866092965,2.68187150876635,600,"30,50"
600,"constrained_alpha",NA,-2021.34745802739,0.469271506382907,1.35689689265551,0.321284866092965,2.68187150876635,600,"30,50"
601,"unconstrained","0",-2009.88284451557,0.494802206180023,1.29015239345696,0.328627326165661,2.74224476920535,601,"1,51"
601,"constrained_alpha",NA,-2026.01186479219,0.480742508175789,1.29015239345696,0.328627326165661,2.74224476920535,601,"1,51"
602,"unconstrained","0",-2006.62426681251,0.498750354996318,1.29605084165037,0.322507374327783,2.74217757543619,602,"2,51"
602,"constrained_alpha",NA,-2020.77806086889,0.501655231673914,1.29605084165037,0.322507374327783,2.74217757543619,602,"2,51"
603,"unconstrained","0",-2002.55686567575,0.501579364026858,1.31947129631173,0.318029952860553,2.72392666645512,603,"3,51"
603,"constrained_alpha",NA,-2017.58768148525,0.505973112289133,1.31947129631173,0.318029952860553,2.72392666645512,603,"3,51"
604,"unconstrained","0",-2008.70472980876,0.495274161353197,1.33222007219619,0.323025755407051,2.76846912198222,604,"4,51"
604,"constrained_alpha",NA,-2024.78737178839,0.477194701297165,1.33222007219619,0.323025755407051,2.76846912198222,604,"4,51"
605,"unconstrained","0",-2005.39426960142,0.493842120361797,1.28976566809775,0.33081549152503,2.70405979712346,605,"5,51"
605,"constrained_alpha",NA,-2021.72262369957,0.481317057008466,1.28976566809775,0.33081549152503,2.70405979712346,605,"5,51"
606,"unconstrained","0",-2008.16479559004,0.491214454189683,1.28808980674507,0.324839681871253,2.69926780911446,606,"6,51"
606,"constrained_alpha",NA,-2022.8472209104,0.481982293543074,1.28808980674507,0.324839681871253,2.69926780911446,606,"6,51"
607,"unconstrained","0",-2008.17087838138,0.494250184268846,1.28690177813949,0.324441729142736,2.85843912577897,607,"7,51"
607,"constrained_alpha",NA,-2022.74758712591,0.483562294023575,1.28690177813949,0.324441729142736,2.85843912577897,607,"7,51"
608,"unconstrained","0",-1999.40160065202,0.503069819723253,1.28598318062241,0.284741029588336,2.71850800494823,608,"8,51"
608,"constrained_alpha",NA,-2013.61701497264,0.49908539875112,1.28598318062241,0.284741029588336,2.71850800494823,608,"8,51"
609,"unconstrained","0",-2003.37501010142,0.496367929424514,1.3332702695794,0.326497352540325,2.71166143347278,609,"9,51"
609,"constrained_alpha",NA,-2018.57362023085,0.482703641080547,1.3332702695794,0.326497352540325,2.71166143347278,609,"9,51"
610,"unconstrained","0",-2006.13451333155,0.501271450177445,1.29935767694943,0.360967612093549,2.80548905298095,610,"10,51"
610,"constrained_alpha",NA,-2021.13375121201,0.511130251005337,1.29935767694943,0.360967612093549,2.80548905298095,610,"10,51"
611,"unconstrained","0",-2012.28991499722,0.491927921399553,1.28942239255216,0.323537873840028,2.72402221147323,611,"11,51"
611,"constrained_alpha",NA,-2028.16503061075,0.476709678023094,1.28942239255216,0.323537873840028,2.72402221147323,611,"11,51"
612,"unconstrained","0",-2001.77671851435,0.503412664081914,1.28960923233175,0.336744689843168,2.69934154225073,612,"12,51"
612,"constrained_alpha",NA,-2014.66545837668,0.507718014089881,1.28960923233175,0.336744689843168,2.69934154225073,612,"12,51"
613,"unconstrained","0",-2007.48848562734,0.497102262439952,1.29354458464532,0.322411901020878,2.84579379557779,613,"13,51"
613,"constrained_alpha",NA,-2021.33463076237,0.485104125391244,1.29354458464532,0.322411901020878,2.84579379557779,613,"13,51"
614,"unconstrained","0",-2007.29279457248,0.488968237318306,1.29473124550577,0.314429716108268,2.72761226671889,614,"14,51"
614,"constrained_alpha",NA,-2022.71568235286,0.499004487339937,1.29473124550577,0.314429716108268,2.72761226671889,614,"14,51"
615,"unconstrained","0",-2006.54099084346,0.493878615009659,1.28941307506668,0.309244121812048,2.70086653013699,615,"15,51"
615,"constrained_alpha",NA,-2022.19268278401,0.483949106708868,1.28941307506668,0.309244121812048,2.70086653013699,615,"15,51"
616,"unconstrained","0",-2007.51779685008,0.498011982661411,1.27738157714747,0.33849067002172,2.70006687832934,616,"16,51"
616,"constrained_alpha",NA,-2022.8479515832,0.479412679134159,1.27738157714747,0.33849067002172,2.70006687832934,616,"16,51"
617,"unconstrained","0",-2010.99340768181,0.491488891197548,1.33130777970241,0.369032842478062,2.7684354952034,617,"17,51"
617,"constrained_alpha",NA,-2024.90660394586,0.477394169034963,1.33130777970241,0.369032842478062,2.7684354952034,617,"17,51"
618,"unconstrained","0",-2009.02180055876,0.493539749979341,1.29394244490222,0.326079550051534,2.80535574816803,618,"18,51"
618,"constrained_alpha",NA,-2023.43187982269,0.481636592127179,1.29394244490222,0.326079550051534,2.80535574816803,618,"18,51"
619,"unconstrained","0",-2003.69046704255,0.501013695334713,1.2981729701323,0.309195309175147,2.73806498526409,619,"19,51"
619,"constrained_alpha",NA,-2020.1779982897,0.484209304483013,1.2981729701323,0.309195309175147,2.73806498526409,619,"19,51"
620,"unconstrained","0",-2010.58673358847,0.493283748896768,1.31258317337005,0.334903432671503,2.72400788161336,620,"20,51"
620,"constrained_alpha",NA,-2025.42736550848,0.47940580878466,1.31258317337005,0.334903432671503,2.72400788161336,620,"20,51"
621,"unconstrained","0",-2008.64999483942,0.491960411355746,1.2873782024142,0.314501110332453,2.71075345144551,621,"21,51"
621,"constrained_alpha",NA,-2024.64877701837,0.477501943108438,1.2873782024142,0.314501110332453,2.71075345144551,621,"21,51"
622,"unconstrained","0",-1994.12980218826,0.468614063183114,1.35198592608893,0.345982974236982,2.70530351945909,622,"22,51"
622,"constrained_alpha",NA,-2008.3249314682,0.453347068593621,1.35198592608893,0.345982974236982,2.70530351945909,622,"22,51"
623,"unconstrained","0",-2008.40586492497,0.491582204000059,1.29248125210072,0.33139314537118,2.72398575332819,623,"23,51"
623,"constrained_alpha",NA,-2023.17818363394,0.476420596188132,1.29248125210072,0.33139314537118,2.72398575332819,623,"23,51"
624,"unconstrained","0",-2004.94132122024,0.494998839548983,1.30678796098393,0.326868296938507,2.7040550357912,624,"24,51"
624,"constrained_alpha",NA,-2019.27223197263,0.486970805323013,1.30678796098393,0.326868296938507,2.7040550357912,624,"24,51"
625,"unconstrained","0",-2006.24465455579,0.489959408916607,1.29668023899186,0.322187372077736,2.70015797336167,625,"25,51"
625,"constrained_alpha",NA,-2020.90434647292,0.47851063251352,1.29668023899186,0.322187372077736,2.70015797336167,625,"25,51"
626,"unconstrained","0",-2009.04899736635,0.49025291961903,1.40392906690577,0.361590149613024,2.82599069072583,626,"26,51"
626,"constrained_alpha",NA,-2023.11437352098,0.471685514744941,1.40392906690577,0.361590149613024,2.82599069072583,626,"26,51"
627,"unconstrained","0",-2002.16820275279,0.494767855902037,1.3040358859305,0.324233813917487,2.70406539439228,627,"27,51"
627,"constrained_alpha",NA,-2016.86064640171,0.503036024099324,1.3040358859305,0.324233813917487,2.70406539439228,627,"27,51"
628,"unconstrained","0",-2010.20031742179,0.493153429872522,1.32944467496519,0.345919096430586,2.72402600907876,628,"28,51"
628,"constrained_alpha",NA,-2026.4148966798,0.485038688636088,1.32944467496519,0.345919096430586,2.72402600907876,628,"28,51"
629,"unconstrained","0",-2003.63465002035,0.495602525532876,1.29306646207246,0.324371845837922,2.74213076752055,629,"29,51"
629,"constrained_alpha",NA,-2017.51694186629,0.499727118052913,1.29306646207246,0.324371845837922,2.74213076752055,629,"29,51"
630,"unconstrained","0",-1996.89849944371,0.468877384619806,1.34699287958252,0.316300069639167,2.84905109234432,630,"30,51"
630,"constrained_alpha",NA,-2014.42714189401,0.4547843477912,1.34699287958252,0.316300069639167,2.84905109234432,630,"30,51"
631,"unconstrained","0",-2004.28964841896,0.488905957635402,1.34740621569223,0.298517316245395,2.68028939207263,631,"1,52"
631,"constrained_alpha",NA,-2025.51150230236,0.492264570989589,1.34740621569223,0.298517316245395,2.68028939207263,631,"1,52"
632,"unconstrained","0",-2000.93332892665,0.492778371790155,1.35369429943791,0.292999980622476,2.67956192324102,632,"2,52"
632,"constrained_alpha",NA,-2019.59762781411,0.500198634355076,1.35369429943791,0.292999980622476,2.67956192324102,632,"2,52"
633,"unconstrained","0",-1996.90515256524,0.49639170659776,1.3774996318013,0.290712879579893,2.66202988649585,633,"3,52"
633,"constrained_alpha",NA,-2016.0353201427,0.5008216619327,1.3774996318013,0.290712879579893,2.66202988649585,633,"3,52"
634,"unconstrained","0",-2003.17513863461,0.488582143184065,1.39465290175965,0.294533984449862,2.70611280670185,634,"4,52"
634,"constrained_alpha",NA,-2024.38616870482,0.493683856319165,1.39465290175965,0.294533984449862,2.70611280670185,634,"4,52"
635,"unconstrained","0",-1999.67881232577,0.488188935932954,1.34773693406898,0.298826639585903,2.64523272407899,635,"5,52"
635,"constrained_alpha",NA,-2021.9509241921,0.494493193434015,1.34773693406898,0.298826639585903,2.64523272407899,635,"5,52"
636,"unconstrained","0",-2002.51008714832,0.485049360488071,1.34622803921808,0.296355012627528,2.64252733469355,636,"6,52"
636,"constrained_alpha",NA,-2022.69174740323,0.486521409304905,1.34622803921808,0.296355012627528,2.64252733469355,636,"6,52"
637,"unconstrained","0",-2002.80066072056,0.488013891878737,1.34341614653877,0.295438807806797,2.79165509383122,637,"7,52"
637,"constrained_alpha",NA,-2023.63572695589,0.497052987898113,1.34341614653877,0.295438807806797,2.79165509383122,637,"7,52"
638,"unconstrained","0",-1994.02536160343,0.497725052745561,1.3450687023695,0.260460911126611,2.66525067715673,638,"8,52"
638,"constrained_alpha",NA,-2014.25315113217,0.504819120880701,1.3450687023695,0.260460911126611,2.66525067715673,638,"8,52"
639,"unconstrained","0",-1997.89122934816,0.490123287841367,1.40149726729895,0.298131419719803,2.65064341435737,639,"9,52"
639,"constrained_alpha",NA,-2018.57174906538,0.472147756451604,1.40149726729895,0.298131419719803,2.65064341435737,639,"9,52"
640,"unconstrained","0",-2000.4117579253,0.496022564005582,1.35726527582488,0.325536379287396,2.74099734933251,640,"10,52"
640,"constrained_alpha",NA,-2020.99227768451,0.502181173220151,1.35726527582488,0.325536379287396,2.74099734933251,640,"10,52"
641,"unconstrained","0",-2006.73789309462,0.485672181358951,1.34816596847051,0.294884232068862,2.66367503409875,641,"11,52"
641,"constrained_alpha",NA,-2026.96823962552,0.494264918137497,1.34816596847051,0.294884232068862,2.66367503409875,641,"11,52"
642,"unconstrained","0",-1996.65850322123,0.4965979744908,1.34530158950727,0.304382465563556,2.64162522032099,642,"12,52"
642,"constrained_alpha",NA,-2014.18799443495,0.496318774886771,1.34530158950727,0.304382465563556,2.64162522032099,642,"12,52"
643,"unconstrained","0",-2002.09987291268,0.490947387024263,1.35209918598925,0.294518334567437,2.80386325738907,643,"13,52"
643,"constrained_alpha",NA,-2020.45394937133,0.476512785675616,1.35209918598925,0.294518334567437,2.80386325738907,643,"13,52"
644,"unconstrained","0",-2001.56253040713,0.483447865578261,1.35296497352841,0.288066280057831,2.67587349372364,644,"14,52"
644,"constrained_alpha",NA,-2022.46430748651,0.489547245447433,1.35296497352841,0.288066280057831,2.67587349372364,644,"14,52"
645,"unconstrained","0",-2001.04309030084,0.487429481853378,1.34728429737368,0.282488512136979,2.64583598891112,645,"15,52"
645,"constrained_alpha",NA,-2022.35646160553,0.492872706162959,1.34728429737368,0.282488512136979,2.64583598891112,645,"15,52"
646,"unconstrained","0",-2002.17398624913,0.492922014562949,1.33285858849673,0.305080167243855,2.64298879859635,646,"16,52"
646,"constrained_alpha",NA,-2021.2648007339,0.47726090125383,1.33285858849673,0.305080167243855,2.64298879859635,646,"16,52"
647,"unconstrained","0",-2005.58438482484,0.48472042823097,1.39228512506337,0.332770386047288,2.70583203241459,647,"17,52"
647,"constrained_alpha",NA,-2025.05216257637,0.461914434819617,1.39228512506337,0.332770386047288,2.70583203241459,647,"17,52"
648,"unconstrained","0",-2003.44304506956,0.487516682105177,1.35157593437812,0.29683680923977,2.74010960268944,648,"18,52"
648,"constrained_alpha",NA,-2023.53160187492,0.482807541869939,1.35157593437812,0.29683680923977,2.74010960268944,648,"18,52"
649,"unconstrained","0",-1998.22732803669,0.493938638643504,1.35981692886313,0.282745161541319,2.68772285309662,649,"19,52"
649,"constrained_alpha",NA,-2018.17578685929,0.499375175434707,1.35981692886313,0.282745161541319,2.68772285309662,649,"19,52"
650,"unconstrained","0",-2005.07448795534,0.487290286143147,1.3716098841516,0.303828188646986,2.66328503972079,650,"20,52"
650,"constrained_alpha",NA,-2027.21820868376,0.492853690995461,1.3716098841516,0.303828188646986,2.66328503972079,650,"20,52"
651,"unconstrained","0",-2003.11094194841,0.484891160399639,1.34763099027773,0.287960112411103,2.65723303908649,651,"21,52"
651,"constrained_alpha",NA,-2023.61501800004,0.487684697827097,1.34763099027773,0.287960112411103,2.65723303908649,651,"21,52"
652,"unconstrained","0",-1988.73901982555,0.463103321352118,1.40664183093995,0.316824883259134,2.64498271566211,652,"22,52"
652,"constrained_alpha",NA,-2008.77112117552,0.466895181381912,1.40664183093995,0.316824883259134,2.64498271566211,652,"22,52"
653,"unconstrained","0",-2002.86372031532,0.485357352525654,1.35111426282927,0.301190050180571,2.66290587379931,653,"23,52"
653,"constrained_alpha",NA,-2021.55159810857,0.491656323291753,1.35111426282927,0.301190050180571,2.66290587379931,653,"23,52"
654,"unconstrained","0",-1999.41636158016,0.489895153874908,1.36605842990112,0.297206737598273,2.64540877529529,654,"24,52"
654,"constrained_alpha",NA,-2020.04729321715,0.463940058866752,1.36605842990112,0.297206737598273,2.64540877529529,654,"24,52"
655,"unconstrained","0",-2000.66122909387,0.483460309928722,1.35709023624271,0.295202766818719,2.64196776624381,655,"25,52"
655,"constrained_alpha",NA,-2021.33070844963,0.488045011541124,1.35709023624271,0.295202766818719,2.64196776624381,655,"25,52"
656,"unconstrained","0",-2003.27226981404,0.480838365028334,1.47452595954547,0.325235975086521,2.78454009816566,656,"26,52"
656,"constrained_alpha",NA,-2022.43550023149,0.485579992123664,1.47452595954547,0.325235975086521,2.78454009816566,656,"26,52"
657,"unconstrained","0",-1996.59439594477,0.489118001700782,1.36070579172451,0.296032138679557,2.64477441892039,657,"27,52"
657,"constrained_alpha",NA,-2016.06814014699,0.491737370822468,1.36070579172451,0.296032138679557,2.64477441892039,657,"27,52"
658,"unconstrained","0",-2004.49242140523,0.487022363882451,1.39160336570258,0.311584455764695,2.66387390977064,658,"28,52"
658,"constrained_alpha",NA,-2027.2272672105,0.493589934443177,1.39160336570258,0.311584455764695,2.66387390977064,658,"28,52"
659,"unconstrained","0",-1998.30671213266,0.488931256617335,1.35290668777825,0.295743874759821,2.67925409061935,659,"29,52"
659,"constrained_alpha",NA,-2016.834601642,0.491573900136329,1.35290668777825,0.295743874759821,2.67925409061935,659,"29,52"
660,"unconstrained","0",-1990.87184422791,0.463171209718275,1.41062478201085,0.29062873442502,2.80163107201563,660,"30,52"
660,"constrained_alpha",NA,-2014.88799791692,0.468838658196075,1.41062478201085,0.29062873442502,2.80163107201563,660,"30,52"
661,"unconstrained","0",-2017.57304718234,0.486973560601796,1.38458948854928,0.263856977310342,2.85632112764818,661,"1,53"
661,"constrained_alpha",NA,-2037.19110708633,0.493976362120174,1.38458948854928,0.263856977310342,2.85632112764818,661,"1,53"
662,"unconstrained","0",-2014.30419587086,0.490920045971891,1.39289543357545,0.257900445348502,2.85620388966129,662,"2,53"
662,"constrained_alpha",NA,-2032.10415588938,0.498183394948935,1.39289543357545,0.257900445348502,2.85620388966129,662,"2,53"
663,"unconstrained","0",-2010.24469572781,0.494235672326448,1.41594610720061,0.255527707874435,2.8370385651195,663,"3,53"
663,"constrained_alpha",NA,-2028.18971281703,0.503248745113948,1.41594610720061,0.255527707874435,2.8370385651195,663,"3,53"
664,"unconstrained","0",-2016.2058402816,0.486703820993594,1.4484201611451,0.259845460912629,3.1213957055256,664,"4,53"
664,"constrained_alpha",NA,-2034.25874556269,0.47766741285516,1.4484201611451,0.259845460912629,3.1213957055256,664,"4,53"
665,"unconstrained","0",-2013.08176072064,0.486317374278953,1.39102756794355,0.261538794289072,2.81646009811474,665,"5,53"
665,"constrained_alpha",NA,-2033.57363759511,0.472316030027602,1.39102756794355,0.261538794289072,2.81646009811474,665,"5,53"
666,"unconstrained","0",-2015.79365111117,0.483303405590426,1.38822484078329,0.262399718585302,2.81170826782443,666,"6,53"
666,"constrained_alpha",NA,-2035.44393212567,0.466206363310258,1.38822484078329,0.262399718585302,2.81170826782443,666,"6,53"
667,"unconstrained","0",-2016.02654813871,0.486466836424056,1.37921703506878,0.261192598408178,2.97741684295428,667,"7,53"
667,"constrained_alpha",NA,-2034.70854768403,0.473531888970523,1.37921703506878,0.261192598408178,2.97741684295428,667,"7,53"
668,"unconstrained","0",-2007.32226634106,0.495681275254233,1.38142638628363,0.219845916777609,2.83275323369561,668,"8,53"
668,"constrained_alpha",NA,-2024.57974341249,0.490429026876418,1.38142638628363,0.219845916777609,2.83275323369561,668,"8,53"
669,"unconstrained","0",-2011.05089193443,0.48834701174049,1.46250876508466,0.264609182451674,3.46245095251924,669,"9,53"
669,"constrained_alpha",NA,-2029.71758834318,0.4746286076027,1.46250876508466,0.264609182451674,3.46245095251924,669,"9,53"
670,"unconstrained","0",-2013.85553759363,0.493357901586015,1.39590402834813,0.293182824828663,2.92240772143296,670,"10,53"
670,"constrained_alpha",NA,-2032.28650690664,0.498817299643033,1.39590402834813,0.293182824828663,2.92240772143296,670,"10,53"
671,"unconstrained","0",-2020.00764855128,0.48395184755764,1.38478329542988,0.260640884676752,2.83733859117746,671,"11,53"
671,"constrained_alpha",NA,-2038.25032298691,0.470704568413275,1.38478329542988,0.260640884676752,2.83733859117746,671,"11,53"
672,"unconstrained","0",-2009.79544135912,0.495387943253638,1.38348810270663,0.269633355228433,2.8116413826223,672,"12,53"
672,"constrained_alpha",NA,-2024.91458566642,0.501565024020811,1.38348810270663,0.269633355228433,2.8116413826223,672,"12,53"
673,"unconstrained","0",-2015.34440046844,0.48919241605473,1.38680305095281,0.260060837713572,2.97051409575465,673,"13,53"
673,"constrained_alpha",NA,-2033.01834598585,0.478566908253556,1.38680305095281,0.260060837713572,2.97051409575465,673,"13,53"
674,"unconstrained","0",-2014.89261121421,0.481437614188078,1.39040706647628,0.252904506930098,2.84265500155928,674,"14,53"
674,"constrained_alpha",NA,-2033.06612242463,0.49197014361629,1.39040706647628,0.252904506930098,2.84265500155928,674,"14,53"
675,"unconstrained","0",-2014.38211427845,0.485619234385237,1.38292731917101,0.246188581117059,2.8136886248057,675,"15,53"
675,"constrained_alpha",NA,-2034.07938500652,0.492119798419135,1.38292731917101,0.246188581117059,2.8136886248057,675,"15,53"
676,"unconstrained","0",-2015.43776397654,0.490367271470757,1.37074512272745,0.268921445580444,2.81251750663964,676,"16,53"
676,"constrained_alpha",NA,-2033.40718738074,0.475763927355829,1.37074512272745,0.268921445580444,2.81251750663964,676,"16,53"
677,"unconstrained","0",-2018.89362270412,0.483101184404347,1.42573313787164,0.301815973369574,2.88378119205481,677,"17,53"
677,"constrained_alpha",NA,-2035.51009204639,0.465248054900949,1.42573313787164,0.301815973369574,2.88378119205481,677,"17,53"
678,"unconstrained","0",-2016.71430790365,0.485626272823094,1.39079248642282,0.262844828974986,2.92216160991231,678,"18,53"
678,"constrained_alpha",NA,-2034.1382900384,0.491707296450006,1.39079248642282,0.262844828974986,2.92216160991231,678,"18,53"
679,"unconstrained","0",-2011.34134780816,0.492734918321357,1.40043819781504,0.246435507121147,2.85402497965504,679,"19,53"
679,"constrained_alpha",NA,-2029.85154165084,0.481070560841296,1.40043819781504,0.246435507121147,2.85402497965504,679,"19,53"
680,"unconstrained","0",-2018.39143610127,0.485503302669892,1.41200535763828,0.269350682669386,2.83725535393056,680,"20,53"
680,"constrained_alpha",NA,-2037.78543774351,0.474763101354188,1.41200535763828,0.269350682669386,2.83725535393056,680,"20,53"
681,"unconstrained","0",-2016.40000201121,0.483630443721944,1.38377688816653,0.252809834544707,2.82443762129997,681,"21,53"
681,"constrained_alpha",NA,-2034.32966081937,0.47498120898627,1.38377688816653,0.252809834544707,2.82443762129997,681,"21,53"
682,"unconstrained","0",-2002.01326691557,0.46104671220952,1.44431222024784,0.285403044532868,2.81753844979797,682,"22,53"
682,"constrained_alpha",NA,-2018.47297763863,0.449629348409048,1.44431222024784,0.285403044532868,2.81753844979797,682,"22,53"
683,"unconstrained","0",-2016.10154868042,0.483344711347196,1.39024385628285,0.268415410024287,2.83718832056901,683,"23,53"
683,"constrained_alpha",NA,-2034.42403495767,0.467549597902095,1.39024385628285,0.268415410024287,2.83718832056901,683,"23,53"
684,"unconstrained","0",-2012.61229735309,0.487072985444848,1.40344849930944,0.26350735097833,2.81648412980238,684,"24,53"
684,"constrained_alpha",NA,-2031.82300772298,0.472315789012202,1.40344849930944,0.26350735097833,2.81648412980238,684,"24,53"
685,"unconstrained","0",-2013.9099107159,0.481979129546749,1.39448767161887,0.26069541490395,2.81240092734352,685,"25,53"
685,"constrained_alpha",NA,-2032.84798773618,0.491770903077385,1.39448767161887,0.26069541490395,2.81240092734352,685,"25,53"
686,"unconstrained","0",-2016.59138019938,0.480422751548538,1.52171144899366,0.292794563522314,3.13294772497546,686,"26,53"
686,"constrained_alpha",NA,-2033.07455663759,0.483233397242107,1.52171144899366,0.292794563522314,3.13294772497546,686,"26,53"
687,"unconstrained","0",-2009.90057052637,0.486694347755869,1.40022361043986,0.262040902141138,2.81640797797459,687,"27,53"
687,"constrained_alpha",NA,-2027.92201089563,0.494355289265744,1.40022361043986,0.262040902141138,2.81640797797459,687,"27,53"
688,"unconstrained","0",-2017.89849085692,0.485409976002591,1.43255829725855,0.276638303752566,2.83735958743393,688,"28,53"
688,"constrained_alpha",NA,-2038.07645025329,0.471069553861274,1.43255829725855,0.276638303752566,2.83735958743393,688,"28,53"
689,"unconstrained","0",-2011.4514647394,0.487418366945276,1.39292579521329,0.261582998483093,2.85606043135402,689,"29,53"
689,"constrained_alpha",NA,-2028.67321366107,0.494925101957798,1.39292579521329,0.261582998483093,2.85606043135402,689,"29,53"
690,"unconstrained","0",-2004.32746838041,0.461143081158235,1.44836139792827,0.25462080770036,2.97305802976532,690,"30,53"
690,"constrained_alpha",NA,-2025.40308711695,0.455655431109888,1.44836139792827,0.25462080770036,2.97305802976532,690,"30,53"
691,"unconstrained","0",-2021.33993230785,0.486846023778356,1.30187005020434,0.3481430076549,2.61690486498466,691,"1,54"
691,"constrained_alpha",NA,-2038.07678375019,0.491404276064842,1.30187005020434,0.3481430076549,2.61690486498466,691,"1,54"
692,"unconstrained","0",-2018.07973252033,0.490747331523329,1.30719207061205,0.342086875020215,2.61669883972403,692,"2,54"
692,"constrained_alpha",NA,-2034.67096177491,0.497022355948525,1.30719207061205,0.342086875020215,2.61669883972403,692,"2,54"
693,"unconstrained","0",-2013.92532428335,0.494009109672641,1.33074169671204,0.337345333761625,2.59995553153315,693,"3,54"
693,"constrained_alpha",NA,-2029.25265517809,0.50013463250124,1.33074169671204,0.337345333761625,2.59995553153315,693,"3,54"
694,"unconstrained","0",-2020.20717438151,0.487124011525163,1.33922756654534,0.343750630249794,2.64120002271058,694,"4,54"
694,"constrained_alpha",NA,-2037.71881869299,0.489917421342793,1.33922756654534,0.343750630249794,2.64120002271058,694,"4,54"
695,"unconstrained","0",-2016.9387412524,0.486439310114861,1.29856421843815,0.349401502873313,2.58223937143933,695,"5,54"
695,"constrained_alpha",NA,-2034.21827066525,0.490887476861246,1.29856421843815,0.349401502873313,2.58223937143933,695,"5,54"
696,"unconstrained","0",-2019.65751254836,0.483463530658404,1.29832358799797,0.344835729729021,2.57832066927319,696,"6,54"
696,"constrained_alpha",NA,-2036.62401799296,0.483929327201453,1.29832358799797,0.344835729729021,2.57832066927319,696,"6,54"
697,"unconstrained","0",-2019.90912779416,0.486141674649612,1.29848020173421,0.343167685218386,2.72428438270587,697,"7,54"
697,"constrained_alpha",NA,-2035.1970170608,0.471283186672912,1.29848020173421,0.343167685218386,2.72428438270587,697,"7,54"
698,"unconstrained","0",-2011.155247555,0.495304183283684,1.29678178311187,0.303280139830938,2.59702766283995,698,"8,54"
698,"constrained_alpha",NA,-2027.94432036521,0.483597464967085,1.29678178311187,0.303280139830938,2.59702766283995,698,"8,54"
699,"unconstrained","0",-2015.12745293332,0.488616417576352,1.33420648110587,0.346981759247625,2.5887509318163,699,"9,54"
699,"constrained_alpha",NA,-2031.10689487631,0.469616497702583,1.33420648110587,0.346981759247625,2.5887509318163,699,"9,54"
700,"unconstrained","0",-2017.441031684,0.493415463926107,1.31167330923355,0.380389827060141,2.6752408277201,700,"10,54"
700,"constrained_alpha",NA,-2033.57574759964,0.49544824697368,1.31167330923355,0.380389827060141,2.6752408277201,700,"10,54"
701,"unconstrained","0",-2023.81488794542,0.483927186022039,1.30184302203718,0.343122883296606,2.60036888243492,701,"11,54"
701,"constrained_alpha",NA,-2041.40421125359,0.487735132143956,1.30184302203718,0.343122883296606,2.60036888243492,701,"11,54"
702,"unconstrained","0",-2013.45601968607,0.495357815547814,1.30081448716157,0.353661734397971,2.57811187563955,702,"12,54"
702,"constrained_alpha",NA,-2026.65835672609,0.489585099917813,1.30081448716157,0.353661734397971,2.57811187563955,702,"12,54"
703,"unconstrained","0",-2019.22568044664,0.488762833690645,1.30472119488448,0.342784987452788,2.71699230794273,703,"13,54"
703,"constrained_alpha",NA,-2034.78559141003,0.472821013461778,1.30472119488448,0.342784987452788,2.71699230794273,703,"13,54"
704,"unconstrained","0",-2018.75669787094,0.481647843939333,1.30656349028158,0.334806501452243,2.60576222821989,704,"14,54"
704,"constrained_alpha",NA,-2034.80765292058,0.487400481323619,1.30656349028158,0.334806501452243,2.60576222821989,704,"14,54"
705,"unconstrained","0",-2018.13277283936,0.485801206623343,1.30227084627905,0.328054033934602,2.58025529870433,705,"15,54"
705,"constrained_alpha",NA,-2032.11732480639,0.482258376028346,1.30227084627905,0.328054033934602,2.58025529870433,705,"15,54"
706,"unconstrained","0",-2019.08767127848,0.49047821426084,1.28854392845092,0.356737605496121,2.57900594890552,706,"16,54"
706,"constrained_alpha",NA,-2035.643474494,0.473255239399528,1.28854392845092,0.356737605496121,2.57900594890552,706,"16,54"
707,"unconstrained","0",-2022.62887710397,0.483083037964597,1.34409481658019,0.388693780973562,2.64109573922076,707,"17,54"
707,"constrained_alpha",NA,-2037.87964833895,0.464022030214139,1.34409481658019,0.388693780973562,2.64109573922076,707,"17,54"
708,"unconstrained","0",-2020.49824728818,0.485677113345239,1.30505395065478,0.345880357720184,2.67491073789105,708,"18,54"
708,"constrained_alpha",NA,-2037.36564509665,0.487664753926928,1.30505395065478,0.345880357720184,2.67491073789105,708,"18,54"
709,"unconstrained","0",-2015.38953341964,0.492655875051857,1.30797316219298,0.328329031972456,2.61578584950873,709,"19,54"
709,"constrained_alpha",NA,-2032.87184562385,0.477465205603276,1.30797316219298,0.328329031972456,2.61578584950873,709,"19,54"
710,"unconstrained","0",-2022.01303914453,0.485352173577684,1.32513220239091,0.354558593163912,2.60026943278159,710,"20,54"
710,"constrained_alpha",NA,-2038.31407374907,0.470926341540813,1.32513220239091,0.354558593163912,2.60026943278159,710,"20,54"
711,"unconstrained","0",-2020.23272227367,0.483683700214166,1.29940294459727,0.334690624181855,2.58975997069741,711,"21,54"
711,"constrained_alpha",NA,-2036.61727392843,0.49087220197365,1.29940294459727,0.334690624181855,2.58975997069741,711,"21,54"
712,"unconstrained","0",-2005.51489533326,0.460061846801188,1.3699991425149,0.368451217302607,2.58289032738765,712,"22,54"
712,"constrained_alpha",NA,-2020.92362629161,0.465703422189753,1.3699991425149,0.368451217302607,2.58289032738765,712,"22,54"
713,"unconstrained","0",-2019.93107583963,0.483638418933119,1.30366516630009,0.350719368957736,2.60015604369846,713,"23,54"
713,"constrained_alpha",NA,-2036.29002565846,0.486123615696596,1.30366516630009,0.350719368957736,2.60015604369846,713,"23,54"
714,"unconstrained","0",-2016.60174281545,0.486921915956594,1.3182471552834,0.346514196322555,2.58227906106475,714,"24,54"
714,"constrained_alpha",NA,-2033.33484614497,0.469732660871538,1.3182471552834,0.346514196322555,2.58227906106475,714,"24,54"
715,"unconstrained","0",-2017.81013435076,0.482046186376058,1.30831526557361,0.344420322750207,2.57875053318492,715,"25,54"
715,"constrained_alpha",NA,-2034.79701133417,0.490313928164129,1.30831526557361,0.344420322750207,2.57875053318492,715,"25,54"
716,"unconstrained","0",-2020.54506910727,0.480569971217979,1.4135196466705,0.380127703397159,2.69892686094135,716,"26,54"
716,"constrained_alpha",NA,-2035.44159288537,0.48181813045424,1.4135196466705,0.380127703397159,2.69892686094135,716,"26,54"
717,"unconstrained","0",-2013.70754686466,0.486808717795915,1.3163371097494,0.344091589387678,2.58212575229236,717,"27,54"
717,"constrained_alpha",NA,-2030.50126456051,0.491763232622568,1.3163371097494,0.344091589387678,2.58212575229236,717,"27,54"
718,"unconstrained","0",-2021.73150534126,0.485107143620748,1.34054236570726,0.364327024439157,2.60043015840719,718,"28,54"
718,"constrained_alpha",NA,-2039.09446092725,0.4666870803393,1.34054236570726,0.364327024439157,2.60043015840719,718,"28,54"
719,"unconstrained","0",-2015.41590282942,0.487328125459957,1.30278516911955,0.34356866167779,2.61653346585914,719,"29,54"
719,"constrained_alpha",NA,-2030.70425447166,0.495905472909841,1.30278516911955,0.34356866167779,2.61653346585914,719,"29,54"
720,"unconstrained","0",-2008.30506355558,0.461152908484854,1.36210085038606,0.339219315931555,2.71851817786732,720,"30,54"
720,"constrained_alpha",NA,-2027.49415098631,0.462934847697761,1.36210085038606,0.339219315931555,2.71851817786732,720,"30,54"
721,"unconstrained","0",-2008.78081805187,0.496887408266485,1.32156196994659,0.359158871102827,2.55718086731174,721,"1,55"
721,"constrained_alpha",NA,-2026.0750421925,0.47967054433597,1.32156196994659,0.359158871102827,2.55718086731174,721,"1,55"
722,"unconstrained","0",-2005.55253869904,0.500607392623355,1.32834031856167,0.352694453125628,2.5570448141046,722,"2,55"
722,"constrained_alpha",NA,-2022.65340468511,0.500718417377787,1.32834031856167,0.352694453125628,2.5570448141046,722,"2,55"
723,"unconstrained","0",-2001.12569877932,0.50419722761145,1.37629511388331,0.34798097412632,2.5409419199313,723,"3,55"
723,"constrained_alpha",NA,-2016.67202152858,0.505820850493069,1.37629511388331,0.34798097412632,2.5409419199313,723,"3,55"
724,"unconstrained","0",-2007.50018447131,0.496948080688031,1.36840405003696,0.352688759390208,2.58047952721999,724,"4,55"
724,"constrained_alpha",NA,-2025.50889610657,0.474088678015697,1.36840405003696,0.352688759390208,2.58047952721999,724,"4,55"
725,"unconstrained","0",-2004.23980791509,0.49605308552821,1.32408070840242,0.363152749511184,2.52373582938823,725,"5,55"
725,"constrained_alpha",NA,-2023.08587510911,0.476184764267227,1.32408070840242,0.363152749511184,2.52373582938823,725,"5,55"
726,"unconstrained","0",-2006.99188548502,0.493340778573002,1.32210693488335,0.354508488119368,2.51978700161078,726,"6,55"
726,"constrained_alpha",NA,-2024.38810786309,0.475563143497633,1.32210693488335,0.354508488119368,2.51978700161078,726,"6,55"
727,"unconstrained","0",-2007.24981466346,0.495938955589733,1.31883084425057,0.354970975643264,2.66070347787789,727,"7,55"
727,"constrained_alpha",NA,-2023.60852296562,0.47843387141927,1.31883084425057,0.354970975643264,2.66070347787789,727,"7,55"
728,"unconstrained","0",-1998.35900084414,0.505143844639011,1.32119283208996,0.315342994416224,2.53724737773446,728,"8,55"
728,"constrained_alpha",NA,-2015.18957230045,0.493751417750317,1.32119283208996,0.315342994416224,2.53724737773446,728,"8,55"
729,"unconstrained","0",-2002.44050363136,0.497997008050859,1.37068563712655,0.355763715715001,2.62652694071738,729,"9,55"
729,"constrained_alpha",NA,-2020.63848205821,0.476893700546628,1.37068563712655,0.355763715715001,2.62652694071738,729,"9,55"
730,"unconstrained","0",-2004.83908902091,0.503583127739491,1.33332100871107,0.39433411544894,2.61335951787978,730,"10,55"
730,"constrained_alpha",NA,-2021.8233436146,0.507756041438318,1.33332100871107,0.39433411544894,2.61335951787978,730,"10,55"
731,"unconstrained","0",-2011.22544195924,0.493984251920345,1.3220935058596,0.353387931838253,2.54120000910486,731,"11,55"
731,"constrained_alpha",NA,-2028.00037275293,0.477427044926774,1.3220935058596,0.353387931838253,2.54120000910486,731,"11,55"
732,"unconstrained","0",-2000.64530696015,0.505415613396732,1.32660583179637,0.369753414914818,2.51971696381671,732,"12,55"
732,"constrained_alpha",NA,-2014.46995642143,0.506184762496341,1.32660583179637,0.369753414914818,2.51971696381671,732,"12,55"
733,"unconstrained","0",-2006.61849484206,0.498902015863876,1.32498186568399,0.351749664850917,2.6501197946573,733,"13,55"
733,"constrained_alpha",NA,-2022.04362426667,0.484034908368644,1.32498186568399,0.351749664850917,2.6501197946573,733,"13,55"
734,"unconstrained","0",-2006.15698314315,0.491760637079091,1.32726535914709,0.343479371526396,2.54541379208937,734,"14,55"
734,"constrained_alpha",NA,-2022.83088301773,0.492427857547732,1.32726535914709,0.343479371526396,2.54541379208937,734,"14,55"
735,"unconstrained","0",-2005.43626222423,0.495486543154674,1.32019639614928,0.339246278089948,2.52144965265942,735,"15,55"
735,"constrained_alpha",NA,-2023.06591140503,0.49745673702014,1.32019639614928,0.339246278089948,2.52144965265942,735,"15,55"
736,"unconstrained","0",-2006.46071099116,0.500368667419533,1.30985825113337,0.371251574350731,2.52046643965843,736,"16,55"
736,"constrained_alpha",NA,-2022.65608749705,0.480432519542469,1.30985825113337,0.371251574350731,2.52046643965843,736,"16,55"
737,"unconstrained","0",-2010.21995954377,0.492958173407928,1.36128706239999,0.402489891621736,2.58040534044829,737,"17,55"
737,"constrained_alpha",NA,-2026.30195273317,0.474625689292417,1.36128706239999,0.402489891621736,2.58040534044829,737,"17,55"
738,"unconstrained","0",-2007.74351183977,0.495661541717111,1.32990516073432,0.356052909053631,2.61311741615073,738,"18,55"
738,"constrained_alpha",NA,-2023.48280021708,0.49808087793605,1.32990516073432,0.356052909053631,2.61311741615073,738,"18,55"
739,"unconstrained","0",-2002.60541390719,0.502621136833016,1.33203100053616,0.338944609332883,2.55481961945687,739,"19,55"
739,"constrained_alpha",NA,-2019.4255193617,0.487296794702116,1.33203100053616,0.338944609332883,2.55481961945687,739,"19,55"
740,"unconstrained","0",-2009.46227679746,0.495405200491358,1.34778134706675,0.365906318780232,2.54113989585152,740,"20,55"
740,"constrained_alpha",NA,-2026.74534154063,0.479570197664811,1.34778134706675,0.365906318780232,2.54113989585152,740,"20,55"
741,"unconstrained","0",-2007.53302063504,0.493784161057318,1.3207692208827,0.343607817993124,2.53036520080959,741,"21,55"
741,"constrained_alpha",NA,-2024.21885787965,0.477516638380529,1.3207692208827,0.343607817993124,2.53036520080959,741,"21,55"
742,"unconstrained","0",-1993.03279472216,0.471235344453554,1.38722141460836,0.375947590283849,2.52462656808336,742,"22,55"
742,"constrained_alpha",NA,-2009.14134778064,0.456061301830405,1.38722141460836,0.375947590283849,2.52462656808336,742,"22,55"
743,"unconstrained","0",-2007.22794883415,0.493784743762858,1.32591835759476,0.361866400551172,2.54106476934763,743,"23,55"
743,"constrained_alpha",NA,-2022.80739254542,0.480812004245472,1.32591835759476,0.361866400551172,2.54106476934763,743,"23,55"
744,"unconstrained","0",-2003.88013840652,0.497253093589885,1.34085782064055,0.35686126283535,2.52374139682292,744,"24,55"
744,"constrained_alpha",NA,-2021.32972915421,0.478209145826562,1.34085782064055,0.35686126283535,2.52374139682292,744,"24,55"
745,"unconstrained","0",-2005.20229802727,0.491982343177885,1.33024741318589,0.350890753805465,2.52034070750468,745,"25,55"
745,"constrained_alpha",NA,-2023.32027611954,0.474295047855482,1.33024741318589,0.350890753805465,2.52034070750468,745,"25,55"
746,"unconstrained","0",-2007.67086533225,0.491041382147518,1.45307875039045,0.39549922600232,2.63283082458727,746,"26,55"
746,"constrained_alpha",NA,-2022.75703254934,0.490764515083328,1.45307875039045,0.39549922600232,2.63283082458727,746,"26,55"
747,"unconstrained","0",-2000.97853757833,0.497087460150091,1.33895251672531,0.353984536134323,2.52366922182806,747,"27,55"
747,"constrained_alpha",NA,-2016.40011291123,0.499964394075362,1.33895251672531,0.353984536134323,2.52366922182806,747,"27,55"
748,"unconstrained","0",-2008.88445621126,0.49513876086503,1.37320468251923,0.379057166514168,2.54123457142303,748,"28,55"
748,"constrained_alpha",NA,-2026.9705458021,0.47967039102325,1.37320468251923,0.379057166514168,2.54123457142303,748,"28,55"
749,"unconstrained","0",-2002.78296404525,0.497133512772701,1.32653270167693,0.354594882057636,2.5569163545755,749,"29,55"
749,"constrained_alpha",NA,-2017.51006509634,0.50482875015447,1.32653270167693,0.354594882057636,2.5569163545755,749,"29,55"
750,"unconstrained","0",-1996.05258331436,0.471572922734307,1.38129595180386,0.344229232757204,2.65213180052888,750,"30,55"
750,"constrained_alpha",NA,-2015.2904623773,0.455458164066323,1.38129595180386,0.344229232757204,2.65213180052888,750,"30,55"
751,"unconstrained","0",-2014.57723286482,0.483321613858467,1.2799907935936,0.330348141852755,2.51090568085864,751,"1,56"
751,"constrained_alpha",NA,-2029.86955272183,0.47197093532246,1.2799907935936,0.330348141852755,2.51090568085864,751,"1,56"
752,"unconstrained","0",-2011.34578945546,0.487241678998351,1.28428369957097,0.324594965562914,2.51056025043229,752,"2,56"
752,"constrained_alpha",NA,-2027.4800521422,0.487026338898892,1.28428369957097,0.324594965562914,2.51056025043229,752,"2,56"
753,"unconstrained","0",-2007.34622352254,0.490923957180824,1.30853991722449,0.319796566294818,2.49517495306593,753,"3,56"
753,"constrained_alpha",NA,-2022.38901871374,0.496837976363517,1.30853991722449,0.319796566294818,2.49517495306593,753,"3,56"
754,"unconstrained","0",-2013.39633222171,0.483497392318837,1.3193658194427,0.326641016314811,2.53336060264831,754,"4,56"
754,"constrained_alpha",NA,-2029.75618327429,0.467927841557427,1.3193658194427,0.326641016314811,2.53336060264831,754,"4,56"
755,"unconstrained","0",-2009.99410430534,0.482569068932363,1.27886813999903,0.330347711612977,2.47947496026664,755,"5,56"
755,"constrained_alpha",NA,-2027.51604024185,0.465408116160758,1.27886813999903,0.330347711612977,2.47947496026664,755,"5,56"
756,"unconstrained","0",-2012.69786275396,0.479407227206155,1.27807011851852,0.327394346370211,2.4763008945648,756,"6,56"
756,"constrained_alpha",NA,-2029.43898604818,0.462775573499183,1.27807011851852,0.327394346370211,2.4763008945648,756,"6,56"
757,"unconstrained","0",-2012.99708808853,0.482430998558185,1.27578738269281,0.325482190758356,2.60972907181646,757,"7,56"
757,"constrained_alpha",NA,-2028.32052410067,0.463534185233577,1.27578738269281,0.325482190758356,2.60972907181646,757,"7,56"
758,"unconstrained","0",-2004.25929261331,0.491849026566491,1.27640891070139,0.286652235476925,2.49429667282888,758,"8,56"
758,"constrained_alpha",NA,-2019.87039889833,0.477856450060214,1.27640891070139,0.286652235476925,2.49429667282888,758,"8,56"
759,"unconstrained","0",-2008.18970956565,0.484874601103734,1.31752861092392,0.329395200509326,2.48499594214286,759,"9,56"
759,"constrained_alpha",NA,-2024.02223933119,0.47311143510635,1.31752861092392,0.329395200509326,2.48499594214286,759,"9,56"
760,"unconstrained","0",-2010.85816910943,0.490192928795021,1.28705280956115,0.360588100624183,2.5644977286487,760,"10,56"
760,"constrained_alpha",NA,-2026.2319323801,0.49228472888166,1.28705280956115,0.360588100624183,2.5644977286487,760,"10,56"
761,"unconstrained","0",-2016.95330025713,0.480227295769493,1.27951191319442,0.325885892466312,2.49592247635317,761,"11,56"
761,"constrained_alpha",NA,-2032.04059406962,0.468188869220139,1.27951191319442,0.325885892466312,2.49592247635317,761,"11,56"
762,"unconstrained","0",-2006.67648050112,0.491828603987296,1.27713129505926,0.333931708190846,2.47588519298925,762,"12,56"
762,"constrained_alpha",NA,-2021.18701619257,0.491103652757145,1.27713129505926,0.333931708190846,2.47588519298925,762,"12,56"
763,"unconstrained","0",-2012.35328792194,0.485497515688268,1.28201773478601,0.325531511542507,2.6066761783502,763,"13,56"
763,"constrained_alpha",NA,-2025.71675702266,0.473164928389394,1.28201773478601,0.325531511542507,2.6066761783502,763,"13,56"
764,"unconstrained","0",-2011.87370721215,0.477783911742559,1.28454151124153,0.317717034260015,2.50264801061594,764,"14,56"
764,"constrained_alpha",NA,-2027.34213262649,0.48521610767058,1.28454151124153,0.317717034260015,2.50264801061594,764,"14,56"
765,"unconstrained","0",-2011.25714395097,0.481796783271066,1.2818762185451,0.310993189163772,2.47848386044516,765,"15,56"
765,"constrained_alpha",NA,-2028.0772501973,0.468080690117165,1.2818762185451,0.310993189163772,2.47848386044516,765,"15,56"
766,"unconstrained","0",-2012.22831476284,0.486872875877513,1.26694066692343,0.337551417567352,2.4768659852657,766,"16,56"
766,"constrained_alpha",NA,-2027.98502011906,0.469277863977895,1.26694066692343,0.337551417567352,2.4768659852657,766,"16,56"
767,"unconstrained","0",-2015.87009918862,0.479741900913433,1.32210353933182,0.368736060182428,2.53318914435636,767,"17,56"
767,"constrained_alpha",NA,-2029.37590741033,0.46323125795484,1.32210353933182,0.368736060182428,2.53318914435636,767,"17,56"
768,"unconstrained","0",-2013.69491364159,0.481912405938538,1.28339867458169,0.32841355290595,2.56405956814874,768,"18,56"
768,"constrained_alpha",NA,-2029.28791089507,0.468719092986239,1.28339867458169,0.32841355290595,2.56405956814874,768,"18,56"
769,"unconstrained","0",-2008.47176066165,0.489345163193587,1.28694129845396,0.311202052684669,2.51216865385378,769,"19,56"
769,"constrained_alpha",NA,-2025.33561442309,0.471091127819665,1.28694129845396,0.311202052684669,2.51216865385378,769,"19,56"
770,"unconstrained","0",-2015.30102424133,0.481934737365716,1.30094006530789,0.336266294076889,2.49575698263256,770,"20,56"
770,"constrained_alpha",NA,-2031.62693322784,0.469745127485394,1.30094006530789,0.336266294076889,2.49575698263256,770,"20,56"
771,"unconstrained","0",-2013.3262271368,0.479763954165244,1.27850860814951,0.317638281134827,2.48754493372934,771,"21,56"
771,"constrained_alpha",NA,-2029.01276582203,0.465122892217453,1.27850860814951,0.317638281134827,2.48754493372934,771,"21,56"
772,"unconstrained","0",-1998.83729789053,0.457327640363056,1.337921117913,0.348410466635417,2.47977099468026,772,"22,56"
772,"constrained_alpha",NA,-2012.08691569167,0.44918386987094,1.337921117913,0.348410466635417,2.47977099468026,772,"22,56"
773,"unconstrained","0",-2012.97465665965,0.479824890597448,1.28231280156396,0.333098561016443,2.49556576353072,773,"23,56"
773,"constrained_alpha",NA,-2028.73266717138,0.462121643739013,1.28231280156396,0.333098561016443,2.49556576353072,773,"23,56"
774,"unconstrained","0",-2009.47432291301,0.483599343790301,1.29916632470539,0.329089478054806,2.47957847176889,774,"24,56"
774,"constrained_alpha",NA,-2024.8813508536,0.470867583794337,1.29916632470539,0.329089478054806,2.47957847176889,774,"24,56"
775,"unconstrained","0",-2010.77045554985,0.477800060845794,1.28874623626612,0.326996829670153,2.4763637006807,775,"25,56"
775,"constrained_alpha",NA,-2027.82097102028,0.458739347957286,1.28874623626612,0.326996829670153,2.4763637006807,775,"25,56"
776,"unconstrained","0",-2013.64755841057,0.47736886027374,1.39532932700162,0.360482175082797,2.59020852176984,776,"26,56"
776,"constrained_alpha",NA,-2028.61511843854,0.458232407720238,1.39532932700162,0.360482175082797,2.59020852176984,776,"26,56"
777,"unconstrained","0",-2006.76049144396,0.482977906942381,1.29522524067458,0.326518634344707,2.4792857950095,777,"27,56"
777,"constrained_alpha",NA,-2022.5112156639,0.484558280048307,1.29522524067458,0.326518634344707,2.4792857950095,777,"27,56"
778,"unconstrained","0",-2014.87152191861,0.481534306353056,1.32010609329388,0.344972868659383,2.49603140468341,778,"28,56"
778,"constrained_alpha",NA,-2031.95666326907,0.467007722926578,1.32010609329388,0.344972868659383,2.49603140468341,778,"28,56"
779,"unconstrained","0",-2008.47084354171,0.483725377327323,1.281446267406,0.325758689633396,2.51032150847339,779,"29,56"
779,"constrained_alpha",NA,-2023.06088032813,0.487437411569828,1.281446267406,0.325758689633396,2.51032150847339,779,"29,56"
780,"unconstrained","0",-2001.34902344777,0.457888737902956,1.33676793237207,0.321258626709668,2.60690729614662,780,"30,56"
780,"constrained_alpha",NA,-2019.57978872514,0.443292415952962,1.33676793237207,0.321258626709668,2.60690729614662,780,"30,56"
781,"unconstrained","0",-2018.48723035613,0.489988349165457,1.29330872631685,0.338524248098252,2.61721603595681,781,"1,57"
781,"constrained_alpha",NA,-2036.14906729629,0.493739318371935,1.29330872631685,0.338524248098252,2.61721603595681,781,"1,57"
782,"unconstrained","0",-2015.33178676332,0.493841164248937,1.2978533038202,0.332633310873011,2.61705176961979,782,"2,57"
782,"constrained_alpha",NA,-2032.21474602595,0.494247628454477,1.2978533038202,0.332633310873011,2.61705176961979,782,"2,57"
783,"unconstrained","0",-2011.24747978549,0.497230492803645,1.32162282410557,0.328037524418563,2.60027278972232,783,"3,57"
783,"constrained_alpha",NA,-2027.14800502005,0.502202788355007,1.32162282410557,0.328037524418563,2.60027278972232,783,"3,57"
784,"unconstrained","0",-2017.46718475133,0.490130037695832,1.33024936159633,0.334235185355649,2.64154848271158,784,"4,57"
784,"constrained_alpha",NA,-2034.69826289066,0.493890325225855,1.33024936159633,0.334235185355649,2.64154848271158,784,"4,57"
785,"unconstrained","0",-2014.13833852098,0.489407198939851,1.29070650706802,0.33954124976368,2.58246488471675,785,"5,57"
785,"constrained_alpha",NA,-2033.46053289124,0.493588472410208,1.29070650706802,0.33954124976368,2.58246488471675,785,"5,57"
786,"unconstrained","0",-2016.86022674735,0.486410082676408,1.29020692277567,0.335345235892731,2.57847210954072,786,"6,57"
786,"constrained_alpha",NA,-2034.97719370191,0.487758420509357,1.29020692277567,0.335345235892731,2.57847210954072,786,"6,57"
787,"unconstrained","0",-2017.11351511941,0.489193479011934,1.29017092313258,0.333627516424919,2.7247834327935,787,"7,57"
787,"constrained_alpha",NA,-2034.38422339996,0.470430648953308,1.29017092313258,0.333627516424919,2.7247834327935,787,"7,57"
788,"unconstrained","0",-2008.42060427961,0.498314770949209,1.28844219943907,0.294814707501998,2.5970372416962,788,"8,57"
788,"constrained_alpha",NA,-2023.88221765208,0.490330065167218,1.28844219943907,0.294814707501998,2.5970372416962,788,"8,57"
789,"unconstrained","0",-2012.29369171783,0.491629755930161,1.32777329857837,0.337390048000153,2.58906059965015,789,"9,57"
789,"constrained_alpha",NA,-2029.89584544269,0.473620119521693,1.32777329857837,0.337390048000153,2.58906059965015,789,"9,57"
790,"unconstrained","0",-2014.73817369306,0.496692157591805,1.30223723626945,0.369440338683087,2.67566543367558,790,"10,57"
790,"constrained_alpha",NA,-2031.10131054178,0.496955357809155,1.30223723626945,0.369440338683087,2.67566543367558,790,"10,57"
791,"unconstrained","0",-2021.03159498147,0.486929383612844,1.29295213467239,0.333725759644853,2.60063351449223,791,"11,57"
791,"constrained_alpha",NA,-2039.16343375918,0.495221196101817,1.29295213467239,0.333725759644853,2.60063351449223,791,"11,57"
792,"unconstrained","0",-2010.80337457116,0.498526657696893,1.29096992688778,0.343346719411055,2.57830953436256,792,"12,57"
792,"constrained_alpha",NA,-2025.8055247279,0.497101701139598,1.29096992688778,0.343346719411055,2.57830953436256,792,"12,57"
793,"unconstrained","0",-2016.44694809556,0.491922808320471,1.29623627014208,0.33339182279702,2.71654822135227,793,"13,57"
793,"constrained_alpha",NA,-2031.77422066008,0.480443380796639,1.29623627014208,0.33339182279702,2.71654822135227,793,"13,57"
794,"unconstrained","0",-2015.97289723768,0.484571497930753,1.29795086441654,0.32566057539124,2.60571774178187,794,"14,57"
794,"constrained_alpha",NA,-2033.70655005543,0.490163071772381,1.29795086441654,0.32566057539124,2.60571774178187,794,"14,57"
795,"unconstrained","0",-2015.29093558208,0.488872318820499,1.29346367735149,0.319047261241031,2.58033420768619,795,"15,57"
795,"constrained_alpha",NA,-2033.20107349979,0.497217396233184,1.29346367735149,0.319047261241031,2.58033420768619,795,"15,57"
796,"unconstrained","0",-2016.3519822647,0.4934025345067,1.28032393184397,0.34661542203666,2.57916313172519,796,"16,57"
796,"constrained_alpha",NA,-2034.08201493324,0.47443042513166,1.28032393184397,0.34661542203666,2.57916313172519,796,"16,57"
797,"unconstrained","0",-2019.904766437,0.486291385336904,1.33513812854568,0.377464707011186,2.64145193262376,797,"17,57"
797,"constrained_alpha",NA,-2035.61436190521,0.46865428878521,1.33513812854568,0.377464707011186,2.64145193262376,797,"17,57"
798,"unconstrained","0",-2017.76707565647,0.488672996889425,1.2969618795204,0.336343954593074,2.67535524630038,798,"18,57"
798,"constrained_alpha",NA,-2034.97915055684,0.491483952967042,1.2969618795204,0.336343954593074,2.67535524630038,798,"18,57"
799,"unconstrained","0",-2012.54940956661,0.495715451495364,1.29933858440291,0.319327555171685,2.61568886055768,799,"19,57"
799,"constrained_alpha",NA,-2028.81223104766,0.486119131484547,1.29933858440291,0.319327555171685,2.61568886055768,799,"19,57"
800,"unconstrained","0",-2019.28623333067,0.488419921732139,1.31498831711387,0.344671304719002,2.60054440492367,800,"20,57"
800,"constrained_alpha",NA,-2038.05409051769,0.471568003253374,1.31498831711387,0.344671304719002,2.60054440492367,800,"20,57"
801,"unconstrained","0",-2017.39469972948,0.486717630431401,1.29122009712414,0.325551645895219,2.58978589072033,801,"21,57"
801,"constrained_alpha",NA,-2034.91358267626,0.498443999278876,1.29122009712414,0.325551645895219,2.58978589072033,801,"21,57"
802,"unconstrained","0",-2002.94415619536,0.46384820563388,1.35606791980245,0.357725853340472,2.58324285855179,802,"22,57"
802,"constrained_alpha",NA,-2017.93723405565,0.449298981792683,1.35606791980245,0.357725853340472,2.58324285855179,802,"22,57"
803,"unconstrained","0",-2017.10675374666,0.486688216309025,1.29627933445774,0.340918438061446,2.60046635148892,803,"23,57"
803,"constrained_alpha",NA,-2034.52064315115,0.493835706979445,1.29627933445774,0.340918438061446,2.60046635148892,803,"23,57"
804,"unconstrained","0",-2013.67220478589,0.490081094953491,1.31028001081042,0.336943548958204,2.58249281079322,804,"24,57"
804,"constrained_alpha",NA,-2031.45368476698,0.478032482502676,1.31028001081042,0.336943548958204,2.58249281079322,804,"24,57"
805,"unconstrained","0",-2014.96575558316,0.484949722017162,1.30017624456335,0.334908648501276,2.57895339444572,805,"25,57"
805,"constrained_alpha",NA,-2033.06893276041,0.494317524153963,1.30017624456335,0.334908648501276,2.57895339444572,805,"25,57"
806,"unconstrained","0",-2017.87170308014,0.483905548582568,1.40439215326457,0.369195728141946,2.69846554413868,806,"26,57"
806,"constrained_alpha",NA,-2033.09041753348,0.487415598804444,1.40439215326457,0.369195728141946,2.69846554413868,806,"26,57"
807,"unconstrained","0",-2010.84678152533,0.4899991820093,1.30764937054346,0.334562050042635,2.58238384405787,807,"27,57"
807,"constrained_alpha",NA,-2027.5704099903,0.495264493846803,1.30764937054346,0.334562050042635,2.58238384405787,807,"27,57"
808,"unconstrained","0",-2018.90816214852,0.488282635147185,1.33149295934053,0.35394750915668,2.60068382520948,808,"28,57"
808,"constrained_alpha",NA,-2038.14543341924,0.467545942626785,1.33149295934053,0.35394750915668,2.60068382520948,808,"28,57"
809,"unconstrained","0",-2012.5821348037,0.490370092767652,1.29404958284724,0.334033094189839,2.61689578871573,809,"29,57"
809,"constrained_alpha",NA,-2028.53741497529,0.494941654684462,1.29404958284724,0.334033094189839,2.61689578871573,809,"29,57"
810,"unconstrained","0",-2005.546130656,0.46432504398936,1.35207707260482,0.329896044987426,2.71825029424358,810,"30,57"
810,"constrained_alpha",NA,-2026.16936379167,0.469522121388995,1.35207707260482,0.329896044987426,2.71825029424358,810,"30,57"
811,"unconstrained","0",-2009.54777924668,0.491480943930664,1.295077678843,0.304726145427788,2.52565857385828,811,"1,58"
811,"constrained_alpha",NA,-2027.62494182952,0.498104249956447,1.295077678843,0.304726145427788,2.52565857385828,811,"1,58"
812,"unconstrained","0",-2006.29306483052,0.495317433260756,1.3015613803105,0.299263699041058,2.52546882050433,812,"2,58"
812,"constrained_alpha",NA,-2024.49947478155,0.498713388500733,1.3015613803105,0.299263699041058,2.52546882050433,812,"2,58"
813,"unconstrained","0",-2002.28855593539,0.498211205552377,1.32475297313985,0.296414732432288,2.50977544350221,813,"3,58"
813,"constrained_alpha",NA,-2019.73559535699,0.500030627677993,1.32475297313985,0.296414732432288,2.50977544350221,813,"3,58"
814,"unconstrained","0",-2008.37055921562,0.491397219391318,1.34261856679451,0.300318598445556,2.54840583158029,814,"4,58"
814,"constrained_alpha",NA,-2026.53887572665,0.494630549785676,1.34261856679451,0.300318598445556,2.54840583158029,814,"4,58"
815,"unconstrained","0",-2004.94772652075,0.490687880469113,1.29688980194308,0.305881988355495,2.49326050108513,815,"5,58"
815,"constrained_alpha",NA,-2024.08159406415,0.490915323582898,1.29688980194308,0.305881988355495,2.49326050108513,815,"5,58"
816,"unconstrained","0",-2007.79221958755,0.487750963568373,1.29538334772829,0.302157212584828,2.48958635112325,816,"6,58"
816,"constrained_alpha",NA,-2025.66094277043,0.488053457524372,1.29538334772829,0.302157212584828,2.48958635112325,816,"6,58"
817,"unconstrained","0",-2008.01269479498,0.490627143209113,1.29064995046806,0.301081996681452,2.62648958955969,817,"7,58"
817,"constrained_alpha",NA,-2026.46961072587,0.471075893302992,1.29064995046806,0.301081996681452,2.62648958955969,817,"7,58"
818,"unconstrained","0",-1999.24430992878,0.499151078244262,1.29265083497721,0.266515648055849,2.5069145792638,818,"8,58"
818,"constrained_alpha",NA,-2014.33903175346,0.487748236457983,1.29265083497721,0.266515648055849,2.5069145792638,818,"8,58"
819,"unconstrained","0",-2003.13593843293,0.492503581615578,1.34774721483704,0.303952775330244,2.7018246995089,819,"9,58"
819,"constrained_alpha",NA,-2021.78103964716,0.47162659105449,1.34774721483704,0.303952775330244,2.7018246995089,819,"9,58"
820,"unconstrained","0",-2005.79956236916,0.498178647222497,1.30303987694213,0.331927881924695,2.58030568660835,820,"10,58"
820,"constrained_alpha",NA,-2023.03229247107,0.499926653369399,1.30303987694213,0.331927881924695,2.58030568660835,820,"10,58"
821,"unconstrained","0",-2011.97720349353,0.48838309817788,1.29567039586166,0.300689962954186,2.51018833886777,821,"11,58"
821,"constrained_alpha",NA,-2030.54827070321,0.491292828229093,1.29567039586166,0.300689962954186,2.51018833886777,821,"11,58"
822,"unconstrained","0",-2001.74545251267,0.498859460449131,1.29485744024075,0.310041699306979,2.48944822320359,822,"12,58"
822,"constrained_alpha",NA,-2017.12796972687,0.499812252477565,1.29485744024075,0.310041699306979,2.48944822320359,822,"12,58"
823,"unconstrained","0",-2007.38790983994,0.493078305254158,1.29787543713422,0.300309204888663,2.61779387640074,823,"13,58"
823,"constrained_alpha",NA,-2024.77495638025,0.476825329853391,1.29787543713422,0.300309204888663,2.61779387640074,823,"13,58"
824,"unconstrained","0",-2006.96782776558,0.485927556769298,1.30021890550776,0.293782240976005,2.51500465824737,824,"14,58"
824,"constrained_alpha",NA,-2026.14137668741,0.488900852066079,1.30021890550776,0.293782240976005,2.51500465824737,824,"14,58"
825,"unconstrained","0",-2006.19727189845,0.490273502626663,1.2952437218579,0.288181473126028,2.49135246492295,825,"15,58"
825,"constrained_alpha",NA,-2023.82117316616,0.49707178816843,1.2952437218579,0.288181473126028,2.49135246492295,825,"15,58"
826,"unconstrained","0",-2007.21328613955,0.494563155944709,1.28259228792663,0.311999766998231,2.49021116293674,826,"16,58"
826,"constrained_alpha",NA,-2025.27653593759,0.476328040967653,1.28259228792663,0.311999766998231,2.49021116293674,826,"16,58"
827,"unconstrained","0",-2010.8652833075,0.487340915077644,1.3358657014631,0.338914221663871,2.54830378584042,827,"17,58"
827,"constrained_alpha",NA,-2027.27029548701,0.464641436821947,1.3358657014631,0.338914221663871,2.54830378584042,827,"17,58"
828,"unconstrained","0",-2008.65737629681,0.490161766497317,1.29900345993421,0.302785601384197,2.58005206668925,828,"18,58"
828,"constrained_alpha",NA,-2027.28980419625,0.486610248070782,1.29900345993421,0.302785601384197,2.58005206668925,828,"18,58"
829,"unconstrained","0",-2003.47021414258,0.496951878330286,1.30551016643849,0.288440053898167,2.52427931674158,829,"19,58"
829,"constrained_alpha",NA,-2021.94939051779,0.47870858203624,1.30551016643849,0.288440053898167,2.52427931674158,829,"19,58"
830,"unconstrained","0",-2010.30654143546,0.489763953275868,1.31931324122061,0.310157819629337,2.51008817159547,830,"20,58"
830,"constrained_alpha",NA,-2029.60752124683,0.472199079530483,1.31931324122061,0.310157819629337,2.51008817159547,830,"20,58"
831,"unconstrained","0",-2008.33172113587,0.488155962082101,1.29423138540186,0.29367830627876,2.50017255691174,831,"21,58"
831,"constrained_alpha",NA,-2026.22494237979,0.489038121263418,1.29423138540186,0.29367830627876,2.50017255691174,831,"21,58"
832,"unconstrained","0",-1993.96068761271,0.465256967628991,1.35538963673902,0.322148212357462,2.49400564456796,832,"22,58"
832,"constrained_alpha",NA,-2009.97271916855,0.468195328846427,1.35538963673902,0.322148212357462,2.49400564456796,832,"22,58"
833,"unconstrained","0",-2008.06006106034,0.488159336992633,1.29873034141564,0.306783583025928,2.50999956440769,833,"23,58"
833,"constrained_alpha",NA,-2025.64405405245,0.46629576118794,1.29873034141564,0.306783583025928,2.50999956440769,833,"23,58"
834,"unconstrained","0",-2004.59206973497,0.49194939289305,1.31392354913287,0.303103790242376,2.49329681905576,834,"24,58"
834,"constrained_alpha",NA,-2020.98553279519,0.482462955404232,1.31392354913287,0.303103790242376,2.49329681905576,834,"24,58"
835,"unconstrained","0",-2005.90778554726,0.48646507034841,1.30350067721911,0.30106011761835,2.49000964922904,835,"25,58"
835,"constrained_alpha",NA,-2023.89879613778,0.487481742467831,1.30350067721911,0.30106011761835,2.49000964922904,835,"25,58"
836,"unconstrained","0",-2008.60384877242,0.485011859462448,1.4172938934664,0.331565820942578,2.60098626357756,836,"26,58"
836,"constrained_alpha",NA,-2025.51347025856,0.482538082638039,1.4172938934664,0.331565820942578,2.60098626357756,836,"26,58"
837,"unconstrained","0",-2001.82531117855,0.491413801989566,1.31029136117276,0.301752010743583,2.49314940456216,837,"27,58"
837,"constrained_alpha",NA,-2020.35602478336,0.497326630687792,1.31029136117276,0.301752010743583,2.49314940456216,837,"27,58"
838,"unconstrained","0",-2009.7874376433,0.48971392265617,1.33734747535784,0.318353768493699,2.51023216684995,838,"28,58"
838,"constrained_alpha",NA,-2028.5785590989,0.478300207593926,1.33734747535784,0.318353768493699,2.51023216684995,838,"28,58"
839,"unconstrained","0",-2003.41433477927,0.491707823163544,1.30190650583445,0.301435609203243,2.52534163327446,839,"29,58"
839,"constrained_alpha",NA,-2020.40393907006,0.494219898902117,1.30190650583445,0.301435609203243,2.52534163327446,839,"29,58"
840,"unconstrained","0",-1996.40114124377,0.466632231412495,1.35240457133188,0.297086767704782,2.61922365062497,840,"30,58"
840,"constrained_alpha",NA,-2018.43634215763,0.469111708597866,1.35240457133188,0.297086767704782,2.61922365062497,840,"30,58"
841,"unconstrained","0",-2010.07162413537,0.501405001726346,1.26866279009873,0.321819925591514,2.5357344578998,841,"1,59"
841,"constrained_alpha",NA,-2024.8234971165,0.487757179559396,1.26866279009873,0.321819925591514,2.5357344578998,841,"1,59"
842,"unconstrained","0",-2006.7584380732,0.505284824891545,1.27798098698495,0.31622885620622,2.53532427385821,842,"2,59"
842,"constrained_alpha",NA,-2020.5730176193,0.487522828365344,1.27798098698495,0.31622885620622,2.53532427385821,842,"2,59"
843,"unconstrained","0",-2002.49228271502,0.508547758092933,1.31298123109129,0.310779443311704,2.5197322381162,843,"3,59"
843,"constrained_alpha",NA,-2015.8614346278,0.493514751897371,1.31298123109129,0.310779443311704,2.5197322381162,843,"3,59"
844,"unconstrained","0",-2008.8400228379,0.501551787155625,1.31223701269596,0.317875478673308,2.55861330814227,844,"4,59"
844,"constrained_alpha",NA,-2022.63621265255,0.486693071798944,1.31223701269596,0.317875478673308,2.55861330814227,844,"4,59"
845,"unconstrained","0",-2005.61300634881,0.500852258595759,1.27079565678205,0.322141512154589,2.50390912248852,845,"5,59"
845,"constrained_alpha",NA,-2020.13175506533,0.485445798005207,1.27079565678205,0.322141512154589,2.50390912248852,845,"5,59"
846,"unconstrained","0",-2008.33878209221,0.498167154475204,1.26945338183418,0.318526328794621,2.50089535740986,846,"6,59"
846,"constrained_alpha",NA,-2022.28068287357,0.481908790259876,1.26945338183418,0.318526328794621,2.50089535740986,846,"6,59"
847,"unconstrained","0",-2008.43459822735,0.500581322496225,1.26709914259294,0.316541390496001,2.63608832195702,847,"7,59"
847,"constrained_alpha",NA,-2022.09211722493,0.485465929222248,1.26709914259294,0.316541390496001,2.63608832195702,847,"7,59"
848,"unconstrained","0",-1999.3416006985,0.508733906722436,1.26910749891816,0.278400714262322,2.51968559388428,848,"8,59"
848,"constrained_alpha",NA,-2012.55940097527,0.497402879396691,1.26910749891816,0.278400714262322,2.51968559388428,848,"8,59"
849,"unconstrained","0",-2003.58795294435,0.50218612710326,1.31100820069161,0.320347808393924,2.50919679705267,849,"9,59"
849,"constrained_alpha",NA,-2017.68162718626,0.488846416805707,1.31100820069161,0.320347808393924,2.50919679705267,849,"9,59"
850,"unconstrained","0",-2006.29136588687,0.508107302971187,1.27813468964642,0.351405017535261,2.5903081943172,850,"10,59"
850,"constrained_alpha",NA,-2019.92597667441,0.487554010214441,1.27813468964642,0.351405017535261,2.5903081943172,850,"10,59"
851,"unconstrained","0",-2012.3895019548,0.498466014555397,1.27160131403207,0.317196812171462,2.52057198689999,851,"11,59"
851,"constrained_alpha",NA,-2025.90565289274,0.487460522529693,1.27160131403207,0.317196812171462,2.52057198689999,851,"11,59"
852,"unconstrained","0",-2001.86268827031,0.509422359078716,1.27235456606525,0.324616977087288,2.50026466731312,852,"12,59"
852,"constrained_alpha",NA,-2014.14545112845,0.491432200362442,1.27235456606525,0.324616977087288,2.50026466731312,852,"12,59"
853,"unconstrained","0",-2007.44493310407,0.502950679753231,1.27423487479601,0.316724864658872,2.63622687129025,853,"13,59"
853,"constrained_alpha",NA,-2020.28287511831,0.48850070787331,1.27423487479601,0.316724864658872,2.63622687129025,853,"13,59"
854,"unconstrained","0",-2007.55099226197,0.495959350178605,1.27587836289228,0.308844572674516,2.5284475333351,854,"14,59"
854,"constrained_alpha",NA,-2021.25359694767,0.48351913753052,1.27587836289228,0.308844572674516,2.5284475333351,854,"14,59"
855,"unconstrained","0",-2006.87668426855,0.500574280479878,1.26854415671123,0.302384740874078,2.50329487140379,855,"15,59"
855,"constrained_alpha",NA,-2019.99868253723,0.490576274160686,1.26854415671123,0.302384740874078,2.50329487140379,855,"15,59"
856,"unconstrained","0",-2007.51252743665,0.50385720526496,1.25971907770656,0.329198853162475,2.5013987726757,856,"16,59"
856,"constrained_alpha",NA,-2020.55610391051,0.493686563332186,1.25971907770656,0.329198853162475,2.5013987726757,856,"16,59"
857,"unconstrained","0",-2011.37138431322,0.497394463542352,1.30849465745423,0.359262446137403,2.5582871329195,857,"17,59"
857,"constrained_alpha",NA,-2024.20560872883,0.482774735130957,1.30849465745423,0.359262446137403,2.5582871329195,857,"17,59"
858,"unconstrained","0",-2009.16711294763,0.500332164049421,1.27559874884855,0.319713775542885,2.58973949143523,858,"18,59"
858,"constrained_alpha",NA,-2022.85916683593,0.484701027167526,1.27559874884855,0.319713775542885,2.58973949143523,858,"18,59"
859,"unconstrained","0",-2003.5516134671,0.507405428287747,1.27935163536794,0.302473778418671,2.53835555944115,859,"19,59"
859,"constrained_alpha",NA,-2017.88545204651,0.492841557935456,1.27935163536794,0.302473778418671,2.53835555944115,859,"19,59"
860,"unconstrained","0",-2010.70034380593,0.499865569743686,1.29546532987369,0.32759728711365,2.52035249203522,860,"20,59"
860,"constrained_alpha",NA,-2024.69140415461,0.488853844469605,1.29546532987369,0.32759728711365,2.52035249203522,860,"20,59"
861,"unconstrained","0",-2008.83837430893,0.498771338064776,1.2688658217223,0.308821621186804,2.51275649298197,861,"21,59"
861,"constrained_alpha",NA,-2023.15913325278,0.485094277772803,1.2688658217223,0.308821621186804,2.51275649298197,861,"21,59"
862,"unconstrained","0",-1994.56630770503,0.476552910792884,1.3315940109261,0.337665552564448,2.50422991593322,862,"22,59"
862,"constrained_alpha",NA,-2006.75157359533,0.466832166842743,1.3315940109261,0.337665552564448,2.50422991593322,862,"22,59"
863,"unconstrained","0",-2008.48216165616,0.49809984993179,1.27365164318684,0.324056167742486,2.52014052206173,863,"23,59"
863,"constrained_alpha",NA,-2021.90072310429,0.481271232394617,1.27365164318684,0.324056167742486,2.52014052206173,863,"23,59"
864,"unconstrained","0",-2004.70275620092,0.500795055195244,1.28994486639428,0.320406378644999,2.50401300238598,864,"24,59"
864,"constrained_alpha",NA,-2018.31427013853,0.489511827313404,1.28994486639428,0.320406378644999,2.50401300238598,864,"24,59"
865,"unconstrained","0",-2006.47759346896,0.496977969784185,1.27843224954706,0.317851067267978,2.50080668505926,865,"25,59"
865,"constrained_alpha",NA,-2020.70095893734,0.482268427353612,1.27843224954706,0.317851067267978,2.50080668505926,865,"25,59"
866,"unconstrained","0",-2009.01390937159,0.497368596144358,1.38691219897709,0.351509558920942,2.61937460120894,866,"26,59"
866,"constrained_alpha",NA,-2021.0601021717,0.480366450123325,1.38691219897709,0.351509558920942,2.61937460120894,866,"26,59"
867,"unconstrained","0",-2002.2898120752,0.501131423331354,1.28599404316198,0.31750879376047,2.50367319367044,867,"27,59"
867,"constrained_alpha",NA,-2015.99053363938,0.487074204783794,1.28599404316198,0.31750879376047,2.50367319367044,867,"27,59"
868,"unconstrained","0",-2010.26970072508,0.500027418724136,1.31547200348028,0.336419058720308,2.52068264750031,868,"28,59"
868,"constrained_alpha",NA,-2024.59576880787,0.486797465363924,1.31547200348028,0.336419058720308,2.52068264750031,868,"28,59"
869,"unconstrained","0",-2003.72835732402,0.501598099136703,1.27487243555602,0.316681205426031,2.53502575131815,869,"29,59"
869,"constrained_alpha",NA,-2015.90710561717,0.491379741614492,1.27487243555602,0.316681205426031,2.53502575131815,869,"29,59"
870,"unconstrained","0",-1997.3846436838,0.475366019411559,1.32953248974273,0.312298029780444,2.63588799527608,870,"30,59"
870,"constrained_alpha",NA,-2014.61477105853,0.460215769202137,1.32953248974273,0.312298029780444,2.63588799527608,870,"30,59"
871,"unconstrained","0",-2021.45193694577,0.484019605690337,1.31700429287826,0.378055012654833,2.61683722904279,871,"1,60"
871,"constrained_alpha",NA,-2038.61146363276,0.465691936562883,1.31700429287826,0.378055012654833,2.61683722904279,871,"1,60"
872,"unconstrained","0",-2018.07748257675,0.487936563324744,1.32500760469765,0.371433409981147,2.61662966879272,872,"2,60"
872,"constrained_alpha",NA,-2033.64089545919,0.486184051920048,1.32500760469765,0.371433409981147,2.61662966879272,872,"2,60"
873,"unconstrained","0",-2013.94192978034,0.491288065554772,1.35291033410257,0.365434816469432,2.59987920193943,873,"3,60"
873,"constrained_alpha",NA,-2029.57509600842,0.497117121741924,1.35291033410257,0.365434816469432,2.59987920193943,873,"3,60"
874,"unconstrained","0",-2020.17250340962,0.484079749144072,1.35773395903194,0.373374721941012,2.64112883280252,874,"4,60"
874,"constrained_alpha",NA,-2036.34538815427,0.466586559499583,1.35773395903194,0.373374721941012,2.64112883280252,874,"4,60"
875,"unconstrained","0",-2016.80412619128,0.483526960970861,1.3169559868532,0.380270325086843,2.58219799677349,875,"5,60"
875,"constrained_alpha",NA,-2034.06492476664,0.463353286154235,1.3169559868532,0.380270325086843,2.58219799677349,875,"5,60"
876,"unconstrained","0",-2019.553653491,0.480442850655235,1.31656452271685,0.373945433553047,2.57828864618602,876,"6,60"
876,"constrained_alpha",NA,-2035.77289334445,0.461606290419449,1.31656452271685,0.373945433553047,2.57828864618602,876,"6,60"
877,"unconstrained","0",-2019.63881008701,0.483545023007559,1.31784540597162,0.371792803465383,2.72421172887556,877,"7,60"
877,"constrained_alpha",NA,-2035.12103062531,0.464112378204614,1.31784540597162,0.371792803465383,2.72421172887556,877,"7,60"
878,"unconstrained","0",-2011.04311572659,0.49244874259931,1.31585842891004,0.328591789133701,2.59702192248689,878,"8,60"
878,"constrained_alpha",NA,-2026.6106457976,0.479861637493339,1.31585842891004,0.328591789133701,2.59702192248689,878,"8,60"
879,"unconstrained","0",-2014.93723158983,0.485735165093654,1.35125322107681,0.376354609971463,2.58871321331416,879,"9,60"
879,"constrained_alpha",NA,-2030.89152645015,0.466106608347436,1.35125322107681,0.376354609971463,2.58871321331416,879,"9,60"
880,"unconstrained","0",-2017.53194311666,0.490540394089484,1.32777190352099,0.41450718072428,2.675167605295,880,"10,60"
880,"constrained_alpha",NA,-2033.93450404917,0.487941326227675,1.32777190352099,0.41450718072428,2.675167605295,880,"10,60"
881,"unconstrained","0",-2023.77504141067,0.48112220620443,1.31910627050392,0.372016762538621,2.6003214830824,881,"11,60"
881,"constrained_alpha",NA,-2039.28697552383,0.469220980992878,1.31910627050392,0.372016762538621,2.6003214830824,881,"11,60"
882,"unconstrained","0",-2013.3872883768,0.492318887586951,1.31936373550815,0.383440570244396,2.57811609283802,882,"12,60"
882,"constrained_alpha",NA,-2026.43608996674,0.490481914541004,1.31936373550815,0.383440570244396,2.57811609283802,882,"12,60"
883,"unconstrained","0",-2019.10471574082,0.485978833424232,1.32299003077658,0.371821095947806,2.71705921807777,883,"13,60"
883,"constrained_alpha",NA,-2034.73737588188,0.468202535911366,1.32299003077658,0.371821095947806,2.71705921807777,883,"13,60"
884,"unconstrained","0",-2018.67899375301,0.478711112818039,1.3246996827322,0.362777486044981,2.60576768661913,884,"14,60"
884,"constrained_alpha",NA,-2034.23587224134,0.483028165300435,1.3246996827322,0.362777486044981,2.60576768661913,884,"14,60"
885,"unconstrained","0",-2018.05957793458,0.482887116518997,1.32036814865618,0.355199037348816,2.5802374003543,885,"15,60"
885,"constrained_alpha",NA,-2035.11618852822,0.464915472404674,1.32036814865618,0.355199037348816,2.5802374003543,885,"15,60"
886,"unconstrained","0",-2019.03237934216,0.487516098508469,1.30581807398033,0.388360920080785,2.57897503259414,886,"16,60"
886,"constrained_alpha",NA,-2034.58672713526,0.468074878839333,1.30581807398033,0.388360920080785,2.57897503259414,886,"16,60"
887,"unconstrained","0",-2022.48991646029,0.47999059807736,1.36304635206333,0.423632024574815,2.64105051804997,887,"17,60"
887,"constrained_alpha",NA,-2037.02692259016,0.461040034597034,1.36304635206333,0.423632024574815,2.64105051804997,887,"17,60"
888,"unconstrained","0",-2020.42699201817,0.482923486289752,1.32326831579505,0.375263772159883,2.67483736871263,888,"18,60"
888,"constrained_alpha",NA,-2035.90931470065,0.460373133696114,1.32326831579505,0.375263772159883,2.67483736871263,888,"18,60"
889,"unconstrained","0",-2015.26368958694,0.490083825877026,1.32654987903184,0.355510717467131,2.61579758967393,889,"19,60"
889,"constrained_alpha",NA,-2031.63462575657,0.475713184303482,1.32654987903184,0.355510717467131,2.61579758967393,889,"19,60"
890,"unconstrained","0",-2022.0570755441,0.482486981199909,1.34176547686784,0.385375231265328,2.6002262889662,890,"20,60"
890,"constrained_alpha",NA,-2038.65021379426,0.465430173813954,1.34176547686784,0.385375231265328,2.6002262889662,890,"20,60"
891,"unconstrained","0",-2020.15489804216,0.480797863488092,1.31740914639433,0.362657725980198,2.589752242944,891,"21,60"
891,"constrained_alpha",NA,-2035.69980101773,0.465387271516075,1.31740914639433,0.362657725980198,2.589752242944,891,"21,60"
892,"unconstrained","0",-2005.4730720107,0.457656849669644,1.38573449772038,0.400330437130482,2.58288996481165,892,"22,60"
892,"constrained_alpha",NA,-2019.22259684997,0.440384341478695,1.38573449772038,0.400330437130482,2.58288996481165,892,"22,60"
893,"unconstrained","0",-2019.79701306287,0.480792768746512,1.32197482974091,0.38043704349722,2.60008822692383,893,"23,60"
893,"constrained_alpha",NA,-2035.47788163213,0.460027276274937,1.32197482974091,0.38043704349722,2.60008822692383,893,"23,60"
894,"unconstrained","0",-2016.51085256692,0.484242342537425,1.33446697145713,0.37598453143772,2.58224529158778,894,"24,60"
894,"constrained_alpha",NA,-2032.45399738736,0.470691212020679,1.33446697145713,0.37598453143772,2.58224529158778,894,"24,60"
895,"unconstrained","0",-2017.63441890144,0.479025521550502,1.32761189142598,0.374218975348389,2.5787092957016,895,"25,60"
895,"constrained_alpha",NA,-2033.80027660962,0.459407881122954,1.32761189142598,0.374218975348389,2.5787092957016,895,"25,60"
896,"unconstrained","0",-2020.3305302421,0.47739548882344,1.43847666822024,0.41413360583604,2.69897972080278,896,"26,60"
896,"constrained_alpha",NA,-2034.66300097293,0.456978193691795,1.43847666822024,0.41413360583604,2.69897972080278,896,"26,60"
897,"unconstrained","0",-2013.47839266573,0.483772287872735,1.33664367867946,0.372972946715224,2.58207961626877,897,"27,60"
897,"constrained_alpha",NA,-2029.29578019741,0.492111317572874,1.33664367867946,0.372972946715224,2.58207961626877,897,"27,60"
898,"unconstrained","0",-2021.50833323607,0.482311488592606,1.36208289078755,0.396721762713186,2.60039910412113,898,"28,60"
898,"constrained_alpha",NA,-2037.55887163988,0.461361560971901,1.36208289078755,0.396721762713186,2.60039910412113,898,"28,60"
899,"unconstrained","0",-2015.21173834004,0.484584140524367,1.3219212460086,0.372265198961343,2.61648093849831,899,"29,60"
899,"constrained_alpha",NA,-2029.32983510883,0.488546582941922,1.3219212460086,0.372265198961343,2.61648093849831,899,"29,60"
900,"unconstrained","0",-2008.2037729252,0.458777999259085,1.3786964205518,0.36868601580579,2.71853662580681,900,"30,60"
900,"constrained_alpha",NA,-2025.55637836193,0.444436538812893,1.3786964205518,0.36868601580579,2.71853662580681,900,"30,60"
901,"unconstrained","0",-2019.69433698983,0.483556154098692,1.38213421832558,0.319085479211598,2.61696055239836,901,"1,61"
901,"constrained_alpha",NA,-2035.65514460932,0.488808677417278,1.38213421832558,0.319085479211598,2.61696055239836,901,"1,61"
902,"unconstrained","0",-2016.34544376378,0.487640873830404,1.39120504269504,0.313631931575977,2.63645985457951,902,"2,61"
902,"constrained_alpha",NA,-2032.53806006277,0.487764412939883,1.39120504269504,0.313631931575977,2.63645985457951,902,"2,61"
903,"unconstrained","0",-2012.30077294906,0.490798612788355,1.41378116582131,0.309350924566289,2.60001884430018,903,"3,61"
903,"constrained_alpha",NA,-2027.97130726406,0.496675175628635,1.41378116582131,0.309350924566289,2.60001884430018,903,"3,61"
904,"unconstrained","0",-2018.37254126179,0.483898030860076,1.44327287327252,0.315262227536611,3.11593091085056,904,"4,61"
904,"constrained_alpha",NA,-2033.7769296501,0.490856894538534,1.44327287327252,0.315262227536611,3.11593091085056,904,"4,61"
905,"unconstrained","0",-2015.16676227918,0.483166059279783,1.38893946875458,0.319083335272699,2.78299470378951,905,"5,61"
905,"constrained_alpha",NA,-2033.42185151579,0.486153744940409,1.38893946875458,0.319083335272699,2.78299470378951,905,"5,61"
906,"unconstrained","0",-2017.88426419066,0.480012416462079,1.38517249792484,0.316382125955615,2.7232828998285,906,"6,61"
906,"constrained_alpha",NA,-2034.52352181668,0.488736608628749,1.38517249792484,0.316382125955615,2.7232828998285,906,"6,61"
907,"unconstrained","0",-2018.15250422592,0.482707136699535,1.37834959488807,0.31480300115151,2.72438514526012,907,"7,61"
907,"constrained_alpha",NA,-2036.16548918284,0.461309527115213,1.37834959488807,0.31480300115151,2.72438514526012,907,"7,61"
908,"unconstrained","0",-2009.42742342352,0.49182971169692,1.37883830491564,0.277731487673748,2.59703154895764,908,"8,61"
908,"constrained_alpha",NA,-2024.44718609156,0.48367898024668,1.37883830491564,0.277731487673748,2.59703154895764,908,"8,61"
909,"unconstrained","0",-2013.34614135816,0.485143569298345,1.46206353876467,0.318265706702382,3.4669759059632,909,"9,61"
909,"constrained_alpha",NA,-2029.70504924488,0.463983296170453,1.46206353876467,0.318265706702382,3.4669759059632,909,"9,61"
910,"unconstrained","0",-2015.97430898513,0.4902052890225,1.39177494896293,0.34753047623817,2.67530023410269,910,"10,61"
910,"constrained_alpha",NA,-2031.87700518646,0.492020028251375,1.39177494896293,0.34753047623817,2.67530023410269,910,"10,61"
911,"unconstrained","0",-2022.14746723915,0.480544854865112,1.38251375188281,0.314932674089098,2.60041553757496,911,"11,61"
911,"constrained_alpha",NA,-2038.21247499275,0.487494286303282,1.38251375188281,0.314932674089098,2.60041553757496,911,"11,61"
912,"unconstrained","0",-2011.69936213236,0.492025791775183,1.38353942274004,0.323155963916222,2.64057655058405,912,"12,61"
912,"constrained_alpha",NA,-2025.65345669561,0.493275451611154,1.38353942274004,0.323155963916222,2.64057655058405,912,"12,61"
913,"unconstrained","0",-2017.57337956926,0.485403788641913,1.38419001718867,0.314481152203574,2.71692441409911,913,"13,61"
913,"constrained_alpha",NA,-2032.9551099699,0.461698288847954,1.38419001718867,0.314481152203574,2.71692441409911,913,"13,61"
914,"unconstrained","0",-2017.06216502595,0.478217651012535,1.38725319369654,0.307177903227058,2.60575749955935,914,"14,61"
914,"constrained_alpha",NA,-2032.52838165549,0.489187190275105,1.38725319369654,0.307177903227058,2.60575749955935,914,"14,61"
915,"unconstrained","0",-2016.23281033356,0.482162943458468,1.3843710654596,0.3009856415069,2.5802772112482,915,"15,61"
915,"constrained_alpha",NA,-2033.12761026646,0.489983375758071,1.3843710654596,0.3009856415069,2.5802772112482,915,"15,61"
916,"unconstrained","0",-2017.4932074364,0.487212881426984,1.36807009055098,0.325876267443022,2.57902515287571,916,"16,61"
916,"constrained_alpha",NA,-2032.87588052548,0.474409196169505,1.36807009055098,0.325876267443022,2.57902515287571,916,"16,61"
917,"unconstrained","0",-2020.98351706067,0.479616865989112,1.42499906558344,0.355189595224363,2.64116236942673,917,"17,61"
917,"constrained_alpha",NA,-2036.1623786204,0.46310435727393,1.42499906558344,0.355189595224363,2.64116236942673,917,"17,61"
918,"unconstrained","0",-2018.8305537464,0.482419220090557,1.38590211599731,0.317310896341227,2.67498966980026,918,"18,61"
918,"constrained_alpha",NA,-2035.1004319386,0.482540367685679,1.38590211599731,0.317310896341227,2.67498966980026,918,"18,61"
919,"unconstrained","0",-2013.62542351284,0.489351801938453,1.40003320628901,0.301166079685211,2.74565573341893,919,"19,61"
919,"constrained_alpha",NA,-2029.90092365354,0.475598485901885,1.40003320628901,0.301166079685211,2.74565573341893,919,"19,61"
920,"unconstrained","0",-2020.37487203978,0.482018530683519,1.41312119887603,0.32463082652514,2.62851087476591,920,"20,61"
920,"constrained_alpha",NA,-2037.83126094192,0.466314227516646,1.41312119887603,0.32463082652514,2.62851087476591,920,"20,61"
921,"unconstrained","0",-2018.48004381681,0.480315953196627,1.38035780167768,0.307122766754458,2.58976984354824,921,"21,61"
921,"constrained_alpha",NA,-2034.39757112034,0.486803904662157,1.38035780167768,0.307122766754458,2.58976984354824,921,"21,61"
922,"unconstrained","0",-2003.72973585658,0.457113629424425,1.44614644259082,0.336541679377247,2.5829728382714,922,"22,61"
922,"constrained_alpha",NA,-2018.31178095899,0.448273559801079,1.44614644259082,0.336541679377247,2.5829728382714,922,"22,61"
923,"unconstrained","0",-2018.23064739136,0.480351344555564,1.38598267549405,0.321866863113911,2.60482387074968,923,"23,61"
923,"constrained_alpha",NA,-2033.78381591508,0.480229602823644,1.38598267549405,0.321866863113911,2.60482387074968,923,"23,61"
924,"unconstrained","0",-2014.81568683644,0.483898417363936,1.40244355389308,0.317962386770485,2.60540092647251,924,"24,61"
924,"constrained_alpha",NA,-2032.06109443465,0.468201321666649,1.40244355389308,0.317962386770485,2.60540092647251,924,"24,61"
925,"unconstrained","0",-2016.03960057156,0.478550665069973,1.38997380140841,0.315578825336701,2.57877778974023,925,"25,61"
925,"constrained_alpha",NA,-2032.90556734361,0.484557934399377,1.38997380140841,0.315578825336701,2.57877778974023,925,"25,61"
926,"unconstrained","0",-2018.57251714923,0.47723969076091,1.51879670861073,0.347428904546441,3.12031617817243,926,"26,61"
926,"constrained_alpha",NA,-2032.53280686137,0.480241406504599,1.51879670861073,0.347428904546441,3.12031617817243,926,"26,61"
927,"unconstrained","0",-2011.86282721703,0.483437866620227,1.40117978370231,0.315691596364434,2.59136224366778,927,"27,61"
927,"constrained_alpha",NA,-2026.76026573229,0.491085757210153,1.40117978370231,0.315691596364434,2.59136224366778,927,"27,61"
928,"unconstrained","0",-2019.98057392834,0.481623249991412,1.43347661351853,0.332860090564372,2.62857663304379,928,"28,61"
928,"constrained_alpha",NA,-2037.43608197962,0.464731282129352,1.43347661351853,0.332860090564372,2.62857663304379,928,"28,61"
929,"unconstrained","0",-2013.5938004455,0.484071464432875,1.39101286681518,0.315062729223915,2.7508008790221,929,"29,61"
929,"constrained_alpha",NA,-2028.07485998865,0.489077957079483,1.39101286681518,0.315062729223915,2.7508008790221,929,"29,61"
930,"unconstrained","0",-2006.61202079645,0.458335845529629,1.44036864941441,0.310256050846481,2.71846125971815,930,"30,61"
930,"constrained_alpha",NA,-2025.15131619774,0.469702796360624,1.44036864941441,0.310256050846481,2.71846125971815,930,"30,61"
931,"unconstrained","0",-2001.28209074543,0.511375450463471,1.29076627498376,0.319085422480783,2.63223466532766,931,"1,62"
931,"constrained_alpha",NA,-2013.4195822598,0.496637111395762,1.29076627498376,0.319085422480783,2.63223466532766,931,"1,62"
932,"unconstrained","0",-1997.98788374315,0.515159411881057,1.29812187255571,0.313544223342586,2.63163852390506,932,"2,62"
932,"constrained_alpha",NA,-2009.62070143655,0.495367092766471,1.29812187255571,0.313544223342586,2.63163852390506,932,"2,62"
933,"unconstrained","0",-1992.91557482817,0.518562678263939,1.38122806145544,0.307768666554167,2.68131082156201,933,"3,62"
933,"constrained_alpha",NA,-2004.73223116175,0.512040463402784,1.38122806145544,0.307768666554167,2.68131082156201,933,"3,62"
934,"unconstrained","0",-2000.08915753577,0.511660099192824,1.33398620241832,0.315103579214058,2.65704701941628,934,"4,62"
934,"constrained_alpha",NA,-2013.79207756172,0.492971987809226,1.33398620241832,0.315103579214058,2.65704701941628,934,"4,62"
935,"unconstrained","0",-1996.92385081108,0.511001543202958,1.29438801536521,0.319705351436178,2.59829122131215,935,"5,62"
935,"constrained_alpha",NA,-2009.74131138489,0.497568716826704,1.29438801536521,0.319705351436178,2.59829122131215,935,"5,62"
936,"unconstrained","0",-1999.57726948079,0.508741340275118,1.29227273833529,0.315665569649967,2.59546804048634,936,"6,62"
936,"constrained_alpha",NA,-2011.9637250634,0.492460270194165,1.29227273833529,0.315665569649967,2.59546804048634,936,"6,62"
937,"unconstrained","0",-1999.59420341569,0.510315205926614,1.29162782351877,0.313390253220741,2.73985269571924,937,"7,62"
937,"constrained_alpha",NA,-2011.71432754168,0.49489700111744,1.29162782351877,0.313390253220741,2.73985269571924,937,"7,62"
938,"unconstrained","0",-1990.30259545828,0.51826719321312,1.2949658166169,0.275855871742447,2.61675064671106,938,"8,62"
938,"constrained_alpha",NA,-2002.36201000447,0.50900323831796,1.2949658166169,0.275855871742447,2.61675064671106,938,"8,62"
939,"unconstrained","0",-1994.84964156295,0.511972515633947,1.3372527506092,0.317548543237286,2.60346408227603,939,"9,62"
939,"constrained_alpha",NA,-2007.56991160604,0.498489902135032,1.3372527506092,0.317548543237286,2.60346408227603,939,"9,62"
940,"unconstrained","0",-1997.06044092064,0.517906336815917,1.30302001944722,0.348201662109779,2.69079683710691,940,"10,62"
940,"constrained_alpha",NA,-2008.73482828094,0.496281504653339,1.30302001944722,0.348201662109779,2.69079683710691,940,"10,62"
941,"unconstrained","0",-2003.70480214724,0.508511083007124,1.29227816341119,0.314345394178967,2.61610753226567,941,"11,62"
941,"constrained_alpha",NA,-2015.84349244447,0.495864568766186,1.29227816341119,0.314345394178967,2.61610753226567,941,"11,62"
942,"unconstrained","0",-1992.88531549466,0.517920021738251,1.29912953721929,0.320921641534144,2.59424144302108,942,"12,62"
942,"constrained_alpha",NA,-2004.16446350476,0.503416157710947,1.29912953721929,0.320921641534144,2.59424144302108,942,"12,62"
943,"unconstrained","0",-1998.2895965037,0.512427721510033,1.29996834648218,0.314028016903406,2.74747221774649,943,"13,62"
943,"constrained_alpha",NA,-2010.08032946809,0.503624613958435,1.29996834648218,0.314028016903406,2.74747221774649,943,"13,62"
944,"unconstrained","0",-1998.84369419316,0.50665077987343,1.29904388799818,0.306166668409784,2.62674068135791,944,"14,62"
944,"constrained_alpha",NA,-2011.32579423725,0.491461502993071,1.29904388799818,0.306166668409784,2.62674068135791,944,"14,62"
945,"unconstrained","0",-1998.18225498281,0.510580663450918,1.28930881951229,0.299540448507138,2.59842352000027,945,"15,62"
945,"constrained_alpha",NA,-2010.96936882135,0.49426741983608,1.28930881951229,0.299540448507138,2.59842352000027,945,"15,62"
946,"unconstrained","0",-1998.51454769635,0.513527833921299,1.28256622043508,0.326523965877326,2.59586385253472,946,"16,62"
946,"constrained_alpha",NA,-2011.21347436205,0.498985723575505,1.28256622043508,0.326523965877326,2.59586385253472,946,"16,62"
947,"unconstrained","0",-2002.31493904839,0.506871041049127,1.33099589619918,0.355881669155799,2.65644554138517,947,"17,62"
947,"constrained_alpha",NA,-2013.78976746602,0.494062850744394,1.33099589619918,0.355881669155799,2.65644554138517,947,"17,62"
948,"unconstrained","0",-2000.38515568552,0.510218665770056,1.30042758774723,0.316858153259843,2.69016821852384,948,"18,62"
948,"constrained_alpha",NA,-2012.50797404808,0.495992769064667,1.30042758774723,0.316858153259843,2.69016821852384,948,"18,62"
949,"unconstrained","0",-1994.80204763952,0.516835477343582,1.30368472526332,0.299704597110436,2.63782957042524,949,"19,62"
949,"constrained_alpha",NA,-2008.12354106396,0.503796685160603,1.30368472526332,0.299704597110436,2.63782957042524,949,"19,62"
950,"unconstrained","0",-2001.93114295706,0.509618789529503,1.31611755630442,0.324849177866665,2.61575410298993,950,"20,62"
950,"constrained_alpha",NA,-2014.45904596796,0.498710783019144,1.31611755630442,0.324849177866665,2.61575410298993,950,"20,62"
951,"unconstrained","0",-2000.12723412956,0.508940155919804,1.29053293328387,0.306131826444589,2.60910932025371,951,"21,62"
951,"constrained_alpha",NA,-2012.11290540715,0.49425361067445,1.29053293328387,0.306131826444589,2.60910932025371,951,"21,62"
952,"unconstrained","0",-1985.92906405048,0.484632988716704,1.35339707839007,0.334359704643678,2.59817425037742,952,"22,62"
952,"constrained_alpha",NA,-1997.27995060344,0.47688610804263,1.35339707839007,0.334359704643678,2.59817425037742,952,"22,62"
953,"unconstrained","0",-1999.73247510505,0.50828103132311,1.29657453650186,0.320745594154488,2.61550709096786,953,"23,62"
953,"constrained_alpha",NA,-2011.44922299249,0.489590824161049,1.29657453650186,0.320745594154488,2.61550709096786,953,"23,62"
954,"unconstrained","0",-1996.22409939638,0.510564824345947,1.31167012773167,0.317456340128418,2.59840020465614,954,"24,62"
954,"constrained_alpha",NA,-2008.68208501348,0.496172513972519,1.31167012773167,0.317456340128418,2.59840020465614,954,"24,62"
955,"unconstrained","0",-1997.8259616432,0.50754709891309,1.30179915783256,0.31531885272078,2.59506104762543,955,"25,62"
955,"constrained_alpha",NA,-2009.82607711308,0.495174119362263,1.30179915783256,0.31531885272078,2.59506104762543,955,"25,62"
956,"unconstrained","0",-1999.87306609012,0.507462521592341,1.42107928175974,0.348166328044295,2.72901224981333,956,"26,62"
956,"constrained_alpha",NA,-2011.05313896923,0.489347064392622,1.42107928175974,0.348166328044295,2.72901224981333,956,"26,62"
957,"unconstrained","0",-1993.53250565606,0.511529693551494,1.30972162685582,0.314562460145054,2.59794376481103,957,"27,62"
957,"constrained_alpha",NA,-2005.45340794787,0.497711777959928,1.30972162685582,0.314562460145054,2.59794376481103,957,"27,62"
958,"unconstrained","0",-2001.58392382709,0.510290149543209,1.34488288018103,0.333536377103657,2.6163751620198,958,"28,62"
958,"constrained_alpha",NA,-2014.97099496433,0.497634596586485,1.34488288018103,0.333536377103657,2.6163751620198,958,"28,62"
959,"unconstrained","0",-1995.22003013693,0.511213200807297,1.29742985942461,0.313608401961408,2.63122070685596,959,"29,62"
959,"constrained_alpha",NA,-2006.52958899585,0.505512112216925,1.29742985942461,0.313608401961408,2.63122070685596,959,"29,62"
960,"unconstrained","0",-1989.11714590939,0.48600047527745,1.35290900060086,0.310360887992896,2.74611379755411,960,"30,62"
960,"constrained_alpha",NA,-2002.68303630356,0.474961943446041,1.35290900060086,0.310360887992896,2.74611379755411,960,"30,62"
961,"unconstrained","0",-2016.26335051259,0.489480640853903,1.27120060316635,0.340005969989366,2.5074590296511,961,"1,63"
961,"constrained_alpha",NA,-2034.14391918377,0.491990269677515,1.27120060316635,0.340005969989366,2.5074590296511,961,"1,63"
962,"unconstrained","0",-2012.9719041552,0.49331524855711,1.27660835198455,0.333946705858847,2.50714296046606,962,"2,63"
962,"constrained_alpha",NA,-2031.66964884518,0.492501662557969,1.27660835198455,0.333946705858847,2.50714296046606,962,"2,63"
963,"unconstrained","0",-2008.88531394495,0.496655373619583,1.30600795111128,0.329769663659998,2.49179442070074,963,"3,63"
963,"constrained_alpha",NA,-2025.25835911597,0.501449792208477,1.30600795111128,0.329769663659998,2.49179442070074,963,"3,63"
964,"unconstrained","0",-2015.07587992856,0.489725086827759,1.31125517179786,0.335014872224224,2.52987211694972,964,"4,63"
964,"constrained_alpha",NA,-2033.94361711459,0.492838475228763,1.31125517179786,0.335014872224224,2.52987211694972,964,"4,63"
965,"unconstrained","0",-2011.57761429195,0.488830252845282,1.27199369935704,0.342207148359198,2.47617069439156,965,"5,63"
965,"constrained_alpha",NA,-2030.4617275585,0.472008701947749,1.27199369935704,0.342207148359198,2.47617069439156,965,"5,63"
966,"unconstrained","0",-2014.39421801247,0.485910605298436,1.27097907909607,0.336577368365199,2.47300961775844,966,"6,63"
966,"constrained_alpha",NA,-2031.60146038675,0.489196740607328,1.27097907909607,0.336577368365199,2.47300961775844,966,"6,63"
967,"unconstrained","0",-2014.71388649134,0.488696025441148,1.26884487855629,0.335167662413262,2.60599813206019,967,"7,63"
967,"constrained_alpha",NA,-2031.20821308248,0.472170464403868,1.26884487855629,0.335167662413262,2.60599813206019,967,"7,63"
968,"unconstrained","0",-2005.93838999875,0.497643341872296,1.26863664500932,0.296675317218642,2.49097139528773,968,"8,63"
968,"constrained_alpha",NA,-2024.208083374,0.481708282279651,1.26863664500932,0.296675317218642,2.49097139528773,968,"8,63"
969,"unconstrained","0",-2009.85813449039,0.490939040196053,1.31139791058565,0.338627758112556,2.48166105492579,969,"9,63"
969,"constrained_alpha",NA,-2026.79477680334,0.473897722415815,1.31139791058565,0.338627758112556,2.48166105492579,969,"9,63"
970,"unconstrained","0",-2012.5103383965,0.496386224127469,1.27968334393577,0.37163186027917,2.56091196086103,970,"10,63"
970,"constrained_alpha",NA,-2028.93058359037,0.495234621259238,1.27968334393577,0.37163186027917,2.56091196086103,970,"10,63"
971,"unconstrained","0",-2018.67459234563,0.486509909307761,1.27211903730183,0.334903314189078,2.49253717759794,971,"11,63"
971,"constrained_alpha",NA,-2037.50449917812,0.487159440125223,1.27211903730183,0.334903314189078,2.49253717759794,971,"11,63"
972,"unconstrained","0",-2008.33764435549,0.498004711013367,1.27087205897851,0.345882497526626,2.47261643232242,972,"12,63"
972,"constrained_alpha",NA,-2023.08077176452,0.491984140235752,1.27087205897851,0.345882497526626,2.47261643232242,972,"12,63"
973,"unconstrained","0",-2014.08063304145,0.491010328423697,1.27553999364679,0.334532318719639,2.60310670486462,973,"13,63"
973,"constrained_alpha",NA,-2030.64925343493,0.471807652879295,1.27553999364679,0.334532318719639,2.60310670486462,973,"13,63"
974,"unconstrained","0",-2013.54326025811,0.48424224652172,1.2768678339095,0.326904501385509,2.49932144129506,974,"14,63"
974,"constrained_alpha",NA,-2030.52528604172,0.487718564666121,1.2768678339095,0.326904501385509,2.49932144129506,974,"14,63"
975,"unconstrained","0",-2013.02061454763,0.488152434736394,1.27120948944098,0.32057368484291,2.47517203446108,975,"15,63"
975,"constrained_alpha",NA,-2030.92730936485,0.500174300718833,1.27120948944098,0.32057368484291,2.47517203446108,975,"15,63"
976,"unconstrained","0",-2013.92544186092,0.492734986630774,1.26014530170975,0.349156926837327,2.47357150791221,976,"16,63"
976,"constrained_alpha",NA,-2031.12276591627,0.475364605491431,1.26014530170975,0.349156926837327,2.47357150791221,976,"16,63"
977,"unconstrained","0",-2017.58527656961,0.48589894590345,1.31086804951968,0.37949631868515,2.52966923840554,977,"17,63"
977,"constrained_alpha",NA,-2032.09740085528,0.472451767272525,1.31086804951968,0.37949631868515,2.52966923840554,977,"17,63"
978,"unconstrained","0",-2015.34165023951,0.488374583468308,1.2766407627044,0.337519075409765,2.56046306434437,978,"18,63"
978,"constrained_alpha",NA,-2032.91760512363,0.491047553893272,1.2766407627044,0.337519075409765,2.56046306434437,978,"18,63"
979,"unconstrained","0",-2010.18583529094,0.495253309210876,1.27964045911827,0.320854630997902,2.50882305750042,979,"19,63"
979,"constrained_alpha",NA,-2029.38832774293,0.474511904057921,1.27964045911827,0.320854630997902,2.50882305750042,979,"19,63"
980,"unconstrained","0",-2017.00823582237,0.488018174925961,1.29395822218326,0.346374025733808,2.49235821366337,980,"20,63"
980,"constrained_alpha",NA,-2033.65907926263,0.477183623199955,1.29395822218326,0.346374025733808,2.49235821366337,980,"20,63"
981,"unconstrained","0",-2015.03857400694,0.486056219312179,1.27097997297257,0.32680135591728,2.48423034264187,981,"21,63"
981,"constrained_alpha",NA,-2033.04897189322,0.48795976398574,1.27097997297257,0.32680135591728,2.48423034264187,981,"21,63"
982,"unconstrained","0",-2000.60798341848,0.463915082221466,1.33018616039403,0.359451419385854,2.47647497728478,982,"22,63"
982,"constrained_alpha",NA,-2016.78498630246,0.469767224824737,1.33018616039403,0.359451419385854,2.47647497728478,982,"22,63"
983,"unconstrained","0",-2014.70473383577,0.486247271098649,1.27550208422697,0.341949292452589,2.49219068929384,983,"23,63"
983,"constrained_alpha",NA,-2031.41524514027,0.465417237092806,1.27550208422697,0.341949292452589,2.49219068929384,983,"23,63"
984,"unconstrained","0",-2011.39441016586,0.489530018572348,1.2885125506231,0.337967037190344,2.47625089299407,984,"24,63"
984,"constrained_alpha",NA,-2028.94601675841,0.474323824268514,1.2885125506231,0.337967037190344,2.47625089299407,984,"24,63"
985,"unconstrained","0",-2012.55924065274,0.484621202101749,1.27983331970862,0.335827110389198,2.47305212574999,985,"25,63"
985,"constrained_alpha",NA,-2031.22063996718,0.490770172185406,1.27983331970862,0.335827110389198,2.47305212574999,985,"25,63"
986,"unconstrained","0",-2015.29760907753,0.483827747604756,1.38654347863968,0.37129749492634,2.5867074338235,986,"26,63"
986,"constrained_alpha",NA,-2030.16303402485,0.484045368856309,1.38654347863968,0.37129749492634,2.5867074338235,986,"26,63"
987,"unconstrained","0",-2008.45750903988,0.489408912174555,1.28606974998221,0.335908072994113,2.47597741827446,987,"27,63"
987,"constrained_alpha",NA,-2025.57426300413,0.48846148696244,1.28606974998221,0.335908072994113,2.47597741827446,987,"27,63"
988,"unconstrained","0",-2016.47748133616,0.487945046528962,1.31367165248977,0.356354875769607,2.49263715236467,988,"28,63"
988,"constrained_alpha",NA,-2035.0160685134,0.473840110635995,1.31367165248977,0.356354875769607,2.49263715236467,988,"28,63"
989,"unconstrained","0",-2010.17430435872,0.490011136876105,1.27414915370041,0.335591535957638,2.50689246286187,989,"29,63"
989,"constrained_alpha",NA,-2026.82221336794,0.491626627505708,1.27414915370041,0.335591535957638,2.50689246286187,989,"29,63"
990,"unconstrained","0",-2003.08141933219,0.46417454009816,1.32956034323421,0.331509274219547,2.60328832949471,990,"30,63"
990,"constrained_alpha",NA,-2023.43447226761,0.442121737599602,1.32956034323421,0.331509274219547,2.60328832949471,990,"30,63"
991,"unconstrained","0",-2008.96259762693,0.498413158616389,1.28989183832409,0.319424477535402,2.61799236234797,991,"1,64"
991,"constrained_alpha",NA,-2025.50369575791,0.50220554148408,1.28989183832409,0.319424477535402,2.61799236234797,991,"1,64"
992,"unconstrained","0",-2005.75745575336,0.502074263208228,1.29701660312772,0.313675566705698,2.61788916508488,992,"2,64"
992,"constrained_alpha",NA,-2021.35840901761,0.501689837367264,1.29701660312772,0.313675566705698,2.61788916508488,992,"2,64"
993,"unconstrained","0",-2001.27456955057,0.505141777192315,1.33305887028988,0.309712823007093,2.60104779504926,993,"3,64"
993,"constrained_alpha",NA,-2016.65308772397,0.506380787047657,1.33305887028988,0.309712823007093,2.60104779504926,993,"3,64"
994,"unconstrained","0",-2007.94649102625,0.498515310432942,1.33303540902786,0.315301119800035,2.64235505152202,994,"4,64"
994,"constrained_alpha",NA,-2023.27721275878,0.500668720283199,1.33303540902786,0.315301119800035,2.64235505152202,994,"4,64"
995,"unconstrained","0",-2004.59328821815,0.497805600819821,1.2918147732269,0.320112128222101,2.58292049798048,995,"5,64"
995,"constrained_alpha",NA,-2022.58324331549,0.502844156696514,1.2918147732269,0.320112128222101,2.58292049798048,995,"5,64"
996,"unconstrained","0",-2007.34392122697,0.495028299638897,1.29042494390257,0.316548375271558,2.57869339660357,996,"6,64"
996,"constrained_alpha",NA,-2023.130865638,0.494399586402453,1.29042494390257,0.316548375271558,2.57869339660357,996,"6,64"
997,"unconstrained","0",-2007.54412719839,0.497524640219769,1.28881808806038,0.314914337460123,2.72607543788553,997,"7,64"
997,"constrained_alpha",NA,-2022.79809407442,0.474025100324781,1.28881808806038,0.314914337460123,2.72607543788553,997,"7,64"
998,"unconstrained","0",-1998.86119500295,0.506175519515618,1.28762090156006,0.277704077601643,2.59681825537684,998,"8,64"
998,"constrained_alpha",NA,-2012.72202955444,0.494192422587591,1.28762090156006,0.277704077601643,2.59681825537684,998,"8,64"
999,"unconstrained","0",-2002.7778909598,0.499929432268738,1.33306120397585,0.318486302033372,2.58974110368726,999,"9,64"
999,"constrained_alpha",NA,-2019.56896959725,0.478555339348078,1.33306120397585,0.318486302033372,2.58974110368726,999,"9,64"
1000,"unconstrained","0",-2005.02700155536,0.504867639791821,1.30203262246013,0.348526021353926,2.67668202781574,1000,"10,64"
1000,"constrained_alpha",NA,-2021.84210591703,0.507182656289109,1.30203262246013,0.348526021353926,2.67668202781574,1000,"10,64"
1001,"unconstrained","0",-2011.53408535579,0.495412430806224,1.29052646344019,0.315050032244846,2.60124933227928,1001,"11,64"
1001,"constrained_alpha",NA,-2027.82210108171,0.47442581200104,1.29052646344019,0.315050032244846,2.60124933227928,1001,"11,64"
1002,"unconstrained","0",-2001.03169004505,0.506823808694752,1.29189022603966,0.323828403293996,2.5786574928775,1002,"12,64"
1002,"constrained_alpha",NA,-2014.73010209824,0.510637365710698,1.29189022603966,0.323828403293996,2.5786574928775,1002,"12,64"
1003,"unconstrained","0",-2006.82198976217,0.500373059878039,1.29451487168403,0.314710813260051,2.7148112250483,1003,"13,64"
1003,"constrained_alpha",NA,-2021.60953425802,0.480860303488407,1.29451487168403,0.314710813260051,2.7148112250483,1003,"13,64"
1004,"unconstrained","0",-2006.44103987078,0.492949995711124,1.29699092238921,0.307467317457837,2.60530972407529,1004,"14,64"
1004,"constrained_alpha",NA,-2021.94649644265,0.494114639726361,1.29699092238921,0.307467317457837,2.60530972407529,1004,"14,64"
1005,"unconstrained","0",-2005.8126307312,0.497251625004398,1.28980925262571,0.301128144784484,2.58034935961101,1005,"15,64"
1005,"constrained_alpha",NA,-2022.06501702424,0.501717867547266,1.28980925262571,0.301128144784484,2.58034935961101,1005,"15,64"
1006,"unconstrained","0",-2006.70883315455,0.501800928819023,1.27871999021021,0.3267910717703,2.57941467535302,1006,"16,64"
1006,"constrained_alpha",NA,-2021.26734660675,0.483729310580556,1.27871999021021,0.3267910717703,2.57941467535302,1006,"16,64"
1007,"unconstrained","0",-2010.2712275884,0.494544780602179,1.33284373366456,0.356183571197914,2.64229827462158,1007,"17,64"
1007,"constrained_alpha",NA,-2025.07526805834,0.473581852774442,1.33284373366456,0.356183571197914,2.64229827462158,1007,"17,64"
1008,"unconstrained","0",-2008.20658350768,0.496990922111854,1.29670060792302,0.3173921217199,2.67647414015732,1008,"18,64"
1008,"constrained_alpha",NA,-2024.71381686377,0.499119689848505,1.29670060792302,0.3173921217199,2.67647414015732,1008,"18,64"
1009,"unconstrained","0",-2002.9884096478,0.50407030464442,1.29945614363438,0.301412523058395,2.61510958738718,1009,"19,64"
1009,"constrained_alpha",NA,-2020.49812086575,0.482705027708749,1.29945614363438,0.301412523058395,2.61510958738718,1009,"19,64"
1010,"unconstrained","0",-2009.80727431701,0.496850225122087,1.31310097651122,0.325207781422227,2.60119342883836,1010,"20,64"
1010,"constrained_alpha",NA,-2026.98628836292,0.478500740861972,1.31310097651122,0.325207781422227,2.60119342883836,1010,"20,64"
1011,"unconstrained","0",-2007.88506716091,0.495328229690838,1.28956563743662,0.30736964818618,2.58961611043984,1011,"21,64"
1011,"constrained_alpha",NA,-2023.56930744047,0.496987580112377,1.28956563743662,0.30736964818618,2.58961611043984,1011,"21,64"
1012,"unconstrained","0",-1993.58790287082,0.471019247034915,1.35321110025616,0.337603614045564,2.58391573378363,1012,"22,64"
1012,"constrained_alpha",NA,-2006.99086947596,0.453255697282098,1.35321110025616,0.337603614045564,2.58391573378363,1012,"22,64"
1013,"unconstrained","0",-2007.51756490907,0.49529485098205,1.29663250475466,0.321622545392953,2.60116354492996,1013,"23,64"
1013,"constrained_alpha",NA,-2023.3165464746,0.496249502847269,1.29663250475466,0.321622545392953,2.60116354492996,1013,"23,64"
1014,"unconstrained","0",-2004.24098098886,0.498532086516897,1.3079042795771,0.317830479674273,2.58293580863283,1014,"24,64"
1014,"constrained_alpha",NA,-2019.70830387657,0.480762097720392,1.3079042795771,0.317830479674273,2.58293580863283,1014,"24,64"
1015,"unconstrained","0",-2005.53191080797,0.493646141339233,1.29914350779713,0.315992983814061,2.57936033017657,1015,"25,64"
1015,"constrained_alpha",NA,-2021.05466408145,0.499227442429311,1.29914350779713,0.315992983814061,2.57936033017657,1015,"25,64"
1016,"unconstrained","0",-2008.05818087994,0.493151581672052,1.41194098243603,0.348239643775369,2.69667391027384,1016,"26,64"
1016,"constrained_alpha",NA,-2021.77875870158,0.490497948720183,1.41194098243603,0.348239643775369,2.69667391027384,1016,"26,64"
1017,"unconstrained","0",-2001.25481099391,0.498274010068483,1.30775933786278,0.315844192991368,2.58288673025839,1017,"27,64"
1017,"constrained_alpha",NA,-2015.68004497321,0.499677521501625,1.30775933786278,0.315844192991368,2.58288673025839,1017,"27,64"
1018,"unconstrained","0",-2009.36347941806,0.496951216859243,1.33319799175971,0.333753716898408,2.60127426974077,1018,"28,64"
1018,"constrained_alpha",NA,-2026.61710478925,0.475303025290763,1.33319799175971,0.333753716898408,2.60127426974077,1018,"28,64"
1019,"unconstrained","0",-2003.0184053791,0.498383664281882,1.29465115120681,0.315366425272914,2.61778914103093,1019,"29,64"
1019,"constrained_alpha",NA,-2016.63080313078,0.500766092193442,1.29465115120681,0.315366425272914,2.61778914103093,1019,"29,64"
1020,"unconstrained","0",-1996.31013825285,0.472799954903168,1.35015234259086,0.31121961984345,2.71706056073867,1020,"30,64"
1020,"constrained_alpha",NA,-2014.35340025586,0.476824512973952,1.35015234259086,0.31121961984345,2.71706056073867,1020,"30,64"
1021,"unconstrained","0",-2018.4414196381,0.491719656156023,1.31189410233359,0.369659665960022,2.51403055528186,1021,"1,65"
1021,"constrained_alpha",NA,-2034.34447843989,0.475987236783739,1.31189410233359,0.369659665960022,2.51403055528186,1021,"1,65"
1022,"unconstrained","0",-2015.16731784478,0.495601444907497,1.31787527425646,0.363096884824631,2.51371084703213,1022,"2,65"
1022,"constrained_alpha",NA,-2030.83544590787,0.478403033727479,1.31787527425646,0.363096884824631,2.51371084703213,1022,"2,65"
1023,"unconstrained","0",-2011.2003431926,0.499001773229284,1.3405582807007,0.357359791438186,2.49829863646788,1023,"3,65"
1023,"constrained_alpha",NA,-2026.35994510728,0.478241123118772,1.3405582807007,0.357359791438186,2.49829863646788,1023,"3,65"
1024,"unconstrained","0",-2017.1261086204,0.491551106095985,1.36366227567348,0.364793965781048,2.78965994125617,1024,"4,65"
1024,"constrained_alpha",NA,-2032.4101170505,0.477121258216073,1.36366227567348,0.364793965781048,2.78965994125617,1024,"4,65"
1025,"unconstrained","0",-2013.84428936466,0.49085742272114,1.31618741122362,0.372022257489655,2.50345461729589,1025,"5,65"
1025,"constrained_alpha",NA,-2030.7096783804,0.473461471256821,1.31618741122362,0.372022257489655,2.50345461729589,1025,"5,65"
1026,"unconstrained","0",-2016.62041526341,0.488190229210184,1.31347583867095,0.365558789937497,2.47979858074857,1026,"6,65"
1026,"constrained_alpha",NA,-2032.42535232361,0.471418153775331,1.31347583867095,0.365558789937497,2.47979858074857,1026,"6,65"
1027,"unconstrained","0",-2016.95397534836,0.490942505801796,1.30557529919669,0.363563563116067,2.61269630469726,1027,"7,65"
1027,"constrained_alpha",NA,-2032.40122353333,0.472996524472313,1.30557529919669,0.363563563116067,2.61269630469726,1027,"7,65"
1028,"unconstrained","0",-2007.98067830107,0.499726969097088,1.30878217155405,0.321228955236461,2.49818936467212,1028,"8,65"
1028,"constrained_alpha",NA,-2022.89946106158,0.489904366166111,1.30878217155405,0.321228955236461,2.49818936467212,1028,"8,65"
1029,"unconstrained","0",-2011.90714834332,0.492489099636472,1.37332232909294,0.368104276420881,3.01980531263132,1029,"9,65"
1029,"constrained_alpha",NA,-2027.34966845293,0.476867536706026,1.37332232909294,0.368104276420881,3.01980531263132,1029,"9,65"
1030,"unconstrained","0",-2014.67435158217,0.498254715783277,1.32093880989105,0.405159633252137,2.56760547620474,1030,"10,65"
1030,"constrained_alpha",NA,-2029.1176681184,0.480687836364843,1.32093880989105,0.405159633252137,2.56760547620474,1030,"10,65"
1031,"unconstrained","0",-2020.87915046997,0.488684490460228,1.31159631033308,0.36374349184219,2.49913021070787,1031,"11,65"
1031,"constrained_alpha",NA,-2036.54808637279,0.471475679641049,1.31159631033308,0.36374349184219,2.49913021070787,1031,"11,65"
1032,"unconstrained","0",-2010.48050611191,0.49966387942307,1.31204966753286,0.374924299799396,2.47921876183921,1032,"12,65"
1032,"constrained_alpha",NA,-2023.83891724932,0.481913904083501,1.31204966753286,0.374924299799396,2.47921876183921,1032,"12,65"
1033,"unconstrained","0",-2016.0065287639,0.493582134594068,1.31393318978942,0.363541372550777,2.61216255110026,1033,"13,65"
1033,"constrained_alpha",NA,-2030.09769646982,0.481039044216897,1.31393318978942,0.363541372550777,2.61216255110026,1033,"13,65"
1034,"unconstrained","0",-2015.89746260889,0.486107765170737,1.31697809110987,0.354735923339242,2.50672000769861,1034,"14,65"
1034,"constrained_alpha",NA,-2030.56868332288,0.471464333664257,1.31697809110987,0.354735923339242,2.50672000769861,1034,"14,65"
1035,"unconstrained","0",-2015.27990570618,0.49071111558656,1.30989302143554,0.347329099062025,2.48211570685797,1035,"15,65"
1035,"constrained_alpha",NA,-2030.64594288558,0.474371799383945,1.30989302143554,0.347329099062025,2.48211570685797,1035,"15,65"
1036,"unconstrained","0",-2015.94995507096,0.494434935518057,1.30083491298461,0.379852460298858,2.48030771244565,1036,"16,65"
1036,"constrained_alpha",NA,-2031.28263661619,0.478052818051445,1.30083491298461,0.379852460298858,2.48030771244565,1036,"16,65"
1037,"unconstrained","0",-2019.60772101285,0.487543338585262,1.35274039320382,0.414057008424389,2.53621778859922,1037,"17,65"
1037,"constrained_alpha",NA,-2033.08593694208,0.470589387140889,1.35274039320382,0.414057008424389,2.53621778859922,1037,"17,65"
1038,"unconstrained","0",-2017.63562268419,0.490417284205108,1.31579925597871,0.366863956629949,2.56707407393513,1038,"18,65"
1038,"constrained_alpha",NA,-2032.80550206303,0.474684290930999,1.31579925597871,0.366863956629949,2.56707407393513,1038,"18,65"
1039,"unconstrained","0",-2012.20968877183,0.49771529762254,1.32292173441104,0.34761600160024,2.51642497958938,1039,"19,65"
1039,"constrained_alpha",NA,-2027.7787190522,0.483656303423408,1.32292173441104,0.34761600160024,2.51642497958938,1039,"19,65"
1040,"unconstrained","0",-2019.17101389435,0.489991361705301,1.33698432421871,0.376859161180857,2.4988884541134,1040,"20,65"
1040,"constrained_alpha",NA,-2034.67501965471,0.471509483684993,1.33698432421871,0.376859161180857,2.4988884541134,1040,"20,65"
1041,"unconstrained","0",-2017.2823699846,0.488778276697864,1.31015496386749,0.354611614329059,2.49136066958047,1041,"21,65"
1041,"constrained_alpha",NA,-2032.03380109433,0.474742246759202,1.31015496386749,0.354611614329059,2.49136066958047,1041,"21,65"
1042,"unconstrained","0",-2002.85174907051,0.465980915704224,1.37259154287361,0.391057625873457,2.48291354232819,1042,"22,65"
1042,"constrained_alpha",NA,-2016.73452071119,0.461341173342448,1.37259154287361,0.391057625873457,2.48291354232819,1042,"22,65"
1043,"unconstrained","0",-2016.86061020694,0.488308581900088,1.3164900638998,0.371719261572978,2.49871805854445,1043,"23,65"
1043,"constrained_alpha",NA,-2031.45001352698,0.46974365542078,1.3164900638998,0.371719261572978,2.49871805854445,1043,"23,65"
1044,"unconstrained","0",-2013.38941240386,0.491191682478106,1.33072500767388,0.367515475553999,2.48285707314942,1044,"24,65"
1044,"constrained_alpha",NA,-2028.43318085434,0.475566933840973,1.33072500767388,0.367515475553999,2.48285707314942,1044,"24,65"
1045,"unconstrained","0",-2014.83197804736,0.486727831262436,1.32021193391974,0.365738532627901,2.47969255322962,1045,"25,65"
1045,"constrained_alpha",NA,-2030.07455237721,0.470638460885653,1.32021193391974,0.365738532627901,2.47969255322962,1045,"25,65"
1046,"unconstrained","0",-2017.44005836059,0.486426957378707,1.43667791467801,0.404719464459007,2.82506394940345,1046,"26,65"
1046,"constrained_alpha",NA,-2031.15683792591,0.466735298038056,1.43667791467801,0.404719464459007,2.82506394940345,1046,"26,65"
1047,"unconstrained","0",-2010.74284223435,0.491578592167851,1.32686731803839,0.364594263693882,2.4825650204505,1047,"27,65"
1047,"constrained_alpha",NA,-2026.32398948364,0.475409093406361,1.32686731803839,0.364594263693882,2.4825650204505,1047,"27,65"
1048,"unconstrained","0",-2018.80572563953,0.489828902643132,1.35595489835342,0.387985070875872,2.49919242827048,1048,"28,65"
1048,"constrained_alpha",NA,-2034.98255889754,0.473115618791311,1.35595489835342,0.387985070875872,2.49919242827048,1048,"28,65"
1049,"unconstrained","0",-2012.43929533355,0.491927485433387,1.31693606981314,0.363992353811627,2.51334364424629,1049,"29,65"
1049,"constrained_alpha",NA,-2025.93934746243,0.483246967047043,1.31693606981314,0.363992353811627,2.51334364424629,1049,"29,65"
1050,"unconstrained","0",-2005.46058718123,0.465473307467703,1.37150430744155,0.360634680851462,2.61186470186811,1050,"30,65"
1050,"constrained_alpha",NA,-2022.71946290103,0.452279133715259,1.37150430744155,0.360634680851462,2.61186470186811,1050,"30,65"
