"rep","baseline","ok","message","family","size","note","fold","heldout_subjects"
1,"nb_glmm",TRUE,NA,"nbinom",5.01136415156139,NA,1,"1,31"
1,"tscount_tsglm",TRUE,NA,"nbinom",2.75762073889302,"Exploratory panel surrogate: tscount::tsglm is fit to the pooled subject-by-time training sequence. Subject-boundary lags are therefore not reset by tscount and this baseline should be interpreted cautiously.",1,"1,31"
2,"nb_glmm",TRUE,NA,"nbinom",5.02509154035163,NA,2,"2,31"
2,"tscount_tsglm",TRUE,NA,"nbinom",2.77803646768327,"Exploratory panel surrogate: tscount::tsglm is fit to the pooled subject-by-time training sequence. Subject-boundary lags are therefore not reset by tscount and this baseline should be interpreted cautiously.",2,"2,31"
3,"nb_glmm",TRUE,NA,"nbinom",5.11425125515875,NA,3,"3,31"
3,"tscount_tsglm",TRUE,NA,"nbinom",2.79427918997131,"Exploratory panel surrogate: tscount::tsglm is fit to the pooled subject-by-time training sequence. Subject-boundary lags are therefore not reset by tscount and this baseline should be interpreted cautiously.",3,"3,31"
4,"nb_glmm",TRUE,NA,"nbinom",5.09331722677073,NA,4,"4,31"
4,"tscount_tsglm",TRUE,NA,"nbinom",2.79067490590182,"Exploratory panel surrogate: tscount::tsglm is fit to the pooled subject-by-time training sequence. Subject-boundary lags are therefore not reset by tscount and this baseline should be interpreted cautiously.",4,"4,31"
5,"nb_glmm",TRUE,NA,"nbinom",4.98852195863169,NA,5,"5,31"
5,"tscount_tsglm",TRUE,NA,"nbinom",2.71735885023208,"Exploratory panel surrogate: tscount::tsglm is fit to the pooled subject-by-time training sequence. Subject-boundary lags are therefore not reset by tscount and this baseline should be interpreted cautiously.",5,"5,31"
6,"nb_glmm",TRUE,NA,"nbinom",4.92126523803258,NA,6,"6,31"
6,"tscount_tsglm",TRUE,NA,"nbinom",2.71723368725467,"Exploratory panel surrogate: tscount::tsglm is fit to the pooled subject-by-time training sequence. Subject-boundary lags are therefore not reset by tscount and this baseline should be interpreted cautiously.",6,"6,31"
7,"nb_glmm",TRUE,NA,"nbinom",4.94427862070698,NA,7,"7,31"
7,"tscount_tsglm",TRUE,NA,"nbinom",2.71957800864474,"Exploratory panel surrogate: tscount::tsglm is fit to the pooled subject-by-time training sequence. Subject-boundary lags are therefore not reset by tscount and this baseline should be interpreted cautiously.",7,"7,31"
8,"nb_glmm",TRUE,NA,"nbinom",5.08598375586616,NA,8,"8,31"
8,"tscount_tsglm",TRUE,NA,"nbinom",2.73810535065107,"Exploratory panel surrogate: tscount::tsglm is fit to the pooled subject-by-time training sequence. Subject-boundary lags are therefore not reset by tscount and this baseline should be interpreted cautiously.",8,"8,31"
9,"nb_glmm",TRUE,NA,"nbinom",4.97902623310345,NA,9,"9,31"
9,"tscount_tsglm",TRUE,NA,"nbinom",2.724913047279,"Exploratory panel surrogate: tscount::tsglm is fit to the pooled subject-by-time training sequence. Subject-boundary lags are therefore not reset by tscount and this baseline should be interpreted cautiously.",9,"9,31"
10,"nb_glmm",TRUE,NA,"nbinom",5.21923416036199,NA,10,"10,31"
10,"tscount_tsglm",TRUE,NA,"nbinom",2.78775447756715,"Exploratory panel surrogate: tscount::tsglm is fit to the pooled subject-by-time training sequence. Subject-boundary lags are therefore not reset by tscount and this baseline should be interpreted cautiously.",10,"10,31"
11,"nb_glmm",TRUE,NA,"nbinom",4.95282041015245,NA,11,"11,31"
11,"tscount_tsglm",TRUE,NA,"nbinom",2.61845901101045,"Exploratory panel surrogate: tscount::tsglm is fit to the pooled subject-by-time training sequence. Subject-boundary lags are therefore not reset by tscount and this baseline should be interpreted cautiously.",11,"11,31"
12,"nb_glmm",TRUE,NA,"nbinom",5.23282923985517,NA,12,"12,31"
12,"tscount_tsglm",TRUE,NA,"nbinom",2.78437127302024,"Exploratory panel surrogate: tscount::tsglm is fit to the pooled subject-by-time training sequence. Subject-boundary lags are therefore not reset by tscount and this baseline should be interpreted cautiously.",12,"12,31"
13,"nb_glmm",TRUE,NA,"nbinom",4.96325319535627,NA,13,"13,31"
13,"tscount_tsglm",TRUE,NA,"nbinom",2.74884789208644,"Exploratory panel surrogate: tscount::tsglm is fit to the pooled subject-by-time training sequence. Subject-boundary lags are therefore not reset by tscount and this baseline should be interpreted cautiously.",13,"13,31"
14,"nb_glmm",TRUE,NA,"nbinom",5.01079774119397,NA,14,"14,31"
14,"tscount_tsglm",TRUE,NA,"nbinom",2.7326746040098,"Exploratory panel surrogate: tscount::tsglm is fit to the pooled subject-by-time training sequence. Subject-boundary lags are therefore not reset by tscount and this baseline should be interpreted cautiously.",14,"14,31"
15,"nb_glmm",TRUE,NA,"nbinom",5.07670112541547,NA,15,"15,31"
15,"tscount_tsglm",TRUE,NA,"nbinom",2.73839757684249,"Exploratory panel surrogate: tscount::tsglm is fit to the pooled subject-by-time training sequence. Subject-boundary lags are therefore not reset by tscount and this baseline should be interpreted cautiously.",15,"15,31"
16,"nb_glmm",TRUE,NA,"nbinom",5.06522408265956,NA,16,"16,31"
16,"tscount_tsglm",TRUE,NA,"nbinom",2.75669334683942,"Exploratory panel surrogate: tscount::tsglm is fit to the pooled subject-by-time training sequence. Subject-boundary lags are therefore not reset by tscount and this baseline should be interpreted cautiously.",16,"16,31"
17,"nb_glmm",TRUE,NA,"nbinom",5.15582918599806,NA,17,"17,31"
17,"tscount_tsglm",TRUE,NA,"nbinom",2.83334056523447,"Exploratory panel surrogate: tscount::tsglm is fit to the pooled subject-by-time training sequence. Subject-boundary lags are therefore not reset by tscount and this baseline should be interpreted cautiously.",17,"17,31"
18,"nb_glmm",TRUE,NA,"nbinom",4.95484450843594,NA,18,"18,31"
18,"tscount_tsglm",TRUE,NA,"nbinom",2.71360164771246,"Exploratory panel surrogate: tscount::tsglm is fit to the pooled subject-by-time training sequence. Subject-boundary lags are therefore not reset by tscount and this baseline should be interpreted cautiously.",18,"18,31"
19,"nb_glmm",TRUE,NA,"nbinom",5.02069243805776,NA,19,"19,31"
19,"tscount_tsglm",TRUE,NA,"nbinom",2.73849540946587,"Exploratory panel surrogate: tscount::tsglm is fit to the pooled subject-by-time training sequence. Subject-boundary lags are therefore not reset by tscount and this baseline should be interpreted cautiously.",19,"19,31"
20,"nb_glmm",TRUE,NA,"nbinom",5.05618457577323,NA,20,"20,31"
20,"tscount_tsglm",TRUE,NA,"nbinom",2.77330272463065,"Exploratory panel surrogate: tscount::tsglm is fit to the pooled subject-by-time training sequence. Subject-boundary lags are therefore not reset by tscount and this baseline should be interpreted cautiously.",20,"20,31"
21,"nb_glmm",TRUE,NA,"nbinom",4.94651250632667,NA,21,"21,31"
21,"tscount_tsglm",TRUE,NA,"nbinom",2.6936559862189,"Exploratory panel surrogate: tscount::tsglm is fit to the pooled subject-by-time training sequence. Subject-boundary lags are therefore not reset by tscount and this baseline should be interpreted cautiously.",21,"21,31"
22,"nb_glmm",TRUE,NA,"nbinom",4.87018088572628,NA,22,"22,31"
22,"tscount_tsglm",TRUE,NA,"nbinom",2.80043893572965,"Exploratory panel surrogate: tscount::tsglm is fit to the pooled subject-by-time training sequence. Subject-boundary lags are therefore not reset by tscount and this baseline should be interpreted cautiously.",22,"22,31"
23,"nb_glmm",TRUE,NA,"nbinom",5.06800150790618,NA,23,"23,31"
23,"tscount_tsglm",TRUE,NA,"nbinom",2.75679943950307,"Exploratory panel surrogate: tscount::tsglm is fit to the pooled subject-by-time training sequence. Subject-boundary lags are therefore not reset by tscount and this baseline should be interpreted cautiously.",23,"23,31"
24,"nb_glmm",TRUE,NA,"nbinom",5.21313235151537,NA,24,"24,31"
24,"tscount_tsglm",TRUE,NA,"nbinom",2.8046632732243,"Exploratory panel surrogate: tscount::tsglm is fit to the pooled subject-by-time training sequence. Subject-boundary lags are therefore not reset by tscount and this baseline should be interpreted cautiously.",24,"24,31"
25,"nb_glmm",TRUE,NA,"nbinom",5.03790939660346,NA,25,"25,31"
25,"tscount_tsglm",TRUE,NA,"nbinom",2.73334537370518,"Exploratory panel surrogate: tscount::tsglm is fit to the pooled subject-by-time training sequence. Subject-boundary lags are therefore not reset by tscount and this baseline should be interpreted cautiously.",25,"25,31"
26,"nb_glmm",TRUE,NA,"nbinom",5.23440308610957,NA,26,"26,31"
26,"tscount_tsglm",TRUE,NA,"nbinom",2.85745512245513,"Exploratory panel surrogate: tscount::tsglm is fit to the pooled subject-by-time training sequence. Subject-boundary lags are therefore not reset by tscount and this baseline should be interpreted cautiously.",26,"26,31"
27,"nb_glmm",TRUE,NA,"nbinom",5.08407279788701,NA,27,"27,31"
27,"tscount_tsglm",TRUE,NA,"nbinom",2.7899612663425,"Exploratory panel surrogate: tscount::tsglm is fit to the pooled subject-by-time training sequence. Subject-boundary lags are therefore not reset by tscount and this baseline should be interpreted cautiously.",27,"27,31"
28,"nb_glmm",TRUE,NA,"nbinom",5.0592595899922,NA,28,"28,31"
28,"tscount_tsglm",TRUE,NA,"nbinom",2.78412013884462,"Exploratory panel surrogate: tscount::tsglm is fit to the pooled subject-by-time training sequence. Subject-boundary lags are therefore not reset by tscount and this baseline should be interpreted cautiously.",28,"28,31"
29,"nb_glmm",TRUE,NA,"nbinom",5.00264571075337,NA,29,"29,31"
29,"tscount_tsglm",TRUE,NA,"nbinom",2.37661893556496,"Exploratory panel surrogate: tscount::tsglm is fit to the pooled subject-by-time training sequence. Subject-boundary lags are therefore not reset by tscount and this baseline should be interpreted cautiously.",29,"29,31"
30,"nb_glmm",TRUE,NA,"nbinom",4.91535911237756,NA,30,"30,31"
30,"tscount_tsglm",TRUE,NA,"nbinom",2.76065567091737,"Exploratory panel surrogate: tscount::tsglm is fit to the pooled subject-by-time training sequence. Subject-boundary lags are therefore not reset by tscount and this baseline should be interpreted cautiously.",30,"30,31"
31,"nb_glmm",TRUE,NA,"nbinom",4.96552334951835,NA,31,"1,32"
31,"tscount_tsglm",TRUE,NA,"nbinom",2.74316917307335,"Exploratory panel surrogate: tscount::tsglm is fit to the pooled subject-by-time training sequence. Subject-boundary lags are therefore not reset by tscount and this baseline should be interpreted cautiously.",31,"1,32"
32,"nb_glmm",TRUE,NA,"nbinom",4.97982861334416,NA,32,"2,32"
32,"tscount_tsglm",TRUE,NA,"nbinom",2.76398593652284,"Exploratory panel surrogate: tscount::tsglm is fit to the pooled subject-by-time training sequence. Subject-boundary lags are therefore not reset by tscount and this baseline should be interpreted cautiously.",32,"2,32"
33,"nb_glmm",TRUE,NA,"nbinom",5.07000568952738,NA,33,"3,32"
33,"tscount_tsglm",TRUE,NA,"nbinom",2.78405879360548,"Exploratory panel surrogate: tscount::tsglm is fit to the pooled subject-by-time training sequence. Subject-boundary lags are therefore not reset by tscount and this baseline should be interpreted cautiously.",33,"3,32"
34,"nb_glmm",TRUE,NA,"nbinom",5.04667899153844,NA,34,"4,32"
34,"tscount_tsglm",TRUE,NA,"nbinom",2.77594289200416,"Exploratory panel surrogate: tscount::tsglm is fit to the pooled subject-by-time training sequence. Subject-boundary lags are therefore not reset by tscount and this baseline should be interpreted cautiously.",34,"4,32"
35,"nb_glmm",TRUE,NA,"nbinom",4.94183694923586,NA,35,"5,32"
35,"tscount_tsglm",TRUE,NA,"nbinom",2.7015240598795,"Exploratory panel surrogate: tscount::tsglm is fit to the pooled subject-by-time training sequence. Subject-boundary lags are therefore not reset by tscount and this baseline should be interpreted cautiously.",35,"5,32"
36,"nb_glmm",TRUE,NA,"nbinom",4.87623685542017,NA,36,"6,32"
36,"tscount_tsglm",TRUE,NA,"nbinom",2.70325870193159,"Exploratory panel surrogate: tscount::tsglm is fit to the pooled subject-by-time training sequence. Subject-boundary lags are therefore not reset by tscount and this baseline should be interpreted cautiously.",36,"6,32"
37,"nb_glmm",TRUE,NA,"nbinom",4.89901671469143,NA,37,"7,32"
37,"tscount_tsglm",TRUE,NA,"nbinom",2.70571652323323,"Exploratory panel surrogate: tscount::tsglm is fit to the pooled subject-by-time training sequence. Subject-boundary lags are therefore not reset by tscount and this baseline should be interpreted cautiously.",37,"7,32"
38,"nb_glmm",TRUE,NA,"nbinom",5.03930956446524,NA,38,"8,32"
38,"tscount_tsglm",TRUE,NA,"nbinom",2.72366430885318,"Exploratory panel surrogate: tscount::tsglm is fit to the pooled subject-by-time training sequence. Subject-boundary lags are therefore not reset by tscount and this baseline should be interpreted cautiously.",38,"8,32"
39,"nb_glmm",TRUE,NA,"nbinom",4.93309581392446,NA,39,"9,32"
39,"tscount_tsglm",TRUE,NA,"nbinom",2.71112739326001,"Exploratory panel surrogate: tscount::tsglm is fit to the pooled subject-by-time training sequence. Subject-boundary lags are therefore not reset by tscount and this baseline should be interpreted cautiously.",39,"9,32"
40,"nb_glmm",TRUE,NA,"nbinom",5.17415269023227,NA,40,"10,32"
40,"tscount_tsglm",TRUE,NA,"nbinom",2.77416712784883,"Exploratory panel surrogate: tscount::tsglm is fit to the pooled subject-by-time training sequence. Subject-boundary lags are therefore not reset by tscount and this baseline should be interpreted cautiously.",40,"10,32"
41,"nb_glmm",TRUE,NA,"nbinom",4.90759497849315,NA,41,"11,32"
41,"tscount_tsglm",TRUE,NA,"nbinom",2.60930808158282,"Exploratory panel surrogate: tscount::tsglm is fit to the pooled subject-by-time training sequence. Subject-boundary lags are therefore not reset by tscount and this baseline should be interpreted cautiously.",41,"11,32"
42,"nb_glmm",TRUE,NA,"nbinom",5.18198627108844,NA,42,"12,32"
42,"tscount_tsglm",TRUE,NA,"nbinom",2.76914364046108,"Exploratory panel surrogate: tscount::tsglm is fit to the pooled subject-by-time training sequence. Subject-boundary lags are therefore not reset by tscount and this baseline should be interpreted cautiously.",42,"12,32"
43,"nb_glmm",TRUE,NA,"nbinom",4.91712875418196,NA,43,"13,32"
43,"tscount_tsglm",TRUE,NA,"nbinom",2.73102656081499,"Exploratory panel surrogate: tscount::tsglm is fit to the pooled subject-by-time training sequence. Subject-boundary lags are therefore not reset by tscount and this baseline should be interpreted cautiously.",43,"13,32"
44,"nb_glmm",TRUE,NA,"nbinom",4.96298302302092,NA,44,"14,32"
44,"tscount_tsglm",TRUE,NA,"nbinom",2.71521310984236,"Exploratory panel surrogate: tscount::tsglm is fit to the pooled subject-by-time training sequence. Subject-boundary lags are therefore not reset by tscount and this baseline should be interpreted cautiously.",44,"14,32"
45,"nb_glmm",TRUE,NA,"nbinom",5.02896798989978,NA,45,"15,32"
45,"tscount_tsglm",TRUE,NA,"nbinom",2.72437777179903,"Exploratory panel surrogate: tscount::tsglm is fit to the pooled subject-by-time training sequence. Subject-boundary lags are therefore not reset by tscount and this baseline should be interpreted cautiously.",45,"15,32"
46,"nb_glmm",TRUE,NA,"nbinom",5.02020869390648,NA,46,"16,32"
46,"tscount_tsglm",TRUE,NA,"nbinom",2.74845027956719,"Exploratory panel surrogate: tscount::tsglm is fit to the pooled subject-by-time training sequence. Subject-boundary lags are therefore not reset by tscount and this baseline should be interpreted cautiously.",46,"16,32"
47,"nb_glmm",TRUE,NA,"nbinom",5.10877406714265,NA,47,"17,32"
47,"tscount_tsglm",TRUE,NA,"nbinom",2.81519389537102,"Exploratory panel surrogate: tscount::tsglm is fit to the pooled subject-by-time training sequence. Subject-boundary lags are therefore not reset by tscount and this baseline should be interpreted cautiously.",47,"17,32"
48,"nb_glmm",TRUE,NA,"nbinom",4.9088511494216,NA,48,"18,32"
48,"tscount_tsglm",TRUE,NA,"nbinom",2.70498925637253,"Exploratory panel surrogate: tscount::tsglm is fit to the pooled subject-by-time training sequence. Subject-boundary lags are therefore not reset by tscount and this baseline should be interpreted cautiously.",48,"18,32"
49,"nb_glmm",TRUE,NA,"nbinom",4.97350706536705,NA,49,"19,32"
49,"tscount_tsglm",TRUE,NA,"nbinom",2.7244324606985,"Exploratory panel surrogate: tscount::tsglm is fit to the pooled subject-by-time training sequence. Subject-boundary lags are therefore not reset by tscount and this baseline should be interpreted cautiously.",49,"19,32"
50,"nb_glmm",TRUE,NA,"nbinom",5.0098205676253,NA,50,"20,32"
50,"tscount_tsglm",TRUE,NA,"nbinom",2.75842911567441,"Exploratory panel surrogate: tscount::tsglm is fit to the pooled subject-by-time training sequence. Subject-boundary lags are therefore not reset by tscount and this baseline should be interpreted cautiously.",50,"20,32"
51,"nb_glmm",TRUE,NA,"nbinom",4.89991360001408,NA,51,"21,32"
51,"tscount_tsglm",TRUE,NA,"nbinom",2.6801830876979,"Exploratory panel surrogate: tscount::tsglm is fit to the pooled subject-by-time training sequence. Subject-boundary lags are therefore not reset by tscount and this baseline should be interpreted cautiously.",51,"21,32"
52,"nb_glmm",TRUE,NA,"nbinom",4.82529877103013,NA,52,"22,32"
52,"tscount_tsglm",TRUE,NA,"nbinom",2.78360620241548,"Exploratory panel surrogate: tscount::tsglm is fit to the pooled subject-by-time training sequence. Subject-boundary lags are therefore not reset by tscount and this baseline should be interpreted cautiously.",52,"22,32"
53,"nb_glmm",TRUE,NA,"nbinom",5.02191317834187,NA,53,"23,32"
53,"tscount_tsglm",TRUE,NA,"nbinom",2.74254026394456,"Exploratory panel surrogate: tscount::tsglm is fit to the pooled subject-by-time training sequence. Subject-boundary lags are therefore not reset by tscount and this baseline should be interpreted cautiously.",53,"23,32"
54,"nb_glmm",TRUE,NA,"nbinom",5.1652561887573,NA,54,"24,32"
54,"tscount_tsglm",TRUE,NA,"nbinom",2.79869234682015,"Exploratory panel surrogate: tscount::tsglm is fit to the pooled subject-by-time training sequence. Subject-boundary lags are therefore not reset by tscount and this baseline should be interpreted cautiously.",54,"24,32"
55,"nb_glmm",TRUE,NA,"nbinom",4.99185801099875,NA,55,"25,32"
55,"tscount_tsglm",TRUE,NA,"nbinom",2.71858081767787,"Exploratory panel surrogate: tscount::tsglm is fit to the pooled subject-by-time training sequence. Subject-boundary lags are therefore not reset by tscount and this baseline should be interpreted cautiously.",55,"25,32"
56,"nb_glmm",TRUE,NA,"nbinom",5.18478879884715,NA,56,"26,32"
56,"tscount_tsglm",TRUE,NA,"nbinom",2.84223792087314,"Exploratory panel surrogate: tscount::tsglm is fit to the pooled subject-by-time training sequence. Subject-boundary lags are therefore not reset by tscount and this baseline should be interpreted cautiously.",56,"26,32"
57,"nb_glmm",TRUE,NA,"nbinom",5.0378897063581,NA,57,"27,32"
57,"tscount_tsglm",TRUE,NA,"nbinom",2.77546820174589,"Exploratory panel surrogate: tscount::tsglm is fit to the pooled subject-by-time training sequence. Subject-boundary lags are therefore not reset by tscount and this baseline should be interpreted cautiously.",57,"27,32"
58,"nb_glmm",TRUE,NA,"nbinom",5.01229788638926,NA,58,"28,32"
58,"tscount_tsglm",TRUE,NA,"nbinom",2.7764702167898,"Exploratory panel surrogate: tscount::tsglm is fit to the pooled subject-by-time training sequence. Subject-boundary lags are therefore not reset by tscount and this baseline should be interpreted cautiously.",58,"28,32"
59,"nb_glmm",TRUE,NA,"nbinom",4.95658719020514,NA,59,"29,32"
59,"tscount_tsglm",TRUE,NA,"nbinom",2.3683521859179,"Exploratory panel surrogate: tscount::tsglm is fit to the pooled subject-by-time training sequence. Subject-boundary lags are therefore not reset by tscount and this baseline should be interpreted cautiously.",59,"29,32"
60,"nb_glmm",TRUE,NA,"nbinom",4.86880970061519,NA,60,"30,32"
60,"tscount_tsglm",TRUE,NA,"nbinom",2.74640779209926,"Exploratory panel surrogate: tscount::tsglm is fit to the pooled subject-by-time training sequence. Subject-boundary lags are therefore not reset by tscount and this baseline should be interpreted cautiously.",60,"30,32"
61,"nb_glmm",TRUE,NA,"nbinom",5.05473677101121,NA,61,"1,33"
61,"tscount_tsglm",TRUE,NA,"nbinom",2.76092491124768,"Exploratory panel surrogate: tscount::tsglm is fit to the pooled subject-by-time training sequence. Subject-boundary lags are therefore not reset by tscount and this baseline should be interpreted cautiously.",61,"1,33"
62,"nb_glmm",TRUE,NA,"nbinom",5.06998295296434,NA,62,"2,33"
62,"tscount_tsglm",TRUE,NA,"nbinom",2.78102002173499,"Exploratory panel surrogate: tscount::tsglm is fit to the pooled subject-by-time training sequence. Subject-boundary lags are therefore not reset by tscount and this baseline should be interpreted cautiously.",62,"2,33"
63,"nb_glmm",TRUE,NA,"nbinom",5.16282760943576,NA,63,"3,33"
63,"tscount_tsglm",TRUE,NA,"nbinom",2.80156027752129,"Exploratory panel surrogate: tscount::tsglm is fit to the pooled subject-by-time training sequence. Subject-boundary lags are therefore not reset by tscount and this baseline should be interpreted cautiously.",63,"3,33"
64,"nb_glmm",TRUE,NA,"nbinom",5.13858527899982,NA,64,"4,33"
64,"tscount_tsglm",TRUE,NA,"nbinom",2.79329708030335,"Exploratory panel surrogate: tscount::tsglm is fit to the pooled subject-by-time training sequence. Subject-boundary lags are therefore not reset by tscount and this baseline should be interpreted cautiously.",64,"4,33"
65,"nb_glmm",TRUE,NA,"nbinom",5.03191676715372,NA,65,"5,33"
65,"tscount_tsglm",TRUE,NA,"nbinom",2.72084435666726,"Exploratory panel surrogate: tscount::tsglm is fit to the pooled subject-by-time training sequence. Subject-boundary lags are therefore not reset by tscount and this baseline should be interpreted cautiously.",65,"5,33"
66,"nb_glmm",TRUE,NA,"nbinom",4.96412559366743,NA,66,"6,33"
66,"tscount_tsglm",TRUE,NA,"nbinom",2.71998124775148,"Exploratory panel surrogate: tscount::tsglm is fit to the pooled subject-by-time training sequence. Subject-boundary lags are therefore not reset by tscount and this baseline should be interpreted cautiously.",66,"6,33"
67,"nb_glmm",TRUE,NA,"nbinom",4.98791694945182,NA,67,"7,33"
67,"tscount_tsglm",TRUE,NA,"nbinom",2.71721076344822,"Exploratory panel surrogate: tscount::tsglm is fit to the pooled subject-by-time training sequence. Subject-boundary lags are therefore not reset by tscount and this baseline should be interpreted cautiously.",67,"7,33"
68,"nb_glmm",TRUE,NA,"nbinom",5.13236262208377,NA,68,"8,33"
68,"tscount_tsglm",TRUE,NA,"nbinom",2.74151031273413,"Exploratory panel surrogate: tscount::tsglm is fit to the pooled subject-by-time training sequence. Subject-boundary lags are therefore not reset by tscount and this baseline should be interpreted cautiously.",68,"8,33"
69,"nb_glmm",TRUE,NA,"nbinom",5.02204459064156,NA,69,"9,33"
69,"tscount_tsglm",TRUE,NA,"nbinom",2.72789278436813,"Exploratory panel surrogate: tscount::tsglm is fit to the pooled subject-by-time training sequence. Subject-boundary lags are therefore not reset by tscount and this baseline should be interpreted cautiously.",69,"9,33"
70,"nb_glmm",TRUE,NA,"nbinom",5.26819073401992,NA,70,"10,33"
70,"tscount_tsglm",TRUE,NA,"nbinom",2.7925268837688,"Exploratory panel surrogate: tscount::tsglm is fit to the pooled subject-by-time training sequence. Subject-boundary lags are therefore not reset by tscount and this baseline should be interpreted cautiously.",70,"10,33"
71,"nb_glmm",TRUE,NA,"nbinom",4.99565942076751,NA,71,"11,33"
71,"tscount_tsglm",TRUE,NA,"nbinom",2.62516425609557,"Exploratory panel surrogate: tscount::tsglm is fit to the pooled subject-by-time training sequence. Subject-boundary lags are therefore not reset by tscount and this baseline should be interpreted cautiously.",71,"11,33"
72,"nb_glmm",TRUE,NA,"nbinom",5.27760090266669,NA,72,"12,33"
72,"tscount_tsglm",TRUE,NA,"nbinom",2.7856761037024,"Exploratory panel surrogate: tscount::tsglm is fit to the pooled subject-by-time training sequence. Subject-boundary lags are therefore not reset by tscount and this baseline should be interpreted cautiously.",72,"12,33"
73,"nb_glmm",TRUE,NA,"nbinom",5.00653826940273,NA,73,"13,33"
73,"tscount_tsglm",TRUE,NA,"nbinom",2.74559368547072,"Exploratory panel surrogate: tscount::tsglm is fit to the pooled subject-by-time training sequence. Subject-boundary lags are therefore not reset by tscount and this baseline should be interpreted cautiously.",73,"13,33"
74,"nb_glmm",TRUE,NA,"nbinom",5.05323422004198,NA,74,"14,33"
74,"tscount_tsglm",TRUE,NA,"nbinom",2.73533740936912,"Exploratory panel surrogate: tscount::tsglm is fit to the pooled subject-by-time training sequence. Subject-boundary lags are therefore not reset by tscount and this baseline should be interpreted cautiously.",74,"14,33"
75,"nb_glmm",TRUE,NA,"nbinom",5.12140727916088,NA,75,"15,33"
75,"tscount_tsglm",TRUE,NA,"nbinom",2.74125469148567,"Exploratory panel surrogate: tscount::tsglm is fit to the pooled subject-by-time training sequence. Subject-boundary lags are therefore not reset by tscount and this baseline should be interpreted cautiously.",75,"15,33"
76,"nb_glmm",TRUE,NA,"nbinom",5.11034544252024,NA,76,"16,33"
76,"tscount_tsglm",TRUE,NA,"nbinom",2.76569042768651,"Exploratory panel surrogate: tscount::tsglm is fit to the pooled subject-by-time training sequence. Subject-boundary lags are therefore not reset by tscount and this baseline should be interpreted cautiously.",76,"16,33"
77,"nb_glmm",TRUE,NA,"nbinom",5.20075025604728,NA,77,"17,33"
77,"tscount_tsglm",TRUE,NA,"nbinom",2.83516622354595,"Exploratory panel surrogate: tscount::tsglm is fit to the pooled subject-by-time training sequence. Subject-boundary lags are therefore not reset by tscount and this baseline should be interpreted cautiously.",77,"17,33"
78,"nb_glmm",TRUE,NA,"nbinom",4.99806652663097,NA,78,"18,33"
78,"tscount_tsglm",TRUE,NA,"nbinom",2.72230700093326,"Exploratory panel surrogate: tscount::tsglm is fit to the pooled subject-by-time training sequence. Subject-boundary lags are therefore not reset by tscount and this baseline should be interpreted cautiously.",78,"18,33"
79,"nb_glmm",TRUE,NA,"nbinom",5.0641720211729,NA,79,"19,33"
79,"tscount_tsglm",TRUE,NA,"nbinom",2.74198599817563,"Exploratory panel surrogate: tscount::tsglm is fit to the pooled subject-by-time training sequence. Subject-boundary lags are therefore not reset by tscount and this baseline should be interpreted cautiously.",79,"19,33"
80,"nb_glmm",TRUE,NA,"nbinom",5.09965054044706,NA,80,"20,33"
80,"tscount_tsglm",TRUE,NA,"nbinom",2.77627705379893,"Exploratory panel surrogate: tscount::tsglm is fit to the pooled subject-by-time training sequence. Subject-boundary lags are therefore not reset by tscount and this baseline should be interpreted cautiously.",80,"20,33"
81,"nb_glmm",TRUE,NA,"nbinom",4.98892779667457,NA,81,"21,33"
81,"tscount_tsglm",TRUE,NA,"nbinom",2.69731432536328,"Exploratory panel surrogate: tscount::tsglm is fit to the pooled subject-by-time training sequence. Subject-boundary lags are therefore not reset by tscount and this baseline should be interpreted cautiously.",81,"21,33"
82,"nb_glmm",TRUE,NA,"nbinom",4.91271816963193,NA,82,"22,33"
82,"tscount_tsglm",TRUE,NA,"nbinom",2.80325693088963,"Exploratory panel surrogate: tscount::tsglm is fit to the pooled subject-by-time training sequence. Subject-boundary lags are therefore not reset by tscount and this baseline should be interpreted cautiously.",82,"22,33"
83,"nb_glmm",TRUE,NA,"nbinom",5.11298511614284,NA,83,"23,33"
83,"tscount_tsglm",TRUE,NA,"nbinom",2.75953062519693,"Exploratory panel surrogate: tscount::tsglm is fit to the pooled subject-by-time training sequence. Subject-boundary lags are therefore not reset by tscount and this baseline should be interpreted cautiously.",83,"23,33"
84,"nb_glmm",TRUE,NA,"nbinom",5.25963052213399,NA,84,"24,33"
84,"tscount_tsglm",TRUE,NA,"nbinom",2.81536244765487,"Exploratory panel surrogate: tscount::tsglm is fit to the pooled subject-by-time training sequence. Subject-boundary lags are therefore not reset by tscount and this baseline should be interpreted cautiously.",84,"24,33"
85,"nb_glmm",TRUE,NA,"nbinom",5.08158105628616,NA,85,"25,33"
85,"tscount_tsglm",TRUE,NA,"nbinom",2.73627825374669,"Exploratory panel surrogate: tscount::tsglm is fit to the pooled subject-by-time training sequence. Subject-boundary lags are therefore not reset by tscount and this baseline should be interpreted cautiously.",85,"25,33"
86,"nb_glmm",TRUE,NA,"nbinom",5.27852094799039,NA,86,"26,33"
86,"tscount_tsglm",TRUE,NA,"nbinom",2.86073215100703,"Exploratory panel surrogate: tscount::tsglm is fit to the pooled subject-by-time training sequence. Subject-boundary lags are therefore not reset by tscount and this baseline should be interpreted cautiously.",86,"26,33"
87,"nb_glmm",TRUE,NA,"nbinom",5.13015925376342,NA,87,"27,33"
87,"tscount_tsglm",TRUE,NA,"nbinom",2.79225228318756,"Exploratory panel surrogate: tscount::tsglm is fit to the pooled subject-by-time training sequence. Subject-boundary lags are therefore not reset by tscount and this baseline should be interpreted cautiously.",87,"27,33"
88,"nb_glmm",TRUE,NA,"nbinom",5.10237063811089,NA,88,"28,33"
88,"tscount_tsglm",TRUE,NA,"nbinom",2.79508244933863,"Exploratory panel surrogate: tscount::tsglm is fit to the pooled subject-by-time training sequence. Subject-boundary lags are therefore not reset by tscount and this baseline should be interpreted cautiously.",88,"28,33"
89,"nb_glmm",TRUE,NA,"nbinom",5.04567995229533,NA,89,"29,33"
89,"tscount_tsglm",TRUE,NA,"nbinom",2.38666665413024,"Exploratory panel surrogate: tscount::tsglm is fit to the pooled subject-by-time training sequence. Subject-boundary lags are therefore not reset by tscount and this baseline should be interpreted cautiously.",89,"29,33"
90,"nb_glmm",TRUE,NA,"nbinom",4.95733531956834,NA,90,"30,33"
90,"tscount_tsglm",TRUE,NA,"nbinom",2.76461365423063,"Exploratory panel surrogate: tscount::tsglm is fit to the pooled subject-by-time training sequence. Subject-boundary lags are therefore not reset by tscount and this baseline should be interpreted cautiously.",90,"30,33"
91,"nb_glmm",TRUE,NA,"nbinom",5.08464645267621,NA,91,"1,34"
91,"tscount_tsglm",TRUE,NA,"nbinom",2.74628506296237,"Exploratory panel surrogate: tscount::tsglm is fit to the pooled subject-by-time training sequence. Subject-boundary lags are therefore not reset by tscount and this baseline should be interpreted cautiously.",91,"1,34"
92,"nb_glmm",TRUE,NA,"nbinom",5.10046786654636,NA,92,"2,34"
92,"tscount_tsglm",TRUE,NA,"nbinom",2.76860584542617,"Exploratory panel surrogate: tscount::tsglm is fit to the pooled subject-by-time training sequence. Subject-boundary lags are therefore not reset by tscount and this baseline should be interpreted cautiously.",92,"2,34"
93,"nb_glmm",TRUE,NA,"nbinom",5.19015884562442,NA,93,"3,34"
93,"tscount_tsglm",TRUE,NA,"nbinom",2.78738968069295,"Exploratory panel surrogate: tscount::tsglm is fit to the pooled subject-by-time training sequence. Subject-boundary lags are therefore not reset by tscount and this baseline should be interpreted cautiously.",93,"3,34"
94,"nb_glmm",TRUE,NA,"nbinom",5.16737945612171,NA,94,"4,34"
94,"tscount_tsglm",TRUE,NA,"nbinom",2.78036784418099,"Exploratory panel surrogate: tscount::tsglm is fit to the pooled subject-by-time training sequence. Subject-boundary lags are therefore not reset by tscount and this baseline should be interpreted cautiously.",94,"4,34"
95,"nb_glmm",TRUE,NA,"nbinom",5.06003984879462,NA,95,"5,34"
95,"tscount_tsglm",TRUE,NA,"nbinom",2.70772647118896,"Exploratory panel surrogate: tscount::tsglm is fit to the pooled subject-by-time training sequence. Subject-boundary lags are therefore not reset by tscount and this baseline should be interpreted cautiously.",95,"5,34"
96,"nb_glmm",TRUE,NA,"nbinom",4.99358355721747,NA,96,"6,34"
96,"tscount_tsglm",TRUE,NA,"nbinom",2.69396505052166,"Exploratory panel surrogate: tscount::tsglm is fit to the pooled subject-by-time training sequence. Subject-boundary lags are therefore not reset by tscount and this baseline should be interpreted cautiously.",96,"6,34"
97,"nb_glmm",TRUE,NA,"nbinom",5.01756759794872,NA,97,"7,34"
97,"tscount_tsglm",TRUE,NA,"nbinom",2.71080708965834,"Exploratory panel surrogate: tscount::tsglm is fit to the pooled subject-by-time training sequence. Subject-boundary lags are therefore not reset by tscount and this baseline should be interpreted cautiously.",97,"7,34"
98,"nb_glmm",TRUE,NA,"nbinom",5.15933175129325,NA,98,"8,34"
98,"tscount_tsglm",TRUE,NA,"nbinom",2.72975109601082,"Exploratory panel surrogate: tscount::tsglm is fit to the pooled subject-by-time training sequence. Subject-boundary lags are therefore not reset by tscount and this baseline should be interpreted cautiously.",98,"8,34"
99,"nb_glmm",TRUE,NA,"nbinom",5.05122227552181,NA,99,"9,34"
99,"tscount_tsglm",TRUE,NA,"nbinom",2.71513022532561,"Exploratory panel surrogate: tscount::tsglm is fit to the pooled subject-by-time training sequence. Subject-boundary lags are therefore not reset by tscount and this baseline should be interpreted cautiously.",99,"9,34"
100,"nb_glmm",TRUE,NA,"nbinom",5.29596003672085,NA,100,"10,34"
100,"tscount_tsglm",TRUE,NA,"nbinom",2.77897660611838,"Exploratory panel surrogate: tscount::tsglm is fit to the pooled subject-by-time training sequence. Subject-boundary lags are therefore not reset by tscount and this baseline should be interpreted cautiously.",100,"10,34"
101,"nb_glmm",TRUE,NA,"nbinom",5.02578530030055,NA,101,"11,34"
101,"tscount_tsglm",TRUE,NA,"nbinom",2.62082238599951,"Exploratory panel surrogate: tscount::tsglm is fit to the pooled subject-by-time training sequence. Subject-boundary lags are therefore not reset by tscount and this baseline should be interpreted cautiously.",101,"11,34"
102,"nb_glmm",TRUE,NA,"nbinom",5.31171728531605,NA,102,"12,34"
102,"tscount_tsglm",TRUE,NA,"nbinom",2.7710978285887,"Exploratory panel surrogate: tscount::tsglm is fit to the pooled subject-by-time training sequence. Subject-boundary lags are therefore not reset by tscount and this baseline should be interpreted cautiously.",102,"12,34"
103,"nb_glmm",TRUE,NA,"nbinom",5.03453536920802,NA,103,"13,34"
103,"tscount_tsglm",TRUE,NA,"nbinom",2.73745093675727,"Exploratory panel surrogate: tscount::tsglm is fit to the pooled subject-by-time training sequence. Subject-boundary lags are therefore not reset by tscount and this baseline should be interpreted cautiously.",103,"13,34"
104,"nb_glmm",TRUE,NA,"nbinom",5.08183839749405,NA,104,"14,34"
104,"tscount_tsglm",TRUE,NA,"nbinom",2.72169323327528,"Exploratory panel surrogate: tscount::tsglm is fit to the pooled subject-by-time training sequence. Subject-boundary lags are therefore not reset by tscount and this baseline should be interpreted cautiously.",104,"14,34"
105,"nb_glmm",TRUE,NA,"nbinom",5.14951062965538,NA,105,"15,34"
105,"tscount_tsglm",TRUE,NA,"nbinom",2.72917088667142,"Exploratory panel surrogate: tscount::tsglm is fit to the pooled subject-by-time training sequence. Subject-boundary lags are therefore not reset by tscount and this baseline should be interpreted cautiously.",105,"15,34"
106,"nb_glmm",TRUE,NA,"nbinom",5.1409825267413,NA,106,"16,34"
106,"tscount_tsglm",TRUE,NA,"nbinom",2.75209513281178,"Exploratory panel surrogate: tscount::tsglm is fit to the pooled subject-by-time training sequence. Subject-boundary lags are therefore not reset by tscount and this baseline should be interpreted cautiously.",106,"16,34"
107,"nb_glmm",TRUE,NA,"nbinom",5.23005813252222,NA,107,"17,34"
107,"tscount_tsglm",TRUE,NA,"nbinom",2.82150609866722,"Exploratory panel surrogate: tscount::tsglm is fit to the pooled subject-by-time training sequence. Subject-boundary lags are therefore not reset by tscount and this baseline should be interpreted cautiously.",107,"17,34"
108,"nb_glmm",TRUE,NA,"nbinom",5.02782759655876,NA,108,"18,34"
108,"tscount_tsglm",TRUE,NA,"nbinom",2.71106795292681,"Exploratory panel surrogate: tscount::tsglm is fit to the pooled subject-by-time training sequence. Subject-boundary lags are therefore not reset by tscount and this baseline should be interpreted cautiously.",108,"18,34"
109,"nb_glmm",TRUE,NA,"nbinom",5.09323928683998,NA,109,"19,34"
109,"tscount_tsglm",TRUE,NA,"nbinom",2.72952679058692,"Exploratory panel surrogate: tscount::tsglm is fit to the pooled subject-by-time training sequence. Subject-boundary lags are therefore not reset by tscount and this baseline should be interpreted cautiously.",109,"19,34"
110,"nb_glmm",TRUE,NA,"nbinom",5.12968127961523,NA,110,"20,34"
110,"tscount_tsglm",TRUE,NA,"nbinom",2.76371717233204,"Exploratory panel surrogate: tscount::tsglm is fit to the pooled subject-by-time training sequence. Subject-boundary lags are therefore not reset by tscount and this baseline should be interpreted cautiously.",110,"20,34"
111,"nb_glmm",TRUE,NA,"nbinom",5.01635533550696,NA,111,"21,34"
111,"tscount_tsglm",TRUE,NA,"nbinom",2.68647676763715,"Exploratory panel surrogate: tscount::tsglm is fit to the pooled subject-by-time training sequence. Subject-boundary lags are therefore not reset by tscount and this baseline should be interpreted cautiously.",111,"21,34"
112,"nb_glmm",TRUE,NA,"nbinom",4.94128136954798,NA,112,"22,34"
112,"tscount_tsglm",TRUE,NA,"nbinom",2.79369227067945,"Exploratory panel surrogate: tscount::tsglm is fit to the pooled subject-by-time training sequence. Subject-boundary lags are therefore not reset by tscount and this baseline should be interpreted cautiously.",112,"22,34"
113,"nb_glmm",TRUE,NA,"nbinom",5.14506791022102,NA,113,"23,34"
113,"tscount_tsglm",TRUE,NA,"nbinom",2.74783793901344,"Exploratory panel surrogate: tscount::tsglm is fit to the pooled subject-by-time training sequence. Subject-boundary lags are therefore not reset by tscount and this baseline should be interpreted cautiously.",113,"23,34"
114,"nb_glmm",TRUE,NA,"nbinom",5.29314449605433,NA,114,"24,34"
114,"tscount_tsglm",TRUE,NA,"nbinom",2.80408137435686,"Exploratory panel surrogate: tscount::tsglm is fit to the pooled subject-by-time training sequence. Subject-boundary lags are therefore not reset by tscount and this baseline should be interpreted cautiously.",114,"24,34"
115,"nb_glmm",TRUE,NA,"nbinom",5.11128793158192,NA,115,"25,34"
115,"tscount_tsglm",TRUE,NA,"nbinom",2.72407293431842,"Exploratory panel surrogate: tscount::tsglm is fit to the pooled subject-by-time training sequence. Subject-boundary lags are therefore not reset by tscount and this baseline should be interpreted cautiously.",115,"25,34"
116,"nb_glmm",TRUE,NA,"nbinom",5.31021799657681,NA,116,"26,34"
116,"tscount_tsglm",TRUE,NA,"nbinom",2.84174885363732,"Exploratory panel surrogate: tscount::tsglm is fit to the pooled subject-by-time training sequence. Subject-boundary lags are therefore not reset by tscount and this baseline should be interpreted cautiously.",116,"26,34"
117,"nb_glmm",TRUE,NA,"nbinom",5.15929383309892,NA,117,"27,34"
117,"tscount_tsglm",TRUE,NA,"nbinom",2.77954667059043,"Exploratory panel surrogate: tscount::tsglm is fit to the pooled subject-by-time training sequence. Subject-boundary lags are therefore not reset by tscount and this baseline should be interpreted cautiously.",117,"27,34"
118,"nb_glmm",TRUE,NA,"nbinom",5.13247233142098,NA,118,"28,34"
118,"tscount_tsglm",TRUE,NA,"nbinom",2.77991117902136,"Exploratory panel surrogate: tscount::tsglm is fit to the pooled subject-by-time training sequence. Subject-boundary lags are therefore not reset by tscount and this baseline should be interpreted cautiously.",118,"28,34"
119,"nb_glmm",TRUE,NA,"nbinom",5.07609175309448,NA,119,"29,34"
119,"tscount_tsglm",TRUE,NA,"nbinom",2.38797157825534,"Exploratory panel surrogate: tscount::tsglm is fit to the pooled subject-by-time training sequence. Subject-boundary lags are therefore not reset by tscount and this baseline should be interpreted cautiously.",119,"29,34"
120,"nb_glmm",TRUE,NA,"nbinom",4.98524934499158,NA,120,"30,34"
120,"tscount_tsglm",TRUE,NA,"nbinom",2.75186470181172,"Exploratory panel surrogate: tscount::tsglm is fit to the pooled subject-by-time training sequence. Subject-boundary lags are therefore not reset by tscount and this baseline should be interpreted cautiously.",120,"30,34"
121,"nb_glmm",TRUE,NA,"nbinom",4.85078316272414,NA,121,"1,35"
121,"tscount_tsglm",TRUE,NA,"nbinom",2.71698095658288,"Exploratory panel surrogate: tscount::tsglm is fit to the pooled subject-by-time training sequence. Subject-boundary lags are therefore not reset by tscount and this baseline should be interpreted cautiously.",121,"1,35"
122,"nb_glmm",TRUE,NA,"nbinom",4.86513176834486,NA,122,"2,35"
122,"tscount_tsglm",TRUE,NA,"nbinom",2.73632006230576,"Exploratory panel surrogate: tscount::tsglm is fit to the pooled subject-by-time training sequence. Subject-boundary lags are therefore not reset by tscount and this baseline should be interpreted cautiously.",122,"2,35"
123,"nb_glmm",TRUE,NA,"nbinom",4.95163341747922,NA,123,"3,35"
123,"tscount_tsglm",TRUE,NA,"nbinom",2.75574555607154,"Exploratory panel surrogate: tscount::tsglm is fit to the pooled subject-by-time training sequence. Subject-boundary lags are therefore not reset by tscount and this baseline should be interpreted cautiously.",123,"3,35"
124,"nb_glmm",TRUE,NA,"nbinom",4.93034637734157,NA,124,"4,35"
124,"tscount_tsglm",TRUE,NA,"nbinom",2.74916875263372,"Exploratory panel surrogate: tscount::tsglm is fit to the pooled subject-by-time training sequence. Subject-boundary lags are therefore not reset by tscount and this baseline should be interpreted cautiously.",124,"4,35"
125,"nb_glmm",TRUE,NA,"nbinom",4.8268512298112,NA,125,"5,35"
125,"tscount_tsglm",TRUE,NA,"nbinom",2.67781757561584,"Exploratory panel surrogate: tscount::tsglm is fit to the pooled subject-by-time training sequence. Subject-boundary lags are therefore not reset by tscount and this baseline should be interpreted cautiously.",125,"5,35"
126,"nb_glmm",TRUE,NA,"nbinom",4.763272480078,NA,126,"6,35"
126,"tscount_tsglm",TRUE,NA,"nbinom",2.67731775014118,"Exploratory panel surrogate: tscount::tsglm is fit to the pooled subject-by-time training sequence. Subject-boundary lags are therefore not reset by tscount and this baseline should be interpreted cautiously.",126,"6,35"
127,"nb_glmm",TRUE,NA,"nbinom",4.78583897009654,NA,127,"7,35"
127,"tscount_tsglm",TRUE,NA,"nbinom",2.6793495739947,"Exploratory panel surrogate: tscount::tsglm is fit to the pooled subject-by-time training sequence. Subject-boundary lags are therefore not reset by tscount and this baseline should be interpreted cautiously.",127,"7,35"
128,"nb_glmm",TRUE,NA,"nbinom",4.92233758158158,NA,128,"8,35"
128,"tscount_tsglm",TRUE,NA,"nbinom",2.69905184790071,"Exploratory panel surrogate: tscount::tsglm is fit to the pooled subject-by-time training sequence. Subject-boundary lags are therefore not reset by tscount and this baseline should be interpreted cautiously.",128,"8,35"
129,"nb_glmm",TRUE,NA,"nbinom",4.82016746158657,NA,129,"9,35"
129,"tscount_tsglm",TRUE,NA,"nbinom",2.68581041074346,"Exploratory panel surrogate: tscount::tsglm is fit to the pooled subject-by-time training sequence. Subject-boundary lags are therefore not reset by tscount and this baseline should be interpreted cautiously.",129,"9,35"
130,"nb_glmm",TRUE,NA,"nbinom",5.05428638966104,NA,130,"10,35"
130,"tscount_tsglm",TRUE,NA,"nbinom",2.74769166168438,"Exploratory panel surrogate: tscount::tsglm is fit to the pooled subject-by-time training sequence. Subject-boundary lags are therefore not reset by tscount and this baseline should be interpreted cautiously.",130,"10,35"
131,"nb_glmm",TRUE,NA,"nbinom",4.79383011822731,NA,131,"11,35"
131,"tscount_tsglm",TRUE,NA,"nbinom",2.59175149247359,"Exploratory panel surrogate: tscount::tsglm is fit to the pooled subject-by-time training sequence. Subject-boundary lags are therefore not reset by tscount and this baseline should be interpreted cautiously.",131,"11,35"
132,"nb_glmm",TRUE,NA,"nbinom",5.05648447376026,NA,132,"12,35"
132,"tscount_tsglm",TRUE,NA,"nbinom",2.7392299535775,"Exploratory panel surrogate: tscount::tsglm is fit to the pooled subject-by-time training sequence. Subject-boundary lags are therefore not reset by tscount and this baseline should be interpreted cautiously.",132,"12,35"
133,"nb_glmm",TRUE,NA,"nbinom",4.80430292980286,NA,133,"13,35"
133,"tscount_tsglm",TRUE,NA,"nbinom",2.70713217042969,"Exploratory panel surrogate: tscount::tsglm is fit to the pooled subject-by-time training sequence. Subject-boundary lags are therefore not reset by tscount and this baseline should be interpreted cautiously.",133,"13,35"
134,"nb_glmm",TRUE,NA,"nbinom",4.84703581351493,NA,134,"14,35"
134,"tscount_tsglm",TRUE,NA,"nbinom",2.69240370002077,"Exploratory panel surrogate: tscount::tsglm is fit to the pooled subject-by-time training sequence. Subject-boundary lags are therefore not reset by tscount and this baseline should be interpreted cautiously.",134,"14,35"
135,"nb_glmm",TRUE,NA,"nbinom",4.912722855979,NA,135,"15,35"
135,"tscount_tsglm",TRUE,NA,"nbinom",2.69796301198901,"Exploratory panel surrogate: tscount::tsglm is fit to the pooled subject-by-time training sequence. Subject-boundary lags are therefore not reset by tscount and this baseline should be interpreted cautiously.",135,"15,35"
136,"nb_glmm",TRUE,NA,"nbinom",4.90380814626014,NA,136,"16,35"
136,"tscount_tsglm",TRUE,NA,"nbinom",2.72117753965694,"Exploratory panel surrogate: tscount::tsglm is fit to the pooled subject-by-time training sequence. Subject-boundary lags are therefore not reset by tscount and this baseline should be interpreted cautiously.",136,"16,35"
137,"nb_glmm",TRUE,NA,"nbinom",4.99112387943064,NA,137,"17,35"
137,"tscount_tsglm",TRUE,NA,"nbinom",2.78994262871637,"Exploratory panel surrogate: tscount::tsglm is fit to the pooled subject-by-time training sequence. Subject-boundary lags are therefore not reset by tscount and this baseline should be interpreted cautiously.",137,"17,35"
138,"nb_glmm",TRUE,NA,"nbinom",4.7955095693627,NA,138,"18,35"
138,"tscount_tsglm",TRUE,NA,"nbinom",2.67953220799544,"Exploratory panel surrogate: tscount::tsglm is fit to the pooled subject-by-time training sequence. Subject-boundary lags are therefore not reset by tscount and this baseline should be interpreted cautiously.",138,"18,35"
139,"nb_glmm",TRUE,NA,"nbinom",4.85632042092519,NA,139,"19,35"
139,"tscount_tsglm",TRUE,NA,"nbinom",2.69805810316522,"Exploratory panel surrogate: tscount::tsglm is fit to the pooled subject-by-time training sequence. Subject-boundary lags are therefore not reset by tscount and this baseline should be interpreted cautiously.",139,"19,35"
140,"nb_glmm",TRUE,NA,"nbinom",4.89412533265177,NA,140,"20,35"
140,"tscount_tsglm",TRUE,NA,"nbinom",2.73221106313871,"Exploratory panel surrogate: tscount::tsglm is fit to the pooled subject-by-time training sequence. Subject-boundary lags are therefore not reset by tscount and this baseline should be interpreted cautiously.",140,"20,35"
141,"nb_glmm",TRUE,NA,"nbinom",4.78687228699821,NA,141,"21,35"
141,"tscount_tsglm",TRUE,NA,"nbinom",2.65613972798185,"Exploratory panel surrogate: tscount::tsglm is fit to the pooled subject-by-time training sequence. Subject-boundary lags are therefore not reset by tscount and this baseline should be interpreted cautiously.",141,"21,35"
142,"nb_glmm",TRUE,NA,"nbinom",4.71559645112548,NA,142,"22,35"
142,"tscount_tsglm",TRUE,NA,"nbinom",2.75697408842071,"Exploratory panel surrogate: tscount::tsglm is fit to the pooled subject-by-time training sequence. Subject-boundary lags are therefore not reset by tscount and this baseline should be interpreted cautiously.",142,"22,35"
143,"nb_glmm",TRUE,NA,"nbinom",4.90334275285305,NA,143,"23,35"
143,"tscount_tsglm",TRUE,NA,"nbinom",2.71464007038193,"Exploratory panel surrogate: tscount::tsglm is fit to the pooled subject-by-time training sequence. Subject-boundary lags are therefore not reset by tscount and this baseline should be interpreted cautiously.",143,"23,35"
144,"nb_glmm",TRUE,NA,"nbinom",5.04096537853514,NA,144,"24,35"
144,"tscount_tsglm",TRUE,NA,"nbinom",2.7687200039837,"Exploratory panel surrogate: tscount::tsglm is fit to the pooled subject-by-time training sequence. Subject-boundary lags are therefore not reset by tscount and this baseline should be interpreted cautiously.",144,"24,35"
145,"nb_glmm",TRUE,NA,"nbinom",4.874475573956,NA,145,"25,35"
145,"tscount_tsglm",TRUE,NA,"nbinom",2.69394113539116,"Exploratory panel surrogate: tscount::tsglm is fit to the pooled subject-by-time training sequence. Subject-boundary lags are therefore not reset by tscount and this baseline should be interpreted cautiously.",145,"25,35"
146,"nb_glmm",TRUE,NA,"nbinom",5.06256360173526,NA,146,"26,35"
146,"tscount_tsglm",TRUE,NA,"nbinom",2.8129915744432,"Exploratory panel surrogate: tscount::tsglm is fit to the pooled subject-by-time training sequence. Subject-boundary lags are therefore not reset by tscount and this baseline should be interpreted cautiously.",146,"26,35"
147,"nb_glmm",TRUE,NA,"nbinom",4.91908976820119,NA,147,"27,35"
147,"tscount_tsglm",TRUE,NA,"nbinom",2.74675520445913,"Exploratory panel surrogate: tscount::tsglm is fit to the pooled subject-by-time training sequence. Subject-boundary lags are therefore not reset by tscount and this baseline should be interpreted cautiously.",147,"27,35"
148,"nb_glmm",TRUE,NA,"nbinom",4.89672227026527,NA,148,"28,35"
148,"tscount_tsglm",TRUE,NA,"nbinom",2.75005695427086,"Exploratory panel surrogate: tscount::tsglm is fit to the pooled subject-by-time training sequence. Subject-boundary lags are therefore not reset by tscount and this baseline should be interpreted cautiously.",148,"28,35"
149,"nb_glmm",TRUE,NA,"nbinom",4.84047017620066,NA,149,"29,35"
149,"tscount_tsglm",TRUE,NA,"nbinom",2.36617691169195,"Exploratory panel surrogate: tscount::tsglm is fit to the pooled subject-by-time training sequence. Subject-boundary lags are therefore not reset by tscount and this baseline should be interpreted cautiously.",149,"29,35"
150,"nb_glmm",TRUE,NA,"nbinom",4.756771794233,NA,150,"30,35"
150,"tscount_tsglm",TRUE,NA,"nbinom",2.71965362744141,"Exploratory panel surrogate: tscount::tsglm is fit to the pooled subject-by-time training sequence. Subject-boundary lags are therefore not reset by tscount and this baseline should be interpreted cautiously.",150,"30,35"
151,"nb_glmm",TRUE,NA,"nbinom",4.92424243072179,NA,151,"1,36"
151,"tscount_tsglm",TRUE,NA,"nbinom",2.68789440125672,"Exploratory panel surrogate: tscount::tsglm is fit to the pooled subject-by-time training sequence. Subject-boundary lags are therefore not reset by tscount and this baseline should be interpreted cautiously.",151,"1,36"
152,"nb_glmm",TRUE,NA,"nbinom",4.93889122427224,NA,152,"2,36"
152,"tscount_tsglm",TRUE,NA,"nbinom",2.71390515952415,"Exploratory panel surrogate: tscount::tsglm is fit to the pooled subject-by-time training sequence. Subject-boundary lags are therefore not reset by tscount and this baseline should be interpreted cautiously.",152,"2,36"
153,"nb_glmm",TRUE,NA,"nbinom",5.02419591707647,NA,153,"3,36"
153,"tscount_tsglm",TRUE,NA,"nbinom",2.72916512816327,"Exploratory panel surrogate: tscount::tsglm is fit to the pooled subject-by-time training sequence. Subject-boundary lags are therefore not reset by tscount and this baseline should be interpreted cautiously.",153,"3,36"
154,"nb_glmm",TRUE,NA,"nbinom",5.00667391214576,NA,154,"4,36"
154,"tscount_tsglm",TRUE,NA,"nbinom",2.72455200246771,"Exploratory panel surrogate: tscount::tsglm is fit to the pooled subject-by-time training sequence. Subject-boundary lags are therefore not reset by tscount and this baseline should be interpreted cautiously.",154,"4,36"
155,"nb_glmm",TRUE,NA,"nbinom",4.89932800809975,NA,155,"5,36"
155,"tscount_tsglm",TRUE,NA,"nbinom",2.65375722631925,"Exploratory panel surrogate: tscount::tsglm is fit to the pooled subject-by-time training sequence. Subject-boundary lags are therefore not reset by tscount and this baseline should be interpreted cautiously.",155,"5,36"
156,"nb_glmm",TRUE,NA,"nbinom",4.83361207020728,NA,156,"6,36"
156,"tscount_tsglm",TRUE,NA,"nbinom",2.65344906190495,"Exploratory panel surrogate: tscount::tsglm is fit to the pooled subject-by-time training sequence. Subject-boundary lags are therefore not reset by tscount and this baseline should be interpreted cautiously.",156,"6,36"
157,"nb_glmm",TRUE,NA,"nbinom",4.85562032839294,NA,157,"7,36"
157,"tscount_tsglm",TRUE,NA,"nbinom",2.65606340046779,"Exploratory panel surrogate: tscount::tsglm is fit to the pooled subject-by-time training sequence. Subject-boundary lags are therefore not reset by tscount and this baseline should be interpreted cautiously.",157,"7,36"
158,"nb_glmm",TRUE,NA,"nbinom",4.99451703152864,NA,158,"8,36"
158,"tscount_tsglm",TRUE,NA,"nbinom",2.67470115913623,"Exploratory panel surrogate: tscount::tsglm is fit to the pooled subject-by-time training sequence. Subject-boundary lags are therefore not reset by tscount and this baseline should be interpreted cautiously.",158,"8,36"
159,"nb_glmm",TRUE,NA,"nbinom",4.88949531267675,NA,159,"9,36"
159,"tscount_tsglm",TRUE,NA,"nbinom",2.66193656086324,"Exploratory panel surrogate: tscount::tsglm is fit to the pooled subject-by-time training sequence. Subject-boundary lags are therefore not reset by tscount and this baseline should be interpreted cautiously.",159,"9,36"
160,"nb_glmm",TRUE,NA,"nbinom",5.12736084755708,NA,160,"10,36"
160,"tscount_tsglm",TRUE,NA,"nbinom",2.72187400342369,"Exploratory panel surrogate: tscount::tsglm is fit to the pooled subject-by-time training sequence. Subject-boundary lags are therefore not reset by tscount and this baseline should be interpreted cautiously.",160,"10,36"
161,"nb_glmm",TRUE,NA,"nbinom",4.86475215450543,NA,161,"11,36"
161,"tscount_tsglm",TRUE,NA,"nbinom",2.56978837942567,"Exploratory panel surrogate: tscount::tsglm is fit to the pooled subject-by-time training sequence. Subject-boundary lags are therefore not reset by tscount and this baseline should be interpreted cautiously.",161,"11,36"
162,"nb_glmm",TRUE,NA,"nbinom",5.14015687303356,NA,162,"12,36"
162,"tscount_tsglm",TRUE,NA,"nbinom",2.71527720676711,"Exploratory panel surrogate: tscount::tsglm is fit to the pooled subject-by-time training sequence. Subject-boundary lags are therefore not reset by tscount and this baseline should be interpreted cautiously.",162,"12,36"
163,"nb_glmm",TRUE,NA,"nbinom",4.87381320656309,NA,163,"13,36"
163,"tscount_tsglm",TRUE,NA,"nbinom",2.68254045620936,"Exploratory panel surrogate: tscount::tsglm is fit to the pooled subject-by-time training sequence. Subject-boundary lags are therefore not reset by tscount and this baseline should be interpreted cautiously.",163,"13,36"
164,"nb_glmm",TRUE,NA,"nbinom",4.91704143818742,NA,164,"14,36"
164,"tscount_tsglm",TRUE,NA,"nbinom",2.66765765089612,"Exploratory panel surrogate: tscount::tsglm is fit to the pooled subject-by-time training sequence. Subject-boundary lags are therefore not reset by tscount and this baseline should be interpreted cautiously.",164,"14,36"
165,"nb_glmm",TRUE,NA,"nbinom",4.98725629309178,NA,165,"15,36"
165,"tscount_tsglm",TRUE,NA,"nbinom",2.67037038726475,"Exploratory panel surrogate: tscount::tsglm is fit to the pooled subject-by-time training sequence. Subject-boundary lags are therefore not reset by tscount and this baseline should be interpreted cautiously.",165,"15,36"
166,"nb_glmm",TRUE,NA,"nbinom",4.97693749117885,NA,166,"16,36"
166,"tscount_tsglm",TRUE,NA,"nbinom",2.69354424754851,"Exploratory panel surrogate: tscount::tsglm is fit to the pooled subject-by-time training sequence. Subject-boundary lags are therefore not reset by tscount and this baseline should be interpreted cautiously.",166,"16,36"
167,"nb_glmm",TRUE,NA,"nbinom",5.06571276519285,NA,167,"17,36"
167,"tscount_tsglm",TRUE,NA,"nbinom",2.76384313219042,"Exploratory panel surrogate: tscount::tsglm is fit to the pooled subject-by-time training sequence. Subject-boundary lags are therefore not reset by tscount and this baseline should be interpreted cautiously.",167,"17,36"
168,"nb_glmm",TRUE,NA,"nbinom",4.86881303499789,NA,168,"18,36"
168,"tscount_tsglm",TRUE,NA,"nbinom",2.65579808332288,"Exploratory panel surrogate: tscount::tsglm is fit to the pooled subject-by-time training sequence. Subject-boundary lags are therefore not reset by tscount and this baseline should be interpreted cautiously.",168,"18,36"
169,"nb_glmm",TRUE,NA,"nbinom",4.93175982505325,NA,169,"19,36"
169,"tscount_tsglm",TRUE,NA,"nbinom",2.67530518548754,"Exploratory panel surrogate: tscount::tsglm is fit to the pooled subject-by-time training sequence. Subject-boundary lags are therefore not reset by tscount and this baseline should be interpreted cautiously.",169,"19,36"
170,"nb_glmm",TRUE,NA,"nbinom",4.96665389885778,NA,170,"20,36"
170,"tscount_tsglm",TRUE,NA,"nbinom",2.7072251073224,"Exploratory panel surrogate: tscount::tsglm is fit to the pooled subject-by-time training sequence. Subject-boundary lags are therefore not reset by tscount and this baseline should be interpreted cautiously.",170,"20,36"
171,"nb_glmm",TRUE,NA,"nbinom",4.85708143005668,NA,171,"21,36"
171,"tscount_tsglm",TRUE,NA,"nbinom",2.63220785214334,"Exploratory panel surrogate: tscount::tsglm is fit to the pooled subject-by-time training sequence. Subject-boundary lags are therefore not reset by tscount and this baseline should be interpreted cautiously.",171,"21,36"
172,"nb_glmm",TRUE,NA,"nbinom",4.78576432364196,NA,172,"22,36"
172,"tscount_tsglm",TRUE,NA,"nbinom",2.7359695404404,"Exploratory panel surrogate: tscount::tsglm is fit to the pooled subject-by-time training sequence. Subject-boundary lags are therefore not reset by tscount and this baseline should be interpreted cautiously.",172,"22,36"
173,"nb_glmm",TRUE,NA,"nbinom",4.980614237989,NA,173,"23,36"
173,"tscount_tsglm",TRUE,NA,"nbinom",2.68990849852306,"Exploratory panel surrogate: tscount::tsglm is fit to the pooled subject-by-time training sequence. Subject-boundary lags are therefore not reset by tscount and this baseline should be interpreted cautiously.",173,"23,36"
174,"nb_glmm",TRUE,NA,"nbinom",5.12124011639243,NA,174,"24,36"
174,"tscount_tsglm",TRUE,NA,"nbinom",2.73688980650917,"Exploratory panel surrogate: tscount::tsglm is fit to the pooled subject-by-time training sequence. Subject-boundary lags are therefore not reset by tscount and this baseline should be interpreted cautiously.",174,"24,36"
175,"nb_glmm",TRUE,NA,"nbinom",4.94633302274048,NA,175,"25,36"
175,"tscount_tsglm",TRUE,NA,"nbinom",2.66921664003181,"Exploratory panel surrogate: tscount::tsglm is fit to the pooled subject-by-time training sequence. Subject-boundary lags are therefore not reset by tscount and this baseline should be interpreted cautiously.",175,"25,36"
176,"nb_glmm",TRUE,NA,"nbinom",5.14350159808558,NA,176,"26,36"
176,"tscount_tsglm",TRUE,NA,"nbinom",2.78660168997472,"Exploratory panel surrogate: tscount::tsglm is fit to the pooled subject-by-time training sequence. Subject-boundary lags are therefore not reset by tscount and this baseline should be interpreted cautiously.",176,"26,36"
177,"nb_glmm",TRUE,NA,"nbinom",4.99348556505058,NA,177,"27,36"
177,"tscount_tsglm",TRUE,NA,"nbinom",2.72081781890203,"Exploratory panel surrogate: tscount::tsglm is fit to the pooled subject-by-time training sequence. Subject-boundary lags are therefore not reset by tscount and this baseline should be interpreted cautiously.",177,"27,36"
178,"nb_glmm",TRUE,NA,"nbinom",4.97043509177122,NA,178,"28,36"
178,"tscount_tsglm",TRUE,NA,"nbinom",2.72442192959216,"Exploratory panel surrogate: tscount::tsglm is fit to the pooled subject-by-time training sequence. Subject-boundary lags are therefore not reset by tscount and this baseline should be interpreted cautiously.",178,"28,36"
179,"nb_glmm",TRUE,NA,"nbinom",4.91301691968153,NA,179,"29,36"
179,"tscount_tsglm",TRUE,NA,"nbinom",2.3465198525587,"Exploratory panel surrogate: tscount::tsglm is fit to the pooled subject-by-time training sequence. Subject-boundary lags are therefore not reset by tscount and this baseline should be interpreted cautiously.",179,"29,36"
180,"nb_glmm",TRUE,NA,"nbinom",4.82454072910118,NA,180,"30,36"
180,"tscount_tsglm",TRUE,NA,"nbinom",2.69570567513326,"Exploratory panel surrogate: tscount::tsglm is fit to the pooled subject-by-time training sequence. Subject-boundary lags are therefore not reset by tscount and this baseline should be interpreted cautiously.",180,"30,36"
181,"nb_glmm",TRUE,NA,"nbinom",5.28844210074509,NA,181,"1,37"
181,"tscount_tsglm",TRUE,NA,"nbinom",2.7360607390169,"Exploratory panel surrogate: tscount::tsglm is fit to the pooled subject-by-time training sequence. Subject-boundary lags are therefore not reset by tscount and this baseline should be interpreted cautiously.",181,"1,37"
182,"nb_glmm",TRUE,NA,"nbinom",5.30349537196323,NA,182,"2,37"
182,"tscount_tsglm",TRUE,NA,"nbinom",2.75721240800972,"Exploratory panel surrogate: tscount::tsglm is fit to the pooled subject-by-time training sequence. Subject-boundary lags are therefore not reset by tscount and this baseline should be interpreted cautiously.",182,"2,37"
183,"nb_glmm",TRUE,NA,"nbinom",5.4009710862744,NA,183,"3,37"
183,"tscount_tsglm",TRUE,NA,"nbinom",2.77551554910528,"Exploratory panel surrogate: tscount::tsglm is fit to the pooled subject-by-time training sequence. Subject-boundary lags are therefore not reset by tscount and this baseline should be interpreted cautiously.",183,"3,37"
184,"nb_glmm",TRUE,NA,"nbinom",5.3749550771754,NA,184,"4,37"
184,"tscount_tsglm",TRUE,NA,"nbinom",2.76950694391474,"Exploratory panel surrogate: tscount::tsglm is fit to the pooled subject-by-time training sequence. Subject-boundary lags are therefore not reset by tscount and this baseline should be interpreted cautiously.",184,"4,37"
185,"nb_glmm",TRUE,NA,"nbinom",5.26391453968716,NA,185,"5,37"
185,"tscount_tsglm",TRUE,NA,"nbinom",2.69633988115227,"Exploratory panel surrogate: tscount::tsglm is fit to the pooled subject-by-time training sequence. Subject-boundary lags are therefore not reset by tscount and this baseline should be interpreted cautiously.",185,"5,37"
186,"nb_glmm",TRUE,NA,"nbinom",5.19114387787984,NA,186,"6,37"
186,"tscount_tsglm",TRUE,NA,"nbinom",2.69575133953784,"Exploratory panel surrogate: tscount::tsglm is fit to the pooled subject-by-time training sequence. Subject-boundary lags are therefore not reset by tscount and this baseline should be interpreted cautiously.",186,"6,37"
187,"nb_glmm",TRUE,NA,"nbinom",5.21618049049067,NA,187,"7,37"
187,"tscount_tsglm",TRUE,NA,"nbinom",2.69842657391824,"Exploratory panel surrogate: tscount::tsglm is fit to the pooled subject-by-time training sequence. Subject-boundary lags are therefore not reset by tscount and this baseline should be interpreted cautiously.",187,"7,37"
188,"nb_glmm",TRUE,NA,"nbinom",5.37207477035327,NA,188,"8,37"
188,"tscount_tsglm",TRUE,NA,"nbinom",2.71528311045993,"Exploratory panel surrogate: tscount::tsglm is fit to the pooled subject-by-time training sequence. Subject-boundary lags are therefore not reset by tscount and this baseline should be interpreted cautiously.",188,"8,37"
189,"nb_glmm",TRUE,NA,"nbinom",5.258711001428,NA,189,"9,37"
189,"tscount_tsglm",TRUE,NA,"nbinom",2.70381252914165,"Exploratory panel surrogate: tscount::tsglm is fit to the pooled subject-by-time training sequence. Subject-boundary lags are therefore not reset by tscount and this baseline should be interpreted cautiously.",189,"9,37"
190,"nb_glmm",TRUE,NA,"nbinom",5.51177913867821,NA,190,"10,37"
190,"tscount_tsglm",TRUE,NA,"nbinom",2.76672979794817,"Exploratory panel surrogate: tscount::tsglm is fit to the pooled subject-by-time training sequence. Subject-boundary lags are therefore not reset by tscount and this baseline should be interpreted cautiously.",190,"10,37"
191,"nb_glmm",TRUE,NA,"nbinom",5.22522084140431,NA,191,"11,37"
191,"tscount_tsglm",TRUE,NA,"nbinom",2.59181456157669,"Exploratory panel surrogate: tscount::tsglm is fit to the pooled subject-by-time training sequence. Subject-boundary lags are therefore not reset by tscount and this baseline should be interpreted cautiously.",191,"11,37"
192,"nb_glmm",TRUE,NA,"nbinom",5.53995601205829,NA,192,"12,37"
192,"tscount_tsglm",TRUE,NA,"nbinom",2.75905568550894,"Exploratory panel surrogate: tscount::tsglm is fit to the pooled subject-by-time training sequence. Subject-boundary lags are therefore not reset by tscount and this baseline should be interpreted cautiously.",192,"12,37"
193,"nb_glmm",TRUE,NA,"nbinom",5.23719920147124,NA,193,"13,37"
193,"tscount_tsglm",TRUE,NA,"nbinom",2.7279505078131,"Exploratory panel surrogate: tscount::tsglm is fit to the pooled subject-by-time training sequence. Subject-boundary lags are therefore not reset by tscount and this baseline should be interpreted cautiously.",193,"13,37"
194,"nb_glmm",TRUE,NA,"nbinom",5.29263112975037,NA,194,"14,37"
194,"tscount_tsglm",TRUE,NA,"nbinom",2.70287079655679,"Exploratory panel surrogate: tscount::tsglm is fit to the pooled subject-by-time training sequence. Subject-boundary lags are therefore not reset by tscount and this baseline should be interpreted cautiously.",194,"14,37"
195,"nb_glmm",TRUE,NA,"nbinom",5.36007519090621,NA,195,"15,37"
195,"tscount_tsglm",TRUE,NA,"nbinom",2.71629201037935,"Exploratory panel surrogate: tscount::tsglm is fit to the pooled subject-by-time training sequence. Subject-boundary lags are therefore not reset by tscount and this baseline should be interpreted cautiously.",195,"15,37"
196,"nb_glmm",TRUE,NA,"nbinom",5.34543961978555,NA,196,"16,37"
196,"tscount_tsglm",TRUE,NA,"nbinom",2.74383183673701,"Exploratory panel surrogate: tscount::tsglm is fit to the pooled subject-by-time training sequence. Subject-boundary lags are therefore not reset by tscount and this baseline should be interpreted cautiously.",196,"16,37"
197,"nb_glmm",TRUE,NA,"nbinom",5.44557834590375,NA,197,"17,37"
197,"tscount_tsglm",TRUE,NA,"nbinom",2.81134804163232,"Exploratory panel surrogate: tscount::tsglm is fit to the pooled subject-by-time training sequence. Subject-boundary lags are therefore not reset by tscount and this baseline should be interpreted cautiously.",197,"17,37"
198,"nb_glmm",TRUE,NA,"nbinom",5.22592602053951,NA,198,"18,37"
198,"tscount_tsglm",TRUE,NA,"nbinom",2.69566399659587,"Exploratory panel surrogate: tscount::tsglm is fit to the pooled subject-by-time training sequence. Subject-boundary lags are therefore not reset by tscount and this baseline should be interpreted cautiously.",198,"18,37"
199,"nb_glmm",TRUE,NA,"nbinom",5.29945817102815,NA,199,"19,37"
199,"tscount_tsglm",TRUE,NA,"nbinom",2.71524237422158,"Exploratory panel surrogate: tscount::tsglm is fit to the pooled subject-by-time training sequence. Subject-boundary lags are therefore not reset by tscount and this baseline should be interpreted cautiously.",199,"19,37"
200,"nb_glmm",TRUE,NA,"nbinom",5.33657666933134,NA,200,"20,37"
200,"tscount_tsglm",TRUE,NA,"nbinom",2.75261972851328,"Exploratory panel surrogate: tscount::tsglm is fit to the pooled subject-by-time training sequence. Subject-boundary lags are therefore not reset by tscount and this baseline should be interpreted cautiously.",200,"20,37"
201,"nb_glmm",TRUE,NA,"nbinom",5.21975400042572,NA,201,"21,37"
201,"tscount_tsglm",TRUE,NA,"nbinom",2.67065225452375,"Exploratory panel surrogate: tscount::tsglm is fit to the pooled subject-by-time training sequence. Subject-boundary lags are therefore not reset by tscount and this baseline should be interpreted cautiously.",201,"21,37"
202,"nb_glmm",TRUE,NA,"nbinom",5.13608625398444,NA,202,"22,37"
202,"tscount_tsglm",TRUE,NA,"nbinom",2.77607277307462,"Exploratory panel surrogate: tscount::tsglm is fit to the pooled subject-by-time training sequence. Subject-boundary lags are therefore not reset by tscount and this baseline should be interpreted cautiously.",202,"22,37"
203,"nb_glmm",TRUE,NA,"nbinom",5.34940915193668,NA,203,"23,37"
203,"tscount_tsglm",TRUE,NA,"nbinom",2.73619247866844,"Exploratory panel surrogate: tscount::tsglm is fit to the pooled subject-by-time training sequence. Subject-boundary lags are therefore not reset by tscount and this baseline should be interpreted cautiously.",203,"23,37"
204,"nb_glmm",TRUE,NA,"nbinom",5.50767423632065,NA,204,"24,37"
204,"tscount_tsglm",TRUE,NA,"nbinom",2.79144633648276,"Exploratory panel surrogate: tscount::tsglm is fit to the pooled subject-by-time training sequence. Subject-boundary lags are therefore not reset by tscount and this baseline should be interpreted cautiously.",204,"24,37"
205,"nb_glmm",TRUE,NA,"nbinom",5.31910749509187,NA,205,"25,37"
205,"tscount_tsglm",TRUE,NA,"nbinom",2.71133353933075,"Exploratory panel surrogate: tscount::tsglm is fit to the pooled subject-by-time training sequence. Subject-boundary lags are therefore not reset by tscount and this baseline should be interpreted cautiously.",205,"25,37"
206,"nb_glmm",TRUE,NA,"nbinom",5.53251332664796,NA,206,"26,37"
206,"tscount_tsglm",TRUE,NA,"nbinom",2.83482297646795,"Exploratory panel surrogate: tscount::tsglm is fit to the pooled subject-by-time training sequence. Subject-boundary lags are therefore not reset by tscount and this baseline should be interpreted cautiously.",206,"26,37"
207,"nb_glmm",TRUE,NA,"nbinom",5.37362448889045,NA,207,"27,37"
207,"tscount_tsglm",TRUE,NA,"nbinom",2.76968077784968,"Exploratory panel surrogate: tscount::tsglm is fit to the pooled subject-by-time training sequence. Subject-boundary lags are therefore not reset by tscount and this baseline should be interpreted cautiously.",207,"27,37"
208,"nb_glmm",TRUE,NA,"nbinom",5.34114850478975,NA,208,"28,37"
208,"tscount_tsglm",TRUE,NA,"nbinom",2.77068547373175,"Exploratory panel surrogate: tscount::tsglm is fit to the pooled subject-by-time training sequence. Subject-boundary lags are therefore not reset by tscount and this baseline should be interpreted cautiously.",208,"28,37"
209,"nb_glmm",TRUE,NA,"nbinom",5.28343612199566,NA,209,"29,37"
209,"tscount_tsglm",TRUE,NA,"nbinom",2.3379872591201,"Exploratory panel surrogate: tscount::tsglm is fit to the pooled subject-by-time training sequence. Subject-boundary lags are therefore not reset by tscount and this baseline should be interpreted cautiously.",209,"29,37"
210,"nb_glmm",TRUE,NA,"nbinom",5.18904302795547,NA,210,"30,37"
210,"tscount_tsglm",TRUE,NA,"nbinom",2.73712843964768,"Exploratory panel surrogate: tscount::tsglm is fit to the pooled subject-by-time training sequence. Subject-boundary lags are therefore not reset by tscount and this baseline should be interpreted cautiously.",210,"30,37"
211,"nb_glmm",TRUE,NA,"nbinom",4.9307968326875,NA,211,"1,38"
211,"tscount_tsglm",TRUE,NA,"nbinom",2.66965531153199,"Exploratory panel surrogate: tscount::tsglm is fit to the pooled subject-by-time training sequence. Subject-boundary lags are therefore not reset by tscount and this baseline should be interpreted cautiously.",211,"1,38"
212,"nb_glmm",TRUE,NA,"nbinom",4.94621005399907,NA,212,"2,38"
212,"tscount_tsglm",TRUE,NA,"nbinom",2.69000223403267,"Exploratory panel surrogate: tscount::tsglm is fit to the pooled subject-by-time training sequence. Subject-boundary lags are therefore not reset by tscount and this baseline should be interpreted cautiously.",212,"2,38"
213,"nb_glmm",TRUE,NA,"nbinom",5.03532203445245,NA,213,"3,38"
213,"tscount_tsglm",TRUE,NA,"nbinom",2.70864774309424,"Exploratory panel surrogate: tscount::tsglm is fit to the pooled subject-by-time training sequence. Subject-boundary lags are therefore not reset by tscount and this baseline should be interpreted cautiously.",213,"3,38"
214,"nb_glmm",TRUE,NA,"nbinom",5.01215487605876,NA,214,"4,38"
214,"tscount_tsglm",TRUE,NA,"nbinom",2.69998373467484,"Exploratory panel surrogate: tscount::tsglm is fit to the pooled subject-by-time training sequence. Subject-boundary lags are therefore not reset by tscount and this baseline should be interpreted cautiously.",214,"4,38"
215,"nb_glmm",TRUE,NA,"nbinom",4.90633672415342,NA,215,"5,38"
215,"tscount_tsglm",TRUE,NA,"nbinom",2.63011198894949,"Exploratory panel surrogate: tscount::tsglm is fit to the pooled subject-by-time training sequence. Subject-boundary lags are therefore not reset by tscount and this baseline should be interpreted cautiously.",215,"5,38"
216,"nb_glmm",TRUE,NA,"nbinom",4.84155752244239,NA,216,"6,38"
216,"tscount_tsglm",TRUE,NA,"nbinom",2.62897531509372,"Exploratory panel surrogate: tscount::tsglm is fit to the pooled subject-by-time training sequence. Subject-boundary lags are therefore not reset by tscount and this baseline should be interpreted cautiously.",216,"6,38"
217,"nb_glmm",TRUE,NA,"nbinom",4.86641940280683,NA,217,"7,38"
217,"tscount_tsglm",TRUE,NA,"nbinom",2.63056100052854,"Exploratory panel surrogate: tscount::tsglm is fit to the pooled subject-by-time training sequence. Subject-boundary lags are therefore not reset by tscount and this baseline should be interpreted cautiously.",217,"7,38"
218,"nb_glmm",TRUE,NA,"nbinom",5.00605989633722,NA,218,"8,38"
218,"tscount_tsglm",TRUE,NA,"nbinom",2.65280790587035,"Exploratory panel surrogate: tscount::tsglm is fit to the pooled subject-by-time training sequence. Subject-boundary lags are therefore not reset by tscount and this baseline should be interpreted cautiously.",218,"8,38"
219,"nb_glmm",TRUE,NA,"nbinom",4.89862656436127,NA,219,"9,38"
219,"tscount_tsglm",TRUE,NA,"nbinom",2.63804790453139,"Exploratory panel surrogate: tscount::tsglm is fit to the pooled subject-by-time training sequence. Subject-boundary lags are therefore not reset by tscount and this baseline should be interpreted cautiously.",219,"9,38"
220,"nb_glmm",TRUE,NA,"nbinom",5.13879681956501,NA,220,"10,38"
220,"tscount_tsglm",TRUE,NA,"nbinom",2.70128961017051,"Exploratory panel surrogate: tscount::tsglm is fit to the pooled subject-by-time training sequence. Subject-boundary lags are therefore not reset by tscount and this baseline should be interpreted cautiously.",220,"10,38"
221,"nb_glmm",TRUE,NA,"nbinom",4.87331346510417,NA,221,"11,38"
221,"tscount_tsglm",TRUE,NA,"nbinom",2.54682002237973,"Exploratory panel surrogate: tscount::tsglm is fit to the pooled subject-by-time training sequence. Subject-boundary lags are therefore not reset by tscount and this baseline should be interpreted cautiously.",221,"11,38"
222,"nb_glmm",TRUE,NA,"nbinom",5.1456048145448,NA,222,"12,38"
222,"tscount_tsglm",TRUE,NA,"nbinom",2.69128259187709,"Exploratory panel surrogate: tscount::tsglm is fit to the pooled subject-by-time training sequence. Subject-boundary lags are therefore not reset by tscount and this baseline should be interpreted cautiously.",222,"12,38"
223,"nb_glmm",TRUE,NA,"nbinom",4.88326409851298,NA,223,"13,38"
223,"tscount_tsglm",TRUE,NA,"nbinom",2.65882396616197,"Exploratory panel surrogate: tscount::tsglm is fit to the pooled subject-by-time training sequence. Subject-boundary lags are therefore not reset by tscount and this baseline should be interpreted cautiously.",223,"13,38"
224,"nb_glmm",TRUE,NA,"nbinom",4.92699558387346,NA,224,"14,38"
224,"tscount_tsglm",TRUE,NA,"nbinom",2.64305741554055,"Exploratory panel surrogate: tscount::tsglm is fit to the pooled subject-by-time training sequence. Subject-boundary lags are therefore not reset by tscount and this baseline should be interpreted cautiously.",224,"14,38"
225,"nb_glmm",TRUE,NA,"nbinom",4.99534815996415,NA,225,"15,38"
225,"tscount_tsglm",TRUE,NA,"nbinom",2.65159694074146,"Exploratory panel surrogate: tscount::tsglm is fit to the pooled subject-by-time training sequence. Subject-boundary lags are therefore not reset by tscount and this baseline should be interpreted cautiously.",225,"15,38"
226,"nb_glmm",TRUE,NA,"nbinom",4.98457404455124,NA,226,"16,38"
226,"tscount_tsglm",TRUE,NA,"nbinom",2.67328385329251,"Exploratory panel surrogate: tscount::tsglm is fit to the pooled subject-by-time training sequence. Subject-boundary lags are therefore not reset by tscount and this baseline should be interpreted cautiously.",226,"16,38"
227,"nb_glmm",TRUE,NA,"nbinom",5.07229517132252,NA,227,"17,38"
227,"tscount_tsglm",TRUE,NA,"nbinom",2.73866716233213,"Exploratory panel surrogate: tscount::tsglm is fit to the pooled subject-by-time training sequence. Subject-boundary lags are therefore not reset by tscount and this baseline should be interpreted cautiously.",227,"17,38"
228,"nb_glmm",TRUE,NA,"nbinom",4.87607121692749,NA,228,"18,38"
228,"tscount_tsglm",TRUE,NA,"nbinom",2.63504463841842,"Exploratory panel surrogate: tscount::tsglm is fit to the pooled subject-by-time training sequence. Subject-boundary lags are therefore not reset by tscount and this baseline should be interpreted cautiously.",228,"18,38"
229,"nb_glmm",TRUE,NA,"nbinom",4.93836389499365,NA,229,"19,38"
229,"tscount_tsglm",TRUE,NA,"nbinom",2.65139391432241,"Exploratory panel surrogate: tscount::tsglm is fit to the pooled subject-by-time training sequence. Subject-boundary lags are therefore not reset by tscount and this baseline should be interpreted cautiously.",229,"19,38"
230,"nb_glmm",TRUE,NA,"nbinom",4.97531898066235,NA,230,"20,38"
230,"tscount_tsglm",TRUE,NA,"nbinom",2.68404222661798,"Exploratory panel surrogate: tscount::tsglm is fit to the pooled subject-by-time training sequence. Subject-boundary lags are therefore not reset by tscount and this baseline should be interpreted cautiously.",230,"20,38"
231,"nb_glmm",TRUE,NA,"nbinom",4.86581456007713,NA,231,"21,38"
231,"tscount_tsglm",TRUE,NA,"nbinom",2.61058299838207,"Exploratory panel surrogate: tscount::tsglm is fit to the pooled subject-by-time training sequence. Subject-boundary lags are therefore not reset by tscount and this baseline should be interpreted cautiously.",231,"21,38"
232,"nb_glmm",TRUE,NA,"nbinom",4.79198279482133,NA,232,"22,38"
232,"tscount_tsglm",TRUE,NA,"nbinom",2.7092059798045,"Exploratory panel surrogate: tscount::tsglm is fit to the pooled subject-by-time training sequence. Subject-boundary lags are therefore not reset by tscount and this baseline should be interpreted cautiously.",232,"22,38"
233,"nb_glmm",TRUE,NA,"nbinom",4.98804693774453,NA,233,"23,38"
233,"tscount_tsglm",TRUE,NA,"nbinom",2.66962080353657,"Exploratory panel surrogate: tscount::tsglm is fit to the pooled subject-by-time training sequence. Subject-boundary lags are therefore not reset by tscount and this baseline should be interpreted cautiously.",233,"23,38"
234,"nb_glmm",TRUE,NA,"nbinom",5.1296966800884,NA,234,"24,38"
234,"tscount_tsglm",TRUE,NA,"nbinom",2.72302918901051,"Exploratory panel surrogate: tscount::tsglm is fit to the pooled subject-by-time training sequence. Subject-boundary lags are therefore not reset by tscount and this baseline should be interpreted cautiously.",234,"24,38"
235,"nb_glmm",TRUE,NA,"nbinom",4.95344097919462,NA,235,"25,38"
235,"tscount_tsglm",TRUE,NA,"nbinom",2.64513188192779,"Exploratory panel surrogate: tscount::tsglm is fit to the pooled subject-by-time training sequence. Subject-boundary lags are therefore not reset by tscount and this baseline should be interpreted cautiously.",235,"25,38"
236,"nb_glmm",TRUE,NA,"nbinom",5.14748370312779,NA,236,"26,38"
236,"tscount_tsglm",TRUE,NA,"nbinom",2.76037917775157,"Exploratory panel surrogate: tscount::tsglm is fit to the pooled subject-by-time training sequence. Subject-boundary lags are therefore not reset by tscount and this baseline should be interpreted cautiously.",236,"26,38"
237,"nb_glmm",TRUE,NA,"nbinom",5.00190069097522,NA,237,"27,38"
237,"tscount_tsglm",TRUE,NA,"nbinom",2.69888475470204,"Exploratory panel surrogate: tscount::tsglm is fit to the pooled subject-by-time training sequence. Subject-boundary lags are therefore not reset by tscount and this baseline should be interpreted cautiously.",237,"27,38"
238,"nb_glmm",TRUE,NA,"nbinom",4.97723213952468,NA,238,"28,38"
238,"tscount_tsglm",TRUE,NA,"nbinom",2.70052455091276,"Exploratory panel surrogate: tscount::tsglm is fit to the pooled subject-by-time training sequence. Subject-boundary lags are therefore not reset by tscount and this baseline should be interpreted cautiously.",238,"28,38"
239,"nb_glmm",TRUE,NA,"nbinom",4.92102502692257,NA,239,"29,38"
239,"tscount_tsglm",TRUE,NA,"nbinom",2.32269119398612,"Exploratory panel surrogate: tscount::tsglm is fit to the pooled subject-by-time training sequence. Subject-boundary lags are therefore not reset by tscount and this baseline should be interpreted cautiously.",239,"29,38"
240,"nb_glmm",TRUE,NA,"nbinom",4.83195727524632,NA,240,"30,38"
240,"tscount_tsglm",TRUE,NA,"nbinom",2.66888746765271,"Exploratory panel surrogate: tscount::tsglm is fit to the pooled subject-by-time training sequence. Subject-boundary lags are therefore not reset by tscount and this baseline should be interpreted cautiously.",240,"30,38"
241,"nb_glmm",TRUE,NA,"nbinom",5.07475622662622,NA,241,"1,39"
241,"tscount_tsglm",TRUE,NA,"nbinom",2.68529259122133,"Exploratory panel surrogate: tscount::tsglm is fit to the pooled subject-by-time training sequence. Subject-boundary lags are therefore not reset by tscount and this baseline should be interpreted cautiously.",241,"1,39"
242,"nb_glmm",TRUE,NA,"nbinom",5.09275837409319,NA,242,"2,39"
242,"tscount_tsglm",TRUE,NA,"nbinom",2.70780794644345,"Exploratory panel surrogate: tscount::tsglm is fit to the pooled subject-by-time training sequence. Subject-boundary lags are therefore not reset by tscount and this baseline should be interpreted cautiously.",242,"2,39"
243,"nb_glmm",TRUE,NA,"nbinom",5.17949578582322,NA,243,"3,39"
243,"tscount_tsglm",TRUE,NA,"nbinom",2.72176972315915,"Exploratory panel surrogate: tscount::tsglm is fit to the pooled subject-by-time training sequence. Subject-boundary lags are therefore not reset by tscount and this baseline should be interpreted cautiously.",243,"3,39"
244,"nb_glmm",TRUE,NA,"nbinom",5.16258277831656,NA,244,"4,39"
244,"tscount_tsglm",TRUE,NA,"nbinom",2.71934237183019,"Exploratory panel surrogate: tscount::tsglm is fit to the pooled subject-by-time training sequence. Subject-boundary lags are therefore not reset by tscount and this baseline should be interpreted cautiously.",244,"4,39"
245,"nb_glmm",TRUE,NA,"nbinom",5.05295177026922,NA,245,"5,39"
245,"tscount_tsglm",TRUE,NA,"nbinom",2.64631125517119,"Exploratory panel surrogate: tscount::tsglm is fit to the pooled subject-by-time training sequence. Subject-boundary lags are therefore not reset by tscount and this baseline should be interpreted cautiously.",245,"5,39"
246,"nb_glmm",TRUE,NA,"nbinom",4.98461577184763,NA,246,"6,39"
246,"tscount_tsglm",TRUE,NA,"nbinom",2.64692388545574,"Exploratory panel surrogate: tscount::tsglm is fit to the pooled subject-by-time training sequence. Subject-boundary lags are therefore not reset by tscount and this baseline should be interpreted cautiously.",246,"6,39"
247,"nb_glmm",TRUE,NA,"nbinom",5.00755920659755,NA,247,"7,39"
247,"tscount_tsglm",TRUE,NA,"nbinom",2.64608775073567,"Exploratory panel surrogate: tscount::tsglm is fit to the pooled subject-by-time training sequence. Subject-boundary lags are therefore not reset by tscount and this baseline should be interpreted cautiously.",247,"7,39"
248,"nb_glmm",TRUE,NA,"nbinom",5.15524433005477,NA,248,"8,39"
248,"tscount_tsglm",TRUE,NA,"nbinom",2.6643320341859,"Exploratory panel surrogate: tscount::tsglm is fit to the pooled subject-by-time training sequence. Subject-boundary lags are therefore not reset by tscount and this baseline should be interpreted cautiously.",248,"8,39"
249,"nb_glmm",TRUE,NA,"nbinom",5.04546748829441,NA,249,"9,39"
249,"tscount_tsglm",TRUE,NA,"nbinom",2.6526406430834,"Exploratory panel surrogate: tscount::tsglm is fit to the pooled subject-by-time training sequence. Subject-boundary lags are therefore not reset by tscount and this baseline should be interpreted cautiously.",249,"9,39"
250,"nb_glmm",TRUE,NA,"nbinom",5.29197106789485,NA,250,"10,39"
250,"tscount_tsglm",TRUE,NA,"nbinom",2.71536723376307,"Exploratory panel surrogate: tscount::tsglm is fit to the pooled subject-by-time training sequence. Subject-boundary lags are therefore not reset by tscount and this baseline should be interpreted cautiously.",250,"10,39"
251,"nb_glmm",TRUE,NA,"nbinom",5.01462435222719,NA,251,"11,39"
251,"tscount_tsglm",TRUE,NA,"nbinom",2.54681843899634,"Exploratory panel surrogate: tscount::tsglm is fit to the pooled subject-by-time training sequence. Subject-boundary lags are therefore not reset by tscount and this baseline should be interpreted cautiously.",251,"11,39"
252,"nb_glmm",TRUE,NA,"nbinom",5.30720070555519,NA,252,"12,39"
252,"tscount_tsglm",TRUE,NA,"nbinom",2.70801054478541,"Exploratory panel surrogate: tscount::tsglm is fit to the pooled subject-by-time training sequence. Subject-boundary lags are therefore not reset by tscount and this baseline should be interpreted cautiously.",252,"12,39"
253,"nb_glmm",TRUE,NA,"nbinom",5.02778923350328,NA,253,"13,39"
253,"tscount_tsglm",TRUE,NA,"nbinom",2.67506011040668,"Exploratory panel surrogate: tscount::tsglm is fit to the pooled subject-by-time training sequence. Subject-boundary lags are therefore not reset by tscount and this baseline should be interpreted cautiously.",253,"13,39"
254,"nb_glmm",TRUE,NA,"nbinom",5.07765638122025,NA,254,"14,39"
254,"tscount_tsglm",TRUE,NA,"nbinom",2.6604078708916,"Exploratory panel surrogate: tscount::tsglm is fit to the pooled subject-by-time training sequence. Subject-boundary lags are therefore not reset by tscount and this baseline should be interpreted cautiously.",254,"14,39"
255,"nb_glmm",TRUE,NA,"nbinom",5.14171108997259,NA,255,"15,39"
255,"tscount_tsglm",TRUE,NA,"nbinom",2.6660025856452,"Exploratory panel surrogate: tscount::tsglm is fit to the pooled subject-by-time training sequence. Subject-boundary lags are therefore not reset by tscount and this baseline should be interpreted cautiously.",255,"15,39"
256,"nb_glmm",TRUE,NA,"nbinom",5.1341489753931,NA,256,"16,39"
256,"tscount_tsglm",TRUE,NA,"nbinom",2.69032560602687,"Exploratory panel surrogate: tscount::tsglm is fit to the pooled subject-by-time training sequence. Subject-boundary lags are therefore not reset by tscount and this baseline should be interpreted cautiously.",256,"16,39"
257,"nb_glmm",TRUE,NA,"nbinom",5.22498388767799,NA,257,"17,39"
257,"tscount_tsglm",TRUE,NA,"nbinom",2.75816415151315,"Exploratory panel surrogate: tscount::tsglm is fit to the pooled subject-by-time training sequence. Subject-boundary lags are therefore not reset by tscount and this baseline should be interpreted cautiously.",257,"17,39"
258,"nb_glmm",TRUE,NA,"nbinom",5.01695555695662,NA,258,"18,39"
258,"tscount_tsglm",TRUE,NA,"nbinom",2.64829032697472,"Exploratory panel surrogate: tscount::tsglm is fit to the pooled subject-by-time training sequence. Subject-boundary lags are therefore not reset by tscount and this baseline should be interpreted cautiously.",258,"18,39"
259,"nb_glmm",TRUE,NA,"nbinom",5.08266058812563,NA,259,"19,39"
259,"tscount_tsglm",TRUE,NA,"nbinom",2.66206298166489,"Exploratory panel surrogate: tscount::tsglm is fit to the pooled subject-by-time training sequence. Subject-boundary lags are therefore not reset by tscount and this baseline should be interpreted cautiously.",259,"19,39"
260,"nb_glmm",TRUE,NA,"nbinom",5.12156199804407,NA,260,"20,39"
260,"tscount_tsglm",TRUE,NA,"nbinom",2.69890158587807,"Exploratory panel surrogate: tscount::tsglm is fit to the pooled subject-by-time training sequence. Subject-boundary lags are therefore not reset by tscount and this baseline should be interpreted cautiously.",260,"20,39"
261,"nb_glmm",TRUE,NA,"nbinom",5.00698551602866,NA,261,"21,39"
261,"tscount_tsglm",TRUE,NA,"nbinom",2.62348800319518,"Exploratory panel surrogate: tscount::tsglm is fit to the pooled subject-by-time training sequence. Subject-boundary lags are therefore not reset by tscount and this baseline should be interpreted cautiously.",261,"21,39"
262,"nb_glmm",TRUE,NA,"nbinom",4.93012230544816,NA,262,"22,39"
262,"tscount_tsglm",TRUE,NA,"nbinom",2.72572165446068,"Exploratory panel surrogate: tscount::tsglm is fit to the pooled subject-by-time training sequence. Subject-boundary lags are therefore not reset by tscount and this baseline should be interpreted cautiously.",262,"22,39"
263,"nb_glmm",TRUE,NA,"nbinom",5.13414972459049,NA,263,"23,39"
263,"tscount_tsglm",TRUE,NA,"nbinom",2.68645906742122,"Exploratory panel surrogate: tscount::tsglm is fit to the pooled subject-by-time training sequence. Subject-boundary lags are therefore not reset by tscount and this baseline should be interpreted cautiously.",263,"23,39"
264,"nb_glmm",TRUE,NA,"nbinom",5.28614003782544,NA,264,"24,39"
264,"tscount_tsglm",TRUE,NA,"nbinom",2.74186233250771,"Exploratory panel surrogate: tscount::tsglm is fit to the pooled subject-by-time training sequence. Subject-boundary lags are therefore not reset by tscount and this baseline should be interpreted cautiously.",264,"24,39"
265,"nb_glmm",TRUE,NA,"nbinom",5.10446038665768,NA,265,"25,39"
265,"tscount_tsglm",TRUE,NA,"nbinom",2.66176171522179,"Exploratory panel surrogate: tscount::tsglm is fit to the pooled subject-by-time training sequence. Subject-boundary lags are therefore not reset by tscount and this baseline should be interpreted cautiously.",265,"25,39"
266,"nb_glmm",TRUE,NA,"nbinom",5.30650285368293,NA,266,"26,39"
266,"tscount_tsglm",TRUE,NA,"nbinom",2.78126439184459,"Exploratory panel surrogate: tscount::tsglm is fit to the pooled subject-by-time training sequence. Subject-boundary lags are therefore not reset by tscount and this baseline should be interpreted cautiously.",266,"26,39"
267,"nb_glmm",TRUE,NA,"nbinom",5.15344875567728,NA,267,"27,39"
267,"tscount_tsglm",TRUE,NA,"nbinom",2.71946513441628,"Exploratory panel surrogate: tscount::tsglm is fit to the pooled subject-by-time training sequence. Subject-boundary lags are therefore not reset by tscount and this baseline should be interpreted cautiously.",267,"27,39"
268,"nb_glmm",TRUE,NA,"nbinom",5.12505462851485,NA,268,"28,39"
268,"tscount_tsglm",TRUE,NA,"nbinom",2.71781883794298,"Exploratory panel surrogate: tscount::tsglm is fit to the pooled subject-by-time training sequence. Subject-boundary lags are therefore not reset by tscount and this baseline should be interpreted cautiously.",268,"28,39"
269,"nb_glmm",TRUE,NA,"nbinom",5.06373383620714,NA,269,"29,39"
269,"tscount_tsglm",TRUE,NA,"nbinom",2.30846756311374,"Exploratory panel surrogate: tscount::tsglm is fit to the pooled subject-by-time training sequence. Subject-boundary lags are therefore not reset by tscount and this baseline should be interpreted cautiously.",269,"29,39"
270,"nb_glmm",TRUE,NA,"nbinom",4.97754193056055,NA,270,"30,39"
270,"tscount_tsglm",TRUE,NA,"nbinom",2.68727549764385,"Exploratory panel surrogate: tscount::tsglm is fit to the pooled subject-by-time training sequence. Subject-boundary lags are therefore not reset by tscount and this baseline should be interpreted cautiously.",270,"30,39"
271,"nb_glmm",TRUE,NA,"nbinom",5.1166364800297,NA,271,"1,40"
271,"tscount_tsglm",TRUE,NA,"nbinom",2.77381262433371,"Exploratory panel surrogate: tscount::tsglm is fit to the pooled subject-by-time training sequence. Subject-boundary lags are therefore not reset by tscount and this baseline should be interpreted cautiously.",271,"1,40"
272,"nb_glmm",TRUE,NA,"nbinom",5.13137353890233,NA,272,"2,40"
272,"tscount_tsglm",TRUE,NA,"nbinom",2.7956434079482,"Exploratory panel surrogate: tscount::tsglm is fit to the pooled subject-by-time training sequence. Subject-boundary lags are therefore not reset by tscount and this baseline should be interpreted cautiously.",272,"2,40"
273,"nb_glmm",TRUE,NA,"nbinom",5.2223221124479,NA,273,"3,40"
273,"tscount_tsglm",TRUE,NA,"nbinom",2.8144240868569,"Exploratory panel surrogate: tscount::tsglm is fit to the pooled subject-by-time training sequence. Subject-boundary lags are therefore not reset by tscount and this baseline should be interpreted cautiously.",273,"3,40"
274,"nb_glmm",TRUE,NA,"nbinom",5.20097946268627,NA,274,"4,40"
274,"tscount_tsglm",TRUE,NA,"nbinom",2.80758696592044,"Exploratory panel surrogate: tscount::tsglm is fit to the pooled subject-by-time training sequence. Subject-boundary lags are therefore not reset by tscount and this baseline should be interpreted cautiously.",274,"4,40"
275,"nb_glmm",TRUE,NA,"nbinom",5.09234963835576,NA,275,"5,40"
275,"tscount_tsglm",TRUE,NA,"nbinom",2.73300372835305,"Exploratory panel surrogate: tscount::tsglm is fit to the pooled subject-by-time training sequence. Subject-boundary lags are therefore not reset by tscount and this baseline should be interpreted cautiously.",275,"5,40"
276,"nb_glmm",TRUE,NA,"nbinom",5.02488870639081,NA,276,"6,40"
276,"tscount_tsglm",TRUE,NA,"nbinom",2.73264842375496,"Exploratory panel surrogate: tscount::tsglm is fit to the pooled subject-by-time training sequence. Subject-boundary lags are therefore not reset by tscount and this baseline should be interpreted cautiously.",276,"6,40"
277,"nb_glmm",TRUE,NA,"nbinom",5.04699573172852,NA,277,"7,40"
277,"tscount_tsglm",TRUE,NA,"nbinom",2.73548063715809,"Exploratory panel surrogate: tscount::tsglm is fit to the pooled subject-by-time training sequence. Subject-boundary lags are therefore not reset by tscount and this baseline should be interpreted cautiously.",277,"7,40"
278,"nb_glmm",TRUE,NA,"nbinom",5.19476739484157,NA,278,"8,40"
278,"tscount_tsglm",TRUE,NA,"nbinom",2.75448462104228,"Exploratory panel surrogate: tscount::tsglm is fit to the pooled subject-by-time training sequence. Subject-boundary lags are therefore not reset by tscount and this baseline should be interpreted cautiously.",278,"8,40"
279,"nb_glmm",TRUE,NA,"nbinom",5.08178469956575,NA,279,"9,40"
279,"tscount_tsglm",TRUE,NA,"nbinom",2.74075669344678,"Exploratory panel surrogate: tscount::tsglm is fit to the pooled subject-by-time training sequence. Subject-boundary lags are therefore not reset by tscount and this baseline should be interpreted cautiously.",279,"9,40"
280,"nb_glmm",TRUE,NA,"nbinom",5.33007059632545,NA,280,"10,40"
280,"tscount_tsglm",TRUE,NA,"nbinom",2.80531121231687,"Exploratory panel surrogate: tscount::tsglm is fit to the pooled subject-by-time training sequence. Subject-boundary lags are therefore not reset by tscount and this baseline should be interpreted cautiously.",280,"10,40"
281,"nb_glmm",TRUE,NA,"nbinom",5.05684388262231,NA,281,"11,40"
281,"tscount_tsglm",TRUE,NA,"nbinom",2.64069751476615,"Exploratory panel surrogate: tscount::tsglm is fit to the pooled subject-by-time training sequence. Subject-boundary lags are therefore not reset by tscount and this baseline should be interpreted cautiously.",281,"11,40"
282,"nb_glmm",TRUE,NA,"nbinom",5.34236322221918,NA,282,"12,40"
282,"tscount_tsglm",TRUE,NA,"nbinom",2.79654107602556,"Exploratory panel surrogate: tscount::tsglm is fit to the pooled subject-by-time training sequence. Subject-boundary lags are therefore not reset by tscount and this baseline should be interpreted cautiously.",282,"12,40"
283,"nb_glmm",TRUE,NA,"nbinom",5.06578520907288,NA,283,"13,40"
283,"tscount_tsglm",TRUE,NA,"nbinom",2.76428706850507,"Exploratory panel surrogate: tscount::tsglm is fit to the pooled subject-by-time training sequence. Subject-boundary lags are therefore not reset by tscount and this baseline should be interpreted cautiously.",283,"13,40"
284,"nb_glmm",TRUE,NA,"nbinom",5.11361947019704,NA,284,"14,40"
284,"tscount_tsglm",TRUE,NA,"nbinom",2.74457753287096,"Exploratory panel surrogate: tscount::tsglm is fit to the pooled subject-by-time training sequence. Subject-boundary lags are therefore not reset by tscount and this baseline should be interpreted cautiously.",284,"14,40"
285,"nb_glmm",TRUE,NA,"nbinom",5.18016672558242,NA,285,"15,40"
285,"tscount_tsglm",TRUE,NA,"nbinom",2.7549257574396,"Exploratory panel surrogate: tscount::tsglm is fit to the pooled subject-by-time training sequence. Subject-boundary lags are therefore not reset by tscount and this baseline should be interpreted cautiously.",285,"15,40"
286,"nb_glmm",TRUE,NA,"nbinom",5.17377225097932,NA,286,"16,40"
286,"tscount_tsglm",TRUE,NA,"nbinom",2.77835539832867,"Exploratory panel surrogate: tscount::tsglm is fit to the pooled subject-by-time training sequence. Subject-boundary lags are therefore not reset by tscount and this baseline should be interpreted cautiously.",286,"16,40"
287,"nb_glmm",TRUE,NA,"nbinom",5.26211874296459,NA,287,"17,40"
287,"tscount_tsglm",TRUE,NA,"nbinom",2.84757364324825,"Exploratory panel surrogate: tscount::tsglm is fit to the pooled subject-by-time training sequence. Subject-boundary lags are therefore not reset by tscount and this baseline should be interpreted cautiously.",287,"17,40"
288,"nb_glmm",TRUE,NA,"nbinom",5.05916290630419,NA,288,"18,40"
288,"tscount_tsglm",TRUE,NA,"nbinom",2.73493750598496,"Exploratory panel surrogate: tscount::tsglm is fit to the pooled subject-by-time training sequence. Subject-boundary lags are therefore not reset by tscount and this baseline should be interpreted cautiously.",288,"18,40"
289,"nb_glmm",TRUE,NA,"nbinom",5.1258233022174,NA,289,"19,40"
289,"tscount_tsglm",TRUE,NA,"nbinom",2.75165889800523,"Exploratory panel surrogate: tscount::tsglm is fit to the pooled subject-by-time training sequence. Subject-boundary lags are therefore not reset by tscount and this baseline should be interpreted cautiously.",289,"19,40"
290,"nb_glmm",TRUE,NA,"nbinom",5.16187575983127,NA,290,"20,40"
290,"tscount_tsglm",TRUE,NA,"nbinom",2.78922953167057,"Exploratory panel surrogate: tscount::tsglm is fit to the pooled subject-by-time training sequence. Subject-boundary lags are therefore not reset by tscount and this baseline should be interpreted cautiously.",290,"20,40"
291,"nb_glmm",TRUE,NA,"nbinom",5.04785914148447,NA,291,"21,40"
291,"tscount_tsglm",TRUE,NA,"nbinom",2.7089771818793,"Exploratory panel surrogate: tscount::tsglm is fit to the pooled subject-by-time training sequence. Subject-boundary lags are therefore not reset by tscount and this baseline should be interpreted cautiously.",291,"21,40"
292,"nb_glmm",TRUE,NA,"nbinom",4.97199408963504,NA,292,"22,40"
292,"tscount_tsglm",TRUE,NA,"nbinom",2.81684102119453,"Exploratory panel surrogate: tscount::tsglm is fit to the pooled subject-by-time training sequence. Subject-boundary lags are therefore not reset by tscount and this baseline should be interpreted cautiously.",292,"22,40"
293,"nb_glmm",TRUE,NA,"nbinom",5.17764282861278,NA,293,"23,40"
293,"tscount_tsglm",TRUE,NA,"nbinom",2.77316881832156,"Exploratory panel surrogate: tscount::tsglm is fit to the pooled subject-by-time training sequence. Subject-boundary lags are therefore not reset by tscount and this baseline should be interpreted cautiously.",293,"23,40"
294,"nb_glmm",TRUE,NA,"nbinom",5.32698312687254,NA,294,"24,40"
294,"tscount_tsglm",TRUE,NA,"nbinom",2.83078131679902,"Exploratory panel surrogate: tscount::tsglm is fit to the pooled subject-by-time training sequence. Subject-boundary lags are therefore not reset by tscount and this baseline should be interpreted cautiously.",294,"24,40"
295,"nb_glmm",TRUE,NA,"nbinom",5.14521991980234,NA,295,"25,40"
295,"tscount_tsglm",TRUE,NA,"nbinom",2.74946702907674,"Exploratory panel surrogate: tscount::tsglm is fit to the pooled subject-by-time training sequence. Subject-boundary lags are therefore not reset by tscount and this baseline should be interpreted cautiously.",295,"25,40"
296,"nb_glmm",TRUE,NA,"nbinom",5.34239699413019,NA,296,"26,40"
296,"tscount_tsglm",TRUE,NA,"nbinom",2.8738142423341,"Exploratory panel surrogate: tscount::tsglm is fit to the pooled subject-by-time training sequence. Subject-boundary lags are therefore not reset by tscount and this baseline should be interpreted cautiously.",296,"26,40"
297,"nb_glmm",TRUE,NA,"nbinom",5.19507775961609,NA,297,"27,40"
297,"tscount_tsglm",TRUE,NA,"nbinom",2.80756897227283,"Exploratory panel surrogate: tscount::tsglm is fit to the pooled subject-by-time training sequence. Subject-boundary lags are therefore not reset by tscount and this baseline should be interpreted cautiously.",297,"27,40"
298,"nb_glmm",TRUE,NA,"nbinom",5.16389148223412,NA,298,"28,40"
298,"tscount_tsglm",TRUE,NA,"nbinom",2.8079902535068,"Exploratory panel surrogate: tscount::tsglm is fit to the pooled subject-by-time training sequence. Subject-boundary lags are therefore not reset by tscount and this baseline should be interpreted cautiously.",298,"28,40"
299,"nb_glmm",TRUE,NA,"nbinom",5.10765996672394,NA,299,"29,40"
299,"tscount_tsglm",TRUE,NA,"nbinom",2.40058082381941,"Exploratory panel surrogate: tscount::tsglm is fit to the pooled subject-by-time training sequence. Subject-boundary lags are therefore not reset by tscount and this baseline should be interpreted cautiously.",299,"29,40"
300,"nb_glmm",TRUE,NA,"nbinom",5.01481729088786,NA,300,"30,40"
300,"tscount_tsglm",TRUE,NA,"nbinom",2.77767615367443,"Exploratory panel surrogate: tscount::tsglm is fit to the pooled subject-by-time training sequence. Subject-boundary lags are therefore not reset by tscount and this baseline should be interpreted cautiously.",300,"30,40"
301,"nb_glmm",TRUE,NA,"nbinom",5.06028209672616,NA,301,"1,41"
301,"tscount_tsglm",TRUE,NA,"nbinom",2.45989860426075,"Exploratory panel surrogate: tscount::tsglm is fit to the pooled subject-by-time training sequence. Subject-boundary lags are therefore not reset by tscount and this baseline should be interpreted cautiously.",301,"1,41"
302,"nb_glmm",TRUE,NA,"nbinom",5.07550727632645,NA,302,"2,41"
302,"tscount_tsglm",TRUE,NA,"nbinom",2.47218834306877,"Exploratory panel surrogate: tscount::tsglm is fit to the pooled subject-by-time training sequence. Subject-boundary lags are therefore not reset by tscount and this baseline should be interpreted cautiously.",302,"2,41"
303,"nb_glmm",TRUE,NA,"nbinom",5.16553943899555,NA,303,"3,41"
303,"tscount_tsglm",TRUE,NA,"nbinom",2.48353539628476,"Exploratory panel surrogate: tscount::tsglm is fit to the pooled subject-by-time training sequence. Subject-boundary lags are therefore not reset by tscount and this baseline should be interpreted cautiously.",303,"3,41"
304,"nb_glmm",TRUE,NA,"nbinom",5.1435894004221,NA,304,"4,41"
304,"tscount_tsglm",TRUE,NA,"nbinom",2.48190685470241,"Exploratory panel surrogate: tscount::tsglm is fit to the pooled subject-by-time training sequence. Subject-boundary lags are therefore not reset by tscount and this baseline should be interpreted cautiously.",304,"4,41"
305,"nb_glmm",TRUE,NA,"nbinom",5.03323451733144,NA,305,"5,41"
305,"tscount_tsglm",TRUE,NA,"nbinom",2.41445993461175,"Exploratory panel surrogate: tscount::tsglm is fit to the pooled subject-by-time training sequence. Subject-boundary lags are therefore not reset by tscount and this baseline should be interpreted cautiously.",305,"5,41"
306,"nb_glmm",TRUE,NA,"nbinom",4.96773892485729,NA,306,"6,41"
306,"tscount_tsglm",TRUE,NA,"nbinom",2.42099872989252,"Exploratory panel surrogate: tscount::tsglm is fit to the pooled subject-by-time training sequence. Subject-boundary lags are therefore not reset by tscount and this baseline should be interpreted cautiously.",306,"6,41"
307,"nb_glmm",TRUE,NA,"nbinom",4.99358136640618,NA,307,"7,41"
307,"tscount_tsglm",TRUE,NA,"nbinom",2.42874841703761,"Exploratory panel surrogate: tscount::tsglm is fit to the pooled subject-by-time training sequence. Subject-boundary lags are therefore not reset by tscount and this baseline should be interpreted cautiously.",307,"7,41"
308,"nb_glmm",TRUE,NA,"nbinom",5.13479407492811,NA,308,"8,41"
308,"tscount_tsglm",TRUE,NA,"nbinom",2.44231524686106,"Exploratory panel surrogate: tscount::tsglm is fit to the pooled subject-by-time training sequence. Subject-boundary lags are therefore not reset by tscount and this baseline should be interpreted cautiously.",308,"8,41"
309,"nb_glmm",TRUE,NA,"nbinom",5.02441295437705,NA,309,"9,41"
309,"tscount_tsglm",TRUE,NA,"nbinom",2.4229852264323,"Exploratory panel surrogate: tscount::tsglm is fit to the pooled subject-by-time training sequence. Subject-boundary lags are therefore not reset by tscount and this baseline should be interpreted cautiously.",309,"9,41"
310,"nb_glmm",TRUE,NA,"nbinom",5.27125988486467,NA,310,"10,41"
310,"tscount_tsglm",TRUE,NA,"nbinom",2.47734099744158,"Exploratory panel surrogate: tscount::tsglm is fit to the pooled subject-by-time training sequence. Subject-boundary lags are therefore not reset by tscount and this baseline should be interpreted cautiously.",310,"10,41"
311,"nb_glmm",TRUE,NA,"nbinom",5.00163062684607,NA,311,"11,41"
311,"tscount_tsglm",TRUE,NA,"nbinom",2.37030076987371,"Exploratory panel surrogate: tscount::tsglm is fit to the pooled subject-by-time training sequence. Subject-boundary lags are therefore not reset by tscount and this baseline should be interpreted cautiously.",311,"11,41"
312,"nb_glmm",TRUE,NA,"nbinom",5.29637440150847,NA,312,"12,41"
312,"tscount_tsglm",TRUE,NA,"nbinom",2.4639174875094,"Exploratory panel surrogate: tscount::tsglm is fit to the pooled subject-by-time training sequence. Subject-boundary lags are therefore not reset by tscount and this baseline should be interpreted cautiously.",312,"12,41"
313,"nb_glmm",TRUE,NA,"nbinom",5.00844028644262,NA,313,"13,41"
313,"tscount_tsglm",TRUE,NA,"nbinom",2.44170543420457,"Exploratory panel surrogate: tscount::tsglm is fit to the pooled subject-by-time training sequence. Subject-boundary lags are therefore not reset by tscount and this baseline should be interpreted cautiously.",313,"13,41"
314,"nb_glmm",TRUE,NA,"nbinom",5.05706443125393,NA,314,"14,41"
314,"tscount_tsglm",TRUE,NA,"nbinom",2.42652562359279,"Exploratory panel surrogate: tscount::tsglm is fit to the pooled subject-by-time training sequence. Subject-boundary lags are therefore not reset by tscount and this baseline should be interpreted cautiously.",314,"14,41"
315,"nb_glmm",TRUE,NA,"nbinom",5.12694688020562,NA,315,"15,41"
315,"tscount_tsglm",TRUE,NA,"nbinom",2.43945451065516,"Exploratory panel surrogate: tscount::tsglm is fit to the pooled subject-by-time training sequence. Subject-boundary lags are therefore not reset by tscount and this baseline should be interpreted cautiously.",315,"15,41"
316,"nb_glmm",TRUE,NA,"nbinom",5.11590028152779,NA,316,"16,41"
316,"tscount_tsglm",TRUE,NA,"nbinom",2.45708247900455,"Exploratory panel surrogate: tscount::tsglm is fit to the pooled subject-by-time training sequence. Subject-boundary lags are therefore not reset by tscount and this baseline should be interpreted cautiously.",316,"16,41"
317,"nb_glmm",TRUE,NA,"nbinom",5.20661422407181,NA,317,"17,41"
317,"tscount_tsglm",TRUE,NA,"nbinom",2.51216404553317,"Exploratory panel surrogate: tscount::tsglm is fit to the pooled subject-by-time training sequence. Subject-boundary lags are therefore not reset by tscount and this baseline should be interpreted cautiously.",317,"17,41"
318,"nb_glmm",TRUE,NA,"nbinom",5.00407599847473,NA,318,"18,41"
318,"tscount_tsglm",TRUE,NA,"nbinom",2.4332067129492,"Exploratory panel surrogate: tscount::tsglm is fit to the pooled subject-by-time training sequence. Subject-boundary lags are therefore not reset by tscount and this baseline should be interpreted cautiously.",318,"18,41"
319,"nb_glmm",TRUE,NA,"nbinom",5.07086727581586,NA,319,"19,41"
319,"tscount_tsglm",TRUE,NA,"nbinom",2.43916503858307,"Exploratory panel surrogate: tscount::tsglm is fit to the pooled subject-by-time training sequence. Subject-boundary lags are therefore not reset by tscount and this baseline should be interpreted cautiously.",319,"19,41"
320,"nb_glmm",TRUE,NA,"nbinom",5.10622380793779,NA,320,"20,41"
320,"tscount_tsglm",TRUE,NA,"nbinom",2.47240151903009,"Exploratory panel surrogate: tscount::tsglm is fit to the pooled subject-by-time training sequence. Subject-boundary lags are therefore not reset by tscount and this baseline should be interpreted cautiously.",320,"20,41"
321,"nb_glmm",TRUE,NA,"nbinom",4.99109482246641,NA,321,"21,41"
321,"tscount_tsglm",TRUE,NA,"nbinom",2.40746474441583,"Exploratory panel surrogate: tscount::tsglm is fit to the pooled subject-by-time training sequence. Subject-boundary lags are therefore not reset by tscount and this baseline should be interpreted cautiously.",321,"21,41"
322,"nb_glmm",TRUE,NA,"nbinom",4.91582317229091,NA,322,"22,41"
322,"tscount_tsglm",TRUE,NA,"nbinom",2.51812905282058,"Exploratory panel surrogate: tscount::tsglm is fit to the pooled subject-by-time training sequence. Subject-boundary lags are therefore not reset by tscount and this baseline should be interpreted cautiously.",322,"22,41"
323,"nb_glmm",TRUE,NA,"nbinom",5.12537460672545,NA,323,"23,41"
323,"tscount_tsglm",TRUE,NA,"nbinom",2.45897292771936,"Exploratory panel surrogate: tscount::tsglm is fit to the pooled subject-by-time training sequence. Subject-boundary lags are therefore not reset by tscount and this baseline should be interpreted cautiously.",323,"23,41"
324,"nb_glmm",TRUE,NA,"nbinom",5.2760902436978,NA,324,"24,41"
324,"tscount_tsglm",TRUE,NA,"nbinom",2.50295315089903,"Exploratory panel surrogate: tscount::tsglm is fit to the pooled subject-by-time training sequence. Subject-boundary lags are therefore not reset by tscount and this baseline should be interpreted cautiously.",324,"24,41"
325,"nb_glmm",TRUE,NA,"nbinom",5.08656575061022,NA,325,"25,41"
325,"tscount_tsglm",TRUE,NA,"nbinom",2.43357614959366,"Exploratory panel surrogate: tscount::tsglm is fit to the pooled subject-by-time training sequence. Subject-boundary lags are therefore not reset by tscount and this baseline should be interpreted cautiously.",325,"25,41"
326,"nb_glmm",TRUE,NA,"nbinom",5.29170093491469,NA,326,"26,41"
326,"tscount_tsglm",TRUE,NA,"nbinom",2.52858304850462,"Exploratory panel surrogate: tscount::tsglm is fit to the pooled subject-by-time training sequence. Subject-boundary lags are therefore not reset by tscount and this baseline should be interpreted cautiously.",326,"26,41"
327,"nb_glmm",TRUE,NA,"nbinom",5.13435084694408,NA,327,"27,41"
327,"tscount_tsglm",TRUE,NA,"nbinom",2.4724801516677,"Exploratory panel surrogate: tscount::tsglm is fit to the pooled subject-by-time training sequence. Subject-boundary lags are therefore not reset by tscount and this baseline should be interpreted cautiously.",327,"27,41"
328,"nb_glmm",TRUE,NA,"nbinom",5.10862299596764,NA,328,"28,41"
328,"tscount_tsglm",TRUE,NA,"nbinom",2.48053215955458,"Exploratory panel surrogate: tscount::tsglm is fit to the pooled subject-by-time training sequence. Subject-boundary lags are therefore not reset by tscount and this baseline should be interpreted cautiously.",328,"28,41"
329,"nb_glmm",TRUE,NA,"nbinom",5.05309401980052,NA,329,"29,41"
329,"tscount_tsglm",TRUE,NA,"nbinom",2.18488130379089,"Exploratory panel surrogate: tscount::tsglm is fit to the pooled subject-by-time training sequence. Subject-boundary lags are therefore not reset by tscount and this baseline should be interpreted cautiously.",329,"29,41"
330,"nb_glmm",TRUE,NA,"nbinom",4.95630895820914,NA,330,"30,41"
330,"tscount_tsglm",TRUE,NA,"nbinom",2.46227577152027,"Exploratory panel surrogate: tscount::tsglm is fit to the pooled subject-by-time training sequence. Subject-boundary lags are therefore not reset by tscount and this baseline should be interpreted cautiously.",330,"30,41"
331,"nb_glmm",TRUE,NA,"nbinom",4.96467371313714,NA,331,"1,42"
331,"tscount_tsglm",TRUE,NA,"nbinom",2.68379528881271,"Exploratory panel surrogate: tscount::tsglm is fit to the pooled subject-by-time training sequence. Subject-boundary lags are therefore not reset by tscount and this baseline should be interpreted cautiously.",331,"1,42"
332,"nb_glmm",TRUE,NA,"nbinom",4.9792239504365,NA,332,"2,42"
332,"tscount_tsglm",TRUE,NA,"nbinom",2.70768412140625,"Exploratory panel surrogate: tscount::tsglm is fit to the pooled subject-by-time training sequence. Subject-boundary lags are therefore not reset by tscount and this baseline should be interpreted cautiously.",332,"2,42"
333,"nb_glmm",TRUE,NA,"nbinom",5.06661827393921,NA,333,"3,42"
333,"tscount_tsglm",TRUE,NA,"nbinom",2.72372144628906,"Exploratory panel surrogate: tscount::tsglm is fit to the pooled subject-by-time training sequence. Subject-boundary lags are therefore not reset by tscount and this baseline should be interpreted cautiously.",333,"3,42"
334,"nb_glmm",TRUE,NA,"nbinom",5.04653855946143,NA,334,"4,42"
334,"tscount_tsglm",TRUE,NA,"nbinom",2.71988628387715,"Exploratory panel surrogate: tscount::tsglm is fit to the pooled subject-by-time training sequence. Subject-boundary lags are therefore not reset by tscount and this baseline should be interpreted cautiously.",334,"4,42"
335,"nb_glmm",TRUE,NA,"nbinom",4.94019849572068,NA,335,"5,42"
335,"tscount_tsglm",TRUE,NA,"nbinom",2.65053930732756,"Exploratory panel surrogate: tscount::tsglm is fit to the pooled subject-by-time training sequence. Subject-boundary lags are therefore not reset by tscount and this baseline should be interpreted cautiously.",335,"5,42"
336,"nb_glmm",TRUE,NA,"nbinom",4.87439464913163,NA,336,"6,42"
336,"tscount_tsglm",TRUE,NA,"nbinom",2.64984418901028,"Exploratory panel surrogate: tscount::tsglm is fit to the pooled subject-by-time training sequence. Subject-boundary lags are therefore not reset by tscount and this baseline should be interpreted cautiously.",336,"6,42"
337,"nb_glmm",TRUE,NA,"nbinom",4.89894332663234,NA,337,"7,42"
337,"tscount_tsglm",TRUE,NA,"nbinom",2.65242970933554,"Exploratory panel surrogate: tscount::tsglm is fit to the pooled subject-by-time training sequence. Subject-boundary lags are therefore not reset by tscount and this baseline should be interpreted cautiously.",337,"7,42"
338,"nb_glmm",TRUE,NA,"nbinom",5.04024931294735,NA,338,"8,42"
338,"tscount_tsglm",TRUE,NA,"nbinom",2.67034436430794,"Exploratory panel surrogate: tscount::tsglm is fit to the pooled subject-by-time training sequence. Subject-boundary lags are therefore not reset by tscount and this baseline should be interpreted cautiously.",338,"8,42"
339,"nb_glmm",TRUE,NA,"nbinom",4.93546306306734,NA,339,"9,42"
339,"tscount_tsglm",TRUE,NA,"nbinom",2.6546726357503,"Exploratory panel surrogate: tscount::tsglm is fit to the pooled subject-by-time training sequence. Subject-boundary lags are therefore not reset by tscount and this baseline should be interpreted cautiously.",339,"9,42"
340,"nb_glmm",TRUE,NA,"nbinom",5.17300244636844,NA,340,"10,42"
340,"tscount_tsglm",TRUE,NA,"nbinom",2.71791955657337,"Exploratory panel surrogate: tscount::tsglm is fit to the pooled subject-by-time training sequence. Subject-boundary lags are therefore not reset by tscount and this baseline should be interpreted cautiously.",340,"10,42"
341,"nb_glmm",TRUE,NA,"nbinom",4.9061023538145,NA,341,"11,42"
341,"tscount_tsglm",TRUE,NA,"nbinom",2.55872308536716,"Exploratory panel surrogate: tscount::tsglm is fit to the pooled subject-by-time training sequence. Subject-boundary lags are therefore not reset by tscount and this baseline should be interpreted cautiously.",341,"11,42"
342,"nb_glmm",TRUE,NA,"nbinom",5.18957527686194,NA,342,"12,42"
342,"tscount_tsglm",TRUE,NA,"nbinom",2.71198390721934,"Exploratory panel surrogate: tscount::tsglm is fit to the pooled subject-by-time training sequence. Subject-boundary lags are therefore not reset by tscount and this baseline should be interpreted cautiously.",342,"12,42"
343,"nb_glmm",TRUE,NA,"nbinom",4.91867808757207,NA,343,"13,42"
343,"tscount_tsglm",TRUE,NA,"nbinom",2.6800346528802,"Exploratory panel surrogate: tscount::tsglm is fit to the pooled subject-by-time training sequence. Subject-boundary lags are therefore not reset by tscount and this baseline should be interpreted cautiously.",343,"13,42"
344,"nb_glmm",TRUE,NA,"nbinom",4.96825523948842,NA,344,"14,42"
344,"tscount_tsglm",TRUE,NA,"nbinom",2.66446411027478,"Exploratory panel surrogate: tscount::tsglm is fit to the pooled subject-by-time training sequence. Subject-boundary lags are therefore not reset by tscount and this baseline should be interpreted cautiously.",344,"14,42"
345,"nb_glmm",TRUE,NA,"nbinom",5.03148454906967,NA,345,"15,42"
345,"tscount_tsglm",TRUE,NA,"nbinom",2.66999953573134,"Exploratory panel surrogate: tscount::tsglm is fit to the pooled subject-by-time training sequence. Subject-boundary lags are therefore not reset by tscount and this baseline should be interpreted cautiously.",345,"15,42"
346,"nb_glmm",TRUE,NA,"nbinom",5.01760677728362,NA,346,"16,42"
346,"tscount_tsglm",TRUE,NA,"nbinom",2.6887409097732,"Exploratory panel surrogate: tscount::tsglm is fit to the pooled subject-by-time training sequence. Subject-boundary lags are therefore not reset by tscount and this baseline should be interpreted cautiously.",346,"16,42"
347,"nb_glmm",TRUE,NA,"nbinom",5.11202023501343,NA,347,"17,42"
347,"tscount_tsglm",TRUE,NA,"nbinom",2.76074337975673,"Exploratory panel surrogate: tscount::tsglm is fit to the pooled subject-by-time training sequence. Subject-boundary lags are therefore not reset by tscount and this baseline should be interpreted cautiously.",347,"17,42"
348,"nb_glmm",TRUE,NA,"nbinom",4.90694921734225,NA,348,"18,42"
348,"tscount_tsglm",TRUE,NA,"nbinom",2.65093378260889,"Exploratory panel surrogate: tscount::tsglm is fit to the pooled subject-by-time training sequence. Subject-boundary lags are therefore not reset by tscount and this baseline should be interpreted cautiously.",348,"18,42"
349,"nb_glmm",TRUE,NA,"nbinom",4.97059965582353,NA,349,"19,42"
349,"tscount_tsglm",TRUE,NA,"nbinom",2.66913115439741,"Exploratory panel surrogate: tscount::tsglm is fit to the pooled subject-by-time training sequence. Subject-boundary lags are therefore not reset by tscount and this baseline should be interpreted cautiously.",349,"19,42"
350,"nb_glmm",TRUE,NA,"nbinom",5.01121407167472,NA,350,"20,42"
350,"tscount_tsglm",TRUE,NA,"nbinom",2.70380844060547,"Exploratory panel surrogate: tscount::tsglm is fit to the pooled subject-by-time training sequence. Subject-boundary lags are therefore not reset by tscount and this baseline should be interpreted cautiously.",350,"20,42"
351,"nb_glmm",TRUE,NA,"nbinom",4.90027269292921,NA,351,"21,42"
351,"tscount_tsglm",TRUE,NA,"nbinom",2.62739885324016,"Exploratory panel surrogate: tscount::tsglm is fit to the pooled subject-by-time training sequence. Subject-boundary lags are therefore not reset by tscount and this baseline should be interpreted cautiously.",351,"21,42"
352,"nb_glmm",TRUE,NA,"nbinom",4.82201450627812,NA,352,"22,42"
352,"tscount_tsglm",TRUE,NA,"nbinom",2.7288089095262,"Exploratory panel surrogate: tscount::tsglm is fit to the pooled subject-by-time training sequence. Subject-boundary lags are therefore not reset by tscount and this baseline should be interpreted cautiously.",352,"22,42"
353,"nb_glmm",TRUE,NA,"nbinom",5.02112818561587,NA,353,"23,42"
353,"tscount_tsglm",TRUE,NA,"nbinom",2.68830292909436,"Exploratory panel surrogate: tscount::tsglm is fit to the pooled subject-by-time training sequence. Subject-boundary lags are therefore not reset by tscount and this baseline should be interpreted cautiously.",353,"23,42"
354,"nb_glmm",TRUE,NA,"nbinom",5.16584171045082,NA,354,"24,42"
354,"tscount_tsglm",TRUE,NA,"nbinom",2.74308749890083,"Exploratory panel surrogate: tscount::tsglm is fit to the pooled subject-by-time training sequence. Subject-boundary lags are therefore not reset by tscount and this baseline should be interpreted cautiously.",354,"24,42"
355,"nb_glmm",TRUE,NA,"nbinom",4.9900018830792,NA,355,"25,42"
355,"tscount_tsglm",TRUE,NA,"nbinom",2.66593778138943,"Exploratory panel surrogate: tscount::tsglm is fit to the pooled subject-by-time training sequence. Subject-boundary lags are therefore not reset by tscount and this baseline should be interpreted cautiously.",355,"25,42"
356,"nb_glmm",TRUE,NA,"nbinom",5.19247238259157,NA,356,"26,42"
356,"tscount_tsglm",TRUE,NA,"nbinom",2.7842006639349,"Exploratory panel surrogate: tscount::tsglm is fit to the pooled subject-by-time training sequence. Subject-boundary lags are therefore not reset by tscount and this baseline should be interpreted cautiously.",356,"26,42"
357,"nb_glmm",TRUE,NA,"nbinom",5.03707785899312,NA,357,"27,42"
357,"tscount_tsglm",TRUE,NA,"nbinom",2.7201899224162,"Exploratory panel surrogate: tscount::tsglm is fit to the pooled subject-by-time training sequence. Subject-boundary lags are therefore not reset by tscount and this baseline should be interpreted cautiously.",357,"27,42"
358,"nb_glmm",TRUE,NA,"nbinom",5.01405050788942,NA,358,"28,42"
358,"tscount_tsglm",TRUE,NA,"nbinom",2.7191401177903,"Exploratory panel surrogate: tscount::tsglm is fit to the pooled subject-by-time training sequence. Subject-boundary lags are therefore not reset by tscount and this baseline should be interpreted cautiously.",358,"28,42"
359,"nb_glmm",TRUE,NA,"nbinom",4.95458019278263,NA,359,"29,42"
359,"tscount_tsglm",TRUE,NA,"nbinom",2.32370798688746,"Exploratory panel surrogate: tscount::tsglm is fit to the pooled subject-by-time training sequence. Subject-boundary lags are therefore not reset by tscount and this baseline should be interpreted cautiously.",359,"29,42"
360,"nb_glmm",TRUE,NA,"nbinom",4.86884609684412,NA,360,"30,42"
360,"tscount_tsglm",TRUE,NA,"nbinom",2.6930875297426,"Exploratory panel surrogate: tscount::tsglm is fit to the pooled subject-by-time training sequence. Subject-boundary lags are therefore not reset by tscount and this baseline should be interpreted cautiously.",360,"30,42"
361,"nb_glmm",TRUE,NA,"nbinom",4.92559873389089,NA,361,"1,43"
361,"tscount_tsglm",TRUE,NA,"nbinom",2.67060201221505,"Exploratory panel surrogate: tscount::tsglm is fit to the pooled subject-by-time training sequence. Subject-boundary lags are therefore not reset by tscount and this baseline should be interpreted cautiously.",361,"1,43"
362,"nb_glmm",TRUE,NA,"nbinom",4.94047817193659,NA,362,"2,43"
362,"tscount_tsglm",TRUE,NA,"nbinom",2.69023165712445,"Exploratory panel surrogate: tscount::tsglm is fit to the pooled subject-by-time training sequence. Subject-boundary lags are therefore not reset by tscount and this baseline should be interpreted cautiously.",362,"2,43"
363,"nb_glmm",TRUE,NA,"nbinom",5.02849894642951,NA,363,"3,43"
363,"tscount_tsglm",TRUE,NA,"nbinom",2.70852807320153,"Exploratory panel surrogate: tscount::tsglm is fit to the pooled subject-by-time training sequence. Subject-boundary lags are therefore not reset by tscount and this baseline should be interpreted cautiously.",363,"3,43"
364,"nb_glmm",TRUE,NA,"nbinom",5.00697021128385,NA,364,"4,43"
364,"tscount_tsglm",TRUE,NA,"nbinom",2.70049686041825,"Exploratory panel surrogate: tscount::tsglm is fit to the pooled subject-by-time training sequence. Subject-boundary lags are therefore not reset by tscount and this baseline should be interpreted cautiously.",364,"4,43"
365,"nb_glmm",TRUE,NA,"nbinom",4.9040930937887,NA,365,"5,43"
365,"tscount_tsglm",TRUE,NA,"nbinom",2.63201732097819,"Exploratory panel surrogate: tscount::tsglm is fit to the pooled subject-by-time training sequence. Subject-boundary lags are therefore not reset by tscount and this baseline should be interpreted cautiously.",365,"5,43"
366,"nb_glmm",TRUE,NA,"nbinom",4.83789783434753,NA,366,"6,43"
366,"tscount_tsglm",TRUE,NA,"nbinom",2.63200969569406,"Exploratory panel surrogate: tscount::tsglm is fit to the pooled subject-by-time training sequence. Subject-boundary lags are therefore not reset by tscount and this baseline should be interpreted cautiously.",366,"6,43"
367,"nb_glmm",TRUE,NA,"nbinom",4.86227375156828,NA,367,"7,43"
367,"tscount_tsglm",TRUE,NA,"nbinom",2.63447205044672,"Exploratory panel surrogate: tscount::tsglm is fit to the pooled subject-by-time training sequence. Subject-boundary lags are therefore not reset by tscount and this baseline should be interpreted cautiously.",367,"7,43"
368,"nb_glmm",TRUE,NA,"nbinom",4.99931346990972,NA,368,"8,43"
368,"tscount_tsglm",TRUE,NA,"nbinom",2.65179424707462,"Exploratory panel surrogate: tscount::tsglm is fit to the pooled subject-by-time training sequence. Subject-boundary lags are therefore not reset by tscount and this baseline should be interpreted cautiously.",368,"8,43"
369,"nb_glmm",TRUE,NA,"nbinom",4.89418517427849,NA,369,"9,43"
369,"tscount_tsglm",TRUE,NA,"nbinom",2.63764635953967,"Exploratory panel surrogate: tscount::tsglm is fit to the pooled subject-by-time training sequence. Subject-boundary lags are therefore not reset by tscount and this baseline should be interpreted cautiously.",369,"9,43"
370,"nb_glmm",TRUE,NA,"nbinom",5.1333147589612,NA,370,"10,43"
370,"tscount_tsglm",TRUE,NA,"nbinom",2.70105184873047,"Exploratory panel surrogate: tscount::tsglm is fit to the pooled subject-by-time training sequence. Subject-boundary lags are therefore not reset by tscount and this baseline should be interpreted cautiously.",370,"10,43"
371,"nb_glmm",TRUE,NA,"nbinom",4.86894612321676,NA,371,"11,43"
371,"tscount_tsglm",TRUE,NA,"nbinom",2.54139643212616,"Exploratory panel surrogate: tscount::tsglm is fit to the pooled subject-by-time training sequence. Subject-boundary lags are therefore not reset by tscount and this baseline should be interpreted cautiously.",371,"11,43"
372,"nb_glmm",TRUE,NA,"nbinom",5.14303898836381,NA,372,"12,43"
372,"tscount_tsglm",TRUE,NA,"nbinom",2.69478780023288,"Exploratory panel surrogate: tscount::tsglm is fit to the pooled subject-by-time training sequence. Subject-boundary lags are therefore not reset by tscount and this baseline should be interpreted cautiously.",372,"12,43"
373,"nb_glmm",TRUE,NA,"nbinom",4.87963320508267,NA,373,"13,43"
373,"tscount_tsglm",TRUE,NA,"nbinom",2.66043997769013,"Exploratory panel surrogate: tscount::tsglm is fit to the pooled subject-by-time training sequence. Subject-boundary lags are therefore not reset by tscount and this baseline should be interpreted cautiously.",373,"13,43"
374,"nb_glmm",TRUE,NA,"nbinom",4.92553751428567,NA,374,"14,43"
374,"tscount_tsglm",TRUE,NA,"nbinom",2.64532714357596,"Exploratory panel surrogate: tscount::tsglm is fit to the pooled subject-by-time training sequence. Subject-boundary lags are therefore not reset by tscount and this baseline should be interpreted cautiously.",374,"14,43"
375,"nb_glmm",TRUE,NA,"nbinom",4.99104352594436,NA,375,"15,43"
375,"tscount_tsglm",TRUE,NA,"nbinom",2.65216344261303,"Exploratory panel surrogate: tscount::tsglm is fit to the pooled subject-by-time training sequence. Subject-boundary lags are therefore not reset by tscount and this baseline should be interpreted cautiously.",375,"15,43"
376,"nb_glmm",TRUE,NA,"nbinom",4.98024727703812,NA,376,"16,43"
376,"tscount_tsglm",TRUE,NA,"nbinom",2.67550170211506,"Exploratory panel surrogate: tscount::tsglm is fit to the pooled subject-by-time training sequence. Subject-boundary lags are therefore not reset by tscount and this baseline should be interpreted cautiously.",376,"16,43"
377,"nb_glmm",TRUE,NA,"nbinom",5.06892819731863,NA,377,"17,43"
377,"tscount_tsglm",TRUE,NA,"nbinom",2.74238150462936,"Exploratory panel surrogate: tscount::tsglm is fit to the pooled subject-by-time training sequence. Subject-boundary lags are therefore not reset by tscount and this baseline should be interpreted cautiously.",377,"17,43"
378,"nb_glmm",TRUE,NA,"nbinom",4.87124597821191,NA,378,"18,43"
378,"tscount_tsglm",TRUE,NA,"nbinom",2.63382793284714,"Exploratory panel surrogate: tscount::tsglm is fit to the pooled subject-by-time training sequence. Subject-boundary lags are therefore not reset by tscount and this baseline should be interpreted cautiously.",378,"18,43"
379,"nb_glmm",TRUE,NA,"nbinom",4.93454689059968,NA,379,"19,43"
379,"tscount_tsglm",TRUE,NA,"nbinom",2.65182711046049,"Exploratory panel surrogate: tscount::tsglm is fit to the pooled subject-by-time training sequence. Subject-boundary lags are therefore not reset by tscount and this baseline should be interpreted cautiously.",379,"19,43"
380,"nb_glmm",TRUE,NA,"nbinom",4.97071913136866,NA,380,"20,43"
380,"tscount_tsglm",TRUE,NA,"nbinom",2.68149151897468,"Exploratory panel surrogate: tscount::tsglm is fit to the pooled subject-by-time training sequence. Subject-boundary lags are therefore not reset by tscount and this baseline should be interpreted cautiously.",380,"20,43"
381,"nb_glmm",TRUE,NA,"nbinom",4.86182529977061,NA,381,"21,43"
381,"tscount_tsglm",TRUE,NA,"nbinom",2.61011645062,"Exploratory panel surrogate: tscount::tsglm is fit to the pooled subject-by-time training sequence. Subject-boundary lags are therefore not reset by tscount and this baseline should be interpreted cautiously.",381,"21,43"
382,"nb_glmm",TRUE,NA,"nbinom",4.78742463570133,NA,382,"22,43"
382,"tscount_tsglm",TRUE,NA,"nbinom",2.70871560489033,"Exploratory panel surrogate: tscount::tsglm is fit to the pooled subject-by-time training sequence. Subject-boundary lags are therefore not reset by tscount and this baseline should be interpreted cautiously.",382,"22,43"
383,"nb_glmm",TRUE,NA,"nbinom",4.9822956600543,NA,383,"23,43"
383,"tscount_tsglm",TRUE,NA,"nbinom",2.67036105499684,"Exploratory panel surrogate: tscount::tsglm is fit to the pooled subject-by-time training sequence. Subject-boundary lags are therefore not reset by tscount and this baseline should be interpreted cautiously.",383,"23,43"
384,"nb_glmm",TRUE,NA,"nbinom",5.1256752085968,NA,384,"24,43"
384,"tscount_tsglm",TRUE,NA,"nbinom",2.72439064537586,"Exploratory panel surrogate: tscount::tsglm is fit to the pooled subject-by-time training sequence. Subject-boundary lags are therefore not reset by tscount and this baseline should be interpreted cautiously.",384,"24,43"
385,"nb_glmm",TRUE,NA,"nbinom",4.95108120211612,NA,385,"25,43"
385,"tscount_tsglm",TRUE,NA,"nbinom",2.64698153906814,"Exploratory panel surrogate: tscount::tsglm is fit to the pooled subject-by-time training sequence. Subject-boundary lags are therefore not reset by tscount and this baseline should be interpreted cautiously.",385,"25,43"
386,"nb_glmm",TRUE,NA,"nbinom",5.14689778803009,NA,386,"26,43"
386,"tscount_tsglm",TRUE,NA,"nbinom",2.76394360999746,"Exploratory panel surrogate: tscount::tsglm is fit to the pooled subject-by-time training sequence. Subject-boundary lags are therefore not reset by tscount and this baseline should be interpreted cautiously.",386,"26,43"
387,"nb_glmm",TRUE,NA,"nbinom",4.99569530947149,NA,387,"27,43"
387,"tscount_tsglm",TRUE,NA,"nbinom",2.70146698588247,"Exploratory panel surrogate: tscount::tsglm is fit to the pooled subject-by-time training sequence. Subject-boundary lags are therefore not reset by tscount and this baseline should be interpreted cautiously.",387,"27,43"
388,"nb_glmm",TRUE,NA,"nbinom",4.97388337833262,NA,388,"28,43"
388,"tscount_tsglm",TRUE,NA,"nbinom",2.70254620430932,"Exploratory panel surrogate: tscount::tsglm is fit to the pooled subject-by-time training sequence. Subject-boundary lags are therefore not reset by tscount and this baseline should be interpreted cautiously.",388,"28,43"
389,"nb_glmm",TRUE,NA,"nbinom",4.91632600905451,NA,389,"29,43"
389,"tscount_tsglm",TRUE,NA,"nbinom",2.30947427769665,"Exploratory panel surrogate: tscount::tsglm is fit to the pooled subject-by-time training sequence. Subject-boundary lags are therefore not reset by tscount and this baseline should be interpreted cautiously.",389,"29,43"
390,"nb_glmm",TRUE,NA,"nbinom",4.83143965280926,NA,390,"30,43"
390,"tscount_tsglm",TRUE,NA,"nbinom",2.66972382572661,"Exploratory panel surrogate: tscount::tsglm is fit to the pooled subject-by-time training sequence. Subject-boundary lags are therefore not reset by tscount and this baseline should be interpreted cautiously.",390,"30,43"
391,"nb_glmm",TRUE,NA,"nbinom",4.95380978049747,NA,391,"1,44"
391,"tscount_tsglm",TRUE,NA,"nbinom",2.70304804567967,"Exploratory panel surrogate: tscount::tsglm is fit to the pooled subject-by-time training sequence. Subject-boundary lags are therefore not reset by tscount and this baseline should be interpreted cautiously.",391,"1,44"
392,"nb_glmm",TRUE,NA,"nbinom",4.9681457121946,NA,392,"2,44"
392,"tscount_tsglm",TRUE,NA,"nbinom",2.72501464051402,"Exploratory panel surrogate: tscount::tsglm is fit to the pooled subject-by-time training sequence. Subject-boundary lags are therefore not reset by tscount and this baseline should be interpreted cautiously.",392,"2,44"
393,"nb_glmm",TRUE,NA,"nbinom",5.05729143875361,NA,393,"3,44"
393,"tscount_tsglm",TRUE,NA,"nbinom",2.74430739464229,"Exploratory panel surrogate: tscount::tsglm is fit to the pooled subject-by-time training sequence. Subject-boundary lags are therefore not reset by tscount and this baseline should be interpreted cautiously.",393,"3,44"
394,"nb_glmm",TRUE,NA,"nbinom",5.03467389299431,NA,394,"4,44"
394,"tscount_tsglm",TRUE,NA,"nbinom",2.73507417665649,"Exploratory panel surrogate: tscount::tsglm is fit to the pooled subject-by-time training sequence. Subject-boundary lags are therefore not reset by tscount and this baseline should be interpreted cautiously.",394,"4,44"
395,"nb_glmm",TRUE,NA,"nbinom",4.92793072005777,NA,395,"5,44"
395,"tscount_tsglm",TRUE,NA,"nbinom",2.66482372443361,"Exploratory panel surrogate: tscount::tsglm is fit to the pooled subject-by-time training sequence. Subject-boundary lags are therefore not reset by tscount and this baseline should be interpreted cautiously.",395,"5,44"
396,"nb_glmm",TRUE,NA,"nbinom",4.86376458339576,NA,396,"6,44"
396,"tscount_tsglm",TRUE,NA,"nbinom",2.6644193611322,"Exploratory panel surrogate: tscount::tsglm is fit to the pooled subject-by-time training sequence. Subject-boundary lags are therefore not reset by tscount and this baseline should be interpreted cautiously.",396,"6,44"
397,"nb_glmm",TRUE,NA,"nbinom",4.88693090380865,NA,397,"7,44"
397,"tscount_tsglm",TRUE,NA,"nbinom",2.66656495508689,"Exploratory panel surrogate: tscount::tsglm is fit to the pooled subject-by-time training sequence. Subject-boundary lags are therefore not reset by tscount and this baseline should be interpreted cautiously.",397,"7,44"
398,"nb_glmm",TRUE,NA,"nbinom",5.02739006159351,NA,398,"8,44"
398,"tscount_tsglm",TRUE,NA,"nbinom",2.68383405488646,"Exploratory panel surrogate: tscount::tsglm is fit to the pooled subject-by-time training sequence. Subject-boundary lags are therefore not reset by tscount and this baseline should be interpreted cautiously.",398,"8,44"
399,"nb_glmm",TRUE,NA,"nbinom",4.92127316581933,NA,399,"9,44"
399,"tscount_tsglm",TRUE,NA,"nbinom",2.6725488973142,"Exploratory panel surrogate: tscount::tsglm is fit to the pooled subject-by-time training sequence. Subject-boundary lags are therefore not reset by tscount and this baseline should be interpreted cautiously.",399,"9,44"
400,"nb_glmm",TRUE,NA,"nbinom",5.16051863652871,NA,400,"10,44"
400,"tscount_tsglm",TRUE,NA,"nbinom",2.73406632270937,"Exploratory panel surrogate: tscount::tsglm is fit to the pooled subject-by-time training sequence. Subject-boundary lags are therefore not reset by tscount and this baseline should be interpreted cautiously.",400,"10,44"
401,"nb_glmm",TRUE,NA,"nbinom",4.89556579475604,NA,401,"11,44"
401,"tscount_tsglm",TRUE,NA,"nbinom",2.57257512417959,"Exploratory panel surrogate: tscount::tsglm is fit to the pooled subject-by-time training sequence. Subject-boundary lags are therefore not reset by tscount and this baseline should be interpreted cautiously.",401,"11,44"
402,"nb_glmm",TRUE,NA,"nbinom",5.16963584742947,NA,402,"12,44"
402,"tscount_tsglm",TRUE,NA,"nbinom",2.72800295109331,"Exploratory panel surrogate: tscount::tsglm is fit to the pooled subject-by-time training sequence. Subject-boundary lags are therefore not reset by tscount and this baseline should be interpreted cautiously.",402,"12,44"
403,"nb_glmm",TRUE,NA,"nbinom",4.90457720946678,NA,403,"13,44"
403,"tscount_tsglm",TRUE,NA,"nbinom",2.69317030269351,"Exploratory panel surrogate: tscount::tsglm is fit to the pooled subject-by-time training sequence. Subject-boundary lags are therefore not reset by tscount and this baseline should be interpreted cautiously.",403,"13,44"
404,"nb_glmm",TRUE,NA,"nbinom",4.94898904276649,NA,404,"14,44"
404,"tscount_tsglm",TRUE,NA,"nbinom",2.6779700563538,"Exploratory panel surrogate: tscount::tsglm is fit to the pooled subject-by-time training sequence. Subject-boundary lags are therefore not reset by tscount and this baseline should be interpreted cautiously.",404,"14,44"
405,"nb_glmm",TRUE,NA,"nbinom",5.01705501708272,NA,405,"15,44"
405,"tscount_tsglm",TRUE,NA,"nbinom",2.68454830080621,"Exploratory panel surrogate: tscount::tsglm is fit to the pooled subject-by-time training sequence. Subject-boundary lags are therefore not reset by tscount and this baseline should be interpreted cautiously.",405,"15,44"
406,"nb_glmm",TRUE,NA,"nbinom",5.00751636147399,NA,406,"16,44"
406,"tscount_tsglm",TRUE,NA,"nbinom",2.70714198060857,"Exploratory panel surrogate: tscount::tsglm is fit to the pooled subject-by-time training sequence. Subject-boundary lags are therefore not reset by tscount and this baseline should be interpreted cautiously.",406,"16,44"
407,"nb_glmm",TRUE,NA,"nbinom",5.09547966327901,NA,407,"17,44"
407,"tscount_tsglm",TRUE,NA,"nbinom",2.77600965578067,"Exploratory panel surrogate: tscount::tsglm is fit to the pooled subject-by-time training sequence. Subject-boundary lags are therefore not reset by tscount and this baseline should be interpreted cautiously.",407,"17,44"
408,"nb_glmm",TRUE,NA,"nbinom",4.8970991873733,NA,408,"18,44"
408,"tscount_tsglm",TRUE,NA,"nbinom",2.66605805737399,"Exploratory panel surrogate: tscount::tsglm is fit to the pooled subject-by-time training sequence. Subject-boundary lags are therefore not reset by tscount and this baseline should be interpreted cautiously.",408,"18,44"
409,"nb_glmm",TRUE,NA,"nbinom",4.9615326238263,NA,409,"19,44"
409,"tscount_tsglm",TRUE,NA,"nbinom",2.68452679368323,"Exploratory panel surrogate: tscount::tsglm is fit to the pooled subject-by-time training sequence. Subject-boundary lags are therefore not reset by tscount and this baseline should be interpreted cautiously.",409,"19,44"
410,"nb_glmm",TRUE,NA,"nbinom",4.99786006262559,NA,410,"20,44"
410,"tscount_tsglm",TRUE,NA,"nbinom",2.71748626765777,"Exploratory panel surrogate: tscount::tsglm is fit to the pooled subject-by-time training sequence. Subject-boundary lags are therefore not reset by tscount and this baseline should be interpreted cautiously.",410,"20,44"
411,"nb_glmm",TRUE,NA,"nbinom",4.88804258316502,NA,411,"21,44"
411,"tscount_tsglm",TRUE,NA,"nbinom",2.64194232386768,"Exploratory panel surrogate: tscount::tsglm is fit to the pooled subject-by-time training sequence. Subject-boundary lags are therefore not reset by tscount and this baseline should be interpreted cautiously.",411,"21,44"
412,"nb_glmm",TRUE,NA,"nbinom",4.81501232203774,NA,412,"22,44"
412,"tscount_tsglm",TRUE,NA,"nbinom",2.74132021592197,"Exploratory panel surrogate: tscount::tsglm is fit to the pooled subject-by-time training sequence. Subject-boundary lags are therefore not reset by tscount and this baseline should be interpreted cautiously.",412,"22,44"
413,"nb_glmm",TRUE,NA,"nbinom",5.0094889971069,NA,413,"23,44"
413,"tscount_tsglm",TRUE,NA,"nbinom",2.70327301484787,"Exploratory panel surrogate: tscount::tsglm is fit to the pooled subject-by-time training sequence. Subject-boundary lags are therefore not reset by tscount and this baseline should be interpreted cautiously.",413,"23,44"
414,"nb_glmm",TRUE,NA,"nbinom",5.15220853340437,NA,414,"24,44"
414,"tscount_tsglm",TRUE,NA,"nbinom",2.75334574875155,"Exploratory panel surrogate: tscount::tsglm is fit to the pooled subject-by-time training sequence. Subject-boundary lags are therefore not reset by tscount and this baseline should be interpreted cautiously.",414,"24,44"
415,"nb_glmm",TRUE,NA,"nbinom",4.97844137280571,NA,415,"25,44"
415,"tscount_tsglm",TRUE,NA,"nbinom",2.67903810664951,"Exploratory panel surrogate: tscount::tsglm is fit to the pooled subject-by-time training sequence. Subject-boundary lags are therefore not reset by tscount and this baseline should be interpreted cautiously.",415,"25,44"
416,"nb_glmm",TRUE,NA,"nbinom",5.17038052882826,NA,416,"26,44"
416,"tscount_tsglm",TRUE,NA,"nbinom",2.79918535795662,"Exploratory panel surrogate: tscount::tsglm is fit to the pooled subject-by-time training sequence. Subject-boundary lags are therefore not reset by tscount and this baseline should be interpreted cautiously.",416,"26,44"
417,"nb_glmm",TRUE,NA,"nbinom",5.02451806152965,NA,417,"27,44"
417,"tscount_tsglm",TRUE,NA,"nbinom",2.73541618200329,"Exploratory panel surrogate: tscount::tsglm is fit to the pooled subject-by-time training sequence. Subject-boundary lags are therefore not reset by tscount and this baseline should be interpreted cautiously.",417,"27,44"
418,"nb_glmm",TRUE,NA,"nbinom",4.99994731128154,NA,418,"28,44"
418,"tscount_tsglm",TRUE,NA,"nbinom",2.7362255182849,"Exploratory panel surrogate: tscount::tsglm is fit to the pooled subject-by-time training sequence. Subject-boundary lags are therefore not reset by tscount and this baseline should be interpreted cautiously.",418,"28,44"
419,"nb_glmm",TRUE,NA,"nbinom",4.94473388376986,NA,419,"29,44"
419,"tscount_tsglm",TRUE,NA,"nbinom",2.33876891620906,"Exploratory panel surrogate: tscount::tsglm is fit to the pooled subject-by-time training sequence. Subject-boundary lags are therefore not reset by tscount and this baseline should be interpreted cautiously.",419,"29,44"
420,"nb_glmm",TRUE,NA,"nbinom",4.85473792767497,NA,420,"30,44"
420,"tscount_tsglm",TRUE,NA,"nbinom",2.70139369403179,"Exploratory panel surrogate: tscount::tsglm is fit to the pooled subject-by-time training sequence. Subject-boundary lags are therefore not reset by tscount and this baseline should be interpreted cautiously.",420,"30,44"
421,"nb_glmm",TRUE,NA,"nbinom",5.26727291141247,NA,421,"1,45"
421,"tscount_tsglm",TRUE,NA,"nbinom",2.74777795458549,"Exploratory panel surrogate: tscount::tsglm is fit to the pooled subject-by-time training sequence. Subject-boundary lags are therefore not reset by tscount and this baseline should be interpreted cautiously.",421,"1,45"
422,"nb_glmm",TRUE,NA,"nbinom",5.28317843389354,NA,422,"2,45"
422,"tscount_tsglm",TRUE,NA,"nbinom",2.76709185250769,"Exploratory panel surrogate: tscount::tsglm is fit to the pooled subject-by-time training sequence. Subject-boundary lags are therefore not reset by tscount and this baseline should be interpreted cautiously.",422,"2,45"
423,"nb_glmm",TRUE,NA,"nbinom",5.38038809409889,NA,423,"3,45"
423,"tscount_tsglm",TRUE,NA,"nbinom",2.78297752100325,"Exploratory panel surrogate: tscount::tsglm is fit to the pooled subject-by-time training sequence. Subject-boundary lags are therefore not reset by tscount and this baseline should be interpreted cautiously.",423,"3,45"
424,"nb_glmm",TRUE,NA,"nbinom",5.35420016985254,NA,424,"4,45"
424,"tscount_tsglm",TRUE,NA,"nbinom",2.78198877954057,"Exploratory panel surrogate: tscount::tsglm is fit to the pooled subject-by-time training sequence. Subject-boundary lags are therefore not reset by tscount and this baseline should be interpreted cautiously.",424,"4,45"
425,"nb_glmm",TRUE,NA,"nbinom",5.24347011077148,NA,425,"5,45"
425,"tscount_tsglm",TRUE,NA,"nbinom",2.70808425402931,"Exploratory panel surrogate: tscount::tsglm is fit to the pooled subject-by-time training sequence. Subject-boundary lags are therefore not reset by tscount and this baseline should be interpreted cautiously.",425,"5,45"
426,"nb_glmm",TRUE,NA,"nbinom",5.17349602929961,NA,426,"6,45"
426,"tscount_tsglm",TRUE,NA,"nbinom",2.70749778864393,"Exploratory panel surrogate: tscount::tsglm is fit to the pooled subject-by-time training sequence. Subject-boundary lags are therefore not reset by tscount and this baseline should be interpreted cautiously.",426,"6,45"
427,"nb_glmm",TRUE,NA,"nbinom",5.19733170916868,NA,427,"7,45"
427,"tscount_tsglm",TRUE,NA,"nbinom",2.70993820112617,"Exploratory panel surrogate: tscount::tsglm is fit to the pooled subject-by-time training sequence. Subject-boundary lags are therefore not reset by tscount and this baseline should be interpreted cautiously.",427,"7,45"
428,"nb_glmm",TRUE,NA,"nbinom",5.34730455151168,NA,428,"8,45"
428,"tscount_tsglm",TRUE,NA,"nbinom",2.72794900350437,"Exploratory panel surrogate: tscount::tsglm is fit to the pooled subject-by-time training sequence. Subject-boundary lags are therefore not reset by tscount and this baseline should be interpreted cautiously.",428,"8,45"
429,"nb_glmm",TRUE,NA,"nbinom",5.23684185559171,NA,429,"9,45"
429,"tscount_tsglm",TRUE,NA,"nbinom",2.71437182625834,"Exploratory panel surrogate: tscount::tsglm is fit to the pooled subject-by-time training sequence. Subject-boundary lags are therefore not reset by tscount and this baseline should be interpreted cautiously.",429,"9,45"
430,"nb_glmm",TRUE,NA,"nbinom",5.48919289662832,NA,430,"10,45"
430,"tscount_tsglm",TRUE,NA,"nbinom",2.77628475496182,"Exploratory panel surrogate: tscount::tsglm is fit to the pooled subject-by-time training sequence. Subject-boundary lags are therefore not reset by tscount and this baseline should be interpreted cautiously.",430,"10,45"
431,"nb_glmm",TRUE,NA,"nbinom",5.20557493782589,NA,431,"11,45"
431,"tscount_tsglm",TRUE,NA,"nbinom",2.60671171888392,"Exploratory panel surrogate: tscount::tsglm is fit to the pooled subject-by-time training sequence. Subject-boundary lags are therefore not reset by tscount and this baseline should be interpreted cautiously.",431,"11,45"
432,"nb_glmm",TRUE,NA,"nbinom",5.51954602814723,NA,432,"12,45"
432,"tscount_tsglm",TRUE,NA,"nbinom",2.77246789748213,"Exploratory panel surrogate: tscount::tsglm is fit to the pooled subject-by-time training sequence. Subject-boundary lags are therefore not reset by tscount and this baseline should be interpreted cautiously.",432,"12,45"
433,"nb_glmm",TRUE,NA,"nbinom",5.21749477567655,NA,433,"13,45"
433,"tscount_tsglm",TRUE,NA,"nbinom",2.73954029677816,"Exploratory panel surrogate: tscount::tsglm is fit to the pooled subject-by-time training sequence. Subject-boundary lags are therefore not reset by tscount and this baseline should be interpreted cautiously.",433,"13,45"
434,"nb_glmm",TRUE,NA,"nbinom",5.2742975765655,NA,434,"14,45"
434,"tscount_tsglm",TRUE,NA,"nbinom",2.72256144728651,"Exploratory panel surrogate: tscount::tsglm is fit to the pooled subject-by-time training sequence. Subject-boundary lags are therefore not reset by tscount and this baseline should be interpreted cautiously.",434,"14,45"
435,"nb_glmm",TRUE,NA,"nbinom",5.33862069535816,NA,435,"15,45"
435,"tscount_tsglm",TRUE,NA,"nbinom",2.72877152520991,"Exploratory panel surrogate: tscount::tsglm is fit to the pooled subject-by-time training sequence. Subject-boundary lags are therefore not reset by tscount and this baseline should be interpreted cautiously.",435,"15,45"
436,"nb_glmm",TRUE,NA,"nbinom",5.32432896058679,NA,436,"16,45"
436,"tscount_tsglm",TRUE,NA,"nbinom",2.75228285811057,"Exploratory panel surrogate: tscount::tsglm is fit to the pooled subject-by-time training sequence. Subject-boundary lags are therefore not reset by tscount and this baseline should be interpreted cautiously.",436,"16,45"
437,"nb_glmm",TRUE,NA,"nbinom",5.42487142490907,NA,437,"17,45"
437,"tscount_tsglm",TRUE,NA,"nbinom",2.82416851146953,"Exploratory panel surrogate: tscount::tsglm is fit to the pooled subject-by-time training sequence. Subject-boundary lags are therefore not reset by tscount and this baseline should be interpreted cautiously.",437,"17,45"
438,"nb_glmm",TRUE,NA,"nbinom",5.20504213480998,NA,438,"18,45"
438,"tscount_tsglm",TRUE,NA,"nbinom",2.70884855513965,"Exploratory panel surrogate: tscount::tsglm is fit to the pooled subject-by-time training sequence. Subject-boundary lags are therefore not reset by tscount and this baseline should be interpreted cautiously.",438,"18,45"
439,"nb_glmm",TRUE,NA,"nbinom",5.27738373941612,NA,439,"19,45"
439,"tscount_tsglm",TRUE,NA,"nbinom",2.72757369010216,"Exploratory panel surrogate: tscount::tsglm is fit to the pooled subject-by-time training sequence. Subject-boundary lags are therefore not reset by tscount and this baseline should be interpreted cautiously.",439,"19,45"
440,"nb_glmm",TRUE,NA,"nbinom",5.31448598671376,NA,440,"20,45"
440,"tscount_tsglm",TRUE,NA,"nbinom",2.76383384409467,"Exploratory panel surrogate: tscount::tsglm is fit to the pooled subject-by-time training sequence. Subject-boundary lags are therefore not reset by tscount and this baseline should be interpreted cautiously.",440,"20,45"
441,"nb_glmm",TRUE,NA,"nbinom",5.19798576429328,NA,441,"21,45"
441,"tscount_tsglm",TRUE,NA,"nbinom",2.68305514032302,"Exploratory panel surrogate: tscount::tsglm is fit to the pooled subject-by-time training sequence. Subject-boundary lags are therefore not reset by tscount and this baseline should be interpreted cautiously.",441,"21,45"
442,"nb_glmm",TRUE,NA,"nbinom",5.11411596092355,NA,442,"22,45"
442,"tscount_tsglm",TRUE,NA,"nbinom",2.78944654234734,"Exploratory panel surrogate: tscount::tsglm is fit to the pooled subject-by-time training sequence. Subject-boundary lags are therefore not reset by tscount and this baseline should be interpreted cautiously.",442,"22,45"
443,"nb_glmm",TRUE,NA,"nbinom",5.33095492503814,NA,443,"23,45"
443,"tscount_tsglm",TRUE,NA,"nbinom",2.74394914504767,"Exploratory panel surrogate: tscount::tsglm is fit to the pooled subject-by-time training sequence. Subject-boundary lags are therefore not reset by tscount and this baseline should be interpreted cautiously.",443,"23,45"
444,"nb_glmm",TRUE,NA,"nbinom",5.48682616685957,NA,444,"24,45"
444,"tscount_tsglm",TRUE,NA,"nbinom",2.80485775002165,"Exploratory panel surrogate: tscount::tsglm is fit to the pooled subject-by-time training sequence. Subject-boundary lags are therefore not reset by tscount and this baseline should be interpreted cautiously.",444,"24,45"
445,"nb_glmm",TRUE,NA,"nbinom",5.29955320050387,NA,445,"25,45"
445,"tscount_tsglm",TRUE,NA,"nbinom",2.72358107490107,"Exploratory panel surrogate: tscount::tsglm is fit to the pooled subject-by-time training sequence. Subject-boundary lags are therefore not reset by tscount and this baseline should be interpreted cautiously.",445,"25,45"
446,"nb_glmm",TRUE,NA,"nbinom",5.51371818385429,NA,446,"26,45"
446,"tscount_tsglm",TRUE,NA,"nbinom",2.84867626238023,"Exploratory panel surrogate: tscount::tsglm is fit to the pooled subject-by-time training sequence. Subject-boundary lags are therefore not reset by tscount and this baseline should be interpreted cautiously.",446,"26,45"
447,"nb_glmm",TRUE,NA,"nbinom",5.35154674073907,NA,447,"27,45"
447,"tscount_tsglm",TRUE,NA,"nbinom",2.78196587917636,"Exploratory panel surrogate: tscount::tsglm is fit to the pooled subject-by-time training sequence. Subject-boundary lags are therefore not reset by tscount and this baseline should be interpreted cautiously.",447,"27,45"
448,"nb_glmm",TRUE,NA,"nbinom",5.31866402276711,NA,448,"28,45"
448,"tscount_tsglm",TRUE,NA,"nbinom",2.78288162398243,"Exploratory panel surrogate: tscount::tsglm is fit to the pooled subject-by-time training sequence. Subject-boundary lags are therefore not reset by tscount and this baseline should be interpreted cautiously.",448,"28,45"
449,"nb_glmm",TRUE,NA,"nbinom",5.25999970141944,NA,449,"29,45"
449,"tscount_tsglm",TRUE,NA,"nbinom",2.35506438798193,"Exploratory panel surrogate: tscount::tsglm is fit to the pooled subject-by-time training sequence. Subject-boundary lags are therefore not reset by tscount and this baseline should be interpreted cautiously.",449,"29,45"
450,"nb_glmm",TRUE,NA,"nbinom",5.16926813855291,NA,450,"30,45"
450,"tscount_tsglm",TRUE,NA,"nbinom",2.74978588616724,"Exploratory panel surrogate: tscount::tsglm is fit to the pooled subject-by-time training sequence. Subject-boundary lags are therefore not reset by tscount and this baseline should be interpreted cautiously.",450,"30,45"
451,"nb_glmm",TRUE,NA,"nbinom",5.09194041925943,NA,451,"1,46"
451,"tscount_tsglm",TRUE,NA,"nbinom",2.76640600366151,"Exploratory panel surrogate: tscount::tsglm is fit to the pooled subject-by-time training sequence. Subject-boundary lags are therefore not reset by tscount and this baseline should be interpreted cautiously.",451,"1,46"
452,"nb_glmm",TRUE,NA,"nbinom",5.1063403555489,NA,452,"2,46"
452,"tscount_tsglm",TRUE,NA,"nbinom",2.78874030350811,"Exploratory panel surrogate: tscount::tsglm is fit to the pooled subject-by-time training sequence. Subject-boundary lags are therefore not reset by tscount and this baseline should be interpreted cautiously.",452,"2,46"
453,"nb_glmm",TRUE,NA,"nbinom",5.19932661203011,NA,453,"3,46"
453,"tscount_tsglm",TRUE,NA,"nbinom",2.81546825699992,"Exploratory panel surrogate: tscount::tsglm is fit to the pooled subject-by-time training sequence. Subject-boundary lags are therefore not reset by tscount and this baseline should be interpreted cautiously.",453,"3,46"
454,"nb_glmm",TRUE,NA,"nbinom",5.17615256325468,NA,454,"4,46"
454,"tscount_tsglm",TRUE,NA,"nbinom",2.80221583405126,"Exploratory panel surrogate: tscount::tsglm is fit to the pooled subject-by-time training sequence. Subject-boundary lags are therefore not reset by tscount and this baseline should be interpreted cautiously.",454,"4,46"
455,"nb_glmm",TRUE,NA,"nbinom",5.07057530966636,NA,455,"5,46"
455,"tscount_tsglm",TRUE,NA,"nbinom",2.73130526498515,"Exploratory panel surrogate: tscount::tsglm is fit to the pooled subject-by-time training sequence. Subject-boundary lags are therefore not reset by tscount and this baseline should be interpreted cautiously.",455,"5,46"
456,"nb_glmm",TRUE,NA,"nbinom",5.00080239336937,NA,456,"6,46"
456,"tscount_tsglm",TRUE,NA,"nbinom",2.72867137998384,"Exploratory panel surrogate: tscount::tsglm is fit to the pooled subject-by-time training sequence. Subject-boundary lags are therefore not reset by tscount and this baseline should be interpreted cautiously.",456,"6,46"
457,"nb_glmm",TRUE,NA,"nbinom",5.02328593804067,NA,457,"7,46"
457,"tscount_tsglm",TRUE,NA,"nbinom",2.72965120122649,"Exploratory panel surrogate: tscount::tsglm is fit to the pooled subject-by-time training sequence. Subject-boundary lags are therefore not reset by tscount and this baseline should be interpreted cautiously.",457,"7,46"
458,"nb_glmm",TRUE,NA,"nbinom",5.17084470759981,NA,458,"8,46"
458,"tscount_tsglm",TRUE,NA,"nbinom",2.74932267146396,"Exploratory panel surrogate: tscount::tsglm is fit to the pooled subject-by-time training sequence. Subject-boundary lags are therefore not reset by tscount and this baseline should be interpreted cautiously.",458,"8,46"
459,"nb_glmm",TRUE,NA,"nbinom",5.05851944710566,NA,459,"9,46"
459,"tscount_tsglm",TRUE,NA,"nbinom",2.73381759998506,"Exploratory panel surrogate: tscount::tsglm is fit to the pooled subject-by-time training sequence. Subject-boundary lags are therefore not reset by tscount and this baseline should be interpreted cautiously.",459,"9,46"
460,"nb_glmm",TRUE,NA,"nbinom",5.30670048226289,NA,460,"10,46"
460,"tscount_tsglm",TRUE,NA,"nbinom",2.80363325239299,"Exploratory panel surrogate: tscount::tsglm is fit to the pooled subject-by-time training sequence. Subject-boundary lags are therefore not reset by tscount and this baseline should be interpreted cautiously.",460,"10,46"
461,"nb_glmm",TRUE,NA,"nbinom",5.03227794325851,NA,461,"11,46"
461,"tscount_tsglm",TRUE,NA,"nbinom",2.62091047879962,"Exploratory panel surrogate: tscount::tsglm is fit to the pooled subject-by-time training sequence. Subject-boundary lags are therefore not reset by tscount and this baseline should be interpreted cautiously.",461,"11,46"
462,"nb_glmm",TRUE,NA,"nbinom",5.31867383165971,NA,462,"12,46"
462,"tscount_tsglm",TRUE,NA,"nbinom",2.79629398341871,"Exploratory panel surrogate: tscount::tsglm is fit to the pooled subject-by-time training sequence. Subject-boundary lags are therefore not reset by tscount and this baseline should be interpreted cautiously.",462,"12,46"
463,"nb_glmm",TRUE,NA,"nbinom",5.04282012686476,NA,463,"13,46"
463,"tscount_tsglm",TRUE,NA,"nbinom",2.76091064280506,"Exploratory panel surrogate: tscount::tsglm is fit to the pooled subject-by-time training sequence. Subject-boundary lags are therefore not reset by tscount and this baseline should be interpreted cautiously.",463,"13,46"
464,"nb_glmm",TRUE,NA,"nbinom",5.09204350449207,NA,464,"14,46"
464,"tscount_tsglm",TRUE,NA,"nbinom",2.74363946626824,"Exploratory panel surrogate: tscount::tsglm is fit to the pooled subject-by-time training sequence. Subject-boundary lags are therefore not reset by tscount and this baseline should be interpreted cautiously.",464,"14,46"
465,"nb_glmm",TRUE,NA,"nbinom",5.15781644818752,NA,465,"15,46"
465,"tscount_tsglm",TRUE,NA,"nbinom",2.74929856948984,"Exploratory panel surrogate: tscount::tsglm is fit to the pooled subject-by-time training sequence. Subject-boundary lags are therefore not reset by tscount and this baseline should be interpreted cautiously.",465,"15,46"
466,"nb_glmm",TRUE,NA,"nbinom",5.14782090820484,NA,466,"16,46"
466,"tscount_tsglm",TRUE,NA,"nbinom",2.77663024364276,"Exploratory panel surrogate: tscount::tsglm is fit to the pooled subject-by-time training sequence. Subject-boundary lags are therefore not reset by tscount and this baseline should be interpreted cautiously.",466,"16,46"
467,"nb_glmm",TRUE,NA,"nbinom",5.23912561915884,NA,467,"17,46"
467,"tscount_tsglm",TRUE,NA,"nbinom",2.84691549062952,"Exploratory panel surrogate: tscount::tsglm is fit to the pooled subject-by-time training sequence. Subject-boundary lags are therefore not reset by tscount and this baseline should be interpreted cautiously.",467,"17,46"
468,"nb_glmm",TRUE,NA,"nbinom",5.03389256379505,NA,468,"18,46"
468,"tscount_tsglm",TRUE,NA,"nbinom",2.72830874637317,"Exploratory panel surrogate: tscount::tsglm is fit to the pooled subject-by-time training sequence. Subject-boundary lags are therefore not reset by tscount and this baseline should be interpreted cautiously.",468,"18,46"
469,"nb_glmm",TRUE,NA,"nbinom",5.10339674533225,NA,469,"19,46"
469,"tscount_tsglm",TRUE,NA,"nbinom",2.746840853144,"Exploratory panel surrogate: tscount::tsglm is fit to the pooled subject-by-time training sequence. Subject-boundary lags are therefore not reset by tscount and this baseline should be interpreted cautiously.",469,"19,46"
470,"nb_glmm",TRUE,NA,"nbinom",5.13739818015672,NA,470,"20,46"
470,"tscount_tsglm",TRUE,NA,"nbinom",2.78346574016693,"Exploratory panel surrogate: tscount::tsglm is fit to the pooled subject-by-time training sequence. Subject-boundary lags are therefore not reset by tscount and this baseline should be interpreted cautiously.",470,"20,46"
471,"nb_glmm",TRUE,NA,"nbinom",5.02571254153555,NA,471,"21,46"
471,"tscount_tsglm",TRUE,NA,"nbinom",2.70166643847766,"Exploratory panel surrogate: tscount::tsglm is fit to the pooled subject-by-time training sequence. Subject-boundary lags are therefore not reset by tscount and this baseline should be interpreted cautiously.",471,"21,46"
472,"nb_glmm",TRUE,NA,"nbinom",4.94737766142297,NA,472,"22,46"
472,"tscount_tsglm",TRUE,NA,"nbinom",2.79713644286548,"Exploratory panel surrogate: tscount::tsglm is fit to the pooled subject-by-time training sequence. Subject-boundary lags are therefore not reset by tscount and this baseline should be interpreted cautiously.",472,"22,46"
473,"nb_glmm",TRUE,NA,"nbinom",5.15058514932678,NA,473,"23,46"
473,"tscount_tsglm",TRUE,NA,"nbinom",2.77052238488159,"Exploratory panel surrogate: tscount::tsglm is fit to the pooled subject-by-time training sequence. Subject-boundary lags are therefore not reset by tscount and this baseline should be interpreted cautiously.",473,"23,46"
474,"nb_glmm",TRUE,NA,"nbinom",5.30020717703611,NA,474,"24,46"
474,"tscount_tsglm",TRUE,NA,"nbinom",2.82852282539922,"Exploratory panel surrogate: tscount::tsglm is fit to the pooled subject-by-time training sequence. Subject-boundary lags are therefore not reset by tscount and this baseline should be interpreted cautiously.",474,"24,46"
475,"nb_glmm",TRUE,NA,"nbinom",5.12055618095494,NA,475,"25,46"
475,"tscount_tsglm",TRUE,NA,"nbinom",2.74461753297864,"Exploratory panel surrogate: tscount::tsglm is fit to the pooled subject-by-time training sequence. Subject-boundary lags are therefore not reset by tscount and this baseline should be interpreted cautiously.",475,"25,46"
476,"nb_glmm",TRUE,NA,"nbinom",5.31900459869569,NA,476,"26,46"
476,"tscount_tsglm",TRUE,NA,"nbinom",2.87117893743774,"Exploratory panel surrogate: tscount::tsglm is fit to the pooled subject-by-time training sequence. Subject-boundary lags are therefore not reset by tscount and this baseline should be interpreted cautiously.",476,"26,46"
477,"nb_glmm",TRUE,NA,"nbinom",5.17024875441951,NA,477,"27,46"
477,"tscount_tsglm",TRUE,NA,"nbinom",2.80839820211337,"Exploratory panel surrogate: tscount::tsglm is fit to the pooled subject-by-time training sequence. Subject-boundary lags are therefore not reset by tscount and this baseline should be interpreted cautiously.",477,"27,46"
478,"nb_glmm",TRUE,NA,"nbinom",5.14042981387527,NA,478,"28,46"
478,"tscount_tsglm",TRUE,NA,"nbinom",2.80444045123975,"Exploratory panel surrogate: tscount::tsglm is fit to the pooled subject-by-time training sequence. Subject-boundary lags are therefore not reset by tscount and this baseline should be interpreted cautiously.",478,"28,46"
479,"nb_glmm",TRUE,NA,"nbinom",5.08356274937741,NA,479,"29,46"
479,"tscount_tsglm",TRUE,NA,"nbinom",2.36254286833616,"Exploratory panel surrogate: tscount::tsglm is fit to the pooled subject-by-time training sequence. Subject-boundary lags are therefore not reset by tscount and this baseline should be interpreted cautiously.",479,"29,46"
480,"nb_glmm",TRUE,NA,"nbinom",4.99427566005352,NA,480,"30,46"
480,"tscount_tsglm",TRUE,NA,"nbinom",2.76656376232706,"Exploratory panel surrogate: tscount::tsglm is fit to the pooled subject-by-time training sequence. Subject-boundary lags are therefore not reset by tscount and this baseline should be interpreted cautiously.",480,"30,46"
481,"nb_glmm",TRUE,NA,"nbinom",5.16840593597649,NA,481,"1,47"
481,"tscount_tsglm",TRUE,NA,"nbinom",2.82436564850206,"Exploratory panel surrogate: tscount::tsglm is fit to the pooled subject-by-time training sequence. Subject-boundary lags are therefore not reset by tscount and this baseline should be interpreted cautiously.",481,"1,47"
482,"nb_glmm",TRUE,NA,"nbinom",5.18805460856732,NA,482,"2,47"
482,"tscount_tsglm",TRUE,NA,"nbinom",2.8519945514776,"Exploratory panel surrogate: tscount::tsglm is fit to the pooled subject-by-time training sequence. Subject-boundary lags are therefore not reset by tscount and this baseline should be interpreted cautiously.",482,"2,47"
483,"nb_glmm",TRUE,NA,"nbinom",5.28089219560451,NA,483,"3,47"
483,"tscount_tsglm",TRUE,NA,"nbinom",2.86821945711557,"Exploratory panel surrogate: tscount::tsglm is fit to the pooled subject-by-time training sequence. Subject-boundary lags are therefore not reset by tscount and this baseline should be interpreted cautiously.",483,"3,47"
484,"nb_glmm",TRUE,NA,"nbinom",5.25827223560705,NA,484,"4,47"
484,"tscount_tsglm",TRUE,NA,"nbinom",2.85783194868404,"Exploratory panel surrogate: tscount::tsglm is fit to the pooled subject-by-time training sequence. Subject-boundary lags are therefore not reset by tscount and this baseline should be interpreted cautiously.",484,"4,47"
485,"nb_glmm",TRUE,NA,"nbinom",5.14211245267923,NA,485,"5,47"
485,"tscount_tsglm",TRUE,NA,"nbinom",2.78466496676831,"Exploratory panel surrogate: tscount::tsglm is fit to the pooled subject-by-time training sequence. Subject-boundary lags are therefore not reset by tscount and this baseline should be interpreted cautiously.",485,"5,47"
486,"nb_glmm",TRUE,NA,"nbinom",5.07388774813781,NA,486,"6,47"
486,"tscount_tsglm",TRUE,NA,"nbinom",2.78043629063354,"Exploratory panel surrogate: tscount::tsglm is fit to the pooled subject-by-time training sequence. Subject-boundary lags are therefore not reset by tscount and this baseline should be interpreted cautiously.",486,"6,47"
487,"nb_glmm",TRUE,NA,"nbinom",5.0987987763132,NA,487,"7,47"
487,"tscount_tsglm",TRUE,NA,"nbinom",2.78472441836424,"Exploratory panel surrogate: tscount::tsglm is fit to the pooled subject-by-time training sequence. Subject-boundary lags are therefore not reset by tscount and this baseline should be interpreted cautiously.",487,"7,47"
488,"nb_glmm",TRUE,NA,"nbinom",5.24783731459941,NA,488,"8,47"
488,"tscount_tsglm",TRUE,NA,"nbinom",2.79619630912034,"Exploratory panel surrogate: tscount::tsglm is fit to the pooled subject-by-time training sequence. Subject-boundary lags are therefore not reset by tscount and this baseline should be interpreted cautiously.",488,"8,47"
489,"nb_glmm",TRUE,NA,"nbinom",5.13072743140134,NA,489,"9,47"
489,"tscount_tsglm",TRUE,NA,"nbinom",2.78845024820749,"Exploratory panel surrogate: tscount::tsglm is fit to the pooled subject-by-time training sequence. Subject-boundary lags are therefore not reset by tscount and this baseline should be interpreted cautiously.",489,"9,47"
490,"nb_glmm",TRUE,NA,"nbinom",5.3929728503943,NA,490,"10,47"
490,"tscount_tsglm",TRUE,NA,"nbinom",2.85444602920156,"Exploratory panel surrogate: tscount::tsglm is fit to the pooled subject-by-time training sequence. Subject-boundary lags are therefore not reset by tscount and this baseline should be interpreted cautiously.",490,"10,47"
491,"nb_glmm",TRUE,NA,"nbinom",5.10667514504094,NA,491,"11,47"
491,"tscount_tsglm",TRUE,NA,"nbinom",2.68482161196876,"Exploratory panel surrogate: tscount::tsglm is fit to the pooled subject-by-time training sequence. Subject-boundary lags are therefore not reset by tscount and this baseline should be interpreted cautiously.",491,"11,47"
492,"nb_glmm",TRUE,NA,"nbinom",5.42098565934134,NA,492,"12,47"
492,"tscount_tsglm",TRUE,NA,"nbinom",2.85606676421512,"Exploratory panel surrogate: tscount::tsglm is fit to the pooled subject-by-time training sequence. Subject-boundary lags are therefore not reset by tscount and this baseline should be interpreted cautiously.",492,"12,47"
493,"nb_glmm",TRUE,NA,"nbinom",5.11315191784964,NA,493,"13,47"
493,"tscount_tsglm",TRUE,NA,"nbinom",2.81257258177098,"Exploratory panel surrogate: tscount::tsglm is fit to the pooled subject-by-time training sequence. Subject-boundary lags are therefore not reset by tscount and this baseline should be interpreted cautiously.",493,"13,47"
494,"nb_glmm",TRUE,NA,"nbinom",5.16530316079263,NA,494,"14,47"
494,"tscount_tsglm",TRUE,NA,"nbinom",2.79784549725599,"Exploratory panel surrogate: tscount::tsglm is fit to the pooled subject-by-time training sequence. Subject-boundary lags are therefore not reset by tscount and this baseline should be interpreted cautiously.",494,"14,47"
495,"nb_glmm",TRUE,NA,"nbinom",5.23649618184284,NA,495,"15,47"
495,"tscount_tsglm",TRUE,NA,"nbinom",2.80272449478902,"Exploratory panel surrogate: tscount::tsglm is fit to the pooled subject-by-time training sequence. Subject-boundary lags are therefore not reset by tscount and this baseline should be interpreted cautiously.",495,"15,47"
496,"nb_glmm",TRUE,NA,"nbinom",5.2295297261921,NA,496,"16,47"
496,"tscount_tsglm",TRUE,NA,"nbinom",2.82846874978948,"Exploratory panel surrogate: tscount::tsglm is fit to the pooled subject-by-time training sequence. Subject-boundary lags are therefore not reset by tscount and this baseline should be interpreted cautiously.",496,"16,47"
497,"nb_glmm",TRUE,NA,"nbinom",5.3206522131647,NA,497,"17,47"
497,"tscount_tsglm",TRUE,NA,"nbinom",2.90424463001394,"Exploratory panel surrogate: tscount::tsglm is fit to the pooled subject-by-time training sequence. Subject-boundary lags are therefore not reset by tscount and this baseline should be interpreted cautiously.",497,"17,47"
498,"nb_glmm",TRUE,NA,"nbinom",5.10872361240377,NA,498,"18,47"
498,"tscount_tsglm",TRUE,NA,"nbinom",2.78327090926265,"Exploratory panel surrogate: tscount::tsglm is fit to the pooled subject-by-time training sequence. Subject-boundary lags are therefore not reset by tscount and this baseline should be interpreted cautiously.",498,"18,47"
499,"nb_glmm",TRUE,NA,"nbinom",5.18113623440559,NA,499,"19,47"
499,"tscount_tsglm",TRUE,NA,"nbinom",2.80157321207239,"Exploratory panel surrogate: tscount::tsglm is fit to the pooled subject-by-time training sequence. Subject-boundary lags are therefore not reset by tscount and this baseline should be interpreted cautiously.",499,"19,47"
500,"nb_glmm",TRUE,NA,"nbinom",5.2146612432165,NA,500,"20,47"
500,"tscount_tsglm",TRUE,NA,"nbinom",2.82877238287506,"Exploratory panel surrogate: tscount::tsglm is fit to the pooled subject-by-time training sequence. Subject-boundary lags are therefore not reset by tscount and this baseline should be interpreted cautiously.",500,"20,47"
501,"nb_glmm",TRUE,NA,"nbinom",5.09356112973852,NA,501,"21,47"
501,"tscount_tsglm",TRUE,NA,"nbinom",2.75318234865206,"Exploratory panel surrogate: tscount::tsglm is fit to the pooled subject-by-time training sequence. Subject-boundary lags are therefore not reset by tscount and this baseline should be interpreted cautiously.",501,"21,47"
502,"nb_glmm",TRUE,NA,"nbinom",5.01525580097081,NA,502,"22,47"
502,"tscount_tsglm",TRUE,NA,"nbinom",2.86286015524371,"Exploratory panel surrogate: tscount::tsglm is fit to the pooled subject-by-time training sequence. Subject-boundary lags are therefore not reset by tscount and this baseline should be interpreted cautiously.",502,"22,47"
503,"nb_glmm",TRUE,NA,"nbinom",5.23868833702751,NA,503,"23,47"
503,"tscount_tsglm",TRUE,NA,"nbinom",2.82418249814157,"Exploratory panel surrogate: tscount::tsglm is fit to the pooled subject-by-time training sequence. Subject-boundary lags are therefore not reset by tscount and this baseline should be interpreted cautiously.",503,"23,47"
504,"nb_glmm",TRUE,NA,"nbinom",5.40047245518321,NA,504,"24,47"
504,"tscount_tsglm",TRUE,NA,"nbinom",2.88822818762905,"Exploratory panel surrogate: tscount::tsglm is fit to the pooled subject-by-time training sequence. Subject-boundary lags are therefore not reset by tscount and this baseline should be interpreted cautiously.",504,"24,47"
505,"nb_glmm",TRUE,NA,"nbinom",5.19795476971302,NA,505,"25,47"
505,"tscount_tsglm",TRUE,NA,"nbinom",2.7960371400825,"Exploratory panel surrogate: tscount::tsglm is fit to the pooled subject-by-time training sequence. Subject-boundary lags are therefore not reset by tscount and this baseline should be interpreted cautiously.",505,"25,47"
506,"nb_glmm",TRUE,NA,"nbinom",5.40883153646968,NA,506,"26,47"
506,"tscount_tsglm",TRUE,NA,"nbinom",2.93051109329636,"Exploratory panel surrogate: tscount::tsglm is fit to the pooled subject-by-time training sequence. Subject-boundary lags are therefore not reset by tscount and this baseline should be interpreted cautiously.",506,"26,47"
507,"nb_glmm",TRUE,NA,"nbinom",5.24925558063875,NA,507,"27,47"
507,"tscount_tsglm",TRUE,NA,"nbinom",2.86107181807161,"Exploratory panel surrogate: tscount::tsglm is fit to the pooled subject-by-time training sequence. Subject-boundary lags are therefore not reset by tscount and this baseline should be interpreted cautiously.",507,"27,47"
508,"nb_glmm",TRUE,NA,"nbinom",5.2171811156188,NA,508,"28,47"
508,"tscount_tsglm",TRUE,NA,"nbinom",2.86044402101524,"Exploratory panel surrogate: tscount::tsglm is fit to the pooled subject-by-time training sequence. Subject-boundary lags are therefore not reset by tscount and this baseline should be interpreted cautiously.",508,"28,47"
509,"nb_glmm",TRUE,NA,"nbinom",5.15909063688285,NA,509,"29,47"
509,"tscount_tsglm",TRUE,NA,"nbinom",2.43416248580565,"Exploratory panel surrogate: tscount::tsglm is fit to the pooled subject-by-time training sequence. Subject-boundary lags are therefore not reset by tscount and this baseline should be interpreted cautiously.",509,"29,47"
510,"nb_glmm",TRUE,NA,"nbinom",5.0597304246537,NA,510,"30,47"
510,"tscount_tsglm",TRUE,NA,"nbinom",2.8256541178566,"Exploratory panel surrogate: tscount::tsglm is fit to the pooled subject-by-time training sequence. Subject-boundary lags are therefore not reset by tscount and this baseline should be interpreted cautiously.",510,"30,47"
511,"nb_glmm",TRUE,NA,"nbinom",5.04455471132164,NA,511,"1,48"
511,"tscount_tsglm",TRUE,NA,"nbinom",2.71861602821243,"Exploratory panel surrogate: tscount::tsglm is fit to the pooled subject-by-time training sequence. Subject-boundary lags are therefore not reset by tscount and this baseline should be interpreted cautiously.",511,"1,48"
512,"nb_glmm",TRUE,NA,"nbinom",5.05943000236964,NA,512,"2,48"
512,"tscount_tsglm",TRUE,NA,"nbinom",2.74002089878705,"Exploratory panel surrogate: tscount::tsglm is fit to the pooled subject-by-time training sequence. Subject-boundary lags are therefore not reset by tscount and this baseline should be interpreted cautiously.",512,"2,48"
513,"nb_glmm",TRUE,NA,"nbinom",5.14780219598431,NA,513,"3,48"
513,"tscount_tsglm",TRUE,NA,"nbinom",2.75798706323593,"Exploratory panel surrogate: tscount::tsglm is fit to the pooled subject-by-time training sequence. Subject-boundary lags are therefore not reset by tscount and this baseline should be interpreted cautiously.",513,"3,48"
514,"nb_glmm",TRUE,NA,"nbinom",5.12704490686796,NA,514,"4,48"
514,"tscount_tsglm",TRUE,NA,"nbinom",2.74989042007247,"Exploratory panel surrogate: tscount::tsglm is fit to the pooled subject-by-time training sequence. Subject-boundary lags are therefore not reset by tscount and this baseline should be interpreted cautiously.",514,"4,48"
515,"nb_glmm",TRUE,NA,"nbinom",5.02051639039147,NA,515,"5,48"
515,"tscount_tsglm",TRUE,NA,"nbinom",2.67907870123029,"Exploratory panel surrogate: tscount::tsglm is fit to the pooled subject-by-time training sequence. Subject-boundary lags are therefore not reset by tscount and this baseline should be interpreted cautiously.",515,"5,48"
516,"nb_glmm",TRUE,NA,"nbinom",4.95364135497742,NA,516,"6,48"
516,"tscount_tsglm",TRUE,NA,"nbinom",2.67898540323614,"Exploratory panel surrogate: tscount::tsglm is fit to the pooled subject-by-time training sequence. Subject-boundary lags are therefore not reset by tscount and this baseline should be interpreted cautiously.",516,"6,48"
517,"nb_glmm",TRUE,NA,"nbinom",4.977270340301,NA,517,"7,48"
517,"tscount_tsglm",TRUE,NA,"nbinom",2.68130101621917,"Exploratory panel surrogate: tscount::tsglm is fit to the pooled subject-by-time training sequence. Subject-boundary lags are therefore not reset by tscount and this baseline should be interpreted cautiously.",517,"7,48"
518,"nb_glmm",TRUE,NA,"nbinom",5.12054053587117,NA,518,"8,48"
518,"tscount_tsglm",TRUE,NA,"nbinom",2.69832636658831,"Exploratory panel surrogate: tscount::tsglm is fit to the pooled subject-by-time training sequence. Subject-boundary lags are therefore not reset by tscount and this baseline should be interpreted cautiously.",518,"8,48"
519,"nb_glmm",TRUE,NA,"nbinom",5.01064423138469,NA,519,"9,48"
519,"tscount_tsglm",TRUE,NA,"nbinom",2.68658797064688,"Exploratory panel surrogate: tscount::tsglm is fit to the pooled subject-by-time training sequence. Subject-boundary lags are therefore not reset by tscount and this baseline should be interpreted cautiously.",519,"9,48"
520,"nb_glmm",TRUE,NA,"nbinom",5.25571311657641,NA,520,"10,48"
520,"tscount_tsglm",TRUE,NA,"nbinom",2.74906300131333,"Exploratory panel surrogate: tscount::tsglm is fit to the pooled subject-by-time training sequence. Subject-boundary lags are therefore not reset by tscount and this baseline should be interpreted cautiously.",520,"10,48"
521,"nb_glmm",TRUE,NA,"nbinom",4.98615765629753,NA,521,"11,48"
521,"tscount_tsglm",TRUE,NA,"nbinom",2.58771838855516,"Exploratory panel surrogate: tscount::tsglm is fit to the pooled subject-by-time training sequence. Subject-boundary lags are therefore not reset by tscount and this baseline should be interpreted cautiously.",521,"11,48"
522,"nb_glmm",TRUE,NA,"nbinom",5.26703000014341,NA,522,"12,48"
522,"tscount_tsglm",TRUE,NA,"nbinom",2.7432176515852,"Exploratory panel surrogate: tscount::tsglm is fit to the pooled subject-by-time training sequence. Subject-boundary lags are therefore not reset by tscount and this baseline should be interpreted cautiously.",522,"12,48"
523,"nb_glmm",TRUE,NA,"nbinom",4.99546334250233,NA,523,"13,48"
523,"tscount_tsglm",TRUE,NA,"nbinom",2.70843288024989,"Exploratory panel surrogate: tscount::tsglm is fit to the pooled subject-by-time training sequence. Subject-boundary lags are therefore not reset by tscount and this baseline should be interpreted cautiously.",523,"13,48"
524,"nb_glmm",TRUE,NA,"nbinom",5.04319664687733,NA,524,"14,48"
524,"tscount_tsglm",TRUE,NA,"nbinom",2.69347799148225,"Exploratory panel surrogate: tscount::tsglm is fit to the pooled subject-by-time training sequence. Subject-boundary lags are therefore not reset by tscount and this baseline should be interpreted cautiously.",524,"14,48"
525,"nb_glmm",TRUE,NA,"nbinom",5.1081956631377,NA,525,"15,48"
525,"tscount_tsglm",TRUE,NA,"nbinom",2.70022585934735,"Exploratory panel surrogate: tscount::tsglm is fit to the pooled subject-by-time training sequence. Subject-boundary lags are therefore not reset by tscount and this baseline should be interpreted cautiously.",525,"15,48"
526,"nb_glmm",TRUE,NA,"nbinom",5.10162643856461,NA,526,"16,48"
526,"tscount_tsglm",TRUE,NA,"nbinom",2.72225189649891,"Exploratory panel surrogate: tscount::tsglm is fit to the pooled subject-by-time training sequence. Subject-boundary lags are therefore not reset by tscount and this baseline should be interpreted cautiously.",526,"16,48"
527,"nb_glmm",TRUE,NA,"nbinom",5.18855357257141,NA,527,"17,48"
527,"tscount_tsglm",TRUE,NA,"nbinom",2.79302511105022,"Exploratory panel surrogate: tscount::tsglm is fit to the pooled subject-by-time training sequence. Subject-boundary lags are therefore not reset by tscount and this baseline should be interpreted cautiously.",527,"17,48"
528,"nb_glmm",TRUE,NA,"nbinom",4.98798340211574,NA,528,"18,48"
528,"tscount_tsglm",TRUE,NA,"nbinom",2.68098504549519,"Exploratory panel surrogate: tscount::tsglm is fit to the pooled subject-by-time training sequence. Subject-boundary lags are therefore not reset by tscount and this baseline should be interpreted cautiously.",528,"18,48"
529,"nb_glmm",TRUE,NA,"nbinom",5.05278414419467,NA,529,"19,48"
529,"tscount_tsglm",TRUE,NA,"nbinom",2.69810787178241,"Exploratory panel surrogate: tscount::tsglm is fit to the pooled subject-by-time training sequence. Subject-boundary lags are therefore not reset by tscount and this baseline should be interpreted cautiously.",529,"19,48"
530,"nb_glmm",TRUE,NA,"nbinom",5.09094227315232,NA,530,"20,48"
530,"tscount_tsglm",TRUE,NA,"nbinom",2.73325287266007,"Exploratory panel surrogate: tscount::tsglm is fit to the pooled subject-by-time training sequence. Subject-boundary lags are therefore not reset by tscount and this baseline should be interpreted cautiously.",530,"20,48"
531,"nb_glmm",TRUE,NA,"nbinom",4.97720883071598,NA,531,"21,48"
531,"tscount_tsglm",TRUE,NA,"nbinom",2.65730882258333,"Exploratory panel surrogate: tscount::tsglm is fit to the pooled subject-by-time training sequence. Subject-boundary lags are therefore not reset by tscount and this baseline should be interpreted cautiously.",531,"21,48"
532,"nb_glmm",TRUE,NA,"nbinom",4.90026708363171,NA,532,"22,48"
532,"tscount_tsglm",TRUE,NA,"nbinom",2.75925562097955,"Exploratory panel surrogate: tscount::tsglm is fit to the pooled subject-by-time training sequence. Subject-boundary lags are therefore not reset by tscount and this baseline should be interpreted cautiously.",532,"22,48"
533,"nb_glmm",TRUE,NA,"nbinom",5.10443865654708,NA,533,"23,48"
533,"tscount_tsglm",TRUE,NA,"nbinom",2.71858092816089,"Exploratory panel surrogate: tscount::tsglm is fit to the pooled subject-by-time training sequence. Subject-boundary lags are therefore not reset by tscount and this baseline should be interpreted cautiously.",533,"23,48"
534,"nb_glmm",TRUE,NA,"nbinom",5.25381451770451,NA,534,"24,48"
534,"tscount_tsglm",TRUE,NA,"nbinom",2.77433177761268,"Exploratory panel surrogate: tscount::tsglm is fit to the pooled subject-by-time training sequence. Subject-boundary lags are therefore not reset by tscount and this baseline should be interpreted cautiously.",534,"24,48"
535,"nb_glmm",TRUE,NA,"nbinom",5.07223230502123,NA,535,"25,48"
535,"tscount_tsglm",TRUE,NA,"nbinom",2.69443245104901,"Exploratory panel surrogate: tscount::tsglm is fit to the pooled subject-by-time training sequence. Subject-boundary lags are therefore not reset by tscount and this baseline should be interpreted cautiously.",535,"25,48"
536,"nb_glmm",TRUE,NA,"nbinom",5.26890924472834,NA,536,"26,48"
536,"tscount_tsglm",TRUE,NA,"nbinom",2.81219093392366,"Exploratory panel surrogate: tscount::tsglm is fit to the pooled subject-by-time training sequence. Subject-boundary lags are therefore not reset by tscount and this baseline should be interpreted cautiously.",536,"26,48"
537,"nb_glmm",TRUE,NA,"nbinom",5.11841601819944,NA,537,"27,48"
537,"tscount_tsglm",TRUE,NA,"nbinom",2.75132771753463,"Exploratory panel surrogate: tscount::tsglm is fit to the pooled subject-by-time training sequence. Subject-boundary lags are therefore not reset by tscount and this baseline should be interpreted cautiously.",537,"27,48"
538,"nb_glmm",TRUE,NA,"nbinom",5.09245809671438,NA,538,"28,48"
538,"tscount_tsglm",TRUE,NA,"nbinom",2.75135183137128,"Exploratory panel surrogate: tscount::tsglm is fit to the pooled subject-by-time training sequence. Subject-boundary lags are therefore not reset by tscount and this baseline should be interpreted cautiously.",538,"28,48"
539,"nb_glmm",TRUE,NA,"nbinom",5.03529147237311,NA,539,"29,48"
539,"tscount_tsglm",TRUE,NA,"nbinom",2.35139872594825,"Exploratory panel surrogate: tscount::tsglm is fit to the pooled subject-by-time training sequence. Subject-boundary lags are therefore not reset by tscount and this baseline should be interpreted cautiously.",539,"29,48"
540,"nb_glmm",TRUE,NA,"nbinom",4.94454026203609,NA,540,"30,48"
540,"tscount_tsglm",TRUE,NA,"nbinom",2.72214757307906,"Exploratory panel surrogate: tscount::tsglm is fit to the pooled subject-by-time training sequence. Subject-boundary lags are therefore not reset by tscount and this baseline should be interpreted cautiously.",540,"30,48"
541,"nb_glmm",TRUE,NA,"nbinom",5.24969769072421,NA,541,"1,49"
541,"tscount_tsglm",TRUE,NA,"nbinom",2.78598827540407,"Exploratory panel surrogate: tscount::tsglm is fit to the pooled subject-by-time training sequence. Subject-boundary lags are therefore not reset by tscount and this baseline should be interpreted cautiously.",541,"1,49"
542,"nb_glmm",TRUE,NA,"nbinom",5.2605304043884,NA,542,"2,49"
542,"tscount_tsglm",TRUE,NA,"nbinom",2.80472152095333,"Exploratory panel surrogate: tscount::tsglm is fit to the pooled subject-by-time training sequence. Subject-boundary lags are therefore not reset by tscount and this baseline should be interpreted cautiously.",542,"2,49"
543,"nb_glmm",TRUE,NA,"nbinom",5.371232167483,NA,543,"3,49"
543,"tscount_tsglm",TRUE,NA,"nbinom",2.83455305497478,"Exploratory panel surrogate: tscount::tsglm is fit to the pooled subject-by-time training sequence. Subject-boundary lags are therefore not reset by tscount and this baseline should be interpreted cautiously.",543,"3,49"
544,"nb_glmm",TRUE,NA,"nbinom",5.33511385264541,NA,544,"4,49"
544,"tscount_tsglm",TRUE,NA,"nbinom",2.81707088524911,"Exploratory panel surrogate: tscount::tsglm is fit to the pooled subject-by-time training sequence. Subject-boundary lags are therefore not reset by tscount and this baseline should be interpreted cautiously.",544,"4,49"
545,"nb_glmm",TRUE,NA,"nbinom",5.22005333838412,NA,545,"5,49"
545,"tscount_tsglm",TRUE,NA,"nbinom",2.7428381889004,"Exploratory panel surrogate: tscount::tsglm is fit to the pooled subject-by-time training sequence. Subject-boundary lags are therefore not reset by tscount and this baseline should be interpreted cautiously.",545,"5,49"
546,"nb_glmm",TRUE,NA,"nbinom",5.14336111654318,NA,546,"6,49"
546,"tscount_tsglm",TRUE,NA,"nbinom",2.74305980047145,"Exploratory panel surrogate: tscount::tsglm is fit to the pooled subject-by-time training sequence. Subject-boundary lags are therefore not reset by tscount and this baseline should be interpreted cautiously.",546,"6,49"
547,"nb_glmm",TRUE,NA,"nbinom",5.16878993144823,NA,547,"7,49"
547,"tscount_tsglm",TRUE,NA,"nbinom",2.74467274935397,"Exploratory panel surrogate: tscount::tsglm is fit to the pooled subject-by-time training sequence. Subject-boundary lags are therefore not reset by tscount and this baseline should be interpreted cautiously.",547,"7,49"
548,"nb_glmm",TRUE,NA,"nbinom",5.33514917064867,NA,548,"8,49"
548,"tscount_tsglm",TRUE,NA,"nbinom",2.76439400798833,"Exploratory panel surrogate: tscount::tsglm is fit to the pooled subject-by-time training sequence. Subject-boundary lags are therefore not reset by tscount and this baseline should be interpreted cautiously.",548,"8,49"
549,"nb_glmm",TRUE,NA,"nbinom",5.20875240845011,NA,549,"9,49"
549,"tscount_tsglm",TRUE,NA,"nbinom",2.75089234082802,"Exploratory panel surrogate: tscount::tsglm is fit to the pooled subject-by-time training sequence. Subject-boundary lags are therefore not reset by tscount and this baseline should be interpreted cautiously.",549,"9,49"
550,"nb_glmm",TRUE,NA,"nbinom",5.48223019210379,NA,550,"10,49"
550,"tscount_tsglm",TRUE,NA,"nbinom",2.81859335866973,"Exploratory panel surrogate: tscount::tsglm is fit to the pooled subject-by-time training sequence. Subject-boundary lags are therefore not reset by tscount and this baseline should be interpreted cautiously.",550,"10,49"
551,"nb_glmm",TRUE,NA,"nbinom",5.18308869321871,NA,551,"11,49"
551,"tscount_tsglm",TRUE,NA,"nbinom",2.64794859673296,"Exploratory panel surrogate: tscount::tsglm is fit to the pooled subject-by-time training sequence. Subject-boundary lags are therefore not reset by tscount and this baseline should be interpreted cautiously.",551,"11,49"
552,"nb_glmm",TRUE,NA,"nbinom",5.49003782983942,NA,552,"12,49"
552,"tscount_tsglm",TRUE,NA,"nbinom",2.80683555909231,"Exploratory panel surrogate: tscount::tsglm is fit to the pooled subject-by-time training sequence. Subject-boundary lags are therefore not reset by tscount and this baseline should be interpreted cautiously.",552,"12,49"
553,"nb_glmm",TRUE,NA,"nbinom",5.18913259288516,NA,553,"13,49"
553,"tscount_tsglm",TRUE,NA,"nbinom",2.76798266750074,"Exploratory panel surrogate: tscount::tsglm is fit to the pooled subject-by-time training sequence. Subject-boundary lags are therefore not reset by tscount and this baseline should be interpreted cautiously.",553,"13,49"
554,"nb_glmm",TRUE,NA,"nbinom",5.23794508962954,NA,554,"14,49"
554,"tscount_tsglm",TRUE,NA,"nbinom",2.75601303974888,"Exploratory panel surrogate: tscount::tsglm is fit to the pooled subject-by-time training sequence. Subject-boundary lags are therefore not reset by tscount and this baseline should be interpreted cautiously.",554,"14,49"
555,"nb_glmm",TRUE,NA,"nbinom",5.31906421382334,NA,555,"15,49"
555,"tscount_tsglm",TRUE,NA,"nbinom",2.76274529001377,"Exploratory panel surrogate: tscount::tsglm is fit to the pooled subject-by-time training sequence. Subject-boundary lags are therefore not reset by tscount and this baseline should be interpreted cautiously.",555,"15,49"
556,"nb_glmm",TRUE,NA,"nbinom",5.30872868049841,NA,556,"16,49"
556,"tscount_tsglm",TRUE,NA,"nbinom",2.78909964642714,"Exploratory panel surrogate: tscount::tsglm is fit to the pooled subject-by-time training sequence. Subject-boundary lags are therefore not reset by tscount and this baseline should be interpreted cautiously.",556,"16,49"
557,"nb_glmm",TRUE,NA,"nbinom",5.40397942702182,NA,557,"17,49"
557,"tscount_tsglm",TRUE,NA,"nbinom",2.86169925745907,"Exploratory panel surrogate: tscount::tsglm is fit to the pooled subject-by-time training sequence. Subject-boundary lags are therefore not reset by tscount and this baseline should be interpreted cautiously.",557,"17,49"
558,"nb_glmm",TRUE,NA,"nbinom",5.18514132557894,NA,558,"18,49"
558,"tscount_tsglm",TRUE,NA,"nbinom",2.74589529750919,"Exploratory panel surrogate: tscount::tsglm is fit to the pooled subject-by-time training sequence. Subject-boundary lags are therefore not reset by tscount and this baseline should be interpreted cautiously.",558,"18,49"
559,"nb_glmm",TRUE,NA,"nbinom",5.26443697605906,NA,559,"19,49"
559,"tscount_tsglm",TRUE,NA,"nbinom",2.76953660452947,"Exploratory panel surrogate: tscount::tsglm is fit to the pooled subject-by-time training sequence. Subject-boundary lags are therefore not reset by tscount and this baseline should be interpreted cautiously.",559,"19,49"
560,"nb_glmm",TRUE,NA,"nbinom",5.29861151737044,NA,560,"20,49"
560,"tscount_tsglm",TRUE,NA,"nbinom",2.80035404944897,"Exploratory panel surrogate: tscount::tsglm is fit to the pooled subject-by-time training sequence. Subject-boundary lags are therefore not reset by tscount and this baseline should be interpreted cautiously.",560,"20,49"
561,"nb_glmm",TRUE,NA,"nbinom",5.17660007762665,NA,561,"21,49"
561,"tscount_tsglm",TRUE,NA,"nbinom",2.71966465257859,"Exploratory panel surrogate: tscount::tsglm is fit to the pooled subject-by-time training sequence. Subject-boundary lags are therefore not reset by tscount and this baseline should be interpreted cautiously.",561,"21,49"
562,"nb_glmm",TRUE,NA,"nbinom",5.0938872859462,NA,562,"22,49"
562,"tscount_tsglm",TRUE,NA,"nbinom",2.83097746093593,"Exploratory panel surrogate: tscount::tsglm is fit to the pooled subject-by-time training sequence. Subject-boundary lags are therefore not reset by tscount and this baseline should be interpreted cautiously.",562,"22,49"
563,"nb_glmm",TRUE,NA,"nbinom",5.30979520855475,NA,563,"23,49"
563,"tscount_tsglm",TRUE,NA,"nbinom",2.78554625380276,"Exploratory panel surrogate: tscount::tsglm is fit to the pooled subject-by-time training sequence. Subject-boundary lags are therefore not reset by tscount and this baseline should be interpreted cautiously.",563,"23,49"
564,"nb_glmm",TRUE,NA,"nbinom",5.47557782125256,NA,564,"24,49"
564,"tscount_tsglm",TRUE,NA,"nbinom",2.84089978826355,"Exploratory panel surrogate: tscount::tsglm is fit to the pooled subject-by-time training sequence. Subject-boundary lags are therefore not reset by tscount and this baseline should be interpreted cautiously.",564,"24,49"
565,"nb_glmm",TRUE,NA,"nbinom",5.27931800276044,NA,565,"25,49"
565,"tscount_tsglm",TRUE,NA,"nbinom",2.75852607240366,"Exploratory panel surrogate: tscount::tsglm is fit to the pooled subject-by-time training sequence. Subject-boundary lags are therefore not reset by tscount and this baseline should be interpreted cautiously.",565,"25,49"
566,"nb_glmm",TRUE,NA,"nbinom",5.48593193884498,NA,566,"26,49"
566,"tscount_tsglm",TRUE,NA,"nbinom",2.88509155320357,"Exploratory panel surrogate: tscount::tsglm is fit to the pooled subject-by-time training sequence. Subject-boundary lags are therefore not reset by tscount and this baseline should be interpreted cautiously.",566,"26,49"
567,"nb_glmm",TRUE,NA,"nbinom",5.33298397561709,NA,567,"27,49"
567,"tscount_tsglm",TRUE,NA,"nbinom",2.81836637046908,"Exploratory panel surrogate: tscount::tsglm is fit to the pooled subject-by-time training sequence. Subject-boundary lags are therefore not reset by tscount and this baseline should be interpreted cautiously.",567,"27,49"
568,"nb_glmm",TRUE,NA,"nbinom",5.30096866437387,NA,568,"28,49"
568,"tscount_tsglm",TRUE,NA,"nbinom",2.81908773642875,"Exploratory panel surrogate: tscount::tsglm is fit to the pooled subject-by-time training sequence. Subject-boundary lags are therefore not reset by tscount and this baseline should be interpreted cautiously.",568,"28,49"
569,"nb_glmm",TRUE,NA,"nbinom",5.24639310788462,NA,569,"29,49"
569,"tscount_tsglm",TRUE,NA,"nbinom",2.40217907827783,"Exploratory panel surrogate: tscount::tsglm is fit to the pooled subject-by-time training sequence. Subject-boundary lags are therefore not reset by tscount and this baseline should be interpreted cautiously.",569,"29,49"
570,"nb_glmm",TRUE,NA,"nbinom",5.13782374105165,NA,570,"30,49"
570,"tscount_tsglm",TRUE,NA,"nbinom",2.78528805260761,"Exploratory panel surrogate: tscount::tsglm is fit to the pooled subject-by-time training sequence. Subject-boundary lags are therefore not reset by tscount and this baseline should be interpreted cautiously.",570,"30,49"
571,"nb_glmm",TRUE,NA,"nbinom",5.10620901475313,NA,571,"1,50"
571,"tscount_tsglm",TRUE,NA,"nbinom",2.71249977828932,"Exploratory panel surrogate: tscount::tsglm is fit to the pooled subject-by-time training sequence. Subject-boundary lags are therefore not reset by tscount and this baseline should be interpreted cautiously.",571,"1,50"
572,"nb_glmm",TRUE,NA,"nbinom",5.12114154119469,NA,572,"2,50"
572,"tscount_tsglm",TRUE,NA,"nbinom",2.728665334308,"Exploratory panel surrogate: tscount::tsglm is fit to the pooled subject-by-time training sequence. Subject-boundary lags are therefore not reset by tscount and this baseline should be interpreted cautiously.",572,"2,50"
573,"nb_glmm",TRUE,NA,"nbinom",5.21386677867777,NA,573,"3,50"
573,"tscount_tsglm",TRUE,NA,"nbinom",2.75294648557322,"Exploratory panel surrogate: tscount::tsglm is fit to the pooled subject-by-time training sequence. Subject-boundary lags are therefore not reset by tscount and this baseline should be interpreted cautiously.",573,"3,50"
574,"nb_glmm",TRUE,NA,"nbinom",5.19265034397278,NA,574,"4,50"
574,"tscount_tsglm",TRUE,NA,"nbinom",2.74658305678689,"Exploratory panel surrogate: tscount::tsglm is fit to the pooled subject-by-time training sequence. Subject-boundary lags are therefore not reset by tscount and this baseline should be interpreted cautiously.",574,"4,50"
575,"nb_glmm",TRUE,NA,"nbinom",5.0842008470356,NA,575,"5,50"
575,"tscount_tsglm",TRUE,NA,"nbinom",2.67283399266489,"Exploratory panel surrogate: tscount::tsglm is fit to the pooled subject-by-time training sequence. Subject-boundary lags are therefore not reset by tscount and this baseline should be interpreted cautiously.",575,"5,50"
576,"nb_glmm",TRUE,NA,"nbinom",5.01561170928863,NA,576,"6,50"
576,"tscount_tsglm",TRUE,NA,"nbinom",2.67059018585744,"Exploratory panel surrogate: tscount::tsglm is fit to the pooled subject-by-time training sequence. Subject-boundary lags are therefore not reset by tscount and this baseline should be interpreted cautiously.",576,"6,50"
577,"nb_glmm",TRUE,NA,"nbinom",5.03953701494097,NA,577,"7,50"
577,"tscount_tsglm",TRUE,NA,"nbinom",2.67655255937547,"Exploratory panel surrogate: tscount::tsglm is fit to the pooled subject-by-time training sequence. Subject-boundary lags are therefore not reset by tscount and this baseline should be interpreted cautiously.",577,"7,50"
578,"nb_glmm",TRUE,NA,"nbinom",5.18331888873066,NA,578,"8,50"
578,"tscount_tsglm",TRUE,NA,"nbinom",2.6911202522363,"Exploratory panel surrogate: tscount::tsglm is fit to the pooled subject-by-time training sequence. Subject-boundary lags are therefore not reset by tscount and this baseline should be interpreted cautiously.",578,"8,50"
579,"nb_glmm",TRUE,NA,"nbinom",5.07512129614764,NA,579,"9,50"
579,"tscount_tsglm",TRUE,NA,"nbinom",2.68147243240667,"Exploratory panel surrogate: tscount::tsglm is fit to the pooled subject-by-time training sequence. Subject-boundary lags are therefore not reset by tscount and this baseline should be interpreted cautiously.",579,"9,50"
580,"nb_glmm",TRUE,NA,"nbinom",5.32121532622899,NA,580,"10,50"
580,"tscount_tsglm",TRUE,NA,"nbinom",2.74393468293041,"Exploratory panel surrogate: tscount::tsglm is fit to the pooled subject-by-time training sequence. Subject-boundary lags are therefore not reset by tscount and this baseline should be interpreted cautiously.",580,"10,50"
581,"nb_glmm",TRUE,NA,"nbinom",5.04674211569614,NA,581,"11,50"
581,"tscount_tsglm",TRUE,NA,"nbinom",2.57598259349733,"Exploratory panel surrogate: tscount::tsglm is fit to the pooled subject-by-time training sequence. Subject-boundary lags are therefore not reset by tscount and this baseline should be interpreted cautiously.",581,"11,50"
582,"nb_glmm",TRUE,NA,"nbinom",5.34366381547744,NA,582,"12,50"
582,"tscount_tsglm",TRUE,NA,"nbinom",2.73991149066758,"Exploratory panel surrogate: tscount::tsglm is fit to the pooled subject-by-time training sequence. Subject-boundary lags are therefore not reset by tscount and this baseline should be interpreted cautiously.",582,"12,50"
583,"nb_glmm",TRUE,NA,"nbinom",5.05936183148326,NA,583,"13,50"
583,"tscount_tsglm",TRUE,NA,"nbinom",2.70558579602664,"Exploratory panel surrogate: tscount::tsglm is fit to the pooled subject-by-time training sequence. Subject-boundary lags are therefore not reset by tscount and this baseline should be interpreted cautiously.",583,"13,50"
584,"nb_glmm",TRUE,NA,"nbinom",5.11063797769166,NA,584,"14,50"
584,"tscount_tsglm",TRUE,NA,"nbinom",2.68923146627202,"Exploratory panel surrogate: tscount::tsglm is fit to the pooled subject-by-time training sequence. Subject-boundary lags are therefore not reset by tscount and this baseline should be interpreted cautiously.",584,"14,50"
585,"nb_glmm",TRUE,NA,"nbinom",5.17688575629933,NA,585,"15,50"
585,"tscount_tsglm",TRUE,NA,"nbinom",2.69161442577141,"Exploratory panel surrogate: tscount::tsglm is fit to the pooled subject-by-time training sequence. Subject-boundary lags are therefore not reset by tscount and this baseline should be interpreted cautiously.",585,"15,50"
586,"nb_glmm",TRUE,NA,"nbinom",5.16258257413895,NA,586,"16,50"
586,"tscount_tsglm",TRUE,NA,"nbinom",2.71410492137988,"Exploratory panel surrogate: tscount::tsglm is fit to the pooled subject-by-time training sequence. Subject-boundary lags are therefore not reset by tscount and this baseline should be interpreted cautiously.",586,"16,50"
587,"nb_glmm",TRUE,NA,"nbinom",5.25909334060224,NA,587,"17,50"
587,"tscount_tsglm",TRUE,NA,"nbinom",2.78910222125134,"Exploratory panel surrogate: tscount::tsglm is fit to the pooled subject-by-time training sequence. Subject-boundary lags are therefore not reset by tscount and this baseline should be interpreted cautiously.",587,"17,50"
588,"nb_glmm",TRUE,NA,"nbinom",5.04889022191945,NA,588,"18,50"
588,"tscount_tsglm",TRUE,NA,"nbinom",2.67505757611925,"Exploratory panel surrogate: tscount::tsglm is fit to the pooled subject-by-time training sequence. Subject-boundary lags are therefore not reset by tscount and this baseline should be interpreted cautiously.",588,"18,50"
589,"nb_glmm",TRUE,NA,"nbinom",5.11573961278866,NA,589,"19,50"
589,"tscount_tsglm",TRUE,NA,"nbinom",2.69470007796265,"Exploratory panel surrogate: tscount::tsglm is fit to the pooled subject-by-time training sequence. Subject-boundary lags are therefore not reset by tscount and this baseline should be interpreted cautiously.",589,"19,50"
590,"nb_glmm",TRUE,NA,"nbinom",5.15245237332126,NA,590,"20,50"
590,"tscount_tsglm",TRUE,NA,"nbinom",2.72710999027786,"Exploratory panel surrogate: tscount::tsglm is fit to the pooled subject-by-time training sequence. Subject-boundary lags are therefore not reset by tscount and this baseline should be interpreted cautiously.",590,"20,50"
591,"nb_glmm",TRUE,NA,"nbinom",5.04011511085035,NA,591,"21,50"
591,"tscount_tsglm",TRUE,NA,"nbinom",2.65104863111761,"Exploratory panel surrogate: tscount::tsglm is fit to the pooled subject-by-time training sequence. Subject-boundary lags are therefore not reset by tscount and this baseline should be interpreted cautiously.",591,"21,50"
592,"nb_glmm",TRUE,NA,"nbinom",4.96234445507545,NA,592,"22,50"
592,"tscount_tsglm",TRUE,NA,"nbinom",2.75419377625799,"Exploratory panel surrogate: tscount::tsglm is fit to the pooled subject-by-time training sequence. Subject-boundary lags are therefore not reset by tscount and this baseline should be interpreted cautiously.",592,"22,50"
593,"nb_glmm",TRUE,NA,"nbinom",5.16756081185064,NA,593,"23,50"
593,"tscount_tsglm",TRUE,NA,"nbinom",2.70950466398478,"Exploratory panel surrogate: tscount::tsglm is fit to the pooled subject-by-time training sequence. Subject-boundary lags are therefore not reset by tscount and this baseline should be interpreted cautiously.",593,"23,50"
594,"nb_glmm",TRUE,NA,"nbinom",5.31667465737386,NA,594,"24,50"
594,"tscount_tsglm",TRUE,NA,"nbinom",2.76747710613358,"Exploratory panel surrogate: tscount::tsglm is fit to the pooled subject-by-time training sequence. Subject-boundary lags are therefore not reset by tscount and this baseline should be interpreted cautiously.",594,"24,50"
595,"nb_glmm",TRUE,NA,"nbinom",5.13666503332544,NA,595,"25,50"
595,"tscount_tsglm",TRUE,NA,"nbinom",2.69028739732783,"Exploratory panel surrogate: tscount::tsglm is fit to the pooled subject-by-time training sequence. Subject-boundary lags are therefore not reset by tscount and this baseline should be interpreted cautiously.",595,"25,50"
596,"nb_glmm",TRUE,NA,"nbinom",5.34481250451729,NA,596,"26,50"
596,"tscount_tsglm",TRUE,NA,"nbinom",2.81298778807142,"Exploratory panel surrogate: tscount::tsglm is fit to the pooled subject-by-time training sequence. Subject-boundary lags are therefore not reset by tscount and this baseline should be interpreted cautiously.",596,"26,50"
597,"nb_glmm",TRUE,NA,"nbinom",5.18435467808518,NA,597,"27,50"
597,"tscount_tsglm",TRUE,NA,"nbinom",2.74558895625065,"Exploratory panel surrogate: tscount::tsglm is fit to the pooled subject-by-time training sequence. Subject-boundary lags are therefore not reset by tscount and this baseline should be interpreted cautiously.",597,"27,50"
598,"nb_glmm",TRUE,NA,"nbinom",5.15640885337165,NA,598,"28,50"
598,"tscount_tsglm",TRUE,NA,"nbinom",2.74838387845749,"Exploratory panel surrogate: tscount::tsglm is fit to the pooled subject-by-time training sequence. Subject-boundary lags are therefore not reset by tscount and this baseline should be interpreted cautiously.",598,"28,50"
599,"nb_glmm",TRUE,NA,"nbinom",5.09791727036156,NA,599,"29,50"
599,"tscount_tsglm",TRUE,NA,"nbinom",2.33090412506386,"Exploratory panel surrogate: tscount::tsglm is fit to the pooled subject-by-time training sequence. Subject-boundary lags are therefore not reset by tscount and this baseline should be interpreted cautiously.",599,"29,50"
600,"nb_glmm",TRUE,NA,"nbinom",5.01122158328523,NA,600,"30,50"
600,"tscount_tsglm",TRUE,NA,"nbinom",2.71804384521779,"Exploratory panel surrogate: tscount::tsglm is fit to the pooled subject-by-time training sequence. Subject-boundary lags are therefore not reset by tscount and this baseline should be interpreted cautiously.",600,"30,50"
601,"nb_glmm",TRUE,NA,"nbinom",4.98688681504162,NA,601,"1,51"
601,"tscount_tsglm",TRUE,NA,"nbinom",2.69391087933666,"Exploratory panel surrogate: tscount::tsglm is fit to the pooled subject-by-time training sequence. Subject-boundary lags are therefore not reset by tscount and this baseline should be interpreted cautiously.",601,"1,51"
602,"nb_glmm",TRUE,NA,"nbinom",5.00188855214833,NA,602,"2,51"
602,"tscount_tsglm",TRUE,NA,"nbinom",2.7152088927966,"Exploratory panel surrogate: tscount::tsglm is fit to the pooled subject-by-time training sequence. Subject-boundary lags are therefore not reset by tscount and this baseline should be interpreted cautiously.",602,"2,51"
603,"nb_glmm",TRUE,NA,"nbinom",5.09308807417212,NA,603,"3,51"
603,"tscount_tsglm",TRUE,NA,"nbinom",2.73403703762266,"Exploratory panel surrogate: tscount::tsglm is fit to the pooled subject-by-time training sequence. Subject-boundary lags are therefore not reset by tscount and this baseline should be interpreted cautiously.",603,"3,51"
604,"nb_glmm",TRUE,NA,"nbinom",5.06964255968054,NA,604,"4,51"
604,"tscount_tsglm",TRUE,NA,"nbinom",2.72550610778047,"Exploratory panel surrogate: tscount::tsglm is fit to the pooled subject-by-time training sequence. Subject-boundary lags are therefore not reset by tscount and this baseline should be interpreted cautiously.",604,"4,51"
605,"nb_glmm",TRUE,NA,"nbinom",4.9618271848538,NA,605,"5,51"
605,"tscount_tsglm",TRUE,NA,"nbinom",2.65225140471852,"Exploratory panel surrogate: tscount::tsglm is fit to the pooled subject-by-time training sequence. Subject-boundary lags are therefore not reset by tscount and this baseline should be interpreted cautiously.",605,"5,51"
606,"nb_glmm",TRUE,NA,"nbinom",4.89666842277058,NA,606,"6,51"
606,"tscount_tsglm",TRUE,NA,"nbinom",2.6552048081903,"Exploratory panel surrogate: tscount::tsglm is fit to the pooled subject-by-time training sequence. Subject-boundary lags are therefore not reset by tscount and this baseline should be interpreted cautiously.",606,"6,51"
607,"nb_glmm",TRUE,NA,"nbinom",4.92154492495788,NA,607,"7,51"
607,"tscount_tsglm",TRUE,NA,"nbinom",2.65875952043676,"Exploratory panel surrogate: tscount::tsglm is fit to the pooled subject-by-time training sequence. Subject-boundary lags are therefore not reset by tscount and this baseline should be interpreted cautiously.",607,"7,51"
608,"nb_glmm",TRUE,NA,"nbinom",5.06203942257867,NA,608,"8,51"
608,"tscount_tsglm",TRUE,NA,"nbinom",2.67558016559116,"Exploratory panel surrogate: tscount::tsglm is fit to the pooled subject-by-time training sequence. Subject-boundary lags are therefore not reset by tscount and this baseline should be interpreted cautiously.",608,"8,51"
609,"nb_glmm",TRUE,NA,"nbinom",4.95621804510565,NA,609,"9,51"
609,"tscount_tsglm",TRUE,NA,"nbinom",2.66197128615396,"Exploratory panel surrogate: tscount::tsglm is fit to the pooled subject-by-time training sequence. Subject-boundary lags are therefore not reset by tscount and this baseline should be interpreted cautiously.",609,"9,51"
610,"nb_glmm",TRUE,NA,"nbinom",5.19630976698725,NA,610,"10,51"
610,"tscount_tsglm",TRUE,NA,"nbinom",2.72441782265915,"Exploratory panel surrogate: tscount::tsglm is fit to the pooled subject-by-time training sequence. Subject-boundary lags are therefore not reset by tscount and this baseline should be interpreted cautiously.",610,"10,51"
611,"nb_glmm",TRUE,NA,"nbinom",4.92836420932915,NA,611,"11,51"
611,"tscount_tsglm",TRUE,NA,"nbinom",2.56383614169956,"Exploratory panel surrogate: tscount::tsglm is fit to the pooled subject-by-time training sequence. Subject-boundary lags are therefore not reset by tscount and this baseline should be interpreted cautiously.",611,"11,51"
612,"nb_glmm",TRUE,NA,"nbinom",5.21643027436559,NA,612,"12,51"
612,"tscount_tsglm",TRUE,NA,"nbinom",2.72121361686813,"Exploratory panel surrogate: tscount::tsglm is fit to the pooled subject-by-time training sequence. Subject-boundary lags are therefore not reset by tscount and this baseline should be interpreted cautiously.",612,"12,51"
613,"nb_glmm",TRUE,NA,"nbinom",4.93718771518658,NA,613,"13,51"
613,"tscount_tsglm",TRUE,NA,"nbinom",2.6837864201138,"Exploratory panel surrogate: tscount::tsglm is fit to the pooled subject-by-time training sequence. Subject-boundary lags are therefore not reset by tscount and this baseline should be interpreted cautiously.",613,"13,51"
614,"nb_glmm",TRUE,NA,"nbinom",4.9830610266236,NA,614,"14,51"
614,"tscount_tsglm",TRUE,NA,"nbinom",2.66786271962941,"Exploratory panel surrogate: tscount::tsglm is fit to the pooled subject-by-time training sequence. Subject-boundary lags are therefore not reset by tscount and this baseline should be interpreted cautiously.",614,"14,51"
615,"nb_glmm",TRUE,NA,"nbinom",5.05437235284663,NA,615,"15,51"
615,"tscount_tsglm",TRUE,NA,"nbinom",2.67522165417996,"Exploratory panel surrogate: tscount::tsglm is fit to the pooled subject-by-time training sequence. Subject-boundary lags are therefore not reset by tscount and this baseline should be interpreted cautiously.",615,"15,51"
616,"nb_glmm",TRUE,NA,"nbinom",5.04049957748814,NA,616,"16,51"
616,"tscount_tsglm",TRUE,NA,"nbinom",2.69840344727598,"Exploratory panel surrogate: tscount::tsglm is fit to the pooled subject-by-time training sequence. Subject-boundary lags are therefore not reset by tscount and this baseline should be interpreted cautiously.",616,"16,51"
617,"nb_glmm",TRUE,NA,"nbinom",5.13253242542199,NA,617,"17,51"
617,"tscount_tsglm",TRUE,NA,"nbinom",2.76486348868843,"Exploratory panel surrogate: tscount::tsglm is fit to the pooled subject-by-time training sequence. Subject-boundary lags are therefore not reset by tscount and this baseline should be interpreted cautiously.",617,"17,51"
618,"nb_glmm",TRUE,NA,"nbinom",4.93091925415834,NA,618,"18,51"
618,"tscount_tsglm",TRUE,NA,"nbinom",2.65795218248867,"Exploratory panel surrogate: tscount::tsglm is fit to the pooled subject-by-time training sequence. Subject-boundary lags are therefore not reset by tscount and this baseline should be interpreted cautiously.",618,"18,51"
619,"nb_glmm",TRUE,NA,"nbinom",4.99884843852193,NA,619,"19,51"
619,"tscount_tsglm",TRUE,NA,"nbinom",2.67625220510477,"Exploratory panel surrogate: tscount::tsglm is fit to the pooled subject-by-time training sequence. Subject-boundary lags are therefore not reset by tscount and this baseline should be interpreted cautiously.",619,"19,51"
620,"nb_glmm",TRUE,NA,"nbinom",5.03088712343993,NA,620,"20,51"
620,"tscount_tsglm",TRUE,NA,"nbinom",2.70857355267168,"Exploratory panel surrogate: tscount::tsglm is fit to the pooled subject-by-time training sequence. Subject-boundary lags are therefore not reset by tscount and this baseline should be interpreted cautiously.",620,"20,51"
621,"nb_glmm",TRUE,NA,"nbinom",4.92156912791535,NA,621,"21,51"
621,"tscount_tsglm",TRUE,NA,"nbinom",2.63253883343477,"Exploratory panel surrogate: tscount::tsglm is fit to the pooled subject-by-time training sequence. Subject-boundary lags are therefore not reset by tscount and this baseline should be interpreted cautiously.",621,"21,51"
622,"nb_glmm",TRUE,NA,"nbinom",4.84959169119333,NA,622,"22,51"
622,"tscount_tsglm",TRUE,NA,"nbinom",2.7364428273445,"Exploratory panel surrogate: tscount::tsglm is fit to the pooled subject-by-time training sequence. Subject-boundary lags are therefore not reset by tscount and this baseline should be interpreted cautiously.",622,"22,51"
623,"nb_glmm",TRUE,NA,"nbinom",5.04430813842328,NA,623,"23,51"
623,"tscount_tsglm",TRUE,NA,"nbinom",2.69468370917276,"Exploratory panel surrogate: tscount::tsglm is fit to the pooled subject-by-time training sequence. Subject-boundary lags are therefore not reset by tscount and this baseline should be interpreted cautiously.",623,"23,51"
624,"nb_glmm",TRUE,NA,"nbinom",5.18894021828431,NA,624,"24,51"
624,"tscount_tsglm",TRUE,NA,"nbinom",2.74771399298326,"Exploratory panel surrogate: tscount::tsglm is fit to the pooled subject-by-time training sequence. Subject-boundary lags are therefore not reset by tscount and this baseline should be interpreted cautiously.",624,"24,51"
625,"nb_glmm",TRUE,NA,"nbinom",5.0123169844911,NA,625,"25,51"
625,"tscount_tsglm",TRUE,NA,"nbinom",2.66939855711954,"Exploratory panel surrogate: tscount::tsglm is fit to the pooled subject-by-time training sequence. Subject-boundary lags are therefore not reset by tscount and this baseline should be interpreted cautiously.",625,"25,51"
626,"nb_glmm",TRUE,NA,"nbinom",5.20938037625569,NA,626,"26,51"
626,"tscount_tsglm",TRUE,NA,"nbinom",2.78501165806712,"Exploratory panel surrogate: tscount::tsglm is fit to the pooled subject-by-time training sequence. Subject-boundary lags are therefore not reset by tscount and this baseline should be interpreted cautiously.",626,"26,51"
627,"nb_glmm",TRUE,NA,"nbinom",5.05966494161105,NA,627,"27,51"
627,"tscount_tsglm",TRUE,NA,"nbinom",2.72494106552032,"Exploratory panel surrogate: tscount::tsglm is fit to the pooled subject-by-time training sequence. Subject-boundary lags are therefore not reset by tscount and this baseline should be interpreted cautiously.",627,"27,51"
628,"nb_glmm",TRUE,NA,"nbinom",5.0352732137584,NA,628,"28,51"
628,"tscount_tsglm",TRUE,NA,"nbinom",2.72606084525799,"Exploratory panel surrogate: tscount::tsglm is fit to the pooled subject-by-time training sequence. Subject-boundary lags are therefore not reset by tscount and this baseline should be interpreted cautiously.",628,"28,51"
629,"nb_glmm",TRUE,NA,"nbinom",4.98095963859978,NA,629,"29,51"
629,"tscount_tsglm",TRUE,NA,"nbinom",2.33060272035801,"Exploratory panel surrogate: tscount::tsglm is fit to the pooled subject-by-time training sequence. Subject-boundary lags are therefore not reset by tscount and this baseline should be interpreted cautiously.",629,"29,51"
630,"nb_glmm",TRUE,NA,"nbinom",4.88918582640265,NA,630,"30,51"
630,"tscount_tsglm",TRUE,NA,"nbinom",2.6918441147616,"Exploratory panel surrogate: tscount::tsglm is fit to the pooled subject-by-time training sequence. Subject-boundary lags are therefore not reset by tscount and this baseline should be interpreted cautiously.",630,"30,51"
631,"nb_glmm",TRUE,NA,"nbinom",5.11620312230528,NA,631,"1,52"
631,"tscount_tsglm",TRUE,NA,"nbinom",2.75382998258694,"Exploratory panel surrogate: tscount::tsglm is fit to the pooled subject-by-time training sequence. Subject-boundary lags are therefore not reset by tscount and this baseline should be interpreted cautiously.",631,"1,52"
632,"nb_glmm",TRUE,NA,"nbinom",5.13370673291649,NA,632,"2,52"
632,"tscount_tsglm",TRUE,NA,"nbinom",2.77369838766125,"Exploratory panel surrogate: tscount::tsglm is fit to the pooled subject-by-time training sequence. Subject-boundary lags are therefore not reset by tscount and this baseline should be interpreted cautiously.",632,"2,52"
633,"nb_glmm",TRUE,NA,"nbinom",5.22767529864479,NA,633,"3,52"
633,"tscount_tsglm",TRUE,NA,"nbinom",2.79014375175978,"Exploratory panel surrogate: tscount::tsglm is fit to the pooled subject-by-time training sequence. Subject-boundary lags are therefore not reset by tscount and this baseline should be interpreted cautiously.",633,"3,52"
634,"nb_glmm",TRUE,NA,"nbinom",5.20149707852603,NA,634,"4,52"
634,"tscount_tsglm",TRUE,NA,"nbinom",2.78541894079965,"Exploratory panel surrogate: tscount::tsglm is fit to the pooled subject-by-time training sequence. Subject-boundary lags are therefore not reset by tscount and this baseline should be interpreted cautiously.",634,"4,52"
635,"nb_glmm",TRUE,NA,"nbinom",5.09060509734953,NA,635,"5,52"
635,"tscount_tsglm",TRUE,NA,"nbinom",2.71364772208714,"Exploratory panel surrogate: tscount::tsglm is fit to the pooled subject-by-time training sequence. Subject-boundary lags are therefore not reset by tscount and this baseline should be interpreted cautiously.",635,"5,52"
636,"nb_glmm",TRUE,NA,"nbinom",5.01877216574292,NA,636,"6,52"
636,"tscount_tsglm",TRUE,NA,"nbinom",2.71287394035546,"Exploratory panel surrogate: tscount::tsglm is fit to the pooled subject-by-time training sequence. Subject-boundary lags are therefore not reset by tscount and this baseline should be interpreted cautiously.",636,"6,52"
637,"nb_glmm",TRUE,NA,"nbinom",5.0477688152056,NA,637,"7,52"
637,"tscount_tsglm",TRUE,NA,"nbinom",2.71645044600496,"Exploratory panel surrogate: tscount::tsglm is fit to the pooled subject-by-time training sequence. Subject-boundary lags are therefore not reset by tscount and this baseline should be interpreted cautiously.",637,"7,52"
638,"nb_glmm",TRUE,NA,"nbinom",5.19538471927886,NA,638,"8,52"
638,"tscount_tsglm",TRUE,NA,"nbinom",2.73436276497495,"Exploratory panel surrogate: tscount::tsglm is fit to the pooled subject-by-time training sequence. Subject-boundary lags are therefore not reset by tscount and this baseline should be interpreted cautiously.",638,"8,52"
639,"nb_glmm",TRUE,NA,"nbinom",5.0841670022069,NA,639,"9,52"
639,"tscount_tsglm",TRUE,NA,"nbinom",2.72065632018662,"Exploratory panel surrogate: tscount::tsglm is fit to the pooled subject-by-time training sequence. Subject-boundary lags are therefore not reset by tscount and this baseline should be interpreted cautiously.",639,"9,52"
640,"nb_glmm",TRUE,NA,"nbinom",5.3377820862586,NA,640,"10,52"
640,"tscount_tsglm",TRUE,NA,"nbinom",2.78570697814043,"Exploratory panel surrogate: tscount::tsglm is fit to the pooled subject-by-time training sequence. Subject-boundary lags are therefore not reset by tscount and this baseline should be interpreted cautiously.",640,"10,52"
641,"nb_glmm",TRUE,NA,"nbinom",5.05350558196293,NA,641,"11,52"
641,"tscount_tsglm",TRUE,NA,"nbinom",2.62518373355107,"Exploratory panel surrogate: tscount::tsglm is fit to the pooled subject-by-time training sequence. Subject-boundary lags are therefore not reset by tscount and this baseline should be interpreted cautiously.",641,"11,52"
642,"nb_glmm",TRUE,NA,"nbinom",5.35145118093794,NA,642,"12,52"
642,"tscount_tsglm",TRUE,NA,"nbinom",2.77960623858062,"Exploratory panel surrogate: tscount::tsglm is fit to the pooled subject-by-time training sequence. Subject-boundary lags are therefore not reset by tscount and this baseline should be interpreted cautiously.",642,"12,52"
643,"nb_glmm",TRUE,NA,"nbinom",5.06809295273921,NA,643,"13,52"
643,"tscount_tsglm",TRUE,NA,"nbinom",2.7435709658263,"Exploratory panel surrogate: tscount::tsglm is fit to the pooled subject-by-time training sequence. Subject-boundary lags are therefore not reset by tscount and this baseline should be interpreted cautiously.",643,"13,52"
644,"nb_glmm",TRUE,NA,"nbinom",5.1179064863248,NA,644,"14,52"
644,"tscount_tsglm",TRUE,NA,"nbinom",2.72813686407541,"Exploratory panel surrogate: tscount::tsglm is fit to the pooled subject-by-time training sequence. Subject-boundary lags are therefore not reset by tscount and this baseline should be interpreted cautiously.",644,"14,52"
645,"nb_glmm",TRUE,NA,"nbinom",5.18995236975057,NA,645,"15,52"
645,"tscount_tsglm",TRUE,NA,"nbinom",2.73426663454855,"Exploratory panel surrogate: tscount::tsglm is fit to the pooled subject-by-time training sequence. Subject-boundary lags are therefore not reset by tscount and this baseline should be interpreted cautiously.",645,"15,52"
646,"nb_glmm",TRUE,NA,"nbinom",5.17252387889128,NA,646,"16,52"
646,"tscount_tsglm",TRUE,NA,"nbinom",2.75541292662381,"Exploratory panel surrogate: tscount::tsglm is fit to the pooled subject-by-time training sequence. Subject-boundary lags are therefore not reset by tscount and this baseline should be interpreted cautiously.",646,"16,52"
647,"nb_glmm",TRUE,NA,"nbinom",5.26876032199414,NA,647,"17,52"
647,"tscount_tsglm",TRUE,NA,"nbinom",2.81831891413843,"Exploratory panel surrogate: tscount::tsglm is fit to the pooled subject-by-time training sequence. Subject-boundary lags are therefore not reset by tscount and this baseline should be interpreted cautiously.",647,"17,52"
648,"nb_glmm",TRUE,NA,"nbinom",5.05743051528364,NA,648,"18,52"
648,"tscount_tsglm",TRUE,NA,"nbinom",2.71680248419603,"Exploratory panel surrogate: tscount::tsglm is fit to the pooled subject-by-time training sequence. Subject-boundary lags are therefore not reset by tscount and this baseline should be interpreted cautiously.",648,"18,52"
649,"nb_glmm",TRUE,NA,"nbinom",5.1186491566196,NA,649,"19,52"
649,"tscount_tsglm",TRUE,NA,"nbinom",2.73331021163992,"Exploratory panel surrogate: tscount::tsglm is fit to the pooled subject-by-time training sequence. Subject-boundary lags are therefore not reset by tscount and this baseline should be interpreted cautiously.",649,"19,52"
650,"nb_glmm",TRUE,NA,"nbinom",5.16544166831832,NA,650,"20,52"
650,"tscount_tsglm",TRUE,NA,"nbinom",2.76957531173137,"Exploratory panel surrogate: tscount::tsglm is fit to the pooled subject-by-time training sequence. Subject-boundary lags are therefore not reset by tscount and this baseline should be interpreted cautiously.",650,"20,52"
651,"nb_glmm",TRUE,NA,"nbinom",5.04780089375532,NA,651,"21,52"
651,"tscount_tsglm",TRUE,NA,"nbinom",2.69117925608343,"Exploratory panel surrogate: tscount::tsglm is fit to the pooled subject-by-time training sequence. Subject-boundary lags are therefore not reset by tscount and this baseline should be interpreted cautiously.",651,"21,52"
652,"nb_glmm",TRUE,NA,"nbinom",4.9624504016038,NA,652,"22,52"
652,"tscount_tsglm",TRUE,NA,"nbinom",2.79656729265872,"Exploratory panel surrogate: tscount::tsglm is fit to the pooled subject-by-time training sequence. Subject-boundary lags are therefore not reset by tscount and this baseline should be interpreted cautiously.",652,"22,52"
653,"nb_glmm",TRUE,NA,"nbinom",5.17582949229038,NA,653,"23,52"
653,"tscount_tsglm",TRUE,NA,"nbinom",2.7517426741675,"Exploratory panel surrogate: tscount::tsglm is fit to the pooled subject-by-time training sequence. Subject-boundary lags are therefore not reset by tscount and this baseline should be interpreted cautiously.",653,"23,52"
654,"nb_glmm",TRUE,NA,"nbinom",5.32891406405884,NA,654,"24,52"
654,"tscount_tsglm",TRUE,NA,"nbinom",2.80656029599269,"Exploratory panel surrogate: tscount::tsglm is fit to the pooled subject-by-time training sequence. Subject-boundary lags are therefore not reset by tscount and this baseline should be interpreted cautiously.",654,"24,52"
655,"nb_glmm",TRUE,NA,"nbinom",5.13771069515721,NA,655,"25,52"
655,"tscount_tsglm",TRUE,NA,"nbinom",2.72915429619904,"Exploratory panel surrogate: tscount::tsglm is fit to the pooled subject-by-time training sequence. Subject-boundary lags are therefore not reset by tscount and this baseline should be interpreted cautiously.",655,"25,52"
656,"nb_glmm",TRUE,NA,"nbinom",5.3543118588827,NA,656,"26,52"
656,"tscount_tsglm",TRUE,NA,"nbinom",2.85323222815528,"Exploratory panel surrogate: tscount::tsglm is fit to the pooled subject-by-time training sequence. Subject-boundary lags are therefore not reset by tscount and this baseline should be interpreted cautiously.",656,"26,52"
657,"nb_glmm",TRUE,NA,"nbinom",5.18990045386813,NA,657,"27,52"
657,"tscount_tsglm",TRUE,NA,"nbinom",2.78179422579234,"Exploratory panel surrogate: tscount::tsglm is fit to the pooled subject-by-time training sequence. Subject-boundary lags are therefore not reset by tscount and this baseline should be interpreted cautiously.",657,"27,52"
658,"nb_glmm",TRUE,NA,"nbinom",5.16730907311403,NA,658,"28,52"
658,"tscount_tsglm",TRUE,NA,"nbinom",2.78629920244618,"Exploratory panel surrogate: tscount::tsglm is fit to the pooled subject-by-time training sequence. Subject-boundary lags are therefore not reset by tscount and this baseline should be interpreted cautiously.",658,"28,52"
659,"nb_glmm",TRUE,NA,"nbinom",5.10291681008974,NA,659,"29,52"
659,"tscount_tsglm",TRUE,NA,"nbinom",2.38883824576372,"Exploratory panel surrogate: tscount::tsglm is fit to the pooled subject-by-time training sequence. Subject-boundary lags are therefore not reset by tscount and this baseline should be interpreted cautiously.",659,"29,52"
660,"nb_glmm",TRUE,NA,"nbinom",5.01552968441342,NA,660,"30,52"
660,"tscount_tsglm",TRUE,NA,"nbinom",2.76142695832994,"Exploratory panel surrogate: tscount::tsglm is fit to the pooled subject-by-time training sequence. Subject-boundary lags are therefore not reset by tscount and this baseline should be interpreted cautiously.",660,"30,52"
661,"nb_glmm",TRUE,NA,"nbinom",5.18547658574593,NA,661,"1,53"
661,"tscount_tsglm",TRUE,NA,"nbinom",2.8012387118511,"Exploratory panel surrogate: tscount::tsglm is fit to the pooled subject-by-time training sequence. Subject-boundary lags are therefore not reset by tscount and this baseline should be interpreted cautiously.",661,"1,53"
662,"nb_glmm",TRUE,NA,"nbinom",5.20151386099317,NA,662,"2,53"
662,"tscount_tsglm",TRUE,NA,"nbinom",2.82049177577034,"Exploratory panel surrogate: tscount::tsglm is fit to the pooled subject-by-time training sequence. Subject-boundary lags are therefore not reset by tscount and this baseline should be interpreted cautiously.",662,"2,53"
663,"nb_glmm",TRUE,NA,"nbinom",5.29281057829809,NA,663,"3,53"
663,"tscount_tsglm",TRUE,NA,"nbinom",2.84218797755903,"Exploratory panel surrogate: tscount::tsglm is fit to the pooled subject-by-time training sequence. Subject-boundary lags are therefore not reset by tscount and this baseline should be interpreted cautiously.",663,"3,53"
664,"nb_glmm",TRUE,NA,"nbinom",5.27389325000159,NA,664,"4,53"
664,"tscount_tsglm",TRUE,NA,"nbinom",2.83637701833284,"Exploratory panel surrogate: tscount::tsglm is fit to the pooled subject-by-time training sequence. Subject-boundary lags are therefore not reset by tscount and this baseline should be interpreted cautiously.",664,"4,53"
665,"nb_glmm",TRUE,NA,"nbinom",5.16145155658086,NA,665,"5,53"
665,"tscount_tsglm",TRUE,NA,"nbinom",2.76084312464529,"Exploratory panel surrogate: tscount::tsglm is fit to the pooled subject-by-time training sequence. Subject-boundary lags are therefore not reset by tscount and this baseline should be interpreted cautiously.",665,"5,53"
666,"nb_glmm",TRUE,NA,"nbinom",5.09401886172918,NA,666,"6,53"
666,"tscount_tsglm",TRUE,NA,"nbinom",2.75989314667483,"Exploratory panel surrogate: tscount::tsglm is fit to the pooled subject-by-time training sequence. Subject-boundary lags are therefore not reset by tscount and this baseline should be interpreted cautiously.",666,"6,53"
667,"nb_glmm",TRUE,NA,"nbinom",5.1160158015196,NA,667,"7,53"
667,"tscount_tsglm",TRUE,NA,"nbinom",2.76260629152518,"Exploratory panel surrogate: tscount::tsglm is fit to the pooled subject-by-time training sequence. Subject-boundary lags are therefore not reset by tscount and this baseline should be interpreted cautiously.",667,"7,53"
668,"nb_glmm",TRUE,NA,"nbinom",5.26595643507992,NA,668,"8,53"
668,"tscount_tsglm",TRUE,NA,"nbinom",2.78274935402431,"Exploratory panel surrogate: tscount::tsglm is fit to the pooled subject-by-time training sequence. Subject-boundary lags are therefore not reset by tscount and this baseline should be interpreted cautiously.",668,"8,53"
669,"nb_glmm",TRUE,NA,"nbinom",5.15154545056111,NA,669,"9,53"
669,"tscount_tsglm",TRUE,NA,"nbinom",2.76573274409841,"Exploratory panel surrogate: tscount::tsglm is fit to the pooled subject-by-time training sequence. Subject-boundary lags are therefore not reset by tscount and this baseline should be interpreted cautiously.",669,"9,53"
670,"nb_glmm",TRUE,NA,"nbinom",5.40228715635618,NA,670,"10,53"
670,"tscount_tsglm",TRUE,NA,"nbinom",2.83378778644092,"Exploratory panel surrogate: tscount::tsglm is fit to the pooled subject-by-time training sequence. Subject-boundary lags are therefore not reset by tscount and this baseline should be interpreted cautiously.",670,"10,53"
671,"nb_glmm",TRUE,NA,"nbinom",5.1248285952056,NA,671,"11,53"
671,"tscount_tsglm",TRUE,NA,"nbinom",2.66779740329937,"Exploratory panel surrogate: tscount::tsglm is fit to the pooled subject-by-time training sequence. Subject-boundary lags are therefore not reset by tscount and this baseline should be interpreted cautiously.",671,"11,53"
672,"nb_glmm",TRUE,NA,"nbinom",5.42123577801345,NA,672,"12,53"
672,"tscount_tsglm",TRUE,NA,"nbinom",2.82230450472367,"Exploratory panel surrogate: tscount::tsglm is fit to the pooled subject-by-time training sequence. Subject-boundary lags are therefore not reset by tscount and this baseline should be interpreted cautiously.",672,"12,53"
673,"nb_glmm",TRUE,NA,"nbinom",5.13616719443093,NA,673,"13,53"
673,"tscount_tsglm",TRUE,NA,"nbinom",2.79150011112453,"Exploratory panel surrogate: tscount::tsglm is fit to the pooled subject-by-time training sequence. Subject-boundary lags are therefore not reset by tscount and this baseline should be interpreted cautiously.",673,"13,53"
674,"nb_glmm",TRUE,NA,"nbinom",5.18647892324316,NA,674,"14,53"
674,"tscount_tsglm",TRUE,NA,"nbinom",2.77536191476692,"Exploratory panel surrogate: tscount::tsglm is fit to the pooled subject-by-time training sequence. Subject-boundary lags are therefore not reset by tscount and this baseline should be interpreted cautiously.",674,"14,53"
675,"nb_glmm",TRUE,NA,"nbinom",5.25316443726791,NA,675,"15,53"
675,"tscount_tsglm",TRUE,NA,"nbinom",2.7820112589406,"Exploratory panel surrogate: tscount::tsglm is fit to the pooled subject-by-time training sequence. Subject-boundary lags are therefore not reset by tscount and this baseline should be interpreted cautiously.",675,"15,53"
676,"nb_glmm",TRUE,NA,"nbinom",5.24373077220759,NA,676,"16,53"
676,"tscount_tsglm",TRUE,NA,"nbinom",2.80638695947753,"Exploratory panel surrogate: tscount::tsglm is fit to the pooled subject-by-time training sequence. Subject-boundary lags are therefore not reset by tscount and this baseline should be interpreted cautiously.",676,"16,53"
677,"nb_glmm",TRUE,NA,"nbinom",5.33484287311347,NA,677,"17,53"
677,"tscount_tsglm",TRUE,NA,"nbinom",2.87756589290144,"Exploratory panel surrogate: tscount::tsglm is fit to the pooled subject-by-time training sequence. Subject-boundary lags are therefore not reset by tscount and this baseline should be interpreted cautiously.",677,"17,53"
678,"nb_glmm",TRUE,NA,"nbinom",5.1275667818917,NA,678,"18,53"
678,"tscount_tsglm",TRUE,NA,"nbinom",2.76206094511931,"Exploratory panel surrogate: tscount::tsglm is fit to the pooled subject-by-time training sequence. Subject-boundary lags are therefore not reset by tscount and this baseline should be interpreted cautiously.",678,"18,53"
679,"nb_glmm",TRUE,NA,"nbinom",5.19574229606611,NA,679,"19,53"
679,"tscount_tsglm",TRUE,NA,"nbinom",2.78184948963672,"Exploratory panel surrogate: tscount::tsglm is fit to the pooled subject-by-time training sequence. Subject-boundary lags are therefore not reset by tscount and this baseline should be interpreted cautiously.",679,"19,53"
680,"nb_glmm",TRUE,NA,"nbinom",5.23129778724259,NA,680,"20,53"
680,"tscount_tsglm",TRUE,NA,"nbinom",2.81709386451096,"Exploratory panel surrogate: tscount::tsglm is fit to the pooled subject-by-time training sequence. Subject-boundary lags are therefore not reset by tscount and this baseline should be interpreted cautiously.",680,"20,53"
681,"nb_glmm",TRUE,NA,"nbinom",5.11681040566663,NA,681,"21,53"
681,"tscount_tsglm",TRUE,NA,"nbinom",2.73729963131876,"Exploratory panel surrogate: tscount::tsglm is fit to the pooled subject-by-time training sequence. Subject-boundary lags are therefore not reset by tscount and this baseline should be interpreted cautiously.",681,"21,53"
682,"nb_glmm",TRUE,NA,"nbinom",5.04022259442319,NA,682,"22,53"
682,"tscount_tsglm",TRUE,NA,"nbinom",2.84664576519911,"Exploratory panel surrogate: tscount::tsglm is fit to the pooled subject-by-time training sequence. Subject-boundary lags are therefore not reset by tscount and this baseline should be interpreted cautiously.",682,"22,53"
683,"nb_glmm",TRUE,NA,"nbinom",5.24821789718997,NA,683,"23,53"
683,"tscount_tsglm",TRUE,NA,"nbinom",2.79699588168696,"Exploratory panel surrogate: tscount::tsglm is fit to the pooled subject-by-time training sequence. Subject-boundary lags are therefore not reset by tscount and this baseline should be interpreted cautiously.",683,"23,53"
684,"nb_glmm",TRUE,NA,"nbinom",5.40109199416119,NA,684,"24,53"
684,"tscount_tsglm",TRUE,NA,"nbinom",2.85647841681245,"Exploratory panel surrogate: tscount::tsglm is fit to the pooled subject-by-time training sequence. Subject-boundary lags are therefore not reset by tscount and this baseline should be interpreted cautiously.",684,"24,53"
685,"nb_glmm",TRUE,NA,"nbinom",5.2168248528971,NA,685,"25,53"
685,"tscount_tsglm",TRUE,NA,"nbinom",2.77665291824235,"Exploratory panel surrogate: tscount::tsglm is fit to the pooled subject-by-time training sequence. Subject-boundary lags are therefore not reset by tscount and this baseline should be interpreted cautiously.",685,"25,53"
686,"nb_glmm",TRUE,NA,"nbinom",5.41901759944476,NA,686,"26,53"
686,"tscount_tsglm",TRUE,NA,"nbinom",2.90119388916862,"Exploratory panel surrogate: tscount::tsglm is fit to the pooled subject-by-time training sequence. Subject-boundary lags are therefore not reset by tscount and this baseline should be interpreted cautiously.",686,"26,53"
687,"nb_glmm",TRUE,NA,"nbinom",5.26546604958557,NA,687,"27,53"
687,"tscount_tsglm",TRUE,NA,"nbinom",2.83400532432045,"Exploratory panel surrogate: tscount::tsglm is fit to the pooled subject-by-time training sequence. Subject-boundary lags are therefore not reset by tscount and this baseline should be interpreted cautiously.",687,"27,53"
688,"nb_glmm",TRUE,NA,"nbinom",5.23360338509697,NA,688,"28,53"
688,"tscount_tsglm",TRUE,NA,"nbinom",2.83613886593004,"Exploratory panel surrogate: tscount::tsglm is fit to the pooled subject-by-time training sequence. Subject-boundary lags are therefore not reset by tscount and this baseline should be interpreted cautiously.",688,"28,53"
689,"nb_glmm",TRUE,NA,"nbinom",5.17533009941976,NA,689,"29,53"
689,"tscount_tsglm",TRUE,NA,"nbinom",2.42677996403742,"Exploratory panel surrogate: tscount::tsglm is fit to the pooled subject-by-time training sequence. Subject-boundary lags are therefore not reset by tscount and this baseline should be interpreted cautiously.",689,"29,53"
690,"nb_glmm",TRUE,NA,"nbinom",5.08442285619968,NA,690,"30,53"
690,"tscount_tsglm",TRUE,NA,"nbinom",2.80572802456237,"Exploratory panel surrogate: tscount::tsglm is fit to the pooled subject-by-time training sequence. Subject-boundary lags are therefore not reset by tscount and this baseline should be interpreted cautiously.",690,"30,53"
691,"nb_glmm",TRUE,NA,"nbinom",5.01875779713124,NA,691,"1,54"
691,"tscount_tsglm",TRUE,NA,"nbinom",2.77449899370939,"Exploratory panel surrogate: tscount::tsglm is fit to the pooled subject-by-time training sequence. Subject-boundary lags are therefore not reset by tscount and this baseline should be interpreted cautiously.",691,"1,54"
692,"nb_glmm",TRUE,NA,"nbinom",5.0333317067847,NA,692,"2,54"
692,"tscount_tsglm",TRUE,NA,"nbinom",2.7953240015286,"Exploratory panel surrogate: tscount::tsglm is fit to the pooled subject-by-time training sequence. Subject-boundary lags are therefore not reset by tscount and this baseline should be interpreted cautiously.",692,"2,54"
693,"nb_glmm",TRUE,NA,"nbinom",5.12354654329466,NA,693,"3,54"
693,"tscount_tsglm",TRUE,NA,"nbinom",2.81573493297914,"Exploratory panel surrogate: tscount::tsglm is fit to the pooled subject-by-time training sequence. Subject-boundary lags are therefore not reset by tscount and this baseline should be interpreted cautiously.",693,"3,54"
694,"nb_glmm",TRUE,NA,"nbinom",5.09993151305799,NA,694,"4,54"
694,"tscount_tsglm",TRUE,NA,"nbinom",2.80744973227796,"Exploratory panel surrogate: tscount::tsglm is fit to the pooled subject-by-time training sequence. Subject-boundary lags are therefore not reset by tscount and this baseline should be interpreted cautiously.",694,"4,54"
695,"nb_glmm",TRUE,NA,"nbinom",4.99430611983933,NA,695,"5,54"
695,"tscount_tsglm",TRUE,NA,"nbinom",2.73496121685621,"Exploratory panel surrogate: tscount::tsglm is fit to the pooled subject-by-time training sequence. Subject-boundary lags are therefore not reset by tscount and this baseline should be interpreted cautiously.",695,"5,54"
696,"nb_glmm",TRUE,NA,"nbinom",4.92808107717657,NA,696,"6,54"
696,"tscount_tsglm",TRUE,NA,"nbinom",2.73402345064828,"Exploratory panel surrogate: tscount::tsglm is fit to the pooled subject-by-time training sequence. Subject-boundary lags are therefore not reset by tscount and this baseline should be interpreted cautiously.",696,"6,54"
697,"nb_glmm",TRUE,NA,"nbinom",4.95124453881023,NA,697,"7,54"
697,"tscount_tsglm",TRUE,NA,"nbinom",2.73684658123127,"Exploratory panel surrogate: tscount::tsglm is fit to the pooled subject-by-time training sequence. Subject-boundary lags are therefore not reset by tscount and this baseline should be interpreted cautiously.",697,"7,54"
698,"nb_glmm",TRUE,NA,"nbinom",5.09352448683685,NA,698,"8,54"
698,"tscount_tsglm",TRUE,NA,"nbinom",2.75591091336515,"Exploratory panel surrogate: tscount::tsglm is fit to the pooled subject-by-time training sequence. Subject-boundary lags are therefore not reset by tscount and this baseline should be interpreted cautiously.",698,"8,54"
699,"nb_glmm",TRUE,NA,"nbinom",4.9851260341539,NA,699,"9,54"
699,"tscount_tsglm",TRUE,NA,"nbinom",2.74239085608273,"Exploratory panel surrogate: tscount::tsglm is fit to the pooled subject-by-time training sequence. Subject-boundary lags are therefore not reset by tscount and this baseline should be interpreted cautiously.",699,"9,54"
700,"nb_glmm",TRUE,NA,"nbinom",5.22831736031367,NA,700,"10,54"
700,"tscount_tsglm",TRUE,NA,"nbinom",2.80647160223799,"Exploratory panel surrogate: tscount::tsglm is fit to the pooled subject-by-time training sequence. Subject-boundary lags are therefore not reset by tscount and this baseline should be interpreted cautiously.",700,"10,54"
701,"nb_glmm",TRUE,NA,"nbinom",4.96017260423953,NA,701,"11,54"
701,"tscount_tsglm",TRUE,NA,"nbinom",2.6410920289529,"Exploratory panel surrogate: tscount::tsglm is fit to the pooled subject-by-time training sequence. Subject-boundary lags are therefore not reset by tscount and this baseline should be interpreted cautiously.",701,"11,54"
702,"nb_glmm",TRUE,NA,"nbinom",5.23606477717237,NA,702,"12,54"
702,"tscount_tsglm",TRUE,NA,"nbinom",2.80148800087379,"Exploratory panel surrogate: tscount::tsglm is fit to the pooled subject-by-time training sequence. Subject-boundary lags are therefore not reset by tscount and this baseline should be interpreted cautiously.",702,"12,54"
703,"nb_glmm",TRUE,NA,"nbinom",4.9696392198132,NA,703,"13,54"
703,"tscount_tsglm",TRUE,NA,"nbinom",2.76478586707443,"Exploratory panel surrogate: tscount::tsglm is fit to the pooled subject-by-time training sequence. Subject-boundary lags are therefore not reset by tscount and this baseline should be interpreted cautiously.",703,"13,54"
704,"nb_glmm",TRUE,NA,"nbinom",5.01602874004545,NA,704,"14,54"
704,"tscount_tsglm",TRUE,NA,"nbinom",2.74924480786324,"Exploratory panel surrogate: tscount::tsglm is fit to the pooled subject-by-time training sequence. Subject-boundary lags are therefore not reset by tscount and this baseline should be interpreted cautiously.",704,"14,54"
705,"nb_glmm",TRUE,NA,"nbinom",5.08217767529414,NA,705,"15,54"
705,"tscount_tsglm",TRUE,NA,"nbinom",2.75557141495989,"Exploratory panel surrogate: tscount::tsglm is fit to the pooled subject-by-time training sequence. Subject-boundary lags are therefore not reset by tscount and this baseline should be interpreted cautiously.",705,"15,54"
706,"nb_glmm",TRUE,NA,"nbinom",5.07379559786911,NA,706,"16,54"
706,"tscount_tsglm",TRUE,NA,"nbinom",2.77898360932557,"Exploratory panel surrogate: tscount::tsglm is fit to the pooled subject-by-time training sequence. Subject-boundary lags are therefore not reset by tscount and this baseline should be interpreted cautiously.",706,"16,54"
707,"nb_glmm",TRUE,NA,"nbinom",5.16133565944138,NA,707,"17,54"
707,"tscount_tsglm",TRUE,NA,"nbinom",2.84407815313134,"Exploratory panel surrogate: tscount::tsglm is fit to the pooled subject-by-time training sequence. Subject-boundary lags are therefore not reset by tscount and this baseline should be interpreted cautiously.",707,"17,54"
708,"nb_glmm",TRUE,NA,"nbinom",4.96155178062222,NA,708,"18,54"
708,"tscount_tsglm",TRUE,NA,"nbinom",2.73625401265816,"Exploratory panel surrogate: tscount::tsglm is fit to the pooled subject-by-time training sequence. Subject-boundary lags are therefore not reset by tscount and this baseline should be interpreted cautiously.",708,"18,54"
709,"nb_glmm",TRUE,NA,"nbinom",5.02626933972241,NA,709,"19,54"
709,"tscount_tsglm",TRUE,NA,"nbinom",2.75642606530189,"Exploratory panel surrogate: tscount::tsglm is fit to the pooled subject-by-time training sequence. Subject-boundary lags are therefore not reset by tscount and this baseline should be interpreted cautiously.",709,"19,54"
710,"nb_glmm",TRUE,NA,"nbinom",5.06370139790264,NA,710,"20,54"
710,"tscount_tsglm",TRUE,NA,"nbinom",2.78993918871493,"Exploratory panel surrogate: tscount::tsglm is fit to the pooled subject-by-time training sequence. Subject-boundary lags are therefore not reset by tscount and this baseline should be interpreted cautiously.",710,"20,54"
711,"nb_glmm",TRUE,NA,"nbinom",4.95234250735769,NA,711,"21,54"
711,"tscount_tsglm",TRUE,NA,"nbinom",2.71144363430648,"Exploratory panel surrogate: tscount::tsglm is fit to the pooled subject-by-time training sequence. Subject-boundary lags are therefore not reset by tscount and this baseline should be interpreted cautiously.",711,"21,54"
712,"nb_glmm",TRUE,NA,"nbinom",4.87549977376872,NA,712,"22,54"
712,"tscount_tsglm",TRUE,NA,"nbinom",2.81775992309903,"Exploratory panel surrogate: tscount::tsglm is fit to the pooled subject-by-time training sequence. Subject-boundary lags are therefore not reset by tscount and this baseline should be interpreted cautiously.",712,"22,54"
713,"nb_glmm",TRUE,NA,"nbinom",5.07589253787545,NA,713,"23,54"
713,"tscount_tsglm",TRUE,NA,"nbinom",2.77374881307801,"Exploratory panel surrogate: tscount::tsglm is fit to the pooled subject-by-time training sequence. Subject-boundary lags are therefore not reset by tscount and this baseline should be interpreted cautiously.",713,"23,54"
714,"nb_glmm",TRUE,NA,"nbinom",5.22203287597855,NA,714,"24,54"
714,"tscount_tsglm",TRUE,NA,"nbinom",2.83070694191265,"Exploratory panel surrogate: tscount::tsglm is fit to the pooled subject-by-time training sequence. Subject-boundary lags are therefore not reset by tscount and this baseline should be interpreted cautiously.",714,"24,54"
715,"nb_glmm",TRUE,NA,"nbinom",5.04467675924701,NA,715,"25,54"
715,"tscount_tsglm",TRUE,NA,"nbinom",2.75076456940625,"Exploratory panel surrogate: tscount::tsglm is fit to the pooled subject-by-time training sequence. Subject-boundary lags are therefore not reset by tscount and this baseline should be interpreted cautiously.",715,"25,54"
716,"nb_glmm",TRUE,NA,"nbinom",5.23824101848239,NA,716,"26,54"
716,"tscount_tsglm",TRUE,NA,"nbinom",2.87466979553497,"Exploratory panel surrogate: tscount::tsglm is fit to the pooled subject-by-time training sequence. Subject-boundary lags are therefore not reset by tscount and this baseline should be interpreted cautiously.",716,"26,54"
717,"nb_glmm",TRUE,NA,"nbinom",5.09099585327141,NA,717,"27,54"
717,"tscount_tsglm",TRUE,NA,"nbinom",2.8042216710705,"Exploratory panel surrogate: tscount::tsglm is fit to the pooled subject-by-time training sequence. Subject-boundary lags are therefore not reset by tscount and this baseline should be interpreted cautiously.",717,"27,54"
718,"nb_glmm",TRUE,NA,"nbinom",5.06530304772582,NA,718,"28,54"
718,"tscount_tsglm",TRUE,NA,"nbinom",2.80898767692895,"Exploratory panel surrogate: tscount::tsglm is fit to the pooled subject-by-time training sequence. Subject-boundary lags are therefore not reset by tscount and this baseline should be interpreted cautiously.",718,"28,54"
719,"nb_glmm",TRUE,NA,"nbinom",5.0090181160249,NA,719,"29,54"
719,"tscount_tsglm",TRUE,NA,"nbinom",2.4046925035329,"Exploratory panel surrogate: tscount::tsglm is fit to the pooled subject-by-time training sequence. Subject-boundary lags are therefore not reset by tscount and this baseline should be interpreted cautiously.",719,"29,54"
720,"nb_glmm",TRUE,NA,"nbinom",4.92005708696892,NA,720,"30,54"
720,"tscount_tsglm",TRUE,NA,"nbinom",2.77937714111081,"Exploratory panel surrogate: tscount::tsglm is fit to the pooled subject-by-time training sequence. Subject-boundary lags are therefore not reset by tscount and this baseline should be interpreted cautiously.",720,"30,54"
721,"nb_glmm",TRUE,NA,"nbinom",5.2951749057247,NA,721,"1,55"
721,"tscount_tsglm",TRUE,NA,"nbinom",2.84329307018325,"Exploratory panel surrogate: tscount::tsglm is fit to the pooled subject-by-time training sequence. Subject-boundary lags are therefore not reset by tscount and this baseline should be interpreted cautiously.",721,"1,55"
722,"nb_glmm",TRUE,NA,"nbinom",5.31253237457337,NA,722,"2,55"
722,"tscount_tsglm",TRUE,NA,"nbinom",2.87216263842484,"Exploratory panel surrogate: tscount::tsglm is fit to the pooled subject-by-time training sequence. Subject-boundary lags are therefore not reset by tscount and this baseline should be interpreted cautiously.",722,"2,55"
723,"nb_glmm",TRUE,NA,"nbinom",5.41020279002877,NA,723,"3,55"
723,"tscount_tsglm",TRUE,NA,"nbinom",2.89275411254043,"Exploratory panel surrogate: tscount::tsglm is fit to the pooled subject-by-time training sequence. Subject-boundary lags are therefore not reset by tscount and this baseline should be interpreted cautiously.",723,"3,55"
724,"nb_glmm",TRUE,NA,"nbinom",5.38836058874562,NA,724,"4,55"
724,"tscount_tsglm",TRUE,NA,"nbinom",2.88060484390741,"Exploratory panel surrogate: tscount::tsglm is fit to the pooled subject-by-time training sequence. Subject-boundary lags are therefore not reset by tscount and this baseline should be interpreted cautiously.",724,"4,55"
725,"nb_glmm",TRUE,NA,"nbinom",5.26700065732589,NA,725,"5,55"
725,"tscount_tsglm",TRUE,NA,"nbinom",2.80411279032542,"Exploratory panel surrogate: tscount::tsglm is fit to the pooled subject-by-time training sequence. Subject-boundary lags are therefore not reset by tscount and this baseline should be interpreted cautiously.",725,"5,55"
726,"nb_glmm",TRUE,NA,"nbinom",5.19682452869483,NA,726,"6,55"
726,"tscount_tsglm",TRUE,NA,"nbinom",2.80369572897335,"Exploratory panel surrogate: tscount::tsglm is fit to the pooled subject-by-time training sequence. Subject-boundary lags are therefore not reset by tscount and this baseline should be interpreted cautiously.",726,"6,55"
727,"nb_glmm",TRUE,NA,"nbinom",5.22252626998197,NA,727,"7,55"
727,"tscount_tsglm",TRUE,NA,"nbinom",2.80768131870808,"Exploratory panel surrogate: tscount::tsglm is fit to the pooled subject-by-time training sequence. Subject-boundary lags are therefore not reset by tscount and this baseline should be interpreted cautiously.",727,"7,55"
728,"nb_glmm",TRUE,NA,"nbinom",5.38380329378981,NA,728,"8,55"
728,"tscount_tsglm",TRUE,NA,"nbinom",2.82607753764726,"Exploratory panel surrogate: tscount::tsglm is fit to the pooled subject-by-time training sequence. Subject-boundary lags are therefore not reset by tscount and this baseline should be interpreted cautiously.",728,"8,55"
729,"nb_glmm",TRUE,NA,"nbinom",5.25921302593414,NA,729,"9,55"
729,"tscount_tsglm",TRUE,NA,"nbinom",2.81276790871614,"Exploratory panel surrogate: tscount::tsglm is fit to the pooled subject-by-time training sequence. Subject-boundary lags are therefore not reset by tscount and this baseline should be interpreted cautiously.",729,"9,55"
730,"nb_glmm",TRUE,NA,"nbinom",5.52099825545889,NA,730,"10,55"
730,"tscount_tsglm",TRUE,NA,"nbinom",2.88141860562856,"Exploratory panel surrogate: tscount::tsglm is fit to the pooled subject-by-time training sequence. Subject-boundary lags are therefore not reset by tscount and this baseline should be interpreted cautiously.",730,"10,55"
731,"nb_glmm",TRUE,NA,"nbinom",5.23035536700676,NA,731,"11,55"
731,"tscount_tsglm",TRUE,NA,"nbinom",2.697475220906,"Exploratory panel surrogate: tscount::tsglm is fit to the pooled subject-by-time training sequence. Subject-boundary lags are therefore not reset by tscount and this baseline should be interpreted cautiously.",731,"11,55"
732,"nb_glmm",TRUE,NA,"nbinom",5.54804654838411,NA,732,"12,55"
732,"tscount_tsglm",TRUE,NA,"nbinom",2.88288096752144,"Exploratory panel surrogate: tscount::tsglm is fit to the pooled subject-by-time training sequence. Subject-boundary lags are therefore not reset by tscount and this baseline should be interpreted cautiously.",732,"12,55"
733,"nb_glmm",TRUE,NA,"nbinom",5.24072328625212,NA,733,"13,55"
733,"tscount_tsglm",TRUE,NA,"nbinom",2.83478760692608,"Exploratory panel surrogate: tscount::tsglm is fit to the pooled subject-by-time training sequence. Subject-boundary lags are therefore not reset by tscount and this baseline should be interpreted cautiously.",733,"13,55"
734,"nb_glmm",TRUE,NA,"nbinom",5.29057745651651,NA,734,"14,55"
734,"tscount_tsglm",TRUE,NA,"nbinom",2.81666168507919,"Exploratory panel surrogate: tscount::tsglm is fit to the pooled subject-by-time training sequence. Subject-boundary lags are therefore not reset by tscount and this baseline should be interpreted cautiously.",734,"14,55"
735,"nb_glmm",TRUE,NA,"nbinom",5.36821704748401,NA,735,"15,55"
735,"tscount_tsglm",TRUE,NA,"nbinom",2.82652270629874,"Exploratory panel surrogate: tscount::tsglm is fit to the pooled subject-by-time training sequence. Subject-boundary lags are therefore not reset by tscount and this baseline should be interpreted cautiously.",735,"15,55"
736,"nb_glmm",TRUE,NA,"nbinom",5.35279215264023,NA,736,"16,55"
736,"tscount_tsglm",TRUE,NA,"nbinom",2.85057346684261,"Exploratory panel surrogate: tscount::tsglm is fit to the pooled subject-by-time training sequence. Subject-boundary lags are therefore not reset by tscount and this baseline should be interpreted cautiously.",736,"16,55"
737,"nb_glmm",TRUE,NA,"nbinom",5.4479230300106,NA,737,"17,55"
737,"tscount_tsglm",TRUE,NA,"nbinom",2.91860035522393,"Exploratory panel surrogate: tscount::tsglm is fit to the pooled subject-by-time training sequence. Subject-boundary lags are therefore not reset by tscount and this baseline should be interpreted cautiously.",737,"17,55"
738,"nb_glmm",TRUE,NA,"nbinom",5.23559730149252,NA,738,"18,55"
738,"tscount_tsglm",TRUE,NA,"nbinom",2.80597359399403,"Exploratory panel surrogate: tscount::tsglm is fit to the pooled subject-by-time training sequence. Subject-boundary lags are therefore not reset by tscount and this baseline should be interpreted cautiously.",738,"18,55"
739,"nb_glmm",TRUE,NA,"nbinom",5.30970495382208,NA,739,"19,55"
739,"tscount_tsglm",TRUE,NA,"nbinom",2.83117090544269,"Exploratory panel surrogate: tscount::tsglm is fit to the pooled subject-by-time training sequence. Subject-boundary lags are therefore not reset by tscount and this baseline should be interpreted cautiously.",739,"19,55"
740,"nb_glmm",TRUE,NA,"nbinom",5.34160932408843,NA,740,"20,55"
740,"tscount_tsglm",TRUE,NA,"nbinom",2.85920272666881,"Exploratory panel surrogate: tscount::tsglm is fit to the pooled subject-by-time training sequence. Subject-boundary lags are therefore not reset by tscount and this baseline should be interpreted cautiously.",740,"20,55"
741,"nb_glmm",TRUE,NA,"nbinom",5.22388590342442,NA,741,"21,55"
741,"tscount_tsglm",TRUE,NA,"nbinom",2.77813908735035,"Exploratory panel surrogate: tscount::tsglm is fit to the pooled subject-by-time training sequence. Subject-boundary lags are therefore not reset by tscount and this baseline should be interpreted cautiously.",741,"21,55"
742,"nb_glmm",TRUE,NA,"nbinom",5.14556223332038,NA,742,"22,55"
742,"tscount_tsglm",TRUE,NA,"nbinom",2.88646997464852,"Exploratory panel surrogate: tscount::tsglm is fit to the pooled subject-by-time training sequence. Subject-boundary lags are therefore not reset by tscount and this baseline should be interpreted cautiously.",742,"22,55"
743,"nb_glmm",TRUE,NA,"nbinom",5.3611424713599,NA,743,"23,55"
743,"tscount_tsglm",TRUE,NA,"nbinom",2.84817075935848,"Exploratory panel surrogate: tscount::tsglm is fit to the pooled subject-by-time training sequence. Subject-boundary lags are therefore not reset by tscount and this baseline should be interpreted cautiously.",743,"23,55"
744,"nb_glmm",TRUE,NA,"nbinom",5.52096097947658,NA,744,"24,55"
744,"tscount_tsglm",TRUE,NA,"nbinom",2.90886538652186,"Exploratory panel surrogate: tscount::tsglm is fit to the pooled subject-by-time training sequence. Subject-boundary lags are therefore not reset by tscount and this baseline should be interpreted cautiously.",744,"24,55"
745,"nb_glmm",TRUE,NA,"nbinom",5.32248505343629,NA,745,"25,55"
745,"tscount_tsglm",TRUE,NA,"nbinom",2.81975579545613,"Exploratory panel surrogate: tscount::tsglm is fit to the pooled subject-by-time training sequence. Subject-boundary lags are therefore not reset by tscount and this baseline should be interpreted cautiously.",745,"25,55"
746,"nb_glmm",TRUE,NA,"nbinom",5.53250301533456,NA,746,"26,55"
746,"tscount_tsglm",TRUE,NA,"nbinom",2.94897249611793,"Exploratory panel surrogate: tscount::tsglm is fit to the pooled subject-by-time training sequence. Subject-boundary lags are therefore not reset by tscount and this baseline should be interpreted cautiously.",746,"26,55"
747,"nb_glmm",TRUE,NA,"nbinom",5.37961559344641,NA,747,"27,55"
747,"tscount_tsglm",TRUE,NA,"nbinom",2.88417701299246,"Exploratory panel surrogate: tscount::tsglm is fit to the pooled subject-by-time training sequence. Subject-boundary lags are therefore not reset by tscount and this baseline should be interpreted cautiously.",747,"27,55"
748,"nb_glmm",TRUE,NA,"nbinom",5.34342548700135,NA,748,"28,55"
748,"tscount_tsglm",TRUE,NA,"nbinom",2.88190559786898,"Exploratory panel surrogate: tscount::tsglm is fit to the pooled subject-by-time training sequence. Subject-boundary lags are therefore not reset by tscount and this baseline should be interpreted cautiously.",748,"28,55"
749,"nb_glmm",TRUE,NA,"nbinom",5.28665095541202,NA,749,"29,55"
749,"tscount_tsglm",TRUE,NA,"nbinom",2.44512029167148,"Exploratory panel surrogate: tscount::tsglm is fit to the pooled subject-by-time training sequence. Subject-boundary lags are therefore not reset by tscount and this baseline should be interpreted cautiously.",749,"29,55"
750,"nb_glmm",TRUE,NA,"nbinom",5.18373071746983,NA,750,"30,55"
750,"tscount_tsglm",TRUE,NA,"nbinom",2.83682276746808,"Exploratory panel surrogate: tscount::tsglm is fit to the pooled subject-by-time training sequence. Subject-boundary lags are therefore not reset by tscount and this baseline should be interpreted cautiously.",750,"30,55"
751,"nb_glmm",TRUE,NA,"nbinom",4.91131803916586,NA,751,"1,56"
751,"tscount_tsglm",TRUE,NA,"nbinom",2.68213176104945,"Exploratory panel surrogate: tscount::tsglm is fit to the pooled subject-by-time training sequence. Subject-boundary lags are therefore not reset by tscount and this baseline should be interpreted cautiously.",751,"1,56"
752,"nb_glmm",TRUE,NA,"nbinom",4.92682657631345,NA,752,"2,56"
752,"tscount_tsglm",TRUE,NA,"nbinom",2.7034885724149,"Exploratory panel surrogate: tscount::tsglm is fit to the pooled subject-by-time training sequence. Subject-boundary lags are therefore not reset by tscount and this baseline should be interpreted cautiously.",752,"2,56"
753,"nb_glmm",TRUE,NA,"nbinom",5.01200879623911,NA,753,"3,56"
753,"tscount_tsglm",TRUE,NA,"nbinom",2.72126297914,"Exploratory panel surrogate: tscount::tsglm is fit to the pooled subject-by-time training sequence. Subject-boundary lags are therefore not reset by tscount and this baseline should be interpreted cautiously.",753,"3,56"
754,"nb_glmm",TRUE,NA,"nbinom",4.99215173229724,NA,754,"4,56"
754,"tscount_tsglm",TRUE,NA,"nbinom",2.7131086447103,"Exploratory panel surrogate: tscount::tsglm is fit to the pooled subject-by-time training sequence. Subject-boundary lags are therefore not reset by tscount and this baseline should be interpreted cautiously.",754,"4,56"
755,"nb_glmm",TRUE,NA,"nbinom",4.88732767155552,NA,755,"5,56"
755,"tscount_tsglm",TRUE,NA,"nbinom",2.64398077233177,"Exploratory panel surrogate: tscount::tsglm is fit to the pooled subject-by-time training sequence. Subject-boundary lags are therefore not reset by tscount and this baseline should be interpreted cautiously.",755,"5,56"
756,"nb_glmm",TRUE,NA,"nbinom",4.82388133865187,NA,756,"6,56"
756,"tscount_tsglm",TRUE,NA,"nbinom",2.64360771700574,"Exploratory panel surrogate: tscount::tsglm is fit to the pooled subject-by-time training sequence. Subject-boundary lags are therefore not reset by tscount and this baseline should be interpreted cautiously.",756,"6,56"
757,"nb_glmm",TRUE,NA,"nbinom",4.84676932467028,NA,757,"7,56"
757,"tscount_tsglm",TRUE,NA,"nbinom",2.64602354322546,"Exploratory panel surrogate: tscount::tsglm is fit to the pooled subject-by-time training sequence. Subject-boundary lags are therefore not reset by tscount and this baseline should be interpreted cautiously.",757,"7,56"
758,"nb_glmm",TRUE,NA,"nbinom",4.98368588514925,NA,758,"8,56"
758,"tscount_tsglm",TRUE,NA,"nbinom",2.66334437182761,"Exploratory panel surrogate: tscount::tsglm is fit to the pooled subject-by-time training sequence. Subject-boundary lags are therefore not reset by tscount and this baseline should be interpreted cautiously.",758,"8,56"
759,"nb_glmm",TRUE,NA,"nbinom",4.87855528406004,NA,759,"9,56"
759,"tscount_tsglm",TRUE,NA,"nbinom",2.65103835342245,"Exploratory panel surrogate: tscount::tsglm is fit to the pooled subject-by-time training sequence. Subject-boundary lags are therefore not reset by tscount and this baseline should be interpreted cautiously.",759,"9,56"
760,"nb_glmm",TRUE,NA,"nbinom",5.11730045557507,NA,760,"10,56"
760,"tscount_tsglm",TRUE,NA,"nbinom",2.71274266718591,"Exploratory panel surrogate: tscount::tsglm is fit to the pooled subject-by-time training sequence. Subject-boundary lags are therefore not reset by tscount and this baseline should be interpreted cautiously.",760,"10,56"
761,"nb_glmm",TRUE,NA,"nbinom",4.85491553537653,NA,761,"11,56"
761,"tscount_tsglm",TRUE,NA,"nbinom",2.55563604236074,"Exploratory panel surrogate: tscount::tsglm is fit to the pooled subject-by-time training sequence. Subject-boundary lags are therefore not reset by tscount and this baseline should be interpreted cautiously.",761,"11,56"
762,"nb_glmm",TRUE,NA,"nbinom",5.12818809175542,NA,762,"12,56"
762,"tscount_tsglm",TRUE,NA,"nbinom",2.70579252166314,"Exploratory panel surrogate: tscount::tsglm is fit to the pooled subject-by-time training sequence. Subject-boundary lags are therefore not reset by tscount and this baseline should be interpreted cautiously.",762,"12,56"
763,"nb_glmm",TRUE,NA,"nbinom",4.86288522719298,NA,763,"13,56"
763,"tscount_tsglm",TRUE,NA,"nbinom",2.6721986764477,"Exploratory panel surrogate: tscount::tsglm is fit to the pooled subject-by-time training sequence. Subject-boundary lags are therefore not reset by tscount and this baseline should be interpreted cautiously.",763,"13,56"
764,"nb_glmm",TRUE,NA,"nbinom",4.90836243357723,NA,764,"14,56"
764,"tscount_tsglm",TRUE,NA,"nbinom",2.6572951730202,"Exploratory panel surrogate: tscount::tsglm is fit to the pooled subject-by-time training sequence. Subject-boundary lags are therefore not reset by tscount and this baseline should be interpreted cautiously.",764,"14,56"
765,"nb_glmm",TRUE,NA,"nbinom",4.97238539697697,NA,765,"15,56"
765,"tscount_tsglm",TRUE,NA,"nbinom",2.66374478007908,"Exploratory panel surrogate: tscount::tsglm is fit to the pooled subject-by-time training sequence. Subject-boundary lags are therefore not reset by tscount and this baseline should be interpreted cautiously.",765,"15,56"
766,"nb_glmm",TRUE,NA,"nbinom",4.96702677751732,NA,766,"16,56"
766,"tscount_tsglm",TRUE,NA,"nbinom",2.68654360709318,"Exploratory panel surrogate: tscount::tsglm is fit to the pooled subject-by-time training sequence. Subject-boundary lags are therefore not reset by tscount and this baseline should be interpreted cautiously.",766,"16,56"
767,"nb_glmm",TRUE,NA,"nbinom",5.05264848848717,NA,767,"17,56"
767,"tscount_tsglm",TRUE,NA,"nbinom",2.75373065209507,"Exploratory panel surrogate: tscount::tsglm is fit to the pooled subject-by-time training sequence. Subject-boundary lags are therefore not reset by tscount and this baseline should be interpreted cautiously.",767,"17,56"
768,"nb_glmm",TRUE,NA,"nbinom",4.85601958005197,NA,768,"18,56"
768,"tscount_tsglm",TRUE,NA,"nbinom",2.64515994434468,"Exploratory panel surrogate: tscount::tsglm is fit to the pooled subject-by-time training sequence. Subject-boundary lags are therefore not reset by tscount and this baseline should be interpreted cautiously.",768,"18,56"
769,"nb_glmm",TRUE,NA,"nbinom",4.91950134274987,NA,769,"19,56"
769,"tscount_tsglm",TRUE,NA,"nbinom",2.66355727112831,"Exploratory panel surrogate: tscount::tsglm is fit to the pooled subject-by-time training sequence. Subject-boundary lags are therefore not reset by tscount and this baseline should be interpreted cautiously.",769,"19,56"
770,"nb_glmm",TRUE,NA,"nbinom",4.95583134656973,NA,770,"20,56"
770,"tscount_tsglm",TRUE,NA,"nbinom",2.69645323107067,"Exploratory panel surrogate: tscount::tsglm is fit to the pooled subject-by-time training sequence. Subject-boundary lags are therefore not reset by tscount and this baseline should be interpreted cautiously.",770,"20,56"
771,"nb_glmm",TRUE,NA,"nbinom",4.84463334114368,NA,771,"21,56"
771,"tscount_tsglm",TRUE,NA,"nbinom",2.62231398691449,"Exploratory panel surrogate: tscount::tsglm is fit to the pooled subject-by-time training sequence. Subject-boundary lags are therefore not reset by tscount and this baseline should be interpreted cautiously.",771,"21,56"
772,"nb_glmm",TRUE,NA,"nbinom",4.77268118554873,NA,772,"22,56"
772,"tscount_tsglm",TRUE,NA,"nbinom",2.71976129342286,"Exploratory panel surrogate: tscount::tsglm is fit to the pooled subject-by-time training sequence. Subject-boundary lags are therefore not reset by tscount and this baseline should be interpreted cautiously.",772,"22,56"
773,"nb_glmm",TRUE,NA,"nbinom",4.97033393546381,NA,773,"23,56"
773,"tscount_tsglm",TRUE,NA,"nbinom",2.68285242214914,"Exploratory panel surrogate: tscount::tsglm is fit to the pooled subject-by-time training sequence. Subject-boundary lags are therefore not reset by tscount and this baseline should be interpreted cautiously.",773,"23,56"
774,"nb_glmm",TRUE,NA,"nbinom",5.11418525525955,NA,774,"24,56"
774,"tscount_tsglm",TRUE,NA,"nbinom",2.73875651498641,"Exploratory panel surrogate: tscount::tsglm is fit to the pooled subject-by-time training sequence. Subject-boundary lags are therefore not reset by tscount and this baseline should be interpreted cautiously.",774,"24,56"
775,"nb_glmm",TRUE,NA,"nbinom",4.93754460169749,NA,775,"25,56"
775,"tscount_tsglm",TRUE,NA,"nbinom",2.6592379650928,"Exploratory panel surrogate: tscount::tsglm is fit to the pooled subject-by-time training sequence. Subject-boundary lags are therefore not reset by tscount and this baseline should be interpreted cautiously.",775,"25,56"
776,"nb_glmm",TRUE,NA,"nbinom",5.12967435808543,NA,776,"26,56"
776,"tscount_tsglm",TRUE,NA,"nbinom",2.77605865024232,"Exploratory panel surrogate: tscount::tsglm is fit to the pooled subject-by-time training sequence. Subject-boundary lags are therefore not reset by tscount and this baseline should be interpreted cautiously.",776,"26,56"
777,"nb_glmm",TRUE,NA,"nbinom",4.98254608738708,NA,777,"27,56"
777,"tscount_tsglm",TRUE,NA,"nbinom",2.7157540306934,"Exploratory panel surrogate: tscount::tsglm is fit to the pooled subject-by-time training sequence. Subject-boundary lags are therefore not reset by tscount and this baseline should be interpreted cautiously.",777,"27,56"
778,"nb_glmm",TRUE,NA,"nbinom",4.95806945327785,NA,778,"28,56"
778,"tscount_tsglm",TRUE,NA,"nbinom",2.71402369539469,"Exploratory panel surrogate: tscount::tsglm is fit to the pooled subject-by-time training sequence. Subject-boundary lags are therefore not reset by tscount and this baseline should be interpreted cautiously.",778,"28,56"
779,"nb_glmm",TRUE,NA,"nbinom",4.90228373378786,NA,779,"29,56"
779,"tscount_tsglm",TRUE,NA,"nbinom",2.32733380789036,"Exploratory panel surrogate: tscount::tsglm is fit to the pooled subject-by-time training sequence. Subject-boundary lags are therefore not reset by tscount and this baseline should be interpreted cautiously.",779,"29,56"
780,"nb_glmm",TRUE,NA,"nbinom",4.81317945228048,NA,780,"30,56"
780,"tscount_tsglm",TRUE,NA,"nbinom",2.68303581664257,"Exploratory panel surrogate: tscount::tsglm is fit to the pooled subject-by-time training sequence. Subject-boundary lags are therefore not reset by tscount and this baseline should be interpreted cautiously.",780,"30,56"
781,"nb_glmm",TRUE,NA,"nbinom",5.09487456555091,NA,781,"1,57"
781,"tscount_tsglm",TRUE,NA,"nbinom",2.76911714044505,"Exploratory panel surrogate: tscount::tsglm is fit to the pooled subject-by-time training sequence. Subject-boundary lags are therefore not reset by tscount and this baseline should be interpreted cautiously.",781,"1,57"
782,"nb_glmm",TRUE,NA,"nbinom",5.10936634118544,NA,782,"2,57"
782,"tscount_tsglm",TRUE,NA,"nbinom",2.78865468930268,"Exploratory panel surrogate: tscount::tsglm is fit to the pooled subject-by-time training sequence. Subject-boundary lags are therefore not reset by tscount and this baseline should be interpreted cautiously.",782,"2,57"
783,"nb_glmm",TRUE,NA,"nbinom",5.2019786515985,NA,783,"3,57"
783,"tscount_tsglm",TRUE,NA,"nbinom",2.81160688912144,"Exploratory panel surrogate: tscount::tsglm is fit to the pooled subject-by-time training sequence. Subject-boundary lags are therefore not reset by tscount and this baseline should be interpreted cautiously.",783,"3,57"
784,"nb_glmm",TRUE,NA,"nbinom",5.17754231618541,NA,784,"4,57"
784,"tscount_tsglm",TRUE,NA,"nbinom",2.79532548435686,"Exploratory panel surrogate: tscount::tsglm is fit to the pooled subject-by-time training sequence. Subject-boundary lags are therefore not reset by tscount and this baseline should be interpreted cautiously.",784,"4,57"
785,"nb_glmm",TRUE,NA,"nbinom",5.0687492357733,NA,785,"5,57"
785,"tscount_tsglm",TRUE,NA,"nbinom",2.72935165531553,"Exploratory panel surrogate: tscount::tsglm is fit to the pooled subject-by-time training sequence. Subject-boundary lags are therefore not reset by tscount and this baseline should be interpreted cautiously.",785,"5,57"
786,"nb_glmm",TRUE,NA,"nbinom",5.00028821863664,NA,786,"6,57"
786,"tscount_tsglm",TRUE,NA,"nbinom",2.72797683952929,"Exploratory panel surrogate: tscount::tsglm is fit to the pooled subject-by-time training sequence. Subject-boundary lags are therefore not reset by tscount and this baseline should be interpreted cautiously.",786,"6,57"
787,"nb_glmm",TRUE,NA,"nbinom",5.0237765091455,NA,787,"7,57"
787,"tscount_tsglm",TRUE,NA,"nbinom",2.7281430273137,"Exploratory panel surrogate: tscount::tsglm is fit to the pooled subject-by-time training sequence. Subject-boundary lags are therefore not reset by tscount and this baseline should be interpreted cautiously.",787,"7,57"
788,"nb_glmm",TRUE,NA,"nbinom",5.17233383601545,NA,788,"8,57"
788,"tscount_tsglm",TRUE,NA,"nbinom",2.74799385061972,"Exploratory panel surrogate: tscount::tsglm is fit to the pooled subject-by-time training sequence. Subject-boundary lags are therefore not reset by tscount and this baseline should be interpreted cautiously.",788,"8,57"
789,"nb_glmm",TRUE,NA,"nbinom",5.06037127567221,NA,789,"9,57"
789,"tscount_tsglm",TRUE,NA,"nbinom",2.73748233195064,"Exploratory panel surrogate: tscount::tsglm is fit to the pooled subject-by-time training sequence. Subject-boundary lags are therefore not reset by tscount and this baseline should be interpreted cautiously.",789,"9,57"
790,"nb_glmm",TRUE,NA,"nbinom",5.3088229230758,NA,790,"10,57"
790,"tscount_tsglm",TRUE,NA,"nbinom",2.80068154434623,"Exploratory panel surrogate: tscount::tsglm is fit to the pooled subject-by-time training sequence. Subject-boundary lags are therefore not reset by tscount and this baseline should be interpreted cautiously.",790,"10,57"
791,"nb_glmm",TRUE,NA,"nbinom",5.03382269051918,NA,791,"11,57"
791,"tscount_tsglm",TRUE,NA,"nbinom",2.62844292746967,"Exploratory panel surrogate: tscount::tsglm is fit to the pooled subject-by-time training sequence. Subject-boundary lags are therefore not reset by tscount and this baseline should be interpreted cautiously.",791,"11,57"
792,"nb_glmm",TRUE,NA,"nbinom",5.31861359849872,NA,792,"12,57"
792,"tscount_tsglm",TRUE,NA,"nbinom",2.7949237030559,"Exploratory panel surrogate: tscount::tsglm is fit to the pooled subject-by-time training sequence. Subject-boundary lags are therefore not reset by tscount and this baseline should be interpreted cautiously.",792,"12,57"
793,"nb_glmm",TRUE,NA,"nbinom",5.04335166649938,NA,793,"13,57"
793,"tscount_tsglm",TRUE,NA,"nbinom",2.7595494428912,"Exploratory panel surrogate: tscount::tsglm is fit to the pooled subject-by-time training sequence. Subject-boundary lags are therefore not reset by tscount and this baseline should be interpreted cautiously.",793,"13,57"
794,"nb_glmm",TRUE,NA,"nbinom",5.09082445374709,NA,794,"14,57"
794,"tscount_tsglm",TRUE,NA,"nbinom",2.74056302290744,"Exploratory panel surrogate: tscount::tsglm is fit to the pooled subject-by-time training sequence. Subject-boundary lags are therefore not reset by tscount and this baseline should be interpreted cautiously.",794,"14,57"
795,"nb_glmm",TRUE,NA,"nbinom",5.15992817541833,NA,795,"15,57"
795,"tscount_tsglm",TRUE,NA,"nbinom",2.74939728449084,"Exploratory panel surrogate: tscount::tsglm is fit to the pooled subject-by-time training sequence. Subject-boundary lags are therefore not reset by tscount and this baseline should be interpreted cautiously.",795,"15,57"
796,"nb_glmm",TRUE,NA,"nbinom",5.15038780384496,NA,796,"16,57"
796,"tscount_tsglm",TRUE,NA,"nbinom",2.77389589857359,"Exploratory panel surrogate: tscount::tsglm is fit to the pooled subject-by-time training sequence. Subject-boundary lags are therefore not reset by tscount and this baseline should be interpreted cautiously.",796,"16,57"
797,"nb_glmm",TRUE,NA,"nbinom",5.23958755673279,NA,797,"17,57"
797,"tscount_tsglm",TRUE,NA,"nbinom",2.84513815709159,"Exploratory panel surrogate: tscount::tsglm is fit to the pooled subject-by-time training sequence. Subject-boundary lags are therefore not reset by tscount and this baseline should be interpreted cautiously.",797,"17,57"
798,"nb_glmm",TRUE,NA,"nbinom",5.03542615172941,NA,798,"18,57"
798,"tscount_tsglm",TRUE,NA,"nbinom",2.72562075626276,"Exploratory panel surrogate: tscount::tsglm is fit to the pooled subject-by-time training sequence. Subject-boundary lags are therefore not reset by tscount and this baseline should be interpreted cautiously.",798,"18,57"
799,"nb_glmm",TRUE,NA,"nbinom",5.10283734649952,NA,799,"19,57"
799,"tscount_tsglm",TRUE,NA,"nbinom",2.74616805818727,"Exploratory panel surrogate: tscount::tsglm is fit to the pooled subject-by-time training sequence. Subject-boundary lags are therefore not reset by tscount and this baseline should be interpreted cautiously.",799,"19,57"
800,"nb_glmm",TRUE,NA,"nbinom",5.14084000265405,NA,800,"20,57"
800,"tscount_tsglm",TRUE,NA,"nbinom",2.78458879926482,"Exploratory panel surrogate: tscount::tsglm is fit to the pooled subject-by-time training sequence. Subject-boundary lags are therefore not reset by tscount and this baseline should be interpreted cautiously.",800,"20,57"
801,"nb_glmm",TRUE,NA,"nbinom",5.02699404150773,NA,801,"21,57"
801,"tscount_tsglm",TRUE,NA,"nbinom",2.70596771939986,"Exploratory panel surrogate: tscount::tsglm is fit to the pooled subject-by-time training sequence. Subject-boundary lags are therefore not reset by tscount and this baseline should be interpreted cautiously.",801,"21,57"
802,"nb_glmm",TRUE,NA,"nbinom",4.94761498669906,NA,802,"22,57"
802,"tscount_tsglm",TRUE,NA,"nbinom",2.8061900161616,"Exploratory panel surrogate: tscount::tsglm is fit to the pooled subject-by-time training sequence. Subject-boundary lags are therefore not reset by tscount and this baseline should be interpreted cautiously.",802,"22,57"
803,"nb_glmm",TRUE,NA,"nbinom",5.15166679763807,NA,803,"23,57"
803,"tscount_tsglm",TRUE,NA,"nbinom",2.76825570258203,"Exploratory panel surrogate: tscount::tsglm is fit to the pooled subject-by-time training sequence. Subject-boundary lags are therefore not reset by tscount and this baseline should be interpreted cautiously.",803,"23,57"
804,"nb_glmm",TRUE,NA,"nbinom",5.30252725663548,NA,804,"24,57"
804,"tscount_tsglm",TRUE,NA,"nbinom",2.82588468057727,"Exploratory panel surrogate: tscount::tsglm is fit to the pooled subject-by-time training sequence. Subject-boundary lags are therefore not reset by tscount and this baseline should be interpreted cautiously.",804,"24,57"
805,"nb_glmm",TRUE,NA,"nbinom",5.12031578320376,NA,805,"25,57"
805,"tscount_tsglm",TRUE,NA,"nbinom",2.74306670939107,"Exploratory panel surrogate: tscount::tsglm is fit to the pooled subject-by-time training sequence. Subject-boundary lags are therefore not reset by tscount and this baseline should be interpreted cautiously.",805,"25,57"
806,"nb_glmm",TRUE,NA,"nbinom",5.3180351169255,NA,806,"26,57"
806,"tscount_tsglm",TRUE,NA,"nbinom",2.86906776168144,"Exploratory panel surrogate: tscount::tsglm is fit to the pooled subject-by-time training sequence. Subject-boundary lags are therefore not reset by tscount and this baseline should be interpreted cautiously.",806,"26,57"
807,"nb_glmm",TRUE,NA,"nbinom",5.16864034094066,NA,807,"27,57"
807,"tscount_tsglm",TRUE,NA,"nbinom",2.79992062671481,"Exploratory panel surrogate: tscount::tsglm is fit to the pooled subject-by-time training sequence. Subject-boundary lags are therefore not reset by tscount and this baseline should be interpreted cautiously.",807,"27,57"
808,"nb_glmm",TRUE,NA,"nbinom",5.14211166799351,NA,808,"28,57"
808,"tscount_tsglm",TRUE,NA,"nbinom",2.80409506861901,"Exploratory panel surrogate: tscount::tsglm is fit to the pooled subject-by-time training sequence. Subject-boundary lags are therefore not reset by tscount and this baseline should be interpreted cautiously.",808,"28,57"
809,"nb_glmm",TRUE,NA,"nbinom",5.0848521932038,NA,809,"29,57"
809,"tscount_tsglm",TRUE,NA,"nbinom",2.381561622899,"Exploratory panel surrogate: tscount::tsglm is fit to the pooled subject-by-time training sequence. Subject-boundary lags are therefore not reset by tscount and this baseline should be interpreted cautiously.",809,"29,57"
810,"nb_glmm",TRUE,NA,"nbinom",4.99254758700753,NA,810,"30,57"
810,"tscount_tsglm",TRUE,NA,"nbinom",2.77024138109803,"Exploratory panel surrogate: tscount::tsglm is fit to the pooled subject-by-time training sequence. Subject-boundary lags are therefore not reset by tscount and this baseline should be interpreted cautiously.",810,"30,57"
811,"nb_glmm",TRUE,NA,"nbinom",4.9722525150594,NA,811,"1,58"
811,"tscount_tsglm",TRUE,NA,"nbinom",2.68541154631712,"Exploratory panel surrogate: tscount::tsglm is fit to the pooled subject-by-time training sequence. Subject-boundary lags are therefore not reset by tscount and this baseline should be interpreted cautiously.",811,"1,58"
812,"nb_glmm",TRUE,NA,"nbinom",4.98719684131777,NA,812,"2,58"
812,"tscount_tsglm",TRUE,NA,"nbinom",2.70485519209205,"Exploratory panel surrogate: tscount::tsglm is fit to the pooled subject-by-time training sequence. Subject-boundary lags are therefore not reset by tscount and this baseline should be interpreted cautiously.",812,"2,58"
813,"nb_glmm",TRUE,NA,"nbinom",5.07741722693967,NA,813,"3,58"
813,"tscount_tsglm",TRUE,NA,"nbinom",2.7244654186821,"Exploratory panel surrogate: tscount::tsglm is fit to the pooled subject-by-time training sequence. Subject-boundary lags are therefore not reset by tscount and this baseline should be interpreted cautiously.",813,"3,58"
814,"nb_glmm",TRUE,NA,"nbinom",5.05332671762286,NA,814,"4,58"
814,"tscount_tsglm",TRUE,NA,"nbinom",2.71649925778516,"Exploratory panel surrogate: tscount::tsglm is fit to the pooled subject-by-time training sequence. Subject-boundary lags are therefore not reset by tscount and this baseline should be interpreted cautiously.",814,"4,58"
815,"nb_glmm",TRUE,NA,"nbinom",4.94829121381322,NA,815,"5,58"
815,"tscount_tsglm",TRUE,NA,"nbinom",2.64645123551046,"Exploratory panel surrogate: tscount::tsglm is fit to the pooled subject-by-time training sequence. Subject-boundary lags are therefore not reset by tscount and this baseline should be interpreted cautiously.",815,"5,58"
816,"nb_glmm",TRUE,NA,"nbinom",4.87906760182498,NA,816,"6,58"
816,"tscount_tsglm",TRUE,NA,"nbinom",2.64351301935072,"Exploratory panel surrogate: tscount::tsglm is fit to the pooled subject-by-time training sequence. Subject-boundary lags are therefore not reset by tscount and this baseline should be interpreted cautiously.",816,"6,58"
817,"nb_glmm",TRUE,NA,"nbinom",4.90478838147397,NA,817,"7,58"
817,"tscount_tsglm",TRUE,NA,"nbinom",2.64847659489326,"Exploratory panel surrogate: tscount::tsglm is fit to the pooled subject-by-time training sequence. Subject-boundary lags are therefore not reset by tscount and this baseline should be interpreted cautiously.",817,"7,58"
818,"nb_glmm",TRUE,NA,"nbinom",5.04634456774637,NA,818,"8,58"
818,"tscount_tsglm",TRUE,NA,"nbinom",2.66783152333128,"Exploratory panel surrogate: tscount::tsglm is fit to the pooled subject-by-time training sequence. Subject-boundary lags are therefore not reset by tscount and this baseline should be interpreted cautiously.",818,"8,58"
819,"nb_glmm",TRUE,NA,"nbinom",4.93990839581933,NA,819,"9,58"
819,"tscount_tsglm",TRUE,NA,"nbinom",2.65507388031502,"Exploratory panel surrogate: tscount::tsglm is fit to the pooled subject-by-time training sequence. Subject-boundary lags are therefore not reset by tscount and this baseline should be interpreted cautiously.",819,"9,58"
820,"nb_glmm",TRUE,NA,"nbinom",5.18285554965353,NA,820,"10,58"
820,"tscount_tsglm",TRUE,NA,"nbinom",2.7176498994009,"Exploratory panel surrogate: tscount::tsglm is fit to the pooled subject-by-time training sequence. Subject-boundary lags are therefore not reset by tscount and this baseline should be interpreted cautiously.",820,"10,58"
821,"nb_glmm",TRUE,NA,"nbinom",4.91240253557446,NA,821,"11,58"
821,"tscount_tsglm",TRUE,NA,"nbinom",2.55604182911805,"Exploratory panel surrogate: tscount::tsglm is fit to the pooled subject-by-time training sequence. Subject-boundary lags are therefore not reset by tscount and this baseline should be interpreted cautiously.",821,"11,58"
822,"nb_glmm",TRUE,NA,"nbinom",5.18947756340235,NA,822,"12,58"
822,"tscount_tsglm",TRUE,NA,"nbinom",2.70998363835538,"Exploratory panel surrogate: tscount::tsglm is fit to the pooled subject-by-time training sequence. Subject-boundary lags are therefore not reset by tscount and this baseline should be interpreted cautiously.",822,"12,58"
823,"nb_glmm",TRUE,NA,"nbinom",4.92337201578747,NA,823,"13,58"
823,"tscount_tsglm",TRUE,NA,"nbinom",2.67616092258708,"Exploratory panel surrogate: tscount::tsglm is fit to the pooled subject-by-time training sequence. Subject-boundary lags are therefore not reset by tscount and this baseline should be interpreted cautiously.",823,"13,58"
824,"nb_glmm",TRUE,NA,"nbinom",4.96724435099177,NA,824,"14,58"
824,"tscount_tsglm",TRUE,NA,"nbinom",2.66129160662008,"Exploratory panel surrogate: tscount::tsglm is fit to the pooled subject-by-time training sequence. Subject-boundary lags are therefore not reset by tscount and this baseline should be interpreted cautiously.",824,"14,58"
825,"nb_glmm",TRUE,NA,"nbinom",5.03919080457286,NA,825,"15,58"
825,"tscount_tsglm",TRUE,NA,"nbinom",2.6666123620556,"Exploratory panel surrogate: tscount::tsglm is fit to the pooled subject-by-time training sequence. Subject-boundary lags are therefore not reset by tscount and this baseline should be interpreted cautiously.",825,"15,58"
826,"nb_glmm",TRUE,NA,"nbinom",5.02675046439967,NA,826,"16,58"
826,"tscount_tsglm",TRUE,NA,"nbinom",2.68982638700331,"Exploratory panel surrogate: tscount::tsglm is fit to the pooled subject-by-time training sequence. Subject-boundary lags are therefore not reset by tscount and this baseline should be interpreted cautiously.",826,"16,58"
827,"nb_glmm",TRUE,NA,"nbinom",5.11640343961332,NA,827,"17,58"
827,"tscount_tsglm",TRUE,NA,"nbinom",2.7591542713826,"Exploratory panel surrogate: tscount::tsglm is fit to the pooled subject-by-time training sequence. Subject-boundary lags are therefore not reset by tscount and this baseline should be interpreted cautiously.",827,"17,58"
828,"nb_glmm",TRUE,NA,"nbinom",4.91646242617595,NA,828,"18,58"
828,"tscount_tsglm",TRUE,NA,"nbinom",2.64960441458288,"Exploratory panel surrogate: tscount::tsglm is fit to the pooled subject-by-time training sequence. Subject-boundary lags are therefore not reset by tscount and this baseline should be interpreted cautiously.",828,"18,58"
829,"nb_glmm",TRUE,NA,"nbinom",4.97840631165233,NA,829,"19,58"
829,"tscount_tsglm",TRUE,NA,"nbinom",2.66658928906017,"Exploratory panel surrogate: tscount::tsglm is fit to the pooled subject-by-time training sequence. Subject-boundary lags are therefore not reset by tscount and this baseline should be interpreted cautiously.",829,"19,58"
830,"nb_glmm",TRUE,NA,"nbinom",5.01797774857227,NA,830,"20,58"
830,"tscount_tsglm",TRUE,NA,"nbinom",2.70003063669675,"Exploratory panel surrogate: tscount::tsglm is fit to the pooled subject-by-time training sequence. Subject-boundary lags are therefore not reset by tscount and this baseline should be interpreted cautiously.",830,"20,58"
831,"nb_glmm",TRUE,NA,"nbinom",4.90643655468843,NA,831,"21,58"
831,"tscount_tsglm",TRUE,NA,"nbinom",2.62348623646248,"Exploratory panel surrogate: tscount::tsglm is fit to the pooled subject-by-time training sequence. Subject-boundary lags are therefore not reset by tscount and this baseline should be interpreted cautiously.",831,"21,58"
832,"nb_glmm",TRUE,NA,"nbinom",4.83034183600072,NA,832,"22,58"
832,"tscount_tsglm",TRUE,NA,"nbinom",2.72758067160782,"Exploratory panel surrogate: tscount::tsglm is fit to the pooled subject-by-time training sequence. Subject-boundary lags are therefore not reset by tscount and this baseline should be interpreted cautiously.",832,"22,58"
833,"nb_glmm",TRUE,NA,"nbinom",5.02662170112939,NA,833,"23,58"
833,"tscount_tsglm",TRUE,NA,"nbinom",2.68402346775414,"Exploratory panel surrogate: tscount::tsglm is fit to the pooled subject-by-time training sequence. Subject-boundary lags are therefore not reset by tscount and this baseline should be interpreted cautiously.",833,"23,58"
834,"nb_glmm",TRUE,NA,"nbinom",5.17162368990789,NA,834,"24,58"
834,"tscount_tsglm",TRUE,NA,"nbinom",2.73652875754099,"Exploratory panel surrogate: tscount::tsglm is fit to the pooled subject-by-time training sequence. Subject-boundary lags are therefore not reset by tscount and this baseline should be interpreted cautiously.",834,"24,58"
835,"nb_glmm",TRUE,NA,"nbinom",4.99386774379439,NA,835,"25,58"
835,"tscount_tsglm",TRUE,NA,"nbinom",2.66200782979155,"Exploratory panel surrogate: tscount::tsglm is fit to the pooled subject-by-time training sequence. Subject-boundary lags are therefore not reset by tscount and this baseline should be interpreted cautiously.",835,"25,58"
836,"nb_glmm",TRUE,NA,"nbinom",5.19354526848715,NA,836,"26,58"
836,"tscount_tsglm",TRUE,NA,"nbinom",2.78038219836408,"Exploratory panel surrogate: tscount::tsglm is fit to the pooled subject-by-time training sequence. Subject-boundary lags are therefore not reset by tscount and this baseline should be interpreted cautiously.",836,"26,58"
837,"nb_glmm",TRUE,NA,"nbinom",5.04157066621768,NA,837,"27,58"
837,"tscount_tsglm",TRUE,NA,"nbinom",2.71491858825102,"Exploratory panel surrogate: tscount::tsglm is fit to the pooled subject-by-time training sequence. Subject-boundary lags are therefore not reset by tscount and this baseline should be interpreted cautiously.",837,"27,58"
838,"nb_glmm",TRUE,NA,"nbinom",5.02139895298427,NA,838,"28,58"
838,"tscount_tsglm",TRUE,NA,"nbinom",2.71801961383812,"Exploratory panel surrogate: tscount::tsglm is fit to the pooled subject-by-time training sequence. Subject-boundary lags are therefore not reset by tscount and this baseline should be interpreted cautiously.",838,"28,58"
839,"nb_glmm",TRUE,NA,"nbinom",4.96202587445674,NA,839,"29,58"
839,"tscount_tsglm",TRUE,NA,"nbinom",2.32133213456747,"Exploratory panel surrogate: tscount::tsglm is fit to the pooled subject-by-time training sequence. Subject-boundary lags are therefore not reset by tscount and this baseline should be interpreted cautiously.",839,"29,58"
840,"nb_glmm",TRUE,NA,"nbinom",4.87467922237513,NA,840,"30,58"
840,"tscount_tsglm",TRUE,NA,"nbinom",2.68947831126946,"Exploratory panel surrogate: tscount::tsglm is fit to the pooled subject-by-time training sequence. Subject-boundary lags are therefore not reset by tscount and this baseline should be interpreted cautiously.",840,"30,58"
841,"nb_glmm",TRUE,NA,"nbinom",5.19858434348757,NA,841,"1,59"
841,"tscount_tsglm",TRUE,NA,"nbinom",2.72972815580549,"Exploratory panel surrogate: tscount::tsglm is fit to the pooled subject-by-time training sequence. Subject-boundary lags are therefore not reset by tscount and this baseline should be interpreted cautiously.",841,"1,59"
842,"nb_glmm",TRUE,NA,"nbinom",5.21445129936465,NA,842,"2,59"
842,"tscount_tsglm",TRUE,NA,"nbinom",2.75148516984261,"Exploratory panel surrogate: tscount::tsglm is fit to the pooled subject-by-time training sequence. Subject-boundary lags are therefore not reset by tscount and this baseline should be interpreted cautiously.",842,"2,59"
843,"nb_glmm",TRUE,NA,"nbinom",5.30985241005809,NA,843,"3,59"
843,"tscount_tsglm",TRUE,NA,"nbinom",2.77105776988794,"Exploratory panel surrogate: tscount::tsglm is fit to the pooled subject-by-time training sequence. Subject-boundary lags are therefore not reset by tscount and this baseline should be interpreted cautiously.",843,"3,59"
844,"nb_glmm",TRUE,NA,"nbinom",5.28397522840017,NA,844,"4,59"
844,"tscount_tsglm",TRUE,NA,"nbinom",2.76135906224397,"Exploratory panel surrogate: tscount::tsglm is fit to the pooled subject-by-time training sequence. Subject-boundary lags are therefore not reset by tscount and this baseline should be interpreted cautiously.",844,"4,59"
845,"nb_glmm",TRUE,NA,"nbinom",5.17225732909803,NA,845,"5,59"
845,"tscount_tsglm",TRUE,NA,"nbinom",2.69085422178378,"Exploratory panel surrogate: tscount::tsglm is fit to the pooled subject-by-time training sequence. Subject-boundary lags are therefore not reset by tscount and this baseline should be interpreted cautiously.",845,"5,59"
846,"nb_glmm",TRUE,NA,"nbinom",5.10352933781326,NA,846,"6,59"
846,"tscount_tsglm",TRUE,NA,"nbinom",2.69012691327925,"Exploratory panel surrogate: tscount::tsglm is fit to the pooled subject-by-time training sequence. Subject-boundary lags are therefore not reset by tscount and this baseline should be interpreted cautiously.",846,"6,59"
847,"nb_glmm",TRUE,NA,"nbinom",5.12990293852642,NA,847,"7,59"
847,"tscount_tsglm",TRUE,NA,"nbinom",2.69256331671496,"Exploratory panel surrogate: tscount::tsglm is fit to the pooled subject-by-time training sequence. Subject-boundary lags are therefore not reset by tscount and this baseline should be interpreted cautiously.",847,"7,59"
848,"nb_glmm",TRUE,NA,"nbinom",5.28243316423319,NA,848,"8,59"
848,"tscount_tsglm",TRUE,NA,"nbinom",2.70900088803045,"Exploratory panel surrogate: tscount::tsglm is fit to the pooled subject-by-time training sequence. Subject-boundary lags are therefore not reset by tscount and this baseline should be interpreted cautiously.",848,"8,59"
849,"nb_glmm",TRUE,NA,"nbinom",5.16321622069968,NA,849,"9,59"
849,"tscount_tsglm",TRUE,NA,"nbinom",2.69823588844956,"Exploratory panel surrogate: tscount::tsglm is fit to the pooled subject-by-time training sequence. Subject-boundary lags are therefore not reset by tscount and this baseline should be interpreted cautiously.",849,"9,59"
850,"nb_glmm",TRUE,NA,"nbinom",5.41973291236947,NA,850,"10,59"
850,"tscount_tsglm",TRUE,NA,"nbinom",2.76194273192695,"Exploratory panel surrogate: tscount::tsglm is fit to the pooled subject-by-time training sequence. Subject-boundary lags are therefore not reset by tscount and this baseline should be interpreted cautiously.",850,"10,59"
851,"nb_glmm",TRUE,NA,"nbinom",5.13859242605692,NA,851,"11,59"
851,"tscount_tsglm",TRUE,NA,"nbinom",2.59806996505936,"Exploratory panel surrogate: tscount::tsglm is fit to the pooled subject-by-time training sequence. Subject-boundary lags are therefore not reset by tscount and this baseline should be interpreted cautiously.",851,"11,59"
852,"nb_glmm",TRUE,NA,"nbinom",5.43874242010472,NA,852,"12,59"
852,"tscount_tsglm",TRUE,NA,"nbinom",2.75585569019261,"Exploratory panel surrogate: tscount::tsglm is fit to the pooled subject-by-time training sequence. Subject-boundary lags are therefore not reset by tscount and this baseline should be interpreted cautiously.",852,"12,59"
853,"nb_glmm",TRUE,NA,"nbinom",5.14478988343817,NA,853,"13,59"
853,"tscount_tsglm",TRUE,NA,"nbinom",2.71937523803881,"Exploratory panel surrogate: tscount::tsglm is fit to the pooled subject-by-time training sequence. Subject-boundary lags are therefore not reset by tscount and this baseline should be interpreted cautiously.",853,"13,59"
854,"nb_glmm",TRUE,NA,"nbinom",5.19326023989015,NA,854,"14,59"
854,"tscount_tsglm",TRUE,NA,"nbinom",2.70399242810025,"Exploratory panel surrogate: tscount::tsglm is fit to the pooled subject-by-time training sequence. Subject-boundary lags are therefore not reset by tscount and this baseline should be interpreted cautiously.",854,"14,59"
855,"nb_glmm",TRUE,NA,"nbinom",5.26498366577971,NA,855,"15,59"
855,"tscount_tsglm",TRUE,NA,"nbinom",2.71162311553405,"Exploratory panel surrogate: tscount::tsglm is fit to the pooled subject-by-time training sequence. Subject-boundary lags are therefore not reset by tscount and this baseline should be interpreted cautiously.",855,"15,59"
856,"nb_glmm",TRUE,NA,"nbinom",5.25768677725009,NA,856,"16,59"
856,"tscount_tsglm",TRUE,NA,"nbinom",2.73409030481302,"Exploratory panel surrogate: tscount::tsglm is fit to the pooled subject-by-time training sequence. Subject-boundary lags are therefore not reset by tscount and this baseline should be interpreted cautiously.",856,"16,59"
857,"nb_glmm",TRUE,NA,"nbinom",5.34713078794521,NA,857,"17,59"
857,"tscount_tsglm",TRUE,NA,"nbinom",2.80506300009712,"Exploratory panel surrogate: tscount::tsglm is fit to the pooled subject-by-time training sequence. Subject-boundary lags are therefore not reset by tscount and this baseline should be interpreted cautiously.",857,"17,59"
858,"nb_glmm",TRUE,NA,"nbinom",5.14123404838331,NA,858,"18,59"
858,"tscount_tsglm",TRUE,NA,"nbinom",2.69237142034842,"Exploratory panel surrogate: tscount::tsglm is fit to the pooled subject-by-time training sequence. Subject-boundary lags are therefore not reset by tscount and this baseline should be interpreted cautiously.",858,"18,59"
859,"nb_glmm",TRUE,NA,"nbinom",5.21311202475326,NA,859,"19,59"
859,"tscount_tsglm",TRUE,NA,"nbinom",2.71189597134019,"Exploratory panel surrogate: tscount::tsglm is fit to the pooled subject-by-time training sequence. Subject-boundary lags are therefore not reset by tscount and this baseline should be interpreted cautiously.",859,"19,59"
860,"nb_glmm",TRUE,NA,"nbinom",5.24579706758047,NA,860,"20,59"
860,"tscount_tsglm",TRUE,NA,"nbinom",2.7444147984267,"Exploratory panel surrogate: tscount::tsglm is fit to the pooled subject-by-time training sequence. Subject-boundary lags are therefore not reset by tscount and this baseline should be interpreted cautiously.",860,"20,59"
861,"nb_glmm",TRUE,NA,"nbinom",5.12809869641142,NA,861,"21,59"
861,"tscount_tsglm",TRUE,NA,"nbinom",2.66827019064796,"Exploratory panel surrogate: tscount::tsglm is fit to the pooled subject-by-time training sequence. Subject-boundary lags are therefore not reset by tscount and this baseline should be interpreted cautiously.",861,"21,59"
862,"nb_glmm",TRUE,NA,"nbinom",5.05276231845076,NA,862,"22,59"
862,"tscount_tsglm",TRUE,NA,"nbinom",2.77174968363948,"Exploratory panel surrogate: tscount::tsglm is fit to the pooled subject-by-time training sequence. Subject-boundary lags are therefore not reset by tscount and this baseline should be interpreted cautiously.",862,"22,59"
863,"nb_glmm",TRUE,NA,"nbinom",5.26480405913331,NA,863,"23,59"
863,"tscount_tsglm",TRUE,NA,"nbinom",2.73073122033916,"Exploratory panel surrogate: tscount::tsglm is fit to the pooled subject-by-time training sequence. Subject-boundary lags are therefore not reset by tscount and this baseline should be interpreted cautiously.",863,"23,59"
864,"nb_glmm",TRUE,NA,"nbinom",5.42175666851755,NA,864,"24,59"
864,"tscount_tsglm",TRUE,NA,"nbinom",2.78760542279064,"Exploratory panel surrogate: tscount::tsglm is fit to the pooled subject-by-time training sequence. Subject-boundary lags are therefore not reset by tscount and this baseline should be interpreted cautiously.",864,"24,59"
865,"nb_glmm",TRUE,NA,"nbinom",5.2275539661049,NA,865,"25,59"
865,"tscount_tsglm",TRUE,NA,"nbinom",2.70573461516669,"Exploratory panel surrogate: tscount::tsglm is fit to the pooled subject-by-time training sequence. Subject-boundary lags are therefore not reset by tscount and this baseline should be interpreted cautiously.",865,"25,59"
866,"nb_glmm",TRUE,NA,"nbinom",5.42922329726127,NA,866,"26,59"
866,"tscount_tsglm",TRUE,NA,"nbinom",2.82100475683138,"Exploratory panel surrogate: tscount::tsglm is fit to the pooled subject-by-time training sequence. Subject-boundary lags are therefore not reset by tscount and this baseline should be interpreted cautiously.",866,"26,59"
867,"nb_glmm",TRUE,NA,"nbinom",5.28141787852205,NA,867,"27,59"
867,"tscount_tsglm",TRUE,NA,"nbinom",2.7639272084155,"Exploratory panel surrogate: tscount::tsglm is fit to the pooled subject-by-time training sequence. Subject-boundary lags are therefore not reset by tscount and this baseline should be interpreted cautiously.",867,"27,59"
868,"nb_glmm",TRUE,NA,"nbinom",5.24819820732926,NA,868,"28,59"
868,"tscount_tsglm",TRUE,NA,"nbinom",2.76350506474536,"Exploratory panel surrogate: tscount::tsglm is fit to the pooled subject-by-time training sequence. Subject-boundary lags are therefore not reset by tscount and this baseline should be interpreted cautiously.",868,"28,59"
869,"nb_glmm",TRUE,NA,"nbinom",5.19499721934868,NA,869,"29,59"
869,"tscount_tsglm",TRUE,NA,"nbinom",2.36188783467721,"Exploratory panel surrogate: tscount::tsglm is fit to the pooled subject-by-time training sequence. Subject-boundary lags are therefore not reset by tscount and this baseline should be interpreted cautiously.",869,"29,59"
870,"nb_glmm",TRUE,NA,"nbinom",5.09142262366097,NA,870,"30,59"
870,"tscount_tsglm",TRUE,NA,"nbinom",2.73098675140484,"Exploratory panel surrogate: tscount::tsglm is fit to the pooled subject-by-time training sequence. Subject-boundary lags are therefore not reset by tscount and this baseline should be interpreted cautiously.",870,"30,59"
871,"nb_glmm",TRUE,NA,"nbinom",5.02697993552848,NA,871,"1,60"
871,"tscount_tsglm",TRUE,NA,"nbinom",2.7643094329463,"Exploratory panel surrogate: tscount::tsglm is fit to the pooled subject-by-time training sequence. Subject-boundary lags are therefore not reset by tscount and this baseline should be interpreted cautiously.",871,"1,60"
872,"nb_glmm",TRUE,NA,"nbinom",5.04180444483945,NA,872,"2,60"
872,"tscount_tsglm",TRUE,NA,"nbinom",2.78432817211822,"Exploratory panel surrogate: tscount::tsglm is fit to the pooled subject-by-time training sequence. Subject-boundary lags are therefore not reset by tscount and this baseline should be interpreted cautiously.",872,"2,60"
873,"nb_glmm",TRUE,NA,"nbinom",5.13179085190092,NA,873,"3,60"
873,"tscount_tsglm",TRUE,NA,"nbinom",2.80385508135942,"Exploratory panel surrogate: tscount::tsglm is fit to the pooled subject-by-time training sequence. Subject-boundary lags are therefore not reset by tscount and this baseline should be interpreted cautiously.",873,"3,60"
874,"nb_glmm",TRUE,NA,"nbinom",5.10954285396736,NA,874,"4,60"
874,"tscount_tsglm",TRUE,NA,"nbinom",2.79725092019144,"Exploratory panel surrogate: tscount::tsglm is fit to the pooled subject-by-time training sequence. Subject-boundary lags are therefore not reset by tscount and this baseline should be interpreted cautiously.",874,"4,60"
875,"nb_glmm",TRUE,NA,"nbinom",5.00457942624115,NA,875,"5,60"
875,"tscount_tsglm",TRUE,NA,"nbinom",2.72330052766175,"Exploratory panel surrogate: tscount::tsglm is fit to the pooled subject-by-time training sequence. Subject-boundary lags are therefore not reset by tscount and this baseline should be interpreted cautiously.",875,"5,60"
876,"nb_glmm",TRUE,NA,"nbinom",4.93768548410658,NA,876,"6,60"
876,"tscount_tsglm",TRUE,NA,"nbinom",2.72372676076286,"Exploratory panel surrogate: tscount::tsglm is fit to the pooled subject-by-time training sequence. Subject-boundary lags are therefore not reset by tscount and this baseline should be interpreted cautiously.",876,"6,60"
877,"nb_glmm",TRUE,NA,"nbinom",4.96158476061034,NA,877,"7,60"
877,"tscount_tsglm",TRUE,NA,"nbinom",2.72626685392515,"Exploratory panel surrogate: tscount::tsglm is fit to the pooled subject-by-time training sequence. Subject-boundary lags are therefore not reset by tscount and this baseline should be interpreted cautiously.",877,"7,60"
878,"nb_glmm",TRUE,NA,"nbinom",5.10384745531081,NA,878,"8,60"
878,"tscount_tsglm",TRUE,NA,"nbinom",2.74519948028324,"Exploratory panel surrogate: tscount::tsglm is fit to the pooled subject-by-time training sequence. Subject-boundary lags are therefore not reset by tscount and this baseline should be interpreted cautiously.",878,"8,60"
879,"nb_glmm",TRUE,NA,"nbinom",4.99562445142398,NA,879,"9,60"
879,"tscount_tsglm",TRUE,NA,"nbinom",2.73131270519324,"Exploratory panel surrogate: tscount::tsglm is fit to the pooled subject-by-time training sequence. Subject-boundary lags are therefore not reset by tscount and this baseline should be interpreted cautiously.",879,"9,60"
880,"nb_glmm",TRUE,NA,"nbinom",5.23803817686773,NA,880,"10,60"
880,"tscount_tsglm",TRUE,NA,"nbinom",2.7954824388722,"Exploratory panel surrogate: tscount::tsglm is fit to the pooled subject-by-time training sequence. Subject-boundary lags are therefore not reset by tscount and this baseline should be interpreted cautiously.",880,"10,60"
881,"nb_glmm",TRUE,NA,"nbinom",4.96921963628073,NA,881,"11,60"
881,"tscount_tsglm",TRUE,NA,"nbinom",2.63056678549628,"Exploratory panel surrogate: tscount::tsglm is fit to the pooled subject-by-time training sequence. Subject-boundary lags are therefore not reset by tscount and this baseline should be interpreted cautiously.",881,"11,60"
882,"nb_glmm",TRUE,NA,"nbinom",5.24903850342846,NA,882,"12,60"
882,"tscount_tsglm",TRUE,NA,"nbinom",2.79088125450288,"Exploratory panel surrogate: tscount::tsglm is fit to the pooled subject-by-time training sequence. Subject-boundary lags are therefore not reset by tscount and this baseline should be interpreted cautiously.",882,"12,60"
883,"nb_glmm",TRUE,NA,"nbinom",4.97998197612912,NA,883,"13,60"
883,"tscount_tsglm",TRUE,NA,"nbinom",2.75371866584354,"Exploratory panel surrogate: tscount::tsglm is fit to the pooled subject-by-time training sequence. Subject-boundary lags are therefore not reset by tscount and this baseline should be interpreted cautiously.",883,"13,60"
884,"nb_glmm",TRUE,NA,"nbinom",5.02750486559658,NA,884,"14,60"
884,"tscount_tsglm",TRUE,NA,"nbinom",2.73751975650028,"Exploratory panel surrogate: tscount::tsglm is fit to the pooled subject-by-time training sequence. Subject-boundary lags are therefore not reset by tscount and this baseline should be interpreted cautiously.",884,"14,60"
885,"nb_glmm",TRUE,NA,"nbinom",5.09261757847932,NA,885,"15,60"
885,"tscount_tsglm",TRUE,NA,"nbinom",2.74523883829134,"Exploratory panel surrogate: tscount::tsglm is fit to the pooled subject-by-time training sequence. Subject-boundary lags are therefore not reset by tscount and this baseline should be interpreted cautiously.",885,"15,60"
886,"nb_glmm",TRUE,NA,"nbinom",5.08298437904262,NA,886,"16,60"
886,"tscount_tsglm",TRUE,NA,"nbinom",2.76957284935421,"Exploratory panel surrogate: tscount::tsglm is fit to the pooled subject-by-time training sequence. Subject-boundary lags are therefore not reset by tscount and this baseline should be interpreted cautiously.",886,"16,60"
887,"nb_glmm",TRUE,NA,"nbinom",5.17188688035006,NA,887,"17,60"
887,"tscount_tsglm",TRUE,NA,"nbinom",2.83681977539356,"Exploratory panel surrogate: tscount::tsglm is fit to the pooled subject-by-time training sequence. Subject-boundary lags are therefore not reset by tscount and this baseline should be interpreted cautiously.",887,"17,60"
888,"nb_glmm",TRUE,NA,"nbinom",4.97103721713489,NA,888,"18,60"
888,"tscount_tsglm",TRUE,NA,"nbinom",2.7252452049266,"Exploratory panel surrogate: tscount::tsglm is fit to the pooled subject-by-time training sequence. Subject-boundary lags are therefore not reset by tscount and this baseline should be interpreted cautiously.",888,"18,60"
889,"nb_glmm",TRUE,NA,"nbinom",5.03615088144806,NA,889,"19,60"
889,"tscount_tsglm",TRUE,NA,"nbinom",2.7454242472471,"Exploratory panel surrogate: tscount::tsglm is fit to the pooled subject-by-time training sequence. Subject-boundary lags are therefore not reset by tscount and this baseline should be interpreted cautiously.",889,"19,60"
890,"nb_glmm",TRUE,NA,"nbinom",5.07264318217852,NA,890,"20,60"
890,"tscount_tsglm",TRUE,NA,"nbinom",2.77988345335605,"Exploratory panel surrogate: tscount::tsglm is fit to the pooled subject-by-time training sequence. Subject-boundary lags are therefore not reset by tscount and this baseline should be interpreted cautiously.",890,"20,60"
891,"nb_glmm",TRUE,NA,"nbinom",4.96193335909487,NA,891,"21,60"
891,"tscount_tsglm",TRUE,NA,"nbinom",2.70081881576528,"Exploratory panel surrogate: tscount::tsglm is fit to the pooled subject-by-time training sequence. Subject-boundary lags are therefore not reset by tscount and this baseline should be interpreted cautiously.",891,"21,60"
892,"nb_glmm",TRUE,NA,"nbinom",4.88588143190046,NA,892,"22,60"
892,"tscount_tsglm",TRUE,NA,"nbinom",2.80774714844441,"Exploratory panel surrogate: tscount::tsglm is fit to the pooled subject-by-time training sequence. Subject-boundary lags are therefore not reset by tscount and this baseline should be interpreted cautiously.",892,"22,60"
893,"nb_glmm",TRUE,NA,"nbinom",5.0848738766318,NA,893,"23,60"
893,"tscount_tsglm",TRUE,NA,"nbinom",2.76375651156436,"Exploratory panel surrogate: tscount::tsglm is fit to the pooled subject-by-time training sequence. Subject-boundary lags are therefore not reset by tscount and this baseline should be interpreted cautiously.",893,"23,60"
894,"nb_glmm",TRUE,NA,"nbinom",5.23160306748668,NA,894,"24,60"
894,"tscount_tsglm",TRUE,NA,"nbinom",2.82068645990534,"Exploratory panel surrogate: tscount::tsglm is fit to the pooled subject-by-time training sequence. Subject-boundary lags are therefore not reset by tscount and this baseline should be interpreted cautiously.",894,"24,60"
895,"nb_glmm",TRUE,NA,"nbinom",5.05502430504551,NA,895,"25,60"
895,"tscount_tsglm",TRUE,NA,"nbinom",2.73657658855706,"Exploratory panel surrogate: tscount::tsglm is fit to the pooled subject-by-time training sequence. Subject-boundary lags are therefore not reset by tscount and this baseline should be interpreted cautiously.",895,"25,60"
896,"nb_glmm",TRUE,NA,"nbinom",5.25025744569859,NA,896,"26,60"
896,"tscount_tsglm",TRUE,NA,"nbinom",2.86403452781856,"Exploratory panel surrogate: tscount::tsglm is fit to the pooled subject-by-time training sequence. Subject-boundary lags are therefore not reset by tscount and this baseline should be interpreted cautiously.",896,"26,60"
897,"nb_glmm",TRUE,NA,"nbinom",5.10103689085182,NA,897,"27,60"
897,"tscount_tsglm",TRUE,NA,"nbinom",2.79698919191747,"Exploratory panel surrogate: tscount::tsglm is fit to the pooled subject-by-time training sequence. Subject-boundary lags are therefore not reset by tscount and this baseline should be interpreted cautiously.",897,"27,60"
898,"nb_glmm",TRUE,NA,"nbinom",5.07523790687855,NA,898,"28,60"
898,"tscount_tsglm",TRUE,NA,"nbinom",2.79120002932888,"Exploratory panel surrogate: tscount::tsglm is fit to the pooled subject-by-time training sequence. Subject-boundary lags are therefore not reset by tscount and this baseline should be interpreted cautiously.",898,"28,60"
899,"nb_glmm",TRUE,NA,"nbinom",5.01887603830627,NA,899,"29,60"
899,"tscount_tsglm",TRUE,NA,"nbinom",2.3894294207384,"Exploratory panel surrogate: tscount::tsglm is fit to the pooled subject-by-time training sequence. Subject-boundary lags are therefore not reset by tscount and this baseline should be interpreted cautiously.",899,"29,60"
900,"nb_glmm",TRUE,NA,"nbinom",4.93139097756573,NA,900,"30,60"
900,"tscount_tsglm",TRUE,NA,"nbinom",2.76817991329918,"Exploratory panel surrogate: tscount::tsglm is fit to the pooled subject-by-time training sequence. Subject-boundary lags are therefore not reset by tscount and this baseline should be interpreted cautiously.",900,"30,60"
901,"nb_glmm",TRUE,NA,"nbinom",5.08215139270135,NA,901,"1,61"
901,"tscount_tsglm",TRUE,NA,"nbinom",2.76604158800836,"Exploratory panel surrogate: tscount::tsglm is fit to the pooled subject-by-time training sequence. Subject-boundary lags are therefore not reset by tscount and this baseline should be interpreted cautiously.",901,"1,61"
902,"nb_glmm",TRUE,NA,"nbinom",5.0967428135722,NA,902,"2,61"
902,"tscount_tsglm",TRUE,NA,"nbinom",2.78733585397984,"Exploratory panel surrogate: tscount::tsglm is fit to the pooled subject-by-time training sequence. Subject-boundary lags are therefore not reset by tscount and this baseline should be interpreted cautiously.",902,"2,61"
903,"nb_glmm",TRUE,NA,"nbinom",5.1883286565521,NA,903,"3,61"
903,"tscount_tsglm",TRUE,NA,"nbinom",2.80732172475115,"Exploratory panel surrogate: tscount::tsglm is fit to the pooled subject-by-time training sequence. Subject-boundary lags are therefore not reset by tscount and this baseline should be interpreted cautiously.",903,"3,61"
904,"nb_glmm",TRUE,NA,"nbinom",5.16432777043842,NA,904,"4,61"
904,"tscount_tsglm",TRUE,NA,"nbinom",2.79868695373207,"Exploratory panel surrogate: tscount::tsglm is fit to the pooled subject-by-time training sequence. Subject-boundary lags are therefore not reset by tscount and this baseline should be interpreted cautiously.",904,"4,61"
905,"nb_glmm",TRUE,NA,"nbinom",5.05702269760304,NA,905,"5,61"
905,"tscount_tsglm",TRUE,NA,"nbinom",2.72691906969813,"Exploratory panel surrogate: tscount::tsglm is fit to the pooled subject-by-time training sequence. Subject-boundary lags are therefore not reset by tscount and this baseline should be interpreted cautiously.",905,"5,61"
906,"nb_glmm",TRUE,NA,"nbinom",4.98980999744405,NA,906,"6,61"
906,"tscount_tsglm",TRUE,NA,"nbinom",2.72584561700823,"Exploratory panel surrogate: tscount::tsglm is fit to the pooled subject-by-time training sequence. Subject-boundary lags are therefore not reset by tscount and this baseline should be interpreted cautiously.",906,"6,61"
907,"nb_glmm",TRUE,NA,"nbinom",5.01422795640161,NA,907,"7,61"
907,"tscount_tsglm",TRUE,NA,"nbinom",2.72850726761129,"Exploratory panel surrogate: tscount::tsglm is fit to the pooled subject-by-time training sequence. Subject-boundary lags are therefore not reset by tscount and this baseline should be interpreted cautiously.",907,"7,61"
908,"nb_glmm",TRUE,NA,"nbinom",5.15694382196344,NA,908,"8,61"
908,"tscount_tsglm",TRUE,NA,"nbinom",2.74735196638309,"Exploratory panel surrogate: tscount::tsglm is fit to the pooled subject-by-time training sequence. Subject-boundary lags are therefore not reset by tscount and this baseline should be interpreted cautiously.",908,"8,61"
909,"nb_glmm",TRUE,NA,"nbinom",5.0488459711275,NA,909,"9,61"
909,"tscount_tsglm",TRUE,NA,"nbinom",2.7342097481858,"Exploratory panel surrogate: tscount::tsglm is fit to the pooled subject-by-time training sequence. Subject-boundary lags are therefore not reset by tscount and this baseline should be interpreted cautiously.",909,"9,61"
910,"nb_glmm",TRUE,NA,"nbinom",5.29226289438776,NA,910,"10,61"
910,"tscount_tsglm",TRUE,NA,"nbinom",2.79825078225805,"Exploratory panel surrogate: tscount::tsglm is fit to the pooled subject-by-time training sequence. Subject-boundary lags are therefore not reset by tscount and this baseline should be interpreted cautiously.",910,"10,61"
911,"nb_glmm",TRUE,NA,"nbinom",5.02253010673716,NA,911,"11,61"
911,"tscount_tsglm",TRUE,NA,"nbinom",2.63350838143797,"Exploratory panel surrogate: tscount::tsglm is fit to the pooled subject-by-time training sequence. Subject-boundary lags are therefore not reset by tscount and this baseline should be interpreted cautiously.",911,"11,61"
912,"nb_glmm",TRUE,NA,"nbinom",5.30634333125385,NA,912,"12,61"
912,"tscount_tsglm",TRUE,NA,"nbinom",2.7931021646503,"Exploratory panel surrogate: tscount::tsglm is fit to the pooled subject-by-time training sequence. Subject-boundary lags are therefore not reset by tscount and this baseline should be interpreted cautiously.",912,"12,61"
913,"nb_glmm",TRUE,NA,"nbinom",5.0333834304281,NA,913,"13,61"
913,"tscount_tsglm",TRUE,NA,"nbinom",2.75521029302574,"Exploratory panel surrogate: tscount::tsglm is fit to the pooled subject-by-time training sequence. Subject-boundary lags are therefore not reset by tscount and this baseline should be interpreted cautiously.",913,"13,61"
914,"nb_glmm",TRUE,NA,"nbinom",5.08135214657854,NA,914,"14,61"
914,"tscount_tsglm",TRUE,NA,"nbinom",2.74094870669693,"Exploratory panel surrogate: tscount::tsglm is fit to the pooled subject-by-time training sequence. Subject-boundary lags are therefore not reset by tscount and this baseline should be interpreted cautiously.",914,"14,61"
915,"nb_glmm",TRUE,NA,"nbinom",5.14945246515962,NA,915,"15,61"
915,"tscount_tsglm",TRUE,NA,"nbinom",2.74272275791658,"Exploratory panel surrogate: tscount::tsglm is fit to the pooled subject-by-time training sequence. Subject-boundary lags are therefore not reset by tscount and this baseline should be interpreted cautiously.",915,"15,61"
916,"nb_glmm",TRUE,NA,"nbinom",5.13579316506452,NA,916,"16,61"
916,"tscount_tsglm",TRUE,NA,"nbinom",2.77106950480283,"Exploratory panel surrogate: tscount::tsglm is fit to the pooled subject-by-time training sequence. Subject-boundary lags are therefore not reset by tscount and this baseline should be interpreted cautiously.",916,"16,61"
917,"nb_glmm",TRUE,NA,"nbinom",5.22671516699579,NA,917,"17,61"
917,"tscount_tsglm",TRUE,NA,"nbinom",2.84019199213186,"Exploratory panel surrogate: tscount::tsglm is fit to the pooled subject-by-time training sequence. Subject-boundary lags are therefore not reset by tscount and this baseline should be interpreted cautiously.",917,"17,61"
918,"nb_glmm",TRUE,NA,"nbinom",5.02453479962326,NA,918,"18,61"
918,"tscount_tsglm",TRUE,NA,"nbinom",2.72781050692132,"Exploratory panel surrogate: tscount::tsglm is fit to the pooled subject-by-time training sequence. Subject-boundary lags are therefore not reset by tscount and this baseline should be interpreted cautiously.",918,"18,61"
919,"nb_glmm",TRUE,NA,"nbinom",5.09014850308515,NA,919,"19,61"
919,"tscount_tsglm",TRUE,NA,"nbinom",2.74767801871555,"Exploratory panel surrogate: tscount::tsglm is fit to the pooled subject-by-time training sequence. Subject-boundary lags are therefore not reset by tscount and this baseline should be interpreted cautiously.",919,"19,61"
920,"nb_glmm",TRUE,NA,"nbinom",5.12751475005291,NA,920,"20,61"
920,"tscount_tsglm",TRUE,NA,"nbinom",2.78146137008631,"Exploratory panel surrogate: tscount::tsglm is fit to the pooled subject-by-time training sequence. Subject-boundary lags are therefore not reset by tscount and this baseline should be interpreted cautiously.",920,"20,61"
921,"nb_glmm",TRUE,NA,"nbinom",5.01631633518392,NA,921,"21,61"
921,"tscount_tsglm",TRUE,NA,"nbinom",2.70334616112698,"Exploratory panel surrogate: tscount::tsglm is fit to the pooled subject-by-time training sequence. Subject-boundary lags are therefore not reset by tscount and this baseline should be interpreted cautiously.",921,"21,61"
922,"nb_glmm",TRUE,NA,"nbinom",4.93715160799781,NA,922,"22,61"
922,"tscount_tsglm",TRUE,NA,"nbinom",2.80724435626906,"Exploratory panel surrogate: tscount::tsglm is fit to the pooled subject-by-time training sequence. Subject-boundary lags are therefore not reset by tscount and this baseline should be interpreted cautiously.",922,"22,61"
923,"nb_glmm",TRUE,NA,"nbinom",5.13935784454281,NA,923,"23,61"
923,"tscount_tsglm",TRUE,NA,"nbinom",2.76531818451396,"Exploratory panel surrogate: tscount::tsglm is fit to the pooled subject-by-time training sequence. Subject-boundary lags are therefore not reset by tscount and this baseline should be interpreted cautiously.",923,"23,61"
924,"nb_glmm",TRUE,NA,"nbinom",5.28681516134179,NA,924,"24,61"
924,"tscount_tsglm",TRUE,NA,"nbinom",2.82105230800605,"Exploratory panel surrogate: tscount::tsglm is fit to the pooled subject-by-time training sequence. Subject-boundary lags are therefore not reset by tscount and this baseline should be interpreted cautiously.",924,"24,61"
925,"nb_glmm",TRUE,NA,"nbinom",5.10706136000879,NA,925,"25,61"
925,"tscount_tsglm",TRUE,NA,"nbinom",2.74233969639721,"Exploratory panel surrogate: tscount::tsglm is fit to the pooled subject-by-time training sequence. Subject-boundary lags are therefore not reset by tscount and this baseline should be interpreted cautiously.",925,"25,61"
926,"nb_glmm",TRUE,NA,"nbinom",5.30663953232026,NA,926,"26,61"
926,"tscount_tsglm",TRUE,NA,"nbinom",2.86576738259937,"Exploratory panel surrogate: tscount::tsglm is fit to the pooled subject-by-time training sequence. Subject-boundary lags are therefore not reset by tscount and this baseline should be interpreted cautiously.",926,"26,61"
927,"nb_glmm",TRUE,NA,"nbinom",5.15321358658966,NA,927,"27,61"
927,"tscount_tsglm",TRUE,NA,"nbinom",2.79592538233005,"Exploratory panel surrogate: tscount::tsglm is fit to the pooled subject-by-time training sequence. Subject-boundary lags are therefore not reset by tscount and this baseline should be interpreted cautiously.",927,"27,61"
928,"nb_glmm",TRUE,NA,"nbinom",5.12957512688701,NA,928,"28,61"
928,"tscount_tsglm",TRUE,NA,"nbinom",2.80036794825043,"Exploratory panel surrogate: tscount::tsglm is fit to the pooled subject-by-time training sequence. Subject-boundary lags are therefore not reset by tscount and this baseline should be interpreted cautiously.",928,"28,61"
929,"nb_glmm",TRUE,NA,"nbinom",5.07181572511947,NA,929,"29,61"
929,"tscount_tsglm",TRUE,NA,"nbinom",2.39469710998096,"Exploratory panel surrogate: tscount::tsglm is fit to the pooled subject-by-time training sequence. Subject-boundary lags are therefore not reset by tscount and this baseline should be interpreted cautiously.",929,"29,61"
930,"nb_glmm",TRUE,NA,"nbinom",4.98342904342157,NA,930,"30,61"
930,"tscount_tsglm",TRUE,NA,"nbinom",2.7702823747889,"Exploratory panel surrogate: tscount::tsglm is fit to the pooled subject-by-time training sequence. Subject-boundary lags are therefore not reset by tscount and this baseline should be interpreted cautiously.",930,"30,61"
931,"nb_glmm",TRUE,NA,"nbinom",5.18710431609433,NA,931,"1,62"
931,"tscount_tsglm",TRUE,NA,"nbinom",2.79896089386794,"Exploratory panel surrogate: tscount::tsglm is fit to the pooled subject-by-time training sequence. Subject-boundary lags are therefore not reset by tscount and this baseline should be interpreted cautiously.",931,"1,62"
932,"nb_glmm",TRUE,NA,"nbinom",5.20507467839922,NA,932,"2,62"
932,"tscount_tsglm",TRUE,NA,"nbinom",2.82599590155809,"Exploratory panel surrogate: tscount::tsglm is fit to the pooled subject-by-time training sequence. Subject-boundary lags are therefore not reset by tscount and this baseline should be interpreted cautiously.",932,"2,62"
933,"nb_glmm",TRUE,NA,"nbinom",5.31082514594018,NA,933,"3,62"
933,"tscount_tsglm",TRUE,NA,"nbinom",2.85500539098027,"Exploratory panel surrogate: tscount::tsglm is fit to the pooled subject-by-time training sequence. Subject-boundary lags are therefore not reset by tscount and this baseline should be interpreted cautiously.",933,"3,62"
934,"nb_glmm",TRUE,NA,"nbinom",5.27439425383376,NA,934,"4,62"
934,"tscount_tsglm",TRUE,NA,"nbinom",2.83478572294189,"Exploratory panel surrogate: tscount::tsglm is fit to the pooled subject-by-time training sequence. Subject-boundary lags are therefore not reset by tscount and this baseline should be interpreted cautiously.",934,"4,62"
935,"nb_glmm",TRUE,NA,"nbinom",5.15995322086558,NA,935,"5,62"
935,"tscount_tsglm",TRUE,NA,"nbinom",2.76067756582574,"Exploratory panel surrogate: tscount::tsglm is fit to the pooled subject-by-time training sequence. Subject-boundary lags are therefore not reset by tscount and this baseline should be interpreted cautiously.",935,"5,62"
936,"nb_glmm",TRUE,NA,"nbinom",5.08958536038852,NA,936,"6,62"
936,"tscount_tsglm",TRUE,NA,"nbinom",2.75864258709738,"Exploratory panel surrogate: tscount::tsglm is fit to the pooled subject-by-time training sequence. Subject-boundary lags are therefore not reset by tscount and this baseline should be interpreted cautiously.",936,"6,62"
937,"nb_glmm",TRUE,NA,"nbinom",5.1128677030388,NA,937,"7,62"
937,"tscount_tsglm",TRUE,NA,"nbinom",2.76153989641703,"Exploratory panel surrogate: tscount::tsglm is fit to the pooled subject-by-time training sequence. Subject-boundary lags are therefore not reset by tscount and this baseline should be interpreted cautiously.",937,"7,62"
938,"nb_glmm",TRUE,NA,"nbinom",5.27306269659726,NA,938,"8,62"
938,"tscount_tsglm",TRUE,NA,"nbinom",2.78327516022967,"Exploratory panel surrogate: tscount::tsglm is fit to the pooled subject-by-time training sequence. Subject-boundary lags are therefore not reset by tscount and this baseline should be interpreted cautiously.",938,"8,62"
939,"nb_glmm",TRUE,NA,"nbinom",5.14885227399773,NA,939,"9,62"
939,"tscount_tsglm",TRUE,NA,"nbinom",2.76734221209924,"Exploratory panel surrogate: tscount::tsglm is fit to the pooled subject-by-time training sequence. Subject-boundary lags are therefore not reset by tscount and this baseline should be interpreted cautiously.",939,"9,62"
940,"nb_glmm",TRUE,NA,"nbinom",5.41906993923233,NA,940,"10,62"
940,"tscount_tsglm",TRUE,NA,"nbinom",2.84144448367026,"Exploratory panel surrogate: tscount::tsglm is fit to the pooled subject-by-time training sequence. Subject-boundary lags are therefore not reset by tscount and this baseline should be interpreted cautiously.",940,"10,62"
941,"nb_glmm",TRUE,NA,"nbinom",5.12332883243526,NA,941,"11,62"
941,"tscount_tsglm",TRUE,NA,"nbinom",2.65517616818564,"Exploratory panel surrogate: tscount::tsglm is fit to the pooled subject-by-time training sequence. Subject-boundary lags are therefore not reset by tscount and this baseline should be interpreted cautiously.",941,"11,62"
942,"nb_glmm",TRUE,NA,"nbinom",5.41462890415187,NA,942,"12,62"
942,"tscount_tsglm",TRUE,NA,"nbinom",2.82345883812171,"Exploratory panel surrogate: tscount::tsglm is fit to the pooled subject-by-time training sequence. Subject-boundary lags are therefore not reset by tscount and this baseline should be interpreted cautiously.",942,"12,62"
943,"nb_glmm",TRUE,NA,"nbinom",5.13057387938331,NA,943,"13,62"
943,"tscount_tsglm",TRUE,NA,"nbinom",2.7909436987766,"Exploratory panel surrogate: tscount::tsglm is fit to the pooled subject-by-time training sequence. Subject-boundary lags are therefore not reset by tscount and this baseline should be interpreted cautiously.",943,"13,62"
944,"nb_glmm",TRUE,NA,"nbinom",5.176219138893,NA,944,"14,62"
944,"tscount_tsglm",TRUE,NA,"nbinom",2.77189203182194,"Exploratory panel surrogate: tscount::tsglm is fit to the pooled subject-by-time training sequence. Subject-boundary lags are therefore not reset by tscount and this baseline should be interpreted cautiously.",944,"14,62"
945,"nb_glmm",TRUE,NA,"nbinom",5.25172186165427,NA,945,"15,62"
945,"tscount_tsglm",TRUE,NA,"nbinom",2.78106313436232,"Exploratory panel surrogate: tscount::tsglm is fit to the pooled subject-by-time training sequence. Subject-boundary lags are therefore not reset by tscount and this baseline should be interpreted cautiously.",945,"15,62"
946,"nb_glmm",TRUE,NA,"nbinom",5.24704006598439,NA,946,"16,62"
946,"tscount_tsglm",TRUE,NA,"nbinom",2.80711383390124,"Exploratory panel surrogate: tscount::tsglm is fit to the pooled subject-by-time training sequence. Subject-boundary lags are therefore not reset by tscount and this baseline should be interpreted cautiously.",946,"16,62"
947,"nb_glmm",TRUE,NA,"nbinom",5.33487208584018,NA,947,"17,62"
947,"tscount_tsglm",TRUE,NA,"nbinom",2.87574912548349,"Exploratory panel surrogate: tscount::tsglm is fit to the pooled subject-by-time training sequence. Subject-boundary lags are therefore not reset by tscount and this baseline should be interpreted cautiously.",947,"17,62"
948,"nb_glmm",TRUE,NA,"nbinom",5.12419373439545,NA,948,"18,62"
948,"tscount_tsglm",TRUE,NA,"nbinom",2.76159466357264,"Exploratory panel surrogate: tscount::tsglm is fit to the pooled subject-by-time training sequence. Subject-boundary lags are therefore not reset by tscount and this baseline should be interpreted cautiously.",948,"18,62"
949,"nb_glmm",TRUE,NA,"nbinom",5.19820649144589,NA,949,"19,62"
949,"tscount_tsglm",TRUE,NA,"nbinom",2.7818357203713,"Exploratory panel surrogate: tscount::tsglm is fit to the pooled subject-by-time training sequence. Subject-boundary lags are therefore not reset by tscount and this baseline should be interpreted cautiously.",949,"19,62"
950,"nb_glmm",TRUE,NA,"nbinom",5.23195070522056,NA,950,"20,62"
950,"tscount_tsglm",TRUE,NA,"nbinom",2.81451866304811,"Exploratory panel surrogate: tscount::tsglm is fit to the pooled subject-by-time training sequence. Subject-boundary lags are therefore not reset by tscount and this baseline should be interpreted cautiously.",950,"20,62"
951,"nb_glmm",TRUE,NA,"nbinom",5.11344560728826,NA,951,"21,62"
951,"tscount_tsglm",TRUE,NA,"nbinom",2.7348567917904,"Exploratory panel surrogate: tscount::tsglm is fit to the pooled subject-by-time training sequence. Subject-boundary lags are therefore not reset by tscount and this baseline should be interpreted cautiously.",951,"21,62"
952,"nb_glmm",TRUE,NA,"nbinom",5.03303589704034,NA,952,"22,62"
952,"tscount_tsglm",TRUE,NA,"nbinom",2.82896341905963,"Exploratory panel surrogate: tscount::tsglm is fit to the pooled subject-by-time training sequence. Subject-boundary lags are therefore not reset by tscount and this baseline should be interpreted cautiously.",952,"22,62"
953,"nb_glmm",TRUE,NA,"nbinom",5.24924994364347,NA,953,"23,62"
953,"tscount_tsglm",TRUE,NA,"nbinom",2.80092119416335,"Exploratory panel surrogate: tscount::tsglm is fit to the pooled subject-by-time training sequence. Subject-boundary lags are therefore not reset by tscount and this baseline should be interpreted cautiously.",953,"23,62"
954,"nb_glmm",TRUE,NA,"nbinom",5.40570267647153,NA,954,"24,62"
954,"tscount_tsglm",TRUE,NA,"nbinom",2.85659589830156,"Exploratory panel surrogate: tscount::tsglm is fit to the pooled subject-by-time training sequence. Subject-boundary lags are therefore not reset by tscount and this baseline should be interpreted cautiously.",954,"24,62"
955,"nb_glmm",TRUE,NA,"nbinom",5.21288686393122,NA,955,"25,62"
955,"tscount_tsglm",TRUE,NA,"nbinom",2.773376852005,"Exploratory panel surrogate: tscount::tsglm is fit to the pooled subject-by-time training sequence. Subject-boundary lags are therefore not reset by tscount and this baseline should be interpreted cautiously.",955,"25,62"
956,"nb_glmm",TRUE,NA,"nbinom",5.4076116852085,NA,956,"26,62"
956,"tscount_tsglm",TRUE,NA,"nbinom",2.89828108289826,"Exploratory panel surrogate: tscount::tsglm is fit to the pooled subject-by-time training sequence. Subject-boundary lags are therefore not reset by tscount and this baseline should be interpreted cautiously.",956,"26,62"
957,"nb_glmm",TRUE,NA,"nbinom",5.27176037849996,NA,957,"27,62"
957,"tscount_tsglm",TRUE,NA,"nbinom",2.83787008762482,"Exploratory panel surrogate: tscount::tsglm is fit to the pooled subject-by-time training sequence. Subject-boundary lags are therefore not reset by tscount and this baseline should be interpreted cautiously.",957,"27,62"
958,"nb_glmm",TRUE,NA,"nbinom",5.23153974907312,NA,958,"28,62"
958,"tscount_tsglm",TRUE,NA,"nbinom",2.83435457996774,"Exploratory panel surrogate: tscount::tsglm is fit to the pooled subject-by-time training sequence. Subject-boundary lags are therefore not reset by tscount and this baseline should be interpreted cautiously.",958,"28,62"
959,"nb_glmm",TRUE,NA,"nbinom",5.17709605100811,NA,959,"29,62"
959,"tscount_tsglm",TRUE,NA,"nbinom",2.40610970609681,"Exploratory panel surrogate: tscount::tsglm is fit to the pooled subject-by-time training sequence. Subject-boundary lags are therefore not reset by tscount and this baseline should be interpreted cautiously.",959,"29,62"
960,"nb_glmm",TRUE,NA,"nbinom",5.0756024562416,NA,960,"30,62"
960,"tscount_tsglm",TRUE,NA,"nbinom",2.7932509251009,"Exploratory panel surrogate: tscount::tsglm is fit to the pooled subject-by-time training sequence. Subject-boundary lags are therefore not reset by tscount and this baseline should be interpreted cautiously.",960,"30,62"
961,"nb_glmm",TRUE,NA,"nbinom",4.9854027162649,NA,961,"1,63"
961,"tscount_tsglm",TRUE,NA,"nbinom",2.69382461725116,"Exploratory panel surrogate: tscount::tsglm is fit to the pooled subject-by-time training sequence. Subject-boundary lags are therefore not reset by tscount and this baseline should be interpreted cautiously.",961,"1,63"
962,"nb_glmm",TRUE,NA,"nbinom",5.00002031487997,NA,962,"2,63"
962,"tscount_tsglm",TRUE,NA,"nbinom",2.71631339769678,"Exploratory panel surrogate: tscount::tsglm is fit to the pooled subject-by-time training sequence. Subject-boundary lags are therefore not reset by tscount and this baseline should be interpreted cautiously.",962,"2,63"
963,"nb_glmm",TRUE,NA,"nbinom",5.08735880620315,NA,963,"3,63"
963,"tscount_tsglm",TRUE,NA,"nbinom",2.73256397310204,"Exploratory panel surrogate: tscount::tsglm is fit to the pooled subject-by-time training sequence. Subject-boundary lags are therefore not reset by tscount and this baseline should be interpreted cautiously.",963,"3,63"
964,"nb_glmm",TRUE,NA,"nbinom",5.06750537297894,NA,964,"4,63"
964,"tscount_tsglm",TRUE,NA,"nbinom",2.72697775956654,"Exploratory panel surrogate: tscount::tsglm is fit to the pooled subject-by-time training sequence. Subject-boundary lags are therefore not reset by tscount and this baseline should be interpreted cautiously.",964,"4,63"
965,"nb_glmm",TRUE,NA,"nbinom",4.96345510015341,NA,965,"5,63"
965,"tscount_tsglm",TRUE,NA,"nbinom",2.65666724788382,"Exploratory panel surrogate: tscount::tsglm is fit to the pooled subject-by-time training sequence. Subject-boundary lags are therefore not reset by tscount and this baseline should be interpreted cautiously.",965,"5,63"
966,"nb_glmm",TRUE,NA,"nbinom",4.89575336476312,NA,966,"6,63"
966,"tscount_tsglm",TRUE,NA,"nbinom",2.65576574869159,"Exploratory panel surrogate: tscount::tsglm is fit to the pooled subject-by-time training sequence. Subject-boundary lags are therefore not reset by tscount and this baseline should be interpreted cautiously.",966,"6,63"
967,"nb_glmm",TRUE,NA,"nbinom",4.9180031470936,NA,967,"7,63"
967,"tscount_tsglm",TRUE,NA,"nbinom",2.65433327379166,"Exploratory panel surrogate: tscount::tsglm is fit to the pooled subject-by-time training sequence. Subject-boundary lags are therefore not reset by tscount and this baseline should be interpreted cautiously.",967,"7,63"
968,"nb_glmm",TRUE,NA,"nbinom",5.05957909446613,NA,968,"8,63"
968,"tscount_tsglm",TRUE,NA,"nbinom",2.67406189678944,"Exploratory panel surrogate: tscount::tsglm is fit to the pooled subject-by-time training sequence. Subject-boundary lags are therefore not reset by tscount and this baseline should be interpreted cautiously.",968,"8,63"
969,"nb_glmm",TRUE,NA,"nbinom",4.95394667204291,NA,969,"9,63"
969,"tscount_tsglm",TRUE,NA,"nbinom",2.66338989865546,"Exploratory panel surrogate: tscount::tsglm is fit to the pooled subject-by-time training sequence. Subject-boundary lags are therefore not reset by tscount and this baseline should be interpreted cautiously.",969,"9,63"
970,"nb_glmm",TRUE,NA,"nbinom",5.19347861744046,NA,970,"10,63"
970,"tscount_tsglm",TRUE,NA,"nbinom",2.72173904933014,"Exploratory panel surrogate: tscount::tsglm is fit to the pooled subject-by-time training sequence. Subject-boundary lags are therefore not reset by tscount and this baseline should be interpreted cautiously.",970,"10,63"
971,"nb_glmm",TRUE,NA,"nbinom",4.92667272963251,NA,971,"11,63"
971,"tscount_tsglm",TRUE,NA,"nbinom",2.55496248192682,"Exploratory panel surrogate: tscount::tsglm is fit to the pooled subject-by-time training sequence. Subject-boundary lags are therefore not reset by tscount and this baseline should be interpreted cautiously.",971,"11,63"
972,"nb_glmm",TRUE,NA,"nbinom",5.20587834383837,NA,972,"12,63"
972,"tscount_tsglm",TRUE,NA,"nbinom",2.72057694962613,"Exploratory panel surrogate: tscount::tsglm is fit to the pooled subject-by-time training sequence. Subject-boundary lags are therefore not reset by tscount and this baseline should be interpreted cautiously.",972,"12,63"
973,"nb_glmm",TRUE,NA,"nbinom",4.93729645316137,NA,973,"13,63"
973,"tscount_tsglm",TRUE,NA,"nbinom",2.68685132280427,"Exploratory panel surrogate: tscount::tsglm is fit to the pooled subject-by-time training sequence. Subject-boundary lags are therefore not reset by tscount and this baseline should be interpreted cautiously.",973,"13,63"
974,"nb_glmm",TRUE,NA,"nbinom",4.98431640733516,NA,974,"14,63"
974,"tscount_tsglm",TRUE,NA,"nbinom",2.67076562966416,"Exploratory panel surrogate: tscount::tsglm is fit to the pooled subject-by-time training sequence. Subject-boundary lags are therefore not reset by tscount and this baseline should be interpreted cautiously.",974,"14,63"
975,"nb_glmm",TRUE,NA,"nbinom",5.04904175175893,NA,975,"15,63"
975,"tscount_tsglm",TRUE,NA,"nbinom",2.67600549938387,"Exploratory panel surrogate: tscount::tsglm is fit to the pooled subject-by-time training sequence. Subject-boundary lags are therefore not reset by tscount and this baseline should be interpreted cautiously.",975,"15,63"
976,"nb_glmm",TRUE,NA,"nbinom",5.04006406736185,NA,976,"16,63"
976,"tscount_tsglm",TRUE,NA,"nbinom",2.70060431512693,"Exploratory panel surrogate: tscount::tsglm is fit to the pooled subject-by-time training sequence. Subject-boundary lags are therefore not reset by tscount and this baseline should be interpreted cautiously.",976,"16,63"
977,"nb_glmm",TRUE,NA,"nbinom",5.13034744868027,NA,977,"17,63"
977,"tscount_tsglm",TRUE,NA,"nbinom",2.76951339128363,"Exploratory panel surrogate: tscount::tsglm is fit to the pooled subject-by-time training sequence. Subject-boundary lags are therefore not reset by tscount and this baseline should be interpreted cautiously.",977,"17,63"
978,"nb_glmm",TRUE,NA,"nbinom",4.92886327430511,NA,978,"18,63"
978,"tscount_tsglm",TRUE,NA,"nbinom",2.65270820335396,"Exploratory panel surrogate: tscount::tsglm is fit to the pooled subject-by-time training sequence. Subject-boundary lags are therefore not reset by tscount and this baseline should be interpreted cautiously.",978,"18,63"
979,"nb_glmm",TRUE,NA,"nbinom",4.99361257695642,NA,979,"19,63"
979,"tscount_tsglm",TRUE,NA,"nbinom",2.67180293086241,"Exploratory panel surrogate: tscount::tsglm is fit to the pooled subject-by-time training sequence. Subject-boundary lags are therefore not reset by tscount and this baseline should be interpreted cautiously.",979,"19,63"
980,"nb_glmm",TRUE,NA,"nbinom",5.03000500168255,NA,980,"20,63"
980,"tscount_tsglm",TRUE,NA,"nbinom",2.7093594726848,"Exploratory panel surrogate: tscount::tsglm is fit to the pooled subject-by-time training sequence. Subject-boundary lags are therefore not reset by tscount and this baseline should be interpreted cautiously.",980,"20,63"
981,"nb_glmm",TRUE,NA,"nbinom",4.91947340432227,NA,981,"21,63"
981,"tscount_tsglm",TRUE,NA,"nbinom",2.63116383547084,"Exploratory panel surrogate: tscount::tsglm is fit to the pooled subject-by-time training sequence. Subject-boundary lags are therefore not reset by tscount and this baseline should be interpreted cautiously.",981,"21,63"
982,"nb_glmm",TRUE,NA,"nbinom",4.84411410021345,NA,982,"22,63"
982,"tscount_tsglm",TRUE,NA,"nbinom",2.72863749116023,"Exploratory panel surrogate: tscount::tsglm is fit to the pooled subject-by-time training sequence. Subject-boundary lags are therefore not reset by tscount and this baseline should be interpreted cautiously.",982,"22,63"
983,"nb_glmm",TRUE,NA,"nbinom",5.04218806307406,NA,983,"23,63"
983,"tscount_tsglm",TRUE,NA,"nbinom",2.69433592750688,"Exploratory panel surrogate: tscount::tsglm is fit to the pooled subject-by-time training sequence. Subject-boundary lags are therefore not reset by tscount and this baseline should be interpreted cautiously.",983,"23,63"
984,"nb_glmm",TRUE,NA,"nbinom",5.18613230094608,NA,984,"24,63"
984,"tscount_tsglm",TRUE,NA,"nbinom",2.7491952722517,"Exploratory panel surrogate: tscount::tsglm is fit to the pooled subject-by-time training sequence. Subject-boundary lags are therefore not reset by tscount and this baseline should be interpreted cautiously.",984,"24,63"
985,"nb_glmm",TRUE,NA,"nbinom",5.01124744173123,NA,985,"25,63"
985,"tscount_tsglm",TRUE,NA,"nbinom",2.67110437020485,"Exploratory panel surrogate: tscount::tsglm is fit to the pooled subject-by-time training sequence. Subject-boundary lags are therefore not reset by tscount and this baseline should be interpreted cautiously.",985,"25,63"
986,"nb_glmm",TRUE,NA,"nbinom",5.20932785215876,NA,986,"26,63"
986,"tscount_tsglm",TRUE,NA,"nbinom",2.79320108070248,"Exploratory panel surrogate: tscount::tsglm is fit to the pooled subject-by-time training sequence. Subject-boundary lags are therefore not reset by tscount and this baseline should be interpreted cautiously.",986,"26,63"
987,"nb_glmm",TRUE,NA,"nbinom",5.05979027455917,NA,987,"27,63"
987,"tscount_tsglm",TRUE,NA,"nbinom",2.72806501576809,"Exploratory panel surrogate: tscount::tsglm is fit to the pooled subject-by-time training sequence. Subject-boundary lags are therefore not reset by tscount and this baseline should be interpreted cautiously.",987,"27,63"
988,"nb_glmm",TRUE,NA,"nbinom",5.033890871523,NA,988,"28,63"
988,"tscount_tsglm",TRUE,NA,"nbinom",2.72830301440498,"Exploratory panel surrogate: tscount::tsglm is fit to the pooled subject-by-time training sequence. Subject-boundary lags are therefore not reset by tscount and this baseline should be interpreted cautiously.",988,"28,63"
989,"nb_glmm",TRUE,NA,"nbinom",4.97608671121239,NA,989,"29,63"
989,"tscount_tsglm",TRUE,NA,"nbinom",2.30758386076729,"Exploratory panel surrogate: tscount::tsglm is fit to the pooled subject-by-time training sequence. Subject-boundary lags are therefore not reset by tscount and this baseline should be interpreted cautiously.",989,"29,63"
990,"nb_glmm",TRUE,NA,"nbinom",4.88906047036695,NA,990,"30,63"
990,"tscount_tsglm",TRUE,NA,"nbinom",2.6962062099888,"Exploratory panel surrogate: tscount::tsglm is fit to the pooled subject-by-time training sequence. Subject-boundary lags are therefore not reset by tscount and this baseline should be interpreted cautiously.",990,"30,63"
991,"nb_glmm",TRUE,NA,"nbinom",5.02822682968405,NA,991,"1,64"
991,"tscount_tsglm",TRUE,NA,"nbinom",2.73396351699566,"Exploratory panel surrogate: tscount::tsglm is fit to the pooled subject-by-time training sequence. Subject-boundary lags are therefore not reset by tscount and this baseline should be interpreted cautiously.",991,"1,64"
992,"nb_glmm",TRUE,NA,"nbinom",5.04226910756423,NA,992,"2,64"
992,"tscount_tsglm",TRUE,NA,"nbinom",2.7556022776142,"Exploratory panel surrogate: tscount::tsglm is fit to the pooled subject-by-time training sequence. Subject-boundary lags are therefore not reset by tscount and this baseline should be interpreted cautiously.",992,"2,64"
993,"nb_glmm",TRUE,NA,"nbinom",5.13611971487064,NA,993,"3,64"
993,"tscount_tsglm",TRUE,NA,"nbinom",2.77926090117304,"Exploratory panel surrogate: tscount::tsglm is fit to the pooled subject-by-time training sequence. Subject-boundary lags are therefore not reset by tscount and this baseline should be interpreted cautiously.",993,"3,64"
994,"nb_glmm",TRUE,NA,"nbinom",5.10831888865681,NA,994,"4,64"
994,"tscount_tsglm",TRUE,NA,"nbinom",2.7633539578183,"Exploratory panel surrogate: tscount::tsglm is fit to the pooled subject-by-time training sequence. Subject-boundary lags are therefore not reset by tscount and this baseline should be interpreted cautiously.",994,"4,64"
995,"nb_glmm",TRUE,NA,"nbinom",5.00067975293803,NA,995,"5,64"
995,"tscount_tsglm",TRUE,NA,"nbinom",2.69589041373622,"Exploratory panel surrogate: tscount::tsglm is fit to the pooled subject-by-time training sequence. Subject-boundary lags are therefore not reset by tscount and this baseline should be interpreted cautiously.",995,"5,64"
996,"nb_glmm",TRUE,NA,"nbinom",4.93180838235777,NA,996,"6,64"
996,"tscount_tsglm",TRUE,NA,"nbinom",2.69350592049749,"Exploratory panel surrogate: tscount::tsglm is fit to the pooled subject-by-time training sequence. Subject-boundary lags are therefore not reset by tscount and this baseline should be interpreted cautiously.",996,"6,64"
997,"nb_glmm",TRUE,NA,"nbinom",4.9538831619049,NA,997,"7,64"
997,"tscount_tsglm",TRUE,NA,"nbinom",2.69558391195815,"Exploratory panel surrogate: tscount::tsglm is fit to the pooled subject-by-time training sequence. Subject-boundary lags are therefore not reset by tscount and this baseline should be interpreted cautiously.",997,"7,64"
998,"nb_glmm",TRUE,NA,"nbinom",5.10022471753032,NA,998,"8,64"
998,"tscount_tsglm",TRUE,NA,"nbinom",2.71056670383905,"Exploratory panel surrogate: tscount::tsglm is fit to the pooled subject-by-time training sequence. Subject-boundary lags are therefore not reset by tscount and this baseline should be interpreted cautiously.",998,"8,64"
999,"nb_glmm",TRUE,NA,"nbinom",4.99157076200493,NA,999,"9,64"
999,"tscount_tsglm",TRUE,NA,"nbinom",2.70362104561796,"Exploratory panel surrogate: tscount::tsglm is fit to the pooled subject-by-time training sequence. Subject-boundary lags are therefore not reset by tscount and this baseline should be interpreted cautiously.",999,"9,64"
1000,"nb_glmm",TRUE,NA,"nbinom",5.24024357920618,NA,1000,"10,64"
1000,"tscount_tsglm",TRUE,NA,"nbinom",2.76442536297153,"Exploratory panel surrogate: tscount::tsglm is fit to the pooled subject-by-time training sequence. Subject-boundary lags are therefore not reset by tscount and this baseline should be interpreted cautiously.",1000,"10,64"
1001,"nb_glmm",TRUE,NA,"nbinom",4.9655348817108,NA,1001,"11,64"
1001,"tscount_tsglm",TRUE,NA,"nbinom",2.59243643419713,"Exploratory panel surrogate: tscount::tsglm is fit to the pooled subject-by-time training sequence. Subject-boundary lags are therefore not reset by tscount and this baseline should be interpreted cautiously.",1001,"11,64"
1002,"nb_glmm",TRUE,NA,"nbinom",5.2484119624885,NA,1002,"12,64"
1002,"tscount_tsglm",TRUE,NA,"nbinom",2.75936738949693,"Exploratory panel surrogate: tscount::tsglm is fit to the pooled subject-by-time training sequence. Subject-boundary lags are therefore not reset by tscount and this baseline should be interpreted cautiously.",1002,"12,64"
1003,"nb_glmm",TRUE,NA,"nbinom",4.97366150547743,NA,1003,"13,64"
1003,"tscount_tsglm",TRUE,NA,"nbinom",2.72471858114914,"Exploratory panel surrogate: tscount::tsglm is fit to the pooled subject-by-time training sequence. Subject-boundary lags are therefore not reset by tscount and this baseline should be interpreted cautiously.",1003,"13,64"
1004,"nb_glmm",TRUE,NA,"nbinom",5.02068913041764,NA,1004,"14,64"
1004,"tscount_tsglm",TRUE,NA,"nbinom",2.71011340238514,"Exploratory panel surrogate: tscount::tsglm is fit to the pooled subject-by-time training sequence. Subject-boundary lags are therefore not reset by tscount and this baseline should be interpreted cautiously.",1004,"14,64"
1005,"nb_glmm",TRUE,NA,"nbinom",5.09092644529196,NA,1005,"15,64"
1005,"tscount_tsglm",TRUE,NA,"nbinom",2.71546792685435,"Exploratory panel surrogate: tscount::tsglm is fit to the pooled subject-by-time training sequence. Subject-boundary lags are therefore not reset by tscount and this baseline should be interpreted cautiously.",1005,"15,64"
1006,"nb_glmm",TRUE,NA,"nbinom",5.08092490194694,NA,1006,"16,64"
1006,"tscount_tsglm",TRUE,NA,"nbinom",2.73944796290987,"Exploratory panel surrogate: tscount::tsglm is fit to the pooled subject-by-time training sequence. Subject-boundary lags are therefore not reset by tscount and this baseline should be interpreted cautiously.",1006,"16,64"
1007,"nb_glmm",TRUE,NA,"nbinom",5.17182310599032,NA,1007,"17,64"
1007,"tscount_tsglm",TRUE,NA,"nbinom",2.81079840571509,"Exploratory panel surrogate: tscount::tsglm is fit to the pooled subject-by-time training sequence. Subject-boundary lags are therefore not reset by tscount and this baseline should be interpreted cautiously.",1007,"17,64"
1008,"nb_glmm",TRUE,NA,"nbinom",4.96576996871371,NA,1008,"18,64"
1008,"tscount_tsglm",TRUE,NA,"nbinom",2.69431505447491,"Exploratory panel surrogate: tscount::tsglm is fit to the pooled subject-by-time training sequence. Subject-boundary lags are therefore not reset by tscount and this baseline should be interpreted cautiously.",1008,"18,64"
1009,"nb_glmm",TRUE,NA,"nbinom",5.03505873705677,NA,1009,"19,64"
1009,"tscount_tsglm",TRUE,NA,"nbinom",2.7163127232333,"Exploratory panel surrogate: tscount::tsglm is fit to the pooled subject-by-time training sequence. Subject-boundary lags are therefore not reset by tscount and this baseline should be interpreted cautiously.",1009,"19,64"
1010,"nb_glmm",TRUE,NA,"nbinom",5.07234777678802,NA,1010,"20,64"
1010,"tscount_tsglm",TRUE,NA,"nbinom",2.74841787770745,"Exploratory panel surrogate: tscount::tsglm is fit to the pooled subject-by-time training sequence. Subject-boundary lags are therefore not reset by tscount and this baseline should be interpreted cautiously.",1010,"20,64"
1011,"nb_glmm",TRUE,NA,"nbinom",4.95836914900088,NA,1011,"21,64"
1011,"tscount_tsglm",TRUE,NA,"nbinom",2.67126228793885,"Exploratory panel surrogate: tscount::tsglm is fit to the pooled subject-by-time training sequence. Subject-boundary lags are therefore not reset by tscount and this baseline should be interpreted cautiously.",1011,"21,64"
1012,"nb_glmm",TRUE,NA,"nbinom",4.87719029100113,NA,1012,"22,64"
1012,"tscount_tsglm",TRUE,NA,"nbinom",2.76883030149824,"Exploratory panel surrogate: tscount::tsglm is fit to the pooled subject-by-time training sequence. Subject-boundary lags are therefore not reset by tscount and this baseline should be interpreted cautiously.",1012,"22,64"
1013,"nb_glmm",TRUE,NA,"nbinom",5.08276141846156,NA,1013,"23,64"
1013,"tscount_tsglm",TRUE,NA,"nbinom",2.73356632126915,"Exploratory panel surrogate: tscount::tsglm is fit to the pooled subject-by-time training sequence. Subject-boundary lags are therefore not reset by tscount and this baseline should be interpreted cautiously.",1013,"23,64"
1014,"nb_glmm",TRUE,NA,"nbinom",5.23121871245873,NA,1014,"24,64"
1014,"tscount_tsglm",TRUE,NA,"nbinom",2.78948424202849,"Exploratory panel surrogate: tscount::tsglm is fit to the pooled subject-by-time training sequence. Subject-boundary lags are therefore not reset by tscount and this baseline should be interpreted cautiously.",1014,"24,64"
1015,"nb_glmm",TRUE,NA,"nbinom",5.05005588894328,NA,1015,"25,64"
1015,"tscount_tsglm",TRUE,NA,"nbinom",2.71068469984142,"Exploratory panel surrogate: tscount::tsglm is fit to the pooled subject-by-time training sequence. Subject-boundary lags are therefore not reset by tscount and this baseline should be interpreted cautiously.",1015,"25,64"
1016,"nb_glmm",TRUE,NA,"nbinom",5.24843121718366,NA,1016,"26,64"
1016,"tscount_tsglm",TRUE,NA,"nbinom",2.83480166164573,"Exploratory panel surrogate: tscount::tsglm is fit to the pooled subject-by-time training sequence. Subject-boundary lags are therefore not reset by tscount and this baseline should be interpreted cautiously.",1016,"26,64"
1017,"nb_glmm",TRUE,NA,"nbinom",5.09922617567994,NA,1017,"27,64"
1017,"tscount_tsglm",TRUE,NA,"nbinom",2.7643645856552,"Exploratory panel surrogate: tscount::tsglm is fit to the pooled subject-by-time training sequence. Subject-boundary lags are therefore not reset by tscount and this baseline should be interpreted cautiously.",1017,"27,64"
1018,"nb_glmm",TRUE,NA,"nbinom",5.07420938305254,NA,1018,"28,64"
1018,"tscount_tsglm",TRUE,NA,"nbinom",2.76693986201757,"Exploratory panel surrogate: tscount::tsglm is fit to the pooled subject-by-time training sequence. Subject-boundary lags are therefore not reset by tscount and this baseline should be interpreted cautiously.",1018,"28,64"
1019,"nb_glmm",TRUE,NA,"nbinom",5.0166215210266,NA,1019,"29,64"
1019,"tscount_tsglm",TRUE,NA,"nbinom",2.33786366084004,"Exploratory panel surrogate: tscount::tsglm is fit to the pooled subject-by-time training sequence. Subject-boundary lags are therefore not reset by tscount and this baseline should be interpreted cautiously.",1019,"29,64"
1020,"nb_glmm",TRUE,NA,"nbinom",4.92377955086509,NA,1020,"30,64"
1020,"tscount_tsglm",TRUE,NA,"nbinom",2.73621464695008,"Exploratory panel surrogate: tscount::tsglm is fit to the pooled subject-by-time training sequence. Subject-boundary lags are therefore not reset by tscount and this baseline should be interpreted cautiously.",1020,"30,64"
1021,"nb_glmm",TRUE,NA,"nbinom",5.05908855227889,NA,1021,"1,65"
1021,"tscount_tsglm",TRUE,NA,"nbinom",2.77494429611578,"Exploratory panel surrogate: tscount::tsglm is fit to the pooled subject-by-time training sequence. Subject-boundary lags are therefore not reset by tscount and this baseline should be interpreted cautiously.",1021,"1,65"
1022,"nb_glmm",TRUE,NA,"nbinom",5.07414487740978,NA,1022,"2,65"
1022,"tscount_tsglm",TRUE,NA,"nbinom",2.79766298937049,"Exploratory panel surrogate: tscount::tsglm is fit to the pooled subject-by-time training sequence. Subject-boundary lags are therefore not reset by tscount and this baseline should be interpreted cautiously.",1022,"2,65"
1023,"nb_glmm",TRUE,NA,"nbinom",5.16443212881442,NA,1023,"3,65"
1023,"tscount_tsglm",TRUE,NA,"nbinom",2.81222486752949,"Exploratory panel surrogate: tscount::tsglm is fit to the pooled subject-by-time training sequence. Subject-boundary lags are therefore not reset by tscount and this baseline should be interpreted cautiously.",1023,"3,65"
1024,"nb_glmm",TRUE,NA,"nbinom",5.1442448117106,NA,1024,"4,65"
1024,"tscount_tsglm",TRUE,NA,"nbinom",2.80843314494412,"Exploratory panel surrogate: tscount::tsglm is fit to the pooled subject-by-time training sequence. Subject-boundary lags are therefore not reset by tscount and this baseline should be interpreted cautiously.",1024,"4,65"
1025,"nb_glmm",TRUE,NA,"nbinom",5.03622512546368,NA,1025,"5,65"
1025,"tscount_tsglm",TRUE,NA,"nbinom",2.73078330320617,"Exploratory panel surrogate: tscount::tsglm is fit to the pooled subject-by-time training sequence. Subject-boundary lags are therefore not reset by tscount and this baseline should be interpreted cautiously.",1025,"5,65"
1026,"nb_glmm",TRUE,NA,"nbinom",4.96894176321946,NA,1026,"6,65"
1026,"tscount_tsglm",TRUE,NA,"nbinom",2.73391067602837,"Exploratory panel surrogate: tscount::tsglm is fit to the pooled subject-by-time training sequence. Subject-boundary lags are therefore not reset by tscount and this baseline should be interpreted cautiously.",1026,"6,65"
1027,"nb_glmm",TRUE,NA,"nbinom",4.99018004447112,NA,1027,"7,65"
1027,"tscount_tsglm",TRUE,NA,"nbinom",2.73685334502647,"Exploratory panel surrogate: tscount::tsglm is fit to the pooled subject-by-time training sequence. Subject-boundary lags are therefore not reset by tscount and this baseline should be interpreted cautiously.",1027,"7,65"
1028,"nb_glmm",TRUE,NA,"nbinom",5.13626239457966,NA,1028,"8,65"
1028,"tscount_tsglm",TRUE,NA,"nbinom",2.75596536995142,"Exploratory panel surrogate: tscount::tsglm is fit to the pooled subject-by-time training sequence. Subject-boundary lags are therefore not reset by tscount and this baseline should be interpreted cautiously.",1028,"8,65"
1029,"nb_glmm",TRUE,NA,"nbinom",5.02421104326572,NA,1029,"9,65"
1029,"tscount_tsglm",TRUE,NA,"nbinom",2.7427302298791,"Exploratory panel surrogate: tscount::tsglm is fit to the pooled subject-by-time training sequence. Subject-boundary lags are therefore not reset by tscount and this baseline should be interpreted cautiously.",1029,"9,65"
1030,"nb_glmm",TRUE,NA,"nbinom",5.27146217344105,NA,1030,"10,65"
1030,"tscount_tsglm",TRUE,NA,"nbinom",2.80712522208587,"Exploratory panel surrogate: tscount::tsglm is fit to the pooled subject-by-time training sequence. Subject-boundary lags are therefore not reset by tscount and this baseline should be interpreted cautiously.",1030,"10,65"
1031,"nb_glmm",TRUE,NA,"nbinom",4.99951225496569,NA,1031,"11,65"
1031,"tscount_tsglm",TRUE,NA,"nbinom",2.64245511102403,"Exploratory panel surrogate: tscount::tsglm is fit to the pooled subject-by-time training sequence. Subject-boundary lags are therefore not reset by tscount and this baseline should be interpreted cautiously.",1031,"11,65"
1032,"nb_glmm",TRUE,NA,"nbinom",5.28216432453464,NA,1032,"12,65"
1032,"tscount_tsglm",TRUE,NA,"nbinom",2.8010075444399,"Exploratory panel surrogate: tscount::tsglm is fit to the pooled subject-by-time training sequence. Subject-boundary lags are therefore not reset by tscount and this baseline should be interpreted cautiously.",1032,"12,65"
1033,"nb_glmm",TRUE,NA,"nbinom",5.00909126119341,NA,1033,"13,65"
1033,"tscount_tsglm",TRUE,NA,"nbinom",2.76519707170044,"Exploratory panel surrogate: tscount::tsglm is fit to the pooled subject-by-time training sequence. Subject-boundary lags are therefore not reset by tscount and this baseline should be interpreted cautiously.",1033,"13,65"
1034,"nb_glmm",TRUE,NA,"nbinom",5.05622743152864,NA,1034,"14,65"
1034,"tscount_tsglm",TRUE,NA,"nbinom",2.74922685858498,"Exploratory panel surrogate: tscount::tsglm is fit to the pooled subject-by-time training sequence. Subject-boundary lags are therefore not reset by tscount and this baseline should be interpreted cautiously.",1034,"14,65"
1035,"nb_glmm",TRUE,NA,"nbinom",5.1228594436462,NA,1035,"15,65"
1035,"tscount_tsglm",TRUE,NA,"nbinom",2.75622052566599,"Exploratory panel surrogate: tscount::tsglm is fit to the pooled subject-by-time training sequence. Subject-boundary lags are therefore not reset by tscount and this baseline should be interpreted cautiously.",1035,"15,65"
1036,"nb_glmm",TRUE,NA,"nbinom",5.11558362344092,NA,1036,"16,65"
1036,"tscount_tsglm",TRUE,NA,"nbinom",2.77922090565201,"Exploratory panel surrogate: tscount::tsglm is fit to the pooled subject-by-time training sequence. Subject-boundary lags are therefore not reset by tscount and this baseline should be interpreted cautiously.",1036,"16,65"
1037,"nb_glmm",TRUE,NA,"nbinom",5.2038228357211,NA,1037,"17,65"
1037,"tscount_tsglm",TRUE,NA,"nbinom",2.84946392807301,"Exploratory panel surrogate: tscount::tsglm is fit to the pooled subject-by-time training sequence. Subject-boundary lags are therefore not reset by tscount and this baseline should be interpreted cautiously.",1037,"17,65"
1038,"nb_glmm",TRUE,NA,"nbinom",5.00204338716152,NA,1038,"18,65"
1038,"tscount_tsglm",TRUE,NA,"nbinom",2.73607977526718,"Exploratory panel surrogate: tscount::tsglm is fit to the pooled subject-by-time training sequence. Subject-boundary lags are therefore not reset by tscount and this baseline should be interpreted cautiously.",1038,"18,65"
1039,"nb_glmm",TRUE,NA,"nbinom",5.06923033927828,NA,1039,"19,65"
1039,"tscount_tsglm",TRUE,NA,"nbinom",2.74999162533583,"Exploratory panel surrogate: tscount::tsglm is fit to the pooled subject-by-time training sequence. Subject-boundary lags are therefore not reset by tscount and this baseline should be interpreted cautiously.",1039,"19,65"
1040,"nb_glmm",TRUE,NA,"nbinom",5.10343778135871,NA,1040,"20,65"
1040,"tscount_tsglm",TRUE,NA,"nbinom",2.78961400801069,"Exploratory panel surrogate: tscount::tsglm is fit to the pooled subject-by-time training sequence. Subject-boundary lags are therefore not reset by tscount and this baseline should be interpreted cautiously.",1040,"20,65"
1041,"nb_glmm",TRUE,NA,"nbinom",4.9912678630972,NA,1041,"21,65"
1041,"tscount_tsglm",TRUE,NA,"nbinom",2.71191219488194,"Exploratory panel surrogate: tscount::tsglm is fit to the pooled subject-by-time training sequence. Subject-boundary lags are therefore not reset by tscount and this baseline should be interpreted cautiously.",1041,"21,65"
1042,"nb_glmm",TRUE,NA,"nbinom",4.9162779289096,NA,1042,"22,65"
1042,"tscount_tsglm",TRUE,NA,"nbinom",2.81677483222948,"Exploratory panel surrogate: tscount::tsglm is fit to the pooled subject-by-time training sequence. Subject-boundary lags are therefore not reset by tscount and this baseline should be interpreted cautiously.",1042,"22,65"
1043,"nb_glmm",TRUE,NA,"nbinom",5.11890697698936,NA,1043,"23,65"
1043,"tscount_tsglm",TRUE,NA,"nbinom",2.77427561616309,"Exploratory panel surrogate: tscount::tsglm is fit to the pooled subject-by-time training sequence. Subject-boundary lags are therefore not reset by tscount and this baseline should be interpreted cautiously.",1043,"23,65"
1044,"nb_glmm",TRUE,NA,"nbinom",5.26644409892569,NA,1044,"24,65"
1044,"tscount_tsglm",TRUE,NA,"nbinom",2.82860733894783,"Exploratory panel surrogate: tscount::tsglm is fit to the pooled subject-by-time training sequence. Subject-boundary lags are therefore not reset by tscount and this baseline should be interpreted cautiously.",1044,"24,65"
1045,"nb_glmm",TRUE,NA,"nbinom",5.08718965859749,NA,1045,"25,65"
1045,"tscount_tsglm",TRUE,NA,"nbinom",2.75046194159985,"Exploratory panel surrogate: tscount::tsglm is fit to the pooled subject-by-time training sequence. Subject-boundary lags are therefore not reset by tscount and this baseline should be interpreted cautiously.",1045,"25,65"
1046,"nb_glmm",TRUE,NA,"nbinom",5.28275411752493,NA,1046,"26,65"
1046,"tscount_tsglm",TRUE,NA,"nbinom",2.8747946234918,"Exploratory panel surrogate: tscount::tsglm is fit to the pooled subject-by-time training sequence. Subject-boundary lags are therefore not reset by tscount and this baseline should be interpreted cautiously.",1046,"26,65"
1047,"nb_glmm",TRUE,NA,"nbinom",5.13573842405587,NA,1047,"27,65"
1047,"tscount_tsglm",TRUE,NA,"nbinom",2.80912637971669,"Exploratory panel surrogate: tscount::tsglm is fit to the pooled subject-by-time training sequence. Subject-boundary lags are therefore not reset by tscount and this baseline should be interpreted cautiously.",1047,"27,65"
1048,"nb_glmm",TRUE,NA,"nbinom",5.10564662278968,NA,1048,"28,65"
1048,"tscount_tsglm",TRUE,NA,"nbinom",2.80931523124903,"Exploratory panel surrogate: tscount::tsglm is fit to the pooled subject-by-time training sequence. Subject-boundary lags are therefore not reset by tscount and this baseline should be interpreted cautiously.",1048,"28,65"
1049,"nb_glmm",TRUE,NA,"nbinom",5.04878235548199,NA,1049,"29,65"
1049,"tscount_tsglm",TRUE,NA,"nbinom",2.40408275060009,"Exploratory panel surrogate: tscount::tsglm is fit to the pooled subject-by-time training sequence. Subject-boundary lags are therefore not reset by tscount and this baseline should be interpreted cautiously.",1049,"29,65"
1050,"nb_glmm",TRUE,NA,"nbinom",4.95869201560127,NA,1050,"30,65"
1050,"tscount_tsglm",TRUE,NA,"nbinom",2.7776281187529,"Exploratory panel surrogate: tscount::tsglm is fit to the pooled subject-by-time training sequence. Subject-boundary lags are therefore not reset by tscount and this baseline should be interpreted cautiously.",1050,"30,65"
