"rep","model","task","time","horizon","subject_index","observed","mean","mc_se","log_score","rps","pit","cover80","cover95","squared_error","absolute_error"
1,"inad_unconstrained","rolling_one_step",2,1,1,0,3.96,0.215987279834959,3.3424320724359,2.83653668821176,0.024419373645725,0,1,15.6816,3.96
1,"inad_constrained_alpha","rolling_one_step",2,1,1,0,3.53,0.234609066622358,3.10998173662906,2.353234356645,0.0162499547720087,0,1,12.4609,3.53
1,"nb_glm","rolling_one_step",2,1,1,0,3.76011071650747,NA,2.66363508062113,2.41112645026465,0.0302244616876115,NA,NA,14.1384326003943,3.76011071650747
1,"poisson_glm","rolling_one_step",2,1,1,0,3.62229163592992,NA,3.42808010143387,2.63880283688797,0.00399513723790208,NA,NA,13.1209966957279,3.62229163592992
1,"inad_unconstrained","rolling_one_step",2,1,2,1,4.21,0.295520427775007,1.91959284073794,1.88201393089342,0.0487360010011934,1,1,10.3041,3.21
1,"inad_constrained_alpha","rolling_one_step",2,1,2,1,3.93,0.224398185051808,2.23335626114734,1.82491538100086,0.0922762057925286,1,1,8.5849,2.93
1,"nb_glm","rolling_one_step",2,1,2,1,3.76011071650747,NA,2.0752221650426,1.6482206930556,0.163990090355845,NA,NA,7.61821116737939,2.76011071650747
1,"poisson_glm","rolling_one_step",2,1,2,1,3.62229163592992,NA,2.38484641371037,1.77211879794465,0.113666184191957,NA,NA,6.87641342386801,2.62229163592992
1,"inad_unconstrained","rolling_one_step",2,1,3,2,3.4,0.229183883650776,1.72220038638759,0.802433784947921,0.195555593288005,1,1,1.96,1.4
1,"inad_constrained_alpha","rolling_one_step",2,1,3,2,4.11,0.255008417369492,1.91959284073794,1.27317782891373,0.15391836322645,1,1,4.4521,2.11
1,"nb_glm","rolling_one_step",2,1,3,2,4.13172838517041,NA,1.97060495815659,1.21143367851146,0.285811565669048,NA,NA,4.54426590814126,2.13172838517041
1,"poisson_glm","rolling_one_step",2,1,3,2,4.00617447333917,NA,2.00511446727673,1.25628401997744,0.168185975632551,NA,NA,4.02473601747768,2.00617447333917
1,"inad_unconstrained","rolling_one_step",2,1,4,1,4.14,0.283206745339974,1.98025388512909,1.87688978011542,0.100656796870992,1,1,9.8596,3.14
1,"inad_constrained_alpha","rolling_one_step",2,1,4,1,3.19,0.206312012409958,1.98314011778311,1.22027314876033,0.198709082934963,1,1,4.7961,2.19
1,"nb_glm","rolling_one_step",2,1,4,1,3.29239128992426,NA,1.90539239165747,1.3644527925177,0.132811297100213,NA,NA,5.25505782612061,2.29239128992426
1,"poisson_glm","rolling_one_step",2,1,4,1,3.14286886023178,NA,2.07433383326757,1.41699881515017,0.148218742218902,NA,NA,4.59188695215106,2.14286886023178
1,"inad_unconstrained","rolling_one_step",2,1,5,3,3.8,0.222928171609085,1.53979628388391,0.551495402928969,0.370223996849376,1,1,0.64,0.8
1,"inad_constrained_alpha","rolling_one_step",2,1,5,3,5.14,0.278893919227039,2.41584298434682,1.22902830292114,0.29309376461862,1,1,4.5796,2.14
1,"nb_glm","rolling_one_step",2,1,5,3,4.96310386914837,NA,2.0017394991199,0.932499473075172,0.383456858879435,NA,NA,3.85377680106528,1.96310386914837
1,"poisson_glm","rolling_one_step",2,1,5,3,4.87335416295628,NA,1.95705777554932,1.04513977189802,0.177202384191229,NA,NA,3.50945581986563,1.87335416295628
1,"inad_unconstrained","rolling_one_step",2,1,6,4,3.62,0.245270413538967,1.66449768961713,0.599381696428571,0.668373411572705,1,1,0.1444,0.38
1,"inad_constrained_alpha","rolling_one_step",2,1,6,4,4.26,0.237248537797114,1.63565581048816,0.554224145891043,0.496694020807943,1,1,0.0675999999999999,0.26
1,"nb_glm","rolling_one_step",2,1,6,4,4.13172838517041,NA,2.01995903066844,0.676023736491879,0.497852796717583,NA,NA,0.0173523674596049,0.131728385170414
1,"poisson_glm","rolling_one_step",2,1,6,4,4.00617447333917,NA,1.70427618469401,0.500048892394564,0.513743194250749,NA,NA,3.81241210160688e-05,0.00617447333916576
1,"inad_unconstrained","rolling_one_step",2,1,7,5,5.84,0.377048613000574,2.22988326121731,1.02015145122279,0.475378408659189,1,1,0.7056,0.84
1,"inad_constrained_alpha","rolling_one_step",2,1,7,5,5.5,0.317979733805649,1.92810353040585,0.76740020109164,0.406452891074153,1,1,0.25,0.5
1,"nb_glm","rolling_one_step",2,1,7,5,5.85412622221701,NA,2.27516361143498,1.01924140575568,0.391891665551695,NA,NA,0.7295316034787,0.854126222217009
1,"poisson_glm","rolling_one_step",2,1,7,5,5.6659727598332,NA,1.91285955870482,0.760235136581401,0.446067258051498,NA,NA,0.443519716839847,0.665972759833198
1,"inad_unconstrained","rolling_one_step",2,1,8,12,5.22,0.334114236799816,2.95353191906361,4.78245019322235,0.929049831345609,0,1,45.9684,6.78
1,"inad_constrained_alpha","rolling_one_step",2,1,8,12,5.94,0.315850623177502,4.77068462446567,4.1981100689457,0.922244275081903,0,1,36.7236,6.06
1,"nb_glm","rolling_one_step",2,1,8,12,6.21444887223121,NA,3.4285112411261,3.94293495857596,0.887763941190801,NA,NA,33.4726018520267,5.78555112776879
1,"poisson_glm","rolling_one_step",2,1,8,12,6.03947593884035,NA,3.98972378017378,4.21765674623937,0.944924659015662,NA,NA,35.5278470836631,5.96052406115965
1,"inad_unconstrained","rolling_one_step",2,1,9,2,5.13,0.325562450369985,2.1719813689086,2.02254107049948,0.112745681434904,1,1,9.7969,3.13
1,"inad_constrained_alpha","rolling_one_step",2,1,9,2,4.14,0.267052750813714,1.7397446960385,1.14893633270321,0.212052867364887,1,1,4.5796,2.14
1,"nb_glm","rolling_one_step",2,1,9,2,3.45519681790039,NA,1.87304314668914,1.09770438915247,0.242261561106579,NA,NA,2.11759777882743,1.45519681790039
1,"poisson_glm","rolling_one_step",2,1,9,2,3.22503849947195,NA,1.73467723959909,0.978234792942096,0.314993544991474,NA,NA,1.50071932518849,1.22503849947195
1,"inad_unconstrained","rolling_one_step",2,1,10,3,6.1,0.445969605341988,2.25417595378636,1.8200287616,0.212010482242107,1,1,9.61,3.1
1,"inad_constrained_alpha","rolling_one_step",2,1,10,3,4.8,0.293704998702144,1.90235103430343,0.9705202268431,0.286490625418723,1,1,3.24,1.8
1,"nb_glm","rolling_one_step",2,1,10,3,4.95201896911958,NA,2.14012338415743,1.37350496162894,0.328930625310205,NA,NA,3.81037805580266,1.95201896911958
1,"poisson_glm","rolling_one_step",2,1,10,3,4.73800654130759,NA,2.01427447455755,1.27411441632333,0.274981795515788,NA,NA,3.02066673762796,1.73800654130759
1,"inad_unconstrained","rolling_one_step",2,1,11,2,5.05,0.286876244743234,2.55609974218455,1.85469848053181,0.127739487189688,1,1,9.3025,3.05
1,"inad_constrained_alpha","rolling_one_step",2,1,11,2,4.52,0.275417039150713,2.79914513960121,1.53210566290131,0.179981121585367,1,1,6.3504,2.52
1,"nb_glm","rolling_one_step",2,1,11,2,3.45519681790039,NA,1.81434169825794,0.898855567534637,0.31188366813099,NA,NA,2.11759777882743,1.45519681790039
1,"poisson_glm","rolling_one_step",2,1,11,2,3.22503849947195,NA,1.67656933237695,0.800965157245104,0.3181896161549,NA,NA,1.50071932518849,1.22503849947195
1,"inad_unconstrained","rolling_one_step",2,1,12,3,5.13,0.298025488707244,2.17945240759042,1.21237240636147,0.216596829827618,1,1,4.5369,2.13
1,"inad_constrained_alpha","rolling_one_step",2,1,12,3,5.02,0.294728089032326,2.56461043185246,1.24106052858374,0.258605714180917,1,1,4.0804,2.02
1,"nb_glm","rolling_one_step",2,1,12,3,5.85412622221701,NA,2.2332056654606,1.5217937905593,0.223016422603058,NA,NA,8.14603649234674,2.85412622221701
1,"poisson_glm","rolling_one_step",2,1,12,3,5.6659727598332,NA,2.31962993361715,1.64943650561902,0.174910377267863,NA,NA,7.10741075617264,2.6659727598332
1,"inad_unconstrained","rolling_one_step",3,1,1,1,2.52,0.149396090709201,1.62813004544625,0.834689626200274,0.206594313543497,1,1,2.3104,1.52
1,"inad_constrained_alpha","rolling_one_step",3,1,1,1,2.54,0.15790292376436,1.55546638952267,0.845186694214876,0.216534238970415,1,1,2.3716,1.54
1,"nb_glm","rolling_one_step",3,1,1,1,2.28547288242454,NA,1.4709494119659,0.648509819331124,0.340731835772964,NA,NA,1.65244053144886,1.28547288242454
1,"poisson_glm","rolling_one_step",3,1,1,1,2.21930429986395,NA,1.46678372789915,0.672566517096082,0.243254332315428,NA,NA,1.48670297566671,1.21930429986395
1,"inad_unconstrained","rolling_one_step",3,1,2,0,2.77,0.173993498078915,2.90042209374967,1.85362463636364,0.0150040868949145,0,1,7.6729,2.77
1,"inad_constrained_alpha","rolling_one_step",3,1,2,0,2.42,0.174761020085756,2.1172100987132,1.50873596498611,0.0935068142872064,1,1,5.8564,2.42
1,"nb_glm","rolling_one_step",3,1,2,0,2.86811388754098,NA,2.16790297003509,1.69087393715602,0.0660929077595269,NA,NA,8.22607727190541,2.86811388754098
1,"poisson_glm","rolling_one_step",3,1,2,0,2.82891861865058,NA,2.75693994869256,1.92644762865304,0.0565277076687845,NA,NA,8.00278055094788,2.82891861865058
1,"inad_unconstrained","rolling_one_step",3,1,3,0,3.15,0.20269646910062,2.31155376297681,2.10532004942602,0.00700785692211606,1,1,9.9225,3.15
1,"inad_constrained_alpha","rolling_one_step",3,1,3,0,3.24,0.176452128168956,2.90042209374967,2.27228466115702,0.0428507750749122,0,1,10.4976,3.24
1,"nb_glm","rolling_one_step",3,1,3,0,3.2755601673806,NA,2.40864693541248,2.02655518618073,0.0282377006547935,NA,NA,10.7292944101304,3.2755601673806
1,"poisson_glm","rolling_one_step",3,1,3,0,3.26045046954606,NA,3.13375789733762,2.3083624460762,0.0346690907715296,NA,NA,10.6305372643631,3.26045046954606
1,"inad_unconstrained","rolling_one_step",3,1,4,4,2.69,0.170971673476378,1.74661229633712,0.778208834710744,0.720637657206675,1,1,1.7161,1.31
1,"inad_constrained_alpha","rolling_one_step",3,1,4,4,2.82,0.164150706807661,2.1172100987132,0.796122817944617,0.79001848217886,1,1,1.3924,1.18
1,"nb_glm","rolling_one_step",3,1,4,4,2.86811388754098,NA,2.0797581283815,0.864436478739202,0.760418750302791,NA,NA,1.2811661715776,1.13188611245902
1,"poisson_glm","rolling_one_step",3,1,4,4,2.82891861865058,NA,1.86945088092324,0.747179976372677,0.723489437605341,NA,NA,1.37143160174328,1.17108138134942
1,"inad_unconstrained","rolling_one_step",3,1,5,1,3.58,0.193938446967385,1.99218995330303,1.53779285772259,0.0900235439709027,1,1,6.6564,2.58
1,"inad_constrained_alpha","rolling_one_step",3,1,5,1,3.55,0.200189304349053,2.21549864374733,1.52083656359062,0.0725177735815806,1,1,6.5025,2.55
1,"nb_glm","rolling_one_step",3,1,5,1,3.59928894154228,NA,1.93855496945532,1.32876150991034,0.119958363078004,NA,NA,6.75630300162399,2.59928894154228
1,"poisson_glm","rolling_one_step",3,1,5,1,3.60598614234131,NA,2.31778818759512,1.62239997052554,0.0995855949509322,NA,NA,6.79116377407493,2.60598614234131
1,"inad_unconstrained","rolling_one_step",3,1,6,5,3.8,0.228300705476817,2.32044271039405,0.888796397525256,0.716392444618236,1,1,1.44,1.2
1,"inad_constrained_alpha","rolling_one_step",3,1,6,5,3.49,0.203253834433993,2.30258509299405,0.970841774206639,0.682798214227397,1,1,2.2801,1.51
1,"nb_glm","rolling_one_step",3,1,6,5,3.87226761203653,NA,2.23082215559144,0.937956970189246,0.645368124186307,NA,NA,1.27178033886178,1.12773238796347
1,"poisson_glm","rolling_one_step",3,1,6,5,3.89902871263977,NA,1.93144732190134,0.739543669907623,0.653412809302525,NA,NA,1.21213777559164,1.10097128736023
1,"inad_unconstrained","rolling_one_step",3,1,7,6,5.3,0.264956638342994,2.58141755016884,0.821643652777778,0.593257235462622,1,1,0.49,0.7
1,"inad_constrained_alpha","rolling_one_step",3,1,7,6,5.66,0.241301186541348,1.89361735433468,0.622080886426593,0.46471275591414,1,1,0.1156,0.34
1,"nb_glm","rolling_one_step",3,1,7,6,5.41361750300029,NA,2.37298252545626,0.977813239173767,0.590979670670934,NA,NA,0.34384443278761,0.586382496999706
1,"poisson_glm","rolling_one_step",3,1,7,6,5.43617525581949,NA,1.96785959021505,0.681335849668452,0.522870271709198,NA,NA,0.317898342150214,0.563824744180507
1,"inad_unconstrained","rolling_one_step",3,1,8,14,7.08,0.329578855848221,4.08098877104054,4.81146796130217,0.947496332267511,0,1,47.8864,6.92
1,"inad_constrained_alpha","rolling_one_step",3,1,8,14,7.5,0.286215289457415,4.08098877104054,4.6973274768731,0.934231334831116,0,1,42.25,6.5
1,"nb_glm","rolling_one_step",3,1,8,14,6.97423034916335,NA,3.62593241954028,4.95996361331686,0.91877000896038,NA,NA,49.3614391866174,7.02576965083665
1,"poisson_glm","rolling_one_step",3,1,8,14,7.12637649960389,NA,4.18475488058812,5.00579136439515,0.967327740019986,NA,NA,47.2467000251977,6.87362350039611
1,"inad_unconstrained","rolling_one_step",3,1,9,3,4.57,0.225744559315626,2.24216689082949,0.983858564173592,0.202491407054762,1,1,2.4649,1.57
1,"inad_constrained_alpha","rolling_one_step",3,1,9,3,3.94,0.186850558771258,1.608987563406,0.593348186023862,0.414203192007011,1,1,0.8836,0.94
1,"nb_glm","rolling_one_step",3,1,9,3,4.31387193258701,NA,1.93552909349335,0.793824883301016,0.357599223531753,NA,NA,1.72625945523992,1.31387193258701
1,"poisson_glm","rolling_one_step",3,1,9,3,4.26471339278368,NA,1.77293134867385,0.768850322140953,0.350291076031886,NA,NA,1.5994999658864,1.26471339278368
1,"inad_unconstrained","rolling_one_step",3,1,10,13,4.97,0.248817404958136,4.04679740629227,6.32154311531191,0.99022082622983,0,0,64.4809,8.03
1,"inad_constrained_alpha","rolling_one_step",3,1,10,13,4.62,0.234748952515385,4.74493212836325,6.6906043705104,0.993096532603807,0,0,70.2244,8.38
1,"nb_glm","rolling_one_step",3,1,10,13,4.74021869505349,NA,4.12096128250008,6.4421348760296,0.986503258039581,NA,NA,68.2239872055438,8.25978130494651
1,"poisson_glm","rolling_one_step",3,1,10,13,4.71667873475668,NA,4.66488067803697,6.67254476323336,0.998869497674477,NA,NA,68.6134111832322,8.28332126524332
1,"inad_unconstrained","rolling_one_step",3,1,11,17,4.8,0.234413086131075,4.77912349311153,9.92912283030859,0.996076569896379,0,0,148.84,12.2
1,"inad_constrained_alpha","rolling_one_step",3,1,11,17,4.63,0.238113375932516,4.77912349311153,10.054135025775,0.994356949641487,0,0,153.0169,12.37
1,"nb_glm","rolling_one_step",3,1,11,17,4.31387193258701,NA,4.700779996639,10.0881895309854,0.995187044890166,NA,NA,160.937845342804,12.686128067413
1,"poisson_glm","rolling_one_step",3,1,11,17,4.26471339278368,NA,4.7789191764394,10.4652467906137,0.996199688597147,NA,NA,162.187524967943,12.7352866072163
1,"inad_unconstrained","rolling_one_step",3,1,12,2,4.85,0.252812462932786,2.7904870768581,1.75266583742911,0.0943007348054696,1,1,8.1225,2.85
1,"inad_constrained_alpha","rolling_one_step",3,1,12,2,4.83,0.234867252427039,2.45062910043224,1.80473487471693,0.102689388190619,1,1,8.0089,2.83
1,"nb_glm","rolling_one_step",3,1,12,2,4.74021869505349,NA,2.11900708468283,1.51911997255035,0.161337008889714,NA,NA,7.50879849672066,2.74021869505349
1,"poisson_glm","rolling_one_step",3,1,12,2,4.71667873475668,NA,2.35977515558995,1.73949979396264,0.0995512974372727,NA,NA,7.38034334787914,2.71667873475668
1,"inad_unconstrained","rolling_one_step",4,1,1,2,2.74,0.22501178420319,1.81872698888701,0.558330213647959,0.361629158691836,1,1,0.5476,0.74
1,"inad_constrained_alpha","rolling_one_step",4,1,1,2,4.04,0.287770952690019,2.03624994309706,1.19243311533888,0.18631130230324,1,1,4.1616,2.04
1,"nb_glm","rolling_one_step",4,1,1,2,3.75169602166251,NA,1.8714360991817,1.00317595998511,0.328102537350042,NA,NA,3.06843895230825,1.75169602166251
1,"poisson_glm","rolling_one_step",4,1,1,2,3.77776524390653,NA,1.89221659602726,1.09084233486791,0.147898180874296,NA,NA,3.16044926244204,1.77776524390653
1,"inad_unconstrained","rolling_one_step",4,1,2,7,2.03,0.23026335383906,4.03806372632351,3.61796822868575,0.922950346382159,0,1,24.7009,4.97
1,"inad_constrained_alpha","rolling_one_step",4,1,2,7,4.37,0.375151147990225,2.69097001082967,1.7573409434362,0.744623957073136,1,1,6.9169,2.63
1,"nb_glm","rolling_one_step",4,1,2,7,2.98956033714585,NA,3.30188443947857,2.48298675258429,0.859331162316311,NA,NA,16.0836262893937,4.01043966285415
1,"poisson_glm","rolling_one_step",4,1,2,7,2.96368039518846,NA,3.65491368130006,2.58195404203508,0.904884496162413,NA,NA,16.291875952186,4.03631960481154
1,"inad_unconstrained","rolling_one_step",4,1,3,8,1.81,0.173318763956457,4.71849887129509,4.88256904496173,0.966663931856165,0,0,38.3161,6.19
1,"inad_constrained_alpha","rolling_one_step",4,1,3,8,4,0.34960294939005,3.14476785271448,2.55498156183797,0.834338902818341,1,1,16,4
1,"nb_glm","rolling_one_step",4,1,3,8,2.98956033714585,NA,3.67387915528195,3.34218833874862,0.903553414442457,NA,NA,25.104505615102,5.01043966285415
1,"poisson_glm","rolling_one_step",4,1,3,8,2.96368039518846,NA,4.19134351252139,3.50130320783196,0.928849491323966,NA,NA,25.364515161809,5.03631960481154
1,"inad_unconstrained","rolling_one_step",4,1,4,4,5.1,0.330747546315826,2.47594690841653,0.972559402777778,0.410803050286214,1,1,1.21,1.1
1,"inad_constrained_alpha","rolling_one_step",4,1,4,4,5.81,0.398911397468539,2.29346018521705,1.2881640625,0.422285749311889,1,1,3.2761,1.81
1,"nb_glm","rolling_one_step",4,1,4,4,5.06520018538925,NA,2.13194556445488,0.944220423660318,0.420968168052957,NA,NA,1.1346514349533,1.06520018538925
1,"poisson_glm","rolling_one_step",4,1,4,4,5.20680059811347,NA,1.90003119121186,0.873370904336636,0.288671064455426,NA,NA,1.45636768360703,1.20680059811347
1,"inad_unconstrained","rolling_one_step",4,1,5,0,2.69,0.224145966150217,2.08789825169806,1.66717569252078,0.00760178935162625,1,1,7.2361,2.69
1,"inad_constrained_alpha","rolling_one_step",4,1,5,0,4.29,0.364122024168888,2.08668079672395,2.78214516930933,0.0462685889327425,1,1,18.4041,4.29
1,"nb_glm","rolling_one_step",4,1,5,0,3.75169602166251,NA,2.73381895517985,2.67346265439943,0.0581429583923455,NA,NA,14.0752230389583,3.75169602166251
1,"poisson_glm","rolling_one_step",4,1,5,0,3.77776524390653,NA,3.60699765751492,2.97175316479075,0.0218469942491487,NA,NA,14.2715102380682,3.77776524390653
1,"inad_unconstrained","rolling_one_step",4,1,6,8,5.21,0.346496170194702,3.14476785271448,1.9449907005625,0.803114149185678,1,1,7.7841,2.79
1,"inad_constrained_alpha","rolling_one_step",4,1,6,8,5.17,0.375258833232733,2.84134549409159,1.81326769346356,0.740529735062718,1,1,8.0089,2.83
1,"nb_glm","rolling_one_step",4,1,6,8,5.37696427867536,NA,2.77683515093595,1.65945058759786,0.709251052831092,NA,NA,6.88031639534509,2.62303572132464
1,"poisson_glm","rolling_one_step",4,1,6,8,5.55003496550019,NA,2.51684999711943,1.40219385968291,0.767179710870921,NA,NA,6.00232867027168,2.44996503449981
1,"inad_unconstrained","rolling_one_step",4,1,7,3,7.21,0.371536531096733,3.20287548352176,2.76498114594173,0.124534029387869,1,1,17.7241,4.21
1,"inad_constrained_alpha","rolling_one_step",4,1,7,3,6.78,0.481281958141299,2.6222395446891,2.2239369728,0.244623815193474,1,1,14.2884,3.78
1,"nb_glm","rolling_one_step",4,1,7,3,7.44819828192721,NA,2.60357616272112,2.65213893992083,0.119898060145257,NA,NA,19.7864679553401,4.44819828192721
1,"poisson_glm","rolling_one_step",4,1,7,3,7.66211954880658,NA,3.31071880712378,3.29892516606382,0.069922370597648,NA,NA,21.7353586873645,4.66211954880658
1,"inad_unconstrained","rolling_one_step",4,1,8,4,13.35,0.560370548400923,4.87519732320115,6.13247387098654,0.0357371440107529,0,0,87.4225,9.35
1,"inad_constrained_alpha","rolling_one_step",4,1,8,4,9.01,0.468932809470589,3.22678100437531,3.06827159154318,0.14534470428148,1,1,25.1001,5.01
1,"nb_glm","rolling_one_step",4,1,8,4,9.5606581380677,NA,2.8507641297567,3.41624971353234,0.171761342064288,NA,NA,30.9209189284585,5.5606581380677
1,"poisson_glm","rolling_one_step",4,1,8,4,10.0056185380661,NA,3.80905664792942,4.39189977469996,0.0538583048598914,NA,NA,36.0674540247634,6.00561853806611
1,"inad_unconstrained","rolling_one_step",4,1,9,7,5.21,0.357119508616294,2.46757865874601,1.31875659204858,0.648119773217438,1,1,3.2041,1.79
1,"inad_constrained_alpha","rolling_one_step",4,1,9,7,6.15,0.518618015946849,3.1125966136933,1.69781076448962,0.536611556212678,1,1,0.722499999999999,0.85
1,"nb_glm","rolling_one_step",4,1,9,7,6.20054165118586,NA,2.61782465276095,1.42038563239546,0.495992703283104,NA,NA,0.639133651488628,0.799458348814138
1,"poisson_glm","rolling_one_step",4,1,9,7,6.29869833418411,NA,2.1722702845365,1.04830246404428,0.49971530482818,NA,NA,0.491824026476138,0.701301665815887
1,"inad_unconstrained","rolling_one_step",4,1,10,10,12.51,0.490618039421769,2.66912313058795,1.68622520249403,0.331302763647649,1,1,6.3001,2.51
1,"inad_constrained_alpha","rolling_one_step",4,1,10,10,9.84,0.55281099844341,2.79464844030451,1.42355003443526,0.5295733081669,1,1,0.0256,0.16
1,"nb_glm","rolling_one_step",4,1,10,10,9.34698507859437,NA,2.83585486143024,1.57673283966298,0.545398334897253,NA,NA,0.426428487578396,0.653014921405626
1,"poisson_glm","rolling_one_step",4,1,10,10,9.76680514306861,NA,2.27263940494365,0.995552462128136,0.531830389076113,NA,NA,0.0543798412992535,0.233194856931394
1,"inad_unconstrained","rolling_one_step",4,1,11,10,16.59,0.565345161397134,3.82921710174391,3.98676573158739,0.141555876640616,1,1,43.4281,6.59
1,"inad_constrained_alpha","rolling_one_step",4,1,11,10,9.97,0.548543526076099,2.7355682299961,1.64085949489796,0.482501136059341,1,1,0.000899999999999962,0.0299999999999994
1,"nb_glm","rolling_one_step",4,1,11,10,10.1491185752743,NA,2.89077400410202,1.87336151218317,0.4626116669527,NA,NA,0.0222363494918336,0.149118575274288
1,"poisson_glm","rolling_one_step",4,1,11,10,10.6651928936637,NA,2.34854090776401,1.34887613737451,0.371230290449373,NA,NA,0.442481585780709,0.665192893663717
1,"inad_unconstrained","rolling_one_step",4,1,12,1,4.65,0.34651949090312,2.23804657185647,2.34087973428515,0.0393693000284152,1,1,13.3225,3.65
1,"inad_constrained_alpha","rolling_one_step",4,1,12,1,6.08,0.450068457194699,2.84134549409159,3.01812978621679,0.101780075711267,1,1,25.8064,5.08
1,"nb_glm","rolling_one_step",4,1,12,1,5.64284990137687,NA,2.75626290256959,3.06347357997046,0.0884030883554757,NA,NA,21.5560552067152,4.64284990137687
1,"poisson_glm","rolling_one_step",4,1,12,1,5.6951394516135,NA,3.7358150669394,3.56330024051378,0.0320263540219675,NA,NA,22.0443344700975,4.6951394516135
1,"inad_unconstrained","rolling_one_step",5,1,1,2,5.13,0.346017749296597,2.03624994309706,1.68783526307967,0.220820221194018,1,1,9.7969,3.13
1,"inad_constrained_alpha","rolling_one_step",5,1,1,2,4.23,0.31872695004795,1.88771986037397,1.3451354375,0.275753175574083,1,1,4.9729,2.23
1,"nb_glm","rolling_one_step",5,1,1,2,4.22386113224031,NA,2.02013333900053,1.35038223548314,0.268728394083876,NA,NA,4.94555833548914,2.22386113224031
1,"poisson_glm","rolling_one_step",5,1,1,2,4.099972689225,NA,2.07486371838479,1.3917784239356,0.18183984114198,NA,NA,4.40988529549087,2.099972689225
1,"inad_unconstrained","rolling_one_step",5,1,2,9,6.11,0.362063390844613,3.38535711715294,1.87993148082763,0.761331059385009,1,1,8.3521,2.89
1,"inad_constrained_alpha","rolling_one_step",5,1,2,9,5.96,0.345218420099156,2.46757865874601,1.81475613304145,0.794831214074002,1,1,9.2416,3.04
1,"nb_glm","rolling_one_step",5,1,2,9,5.82453262264032,NA,2.88876461559879,2.0255433260162,0.801490971890924,NA,NA,10.0835930646756,3.17546737735968
1,"poisson_glm","rolling_one_step",5,1,2,9,5.7800422042239,NA,2.80638949838098,1.92979841895851,0.853594547094886,NA,NA,10.3681282065793,3.2199577957761
1,"inad_unconstrained","rolling_one_step",5,1,3,3,6.3,0.359432774231732,2.40523924705413,1.98857245026109,0.200658548692037,1,1,10.89,3.3
1,"inad_constrained_alpha","rolling_one_step",5,1,3,3,6.44,0.364960216456478,2.27665306690066,1.91848734559035,0.183426326130541,1,1,11.8336,3.44
1,"nb_glm","rolling_one_step",5,1,3,3,6.05367553634505,NA,2.32164454284188,1.82656530140766,0.183468903984395,NA,NA,9.32493428127225,3.05367553634505
1,"poisson_glm","rolling_one_step",5,1,3,3,6.02340016217206,NA,2.51887128918608,2.0326623216125,0.13696257067499,NA,NA,9.14094854062205,3.02340016217206
1,"inad_unconstrained","rolling_one_step",5,1,4,2,5.36,0.360560730535149,2.2133539592661,1.95070548611111,0.166446296633532,1,1,11.2896,3.36
1,"inad_constrained_alpha","rolling_one_step",5,1,4,2,5.15,0.342709052914414,1.95320945153692,1.8102425175876,0.112202902046178,1,1,9.9225,3.15
1,"nb_glm","rolling_one_step",5,1,4,2,4.99332017252903,NA,2.22056816177727,1.80171381482686,0.209952141994062,NA,NA,8.95996565526924,2.99332017252903
1,"poisson_glm","rolling_one_step",5,1,4,2,4.90297625608551,NA,2.4918935353135,1.98030224516915,0.0866799820184277,NA,NA,8.42727114339622,2.90297625608551
1,"inad_unconstrained","rolling_one_step",5,1,5,2,4.87,0.315477832226391,2.43338729399773,1.61294904347826,0.217108206750704,1,1,8.2369,2.87
1,"inad_constrained_alpha","rolling_one_step",5,1,5,2,3.91,0.300200269853646,2.33798702004496,1.12651624196597,0.267910062233998,1,1,3.6481,1.91
1,"nb_glm","rolling_one_step",5,1,5,2,2.94713562980648,NA,1.69473663102744,0.659576986226853,0.426866924175865,NA,NA,0.89706590124892,0.947135629806481
1,"poisson_glm","rolling_one_step",5,1,5,2,2.79074535973204,NA,1.52049443274142,0.567768135101406,0.268951049138376,NA,NA,0.625278223937746,0.790745359732036
1,"inad_unconstrained","rolling_one_step",5,1,6,7,5.73,0.314900978503761,2.27665306690066,1.02150445992531,0.717159849792182,1,1,1.6129,1.27
1,"inad_constrained_alpha","rolling_one_step",5,1,6,7,6.26,0.344837833355233,1.95320945153692,0.899188921521754,0.551281136379169,1,1,0.5476,0.74
1,"nb_glm","rolling_one_step",5,1,6,7,6.05367553634505,NA,2.5044884202483,1.12697210998321,0.64678413141191,NA,NA,0.895529990511821,0.946324463654946
1,"poisson_glm","rolling_one_step",5,1,6,7,6.02340016217206,NA,2.09047479949686,0.799828123344236,0.58558109785657,NA,NA,0.953747243245555,0.976599837827938
1,"inad_unconstrained","rolling_one_step",5,1,7,10,6.23,0.396921232294853,2.97062635242291,2.30110533611031,0.766917567214814,1,1,14.2129,3.77
1,"inad_constrained_alpha","rolling_one_step",5,1,7,10,6.17,0.439709500061625,2.85773930386727,2.34419926630974,0.784998308890916,1,1,14.6689,3.83
1,"nb_glm","rolling_one_step",5,1,7,10,6.11255006204528,NA,3.08154672454298,2.340273195591,0.805103679744806,NA,NA,15.1122670201042,3.88744993795472
1,"poisson_glm","rolling_one_step",5,1,7,10,5.93116018077192,NA,3.20638308040887,2.42393868255422,0.85196164859713,NA,NA,16.555457474536,4.06883981922808
1,"inad_unconstrained","rolling_one_step",5,1,8,14,6.96,0.46988500634934,4.14605236438761,4.22315889391779,0.849569269160109,0,1,49.5616,7.04
1,"inad_constrained_alpha","rolling_one_step",5,1,8,14,6.32,0.349857113690718,4.08098877104054,5.38848671703976,0.956315056955023,0,1,58.9824,7.68
1,"nb_glm","rolling_one_step",5,1,8,14,6.57614045902844,NA,3.81720800166232,4.52884730347944,0.859575605400682,NA,NA,55.1136904840744,7.42385954097156
1,"poisson_glm","rolling_one_step",5,1,8,14,6.41315937755663,NA,4.52340863728315,4.98181576404063,0.904863745541485,NA,NA,57.5601506303569,7.58684062244337
1,"inad_unconstrained","rolling_one_step",5,1,9,3,6.54,0.332246713735258,2.46757865874601,2.05967763576019,0.158114082225806,1,1,12.5316,3.54
1,"inad_constrained_alpha","rolling_one_step",5,1,9,3,8,0.423549217203785,3.48143094724256,3.50831927043879,0.0985578922380672,1,1,25,5
1,"nb_glm","rolling_one_step",5,1,9,3,7.67083690034566,NA,2.6962346371073,3.07940108674927,0.17100716358083,NA,NA,21.8167173496306,4.67083690034566
1,"poisson_glm","rolling_one_step",5,1,9,3,7.56037352183439,NA,3.30915483525108,3.45166803607089,0.0721852678438839,NA,NA,20.7970066586482,4.56037352183439
1,"inad_unconstrained","rolling_one_step",5,1,10,8,6.45,0.370196508013588,2.35522882647947,1.27168687997662,0.600354210574291,1,1,2.4025,1.55
1,"inad_constrained_alpha","rolling_one_step",5,1,10,8,7.86,0.422598981293021,3.02022329356229,1.22208625130073,0.542268834634883,1,1,0.0195999999999999,0.14
1,"nb_glm","rolling_one_step",5,1,10,8,8.51436064698798,NA,2.59800751007312,1.24568150460476,0.47604140321346,NA,NA,0.264566875169897,0.514360646987983
1,"poisson_glm","rolling_one_step",5,1,10,8,8.4521850871749,NA,2.11717883964481,0.836681383359582,0.483711162656838,NA,NA,0.204471353063374,0.452185087174902
1,"inad_unconstrained","rolling_one_step",5,1,11,5,7.29,0.38304864263728,2.30998948716826,1.48412647809729,0.310592837232264,1,1,5.2441,2.29
1,"inad_constrained_alpha","rolling_one_step",5,1,11,5,8.9,0.444835686381823,2.88183685544633,2.38783314436886,0.165850087058405,1,1,15.21,3.9
1,"nb_glm","rolling_one_step",5,1,11,5,8.51436064698798,NA,2.56320802098874,2.03696161610852,0.260105599692893,NA,NA,12.3507307570978,3.51436064698798
1,"poisson_glm","rolling_one_step",5,1,11,5,8.4521850871749,NA,2.66733575960758,2.24967684969504,0.126332575464191,NA,NA,11.9175818761128,3.4521850871749
1,"inad_unconstrained","rolling_one_step",5,1,12,12,6.19,0.441689822148868,3.39372536682345,3.68220422916667,0.847533289729404,1,1,33.7561,5.81
1,"inad_constrained_alpha","rolling_one_step",5,1,12,12,5,0.342598507547446,3.64833335971959,4.86255964625446,0.951303456915494,0,1,49,7
1,"nb_glm","rolling_one_step",5,1,12,12,4.87082032200764,NA,3.91244368074482,4.80677098063998,0.912794590064063,NA,NA,50.8252028810992,7.12917967799236
1,"poisson_glm","rolling_one_step",5,1,12,12,4.6530321535541,NA,4.59932948432433,5.2854731549613,0.94211589185692,NA,NA,53.9779365367099,7.3469678464459
1,"inad_unconstrained","rolling_one_step",6,1,1,6,4.36,0.327993594418851,2.79914513960121,1.28354060642093,0.679257066660111,1,1,2.6896,1.64
1,"inad_constrained_alpha","rolling_one_step",6,1,1,6,4.05,0.294520668616694,2.34664508278808,1.31074890755053,0.706211191358783,1,1,3.8025,1.95
1,"nb_glm","rolling_one_step",6,1,1,6,4.22744727339465,NA,2.46502870854522,1.21971616887541,0.684006719734729,NA,NA,3.14194316859607,1.77255272660535
1,"poisson_glm","rolling_one_step",6,1,1,6,4.16690985665735,NA,2.23734224887717,1.08093713116829,0.773789601530589,NA,NA,3.36021947361996,1.83309014334265
1,"inad_unconstrained","rolling_one_step",6,1,2,7,6.83,0.379274959560337,2.29346018521705,0.973545590277778,0.539297865916373,1,1,0.0289,0.17
1,"inad_constrained_alpha","rolling_one_step",6,1,2,7,7.14,0.39312783537864,2.8330466912769,1.12682501388889,0.522035763519661,1,1,0.0195999999999999,0.14
1,"nb_glm","rolling_one_step",6,1,2,7,6.27159928322747,NA,2.4818996235578,1.09392556735557,0.582222016587601,NA,NA,0.53056760419473,0.728400716772526
1,"poisson_glm","rolling_one_step",6,1,2,7,6.35179584835424,NA,2.04177570670866,0.736917988529729,0.594307284961606,NA,NA,0.420168622210797,0.648204151645758
1,"inad_unconstrained","rolling_one_step",6,1,3,7,4.53,0.331039074259926,2.70763706331488,1.54518812239601,0.752231651337313,1,1,6.1009,2.47
1,"inad_constrained_alpha","rolling_one_step",6,1,3,7,4.99,0.381251262624172,2.57304930049833,1.50973581667961,0.688332850708618,1,1,4.0401,2.01
1,"nb_glm","rolling_one_step",6,1,3,7,4.64525255057373,NA,2.68465031987938,1.47786117198813,0.73658781586093,NA,NA,5.54483555057955,2.35474744942627
1,"poisson_glm","rolling_one_step",6,1,3,7,4.60851018588969,NA,2.51158530988312,1.35349846052404,0.815904902677441,NA,NA,5.71922353099338,2.39148981411031
1,"inad_unconstrained","rolling_one_step",6,1,4,2,4.76,0.384581630220465,1.81681655501037,1.39781134731399,0.186820362355063,1,1,7.6176,2.76
1,"inad_constrained_alpha","rolling_one_step",6,1,4,2,4.37,0.347474292341727,2.37217838479324,1.3867007767813,0.286345754823679,1,1,5.6169,2.37
1,"nb_glm","rolling_one_step",6,1,4,2,4.22744727339465,NA,2.01228752185351,1.32094176749767,0.245581599399513,NA,NA,4.96152135575325,2.22744727339465
1,"poisson_glm","rolling_one_step",6,1,4,2,4.16690985665735,NA,2.09871345718435,1.4101467197831,0.201713337921889,NA,NA,4.6954983268788,2.16690985665735
1,"inad_unconstrained","rolling_one_step",6,1,5,5,4.3,0.306660078980626,2.27665306690066,0.920662841137604,0.591447768588097,1,1,0.49,0.7
1,"inad_constrained_alpha","rolling_one_step",6,1,5,5,4.11,0.361784298702803,2.38054663446376,1.07157047916667,0.606217413241626,1,1,0.792099999999999,0.89
1,"nb_glm","rolling_one_step",6,1,5,5,4.22744727339465,NA,2.26404382120839,0.887713556916221,0.645711640396335,NA,NA,0.596837715385365,0.772552726605353
1,"poisson_glm","rolling_one_step",6,1,5,5,4.16690985665735,NA,1.93167067540609,0.677262277556656,0.563030743286125,NA,NA,0.69403918693467,0.833090143342646
1,"inad_unconstrained","rolling_one_step",6,1,6,8,6.6,0.394917201397452,2.7158675624514,1.26867132491266,0.606688357851941,1,1,1.96,1.4
1,"inad_constrained_alpha","rolling_one_step",6,1,6,8,5.5,0.3,2.69097001082967,1.48776462114257,0.747221411004518,1,1,6.25,2.5
1,"nb_glm","rolling_one_step",6,1,6,8,5.82947776536374,NA,2.7123402001901,1.49213840537591,0.692354778343457,NA,NA,4.71116677105038,2.17052223463626
1,"poisson_glm","rolling_one_step",6,1,6,8,5.87440860178723,NA,2.40760929157664,1.23029884252423,0.737512619824712,NA,NA,4.51813879215613,2.12559139821277
1,"inad_unconstrained","rolling_one_step",6,1,7,11,7.67,0.495036984640154,3.08274365054362,2.19655086662075,0.757876073660851,1,1,11.0889,3.33
1,"inad_constrained_alpha","rolling_one_step",6,1,7,11,8.27,0.450332088462492,3.03622363490873,2.00970731292517,0.697807698602629,1,1,7.4529,2.73
1,"nb_glm","rolling_one_step",6,1,7,11,8.52158950659371,NA,2.98933326235441,1.85988139637263,0.668057096345283,NA,NA,6.1425185738264,2.47841049340629
1,"poisson_glm","rolling_one_step",6,1,7,11,8.59017754986528,NA,2.59620094014693,1.42240456350805,0.674890239567547,NA,NA,5.80724424117328,2.40982245013472
1,"inad_unconstrained","rolling_one_step",6,1,8,7,10.57,0.575642811528683,2.54826756999615,2.15854061054023,0.254136402770938,1,1,12.7449,3.57
1,"inad_constrained_alpha","rolling_one_step",6,1,8,7,9.19,0.532896601489246,2.41862332817105,1.79548195826125,0.359573831223208,1,1,4.7961,2.19
1,"nb_glm","rolling_one_step",6,1,8,7,9.43298529318295,NA,2.70120591038768,2.07154998329416,0.341586580663735,NA,NA,5.91941743684453,2.43298529318295
1,"poisson_glm","rolling_one_step",6,1,8,7,9.57559847926118,NA,2.4908204618209,1.97887165057658,0.220620753555507,NA,NA,6.63370752637248,2.57559847926118
1,"inad_unconstrained","rolling_one_step",6,1,9,5,5.91,0.37981787235676,2.29346018521705,1.03634252083333,0.438848497724975,1,1,0.8281,0.91
1,"inad_constrained_alpha","rolling_one_step",6,1,9,5,6.2,0.466233565258592,2.19588688976216,1.30418681877364,0.480616204068926,1,1,1.44,1.2
1,"nb_glm","rolling_one_step",6,1,9,5,6.11773973723799,NA,2.33355682945376,1.22825113621798,0.395973145583527,NA,NA,1.24934212020086,1.11773973723799
1,"poisson_glm","rolling_one_step",6,1,9,5,6.02799376776918,NA,2.0023902523837,0.995620848956107,0.310777507938594,NA,NA,1.05677118657227,1.02799376776918
1,"inad_unconstrained","rolling_one_step",6,1,10,14,8.16,0.577301279815633,3.7622776190688,3.72926907692308,0.774995979936471,1,1,34.1056,5.84
1,"inad_constrained_alpha","rolling_one_step",6,1,10,14,7.6,0.511879089258588,3.81472409444135,3.63083878736214,0.772429275461133,1,1,40.96,6.4
1,"nb_glm","rolling_one_step",6,1,10,14,7.97938417009013,NA,3.56086935197822,3.28519006165748,0.759937437265876,NA,NA,36.2478149713613,6.02061582990987
1,"poisson_glm","rolling_one_step",6,1,10,14,8.00731845258819,NA,3.91982981207816,3.37285504821876,0.825228140580304,NA,NA,35.91223212869,5.99268154741181
1,"inad_unconstrained","rolling_one_step",6,1,11,7,8.35,0.551284084129173,3.04412881441584,1.54347228594457,0.433066389515068,1,1,1.8225,1.35
1,"inad_constrained_alpha","rolling_one_step",6,1,11,7,6.26,0.429615755029651,2.47594690841653,1.19880294444444,0.631123462318191,1,1,0.5476,0.74
1,"nb_glm","rolling_one_step",6,1,11,7,6.98683015508809,NA,2.53069649219328,1.20375981964184,0.526289224502144,NA,NA,0.000173444815003849,0.0131698449119133
1,"poisson_glm","rolling_one_step",6,1,11,7,6.94752227263395,NA,2.0687084089645,0.815451174478314,0.523117591030651,NA,NA,0.00275391186950563,0.0524777273660515
1,"inad_unconstrained","rolling_one_step",6,1,12,7,8.88,0.523060148732361,2.22689712650472,1.55521752811608,0.38776879545159,1,1,3.5344,1.88
1,"inad_constrained_alpha","rolling_one_step",6,1,12,7,8.36,0.451153403998456,2.30105953968521,1.41236735621467,0.410811355240814,1,1,1.8496,1.36
1,"nb_glm","rolling_one_step",6,1,12,7,9.00096153543531,NA,2.63333581375619,1.70989067586151,0.362984639311107,NA,NA,4.00384706629162,2.00096153543531
1,"poisson_glm","rolling_one_step",6,1,12,7,9.10762753668977,NA,2.34599940067554,1.54841111468578,0.281594483541297,NA,NA,4.44209383341298,2.10762753668977
1,"inad_unconstrained","rolling_one_step",7,1,1,3,4.43,0.316628386841002,1.82525542365624,0.920457404138126,0.400600840527087,1,1,2.0449,1.43
1,"inad_constrained_alpha","rolling_one_step",7,1,1,3,4.41,0.280365922510298,1.95427839872583,0.885947006771314,0.303850532904811,1,1,1.9881,1.41
1,"nb_glm","rolling_one_step",7,1,1,3,4.27498948118974,NA,1.98517347093898,0.921235033008256,0.381040105688309,NA,NA,1.62559817714449,1.27498948118974
1,"poisson_glm","rolling_one_step",7,1,1,3,4.13213446795099,NA,1.78037925921239,0.809845568339223,0.349490155124472,NA,NA,1.28172845352268,1.13213446795099
1,"inad_unconstrained","rolling_one_step",7,1,2,6,4.62,0.331138226806458,2.16388415867598,1.03901900984863,0.663358667788978,1,1,1.9044,1.38
1,"inad_constrained_alpha","rolling_one_step",7,1,2,6,5.33,0.35364051826907,2.29346018521705,1.02546375694444,0.572348610097077,1,1,0.4489,0.67
1,"nb_glm","rolling_one_step",7,1,2,6,4.46615477633092,NA,2.48748928024547,1.14035090688807,0.659163728089195,NA,NA,2.35268117017244,1.53384522366908
1,"poisson_glm","rolling_one_step",7,1,2,6,4.32992057978436,NA,2.23399332035966,0.983281338814821,0.741081825753144,NA,NA,2.78916526982781,1.67007942021564
1,"inad_unconstrained","rolling_one_step",7,1,3,11,4.67,0.268198253220082,4.7361984483945,4.65668366420437,0.960716681457125,0,1,40.0689,6.33
1,"inad_constrained_alpha","rolling_one_step",7,1,3,11,4.94,0.30544552656238,4.06403921272677,4.09985281612974,0.947988135994145,0,1,36.7236,6.06
1,"nb_glm","rolling_one_step",7,1,3,11,4.46615477633092,NA,3.81035297788602,4.56122708246739,0.929665749080447,NA,NA,42.6911334068632,6.53384522366908
1,"poisson_glm","rolling_one_step",7,1,3,11,4.32992057978436,NA,4.47384379838926,4.92398750975825,0.954277886612316,NA,NA,44.4899594719842,6.67007942021564
1,"inad_unconstrained","rolling_one_step",7,1,4,7,3.66,0.311795063489083,3.17838446351346,2.03517919541015,0.809991086292704,1,1,11.1556,3.34
1,"inad_constrained_alpha","rolling_one_step",7,1,4,7,3.27,0.271492321821596,3.11879236631122,2.46532787780856,0.833455495998231,1,1,13.9129,3.73
1,"nb_glm","rolling_one_step",7,1,4,7,3.23878649026472,NA,3.17792529681039,2.24200766710387,0.83648846885445,NA,NA,14.1467270658152,3.76121350973528
1,"poisson_glm","rolling_one_step",7,1,4,7,3.07135406565995,NA,3.57345041414047,2.42858084345486,0.879367574274797,NA,NA,15.4342588774066,3.92864593434005
1,"inad_unconstrained","rolling_one_step",7,1,5,4,3.9,0.291114195372666,1.95427839872583,0.688820867959372,0.546328195969476,1,1,0.01,0.1
1,"inad_constrained_alpha","rolling_one_step",7,1,5,4,4.04,0.286010524635056,1.7397446960385,0.623999092627599,0.622441547537526,1,1,0.0016,0.04
1,"nb_glm","rolling_one_step",7,1,5,4,4.06445798720389,NA,2.03274553165226,0.689704131568745,0.537084591260348,NA,NA,0.00415483211437733,0.0644579872038937
1,"poisson_glm","rolling_one_step",7,1,5,4,3.91501548541415,NA,1.71406935662454,0.507579176140509,0.579051669818455,NA,NA,0.0072223677193923,0.0849845145858485
1,"inad_unconstrained","rolling_one_step",7,1,6,9,5.13,0.281286725997197,2.81623957296051,2.38365382792301,0.831853763671687,1,1,14.9769,3.87
1,"inad_constrained_alpha","rolling_one_step",7,1,6,9,5.62,0.358385831249513,3.38535711715294,2.14889702704611,0.77502542917376,1,1,11.4244,3.38
1,"nb_glm","rolling_one_step",7,1,6,9,4.64185775282844,NA,3.21057876395438,2.70781470906041,0.835719403432908,NA,NA,18.9934038465816,4.35814224717156
1,"poisson_glm","rolling_one_step",7,1,6,9,4.51222385597913,NA,3.56470861617597,2.89580441276721,0.901912076454014,NA,NA,20.1401347188428,4.48777614402087
1,"inad_unconstrained","rolling_one_step",7,1,7,13,6.61,0.398708774506766,4.10588632266227,4.21085821687718,0.888204786321358,0,1,40.8321,6.39
1,"inad_constrained_alpha","rolling_one_step",7,1,7,13,7.48,0.407376429798725,4.8283137373023,3.4619412352,0.833065515246987,0,1,30.4704,5.52
1,"nb_glm","rolling_one_step",7,1,7,13,6.71745282497194,NA,3.56919562967949,3.83006525017174,0.853674197592614,NA,NA,39.470399006453,6.28254717502806
1,"poisson_glm","rolling_one_step",7,1,7,13,6.52753676424401,NA,4.17253823883915,4.20731511642393,0.911866556167637,NA,NA,41.8927803382128,6.47246323575599
1,"inad_unconstrained","rolling_one_step",7,1,8,8,6.06,0.367854824240721,2.56461043185246,1.40807378626831,0.657645753526713,1,1,3.7636,1.94
1,"inad_constrained_alpha","rolling_one_step",7,1,8,8,5.95,0.389865296602493,2.70763706331488,1.48497250870842,0.662618881048642,1,1,4.2025,2.05
1,"nb_glm","rolling_one_step",7,1,8,8,5.88187019981086,NA,2.69579102786829,1.48193776783337,0.675232858013482,NA,NA,4.48647385044931,2.11812980018914
1,"poisson_glm","rolling_one_step",7,1,8,8,5.66359478813581,NA,2.47322972712779,1.34184010807423,0.729762193408146,NA,NA,5.45878931402614,2.33640521186419
1,"inad_unconstrained","rolling_one_step",7,1,9,4,5.72,0.42356829556767,2.23804657185647,1.34249619935224,0.343303127740699,1,1,2.9584,1.72
1,"inad_constrained_alpha","rolling_one_step",7,1,9,4,5.52,0.366385567180783,2.08668079672395,1.11606975275464,0.423901335887771,1,1,2.3104,1.52
1,"nb_glm","rolling_one_step",7,1,9,4,5.35284053298255,NA,2.18544030539771,1.11104166656577,0.366311295139307,NA,NA,1.83017750768052,1.35284053298255
1,"poisson_glm","rolling_one_step",7,1,9,4,5.12089330279745,NA,1.9064342326575,0.911394656673644,0.251370329692178,NA,NA,1.25640179625618,1.12089330279745
1,"inad_unconstrained","rolling_one_step",7,1,10,9,6.96,0.410449371870255,2.74016025502044,1.5264496,0.674523351679891,1,1,4.1616,2.04
1,"inad_constrained_alpha","rolling_one_step",7,1,10,9,8.32,0.464035874614553,2.77165892207981,1.21914101316027,0.590436266389271,1,1,0.4624,0.68
1,"nb_glm","rolling_one_step",7,1,10,9,7.22692049235043,NA,2.79257328864747,1.51746366421906,0.613669650890859,NA,NA,3.14381094044686,1.77307950764957
1,"poisson_glm","rolling_one_step",7,1,10,9,7.05800085245867,NA,2.42533873789539,1.18758657930671,0.635560986387626,NA,NA,3.77136068905126,1.94199914754133
1,"inad_unconstrained","rolling_one_step",7,1,11,1,6.38,0.441937881278683,2.60611016275922,3.39554364465596,0.079652940172066,1,1,28.9444,5.38
1,"inad_constrained_alpha","rolling_one_step",7,1,11,1,6.39,0.411671880717808,2.49247621036774,3.44370402445579,0.0615379004843999,1,1,29.0521,5.39
1,"nb_glm","rolling_one_step",7,1,11,1,5.88187019981086,NA,2.82801688680218,3.2174736519949,0.0589844470626126,NA,NA,23.8326566478013,4.88187019981086
1,"poisson_glm","rolling_one_step",7,1,11,1,5.66359478813581,NA,3.71860734244826,3.53830188309657,0.0350366980620892,NA,NA,21.7491163479275,4.66359478813581
1,"inad_unconstrained","rolling_one_step",7,1,12,4,6.15,0.453577251669794,2.80968631766905,1.85033489084429,0.331075336575029,1,1,4.6225,2.15
1,"inad_constrained_alpha","rolling_one_step",7,1,12,4,6.17,0.400013888647771,2.49247621036774,1.35469073501747,0.308335435018898,1,1,4.7089,2.17
1,"nb_glm","rolling_one_step",7,1,12,4,5.88187019981086,NA,2.33188867259878,1.72789286856814,0.273809268206213,NA,NA,3.54143544893615,1.88187019981086
1,"poisson_glm","rolling_one_step",7,1,12,4,5.66359478813581,NA,2.12369761042881,1.5440838388006,0.2218782782073,NA,NA,2.76754761911264,1.66359478813581
1,"inad_unconstrained","rolling_one_step",8,1,1,4,2.94,0.166860493354252,2.3889355314269,0.754679173553719,0.749804569373585,1,1,1.1236,1.06
1,"inad_constrained_alpha","rolling_one_step",8,1,1,4,3.21,0.194518312087509,1.74661229633712,0.599337,0.556045229990713,1,1,0.6241,0.79
1,"nb_glm","rolling_one_step",8,1,1,4,3.3932208009875,NA,1.98263716715175,0.714992198216745,0.732222356702081,NA,NA,0.368180996354252,0.606779199012501
1,"poisson_glm","rolling_one_step",8,1,1,4,3.38707421638655,NA,1.71112639635247,0.546202848255373,0.578242266607562,NA,NA,0.375678016218158,0.612925783613447
1,"inad_unconstrained","rolling_one_step",8,1,2,3,3.91,0.231854621814114,1.72220038638759,0.625732657216697,0.381118413319016,1,1,0.8281,0.91
1,"inad_constrained_alpha","rolling_one_step",8,1,2,3,3.23,0.162589524679032,1.35867919408692,0.365707380165289,0.565006599448685,1,1,0.0529,0.23
1,"nb_glm","rolling_one_step",8,1,2,3,4.07599573745,NA,1.89164063332847,0.701699816464755,0.469203289582069,NA,NA,1.15776682701056,1.07599573745
1,"poisson_glm","rolling_one_step",8,1,2,3,4.12024297556644,NA,1.72451144241354,0.690325005251021,0.332641829126731,NA,NA,1.25494432430596,1.12024297556644
1,"inad_unconstrained","rolling_one_step",8,1,3,11,6.16,0.300410493569157,3.37691824850707,3.19327454754381,0.918310854217329,0,1,23.4256,4.84
1,"inad_constrained_alpha","rolling_one_step",8,1,3,11,5.7,0.249646214317847,3.62213098732556,3.83652008771243,0.985453089651924,0,0,28.09,5.3
1,"nb_glm","rolling_one_step",8,1,3,11,4.86319438761002,NA,3.65442082011073,4.14014844750901,0.913979369167233,NA,NA,37.6603831242611,6.13680561238998
1,"poisson_glm","rolling_one_step",8,1,3,11,4.97605836201997,NA,4.17801531029563,4.26313414410663,0.949078018712556,NA,NA,36.2878728577895,6.02394163798003
1,"inad_unconstrained","rolling_one_step",8,1,4,2,4.43,0.221680906355113,1.61795623338876,1.34053511639031,0.220928563157338,1,1,5.9049,2.43
1,"inad_constrained_alpha","rolling_one_step",8,1,4,2,4.18,0.216202299579432,2.14436108777915,1.3190379942602,0.196526447733465,1,1,4.7524,2.18
1,"nb_glm","rolling_one_step",8,1,4,2,4.25826260186506,NA,1.92738300220232,1.06840795828884,0.280365942345292,NA,NA,5.09974997898234,2.25826260186506
1,"poisson_glm","rolling_one_step",8,1,4,2,4.31745989681299,NA,2.10750460850516,1.34315727396789,0.103160241372819,NA,NA,5.37062037333647,2.31745989681299
1,"inad_unconstrained","rolling_one_step",8,1,5,4,2.87,0.200834119198764,2.16206066487855,0.789153285626346,0.656071869003537,1,1,1.2769,1.13
1,"inad_constrained_alpha","rolling_one_step",8,1,5,4,3.66,0.185439690432978,1.49006883362208,0.464418191964286,0.627763800388452,1,1,0.1156,0.34
1,"nb_glm","rolling_one_step",8,1,5,4,3.65057077149309,NA,2.03206743319736,0.687493944719579,0.578875937354842,NA,NA,0.122100785734932,0.349429228506907
1,"poisson_glm","rolling_one_step",8,1,5,4,3.66232678114464,NA,1.71878848417301,0.510630466358187,0.604614665247428,NA,NA,0.114023202732141,0.337673218855361
1,"inad_unconstrained","rolling_one_step",8,1,6,2,5.02,0.285324553815652,2.17945240759042,1.73652557966706,0.181116193372371,1,1,9.1204,3.02
1,"inad_constrained_alpha","rolling_one_step",8,1,6,2,4.94,0.262012413924427,2.41584298434682,1.7132672723001,0.16767195088315,1,1,8.6436,2.94
1,"nb_glm","rolling_one_step",8,1,6,2,4.58121940876549,NA,2.068785763071,1.40041652380924,0.14887028048808,NA,NA,6.66269363618767,2.58121940876549
1,"poisson_glm","rolling_one_step",8,1,6,2,4.66832079737683,NA,2.32585922297647,1.6810231886536,0.0958001959185265,NA,NA,7.11993587771373,2.66832079737683
1,"inad_unconstrained","rolling_one_step",8,1,7,6,7.54,0.305643880714438,2.26814237723276,1.05192855577471,0.405794525884219,1,1,2.3716,1.54
1,"inad_constrained_alpha","rolling_one_step",8,1,7,6,7.35,0.281186159982416,2.35522882647947,0.98850787493608,0.348117874063647,1,1,1.8225,1.35
1,"nb_glm","rolling_one_step",8,1,7,6,6.73652161427386,NA,2.32086213654786,0.924495438079999,0.483787871329705,NA,NA,0.542464088292578,0.736521614273864
1,"poisson_glm","rolling_one_step",8,1,7,6,6.86971420696258,NA,1.96830181341219,0.74011533563823,0.440637212622511,NA,NA,0.756402801792552,0.869714206962581
1,"inad_unconstrained","rolling_one_step",8,1,8,4,5.81,0.271060394328897,1.9716701414377,1.05850049791914,0.34512476291096,1,1,3.2761,1.81
1,"inad_constrained_alpha","rolling_one_step",8,1,8,4,5.74,0.234249284465774,2.10528999440993,1.03808958085612,0.227875524227234,1,1,3.0276,1.74
1,"nb_glm","rolling_one_step",8,1,8,4,5.82870620062975,NA,2.15718548041784,1.01145389991477,0.367544031219425,NA,NA,3.34416636822168,1.82870620062975
1,"poisson_glm","rolling_one_step",8,1,8,4,5.88506497310082,NA,2.04208540893931,1.09437823863114,0.226119467654754,NA,NA,3.55346995281159,1.88506497310082
1,"inad_unconstrained","rolling_one_step",8,1,9,5,4.88,0.224859102910281,2.1532500351964,0.588367076513431,0.588575661239107,1,1,0.0144,0.12
1,"inad_constrained_alpha","rolling_one_step",8,1,9,5,5.07,0.255941517941229,2.02759188035395,0.631868650283554,0.439951387297807,1,1,0.00490000000000004,0.0700000000000003
1,"nb_glm","rolling_one_step",8,1,9,5,4.8077562262152,NA,2.17979708977245,0.79315553320878,0.553348155022472,NA,NA,0.0369576685590221,0.192243773784802
1,"poisson_glm","rolling_one_step",8,1,9,5,4.79037305371868,NA,1.81909383666052,0.563744747074726,0.611367174556147,NA,NA,0.04394345660723,0.209626946281317
1,"inad_unconstrained","rolling_one_step",8,1,10,8,6.07,0.280783535734191,2.46757865874601,1.28715042016807,0.692014606763754,1,1,3.7249,1.93
1,"inad_constrained_alpha","rolling_one_step",8,1,10,8,6.21,0.270164558906028,1.86240205238968,1.02961594711082,0.63184093728972,1,1,3.2041,1.79
1,"nb_glm","rolling_one_step",8,1,10,8,6.03340888721951,NA,2.65473627626058,1.45336606010548,0.716950027054293,NA,NA,3.86748060486722,1.96659111278049
1,"poisson_glm","rolling_one_step",8,1,10,8,6.10622685801923,NA,2.3116805442123,1.14596161691107,0.758156632726888,NA,NA,3.58637671328773,1.89377314198077
1,"inad_unconstrained","rolling_one_step",8,1,11,2,3.91,0.212296248129111,1.80975831890425,1.045669645321,0.142709620023411,1,1,3.6481,1.91
1,"inad_constrained_alpha","rolling_one_step",8,1,11,2,3.47,0.201737403071369,1.70434276898759,0.771129332034737,0.176680909258309,1,1,2.1609,1.47
1,"nb_glm","rolling_one_step",8,1,11,2,3.56101224963305,NA,1.7600530860123,0.761379515299479,0.315321824319453,NA,NA,2.43675924350442,1.56101224963305
1,"poisson_glm","rolling_one_step",8,1,11,2,3.47562855282795,NA,1.71713549378957,0.816954305069867,0.28841853916399,NA,NA,2.17747962592112,1.47562855282795
1,"inad_unconstrained","rolling_one_step",8,1,12,2,4.49,0.203253834433993,2.52131362609914,1.55742954812436,0.10767200416671,1,1,6.2001,2.49
1,"inad_constrained_alpha","rolling_one_step",8,1,12,2,4.85,0.21619996355787,2.76405381978994,1.76476410235969,0.0884474726098207,1,1,8.1225,2.85
1,"nb_glm","rolling_one_step",8,1,12,2,4.8077562262152,NA,2.07182642873608,1.35644957750019,0.179193709618412,NA,NA,7.88349502585021,2.8077562262152
1,"poisson_glm","rolling_one_step",8,1,12,2,4.79037305371868,NA,2.3602487347614,1.69065553133629,0.114220980076868,NA,NA,7.78618177891933,2.79037305371868
1,"inad_unconstrained","rolling_one_step",9,1,1,4,4.42,0.247075827725953,2.40695403692958,0.703700589923469,0.423118580158043,1,1,0.1764,0.42
1,"inad_constrained_alpha","rolling_one_step",9,1,1,4,4.42,0.272355976210873,1.91959284073794,0.685084798013003,0.517855421154577,1,1,0.1764,0.42
1,"nb_glm","rolling_one_step",9,1,1,4,4.37207954809045,NA,2.05987370207434,0.745923605915378,0.429377645850695,NA,NA,0.138443190107197,0.372079548090454
1,"poisson_glm","rolling_one_step",9,1,1,4,4.40824453357082,NA,1.74904516658247,0.579734878515933,0.436582881613319,NA,NA,0.166663599190456,0.408244533570819
1,"inad_unconstrained","rolling_one_step",9,1,2,1,3.78,0.26764215518547,2.17079434484731,1.59932942155009,0.0683670434239118,1,1,7.7284,2.78
1,"inad_constrained_alpha","rolling_one_step",9,1,2,1,4.09,0.23956821427921,2.24216689082949,1.90379483687288,0.0798903639334572,1,1,9.5481,3.09
1,"nb_glm","rolling_one_step",9,1,2,1,4.06386622661881,NA,2.16198923815755,1.76512026567963,0.141280123765879,NA,NA,9.38727625461538,3.06386622661881
1,"poisson_glm","rolling_one_step",9,1,2,1,4.07693040284026,NA,2.66748741174559,2.0713045687464,0.0357211233003423,NA,NA,9.46750070392273,3.07693040284026
1,"inad_unconstrained","rolling_one_step",9,1,3,3,7.36,0.366396594752823,2.84957599322811,2.65708363343187,0.113409685812486,1,1,19.0096,4.36
1,"inad_constrained_alpha","rolling_one_step",9,1,3,3,6.45,0.292110052597104,2.44204535674085,2.02574816438763,0.145108572857049,1,1,11.9025,3.45
1,"nb_glm","rolling_one_step",9,1,3,3,5.82436940724251,NA,2.27006968298231,1.67360197005411,0.255989676279349,NA,NA,7.97706254856743,2.82436940724251
1,"poisson_glm","rolling_one_step",9,1,3,3,5.98954800703176,NA,2.49546011503408,1.97875373634233,0.0822014860806414,NA,NA,8.93739728634757,2.98954800703176
1,"inad_unconstrained","rolling_one_step",9,1,4,0,3.48,0.235049962451571,2.65677864608139,2.37274401512287,0.0578076237179946,0,1,12.1104,3.48
1,"inad_constrained_alpha","rolling_one_step",9,1,4,0,3.69,0.23685438564654,2.93614017635175,2.52025265466297,0.00420443897968844,0,1,13.6161,3.69
1,"nb_glm","rolling_one_step",9,1,4,0,3.69835224503315,NA,2.64682974813989,2.4066051355633,0.0436317909491752,NA,NA,13.6778093283417,3.69835224503315
1,"poisson_glm","rolling_one_step",9,1,4,0,3.68626753446602,NA,3.48315158229184,2.71243432770351,0.00212410031992167,NA,NA,13.5885683356582,3.68626753446602
1,"inad_unconstrained","rolling_one_step",9,1,5,4,4.03,0.241817612211678,2.00115862328579,0.635271962691327,0.439708898632879,1,1,0.000900000000000015,0.0300000000000002
1,"inad_constrained_alpha","rolling_one_step",9,1,5,4,4.25,0.262611207804706,1.5823738424426,0.623881392434803,0.43333513475151,1,1,0.0625,0.25
1,"nb_glm","rolling_one_step",9,1,5,4,4.37207954809045,NA,2.00545900966363,0.665112637178298,0.480059125049968,NA,NA,0.138443190107197,0.372079548090454
1,"poisson_glm","rolling_one_step",9,1,5,4,4.40824453357082,NA,1.71244943478622,0.525499742475609,0.505106287842195,NA,NA,0.166663599190456,0.408244533570819
1,"inad_unconstrained","rolling_one_step",9,1,6,15,3.21,0.238384715800474,4.77068462446567,9.45611142631428,0.980853860503362,0,0,139.0041,11.79
1,"inad_constrained_alpha","rolling_one_step",9,1,6,15,3.88,0.224409438214162,4.76217393479776,9.03742176930382,0.998524250651702,0,0,123.6544,11.12
1,"nb_glm","rolling_one_step",9,1,6,15,3.69835224503315,NA,4.68196420565671,8.89979174230004,0.982122218437254,NA,NA,127.727241977347,11.3016477549669
1,"poisson_glm","rolling_one_step",9,1,6,15,3.68626753446602,NA,4.7700739682056,9.18687689699957,0.983960082677139,NA,NA,128.000542301678,11.313732465534
1,"inad_unconstrained","rolling_one_step",9,1,7,7,6.52,0.34800441190748,2.35799870635462,0.957460668945312,0.488555288346452,1,1,0.2304,0.48
1,"inad_constrained_alpha","rolling_one_step",9,1,7,7,6.08,0.335953339713488,2.44204535674085,1.00809256837099,0.603581990042184,1,1,0.8464,0.92
1,"nb_glm","rolling_one_step",9,1,7,7,6.42898882308121,NA,2.54790670555577,1.20727322621662,0.526948764349424,NA,NA,0.326053764166177,0.571011176918786
1,"poisson_glm","rolling_one_step",9,1,7,7,6.48699637716695,NA,2.09489301571964,0.830732400674402,0.554557837625171,NA,NA,0.263172717039839,0.513003622833055
1,"inad_unconstrained","rolling_one_step",9,1,8,1,5.77,0.333894981372674,2.97062635242291,3.09826878052284,0.0351736419390437,0,1,22.7529,4.77
1,"inad_constrained_alpha","rolling_one_step",9,1,8,1,5.56,0.292091033270745,3.13618410902309,3.01167507431629,0.0327016029776684,0,1,20.7936,4.56
1,"nb_glm","rolling_one_step",9,1,8,1,5.75797429623391,NA,2.74062449685404,2.90977619237268,0.0469283842950774,NA,NA,22.6383194036225,4.75797429623391
1,"poisson_glm","rolling_one_step",9,1,8,1,5.76604358096639,NA,3.73241567997404,3.46941235746802,0.0240037486791912,NA,NA,22.7151714156709,4.76604358096639
1,"inad_unconstrained","rolling_one_step",9,1,9,3,6.29,0.298918927558168,2.25955863354136,1.89460278686088,0.13278275233294,1,1,10.8241,3.29
1,"inad_constrained_alpha","rolling_one_step",9,1,9,3,5.77,0.289497998108952,2.45062910043224,1.65874447366499,0.17095537319861,1,1,7.6729,2.77
1,"nb_glm","rolling_one_step",9,1,9,3,6.11237877580574,NA,2.26394390240561,1.58143116055238,0.221532281830207,NA,NA,9.68690164408606,3.11237877580574
1,"poisson_glm","rolling_one_step",9,1,9,3,6.14614346832415,NA,2.52406163213292,1.94810856400641,0.127396719576628,NA,NA,9.89821872327871,3.14614346832415
1,"inad_unconstrained","rolling_one_step",9,1,10,2,7.29,0.314400182486389,3.65691710341098,3.47220215501497,0.032858693491365,0,1,27.9841,5.29
1,"inad_constrained_alpha","rolling_one_step",9,1,10,2,6.15,0.30330669213677,2.68253114218381,2.64611085176673,0.0549863347452592,1,1,17.2225,4.15
1,"nb_glm","rolling_one_step",9,1,10,2,6.98070761169725,NA,2.65822357901896,2.74194080305999,0.115867109230832,NA,NA,24.8074483132189,4.98070761169725
1,"poisson_glm","rolling_one_step",9,1,10,2,7.08369488789106,NA,3.63025366210023,3.54785477183325,0.0228238197894923,NA,NA,25.8439537131697,5.08369488789106
1,"inad_unconstrained","rolling_one_step",9,1,11,5,4.87,0.289776995413209,1.75001986305529,0.704212946788498,0.419941711043786,1,1,0.0169,0.13
1,"inad_constrained_alpha","rolling_one_step",9,1,11,5,5.11,0.296066809277156,1.96301207869458,0.69680802268431,0.47060179440995,1,1,0.0121000000000001,0.11
1,"nb_glm","rolling_one_step",9,1,11,5,4.87068383159236,NA,2.25154998242635,0.897191794688887,0.568189231230863,NA,NA,0.0167226714116329,0.129316168407639
1,"poisson_glm","rolling_one_step",9,1,11,5,4.82168788345669,NA,1.87739374192087,0.643872025073785,0.466840719746328,NA,NA,0.0317952109061556,0.178312116543312
1,"inad_unconstrained","rolling_one_step",9,1,12,4,4.43,0.232793748397437,1.79106405890796,0.603966344045368,0.509738989319369,1,1,0.1849,0.43
1,"inad_constrained_alpha","rolling_one_step",9,1,12,4,5.11,0.309086304184355,2.25955863354136,0.86750421373365,0.338183519989192,1,1,1.2321,1.11
1,"nb_glm","rolling_one_step",9,1,12,4,4.87068383159236,NA,2.07426786564467,0.797131797145401,0.428327466593473,NA,NA,0.758090334596355,0.870683831592361
1,"poisson_glm","rolling_one_step",9,1,12,4,4.82168788345669,NA,1.7924270607408,0.661992886333411,0.339229708471972,NA,NA,0.675170977819532,0.821687883456688
1,"inad_unconstrained","rolling_one_step",10,1,1,2,4.03,0.348577194615569,1.59990020795361,1.13007417361111,0.231860499197501,1,1,4.1209,2.03
1,"inad_constrained_alpha","rolling_one_step",10,1,1,2,3.52,0.279422203263749,1.75698650247301,0.926701862809555,0.317442985338171,1,1,2.3104,1.52
1,"nb_glm","rolling_one_step",10,1,1,2,4.36913398064241,NA,2.05588189204677,1.42640679942409,0.213456561833881,NA,NA,5.61279581823457,2.36913398064241
1,"poisson_glm","rolling_one_step",10,1,1,2,4.53322032974521,NA,2.28999833104149,1.6875205427904,0.166011326093907,NA,NA,6.41720523903443,2.53322032974521
1,"inad_unconstrained","rolling_one_step",10,1,2,0,2.94,0.309714759614766,1.56599865627793,1.59432662009512,0.20513229911332,1,1,8.6436,2.94
1,"inad_constrained_alpha","rolling_one_step",10,1,2,0,3.33,0.356768606219547,1.6424777665123,1.92047353472222,0.00738119903288316,1,1,11.0889,3.33
1,"nb_glm","rolling_one_step",10,1,2,0,3.2361332175121,NA,2.46736826465838,2.24781436302586,0.0729105969364147,NA,NA,10.4725582014852,3.2361332175121
1,"poisson_glm","rolling_one_step",10,1,2,0,3.28905282274241,NA,3.2259414835603,2.52041746726092,0.0200229075572693,NA,NA,10.8178684707898,3.28905282274241
1,"inad_unconstrained","rolling_one_step",10,1,3,3,3.92,0.380239159190395,2.23804657185647,1.00367791658404,0.48910506191777,1,1,0.8464,0.92
1,"inad_constrained_alpha","rolling_one_step",10,1,3,3,3.45,0.319524583711425,2.28509193554653,0.822470072734977,0.517190346696371,1,1,0.2025,0.45
1,"nb_glm","rolling_one_step",10,1,3,3,4.06112830935572,NA,1.99086587315285,0.958888497738344,0.315100283927063,NA,NA,1.12599328891613,1.06112830935572
1,"poisson_glm","rolling_one_step",10,1,3,3,4.19251328830914,NA,1.82945317539256,0.934996058692118,0.218154332613302,NA,NA,1.42208794279388,1.19251328830914
1,"inad_unconstrained","rolling_one_step",10,1,4,3,3.72,0.447231664371119,2.3342821797373,1.1805387776,0.494419347385969,1,1,0.5184,0.72
1,"inad_constrained_alpha","rolling_one_step",10,1,4,3,3.06,0.348393136812105,2.38054663446376,0.878008722222222,0.537821503962778,1,1,0.00360000000000001,0.0600000000000001
1,"nb_glm","rolling_one_step",10,1,4,3,2.57873118102655,NA,1.9491900150428,0.736219702389435,0.524961272650554,NA,NA,0.177467417839286,0.421268818973451
1,"poisson_glm","rolling_one_step",10,1,4,3,2.58028245276062,NA,1.69690085602995,0.611268870451598,0.512456656606142,NA,NA,0.176162819460645,0.419717547239384
1,"inad_unconstrained","rolling_one_step",10,1,5,8,3.79,0.334330327186703,3.40202416963815,2.69608399016461,0.834752683959755,1,1,17.7241,4.21
1,"inad_constrained_alpha","rolling_one_step",10,1,5,8,4.02,0.36292303772719,3.69876421334648,2.5835062080086,0.80909314061683,1,1,15.8404,3.98
1,"nb_glm","rolling_one_step",10,1,5,8,4.36913398064241,NA,3.04422821824046,2.13550727620973,0.803771766868408,NA,NA,13.1831880505256,3.63086601935759
1,"poisson_glm","rolling_one_step",10,1,5,8,4.53322032974521,NA,3.0460456130223,2.02604971975654,0.846071018575388,NA,NA,12.0185612820919,3.46677967025479
1,"inad_unconstrained","rolling_one_step",10,1,6,8,8.24,0.413685089815132,2.75603360417673,1.1758836505673,0.535971526408744,1,1,0.0576000000000001,0.24
1,"inad_constrained_alpha","rolling_one_step",10,1,6,8,8.04,0.440596473573328,2.85773930386727,1.19557398373984,0.548559070862905,1,1,0.00159999999999993,0.0399999999999991
1,"nb_glm","rolling_one_step",10,1,6,8,6.39568919257608,NA,2.69113747026312,1.37423317658621,0.658229862620292,NA,NA,2.57381316681719,1.60431080742392
1,"poisson_glm","rolling_one_step",10,1,6,8,6.81210991216993,NA,2.22083763562526,0.931887911165024,0.570996951488599,NA,NA,1.41108286076493,1.18789008783007
1,"inad_unconstrained","rolling_one_step",10,1,7,6,7.13,0.484643990966357,3.01212608332967,1.38276816048648,0.471983126453597,1,1,1.2769,1.13
1,"inad_constrained_alpha","rolling_one_step",10,1,7,6,6.4,0.542534270201832,3.23462418183634,1.42335798339844,0.522469583433267,1,1,0.16,0.4
1,"nb_glm","rolling_one_step",10,1,7,6,6.71194976553871,NA,2.44203173122315,1.23915708945403,0.4522795978343,NA,NA,0.506872468650623,0.711949765538709
1,"poisson_glm","rolling_one_step",10,1,7,6,6.99021107987379,NA,2.07506038822008,1.01903942990883,0.37972674207606,NA,NA,0.980517982704826,0.990211079873794
1,"inad_unconstrained","rolling_one_step",10,1,8,4,4.59,0.464082672885691,2.91308939895043,1.40499714201183,0.49531535379234,1,1,0.3481,0.59
1,"inad_constrained_alpha","rolling_one_step",10,1,8,4,3.69,0.344566775279136,2.13919154608561,0.965046826388889,0.524907684058029,1,1,0.0961,0.31
1,"nb_glm","rolling_one_step",10,1,8,4,4.26194713080227,NA,2.16460063929433,1.05311802286871,0.457710687329798,NA,NA,0.0686162993355437,0.261947130802274
1,"poisson_glm","rolling_one_step",10,1,8,4,4.30212565832212,NA,1.8461930224256,0.86472841102562,0.337206683462645,NA,NA,0.0912799134165715,0.302125658322115
1,"inad_unconstrained","rolling_one_step",10,1,9,2,5.1,0.465040456586979,1.97770047154522,1.72247529916753,0.217062177509445,1,1,9.61,3.1
1,"inad_constrained_alpha","rolling_one_step",10,1,9,2,5.94,0.607664846487408,2.36033614961475,2.84327084519435,0.139079493686771,1,1,15.5236,3.94
1,"nb_glm","rolling_one_step",10,1,9,2,5.34845538873857,NA,2.45003683992199,2.85882442911844,0.157309275514884,NA,NA,11.2121534903724,3.34845538873857
1,"poisson_glm","rolling_one_step",10,1,9,2,5.48386418903793,NA,2.94558157228768,3.16797899114535,0.0487319082870702,NA,NA,12.1373096876609,3.48386418903793
1,"inad_unconstrained","rolling_one_step",10,1,10,3,5.73,0.734689517325984,2.47571822373359,3.50246879109139,0.258898967941507,1,1,7.4529,2.73
1,"inad_constrained_alpha","rolling_one_step",10,1,10,3,4.84,0.414319449290769,2.65373821174847,1.50399424313443,0.285025707621185,1,1,3.3856,1.84
1,"nb_glm","rolling_one_step",10,1,10,3,4.86740234332431,NA,2.3476646602356,3.19978868431207,0.238661364375294,NA,NA,3.48719151185313,1.86740234332431
1,"poisson_glm","rolling_one_step",10,1,10,3,4.95838499214709,NA,2.31456453730078,3.20232358020994,0.116936312171673,NA,NA,3.83527177746696,1.95838499214709
1,"inad_unconstrained","rolling_one_step",10,1,11,11,5.85,0.47127058002379,3.04412881441584,3.10403268026536,0.757313437293445,1,1,26.5225,5.15
1,"inad_constrained_alpha","rolling_one_step",10,1,11,11,5.56,0.50318581020927,4.12214684353405,3.48183312955255,0.800693893682103,1,1,29.5936,5.44
1,"nb_glm","rolling_one_step",10,1,11,11,6.10826072997559,NA,3.33072500160855,2.81991332404885,0.79524598618756,NA,NA,23.9291130858989,4.89173927002441
1,"poisson_glm","rolling_one_step",10,1,11,11,6.32038951286779,NA,3.47628569078434,2.74373962999522,0.848977154016841,NA,NA,21.8987543112778,4.67961048713221
1,"inad_unconstrained","rolling_one_step",10,1,12,9,4.99,0.475988073868082,3.45826388796103,2.57433335571289,0.728969918513212,1,1,16.0801,4.01
1,"inad_constrained_alpha","rolling_one_step",10,1,12,9,5.66,0.448616278858186,3.02022329356229,2.15848674557752,0.774038219001189,1,1,11.1556,3.34
1,"nb_glm","rolling_one_step",10,1,12,9,5.75409502060155,NA,2.98270561878843,1.91556294263023,0.747494803798178,NA,NA,10.5358991352837,3.24590497939845
1,"poisson_glm","rolling_one_step",10,1,12,9,5.92951361576588,NA,2.80980782462518,1.69473743812229,0.75699672284653,NA,NA,9.4278866357671,3.07048638423412
1,"inad_unconstrained","rolling_one_step",11,1,1,4,1.89,0.143474208430813,2.27518611880593,1.3814818329904,0.893153864489911,1,1,4.4521,2.11
1,"inad_constrained_alpha","rolling_one_step",11,1,1,4,1.48,0.112348663642351,2.87277056241916,1.86657536902786,0.956210940315641,0,1,6.3504,2.52
1,"nb_glm","rolling_one_step",11,1,1,4,2.21106778793044,NA,2.27423585072506,1.2569280592221,0.855821601795345,NA,NA,3.20027845938008,1.78893221206956
1,"poisson_glm","rolling_one_step",11,1,1,4,2.20739725941122,NA,2.19098862349793,1.17066943514966,0.870236276071502,NA,NA,3.21342458556641,1.79260274058878
1,"inad_unconstrained","rolling_one_step",11,1,2,1,1.33,0.118112256140102,1.36740840819352,0.323274373307712,0.477607064197171,1,1,0.1089,0.33
1,"inad_constrained_alpha","rolling_one_step",11,1,2,1,1.28,0.0995748538294258,0.940158213280798,0.215853025987896,0.272530355726386,1,1,0.0784,0.28
1,"nb_glm","rolling_one_step",11,1,2,1,1.54273932160999,NA,1.20303103614406,0.317390927790083,0.502321627262357,NA,NA,0.294565971221671,0.542739321609989
1,"poisson_glm","rolling_one_step",11,1,2,1,1.50251821798148,NA,1.11965806921712,0.30275878838001,0.268022544356486,NA,NA,0.25252455940328,0.502518217981478
1,"inad_unconstrained","rolling_one_step",11,1,3,2,2,0.147024357220706,1.50375634740071,0.368660281121118,0.545550115453079,1,1,0,0
1,"inad_constrained_alpha","rolling_one_step",11,1,3,2,1.97,0.148020610085559,1.38592745596076,0.335133313694133,0.599856414922103,1,1,0.000900000000000002,0.03
1,"nb_glm","rolling_one_step",11,1,3,2,2.42959110241668,NA,1.54755987101956,0.422707255080263,0.471888776269822,NA,NA,0.18454851527558,0.429591102416682
1,"poisson_glm","rolling_one_step",11,1,3,2,2.44133257119752,NA,1.38473200491024,0.379150630004836,0.500960444910334,NA,NA,0.194774438399814,0.44133257119752
1,"inad_unconstrained","rolling_one_step",11,1,4,1,1.98,0.134824989441045,1.28053025719,0.518984866593721,0.327385184427193,1,1,0.9604,0.98
1,"inad_constrained_alpha","rolling_one_step",11,1,4,1,1.84,0.158094716527591,1.27131360208507,0.428026080246914,0.281924460487358,1,1,0.7056,0.84
1,"nb_glm","rolling_one_step",11,1,4,1,2.42959110241668,NA,1.50107898316183,0.680616164674081,0.238709837904503,NA,NA,2.04373072010894,1.42959110241668
1,"poisson_glm","rolling_one_step",11,1,4,1,2.44133257119752,NA,1.57604861336793,0.785291467128147,0.166357774130468,NA,NA,2.07743958079485,1.44133257119752
1,"inad_unconstrained","rolling_one_step",11,1,5,3,2.88,0.1810630784667,1.4418642122747,0.395359987014041,0.542869799203609,1,1,0.0144,0.12
1,"inad_constrained_alpha","rolling_one_step",11,1,5,3,3.68,0.199433541245542,1.75566213185704,0.563578556935314,0.365344073252694,1,1,0.4624,0.68
1,"nb_glm","rolling_one_step",11,1,5,3,3.16892212076483,NA,1.79881442271101,0.532836131127827,0.507440142578426,NA,NA,0.0285346828836882,0.168922120764831
1,"poisson_glm","rolling_one_step",11,1,5,3,3.24295745804809,NA,1.55426325637823,0.430049989934055,0.512462088835249,NA,NA,0.0590283264211906,0.242957458048092
1,"inad_unconstrained","rolling_one_step",11,1,6,4,3.13,0.15741279452061,1.50375634740071,0.544804452487164,0.750212654933449,1,1,0.7569,0.87
1,"inad_constrained_alpha","rolling_one_step",11,1,6,4,3.69,0.2072888971187,2.0612300046159,0.56465307199091,0.627310021553264,1,1,0.0961,0.31
1,"nb_glm","rolling_one_step",11,1,6,4,3.16892212076483,NA,2.03892040097484,0.759860905577654,0.701241226928724,NA,NA,0.690690441354026,0.831077879235169
1,"poisson_glm","rolling_one_step",11,1,6,4,3.24295745804809,NA,1.75415274632108,0.583255317441417,0.739230929490718,NA,NA,0.573113410325006,0.757042541951908
1,"inad_unconstrained","rolling_one_step",11,1,7,4,4.03,0.191988530802223,1.40410977504395,0.420223317912507,0.486482274527158,1,1,0.000900000000000015,0.0300000000000002
1,"inad_constrained_alpha","rolling_one_step",11,1,7,4,4.27,0.203928587223245,1.7646308018398,0.48680260682398,0.451960363468845,1,1,0.0728999999999998,0.27
1,"nb_glm","rolling_one_step",11,1,7,4,3.84358469769078,NA,1.99231306544671,0.654618121552715,0.590025812706633,NA,NA,0.0244657467964862,0.156415302309225
1,"poisson_glm","rolling_one_step",11,1,7,4,3.8845194742066,NA,1.68637825111046,0.483619310586675,0.481265019727955,NA,NA,0.013335751837519,0.115480525793395
1,"inad_unconstrained","rolling_one_step",11,1,8,4,3.39,0.194829632906768,1.61795623338876,0.543033777104592,0.709959594685809,1,1,0.3721,0.61
1,"inad_constrained_alpha","rolling_one_step",11,1,8,4,3.46,0.222665215019765,2.07019867459866,0.64574153380102,0.620453370226938,1,1,0.2916,0.54
1,"nb_glm","rolling_one_step",11,1,8,4,3.4424172297899,NA,2.02070517829455,0.701119985373157,0.679089598448865,NA,NA,0.31089854563517,0.557582770210101
1,"poisson_glm","rolling_one_step",11,1,8,4,3.45280115435642,NA,1.72519883903239,0.532542354194149,0.574498484407141,NA,NA,0.299426576673668,0.547198845643582
1,"inad_unconstrained","rolling_one_step",11,1,9,3,3.42,0.204089503043457,1.80975831890425,0.502085041798555,0.46256278159229,1,1,0.1764,0.42
1,"inad_constrained_alpha","rolling_one_step",11,1,9,3,2.84,0.185711843695788,1.80070848338434,0.483592743801653,0.58462783302227,1,1,0.0256,0.16
1,"nb_glm","rolling_one_step",11,1,9,3,2.91194873059772,NA,1.80209870995155,0.534603080605908,0.551215032021889,NA,NA,0.00775302604335284,0.0880512694022797
1,"poisson_glm","rolling_one_step",11,1,9,3,2.88730552521342,NA,1.54841153910446,0.415603924190476,0.566952562107513,NA,NA,0.012700044647424,0.112694474786584
1,"inad_unconstrained","rolling_one_step",11,1,10,6,3.31,0.195760624800347,2.22446731373009,1.70155466358418,0.890585191425759,1,1,7.2361,2.69
1,"inad_constrained_alpha","rolling_one_step",11,1,10,6,3.25,0.194039983383619,3.61324203990832,1.84521878985969,0.887805765492126,0,1,7.5625,2.75
1,"nb_glm","rolling_one_step",11,1,10,6,3.19974121335096,NA,2.72887785201531,1.84858725867966,0.876653304027678,NA,NA,7.84144927220517,2.80025878664904
1,"poisson_glm","rolling_one_step",11,1,10,6,3.19329608281847,NA,2.75744233236705,1.81916037839024,0.885506614058585,NA,NA,7.87758687872214,2.80670391718153
1,"inad_unconstrained","rolling_one_step",11,1,11,9,4.24,0.195463706621103,4.71849887129509,3.57137161989796,0.964896863573979,0,0,22.6576,4.76
1,"inad_constrained_alpha","rolling_one_step",11,1,11,9,5.93,0.277890684124589,2.79914513960121,1.99540629458977,0.813444026553891,1,1,9.4249,3.07
1,"nb_glm","rolling_one_step",11,1,11,9,4.58589771288809,NA,3.19989573053716,2.8983055814768,0.871592275107604,NA,NA,19.4842990010866,4.41410228711191
1,"poisson_glm","rolling_one_step",11,1,11,9,4.69137274832628,NA,3.41566656705792,2.88084613059807,0.922997858573562,NA,NA,18.5642687938654,4.30862725167372
1,"inad_unconstrained","rolling_one_step",11,1,12,14,4.41,0.205527161566091,4.75359019110636,7.8425374479786,0.994750733657917,0,0,91.9681,9.59
1,"inad_constrained_alpha","rolling_one_step",11,1,12,14,5.41,0.26745905001391,4.75359019110636,6.73461788793103,0.992915247430511,0,0,73.7881,8.59
1,"nb_glm","rolling_one_step",11,1,12,14,4.32000079256978,NA,4.44174723668575,7.62897707475772,0.988313094502054,NA,NA,93.7023846558498,9.67999920743022
1,"poisson_glm","rolling_one_step",11,1,12,14,4.40124117844311,NA,4.73910565693936,7.83369331660227,0.997826992523267,NA,NA,92.1361709144162,9.59875882155689
1,"inad_unconstrained","rolling_one_step",12,1,1,8,4.05,0.253211693284812,3.62213098732556,2.64806287884721,0.886965285747032,0,1,15.6025,3.95
1,"inad_constrained_alpha","rolling_one_step",12,1,1,8,3.26,0.364212170376698,3.69876421334648,3.11101745498522,0.835528760923638,0,1,22.4676,4.74
1,"nb_glm","rolling_one_step",12,1,1,8,4.03292094376743,NA,3.16860698097101,2.3416549931472,0.81443378101176,NA,NA,15.7377162383991,3.96707905623257
1,"poisson_glm","rolling_one_step",12,1,1,8,4.13699958057301,NA,3.31506079587049,2.31516689914824,0.86776314355761,NA,NA,14.9227722404931,3.86300041942699
1,"inad_unconstrained","rolling_one_step",12,1,2,2,2.31,0.260417303029525,2.23335626114734,0.652287939541076,0.54472361102966,1,1,0.0961,0.31
1,"inad_constrained_alpha","rolling_one_step",12,1,2,2,1.5,0.193061459832685,1.59118447212475,0.55034730686365,0.655210504214843,1,1,0.25,0.5
1,"nb_glm","rolling_one_step",12,1,2,2,2.98710670983064,NA,1.69240998347815,0.652603654350547,0.359138757928881,NA,NA,0.974379656592678,0.987106709830643
1,"poisson_glm","rolling_one_step",12,1,2,2,3.00157705966447,NA,1.57424589140457,0.638329151530382,0.253176764349798,NA,NA,1.00315660644612,1.00157705966447
1,"inad_unconstrained","rolling_one_step",12,1,3,2,2.87,0.308353398200536,2.25955863354136,0.800162656064209,0.45818087590489,1,1,0.7569,0.87
1,"inad_constrained_alpha","rolling_one_step",12,1,3,2,2.36,0.29285084285625,1.76549719214092,0.688015785693766,0.576676647787207,1,1,0.1296,0.36
1,"nb_glm","rolling_one_step",12,1,3,2,3.41145719385133,NA,1.81365101182582,0.905284498818894,0.238569311473457,NA,NA,1.99221141007467,1.41145719385133
1,"poisson_glm","rolling_one_step",12,1,3,2,3.45944675433256,NA,1.7746625005468,0.948351945447923,0.15296108513846,NA,NA,2.12998482873185,1.45944675433256
1,"inad_unconstrained","rolling_one_step",12,1,4,2,2.46,0.315402580647001,1.93654239905171,0.717802047877975,0.563176306362945,1,1,0.2116,0.46
1,"inad_constrained_alpha","rolling_one_step",12,1,4,2,2.12,0.283299463216198,1.60857621483662,0.61642387039239,0.518866747236361,1,1,0.0144,0.12
1,"nb_glm","rolling_one_step",12,1,4,2,2.98710670983064,NA,1.73686887125034,0.760532518730185,0.400468189122695,NA,NA,0.974379656592678,0.987106709830643
1,"poisson_glm","rolling_one_step",12,1,4,2,3.00157705966447,NA,1.61718531802169,0.735384563594445,0.3403849648876,NA,NA,1.00315660644612,1.00157705966447
1,"inad_unconstrained","rolling_one_step",12,1,5,3,3.43,0.305258625239039,2.26814237723276,0.74299048140843,0.526462879265185,1,1,0.1849,0.43
1,"inad_constrained_alpha","rolling_one_step",12,1,5,3,2.39,0.235228236469016,2.63923433643048,0.77712903907902,0.696105307282517,1,1,0.3721,0.61
1,"nb_glm","rolling_one_step",12,1,5,3,3.74861688533509,NA,1.90460938454601,0.722148319271387,0.434733705774452,NA,NA,0.560427241008817,0.748616885335094
1,"poisson_glm","rolling_one_step",12,1,5,3,3.82607163421429,NA,1.69184884092697,0.650863316655506,0.365640794327326,NA,NA,0.682394344853467,0.826071634214289
1,"inad_unconstrained","rolling_one_step",12,1,6,2,4.71,0.39677869566464,1.90424916232518,1.51899272373018,0.158179503063992,1,1,7.3441,2.71
1,"inad_constrained_alpha","rolling_one_step",12,1,6,2,3.24,0.367662559388031,1.92854185489422,1.0289465216,0.351229974789303,1,1,1.5376,1.24
1,"nb_glm","rolling_one_step",12,1,6,2,4.03292094376743,NA,2.01486880132152,1.41857089879105,0.263756335366118,NA,NA,4.13276756360824,2.03292094376743
1,"poisson_glm","rolling_one_step",12,1,6,2,4.13699958057301,NA,2.13345649019734,1.56591391854451,0.177819770195453,NA,NA,4.56676720736922,2.13699958057301
1,"inad_unconstrained","rolling_one_step",12,1,7,9,5.59,0.466037454600925,3.26539584050309,2.16279385330579,0.716693236982789,1,1,11.6281,3.41
1,"inad_constrained_alpha","rolling_one_step",12,1,7,9,3.3,0.40163806009034,4.08935702071106,3.81501243055556,0.840480269652287,1,1,32.49,5.7
1,"nb_glm","rolling_one_step",12,1,7,9,5.31130663967411,NA,3.11407129687438,2.08460044174791,0.747053634504704,NA,NA,13.6064587065123,3.68869336032589
1,"poisson_glm","rolling_one_step",12,1,7,9,5.41125150711661,NA,3.10026124984961,1.97199609556795,0.798554805090892,NA,NA,12.8791157451728,3.58874849288339
1,"inad_unconstrained","rolling_one_step",12,1,8,6,5.43,0.455772183034773,2.79464844030451,1.44373623163453,0.53956378822991,1,1,0.3249,0.57
1,"inad_constrained_alpha","rolling_one_step",12,1,8,6,4.43,0.465855355363886,2.75603360417673,1.61861461342923,0.662249137715301,1,1,2.4649,1.57
1,"nb_glm","rolling_one_step",12,1,8,6,5.31130663967411,NA,2.4761414617052,1.21060429319947,0.570036318343286,NA,NA,0.47429854455696,0.688693360325885
1,"poisson_glm","rolling_one_step",12,1,8,6,5.41125150711661,NA,2.06566378108635,0.902022421187367,0.536844812178835,NA,NA,0.346624787872466,0.588748492883393
1,"inad_unconstrained","rolling_one_step",12,1,9,8,5.78,0.515924197705223,2.9359040767166,1.85036912205325,0.6651525630032,1,1,4.9284,2.22
1,"inad_constrained_alpha","rolling_one_step",12,1,9,8,3.17,0.442913905034294,3.79258296856413,2.90937797393629,0.747880633520901,0,1,23.3289,4.83
1,"nb_glm","rolling_one_step",12,1,9,8,4.93688173665895,NA,2.97461605236519,1.81440090534769,0.714262954591863,NA,NA,9.38269349521349,3.06311826334105
1,"poisson_glm","rolling_one_step",12,1,9,8,5.00455354025212,NA,2.86823238057089,1.67089952024736,0.760619897134664,NA,NA,8.97269949321613,2.99544645974788
1,"inad_unconstrained","rolling_one_step",12,1,10,4,7.21,0.592255575462711,2.46881307269491,2.640038109443,0.242254518587614,1,1,10.3041,3.21
1,"inad_constrained_alpha","rolling_one_step",12,1,10,4,5.97,0.606272765895572,2.24204893152532,1.66363307705354,0.406825464120278,1,1,3.8809,1.97
1,"nb_glm","rolling_one_step",12,1,10,4,5.93026805360279,NA,2.40289039559154,2.24040408939083,0.30031707033029,NA,NA,3.72593475875949,1.93026805360279
1,"poisson_glm","rolling_one_step",12,1,10,4,6.08784315097413,NA,2.315009714639,2.24792402385496,0.130417902320645,NA,NA,4.3590890230696,2.08784315097413
1,"inad_unconstrained","rolling_one_step",12,1,11,3,8.48,0.498984828011693,2.52473707258596,3.33803086419753,0.138683514945811,1,1,30.0304,5.48
1,"inad_constrained_alpha","rolling_one_step",12,1,11,3,6.31,0.579915528505678,2.15255388346203,2.50016722219347,0.249899057810188,1,1,10.9561,3.31
1,"nb_glm","rolling_one_step",12,1,11,3,6.66533059805004,NA,2.56275662687294,2.93892270296099,0.156546821703847,NA,NA,13.4346483930019,3.66533059805004
1,"poisson_glm","rolling_one_step",12,1,11,3,6.89765262907912,NA,3.05038567104935,3.34171719887749,0.0671862665920699,NA,NA,15.1916960169674,3.89765262907912
1,"inad_unconstrained","rolling_one_step",12,1,12,3,11.58,0.596992462263972,4.89783979995091,5.81022796836712,0.0287383335256782,0,0,73.6164,8.58
1,"inad_constrained_alpha","rolling_one_step",12,1,12,3,7.69,0.458741140888229,3.41025466877466,2.65682645122279,0.120901869082686,1,1,21.9961,4.69
1,"nb_glm","rolling_one_step",12,1,12,3,7.61221215943919,NA,2.7080810771706,3.20515388990737,0.169599395045929,NA,NA,21.2725010036787,4.61221215943919
1,"poisson_glm","rolling_one_step",12,1,12,3,7.94984154191552,NA,3.51577005205681,3.87975413415466,0.0569087381664418,NA,NA,24.5009312900726,4.94984154191552
1,"inad_unconstrained","recursive_multi_step",9,1,1,4,4.61,0.300132967165885,1.7823043104573,0.715433743055555,0.489538362008888,1,1,0.3721,0.61
1,"inad_constrained_alpha","recursive_multi_step",9,1,1,4,4.43,0.273124458254785,1.88480672465252,0.701571266348187,0.432044975852874,1,1,0.1849,0.43
1,"nb_glm","recursive_multi_step",9,1,1,4,4.37207954809045,NA,2.08764107275876,0.804162266191576,0.445071381929988,NA,NA,0.138443190107197,0.372079548090454
1,"poisson_glm","recursive_multi_step",9,1,1,4,4.40824453357082,NA,1.77437649363493,0.629760593407056,0.445355918980301,NA,NA,0.166663599190456,0.408244533570819
1,"inad_unconstrained","recursive_multi_step",9,1,2,1,3.94,0.23987370414323,2.51242467868189,1.75347307079082,0.104051734073187,1,1,8.6436,2.94
1,"inad_constrained_alpha","recursive_multi_step",9,1,2,1,4.53,0.276505977431873,2.84134549409159,2.42892264872618,0.0721743096854568,0,1,12.4609,3.53
1,"nb_glm","recursive_multi_step",9,1,2,1,4.06386622661881,NA,2.21829965207124,1.96788970592548,0.0978440633081867,NA,NA,9.38727625461538,3.06386622661881
1,"poisson_glm","recursive_multi_step",9,1,2,1,4.07693040284026,NA,2.71842740528028,2.22694109538874,0.0500735141745296,NA,NA,9.46750070392273,3.07693040284026
1,"inad_unconstrained","recursive_multi_step",9,1,3,3,7.67,0.32131516357532,2.80772888329261,2.91417690846665,0.0845441951886074,1,1,21.8089,4.67
1,"inad_constrained_alpha","recursive_multi_step",9,1,3,3,6.62,0.326221093769551,2.60611016275922,2.29939128825435,0.13445009640206,1,1,13.1044,3.62
1,"nb_glm","recursive_multi_step",9,1,3,3,5.82436940724251,NA,2.27895898086358,1.71230335044125,0.198061088613019,NA,NA,7.97706254856743,2.82436940724251
1,"poisson_glm","recursive_multi_step",9,1,3,3,5.98954800703176,NA,2.50362428658157,2.00914531169414,0.134272853888015,NA,NA,8.93739728634757,2.98954800703176
1,"inad_unconstrained","recursive_multi_step",9,1,4,0,3.71,0.230193155608261,3.33362144275375,2.54488678048398,0.00956081813755569,0,1,13.7641,3.71
1,"inad_constrained_alpha","recursive_multi_step",9,1,4,0,3.8,0.253460892925169,2.92732954666959,2.49301680632783,0.00463065912460793,0,1,14.44,3.8
1,"nb_glm","recursive_multi_step",9,1,4,0,3.69835224503315,NA,2.62241668477776,2.33203190601431,0.063467046783143,NA,NA,13.6778093283417,3.69835224503315
1,"poisson_glm","recursive_multi_step",9,1,4,0,3.68626753446602,NA,3.46522873287904,2.66725314518404,0.00843879877728871,NA,NA,13.5885683356582,3.68626753446602
1,"inad_unconstrained","recursive_multi_step",9,1,5,4,4.47,0.264557950345305,2.32925334007621,0.729669290550939,0.460257812344077,1,1,0.2209,0.47
1,"inad_constrained_alpha","recursive_multi_step",9,1,5,4,4.42,0.249921199702238,2.63923433643048,0.717480209883311,0.473627101643757,1,1,0.1764,0.42
1,"nb_glm","recursive_multi_step",9,1,5,4,4.37207954809045,NA,2.02299823516103,0.687191976282475,0.492625794573666,NA,NA,0.138443190107197,0.372079548090454
1,"poisson_glm","recursive_multi_step",9,1,5,4,4.40824453357082,NA,1.72249033559025,0.53867264046964,0.429580164611792,NA,NA,0.166663599190456,0.408244533570819
1,"inad_unconstrained","recursive_multi_step",9,1,6,15,3.62,0.213096459403015,4.76217393479776,9.30772902330338,0.99567103646019,0,0,129.5044,11.38
1,"inad_constrained_alpha","recursive_multi_step",9,1,6,15,3.65,0.222190654323459,4.76217393479776,9.27625441595442,0.992614747124573,0,0,128.8225,11.35
1,"nb_glm","recursive_multi_step",9,1,6,15,3.69835224503315,NA,4.67300563773585,9.06060663353951,0.998916972587188,NA,NA,127.727241977347,11.3016477549669
1,"poisson_glm","recursive_multi_step",9,1,6,15,3.68626753446602,NA,4.76156207355881,9.34453808948446,0.999714845007469,NA,NA,128.000542301678,11.313732465534
1,"inad_unconstrained","recursive_multi_step",9,1,7,7,6.26,0.32368459520298,2.44204535674085,0.979921254458977,0.636575984400617,1,1,0.5476,0.74
1,"inad_constrained_alpha","recursive_multi_step",9,1,7,7,6.39,0.345211105080221,2.03836151593637,0.943133916493236,0.509196729016764,1,1,0.3721,0.61
1,"nb_glm","recursive_multi_step",9,1,7,7,6.42898882308121,NA,2.51463698123336,1.13385449123717,0.569282004480322,NA,NA,0.326053764166177,0.571011176918786
1,"poisson_glm","recursive_multi_step",9,1,7,7,6.48699637716695,NA,2.06314400761097,0.7641688209851,0.506077627675024,NA,NA,0.263172717039839,0.513003622833055
1,"inad_unconstrained","recursive_multi_step",9,1,8,1,5.63,0.348055202866477,3.73893025507181,3.36469863599727,0.0196962586034632,0,0,21.4369,4.63
1,"inad_constrained_alpha","recursive_multi_step",9,1,8,1,5.05,0.322043663518041,2.49247621036774,2.71277318597151,0.0859072506731399,0,1,16.4025,4.05
1,"nb_glm","recursive_multi_step",9,1,8,1,5.75797429623391,NA,2.82411728836627,3.31330540274953,0.0641672925856384,NA,NA,22.6383194036225,4.75797429623391
1,"poisson_glm","recursive_multi_step",9,1,8,1,5.76604358096639,NA,3.80601261331651,3.75985682257991,0.0202107678957164,NA,NA,22.7151714156709,4.76604358096639
1,"inad_unconstrained","recursive_multi_step",9,1,9,3,6.46,0.323934149686836,2.68253114218381,2.03056804079288,0.158143255554072,1,1,11.9716,3.46
1,"inad_constrained_alpha","recursive_multi_step",9,1,9,3,5.19,0.290487225679251,2.36373951614738,1.34376876615915,0.24801107943717,1,1,4.7961,2.19
1,"nb_glm","recursive_multi_step",9,1,9,3,6.11237877580574,NA,2.27895375392376,1.63577380235188,0.190537736701204,NA,NA,9.68690164408606,3.11237877580574
1,"poisson_glm","recursive_multi_step",9,1,9,3,6.14614346832415,NA,2.53294051781819,1.97511554013375,0.076534576162752,NA,NA,9.89821872327871,3.14614346832415
1,"inad_unconstrained","recursive_multi_step",9,1,10,2,7.3,0.348010216963685,2.81623957296051,3.38343914105142,0.0299353839190661,0,1,28.09,5.3
1,"inad_constrained_alpha","recursive_multi_step",9,1,10,2,6.73,0.356428694329475,3.19477827328914,3.15938902108533,0.0638859219771878,0,1,22.3729,4.73
1,"nb_glm","recursive_multi_step",9,1,10,2,6.98070761169725,NA,2.72247452018902,3.04203143567161,0.0735013285667229,NA,NA,24.8074483132189,4.98070761169725
1,"poisson_glm","recursive_multi_step",9,1,10,2,7.08369488789106,NA,3.67267900789099,3.70420654365248,0.0285948554949787,NA,NA,25.8439537131697,5.08369488789106
1,"inad_unconstrained","recursive_multi_step",9,1,11,5,4.63,0.284500270721144,1.90235103430343,0.706792703213611,0.616859937997697,1,1,0.1369,0.37
1,"inad_constrained_alpha","recursive_multi_step",9,1,11,5,4.84,0.285939882075964,2.42465361402898,0.808393967374577,0.548314213402561,1,1,0.0256,0.16
1,"nb_glm","recursive_multi_step",9,1,11,5,4.87068383159236,NA,2.17793820222494,0.79017393341283,0.517189702721211,NA,NA,0.0167226714116329,0.129316168407639
1,"poisson_glm","recursive_multi_step",9,1,11,5,4.82168788345669,NA,1.81787124563459,0.562495546773716,0.513363856298266,NA,NA,0.0317952109061556,0.178312116543312
1,"inad_unconstrained","recursive_multi_step",9,1,12,4,4.77,0.301797644427219,1.988764574797,0.768895310255674,0.528078148285385,1,1,0.592899999999999,0.77
1,"inad_constrained_alpha","recursive_multi_step",9,1,12,4,5.14,0.294741797634349,2.26814237723276,0.883329300898532,0.37800907398192,1,1,1.2996,1.14
1,"nb_glm","recursive_multi_step",9,1,12,4,4.87068383159236,NA,2.09716066371452,0.84838008684485,0.447040679813068,NA,NA,0.758090334596355,0.870683831592361
1,"poisson_glm","recursive_multi_step",9,1,12,4,4.82168788345669,NA,1.80964520297211,0.696950287878889,0.375338891131963,NA,NA,0.675170977819532,0.821687883456688
1,"inad_unconstrained","recursive_multi_step",10,2,1,2,4.11,0.364565605629605,1.92854185489422,1.3594592448,0.345215412729792,1,1,4.4521,2.11
1,"inad_constrained_alpha","recursive_multi_step",10,2,1,2,3.77,0.330855945338234,1.91100909704655,1.05010162752675,0.367796860586226,1,1,3.1329,1.77
1,"nb_glm","recursive_multi_step",10,2,1,2,4.47309117541327,NA,2.12316569920192,1.65663510935837,0.255963639085895,NA,NA,6.116179961907,2.47309117541327
1,"poisson_glm","recursive_multi_step",10,2,1,2,4.65952792276194,NA,2.39609800660365,1.9296412051203,0.149882023817201,NA,NA,7.07308877195044,2.65952792276194
1,"inad_unconstrained","recursive_multi_step",10,2,2,0,4.03,0.375097293775868,2.42136862898401,2.7389039808,0.00189960260353982,1,1,16.2409,4.03
1,"inad_constrained_alpha","recursive_multi_step",10,2,2,0,3.63,0.329571193700499,2.13919154608561,2.28878967361111,0.0406389450165443,1,1,13.1769,3.63
1,"nb_glm","recursive_multi_step",10,2,2,0,4.38733926495208,NA,3.03394170476965,3.2286644536418,0.00626170767907161,NA,NA,19.2487458257903,4.38733926495208
1,"poisson_glm","recursive_multi_step",10,2,2,0,4.55752121701503,NA,4.10595225411959,3.69774504831183,0.00777187943211716,NA,NA,20.7709996435422,4.55752121701503
1,"inad_unconstrained","recursive_multi_step",10,2,3,3,5.15,0.373456419103618,1.92810353040585,1.22527293162884,0.257335341874731,1,1,4.6225,2.15
1,"inad_constrained_alpha","recursive_multi_step",10,2,3,3,4.65,0.390383132190659,2.3342821797373,1.263020064,0.386347417237069,1,1,2.7225,1.65
1,"nb_glm","recursive_multi_step",10,2,3,3,4.83785638140045,NA,2.12113346393598,1.32325439189003,0.298750049315128,NA,NA,3.37771607865436,1.83785638140045
1,"poisson_glm","recursive_multi_step",10,2,3,3,5.09736036708925,NA,2.14533648049657,1.48579754948087,0.166718734510877,NA,NA,4.39892050943675,2.09736036708925
1,"inad_unconstrained","recursive_multi_step",10,2,4,3,3.94,0.366203564298671,2.16388415867598,1.0362256989887,0.419348137616256,1,1,0.8836,0.94
1,"inad_constrained_alpha","recursive_multi_step",10,2,4,3,3.92,0.359483355425926,2.13082329641509,0.899600522561966,0.495848198816544,1,1,0.8464,0.92
1,"nb_glm","recursive_multi_step",10,2,4,3,4.28096719087279,NA,2.01987718570707,1.03503792773143,0.363925429263816,NA,NA,1.64087694409252,1.28096719087279
1,"poisson_glm","recursive_multi_step",10,2,4,3,4.43152061784657,NA,1.89832193893486,1.05023192956543,0.280198834175352,NA,NA,2.04925127931983,1.43152061784657
1,"inad_unconstrained","recursive_multi_step",10,2,5,8,4.4,0.45036461098568,3.82921710174391,2.25529153770509,0.702783014117874,1,1,12.96,3.6
1,"inad_constrained_alpha","recursive_multi_step",10,2,5,8,4.47,0.399609658026278,3.23462418183634,2.17718427124023,0.742628577619034,1,1,12.4609,3.53
1,"nb_glm","recursive_multi_step",10,2,5,8,4.47309117541327,NA,3.14085312440209,2.05885996342559,0.689718516528903,NA,NA,12.4390858569477,3.52690882458673
1,"poisson_glm","recursive_multi_step",10,2,5,8,4.65952792276194,NA,3.09846858503363,1.91686038871906,0.731493294487785,NA,NA,11.1587536988072,3.34047207723806
1,"inad_unconstrained","recursive_multi_step",10,2,6,8,3.87,0.332621968212224,3.38535711715294,2.56804524397995,0.827489733541259,1,1,17.0569,4.13
1,"inad_constrained_alpha","recursive_multi_step",10,2,6,8,3.9,0.380456928899284,3.42651518964645,2.62604668314256,0.782539723565006,1,1,16.81,4.1
1,"nb_glm","recursive_multi_step",10,2,6,8,4.28096719087279,NA,3.09108198000046,2.14720479089323,0.797979521523268,NA,NA,13.8312050353647,3.71903280912721
1,"poisson_glm","recursive_multi_step",10,2,6,8,4.43152061784657,NA,3.12790214233334,2.05662280937869,0.827964561493373,NA,NA,12.7340451008541,3.56847938215343
1,"inad_unconstrained","recursive_multi_step",10,2,7,6,6.01,0.437276927256757,3.40202416963815,1.21524641076429,0.531957402366371,1,1,9.99999999999957e-05,0.00999999999999979
1,"inad_constrained_alpha","recursive_multi_step",10,2,7,6,5.97,0.445279392487164,2.52473707258596,1.2445105883094,0.551322376276976,1,1,0.000900000000000015,0.0300000000000002
1,"nb_glm","recursive_multi_step",10,2,7,6,6.55107663614394,NA,2.4204411742271,1.15294447024848,0.445736227071436,NA,NA,0.303685458903726,0.551076636143945
1,"poisson_glm","recursive_multi_step",10,2,7,6,6.82986849532318,NA,2.03950212050978,0.916909832926075,0.323120558638239,NA,NA,0.688681719529966,0.829868495323185
1,"inad_unconstrained","recursive_multi_step",10,2,8,4,6.47,0.477885705451364,2.09327727353249,1.73716998426665,0.342985305119206,1,1,6.1009,2.47
1,"inad_constrained_alpha","recursive_multi_step",10,2,8,4,5.24,0.459054804060815,2.18049955194161,1.46425288482958,0.335828144153573,1,1,1.5376,1.24
1,"nb_glm","recursive_multi_step",10,2,8,4,6.35102190351381,NA,2.39259423045287,1.93127431159541,0.305265686758591,NA,NA,5.52730399080169,2.35102190351381
1,"poisson_glm","recursive_multi_step",10,2,8,4,6.59197504339815,NA,2.42153874182618,2.08262408734977,0.153068405997932,NA,NA,6.71833462559883,2.59197504339815
1,"inad_unconstrained","recursive_multi_step",10,2,9,2,6.95,0.555118514964657,2.5275288248124,3.62573934578956,0.113565866119704,1,1,24.5025,4.95
1,"inad_constrained_alpha","recursive_multi_step",10,2,9,2,4.87,0.362275357074469,2.36373951614738,1.67338307239299,0.255629624593214,1,1,8.2369,2.87
1,"nb_glm","recursive_multi_step",10,2,9,2,6.45826707156141,NA,2.72516622996536,3.55722600681572,0.117001065243554,NA,NA,19.8761452813688,4.45826707156141
1,"poisson_glm","recursive_multi_step",10,2,9,2,6.71934410210867,NA,3.61197775636019,4.11412303166712,0.0393013575637989,NA,NA,22.2722087541079,4.71934410210867
1,"inad_unconstrained","recursive_multi_step",10,2,10,3,6.46,0.485844053626721,2.26214412343553,2.06614847568657,0.2168914321266,1,1,11.9716,3.46
1,"inad_constrained_alpha","recursive_multi_step",10,2,10,3,6.32,0.497240872061504,2.65373821174847,2.16557732107445,0.209379782085848,1,1,11.0224,3.32
1,"nb_glm","recursive_multi_step",10,2,10,3,6.70664270826633,NA,2.4956806516815,2.43275029181101,0.186516261143573,NA,NA,13.739200166744,3.70664270826633
1,"poisson_glm","recursive_multi_step",10,2,10,3,7.0157307192145,NA,3.0323802354483,2.96151400191741,0.0615407761194845,NA,NA,16.126093209243,4.0157307192145
1,"inad_unconstrained","recursive_multi_step",10,2,11,11,5.72,0.508529271725847,3.21090765521902,3.2575983744,0.761462162537128,1,1,27.8784,5.28
1,"inad_constrained_alpha","recursive_multi_step",10,2,11,11,4.98,0.503919987235428,4.81218435537242,4.05204724700906,0.825796828666641,1,1,36.2404,6.02
1,"nb_glm","recursive_multi_step",10,2,11,11,6.06481477215423,NA,3.32555194782642,2.90700159593841,0.823818893688985,NA,NA,24.3560532331471,4.93518522784577
1,"poisson_glm","recursive_multi_step",10,2,11,11,6.25397515361852,NA,3.49728267706413,2.8561452991262,0.877943713205143,NA,NA,22.5247518424704,4.74602484638148
1,"inad_unconstrained","recursive_multi_step",10,2,12,9,5.64,0.4991953120733,3.71502473421826,2.46206741675338,0.729585679302127,1,1,11.2896,3.36
1,"inad_constrained_alpha","recursive_multi_step",10,2,12,9,5.97,0.525213761195853,2.920752271696,2.11034220033798,0.678067632367237,1,1,9.1809,3.03
1,"nb_glm","recursive_multi_step",10,2,12,9,6.06481477215423,NA,2.94854145595555,1.80436885145755,0.673592511275136,NA,NA,8.61531232176405,2.93518522784577
1,"poisson_glm","recursive_multi_step",10,2,12,9,6.25397515361852,NA,2.69676657024623,1.52562868610961,0.705583134318801,NA,NA,7.54065245694444,2.74602484638148
1,"inad_unconstrained","recursive_multi_step",11,3,1,4,2.21,0.164098393740715,1.98314011778311,1.10450561157025,0.760469066037161,1,1,3.2041,1.79
1,"inad_constrained_alpha","recursive_multi_step",11,3,1,4,2.5,0.185047086554812,1.99218995330303,0.962756691826962,0.731653003241313,1,1,2.25,1.5
1,"nb_glm","recursive_multi_step",11,3,1,4,2.69243154994808,NA,2.14320311194046,0.916232757171345,0.761033531924616,NA,NA,1.70973525157117,1.30756845005192
1,"poisson_glm","recursive_multi_step",11,3,1,4,2.75677042304576,NA,1.90967846229629,0.772882401471505,0.679524151954613,NA,NA,1.54561978101382,1.24322957695424
1,"inad_unconstrained","recursive_multi_step",11,3,2,1,2.22,0.154121819848895,1.5463339059594,0.698890850938473,0.21259073531285,1,1,1.4884,1.22
1,"inad_constrained_alpha","recursive_multi_step",11,3,2,1,2.55,0.211953396821666,1.41307844502671,0.769334191645408,0.330544382828978,1,1,2.4025,1.55
1,"nb_glm","recursive_multi_step",11,3,2,1,2.67853797064199,NA,1.63302591948395,0.889111646498369,0.221823995968322,NA,NA,2.81748971888691,1.67853797064199
1,"poisson_glm","recursive_multi_step",11,3,2,1,2.73926969290938,NA,1.78040634909306,1.03181146244286,0.0686499493238585,NA,NA,3.02505906467309,1.73926969290938
1,"inad_unconstrained","recursive_multi_step",11,3,3,2,2.38,0.16804280358999,1.29871257627319,0.378788474961448,0.581616839439826,1,1,0.1444,0.38
1,"inad_constrained_alpha","recursive_multi_step",11,3,3,2,2.38,0.202399744480216,1.626845180806,0.488458172135641,0.427148518743698,1,1,0.1444,0.38
1,"nb_glm","recursive_multi_step",11,3,3,2,2.74994830189366,NA,1.64270830900557,0.562019917927555,0.426366245837388,NA,NA,0.562422455513178,0.749948301893656
1,"poisson_glm","recursive_multi_step",11,3,3,2,2.82964409080707,NA,1.51368030986592,0.55116204362692,0.316994304846209,NA,NA,0.688309317411089,0.829644090807069
1,"inad_unconstrained","recursive_multi_step",11,3,4,1,2.32,0.185798848546519,1.51288883096398,0.673032611570248,0.237291438642889,1,1,1.7424,1.32
1,"inad_constrained_alpha","recursive_multi_step",11,3,4,1,2.55,0.201697343021216,1.5823738424426,0.860898104785026,0.169889057054168,1,1,2.4025,1.55
1,"nb_glm","recursive_multi_step",11,3,4,1,2.66109529693657,NA,1.637346959637,0.904077888979453,0.127973846950953,NA,NA,2.75923758550478,1.66109529693657
1,"poisson_glm","recursive_multi_step",11,3,4,1,2.717361841771,NA,1.77624501652518,1.03544135977108,0.146762658284863,NA,NA,2.94933169557109,1.717361841771
1,"inad_unconstrained","recursive_multi_step",11,3,5,3,2.15,0.168400076777256,1.80975831890425,0.625307337066797,0.68876971198292,1,1,0.7225,0.85
1,"inad_constrained_alpha","recursive_multi_step",11,3,5,3,2.59,0.198017956537055,1.86694910725252,0.554304853502151,0.661760564479088,1,1,0.1681,0.41
1,"nb_glm","recursive_multi_step",11,3,5,3,2.69243154994808,NA,1.81427814865917,0.550135908000798,0.625635088381754,NA,NA,0.0945983514673382,0.307568450051916
1,"poisson_glm","recursive_multi_step",11,3,5,3,2.75677042304576,NA,1.55653822174196,0.423414347234305,0.490831657700939,NA,NA,0.0591606271053394,0.243229576954242
1,"inad_unconstrained","recursive_multi_step",11,3,6,4,2.16,0.177365683993792,2.07019867459866,1.13158824936224,0.803648895051322,1,1,3.3856,1.84
1,"inad_constrained_alpha","recursive_multi_step",11,3,6,4,2.31,0.186782972424894,2.91844059925234,1.13794664381378,0.790726516955495,1,1,2.8561,1.69
1,"nb_glm","recursive_multi_step",11,3,6,4,2.66109529693657,NA,2.16467393116146,0.917997120839521,0.685789875729563,NA,NA,1.79266580388538,1.33890470306343
1,"poisson_glm","recursive_multi_step",11,3,6,4,2.717361841771,NA,1.93613582158837,0.784646740351315,0.7701507493458,NA,NA,1.64516064494507,1.282638158229
1,"inad_unconstrained","recursive_multi_step",11,3,7,4,3.71,0.211915267991905,2.39798536694682,0.601874125476828,0.606863022297642,1,1,0.0841,0.29
1,"inad_constrained_alpha","recursive_multi_step",11,3,7,4,3.98,0.23005489024416,1.49895778103933,0.488594862557757,0.605968084602526,1,1,0.000400000000000001,0.02
1,"nb_glm","recursive_multi_step",11,3,7,4,3.94020086928546,NA,2.00695655114814,0.66166318691942,0.569877076597134,NA,NA,0.00357593603421416,0.059799130714536
1,"poisson_glm","recursive_multi_step",11,3,7,4,4.03993166729991,NA,1.69500597321092,0.491883637680295,0.467570146959467,NA,NA,0.00159453805335032,0.0399316672999053
1,"inad_unconstrained","recursive_multi_step",11,3,8,4,3.82,0.231106254805232,1.88480672465252,0.573526932414441,0.583979047130942,1,1,0.0324000000000001,0.18
1,"inad_constrained_alpha","recursive_multi_step",11,3,8,4,3.5,0.219963265987388,1.93657882162643,0.630126147959184,0.58458371070278,1,1,0.25,0.5
1,"nb_glm","recursive_multi_step",11,3,8,4,3.90569255629698,NA,2.00787233271101,0.66285656617972,0.6040907854063,NA,NA,0.00889389393779858,0.0943074437030216
1,"poisson_glm","recursive_multi_step",11,3,8,4,3.9965219920744,NA,1.69489612678661,0.490839222245689,0.60367493244472,NA,NA,1.20965391305306e-05,0.00347800792559916
1,"inad_unconstrained","recursive_multi_step",11,3,9,3,3.99,0.216722603502004,1.89361735433468,0.71791987534626,0.321445389233791,1,1,0.9801,0.99
1,"inad_constrained_alpha","recursive_multi_step",11,3,9,3,3.6,0.214146178715815,2.22446731373009,0.635940513392857,0.345340114464489,1,1,0.36,0.6
1,"nb_glm","recursive_multi_step",11,3,9,3,3.92426917113445,NA,1.89058894174229,0.696240102686381,0.370455583220693,NA,NA,0.854273500709569,0.924269171134453
1,"poisson_glm","recursive_multi_step",11,3,9,3,4.0198718819687,NA,1.70902654776953,0.668887706720643,0.39517092805495,NA,NA,1.04013865563039,1.0198718819687
1,"inad_unconstrained","recursive_multi_step",11,3,10,6,3.73,0.204916834571758,2.64804496611264,1.45309032779317,0.814373993673954,1,1,5.1529,2.27
1,"inad_constrained_alpha","recursive_multi_step",11,3,10,6,4.31,0.280582006953872,2.34664508278808,1.11866276010702,0.762186360435544,1,1,2.8561,1.69
1,"nb_glm","recursive_multi_step",11,3,10,6,3.96661259788523,NA,2.52136375629641,1.32214464519454,0.709255387467901,NA,NA,4.13466432707905,2.03338740211477
1,"poisson_glm","recursive_multi_step",11,3,10,6,4.07325412531667,NA,2.2765672720364,1.13101101315577,0.806989621895914,NA,NA,3.71234966560923,1.92674587468333
1,"inad_unconstrained","recursive_multi_step",11,3,11,9,3.47,0.23026335383906,4.02925309664136,4.08214005012139,0.945787060636969,0,1,30.5809,5.53
1,"inad_constrained_alpha","recursive_multi_step",11,3,11,9,3.8,0.250252397843183,3.11879236631122,3.67212868574946,0.910113697810785,0,1,27.04,5.2
1,"nb_glm","recursive_multi_step",11,3,11,9,3.8552077976831,NA,3.49358911792471,3.61833632872241,0.944939869686996,NA,NA,26.4688868050208,5.1447922023169
1,"poisson_glm","recursive_multi_step",11,3,11,9,3.93329778405901,NA,3.93493542790421,3.67495958665849,0.960674986919899,NA,NA,25.6714713450213,5.06670221594099
1,"inad_unconstrained","recursive_multi_step",11,3,12,14,3.99,0.190954540044578,4.75359019110636,8.24914651456599,0.991736192244169,0,0,100.2001,10.01
1,"inad_constrained_alpha","recursive_multi_step",11,3,12,14,4.05,0.254405625374562,4.75359019110636,7.92826585166468,0.998612412944002,0,0,99.0025,9.95
1,"nb_glm","recursive_multi_step",11,3,12,14,3.8552077976831,NA,4.56658204833153,8.07695970834741,0.991884973224126,NA,NA,102.91680882819,10.1447922023169
1,"poisson_glm","recursive_multi_step",11,3,12,14,3.93329778405901,NA,4.74877568485554,8.27392458446257,0.998010450360853,NA,NA,101.338493504431,10.066702215941
1,"inad_unconstrained","recursive_multi_step",12,4,1,8,3.39,0.350438397877674,3.16171741102825,2.98368082056352,0.843903641415087,1,1,21.2521,4.61
1,"inad_constrained_alpha","recursive_multi_step",12,4,1,8,2.38,0.256936104150743,3.63967529697647,3.96255996975425,0.929177854179769,0,1,31.5844,5.62
1,"nb_glm","recursive_multi_step",12,4,1,8,3.65163557684849,NA,3.31352456096178,2.70374072839592,0.873676597873538,NA,NA,18.9082731565298,4.34836442315151
1,"poisson_glm","recursive_multi_step",12,4,1,8,3.74294399273572,NA,3.58962645792762,2.72645196011073,0.901668622125086,NA,NA,18.1225258489849,4.25705600726428
1,"inad_unconstrained","recursive_multi_step",12,4,2,2,2.39,0.244079387648256,1.7397446960385,0.581010850661625,0.570663460055123,1,1,0.1521,0.39
1,"inad_constrained_alpha","recursive_multi_step",12,4,2,2,2.87,0.323383313850247,1.7397446960385,0.747541330812855,0.446219348956851,1,1,0.7569,0.87
1,"nb_glm","recursive_multi_step",12,4,2,2,3.64712848978755,NA,1.8376885396559,0.929720997131143,0.275330459621097,NA,NA,2.71303226186982,1.64712848978755
1,"poisson_glm","recursive_multi_step",12,4,2,2,3.73682951912101,NA,1.86547427129798,1.04509145368162,0.233659025742981,NA,NA,3.01657677849011,1.73682951912101
1,"inad_unconstrained","recursive_multi_step",12,4,3,2,3.26,0.391479968397574,1.84192247614145,0.899653807800014,0.398750873194576,1,1,1.5876,1.26
1,"inad_constrained_alpha","recursive_multi_step",12,4,3,2,2.79,0.34853082700636,2.46757865874601,0.933138669585481,0.52351745748685,1,1,0.6241,0.79
1,"nb_glm","recursive_multi_step",12,4,3,2,3.6701736795364,NA,1.89669724532796,1.10480297700539,0.244052728789935,NA,NA,2.78948011981616,1.6701736795364
1,"poisson_glm","recursive_multi_step",12,4,3,2,3.76820775266432,NA,1.93019108011721,1.20591810060508,0.130948705027223,NA,NA,3.12655865658222,1.76820775266432
1,"inad_unconstrained","recursive_multi_step",12,4,4,2,3.7,0.327062221862594,1.94491064872223,1.14043438888889,0.270693944316513,1,1,2.89,1.7
1,"inad_constrained_alpha","recursive_multi_step",12,4,4,2,2.63,0.328342947098138,2.45913979010015,0.77698123384085,0.484385829489773,1,1,0.3969,0.63
1,"nb_glm","recursive_multi_step",12,4,4,2,3.64145383922331,NA,1.88177122959149,1.0621496541926,0.255170273251627,NA,NA,2.69437070630093,1.64145383922331
1,"poisson_glm","recursive_multi_step",12,4,4,2,3.72914899955309,NA,1.90470111791157,1.15533790008477,0.236905343867638,NA,NA,2.98995626265544,1.72914899955309
1,"inad_unconstrained","recursive_multi_step",12,4,5,3,2.87,0.328342947098138,2.68253114218381,0.916449691180695,0.563555407016577,1,1,0.0169,0.13
1,"inad_constrained_alpha","recursive_multi_step",12,4,5,3,2.33,0.329080445170994,2.15572084803682,0.94375272104273,0.635210351498557,1,1,0.4489,0.67
1,"nb_glm","recursive_multi_step",12,4,5,3,3.65163557684849,NA,1.93831655196311,0.811492878456942,0.358629401654622,NA,NA,0.424628925014659,0.651635576848486
1,"poisson_glm","recursive_multi_step",12,4,5,3,3.74294399273572,NA,1.71726213996731,0.72800545573844,0.388087353216755,NA,NA,0.5519657763421,0.742943992735724
1,"inad_unconstrained","recursive_multi_step",12,4,6,2,2.87,0.305390956584566,2.17945240759042,0.818321038941736,0.511163649216037,1,1,0.7569,0.87
1,"inad_constrained_alpha","recursive_multi_step",12,4,6,2,2.29,0.273877875902912,1.64438949045691,0.66346809073724,0.528187789075482,1,1,0.0841,0.29
1,"nb_glm","recursive_multi_step",12,4,6,2,3.64145383922331,NA,1.84639196887473,0.954075540775952,0.357784392164335,NA,NA,2.69437070630093,1.64145383922331
1,"poisson_glm","recursive_multi_step",12,4,6,2,3.72914899955309,NA,1.87079180035229,1.06140716197556,0.210259516035796,NA,NA,2.98995626265544,1.72914899955309
1,"inad_unconstrained","recursive_multi_step",12,4,7,9,6.62,0.616241458645502,3.80739805434927,2.21368427768166,0.629569880694582,1,1,5.6644,2.38
1,"inad_constrained_alpha","recursive_multi_step",12,4,7,9,4.06,0.38581410711964,2.9874334707393,3.05801883333333,0.832929497691744,1,1,24.4036,4.94
1,"nb_glm","recursive_multi_step",12,4,7,9,5.29041188432977,NA,3.14927099408143,2.10782687910116,0.713869337345249,NA,NA,13.7610439879218,3.70958811567023
1,"poisson_glm","recursive_multi_step",12,4,7,9,5.42634422007003,NA,3.12181052825449,1.9730613679541,0.752689402419313,NA,NA,12.7710156334269,3.57365577992997
1,"inad_unconstrained","recursive_multi_step",12,4,8,6,4.72,0.434632086373119,3.18661496264998,1.45557459016393,0.62455272363911,1,1,1.6384,1.28
1,"inad_constrained_alpha","recursive_multi_step",12,4,8,6,3.75,0.453354500397099,2.91308939895043,1.80738333136095,0.660914729175982,1,1,5.0625,2.25
1,"nb_glm","recursive_multi_step",12,4,8,6,5.27827665694172,NA,2.46263006461457,1.1571806815044,0.573755376923625,NA,NA,0.520884583915223,0.721723343058282
1,"poisson_glm","recursive_multi_step",12,4,8,6,5.40993324388768,NA,2.05053133023011,0.84874508921289,0.515530192822999,NA,NA,0.348178776668916,0.59006675611232
1,"inad_unconstrained","recursive_multi_step",12,4,9,8,5.58,0.589500730373688,2.79464844030451,2.1047536271809,0.657671938242786,1,1,5.8564,2.42
1,"inad_constrained_alpha","recursive_multi_step",12,4,9,8,4.48,0.463948795502785,3.44251553099289,2.2783584782061,0.740863603023934,1,1,12.3904,3.52
1,"nb_glm","recursive_multi_step",12,4,9,8,5.28481643413151,NA,2.88325890910706,1.67976262359581,0.665618349656355,NA,NA,7.37222179636234,2.71518356586849
1,"poisson_glm","recursive_multi_step",12,4,9,8,5.41877210560374,NA,2.65774468956155,1.45227317439499,0.716611538715307,NA,NA,6.66273744280936,2.58122789439626
1,"inad_unconstrained","recursive_multi_step",12,4,10,4,6.05,0.63633657951138,2.42980852242952,2.75924253412008,0.378867453757749,1,1,4.2025,2.05
1,"inad_constrained_alpha","recursive_multi_step",12,4,10,4,4.88,0.534521403980356,2.46058934213729,1.48168721893491,0.497671443711787,1,1,0.7744,0.88
1,"nb_glm","recursive_multi_step",12,4,10,4,5.29966140778703,NA,2.37250013664379,2.37732041111442,0.263303725331725,NA,NA,1.68911977489097,1.29966140778703
1,"poisson_glm","recursive_multi_step",12,4,10,4,5.43887952104527,NA,2.1708358131012,2.2878525569221,0.194601124623125,NA,NA,2.07037427608346,1.43887952104527
1,"inad_unconstrained","recursive_multi_step",12,4,11,3,5.91,0.523410532812042,2.42136862898401,1.7731602368,0.326278702024184,1,1,8.4681,2.91
1,"inad_constrained_alpha","recursive_multi_step",12,4,11,3,4.35,0.466098138536805,2.75603360417673,1.41630298840598,0.410110381974721,1,1,1.8225,1.35
1,"nb_glm","recursive_multi_step",12,4,11,3,5.26041929214986,NA,2.20936867791524,1.59122700415395,0.20638865124063,NA,NA,5.10949537632327,2.26041929214986
1,"poisson_glm","recursive_multi_step",12,4,11,3,5.3858648226965,NA,2.27561570889086,1.73576904198872,0.191236541934414,NA,NA,5.69235095218062,2.3858648226965
1,"inad_unconstrained","recursive_multi_step",12,4,12,3,5.97,0.64923498104004,2.82436372877923,3.45936265966081,0.300281802846508,1,1,8.8209,2.97
1,"inad_constrained_alpha","recursive_multi_step",12,4,12,3,4.29,0.449982042290399,2.07015149477274,1.15598527083333,0.408638706946319,1,1,1.6641,1.29
1,"nb_glm","recursive_multi_step",12,4,12,3,5.26041929214986,NA,2.39571051740894,3.14795190373791,0.233885519446372,NA,NA,5.10949537632327,2.26041929214986
1,"poisson_glm","recursive_multi_step",12,4,12,3,5.3858648226965,NA,2.46186654394063,3.22252358315796,0.118337979272328,NA,NA,5.69235095218062,2.3858648226965
2,"inad_unconstrained","rolling_one_step",2,1,1,8,3.39,0.353880365563439,4.08935702071106,3.07596049305556,0.828655032846611,1,1,21.2521,4.61
2,"inad_constrained_alpha","rolling_one_step",2,1,1,8,4.21,0.382784851351569,2.69097001082967,2.41586553915684,0.762650381741036,1,1,14.3641,3.79
2,"nb_glm","rolling_one_step",2,1,1,8,3.63086799831115,NA,3.34717255401367,2.68553428685868,0.876779875986302,NA,NA,19.0893144481816,4.36913200168885
2,"poisson_glm","rolling_one_step",2,1,1,8,3.578841428061,NA,3.72923307589012,2.82364445022689,0.893197032218701,NA,NA,19.5466431182297,4.421158571939
2,"inad_unconstrained","rolling_one_step",2,1,2,0,2.46,0.30498219852008,1.20017884092489,1.14470120036934,0.225476875006867,1,1,6.0516,2.46
2,"inad_constrained_alpha","rolling_one_step",2,1,2,0,2.81,0.332937643932726,1.2813339254834,1.54518138194444,0.178673375380148,1,1,7.8961,2.81
2,"nb_glm","rolling_one_step",2,1,2,0,2.12532166296657,NA,1.87549006304681,1.48472082958944,0.0692731079361005,NA,NA,4.51699217107498,2.12532166296657
2,"poisson_glm","rolling_one_step",2,1,2,0,2.06125213298412,NA,2.15871980368826,1.54187601889219,0.099067153971123,NA,NA,4.24876035573158,2.06125213298412
2,"inad_unconstrained","rolling_one_step",2,1,3,3,9.51,0.478105478409157,3.73893025507181,4.24033036766074,0.0733317277074139,0,1,42.3801,6.51
2,"inad_constrained_alpha","rolling_one_step",2,1,3,3,8.76,0.446110010439288,3.76994049181437,3.97187283957811,0.0550731178913408,0,1,33.1776,5.76
2,"nb_glm","rolling_one_step",2,1,3,3,7.95687409040561,NA,2.78343755821157,3.28796087847835,0.11087771796016,NA,NA,24.5706007481344,4.95687409040561
2,"poisson_glm","rolling_one_step",2,1,3,3,8.03094628973639,NA,3.53082095241601,3.80857982536296,0.0395921856618294,NA,NA,25.3104205702123,5.03094628973639
2,"inad_unconstrained","rolling_one_step",2,1,4,1,2.85,0.311521194376008,1.55906170510903,1.05930671527778,0.315994463718962,1,1,3.4225,1.85
2,"inad_constrained_alpha","rolling_one_step",2,1,4,1,3.88,0.40233660966254,1.76628038392707,1.66089612382934,0.120485972692559,1,1,8.2944,2.88
2,"nb_glm","rolling_one_step",2,1,4,1,2.97968232588282,NA,1.86075435084955,1.40130303706292,0.117868111574383,NA,NA,3.91914211141283,1.97968232588282
2,"poisson_glm","rolling_one_step",2,1,4,1,2.91950377049258,NA,1.9922987208475,1.45019778539701,0.124108584865307,NA,NA,3.68449472493521,1.91950377049258
2,"inad_unconstrained","rolling_one_step",2,1,5,1,3.42,0.271613212811412,2.17945240759042,1.38587681331748,0.139078570149582,1,1,5.8564,2.42
2,"inad_constrained_alpha","rolling_one_step",2,1,5,1,3.77,0.337804856702981,1.73101101606975,1.38414066635888,0.189130638343253,1,1,7.6729,2.77
2,"nb_glm","rolling_one_step",2,1,5,1,3.63086799831115,NA,2.04544821570022,1.56088678420927,0.144634230124267,NA,NA,6.92146642453774,2.63086799831115
2,"poisson_glm","rolling_one_step",2,1,5,1,3.578841428061,NA,2.347747752102,1.71579566370767,0.0842475180041949,NA,NA,6.65042311108368,2.578841428061
2,"inad_unconstrained","rolling_one_step",2,1,6,1,2.86,0.280338900243792,1.43951170209486,0.917939508506616,0.388915951624513,1,1,3.4596,1.86
2,"inad_constrained_alpha","rolling_one_step",2,1,6,1,2.91,0.321327737911801,1.87091274205759,1.02974032605573,0.337324988008674,1,1,3.6481,1.91
2,"nb_glm","rolling_one_step",2,1,6,1,2.97968232588282,NA,1.81110150153138,1.21762260259162,0.226722586665824,NA,NA,3.91914211141283,1.97968232588282
2,"poisson_glm","rolling_one_step",2,1,6,1,2.91950377049258,NA,1.94270176712665,1.28091080187761,0.105273246590763,NA,NA,3.68449472493521,1.91950377049258
2,"inad_unconstrained","rolling_one_step",2,1,7,5,6.56,0.447737296713918,2.60611016275922,1.24627975411461,0.382899053569777,1,1,2.4336,1.56
2,"inad_constrained_alpha","rolling_one_step",2,1,7,5,7.03,0.666735602496495,2.61033472849664,2.85888663216526,0.356264183530646,1,1,4.1209,2.03
2,"nb_glm","rolling_one_step",2,1,7,5,6.83648792688691,NA,2.53993603878172,2.72031873155724,0.296045170781504,NA,NA,3.37268790560137,1.83648792688691
2,"poisson_glm","rolling_one_step",2,1,7,5,6.73373672107018,NA,2.31810669592129,2.51523948459754,0.189709525605982,NA,NA,3.00584301798716,1.73373672107018
2,"inad_unconstrained","rolling_one_step",2,1,8,6,8.59,0.52089569323649,2.38877036502137,1.94665177341598,0.364076196351494,1,1,6.7081,2.59
2,"inad_constrained_alpha","rolling_one_step",2,1,8,6,7.77,0.556477921186166,2.30105953968521,1.51949865975176,0.37954669274276,1,1,3.1329,1.77
2,"nb_glm","rolling_one_step",2,1,8,6,8.33054752815632,NA,2.5503833462031,1.822902444295,0.327457540982136,NA,NA,5.43145178099554,2.33054752815632
2,"poisson_glm","rolling_one_step",2,1,8,6,8.25447673217274,NA,2.35377951772125,1.69372972153226,0.256270323135908,NA,NA,5.08266533590829,2.25447673217274
2,"inad_unconstrained","rolling_one_step",2,1,9,6,5.64,0.434269385278192,2.57304930049833,1.22162350116517,0.595144574695322,1,1,0.1296,0.36
2,"inad_constrained_alpha","rolling_one_step",2,1,9,6,6.12,0.612212414447829,2.70658069312285,1.71390724480969,0.486119939754238,1,1,0.0144,0.12
2,"nb_glm","rolling_one_step",2,1,9,6,5.61038359321553,NA,2.45804115085786,1.32441614203158,0.529283782041971,NA,NA,0.151800944435639,0.389616406784467
2,"poisson_glm","rolling_one_step",2,1,9,6,5.49316591467981,NA,2.08777515770008,1.03082086393059,0.451495226294464,NA,NA,0.25688079004235,0.506834085320186
2,"inad_unconstrained","rolling_one_step",2,1,10,0,4.32,0.377894218537464,1.7823043104573,2.64430195833333,0.071678452628199,1,1,18.6624,4.32
2,"inad_constrained_alpha","rolling_one_step",2,1,10,0,3.98,0.44449040166433,1.72777109939596,2.4247787904,0.00720602008698508,1,1,15.8404,3.98
2,"nb_glm","rolling_one_step",2,1,10,0,4.00172517876729,NA,2.95542503016854,2.99095924195895,0.0263134608961501,NA,NA,16.0138044063801,4.00172517876729
2,"poisson_glm","rolling_one_step",2,1,10,0,3.87833030835889,NA,3.7003954991045,3.15134012483164,0.00355181588926837,NA,NA,15.0414459807352,3.87833030835889
2,"inad_unconstrained","rolling_one_step",2,1,11,7,8.75,0.57671570994816,2.8021956459399,1.68813994572898,0.425579028712109,1,1,3.0625,1.75
2,"inad_constrained_alpha","rolling_one_step",2,1,11,7,7.8,0.483254957072717,2.40380824238591,1.47983173312542,0.460324632260208,1,1,0.64,0.8
2,"nb_glm","rolling_one_step",2,1,11,7,8.76958991807681,NA,2.61061365236597,1.74520124037829,0.385783211508817,NA,NA,3.1314484781591,1.76958991807681
2,"poisson_glm","rolling_one_step",2,1,11,7,8.70300152336232,NA,2.2887551769552,1.47880047872095,0.243788355559679,NA,NA,2.9002141885744,1.70300152336232
2,"inad_unconstrained","rolling_one_step",2,1,12,14,6.1,0.468718433280546,4.10588632266227,5.27240557645794,0.884490190704685,0,1,62.41,7.9
2,"inad_constrained_alpha","rolling_one_step",2,1,12,14,5.57,0.401073055638989,4.79579054559674,5.69848856635476,0.912124286144433,0,1,71.0649,8.43
2,"nb_glm","rolling_one_step",2,1,12,14,6.83648792688691,NA,3.72319860606924,4.71634957800435,0.913111297440315,NA,NA,51.315905221637,7.16351207311309
2,"poisson_glm","rolling_one_step",2,1,12,14,6.73373672107018,NA,4.37006330349674,5.09750078913697,0.939879072429346,NA,NA,52.798582038724,7.26626327892982
2,"inad_unconstrained","rolling_one_step",3,1,1,2,4.67,0.263256605622804,2.01004757070304,1.48162220220847,0.21709289659746,1,1,7.1289,2.67
2,"inad_constrained_alpha","rolling_one_step",3,1,1,2,5.2,0.256629277087759,2.17079434484731,1.91888854442344,0.141192633527129,1,1,10.24,3.2
2,"nb_glm","rolling_one_step",3,1,1,2,4.43197029799961,NA,2.02723460116073,1.30889658548109,0.215756456527606,NA,NA,5.91447953035229,2.43197029799961
2,"poisson_glm","rolling_one_step",3,1,1,2,4.45868451167991,NA,2.20920027921124,1.51186828280432,0.182015589507485,NA,NA,6.0451295279747,2.45868451167991
2,"inad_unconstrained","rolling_one_step",3,1,2,1,1.63,0.153514385862259,1.21597110239274,0.378269194512246,0.436383926905264,1,1,0.3969,0.63
2,"inad_constrained_alpha","rolling_one_step",3,1,2,1,1.22,0.114221121717766,1.02555293020305,0.234705074679011,0.33148929677599,1,1,0.0484,0.22
2,"nb_glm","rolling_one_step",3,1,2,1,1.51853658154932,NA,1.2195807877219,0.342605269723803,0.494232432062326,NA,NA,0.268880186404851,0.518536581549317
2,"poisson_glm","rolling_one_step",3,1,2,1,1.47905412716327,NA,1.134779831611,0.317520319262771,0.265507456901027,NA,NA,0.229492856752161,0.479054127163269
2,"inad_unconstrained","rolling_one_step",3,1,3,9,2.59,0.200047974044208,4.02036414922411,5.0265920838648,0.969236863330464,0,0,41.0881,6.41
2,"inad_constrained_alpha","rolling_one_step",3,1,3,9,2.57,0.194497539648431,4.70953020131233,5.1012507345183,0.998949093144253,0,0,41.3449,6.43
2,"nb_glm","rolling_one_step",3,1,3,9,2.98480422342883,NA,4.01171258748366,4.61945054174369,0.973129372499619,NA,NA,36.1825802304797,6.01519577657117
2,"poisson_glm","rolling_one_step",3,1,3,9,2.96715280429703,NA,4.49090777223821,4.76647691554895,0.980024890857606,NA,NA,36.3952452867012,6.03284719570297
2,"inad_unconstrained","rolling_one_step",3,1,4,5,1.86,0.159557468827335,3.07394180014587,2.22396082821311,0.949420903518181,0,1,9.8596,3.14
2,"inad_constrained_alpha","rolling_one_step",3,1,4,5,1.6,0.144250063459538,3.07394180014587,2.50684413769885,0.937789397077003,0,1,11.56,3.4
2,"nb_glm","rolling_one_step",3,1,4,5,2.128974965104,NA,2.86712082396178,2.02806057479631,0.926615062480762,NA,NA,8.24278475099959,2.871025034896
2,"poisson_glm","rolling_one_step",3,1,4,5,2.09489369685423,NA,3.0452356490041,2.05957163574809,0.956674144616752,NA,NA,8.43964263257728,2.90510630314577
2,"inad_unconstrained","rolling_one_step",3,1,5,0,1.85,0.163531110931297,1.73747981277385,1.04051540274388,0.171974460767206,1,1,3.4225,1.85
2,"inad_constrained_alpha","rolling_one_step",3,1,5,0,1.66,0.14086314011275,1.58158858921788,0.945631464334705,0.0439458150470509,1,1,2.7556,1.66
2,"nb_glm","rolling_one_step",3,1,5,0,2.128974965104,NA,1.77278123362427,1.22162289030464,0.113172397725746,NA,NA,4.53253440203957,2.128974965104
2,"poisson_glm","rolling_one_step",3,1,5,0,2.09489369685423,NA,2.09239413797504,1.34109980193906,0.0719501217470463,NA,NA,4.38857960111959,2.09489369685423
2,"inad_unconstrained","rolling_one_step",3,1,6,9,1.97,0.160463344251841,4.70953020131233,5.81588578037497,0.992786780574468,0,0,49.4209,7.03
2,"inad_constrained_alpha","rolling_one_step",3,1,6,9,1.77,0.150322884807902,4.70953020131233,6.02475355084814,0.999448367906315,0,0,52.2729,7.23
2,"nb_glm","rolling_one_step",3,1,6,9,2.128974965104,NA,4.49062733893276,5.61381496351266,0.996733220438453,NA,NA,47.2109850301676,6.871025034896
2,"poisson_glm","rolling_one_step",3,1,6,9,2.09489369685423,NA,4.68319610832977,5.75360971789817,0.999696015007324,NA,NA,47.6804930577434,6.90510630314577
2,"inad_unconstrained","rolling_one_step",3,1,7,2,4.25,0.269070603929507,2.25955863354136,1.28984452288942,0.212273050504877,1,1,5.0625,2.25
2,"inad_constrained_alpha","rolling_one_step",3,1,7,2,4.92,0.25133180612027,2.63923433643048,1.75476831388519,0.138588115058909,1,1,8.5264,2.92
2,"nb_glm","rolling_one_step",3,1,7,2,4.88465213863551,NA,2.1571358983338,1.58041657886808,0.221551772534646,NA,NA,8.3212179609344,2.88465213863551
2,"poisson_glm","rolling_one_step",3,1,7,2,4.83180147113348,NA,2.4117363883506,1.79709963703505,0.0640837929728979,NA,NA,8.01909957191377,2.83180147113348
2,"inad_unconstrained","rolling_one_step",3,1,8,6,5.31,0.275862284482674,1.68219726671653,0.704941143428747,0.60066056169978,1,1,0.476100000000001,0.69
2,"inad_constrained_alpha","rolling_one_step",3,1,8,6,5.7,0.305670318209576,2.29346018521705,0.871558694444444,0.535974950484194,1,1,0.0899999999999999,0.3
2,"nb_glm","rolling_one_step",3,1,8,6,5.26585240822454,NA,2.34639427012527,0.96100683684443,0.585128347113839,NA,NA,0.538972686509703,0.734147591775457
2,"poisson_glm","rolling_one_step",3,1,8,6,5.22071404189179,NA,1.99340729492239,0.711873470146936,0.611541503672551,NA,NA,0.607286604504634,0.779285958108212
2,"inad_unconstrained","rolling_one_step",3,1,9,16,5.1,0.270614713628663,4.77068462446567,8.67591944843436,0.996471365059379,0,0,118.81,10.9
2,"inad_constrained_alpha","rolling_one_step",3,1,9,16,5.21,0.28115742022841,4.77068462446567,8.55187238580868,0.995105035964131,0,0,116.4241,10.79
2,"nb_glm","rolling_one_step",3,1,9,16,5.26585240822454,NA,4.48467409321011,8.39859882283486,0.991283831090571,NA,NA,115.221924522019,10.7341475917755
2,"poisson_glm","rolling_one_step",3,1,9,16,5.22071404189179,NA,4.76274287270614,8.77179547780617,0.997187059768348,NA,NA,116.193005766669,10.7792859581082
2,"inad_unconstrained","rolling_one_step",3,1,10,5,2.71,0.214285281384844,2.50345600869913,1.52722135378622,0.777838837205944,1,1,5.2441,2.29
2,"inad_constrained_alpha","rolling_one_step",3,1,10,5,2.65,0.187150347382132,2.42465361402898,1.46187002923977,0.874614626077686,1,1,5.5225,2.35
2,"nb_glm","rolling_one_step",3,1,10,5,2.03940065035781,NA,2.99346804807042,1.91352007516187,0.874524291514862,NA,NA,8.76514850910174,2.96059934964219
2,"poisson_glm","rolling_one_step",3,1,10,5,1.96480665894561,NA,3.24219535713128,2.00686498849112,0.89290153037657,NA,NA,9.21239861758094,3.03519334105439
2,"inad_unconstrained","rolling_one_step",3,1,11,4,4.82,0.28722989068168,2.09663193166681,0.7061844536862,0.391688388441467,1,1,0.6724,0.82
2,"inad_constrained_alpha","rolling_one_step",3,1,11,4,5.52,0.294899400754997,1.87091274205758,0.967959752944556,0.363132025804331,1,1,2.3104,1.52
2,"nb_glm","rolling_one_step",3,1,11,4,5.62002751052464,NA,2.14384209479132,1.0321318998625,0.313437440089818,NA,NA,2.62448913485666,1.62002751052464
2,"poisson_glm","rolling_one_step",3,1,11,4,5.58281952328532,NA,1.97460121528306,0.992237157285072,0.235134480632054,NA,NA,2.50531764329317,1.58281952328532
2,"inad_unconstrained","rolling_one_step",3,1,12,2,8.15,0.36080017693561,4.08098877104054,4.12156766471294,0.0457779853690627,0,1,37.8225,6.15
2,"inad_constrained_alpha","rolling_one_step",3,1,12,2,9.12,0.412256662233075,3.17008566069877,4.71757383333333,0.0399989992813207,0,1,50.6944,7.12
2,"nb_glm","rolling_one_step",3,1,12,2,7.63519916892867,NA,2.89686093410802,3.31005772599643,0.0682244548249547,NA,NA,31.7554696734943,5.63519916892867
2,"poisson_glm","rolling_one_step",3,1,12,2,7.65518031259213,NA,3.91106335895824,4.05114323854696,0.0255926218715803,NA,NA,31.9810643679296,5.65518031259213
2,"inad_unconstrained","rolling_one_step",4,1,1,1,4.03,0.3968194256405,1.7197389276987,1.74799745707596,0.160631526425188,1,1,9.1809,3.03
2,"inad_constrained_alpha","rolling_one_step",4,1,1,1,3.32,0.306455790474175,1.61715995852801,1.23102543648185,0.144519067085507,1,1,5.3824,2.32
2,"nb_glm","rolling_one_step",4,1,1,1,3.65375105727952,NA,2.12209355865198,1.82956653799133,0.0885051509334306,NA,NA,7.04239467401219,2.65375105727952
2,"poisson_glm","rolling_one_step",4,1,1,1,3.74865186716977,NA,2.52611620956993,2.06714304736391,0.0656260495655174,NA,NA,7.55508708689588,2.74865186716977
2,"inad_unconstrained","rolling_one_step",4,1,2,5,3.59,0.320383293174683,2.69933826050019,1.13920821527778,0.645406361320696,1,1,1.9881,1.41
2,"inad_constrained_alpha","rolling_one_step",4,1,2,5,2.81,0.28557756469048,2.44204535674085,1.40855996581451,0.776852663528608,1,1,4.7961,2.19
2,"nb_glm","rolling_one_step",4,1,2,5,2.9984613744194,NA,2.49046054269827,1.20362689936777,0.736267900711614,NA,NA,4.00615686969108,2.0015386255806
2,"poisson_glm","rolling_one_step",4,1,2,5,3.05802966699078,NA,2.33868029662574,1.09931714050254,0.733561863667677,NA,NA,3.77124877428793,1.94197033300922
2,"inad_unconstrained","rolling_one_step",4,1,3,7,6.54,0.399853508528846,2.30175898803174,1.06774392459531,0.654454593810172,1,1,0.2116,0.46
2,"inad_constrained_alpha","rolling_one_step",4,1,3,7,7.5,0.41548316768103,2.61420737299184,1.11136236992716,0.49906625526116,1,1,0.25,0.5
2,"nb_glm","rolling_one_step",4,1,3,7,6.57098512870672,NA,2.47298354523092,1.09483334706468,0.511815825480547,NA,NA,0.184053759790791,0.429014871293282
2,"poisson_glm","rolling_one_step",4,1,3,7,6.86224089602353,NA,2.04590468597131,0.755990042963778,0.567866219275676,NA,NA,0.0189775707283989,0.137759103976467
2,"inad_unconstrained","rolling_one_step",4,1,4,14,5.14,0.377664272906907,4.10588632266227,5.96755890889546,0.929062933960842,0,0,78.4996,8.86
2,"inad_constrained_alpha","rolling_one_step",4,1,4,14,5.29,0.301944874224927,4.77068462446567,6.4804767667337,0.966383273642337,0,0,75.8641,8.71
2,"nb_glm","rolling_one_step",4,1,4,14,5.1225269276911,NA,4.28440345802157,6.13824502433014,0.931199278577282,NA,NA,78.8095281495695,8.8774730723089
2,"poisson_glm","rolling_one_step",4,1,4,14,5.30949275216615,NA,4.72608478782898,6.3128677120638,0.949298479544449,NA,NA,75.5249162246528,8.69050724783385
2,"inad_unconstrained","rolling_one_step",4,1,5,3,3.24,0.312086494097357,2.2133539592661,0.793714402777778,0.482111375140026,1,1,0.0576000000000001,0.24
2,"inad_constrained_alpha","rolling_one_step",4,1,5,3,3.62,0.422541612319324,2.60611016275922,1.14369733624166,0.531058767881411,1,1,0.3844,0.62
2,"nb_glm","rolling_one_step",4,1,5,3,2.13871621792231,NA,1.98430546794858,0.724518395252943,0.604654303235792,NA,NA,0.741809753270054,0.861283782077692
2,"poisson_glm","rolling_one_step",4,1,5,3,2.15905532903284,NA,1.78899732414759,0.633690843967036,0.673877430017476,NA,NA,0.707187939628065,0.84094467096716
2,"inad_unconstrained","rolling_one_step",4,1,6,4,6.68,0.395397766735466,2.41333645728675,1.66183504162331,0.289846023629577,1,1,7.1824,2.68
2,"inad_constrained_alpha","rolling_one_step",4,1,6,4,6.66,0.369334646097656,2.08668079672395,1.58958902176834,0.246616816278051,1,1,7.0756,2.66
2,"nb_glm","rolling_one_step",4,1,6,4,6.57098512870672,NA,2.33090505128835,1.60362263098516,0.223061307110572,NA,NA,6.6099645320311,2.57098512870672
2,"poisson_glm","rolling_one_step",4,1,6,4,6.86224089602353,NA,2.44383783751815,1.87733692700561,0.108922363882282,NA,NA,8.1924229468696,2.86224089602353
2,"inad_unconstrained","rolling_one_step",4,1,7,7,5.03,0.430985481018195,2.47594690841653,1.54215314583333,0.638925078067579,1,1,3.8809,1.97
2,"inad_constrained_alpha","rolling_one_step",4,1,7,7,5.6,0.503923996193269,3.08274365054362,1.59566563360882,0.622187977649772,1,1,1.96,1.4
2,"nb_glm","rolling_one_step",4,1,7,7,4.9070021578663,NA,2.69558131684826,1.42387833205734,0.625156535811039,NA,NA,4.38063996717634,2.0929978421337
2,"poisson_glm","rolling_one_step",4,1,7,7,4.97978810607179,NA,2.44364349843358,1.21807003688338,0.656059539274478,NA,NA,4.08125609636899,2.02021189392821
2,"inad_unconstrained","rolling_one_step",4,1,8,6,6.34,0.552354007403721,2.83910020287535,1.72020571308549,0.522722839276792,1,1,0.1156,0.34
2,"inad_constrained_alpha","rolling_one_step",4,1,8,6,7.23,0.527593162820127,2.64595607130642,1.3876991394043,0.418561039911656,1,1,1.5129,1.23
2,"nb_glm","rolling_one_step",4,1,8,6,7.41645876924784,NA,2.52117605744375,1.78583150590571,0.324673100422242,NA,NA,2.00635544497911,1.41645876924784
2,"poisson_glm","rolling_one_step",4,1,8,6,7.62095873740717,NA,2.25530771695978,1.64126880108213,0.219191799086646,NA,NA,2.62750722837663,1.62095873740717
2,"inad_unconstrained","rolling_one_step",4,1,9,7,10.8,0.525318566166851,2.66912313058795,2.32891366470485,0.192603332109479,1,1,14.44,3.8
2,"inad_constrained_alpha","rolling_one_step",4,1,9,7,10.76,0.541997800882638,2.81712129615657,2.42711328395062,0.246993891042088,1,1,14.1376,3.76
2,"nb_glm","rolling_one_step",4,1,9,7,11.4300045214499,NA,2.84358440473028,2.78401732806013,0.266880361424812,NA,NA,19.6249400600663,4.43000452144987
2,"poisson_glm","rolling_one_step",4,1,9,7,11.8996356987584,NA,3.18265457921856,3.36870972078459,0.0920419978350273,NA,NA,24.0064299805477,4.8996356987584
2,"inad_unconstrained","rolling_one_step",4,1,10,5,6.81,0.515163012349421,2.37350289289058,1.62677255029586,0.361959728927441,1,1,3.2761,1.81
2,"inad_constrained_alpha","rolling_one_step",4,1,10,5,5.77,0.384512021853017,2.01387049592808,0.99704583703299,0.430836014374456,1,1,0.592899999999999,0.77
2,"nb_glm","rolling_one_step",4,1,10,5,6.87957397585378,NA,2.39439825750766,1.55988587526127,0.323192084952956,NA,NA,3.5327983307068,1.87957397585378
2,"poisson_glm","rolling_one_step",4,1,10,5,7.05324201696906,NA,2.24993317031007,1.55208961204187,0.212257766194727,NA,NA,4.21580278024718,2.05324201696906
2,"inad_unconstrained","rolling_one_step",4,1,11,9,6.09,0.502939842176462,3.72305690591552,2.177371168,0.707878392222114,1,1,8.4681,2.91
2,"inad_constrained_alpha","rolling_one_step",4,1,11,9,6,0.475458311590623,3.74677343253284,2.04242447509766,0.707736652226849,1,1,9,3
2,"nb_glm","rolling_one_step",4,1,11,9,6.29451804959171,NA,2.86263385982919,1.69733980933062,0.686222803803831,NA,NA,7.31963258398505,2.70548195040829
2,"poisson_glm","rolling_one_step",4,1,11,9,6.43611493415748,NA,2.60571378030429,1.43622912728096,0.707203522446403,NA,NA,6.5735066308503,2.56388506584252
2,"inad_unconstrained","rolling_one_step",4,1,12,4,4.97,0.398597287973461,2.08668079672395,1.05043264579414,0.42830767257975,1,1,0.9409,0.97
2,"inad_constrained_alpha","rolling_one_step",4,1,12,4,5.13,0.508047361189999,2.51303581750984,1.68672013959188,0.437995990120099,1,1,1.2769,1.13
2,"nb_glm","rolling_one_step",4,1,12,4,4.9070021578663,NA,2.22490295084188,1.49261236563606,0.331056755222682,NA,NA,0.82265291437412,0.907002157866297
2,"poisson_glm","rolling_one_step",4,1,12,4,4.97978810607179,NA,1.98647485671261,1.365804255758,0.261706768286021,NA,NA,0.959984732799751,0.979788106071793
2,"inad_unconstrained","rolling_one_step",5,1,1,6,3.47,0.340959726879195,2.97906522106878,1.69277733917096,0.739705736741361,1,1,6.4009,2.53
2,"inad_constrained_alpha","rolling_one_step",5,1,1,6,3.45,0.295547770839986,4.06403921272677,1.66383922127255,0.780325436610987,1,1,6.5025,2.55
2,"nb_glm","rolling_one_step",5,1,1,6,3.04519398802847,NA,2.86520013621883,1.75759851525817,0.832212753675758,NA,NA,8.7308785683831,2.95480601197153
2,"poisson_glm","rolling_one_step",5,1,1,6,2.96830539274604,NA,2.99895610185727,1.81713672177173,0.874019952889755,NA,NA,9.19117219165276,3.03169460725396
2,"inad_unconstrained","rolling_one_step",5,1,2,2,5.14,0.376592913133296,1.99370081289166,1.98375020156211,0.233420969974841,1,1,9.8596,3.14
2,"inad_constrained_alpha","rolling_one_step",5,1,2,2,5.41,0.311430391723237,2.00557169311338,2.07911927083333,0.113961534428527,1,1,11.6281,3.41
2,"nb_glm","rolling_one_step",5,1,2,2,5.20236423146835,NA,2.33365549468414,2.136023986926,0.101500514112883,NA,NA,10.2551366709879,3.20236423146835
2,"poisson_glm","rolling_one_step",5,1,2,2,5.15370931129958,NA,2.66722413055995,2.32599761961938,0.0512980776253427,NA,NA,9.9458824201777,3.15370931129958
2,"inad_unconstrained","rolling_one_step",5,1,3,5,5.32,0.295036378513675,2.10528999440993,0.717095020808561,0.536026503341955,1,1,0.1024,0.32
2,"inad_constrained_alpha","rolling_one_step",5,1,3,5,6.98,0.438311728929505,2.24614378208909,1.3620445239334,0.416461533263566,1,1,3.9204,1.98
2,"nb_glm","rolling_one_step",5,1,3,5,5.9855705730539,NA,2.26914853676306,1.08206099336487,0.440518209264844,NA,NA,0.971349354469788,0.985570573053898
2,"poisson_glm","rolling_one_step",5,1,3,5,5.95476224185822,NA,1.96707062501109,0.889013517179698,0.321172189575336,NA,NA,0.911570938478126,0.954762241858216
2,"inad_unconstrained","rolling_one_step",5,1,4,9,8.12,0.370443359811298,2.03026430570375,1.03729801044352,0.598132997031922,1,1,0.774400000000001,0.880000000000001
2,"inad_constrained_alpha","rolling_one_step",5,1,4,9,9.64,0.420081762123383,2.63811289384539,1.22575678591357,0.433578235106836,1,1,0.409600000000001,0.640000000000001
2,"nb_glm","rolling_one_step",5,1,4,9,8.13181490292718,NA,2.6863456839517,1.3483650552175,0.581507005347802,NA,NA,0.753745362779341,0.86818509707282
2,"poisson_glm","rolling_one_step",5,1,4,9,8.16518937965143,NA,2.2217645938943,0.90866947315945,0.544061242065379,NA,NA,0.696908771846764,0.83481062034857
2,"inad_unconstrained","rolling_one_step",5,1,5,3,4.6,0.331205328605941,1.91100909704655,0.906737068965517,0.343336876666189,1,1,2.56,1.6
2,"inad_constrained_alpha","rolling_one_step",5,1,5,3,4.15,0.296911713572512,1.9716701414377,0.772540524673008,0.434355392643002,1,1,1.3225,1.15
2,"nb_glm","rolling_one_step",5,1,5,3,4.26933525551506,NA,1.93627884507359,0.836730132224372,0.30686979283862,NA,NA,1.61121199089349,1.26933525551506
2,"poisson_glm","rolling_one_step",5,1,5,3,4.20423035465806,NA,1.77400345834921,0.779778469448353,0.29078270605142,NA,NA,1.45017074707987,1.20423035465806
2,"inad_unconstrained","rolling_one_step",5,1,6,4,4.74,0.348914622997395,2.12238442776923,0.853755185291583,0.456218007688482,1,1,0.5476,0.74
2,"inad_constrained_alpha","rolling_one_step",5,1,6,4,4.65,0.338259060365265,1.92810353040585,0.759423477449009,0.522343624217783,1,1,0.4225,0.65
2,"nb_glm","rolling_one_step",5,1,6,4,4.75994235550957,NA,2.06141907885308,0.811607068346243,0.489941118783646,NA,NA,0.577512383697434,0.75994235550957
2,"poisson_glm","rolling_one_step",5,1,6,4,4.70278283163401,NA,1.79159765492185,0.662950001619766,0.34141538211795,NA,NA,0.493903708439513,0.702782831634007
2,"inad_unconstrained","rolling_one_step",5,1,7,5,7.29,0.447957203944368,2.50873673123952,1.52616361212279,0.343405160256079,1,1,5.2441,2.29
2,"inad_constrained_alpha","rolling_one_step",5,1,7,5,6.99,0.457815409848718,2.25417595378636,1.39724688,0.392283858882785,1,1,3.9601,1.99
2,"nb_glm","rolling_one_step",5,1,7,5,8.03864501373704,NA,2.48583144004413,1.80833502130048,0.240816442163007,NA,NA,9.23336351950898,3.03864501373704
2,"poisson_glm","rolling_one_step",5,1,7,5,7.91043159974182,NA,2.47076613251082,1.87304927062811,0.197952973871317,NA,NA,8.47061209677573,2.91043159974182
2,"inad_unconstrained","rolling_one_step",5,1,8,1,6.36,0.387824806849795,3.68223491139527,3.47116497222222,0.037982563390513,0,1,28.7296,5.36
2,"inad_constrained_alpha","rolling_one_step",5,1,8,1,7.09,0.474415110393521,2.70763706331488,3.72329963117273,0.0171789960912621,0,1,37.0881,6.09
2,"nb_glm","rolling_one_step",5,1,8,1,7.53204821954649,NA,3.34823927232741,4.21182633025555,0.0341663391021625,NA,NA,42.6676539424805,6.53204821954649
2,"poisson_glm","rolling_one_step",5,1,8,1,7.39735561179201,NA,4.41871881468937,4.84168030504105,0.0106351586835892,NA,NA,40.9261588237267,6.39735561179201
2,"inad_unconstrained","rolling_one_step",5,1,9,4,7.76,0.446336377204639,2.03836151593637,2.1138941207076,0.220449249776016,1,1,14.1376,3.76
2,"inad_constrained_alpha","rolling_one_step",5,1,9,4,7.41,0.433005703650586,2.25417595378636,2.008190112,0.188029858686924,1,1,11.6281,3.41
2,"nb_glm","rolling_one_step",5,1,9,4,8.03864501373704,NA,2.57287536054555,2.3426591842496,0.194700741213789,NA,NA,16.3106535469831,4.03864501373704
2,"poisson_glm","rolling_one_step",5,1,9,4,7.91043159974182,NA,2.87587898733514,2.62356820541062,0.115305777163481,NA,NA,15.2914752962594,3.91043159974182
2,"inad_unconstrained","rolling_one_step",5,1,10,17,6.62,0.478376885357606,3.77754509119959,6.35495187098255,0.868413489109159,0,1,107.7444,10.38
2,"inad_constrained_alpha","rolling_one_step",5,1,10,17,6.65,0.431435236896992,4.18466720051539,6.49560584825528,0.884962563857447,0,0,107.1225,10.35
2,"nb_glm","rolling_one_step",5,1,10,17,6.98679579139938,NA,4.28680845955149,6.13123143340954,0.881071391250274,NA,NA,100.264258523137,10.0132042086006
2,"poisson_glm","rolling_one_step",5,1,10,17,6.84629601252828,NA,4.83576522826778,6.66108537680091,0.894631144740922,NA,NA,103.097704665199,10.1537039874717
2,"inad_unconstrained","rolling_one_step",5,1,11,13,7.56,0.391660541538179,3.21090765521902,3.2609418624,0.827184626933336,1,1,29.5936,5.44
2,"inad_constrained_alpha","rolling_one_step",5,1,11,13,7.8,0.422594200842674,4.80402104473326,3.3723010346681,0.835219497367755,1,1,27.04,5.2
2,"nb_glm","rolling_one_step",5,1,11,13,8.9623992007572,NA,3.13092868238079,2.58609573497971,0.761344625890654,NA,NA,16.3022202140461,4.0376007992428
2,"poisson_glm","rolling_one_step",5,1,11,13,8.84847850376806,NA,3.07949076626823,2.48179780325751,0.85407631318982,NA,NA,17.2351307336759,4.15152149623194
2,"inad_unconstrained","rolling_one_step",5,1,12,10,5.88,0.401079351830341,2.85773930386727,2.60867586753916,0.81472237184568,1,1,16.9744,4.12
2,"inad_constrained_alpha","rolling_one_step",5,1,12,10,6.16,0.414563175237051,3.03622363490873,2.29762013101537,0.784867270589817,1,1,14.7456,3.84
2,"nb_glm","rolling_one_step",5,1,12,10,6.39262145768508,NA,3.03360213612733,2.12569002955793,0.76109305838203,NA,NA,13.0131799475541,3.60737854231492
2,"poisson_glm","rolling_one_step",5,1,12,10,6.2472757781295,NA,3.064939353761,2.13536707427644,0.813530665417378,NA,NA,14.0829390854135,3.7527242218705
2,"inad_unconstrained","rolling_one_step",6,1,1,5,3.76,0.237886315264033,2.16206066487855,0.953171514312096,0.753789011560903,1,1,1.5376,1.24
2,"inad_constrained_alpha","rolling_one_step",6,1,1,5,4.49,0.219501271251007,1.93657882162643,0.642089213966837,0.614301737162023,1,1,0.2601,0.51
2,"nb_glm","rolling_one_step",6,1,1,5,4.26243168328933,NA,2.16790039578431,0.823844833669011,0.689948260537551,NA,NA,0.544007021815404,0.737568316710665
2,"poisson_glm","rolling_one_step",6,1,1,5,4.15977186194281,NA,1.88138015958927,0.655750243305797,0.678179717799945,NA,NA,0.70598332398305,0.840228138057189
2,"inad_unconstrained","rolling_one_step",6,1,2,8,3.2,0.202010100757563,3.10109278921182,3.50711957908163,0.932619384810096,0,1,23.04,4.8
2,"inad_constrained_alpha","rolling_one_step",6,1,2,8,2.6,0.176955167523108,4.01139547924135,4.21583478613749,0.963838048429367,0,0,29.16,5.4
2,"nb_glm","rolling_one_step",6,1,2,8,2.82018172262821,NA,3.77584265749928,3.8398702633548,0.952864768299088,NA,NA,26.8305173865949,5.17981827737179
2,"poisson_glm","rolling_one_step",6,1,2,8,2.71813339447664,NA,4.31786294569515,4.05586088203241,0.978982355612925,NA,NA,27.8981148385429,5.28186660552336
2,"inad_unconstrained","rolling_one_step",6,1,3,6,3.61,0.238215164602224,3.10998173662906,1.58063571932023,0.802716428935693,1,1,5.7121,2.39
2,"inad_constrained_alpha","rolling_one_step",6,1,3,6,4.03,0.266460147303513,2.65677864608139,1.34291760302457,0.787012820067269,1,1,3.8809,1.97
2,"nb_glm","rolling_one_step",6,1,3,6,3.95387003347231,NA,2.49244690209615,1.32415907111974,0.750154655189731,NA,NA,4.18664783992262,2.04612996652769
2,"poisson_glm","rolling_one_step",6,1,3,6,3.84989325997096,NA,2.37271886392517,1.27481048238251,0.773184231127628,NA,NA,4.6229589935183,2.15010674002904
2,"inad_unconstrained","rolling_one_step",6,1,4,9,4.89,0.260494867046504,3.63094161700772,2.7089317251462,0.898419185467881,0,1,16.8921,4.11
2,"inad_constrained_alpha","rolling_one_step",6,1,4,9,6.02,0.268922278584709,2.65677864608139,1.85527195463138,0.789713567305235,1,1,8.8804,2.98
2,"nb_glm","rolling_one_step",6,1,4,9,5.07187596229896,NA,3.01977857937083,2.62491200079069,0.850462434200502,NA,NA,15.4301584555647,3.92812403770104
2,"poisson_glm","rolling_one_step",6,1,4,9,4.97578510924981,NA,3.21999383414951,2.68683184532819,0.912010506727743,NA,NA,16.1943054869356,4.02421489075019
2,"inad_unconstrained","rolling_one_step",6,1,5,3,3.11,0.18743079530937,1.8578992717326,0.475366669421488,0.559929811829024,1,1,0.0121,0.11
2,"inad_constrained_alpha","rolling_one_step",6,1,5,3,2.97,0.195636748525775,1.80975831890425,0.479774214755296,0.597995255509484,1,1,0.000899999999999988,0.0299999999999998
2,"nb_glm","rolling_one_step",6,1,5,3,3.24475488039087,NA,1.77552478585319,0.524339752564683,0.54630169235801,NA,NA,0.059904951475151,0.244754880390874
2,"poisson_glm","rolling_one_step",6,1,5,3,3.14061914013576,NA,1.54874719760606,0.420811996771436,0.415516861157934,NA,NA,0.0197737425725219,0.140619140135765
2,"inad_unconstrained","rolling_one_step",6,1,6,2,4.09,0.238723456930585,2.0790876220159,1.20419294384838,0.276972719295882,1,1,4.3681,2.09
2,"inad_constrained_alpha","rolling_one_step",6,1,6,2,3.64,0.199251123211414,1.80975831890425,0.939755312068826,0.231225810174994,1,1,2.6896,1.64
2,"nb_glm","rolling_one_step",6,1,6,2,3.61762318114219,NA,1.80132308322591,0.866296385422898,0.330556061029116,NA,NA,2.61670475616859,1.61762318114219
2,"poisson_glm","rolling_one_step",6,1,6,2,3.51304484459746,NA,1.75279341782122,0.876836076954748,0.213307431495059,NA,NA,2.28930470176295,1.51304484459746
2,"inad_unconstrained","rolling_one_step",6,1,7,7,4.76,0.287138441955244,2.66543670882451,1.55380331450654,0.816319224739162,1,1,5.0176,2.24
2,"inad_constrained_alpha","rolling_one_step",6,1,7,7,5.47,0.290751377703294,2.04483368678845,1.01873459712178,0.725616554444473,1,1,2.3409,1.53
2,"nb_glm","rolling_one_step",6,1,7,7,5.31006313293205,NA,2.50244348970136,1.25425139286368,0.699022315753533,NA,NA,2.85588661467544,1.68993686706795
2,"poisson_glm","rolling_one_step",6,1,7,7,5.11427930492888,NA,2.27532013276727,1.1258976706202,0.751274330350959,NA,NA,3.55594253981952,1.88572069507112
2,"inad_unconstrained","rolling_one_step",6,1,8,4,4.19,0.235999914398204,1.72220038638759,0.564241639909155,0.423107770037017,1,1,0.0361000000000001,0.19
2,"inad_constrained_alpha","rolling_one_step",6,1,8,4,3.74,0.245616108444199,2.01004757070304,0.622681478580938,0.618272197463517,1,1,0.0675999999999999,0.26
2,"nb_glm","rolling_one_step",6,1,8,4,3.10823533474363,NA,2.05055570257778,0.752329004807504,0.640295602815677,NA,NA,0.795244218199805,0.89176466525637
2,"poisson_glm","rolling_one_step",6,1,8,4,2.94559547771657,NA,1.85631052284148,0.679261844393239,0.627324068507059,NA,NA,1.11176889661175,1.05440452228343
2,"inad_unconstrained","rolling_one_step",6,1,9,3,5.02,0.294385166512558,1.73349056110408,1.16523729166667,0.320818111559221,1,1,4.0804,2.02
2,"inad_constrained_alpha","rolling_one_step",6,1,9,3,4.46,0.261085534960588,1.68219726671653,0.795761218836565,0.30949082183766,1,1,2.1316,1.46
2,"nb_glm","rolling_one_step",6,1,9,3,4.85848227695875,NA,2.0691870959504,1.16905865480028,0.249669874565667,NA,NA,3.4539563737698,1.85848227695875
2,"poisson_glm","rolling_one_step",6,1,9,3,4.66680277420143,NA,1.94920217644638,1.09400876677422,0.17190179095838,NA,NA,2.77823148808557,1.66680277420143
2,"inad_unconstrained","rolling_one_step",6,1,10,7,8.48,0.371042756663875,2.20498570959559,1.14286709978109,0.334892723116429,1,1,2.1904,1.48
2,"inad_constrained_alpha","rolling_one_step",6,1,10,7,11.09,0.358474602174325,3.18661496264998,2.33582891023918,0.135438474381007,1,1,16.7281,4.09
2,"nb_glm","rolling_one_step",6,1,10,7,9.07163307763176,NA,2.51250080555085,1.32000383646317,0.413872115435248,NA,NA,4.29166360833803,2.07163307763176
2,"poisson_glm","rolling_one_step",6,1,10,7,8.87964861661855,NA,2.22792534425596,1.18284274128003,0.331283445913575,NA,NA,3.53307892195601,1.87964861661855
2,"inad_unconstrained","rolling_one_step",6,1,11,16,7.04,0.32471277128931,4.07254990239468,6.82549702671646,0.996473184229384,0,0,80.2816,8.96
2,"inad_constrained_alpha","rolling_one_step",6,1,11,16,9.04,0.386886040173083,3.70692752398564,4.73343743803292,0.907247328280842,0,1,48.4416,6.96
2,"nb_glm","rolling_one_step",6,1,11,16,8.02564641720433,NA,3.78068902079102,5.37174263580022,0.907247895512476,NA,NA,63.5903150634461,7.97435358279567
2,"poisson_glm","rolling_one_step",6,1,11,16,7.82678112486669,NA,4.48873350400551,5.86873431900961,0.949692302949991,NA,NA,66.8015067808354,8.17321887513331
2,"inad_unconstrained","rolling_one_step",6,1,12,11,6.02,0.290933711079387,3.12752604627997,3.32070439319471,0.956171896145558,0,1,24.8004,4.98
2,"inad_constrained_alpha","rolling_one_step",6,1,12,11,7.49,0.305338030928532,3.36840755883916,2.24348403097378,0.826180364177881,1,1,12.3201,3.51
2,"nb_glm","rolling_one_step",6,1,12,11,7.13549184495414,NA,2.98036379383072,2.71324621208175,0.842809068239141,NA,NA,14.934423280416,3.86450815504586
2,"poisson_glm","rolling_one_step",6,1,12,11,6.93401643712975,NA,3.07548782740275,2.66501487932318,0.907998146935934,NA,NA,16.5322223335311,4.06598356287025
2,"inad_unconstrained","rolling_one_step",7,1,1,6,5.47,0.312194901568966,2.78175339688935,0.992144544475223,0.578766093605827,1,1,0.2809,0.53
2,"inad_constrained_alpha","rolling_one_step",7,1,1,6,5.64,0.269125031961508,2.17945240759042,0.734785448870392,0.548669246075482,1,1,0.1296,0.36
2,"nb_glm","rolling_one_step",7,1,1,6,5.03606558676076,NA,2.32162298219672,0.972531525683713,0.685220809928504,NA,NA,0.929169553026873,0.963934413239238
2,"poisson_glm","rolling_one_step",7,1,1,6,4.96805583367532,NA,2.00148900206477,0.756376844058509,0.620188142565693,NA,NA,1.06490876241153,1.03194416632468
2,"inad_unconstrained","rolling_one_step",7,1,2,6,6.42,0.331260219968129,2.57304930049833,0.835819334792741,0.468078114703266,1,1,0.1764,0.42
2,"inad_constrained_alpha","rolling_one_step",7,1,2,6,6.66,0.319159249063263,2.46757865874601,0.850587402019631,0.435705207862339,1,1,0.4356,0.66
2,"nb_glm","rolling_one_step",7,1,2,6,6.13665732669947,NA,2.31177591156804,0.922158470306555,0.511634703450309,NA,NA,0.0186752249406444,0.136657326699465
2,"poisson_glm","rolling_one_step",7,1,2,6,6.09003633226258,NA,1.93345334726138,0.654615507835421,0.512715483430541,NA,NA,0.00810654112729685,0.0900363322625752
2,"inad_unconstrained","rolling_one_step",7,1,3,11,5.44,0.255967169612026,3.66542779307889,3.83648728813559,0.927018885269951,0,1,30.9136,5.56
2,"inad_constrained_alpha","rolling_one_step",7,1,3,11,5.87,0.341610860187406,3.38535711715294,3.36789810747829,0.858820366878865,1,1,26.3169,5.13
2,"nb_glm","rolling_one_step",7,1,3,11,5.42908222435443,NA,3.4737475505266,3.62575277168814,0.879911489090814,NA,NA,31.0351248630037,5.57091777564557
2,"poisson_glm","rolling_one_step",7,1,3,11,5.36793554261796,NA,3.96450345065657,3.8535899233456,0.936765246495851,NA,NA,31.720150052106,5.63206445738204
2,"inad_unconstrained","rolling_one_step",7,1,4,4,6.03,0.300993305070013,1.98025388512909,1.10686696617722,0.298526664115548,1,1,4.1209,2.03
2,"inad_constrained_alpha","rolling_one_step",7,1,4,4,6.64,0.312862315216819,2.56461043185246,1.56546136167768,0.177540396835134,1,1,6.9696,2.64
2,"nb_glm","rolling_one_step",7,1,4,4,6.46007576825219,NA,2.25048737555011,1.31309277780395,0.299142776417366,NA,NA,6.05197278554161,2.46007576825219
2,"poisson_glm","rolling_one_step",7,1,4,4,6.42095158744993,NA,2.23355824783271,1.43697993716581,0.175379681887244,NA,NA,5.86100658877634,2.42095158744993
2,"inad_unconstrained","rolling_one_step",7,1,5,4,4.42,0.277499658749449,1.77351974925705,0.706596350536456,0.511748615799768,1,1,0.1764,0.42
2,"inad_constrained_alpha","rolling_one_step",7,1,5,4,4.59,0.260959767013998,1.90235103430343,0.641163364839319,0.368510900642966,1,1,0.3481,0.59
2,"nb_glm","rolling_one_step",7,1,5,4,4.13286179168109,NA,2.00328967205536,0.674677687568628,0.569256187725897,NA,NA,0.0176522556887086,0.132861791681087
2,"poisson_glm","rolling_one_step",7,1,5,4,4.05278021672257,NA,1.71350318080712,0.511840734620329,0.420894909204638,NA,NA,0.00278575127728136,0.0527802167225691
2,"inad_unconstrained","rolling_one_step",7,1,6,0,3.48,0.237614406256452,2.53885793575005,2.34251656710775,0.0538913733019777,0,1,12.1104,3.48
2,"inad_constrained_alpha","rolling_one_step",7,1,6,0,3.92,0.230362033908947,3.12752604627997,2.76252229867675,0.0316887269857461,0,1,15.3664,3.92
2,"nb_glm","rolling_one_step",7,1,6,0,3.59208067071107,NA,2.67332672419127,2.36962811763477,0.0566970770902936,NA,NA,12.9030435448961,3.59208067071107
2,"poisson_glm","rolling_one_step",7,1,6,0,3.50758775770298,NA,3.3519232408028,2.56987077906229,0.0203632650817393,NA,NA,12.3031718779878,3.50758775770298
2,"inad_unconstrained","rolling_one_step",7,1,7,6,7.34,0.316617221020059,2.27665306690066,0.965310700948004,0.347831889180115,1,1,1.7956,1.34
2,"inad_constrained_alpha","rolling_one_step",7,1,7,6,8.22,0.415502616408639,2.07845029758744,1.2507602486169,0.303267647800544,1,1,4.9284,2.22
2,"nb_glm","rolling_one_step",7,1,7,6,7.78168188859028,NA,2.40176560736144,1.21276711403643,0.381450020928482,NA,NA,3.17439035213062,1.78168188859028
2,"poisson_glm","rolling_one_step",7,1,7,6,7.62547196246058,NA,2.12462449698556,1.06550331398119,0.355507570112829,NA,NA,2.64215910074545,1.62547196246058
2,"inad_unconstrained","rolling_one_step",7,1,8,8,6.44,0.319190896303181,1.988764574797,1.11867730537202,0.678939797653406,1,1,2.4336,1.56
2,"inad_constrained_alpha","rolling_one_step",7,1,8,8,6.27,0.314580047143181,2.97062635242291,1.33014115914967,0.729834834898416,1,1,2.9929,1.73
2,"nb_glm","rolling_one_step",7,1,8,8,6.18827508029935,NA,2.59289008983094,1.38492792816082,0.674908945680424,NA,NA,3.28234718466431,1.81172491970065
2,"poisson_glm","rolling_one_step",7,1,8,8,6.02222845709714,NA,2.32765838293797,1.19400331891275,0.723899388897899,NA,NA,3.91158027591637,1.97777154290286
2,"inad_unconstrained","rolling_one_step",7,1,9,6,5.38,0.277717973360157,2.26814237723276,0.815687866169917,0.578014747379905,1,1,0.3844,0.62
2,"inad_constrained_alpha","rolling_one_step",7,1,9,6,5.47,0.306974483195808,2.35522882647947,0.871454415954416,0.574005384122053,1,1,0.2809,0.53
2,"nb_glm","rolling_one_step",7,1,9,6,5.55044977394878,NA,2.29920981477316,0.906879155617286,0.54570384831005,NA,NA,0.2020954057427,0.449550226051216
2,"poisson_glm","rolling_one_step",7,1,9,6,5.38379861211158,NA,1.9477800910384,0.667577957971374,0.538775318421221,NA,NA,0.379704150435612,0.616201387888418
2,"inad_unconstrained","rolling_one_step",7,1,10,8,6.56,0.319507196295871,2.34664508278808,1.10315923008323,0.680060340851377,1,1,2.0736,1.44
2,"inad_constrained_alpha","rolling_one_step",7,1,10,8,7.17,0.320055235131928,2.11387373810132,0.954835071955585,0.608222306698211,1,1,0.6889,0.83
2,"nb_glm","rolling_one_step",7,1,10,8,7.78168188859028,NA,2.45338424894249,1.08089431604277,0.587278838291003,NA,NA,0.0476627977695076,0.218318111409721
2,"poisson_glm","rolling_one_step",7,1,10,8,7.62547196246058,NA,2.05140367716527,0.731398669475254,0.585623093412504,NA,NA,0.140271250903129,0.37452803753942
2,"inad_unconstrained","rolling_one_step",7,1,11,8,10.11,0.454582725744671,2.25417595378636,1.412471456,0.417759000405669,1,1,4.4521,2.11
2,"inad_constrained_alpha","rolling_one_step",7,1,11,8,11.26,0.414782406141394,2.41333645728675,1.87830905306972,0.260581932327365,1,1,10.6276,3.26
2,"nb_glm","rolling_one_step",7,1,11,8,11.2370814716125,NA,2.68780966530918,1.71491062986345,0.376368992184182,NA,NA,10.4786964538567,3.23708147161246
2,"poisson_glm","rolling_one_step",7,1,11,8,11.1344072421436,NA,2.56192473449047,1.83115095820576,0.192859213324659,NA,NA,9.8245087596024,3.13440724214362
2,"inad_unconstrained","rolling_one_step",7,1,12,5,7.55,0.361639085668057,2.15572084803682,1.39317354877721,0.283353740356645,1,1,6.5025,2.55
2,"inad_constrained_alpha","rolling_one_step",7,1,12,5,9.91,0.436027753726987,2.61420737299184,2.81201789151925,0.138799335370066,1,1,24.1081,4.91
2,"nb_glm","rolling_one_step",7,1,12,5,9.48230604883315,NA,2.65948471292606,2.36181446916757,0.22333389105962,NA,NA,20.0910675154063,4.48230604883315
2,"poisson_glm","rolling_one_step",7,1,12,5,9.34760052156641,NA,2.98979087548869,2.78942338451943,0.0804612973322347,NA,NA,18.9016302951245,4.34760052156641
2,"inad_unconstrained","rolling_one_step",8,1,1,1,4.08,0.256896787827251,2.25955863354136,1.89225490487515,0.11326837718539,1,1,9.4864,3.08
2,"inad_constrained_alpha","rolling_one_step",8,1,1,1,4.14,0.285692495561578,2.25090057079825,1.81042514933837,0.0843442505118437,1,1,9.8596,3.14
2,"nb_glm","rolling_one_step",8,1,1,1,4.26509311881924,NA,2.28307653254845,1.9556530603842,0.070417968594066,NA,NA,10.6608330745608,3.26509311881924
2,"poisson_glm","rolling_one_step",8,1,1,1,4.29652173418644,NA,2.82078826690889,2.26453141559876,0.0208280481012967,NA,NA,10.8670555439636,3.29652173418644
2,"inad_unconstrained","rolling_one_step",8,1,2,7,3.95,0.205172999188391,3.3247324953365,2.00960895248724,0.906564143451459,0,1,9.3025,3.05
2,"inad_constrained_alpha","rolling_one_step",8,1,2,7,4.59,0.210864023398105,2.9448738563205,1.55936232136106,0.841629076807719,1,1,5.8081,2.41
2,"nb_glm","rolling_one_step",8,1,2,7,4.26509311881924,NA,2.70457812890419,1.74244452186459,0.797206663433321,NA,NA,7.47971564872985,2.73490688118076
2,"poisson_glm","rolling_one_step",8,1,2,7,4.29652173418644,NA,2.61955764543838,1.65056807964362,0.846864607768846,NA,NA,7.30879473372628,2.70347826581356
2,"inad_unconstrained","rolling_one_step",8,1,3,5,6.26,0.278023325814525,2.09663193166681,0.862230366729678,0.356245920859115,1,1,1.5876,1.26
2,"inad_constrained_alpha","rolling_one_step",8,1,3,5,6.43,0.277162753484648,1.86240205238968,0.908488954635109,0.250277751491895,1,1,2.0449,1.43
2,"nb_glm","rolling_one_step",8,1,3,5,5.54675229544047,NA,2.17726062478391,0.828460428429709,0.471605094114839,NA,NA,0.298938072569426,0.546752295440473
2,"poisson_glm","rolling_one_step",8,1,3,5,5.63214868314807,NA,1.86711828285434,0.661490176849677,0.474033144989894,NA,NA,0.399611957605839,0.63214868314807
2,"inad_unconstrained","rolling_one_step",8,1,4,8,2.96,0.208370299750665,4.7361984483945,3.69940580178516,0.932662705690927,0,1,25.4016,5.04
2,"inad_constrained_alpha","rolling_one_step",8,1,4,8,3.99,0.241834320111597,2.52131362609914,2.5942826924583,0.889540134138485,1,1,16.0801,4.01
2,"nb_glm","rolling_one_step",8,1,4,8,3.61988200229957,NA,3.29768237461472,2.97006674595417,0.91951985177453,NA,NA,19.1854336737792,4.38011799770043
2,"poisson_glm","rolling_one_step",8,1,4,8,3.62853397468174,NA,3.63784638046469,3.0546297480808,0.934947367391496,NA,NA,19.1097152105118,4.37146602531826
2,"inad_unconstrained","rolling_one_step",8,1,5,3,3.17,0.203035051957125,1.70434276898759,0.515601712523334,0.409357448559179,1,1,0.0289,0.17
2,"inad_constrained_alpha","rolling_one_step",8,1,5,3,3.75,0.213378309652839,1.93657882162643,0.631767338966837,0.48433077973376,1,1,0.5625,0.75
2,"nb_glm","rolling_one_step",8,1,5,3,3.61988200229957,NA,1.81148371333748,0.582360295436025,0.387854958060122,NA,NA,0.384253696774929,0.619882002299574
2,"poisson_glm","rolling_one_step",8,1,5,3,3.62853397468174,NA,1.61020296712966,0.513282348966143,0.400348077644947,NA,NA,0.395054957329228,0.628533974681741
2,"inad_unconstrained","rolling_one_step",8,1,6,3,2.25,0.184431969883617,2.29353525747413,0.709583165289256,0.685664196244653,1,1,0.5625,0.75
2,"inad_constrained_alpha","rolling_one_step",8,1,6,3,1.59,0.131882255413415,2.3705863927587,0.963801225994513,0.814742734867959,1,1,1.9881,1.41
2,"nb_glm","rolling_one_step",8,1,6,3,1.6518187381726,NA,2.06553452912518,0.874470100338956,0.795599569014689,NA,NA,1.81759271474253,1.3481812618274
2,"poisson_glm","rolling_one_step",8,1,6,3,1.61698848967699,NA,1.98397166887744,0.852575188415825,0.803384831448093,NA,NA,1.91272083768594,1.38301151032301
2,"inad_unconstrained","rolling_one_step",8,1,7,11,4.99,0.297632068979215,3.63967529697647,4.22632652551985,0.938708566079847,0,1,36.1201,6.01
2,"inad_constrained_alpha","rolling_one_step",8,1,7,11,5.62,0.301437632794325,3.35982381514777,3.76510162009513,0.912209579897302,0,1,28.9444,5.38
2,"nb_glm","rolling_one_step",8,1,7,11,5.72803697062211,NA,3.33353881562502,3.66719200409731,0.907821612299054,NA,NA,27.7935941831273,5.27196302937789
2,"poisson_glm","rolling_one_step",8,1,7,11,5.70758997834984,NA,3.73781494678855,3.74812769848369,0.939569744734162,NA,NA,28.0096038372631,5.29241002165016
2,"inad_unconstrained","rolling_one_step",8,1,8,3,6.75,0.286876244743234,2.95353191906361,2.24242829221165,0.0930539545854995,1,1,14.0625,3.75
2,"inad_constrained_alpha","rolling_one_step",8,1,8,3,6.47,0.34508233536624,2.26814237723276,1.90779222003068,0.20263387923103,1,1,12.0409,3.47
2,"nb_glm","rolling_one_step",8,1,8,3,6.47457500011493,NA,2.33960306839409,1.77660937369127,0.221221623569521,NA,NA,12.0726714314236,3.47457500011493
2,"poisson_glm","rolling_one_step",8,1,8,3,6.47538146869327,NA,2.67643574073261,2.17839886268756,0.0856744533132297,NA,NA,12.0782763529366,3.47538146869327
2,"inad_unconstrained","rolling_one_step",8,1,9,3,5.19,0.292566145503798,2.45062910043224,1.31691012491782,0.253364943476676,1,1,4.7961,2.19
2,"inad_constrained_alpha","rolling_one_step",8,1,9,3,5.61,0.272991286352225,2.34664508278808,1.53589065844233,0.222661720628786,1,1,6.8121,2.61
2,"nb_glm","rolling_one_step",8,1,9,3,5.72803697062211,NA,2.19809883447728,1.44305880271401,0.279863702425075,NA,NA,7.44218571308104,2.72803697062211
2,"poisson_glm","rolling_one_step",8,1,9,3,5.70758997834984,NA,2.32888983007987,1.65145995621464,0.136332408174045,NA,NA,7.33104349086048,2.70758997834984
2,"inad_unconstrained","rolling_one_step",8,1,10,6,5.63,0.276213575687256,2.24216689082949,0.77844203601108,0.584259481355609,1,1,0.1369,0.37
2,"inad_constrained_alpha","rolling_one_step",8,1,10,6,6.44,0.308571161348823,2.03624994309706,0.753544307372176,0.501873163454403,1,1,0.1936,0.44
2,"nb_glm","rolling_one_step",8,1,10,6,6.47457500011493,NA,2.2664916139485,0.863582689891645,0.568051037356536,NA,NA,0.225221430734083,0.474575000114927
2,"poisson_glm","rolling_one_step",8,1,10,6,6.47538146869327,NA,1.9217045247558,0.651352279408407,0.52054599594057,NA,NA,0.225987540776968,0.475381468693268
2,"inad_unconstrained","rolling_one_step",8,1,11,2,6.12,0.321071438603418,3.18661496264998,2.71821029293201,0.0716083728937341,0,1,16.9744,4.12
2,"inad_constrained_alpha","rolling_one_step",8,1,11,2,6.65,0.301971635566768,2.80772888329261,3.04379658850172,0.0992848692677963,1,1,21.6225,4.65
2,"nb_glm","rolling_one_step",8,1,11,2,6.47457500011493,NA,2.63777815879486,2.7457065671767,0.139516376126242,NA,NA,20.0218214316535,4.47457500011493
2,"poisson_glm","rolling_one_step",8,1,11,2,6.47538146869327,NA,3.35407478564591,3.20039539677881,0.0295749987297556,NA,NA,20.0290392903231,4.47538146869327
2,"inad_unconstrained","rolling_one_step",8,1,12,7,5.06,0.246109115982519,2.25090057079825,1.24445234026465,0.802847493315601,1,1,3.7636,1.94
2,"inad_constrained_alpha","rolling_one_step",8,1,12,7,5.26,0.276566246835887,2.24216689082949,1.1092458910434,0.750991431291015,1,1,3.0276,1.74
2,"nb_glm","rolling_one_step",8,1,12,7,5.31337870294891,NA,2.472978663268,1.28311141921774,0.727360213465528,NA,NA,2.8446913996663,1.68662129705109
2,"poisson_glm","rolling_one_step",8,1,12,7,5.28240800640065,NA,2.20356140690489,1.06644963448283,0.701018433590348,NA,NA,2.95012225647658,1.71759199359935
2,"inad_unconstrained","rolling_one_step",9,1,1,1,1.8,0.131809473763221,1.58158858921788,0.491849005486968,0.307143905856302,1,1,0.64,0.8
2,"inad_constrained_alpha","rolling_one_step",9,1,1,1,1.68,0.129396423225043,1.10781336757036,0.358562180103066,0.259544175759254,1,1,0.4624,0.68
2,"nb_glm","rolling_one_step",9,1,1,1,2.18480161959066,NA,1.39932736086245,0.551487186172087,0.220797687352487,NA,NA,1.40375487778465,1.18480161959066
2,"poisson_glm","rolling_one_step",9,1,1,1,2.19878848600593,NA,1.43112269967522,0.623672469834964,0.181197171629263,NA,NA,1.43709383418039,1.19878848600593
2,"inad_unconstrained","rolling_one_step",9,1,2,8,4.4,0.243708718337977,2.93614017635175,2.33866006463527,0.872823685476364,0,1,12.96,3.6
2,"inad_constrained_alpha","rolling_one_step",9,1,2,8,4.55,0.243449536388297,3.35116575240466,2.20901133459357,0.90323315858764,0,1,11.9025,3.45
2,"nb_glm","rolling_one_step",9,1,2,8,4.29440105740156,NA,3.00233081233995,2.4030830581768,0.860390603030022,NA,NA,13.7314635233866,3.70559894259844
2,"poisson_glm","rolling_one_step",9,1,2,8,4.41102276278516,NA,3.0658882771757,2.32758541185044,0.889831344094551,NA,NA,12.8807576092463,3.58897723721484
2,"inad_unconstrained","rolling_one_step",9,1,3,3,3.9,0.217190508935628,1.80975831890425,0.596632059086113,0.442018138543883,1,1,0.81,0.9
2,"inad_constrained_alpha","rolling_one_step",9,1,3,3,3.84,0.22550504484939,1.72220038638759,0.618486506382646,0.357382840963546,1,1,0.7056,0.84
2,"nb_glm","rolling_one_step",9,1,3,3,3.73248267377911,NA,1.83621977412616,0.624968071770321,0.37174204276071,NA,NA,0.536530867386588,0.732482673779105
2,"poisson_glm","rolling_one_step",9,1,3,3,3.81763841469954,NA,1.65478517424287,0.582178228881861,0.374033577630505,NA,NA,0.668532577192381,0.817638414699542
2,"inad_unconstrained","rolling_one_step",9,1,4,10,5.25,0.254008271558629,3.11879236631122,3.24134060480148,0.920546188876033,0,1,22.5625,4.75
2,"inad_constrained_alpha","rolling_one_step",9,1,4,10,5.01,0.2488336428584,3.11879236631122,3.46201114958449,0.959566249742679,0,1,24.9001,4.99
2,"nb_glm","rolling_one_step",9,1,4,10,4.54818682406359,NA,3.49237277004942,3.92624619524328,0.928645431525613,NA,NA,29.7222669053139,5.45181317593641
2,"poisson_glm","rolling_one_step",9,1,4,10,4.67980985466536,NA,3.90165268370133,3.90509292425649,0.968225898780985,NA,NA,28.3044231825158,5.32019014533464
2,"inad_unconstrained","rolling_one_step",9,1,5,2,2.73,0.175726486278529,1.32357567669931,0.428435280991736,0.3337034473873,1,1,0.5329,0.73
2,"inad_constrained_alpha","rolling_one_step",9,1,5,2,2.64,0.169085478353107,1.4720503281194,0.453973256198347,0.44373562707117,1,1,0.4096,0.64
2,"nb_glm","rolling_one_step",9,1,5,2,3.06307270324796,NA,1.6362824318378,0.574866699296508,0.353271545302187,NA,NA,1.13012357239093,1.06307270324796
2,"poisson_glm","rolling_one_step",9,1,5,2,3.11430667441761,NA,1.57141563013873,0.620101500833703,0.226679993023779,NA,NA,1.24167936465164,1.11430667441761
2,"inad_unconstrained","rolling_one_step",9,1,6,3,2.53,0.205212380747657,1.7823303789392,0.554047453062481,0.618161193372584,1,1,0.2209,0.47
2,"inad_constrained_alpha","rolling_one_step",9,1,6,3,3.09,0.167630546142402,1.5463339059594,0.407170381281037,0.473506658592543,1,1,0.00809999999999998,0.0899999999999999
2,"nb_glm","rolling_one_step",9,1,6,3,3.06307270324796,NA,1.81056903149158,0.556196789187537,0.577345204323011,NA,NA,0.0039781658950056,0.063072703247963
2,"poisson_glm","rolling_one_step",9,1,6,3,3.11430667441761,NA,1.57576952723195,0.447781652307924,0.431201558577206,NA,NA,0.0130660158164137,0.114306674417611
2,"inad_unconstrained","rolling_one_step",9,1,7,8,7.85,0.325475565034218,1.99720344344286,0.774280679330556,0.499115207024768,1,1,0.0225000000000001,0.15
2,"inad_constrained_alpha","rolling_one_step",9,1,7,8,7.95,0.320471559115657,2.28509193554653,0.872089704116941,0.496654595560649,1,1,0.00249999999999998,0.0499999999999998
2,"nb_glm","rolling_one_step",9,1,7,8,7.02781614436942,NA,2.52974334857996,1.18781172245553,0.599733637565386,NA,NA,0.945141449148737,0.972183855630578
2,"poisson_glm","rolling_one_step",9,1,7,8,7.18304303154286,NA,2.10589350914377,0.804557892301644,0.653906740588139,NA,NA,0.667418688310678,0.816956968457139
2,"inad_unconstrained","rolling_one_step",9,1,8,6,3.83,0.200532120402521,2.90947192926958,1.46778554500446,0.819530886634051,1,1,4.7089,2.17
2,"inad_constrained_alpha","rolling_one_step",9,1,8,6,4.03,0.248817404958136,2.93614017635175,1.42584457525392,0.808975964790402,1,1,3.8809,1.97
2,"nb_glm","rolling_one_step",9,1,8,6,4.11371878623016,NA,2.44112309847465,1.27187809780749,0.78085371570983,NA,NA,3.558056817421,1.88628121376984
2,"poisson_glm","rolling_one_step",9,1,8,6,4.13711058947541,NA,2.231831567687,1.12014789715499,0.747840349792902,NA,NA,3.47035695584467,1.86288941052459
2,"inad_unconstrained","rolling_one_step",9,1,9,3,3.56,0.207106082220994,1.5219386664839,0.507006752698645,0.42460043991209,1,1,0.3136,0.56
2,"inad_constrained_alpha","rolling_one_step",9,1,9,3,4.42,0.225263033681593,1.90235103430343,0.892133534971645,0.327222111878026,1,1,2.0164,1.42
2,"nb_glm","rolling_one_step",9,1,9,3,4.11371878623016,NA,1.90407692478714,0.764229673902148,0.422477215905281,NA,NA,1.24036953480199,1.11371878623016
2,"poisson_glm","rolling_one_step",9,1,9,3,4.13711058947541,NA,1.74739084905229,0.732804811554812,0.303013730375379,NA,NA,1.29302049269711,1.13711058947541
2,"inad_unconstrained","rolling_one_step",9,1,10,11,5.66,0.268260389106622,4.04679740629227,3.76547860869565,0.940609318213861,0,1,28.5156,5.34
2,"inad_constrained_alpha","rolling_one_step",9,1,10,11,5.37,0.225475927627306,4.02925309664136,4.25944582191244,0.983101926908346,0,0,31.6969,5.63
2,"nb_glm","rolling_one_step",9,1,10,11,5.40393525456621,NA,3.4305570379558,4.02771057351865,0.942544065250214,NA,NA,31.315940635087,5.59606474543379
2,"poisson_glm","rolling_one_step",9,1,10,11,5.47963170698294,NA,3.86328326737342,4.02711347188488,0.954135635256508,NA,NA,30.4744660905481,5.52036829301706
2,"inad_unconstrained","rolling_one_step",9,1,11,7,3.38,0.187907133736564,2.61232688351056,2.54726039669421,0.906450311301509,0,1,13.1044,3.62
2,"inad_constrained_alpha","rolling_one_step",9,1,11,7,3.49,0.17950267998337,3.30671398983382,2.50067101652893,0.937275493556126,0,1,12.3201,3.51
2,"nb_glm","rolling_one_step",9,1,11,7,3.57544250971619,NA,2.88097618673549,2.54773450816555,0.948418474132448,NA,NA,11.727594004259,3.42455749028381
2,"poisson_glm","rolling_one_step",9,1,11,7,3.58057374935629,NA,3.03899472365936,2.44713825100207,0.954173676599353,NA,NA,11.6924758835913,3.41942625064371
2,"inad_unconstrained","rolling_one_step",9,1,12,4,5.6,0.249038555288538,1.95427839872583,0.930956632810096,0.275466291186289,1,1,2.56,1.6
2,"inad_constrained_alpha","rolling_one_step",9,1,12,4,5.93,0.246697377285605,2.16206066487855,1.12562255309326,0.27445632093439,1,1,3.7249,1.93
2,"nb_glm","rolling_one_step",9,1,12,4,5.76739764835069,NA,2.09105651019017,0.898112469815372,0.30744132294768,NA,NA,3.12369444739556,1.76739764835069
2,"poisson_glm","rolling_one_step",9,1,12,4,5.8596955567159,NA,2.01161680428562,1.02806088941523,0.274363593211944,NA,NA,3.45846756366886,1.8596955567159
2,"inad_unconstrained","rolling_one_step",10,1,1,0,1.32,0.150339682725554,1.04407197797028,0.621931992256544,0.188766651304498,1,1,1.7424,1.32
2,"inad_constrained_alpha","rolling_one_step",10,1,1,0,2.34,0.431164736850117,1.05880454878826,1.54298272827924,0.346519876667334,1,1,5.4756,2.34
2,"nb_glm","rolling_one_step",10,1,1,0,2.13382265219639,NA,1.96876032556353,1.90281414570367,0.114461182987522,NA,NA,4.55319911102643,2.13382265219639
2,"poisson_glm","rolling_one_step",10,1,1,0,2.12999415641739,NA,2.31004515420817,1.99070135812675,0.0434698658055291,NA,NA,4.53687510637222,2.12999415641739
2,"inad_unconstrained","rolling_one_step",10,1,2,4,6.16,0.366451727635263,2.84957599322811,1.40954926095136,0.303764820982183,1,1,4.6656,2.16
2,"inad_constrained_alpha","rolling_one_step",10,1,2,4,5.21,0.41906461496427,2.05436185728281,1.14779394683799,0.372600716217735,1,1,1.4641,1.21
2,"nb_glm","rolling_one_step",10,1,2,4,4.44206191746889,NA,2.10971379301013,0.94252134059617,0.387041306146293,NA,NA,0.195418738876273,0.442061917468891
2,"poisson_glm","rolling_one_step",10,1,2,4,4.5333908682087,NA,1.8356872722204,0.797512532373049,0.341423645338573,NA,NA,0.284505818288432,0.533390868208701
2,"inad_unconstrained","rolling_one_step",10,1,3,3,2.91,0.264802194137817,2.53885793575005,0.767473187145557,0.545301003451743,1,1,0.00809999999999998,0.0899999999999999
2,"inad_constrained_alpha","rolling_one_step",10,1,3,3,2.84,0.378919249946209,2.40523924705413,0.94651201004693,0.561528101437082,1,1,0.0256,0.16
2,"nb_glm","rolling_one_step",10,1,3,3,2.99160063820326,NA,1.88758495672894,0.698523018934912,0.547475917064521,NA,NA,7.05492785926016e-05,0.00839936179674394
2,"poisson_glm","rolling_one_step",10,1,3,3,3.01686817991792,NA,1.64978773205989,0.581290902218587,0.452871991618486,NA,NA,0.000284535493743177,0.0168681799179158
2,"inad_unconstrained","rolling_one_step",10,1,4,5,7.63,0.350369213628404,2.58141755016884,1.5703379375,0.24473494372936,1,1,6.9169,2.63
2,"inad_constrained_alpha","rolling_one_step",10,1,4,5,5.98,0.420672861693807,2.61420737299184,1.04739694328824,0.454660189410732,1,1,0.960400000000001,0.98
2,"nb_glm","rolling_one_step",10,1,4,5,4.89855898719509,NA,2.2337738981045,0.91201323985103,0.560827149029677,NA,NA,0.0102902790788867,0.101441012804914
2,"poisson_glm","rolling_one_step",10,1,4,5,5.01406747916308,NA,1.89059004190084,0.690951552268044,0.464170868970386,NA,NA,0.000197893970003557,0.0140674791630753
2,"inad_unconstrained","rolling_one_step",10,1,5,0,1.94,0.183578348671651,1.34954671052364,1.00794734449962,0.226761855065177,1,1,3.7636,1.94
2,"inad_constrained_alpha","rolling_one_step",10,1,5,0,2.47,0.372665799315953,1.36881030662218,1.56863958707917,0.0184508310758699,1,1,6.1009,2.47
2,"nb_glm","rolling_one_step",10,1,5,0,2.60015247754165,NA,2.23015763784213,2.06632224360473,0.0911237204823911,NA,NA,6.76079290646599,2.60015247754165
2,"poisson_glm","rolling_one_step",10,1,5,0,2.61102979402155,NA,2.71365510113903,2.20654227791826,0.0134100567953248,NA,NA,6.81747658526824,2.61102979402155
2,"inad_unconstrained","rolling_one_step",10,1,6,8,2.35,0.210998109044138,4.02036414922411,4.20891418207908,0.972088435219963,0,0,31.9225,5.65
2,"inad_constrained_alpha","rolling_one_step",10,1,6,8,2.29,0.253179778023443,4.05545546903538,4.00229082193817,0.916063280584299,0,1,32.6041,5.71
2,"nb_glm","rolling_one_step",10,1,6,8,2.99160063820326,NA,3.69615232976566,3.40457275724826,0.917922492617856,NA,NA,25.084064167246,5.00839936179674
2,"poisson_glm","rolling_one_step",10,1,6,8,3.01686817991792,NA,4.14302152301322,3.50906402602347,0.942289247096888,NA,NA,24.8316027363146,4.98313182008208
2,"inad_unconstrained","rolling_one_step",10,1,7,7,7.57,0.657091079583863,2.27895348846077,1.63191375236295,0.481994297893809,1,1,0.3249,0.57
2,"inad_constrained_alpha","rolling_one_step",10,1,7,7,6.87,0.759007193109472,3.06943546934113,2.74592613833102,0.497586561566721,1,1,0.0169,0.13
2,"nb_glm","rolling_one_step",10,1,7,7,5.96570676892944,NA,2.70611615806139,2.14001057888146,0.515162654586038,NA,NA,1.06976248783838,1.03429323107056
2,"poisson_glm","rolling_one_step",10,1,7,7,6.02225192565681,NA,2.31874318834983,1.82317287328167,0.53895793793874,NA,NA,0.955991296881812,0.977748074343188
2,"inad_unconstrained","rolling_one_step",10,1,8,3,6.64,0.48876674323539,2.26214412343553,2.17524323507181,0.199337622975073,1,1,13.2496,3.64
2,"inad_constrained_alpha","rolling_one_step",10,1,8,3,6.38,0.975122887878572,2.51075510251809,5.5424110318404,0.277250618469586,1,1,11.4244,3.38
2,"nb_glm","rolling_one_step",10,1,8,3,5.27784278160525,NA,2.51909966722908,5.24417201316974,0.170829504965546,NA,NA,5.18856773771114,2.27784278160525
2,"poisson_glm","rolling_one_step",10,1,8,3,5.30818839077804,NA,2.55896179239451,5.23534881503708,0.110853717539065,NA,NA,5.32773364732251,2.30818839077804
2,"inad_unconstrained","rolling_one_step",10,1,9,9,4.16,0.374090142002478,3.69053371420996,3.12330040297794,0.811239645981022,1,1,23.4256,4.84
2,"inad_constrained_alpha","rolling_one_step",10,1,9,9,4.04,0.56834333057945,3.82199685377043,3.24736873555976,0.70749073680082,1,1,24.6016,4.96
2,"nb_glm","rolling_one_step",10,1,9,9,4.01773151947241,NA,3.63446252618622,2.73085551751076,0.757460771853027,NA,NA,24.8229992120588,4.98226848052759
2,"poisson_glm","rolling_one_step",10,1,9,9,4.00767124083046,NA,4.07317712681277,2.82551376681279,0.798305567113764,NA,NA,24.9233464396313,4.99232875916954
2,"inad_unconstrained","rolling_one_step",10,1,10,6,10.84,0.644278627221911,2.46179550003626,3.32726097004563,0.226580030028052,1,1,23.4256,4.84
2,"inad_constrained_alpha","rolling_one_step",10,1,10,6,7.98,0.679717707299259,2.70573500244941,2.71161834130082,0.379175568472375,1,1,3.9204,1.98
2,"nb_glm","rolling_one_step",10,1,10,6,6.86383292188176,NA,2.5790553237321,2.37888338573205,0.379434536091204,NA,NA,0.746207316926771,0.863832921881755
2,"poisson_glm","rolling_one_step",10,1,10,6,6.95830443894714,NA,2.23612963957704,2.12119189534601,0.26273844219671,NA,NA,0.918347397705796,0.958304438947142
2,"inad_unconstrained","rolling_one_step",10,1,11,7,6.51,0.358305495747453,1.988764574797,0.8888233625395,0.568239076062307,1,1,0.2401,0.49
2,"inad_constrained_alpha","rolling_one_step",10,1,11,7,5.03,0.455816505700141,2.58629496558539,1.69811739251504,0.623635695974478,1,1,3.8809,1.97
2,"nb_glm","rolling_one_step",10,1,11,7,5.63282434245935,NA,2.60821180620104,1.3461192615815,0.552224513140626,NA,NA,1.86916927857171,1.36717565754065
2,"poisson_glm","rolling_one_step",10,1,11,7,5.67636103864705,NA,2.25616241301004,1.0621743923702,0.568772705944269,NA,NA,1.75202010001151,1.32363896135295
2,"inad_unconstrained","rolling_one_step",10,1,12,13,4.03,0.343909490089671,4.8283137373023,5.9947956416,0.90353954000786,0,0,80.4609,8.97
2,"inad_constrained_alpha","rolling_one_step",10,1,12,13,4.92,0.747072400585895,4.35811108327732,4.96602991602093,0.675975286549367,0,1,65.2864,8.08
2,"nb_glm","rolling_one_step",10,1,12,13,4.47942578599285,NA,4.58782764506142,4.57093396169571,0.724217067792406,NA,NA,72.6001849364036,8.52057421400715
2,"poisson_glm","rolling_one_step",10,1,12,13,4.48291504420759,NA,5.0035318705234,4.73578363534945,0.726454659778972,NA,NA,72.5407361441853,8.51708495579241
2,"inad_unconstrained","rolling_one_step",11,1,1,0,2.55,0.218985263099016,1.92761015164367,1.47600734518302,0.114644339381453,1,1,6.5025,2.55
2,"inad_constrained_alpha","rolling_one_step",11,1,1,0,2.11,0.20195759130785,1.53090733646666,1.17842926498724,0.0117414357959933,1,1,4.4521,2.11
2,"nb_glm","rolling_one_step",11,1,1,0,1.9651795417002,NA,1.69967597812904,1.18268874642306,0.00699961338290661,NA,NA,3.86193063111702,1.9651795417002
2,"poisson_glm","rolling_one_step",11,1,1,0,1.93989257262767,NA,1.97664349446222,1.27312375004415,0.0225498772395189,NA,NA,3.76318319333602,1.93989257262767
2,"inad_unconstrained","rolling_one_step",11,1,2,1,3.72,0.279277567298127,2.25090057079825,1.55559050283554,0.176220863356376,1,1,7.3984,2.72
2,"inad_constrained_alpha","rolling_one_step",11,1,2,1,4.17,0.255071786290872,2.23335626114734,1.89614929125225,0.122072346958587,1,1,10.0489,3.17
2,"nb_glm","rolling_one_step",11,1,2,1,4.30659726148753,NA,2.28689645847864,1.94424758905259,0.146927685755384,NA,NA,10.9335854496768,3.30659726148753
2,"poisson_glm","rolling_one_step",11,1,2,1,4.35313309398906,NA,2.84911332611943,2.28426690310365,0.0443984326949216,NA,NA,11.2435015460047,3.35313309398906
2,"inad_unconstrained","rolling_one_step",11,1,3,4,3.55,0.261454749160511,2.00115862328579,0.701806034757653,0.561015089854191,1,1,0.2025,0.45
2,"inad_constrained_alpha","rolling_one_step",11,1,3,4,3.66,0.269762334605328,2.01004757070304,0.710949894275198,0.63993106804306,1,1,0.1156,0.34
2,"nb_glm","rolling_one_step",11,1,3,4,3.86271642522969,NA,1.98029989211873,0.646980865160756,0.531027745300964,NA,NA,0.0188467799017157,0.137283574770311
2,"poisson_glm","rolling_one_step",11,1,3,4,3.89164776406577,NA,1.69648083635261,0.490998657598466,0.476862048449894,NA,NA,0.0117402070319475,0.108352235934232
2,"inad_unconstrained","rolling_one_step",11,1,4,2,3.93,0.232793748397437,2.01004757070304,1.0861252173232,0.203605940721237,1,1,3.7249,1.93
2,"inad_constrained_alpha","rolling_one_step",11,1,4,2,4.49,0.264954732173272,2.16206066487855,1.39660933364112,0.2352164945856,1,1,6.2001,2.49
2,"nb_glm","rolling_one_step",11,1,4,2,4.70688211729483,NA,2.08248899290336,1.400576293697,0.18116920822622,NA,NA,7.32721079693055,2.70688211729483
2,"poisson_glm","rolling_one_step",11,1,4,2,4.77053339756765,NA,2.36092443791631,1.70446001371028,0.0666217249551424,NA,NA,7.67585530703775,2.77053339756765
2,"inad_unconstrained","rolling_one_step",11,1,5,2,2.21,0.174248748238334,1.79157599982106,0.462702238868782,0.574261852747466,1,1,0.0441,0.21
2,"inad_constrained_alpha","rolling_one_step",11,1,5,2,2.27,0.209306213259642,1.64647918411445,0.53143858677686,0.439464322733269,1,1,0.0729,0.27
2,"nb_glm","rolling_one_step",11,1,5,2,1.9651795417002,NA,1.52662602093839,0.399893237855104,0.595341690679623,NA,NA,0.00121246431620795,0.0348204582997977
2,"poisson_glm","rolling_one_step",11,1,5,2,1.93989257262767,NA,1.35700083819264,0.334377633483174,0.500018656930709,NA,NA,0.00361290282531935,0.0601074273723252
2,"inad_unconstrained","rolling_one_step",11,1,6,5,6,0.336950075731337,1.94491064872223,0.942552097222222,0.43886771781696,1,1,1,1
2,"inad_constrained_alpha","rolling_one_step",11,1,6,5,6.37,0.339832103524459,1.99720344344286,0.93163422780877,0.327840371913093,1,1,1.8769,1.37
2,"nb_glm","rolling_one_step",11,1,6,5,5.73553345034705,NA,2.21859181541015,0.926079510974113,0.415601992416886,NA,NA,0.541009456579444,0.735533450347055
2,"poisson_glm","rolling_one_step",11,1,6,5,5.84790563715667,NA,1.91888592688795,0.76753668572546,0.421160532626305,NA,NA,0.718943969522058,0.84790563715667
2,"inad_unconstrained","rolling_one_step",11,1,7,6,6.87,0.422033317656463,2.32625000804004,1.1544305996358,0.405272905232268,1,1,0.7569,0.87
2,"inad_constrained_alpha","rolling_one_step",11,1,7,6,6.17,0.362665496878684,2.2133539592661,0.918971881944444,0.481311994622772,1,1,0.0289,0.17
2,"nb_glm","rolling_one_step",11,1,7,6,7.27303064125536,NA,2.40144647895539,1.20491539710517,0.392336578443923,NA,NA,1.62060701357502,1.27303064125536
2,"poisson_glm","rolling_one_step",11,1,7,6,7.32229465348462,NA,2.09349409116564,1.02252553734185,0.293426490823753,NA,NA,1.74846315063402,1.32229465348462
2,"inad_unconstrained","rolling_one_step",11,1,8,3,4.05,0.254008271558629,1.65304755320003,0.810016208382878,0.44096405042508,1,1,1.1025,1.05
2,"inad_constrained_alpha","rolling_one_step",11,1,8,3,4.8,0.315908182543567,1.9716701414377,1.04200771403092,0.3669253101127,1,1,3.24,1.8
2,"nb_glm","rolling_one_step",11,1,8,3,5.18764347561778,NA,2.08550287689474,1.17168374821212,0.310748880151323,NA,NA,4.78578397641302,2.18764347561778
2,"poisson_glm","rolling_one_step",11,1,8,3,5.16974686773119,NA,2.0983328222573,1.28713459724144,0.193584797672997,NA,NA,4.7078014700293,2.16974686773119
2,"inad_unconstrained","rolling_one_step",11,1,9,20,8.08,0.390720649905564,4.10588632266227,9.13602300456867,0.983554091441548,0,0,142.0864,11.92
2,"inad_constrained_alpha","rolling_one_step",11,1,9,20,7.31,0.356949760208816,4.80402104473326,9.88458269954314,0.992974034105962,0,0,161.0361,12.69
2,"nb_glm","rolling_one_step",11,1,9,20,8.10880489123213,NA,4.31723604167943,9.13045867622538,0.990188360004926,NA,NA,141.400521114785,11.8911951087679
2,"poisson_glm","rolling_one_step",11,1,9,20,8.19059820221808,NA,4.78288600554839,9.47450751350913,0.99410325018085,NA,NA,139.461970821455,11.8094017977819
2,"inad_unconstrained","rolling_one_step",11,1,10,4,6.67,0.419488625675008,2.20373006722318,1.71386832885742,0.228829010614827,1,1,7.1289,2.67
2,"inad_constrained_alpha","rolling_one_step",11,1,10,4,6.5,0.379393455319664,2.59794685212005,1.51901252351518,0.259763601235129,1,1,6.25,2.5
2,"nb_glm","rolling_one_step",11,1,10,4,6.81468299676884,NA,2.40125860826843,1.87507598149913,0.254751903579967,NA,NA,7.92244037229964,2.81468299676884
2,"poisson_glm","rolling_one_step",11,1,10,4,6.8473656289395,NA,2.46996605024337,2.00271872606252,0.151653505863732,NA,NA,8.10749102486606,2.8473656289395
2,"inad_unconstrained","rolling_one_step",11,1,11,7,6.88,0.382516917167322,2.13919154608561,0.938433361111111,0.527923563554806,1,1,0.0144,0.12
2,"inad_constrained_alpha","rolling_one_step",11,1,11,7,6.92,0.358357645404981,2.20498570959559,0.928579634206624,0.51696479115103,1,1,0.00640000000000001,0.0800000000000001
2,"nb_glm","rolling_one_step",11,1,11,7,7.27303064125536,NA,2.4240555459459,1.02689854586916,0.478495710547229,NA,NA,0.0745457310643108,0.273030641255356
2,"poisson_glm","rolling_one_step",11,1,11,7,7.32229465348462,NA,2.01838635917262,0.72519033626942,0.492473731706376,NA,NA,0.103873843664773,0.322294653484622
2,"inad_unconstrained","rolling_one_step",11,1,12,9,10.04,0.419696860299734,2.3342821797373,1.1345230592,0.475662286500782,1,1,1.0816,1.04
2,"inad_constrained_alpha","rolling_one_step",11,1,12,9,9.48,0.403389678007795,2.35015552889359,1.10310900861802,0.439519874788582,1,1,0.2304,0.48
2,"nb_glm","rolling_one_step",11,1,12,9,9.55412577577709,NA,2.67153203507953,1.36537181919613,0.516322021596912,NA,NA,0.307055375380567,0.554125775777095
2,"poisson_glm","rolling_one_step",11,1,12,9,9.69843012008865,NA,2.20735915373647,0.958181187383365,0.38842016797081,NA,NA,0.487804632647046,0.69843012008865
2,"inad_unconstrained","rolling_one_step",12,1,1,4,0.74,0.0836297757616233,4.66343909411207,2.73523775364899,0.993329658568397,0,0,10.6276,3.26
2,"inad_constrained_alpha","rolling_one_step",12,1,1,4,0.75,0.0845367650579595,4.66343909411207,2.71989808650765,0.996306036678055,0,0,10.5625,3.25
2,"nb_glm","rolling_one_step",12,1,1,4,1.50812338369661,NA,2.76058174562332,1.96257696361423,0.948948951286212,NA,NA,6.20944907087964,2.49187661630339
2,"poisson_glm","rolling_one_step",12,1,1,4,1.55565587748864,NA,2.81808182889077,1.86904311226381,0.995989891863511,NA,NA,5.97481818925582,2.44434412251136
2,"inad_unconstrained","rolling_one_step",12,1,2,4,1.51,0.146676996881384,3.3247324953365,1.70986558514031,0.885480463983487,0,1,6.2001,2.49
2,"inad_constrained_alpha","rolling_one_step",12,1,2,4,1.28,0.132634532426209,3.06472514504094,1.98567640603567,0.940216933935191,0,1,7.3984,2.72
2,"nb_glm","rolling_one_step",12,1,2,4,2.11437575307022,NA,2.37390641356764,1.19075525275641,0.780611739429762,NA,NA,3.55557880060951,1.88562424692978
2,"poisson_glm","rolling_one_step",12,1,2,4,2.20339041849376,NA,2.23745086068604,1.09131209725089,0.808785725901636,NA,NA,3.22780598836004,1.79660958150624
2,"inad_unconstrained","rolling_one_step",12,1,3,2,3.04,0.180302775655537,1.40410977504395,0.58520194789384,0.216032951877847,1,1,1.0816,1.04
2,"inad_constrained_alpha","rolling_one_step",12,1,3,2,2.87,0.190509683202559,1.5219386664839,0.568427635743852,0.443522241622134,1,1,0.7569,0.87
2,"nb_glm","rolling_one_step",12,1,3,2,3.30498048468079,NA,1.7022082306508,0.683710899418333,0.311638184638472,NA,NA,1.70297406539771,1.30498048468079
2,"poisson_glm","rolling_one_step",12,1,3,2,3.49090314520945,NA,1.72322250301353,0.825022842350872,0.19359130286182,NA,NA,2.22279218839543,1.49090314520945
2,"inad_unconstrained","rolling_one_step",12,1,4,2,1.87,0.169166106880698,1.97400763421984,0.492651148893191,0.553813797760832,1,1,0.0169,0.13
2,"inad_constrained_alpha","rolling_one_step",12,1,4,2,1.7,0.147367471706519,1.59080524432281,0.422122868445417,0.551213473993452,1,1,0.09,0.3
2,"nb_glm","rolling_one_step",12,1,4,2,2.57645561459413,NA,1.54386993221025,0.438180229167138,0.468862473319215,NA,NA,0.332301075597096,0.57645561459413
2,"poisson_glm","rolling_one_step",12,1,4,2,2.70100179064597,NA,1.43733093539455,0.445786839264325,0.42292245145869,NA,NA,0.491403510488859,0.701001790645972
2,"inad_unconstrained","rolling_one_step",12,1,5,3,2.08,0.170370955935167,2.05218016909598,0.682292297520661,0.717703456849452,1,1,0.8464,0.92
2,"inad_constrained_alpha","rolling_one_step",12,1,5,3,1.78,0.131487219488773,1.84876678816933,0.746446561737228,0.872676956203911,1,1,1.4884,1.22
2,"nb_glm","rolling_one_step",12,1,5,3,2.57645561459413,NA,1.7859583365,0.54814802307517,0.643325746767136,NA,NA,0.179389846408836,0.42354438540587
2,"poisson_glm","rolling_one_step",12,1,5,3,2.70100179064597,NA,1.55156489491199,0.424998778267537,0.575836560040808,NA,NA,0.0893999291969154,0.298998209354028
2,"inad_unconstrained","rolling_one_step",12,1,6,1,3.97,0.277963372341818,2.32044271039405,1.6764092332994,0.143856925262278,1,1,8.8209,2.97
2,"inad_constrained_alpha","rolling_one_step",12,1,6,1,2.87,0.223224758773065,1.4418642122747,0.932657682006331,0.208190902518234,1,1,3.4969,1.87
2,"nb_glm","rolling_one_step",12,1,6,1,3.61216816823481,NA,2.00584155309944,1.45512529901409,0.18588573406626,NA,NA,6.82342253913918,2.61216816823481
2,"poisson_glm","rolling_one_step",12,1,6,1,3.825628503041,NA,2.48345144010725,1.83438228161731,0.0387533248314659,NA,NA,7.98417643719775,2.825628503041
2,"inad_unconstrained","rolling_one_step",12,1,7,4,6.35,0.289679376922385,2.79914513960121,1.41483174048752,0.228273408435494,1,1,5.5225,2.35
2,"inad_constrained_alpha","rolling_one_step",12,1,7,4,4.5,0.219503572139084,1.73101101606975,0.555929239766082,0.514013317164377,1,1,0.25,0.5
2,"nb_glm","rolling_one_step",12,1,7,4,5.22974240359491,NA,2.07770715228773,0.861255840818576,0.439802414381462,NA,NA,1.5122663791994,1.22974240359491
2,"poisson_glm","rolling_one_step",12,1,7,4,5.49110024765166,NA,1.93313621588512,0.9082021251923,0.280231295473641,NA,NA,2.22337994854686,1.49110024765166
2,"inad_unconstrained","rolling_one_step",12,1,8,0,3.37,0.195739984198787,2.76405381978994,2.35486187021684,0.0315258843729056,0,1,11.3569,3.37
2,"inad_constrained_alpha","rolling_one_step",12,1,8,0,3.61,0.197915909089459,3.30671398983382,2.49232860330578,0.00908304051519371,0,1,13.0321,3.61
2,"nb_glm","rolling_one_step",12,1,8,0,3.98111534638286,NA,2.8147103116486,2.49898678390061,0.0467284128073782,NA,NA,15.8492794012051,3.98111534638286
2,"poisson_glm","rolling_one_step",12,1,8,0,4.1457693139269,NA,3.76004657835779,3.00352106648597,0.022440358843484,NA,NA,17.1874032042979,4.1457693139269
2,"inad_unconstrained","rolling_one_step",12,1,9,13,14.63,0.534970026536935,2.7355682299961,1.6405284744898,0.416064793918481,1,1,2.6569,1.63
2,"inad_constrained_alpha","rolling_one_step",12,1,9,13,10.88,0.385410708389653,2.59794685212005,1.45512506046762,0.687540346626803,1,1,4.4944,2.12
2,"nb_glm","rolling_one_step",12,1,9,13,8.93441433524895,NA,3.25737077554226,2.42364622010852,0.692408607496433,NA,NA,16.5289867974293,4.06558566475105
2,"poisson_glm","rolling_one_step",12,1,9,13,9.53390259127663,NA,2.95237997488195,1.93765890973708,0.74254431569788,NA,NA,12.0138312467588,3.46609740872337
2,"inad_unconstrained","rolling_one_step",12,1,10,2,4.49,0.212486482041811,2.07019867459866,1.41869417251275,0.0666067867379128,1,1,6.2001,2.49
2,"inad_constrained_alpha","rolling_one_step",12,1,10,2,4.19,0.26579212656784,1.76549719214092,1.24791948434358,0.0953872372179837,1,1,4.7961,2.19
2,"nb_glm","rolling_one_step",12,1,10,2,4.4386018959129,NA,2.06073199916526,1.4133323271499,0.147476812404855,NA,NA,5.94677920674998,2.4386018959129
2,"poisson_glm","rolling_one_step",12,1,10,2,4.6373892743173,NA,2.32695044077202,1.70831153318702,0.160316847551575,NA,NA,6.95582218428395,2.6373892743173
2,"inad_unconstrained","rolling_one_step",12,1,11,7,6.77,0.330244782186814,2.30998948716826,0.826679635850578,0.512741033519412,1,1,0.0529000000000002,0.23
2,"inad_constrained_alpha","rolling_one_step",12,1,11,7,5.47,0.309921788765351,2.6740204525159,1.16620979618672,0.679230322158541,1,1,2.3409,1.53
2,"nb_glm","rolling_one_step",12,1,11,7,5.58148878902407,NA,2.5186083441273,1.17626797808707,0.619793288291123,NA,NA,2.01217405566441,1.41851121097593
2,"poisson_glm","rolling_one_step",12,1,11,7,5.87195954823798,NA,2.1236985392647,0.839588069920936,0.580587866268205,NA,NA,1.27247526081147,1.12804045176202
2,"inad_unconstrained","rolling_one_step",12,1,12,3,7.04,0.327191909213149,2.9874334707393,2.48349630555556,0.10040555777717,1,1,16.3216,4.04
2,"inad_constrained_alpha","rolling_one_step",12,1,12,3,5.46,0.257187586297346,2.10528999440993,1.49332669441142,0.14856092081893,1,1,6.0516,2.46
2,"nb_glm","rolling_one_step",12,1,12,3,6.22288091790353,NA,2.33059573799677,1.81024463825128,0.177294986455528,NA,NA,10.3869614109867,3.22288091790353
2,"poisson_glm","rolling_one_step",12,1,12,3,6.56827724030572,NA,2.74645675400235,2.32988827701695,0.115993282078311,NA,NA,12.7326024636838,3.56827724030572
2,"inad_unconstrained","recursive_multi_step",9,1,1,1,1.98,0.145629944750662,1.15532827475954,0.495114148640687,0.278908500299627,1,1,0.9604,0.98
2,"inad_constrained_alpha","recursive_multi_step",9,1,1,1,1.94,0.136936171815613,1.11711576023267,0.454064060356653,0.385595027074235,1,1,0.8836,0.94
2,"nb_glm","recursive_multi_step",9,1,1,1,2.18480161959066,NA,1.42120426260271,0.584782681332753,0.403580947531516,NA,NA,1.40375487778465,1.18480161959066
2,"poisson_glm","recursive_multi_step",9,1,1,1,2.19878848600593,NA,1.44549372530462,0.644602515321136,0.128640791897631,NA,NA,1.43709383418039,1.19878848600593
2,"inad_unconstrained","recursive_multi_step",9,1,2,8,4.07,0.258298629144991,4.06403921272677,2.57469386368617,0.893114867100739,0,1,15.4449,3.93
2,"inad_constrained_alpha","recursive_multi_step",9,1,2,8,4.76,0.24167763820445,2.63923433643048,2.02219904456105,0.886201878997777,1,1,10.4976,3.24
2,"nb_glm","recursive_multi_step",9,1,2,8,4.29440105740156,NA,3.02373519293035,2.31672693901983,0.836353351058741,NA,NA,13.7314635233866,3.70559894259844
2,"poisson_glm","recursive_multi_step",9,1,2,8,4.41102276278516,NA,3.08329746443203,2.25597790238103,0.887028979819427,NA,NA,12.8807576092463,3.58897723721484
2,"inad_unconstrained","recursive_multi_step",9,1,3,3,3.56,0.199656270281267,2.14436108777915,0.595672560586735,0.415061734679953,1,1,0.3136,0.56
2,"inad_constrained_alpha","recursive_multi_step",9,1,3,3,3.8,0.216024689946929,1.57348489502535,0.537449410076531,0.412338876938988,1,1,0.64,0.8
2,"nb_glm","recursive_multi_step",9,1,3,3,3.73248267377911,NA,1.82035793695895,0.599916113687812,0.445623089810123,NA,NA,0.536530867386588,0.732482673779105
2,"poisson_glm","recursive_multi_step",9,1,3,3,3.81763841469954,NA,1.64464328452516,0.566166010172798,0.435390451447237,NA,NA,0.668532577192381,0.817638414699542
2,"inad_unconstrained","recursive_multi_step",9,1,4,10,5.13,0.277672505304397,4.74493212836325,3.36386892249527,0.911926208661788,0,1,23.7169,4.87
2,"inad_constrained_alpha","recursive_multi_step",9,1,4,10,5.32,0.264720168624847,3.11879236631122,3.22213459526008,0.900949860474323,0,1,21.9024,4.68
2,"nb_glm","recursive_multi_step",9,1,4,10,4.54818682406359,NA,3.50684926948353,3.81648685183497,0.919259301991317,NA,NA,29.7222669053139,5.45181317593641
2,"poisson_glm","recursive_multi_step",9,1,4,10,4.67980985466536,NA,3.91107151630358,3.83313228704201,0.955419777378849,NA,NA,28.3044231825158,5.32019014533464
2,"inad_unconstrained","recursive_multi_step",9,1,5,2,2.79,0.172500914944141,1.43281437675478,0.495292272727273,0.458376827561487,1,1,0.6241,0.79
2,"inad_constrained_alpha","recursive_multi_step",9,1,5,2,2.62,0.167440627197713,1.79157599982106,0.498245635889235,0.355150677398757,1,1,0.3844,0.62
2,"nb_glm","recursive_multi_step",9,1,5,2,3.06307270324796,NA,1.6362824318378,0.574866699296508,0.320134151311223,NA,NA,1.13012357239093,1.06307270324796
2,"poisson_glm","recursive_multi_step",9,1,5,2,3.11430667441761,NA,1.57141563013873,0.620101500833703,0.366354967375036,NA,NA,1.24167936465164,1.11430667441761
2,"inad_unconstrained","recursive_multi_step",9,1,6,3,2.54,0.180582670846626,1.608987563406,0.494397532667803,0.641831686169471,1,1,0.2116,0.46
2,"inad_constrained_alpha","recursive_multi_step",9,1,6,3,2.56,0.178274558425531,1.51288883096398,0.497472314049587,0.517655815133952,1,1,0.1936,0.44
2,"nb_glm","recursive_multi_step",9,1,6,3,3.06307270324796,NA,1.77407966875536,0.519547288355657,0.488378102362377,NA,NA,0.0039781658950056,0.063072703247963
2,"poisson_glm","recursive_multi_step",9,1,6,3,3.11430667441761,NA,1.54780334235696,0.419078442256194,0.49468459441984,NA,NA,0.0130660158164137,0.114306674417611
2,"inad_unconstrained","recursive_multi_step",9,1,7,8,7.67,0.334559864643539,2.13919154608561,0.847322548611111,0.524079049982693,1,1,0.1089,0.33
2,"inad_constrained_alpha","recursive_multi_step",9,1,7,8,7.29,0.292428010652436,2.05334437645636,0.809956341568515,0.579221716062126,1,1,0.5041,0.71
2,"nb_glm","recursive_multi_step",9,1,7,8,7.02781614436942,NA,2.54333216162807,1.19098669105286,0.60666354455723,NA,NA,0.945141449148737,0.972183855630578
2,"poisson_glm","recursive_multi_step",9,1,7,8,7.18304303154286,NA,2.11452397168669,0.808282902301865,0.610680571817729,NA,NA,0.667418688310678,0.816956968457139
2,"inad_unconstrained","recursive_multi_step",9,1,8,6,3.87,0.211132109535162,2.91844059925234,1.3208674346301,0.813450337769339,1,1,4.5369,2.13
2,"inad_constrained_alpha","recursive_multi_step",9,1,8,6,4.29,0.203651018592438,2.0790876220159,1.04583482653301,0.750439806919199,1,1,2.9241,1.71
2,"nb_glm","recursive_multi_step",9,1,8,6,4.11371878623016,NA,2.426175372871,1.2953052912141,0.771713860726605,NA,NA,3.558056817421,1.88628121376984
2,"poisson_glm","recursive_multi_step",9,1,8,6,4.13711058947541,NA,2.22226835480113,1.13491192526749,0.768859876436434,NA,NA,3.47035695584467,1.86288941052459
2,"inad_unconstrained","recursive_multi_step",9,1,9,3,4.13,0.203829498960442,1.93657882162643,0.731318040497449,0.348186160287857,1,1,1.2769,1.13
2,"inad_constrained_alpha","recursive_multi_step",9,1,9,3,4.28,0.275270298749679,1.61715995852801,0.773979604061656,0.284215068559552,1,1,1.6384,1.28
2,"nb_glm","recursive_multi_step",9,1,9,3,4.11371878623016,NA,1.92461183336313,0.812771160785559,0.427972058473348,NA,NA,1.24036953480199,1.11371878623016
2,"poisson_glm","recursive_multi_step",9,1,9,3,4.13711058947541,NA,1.7647210861688,0.770402010305161,0.220660903572252,NA,NA,1.29302049269711,1.13711058947541
2,"inad_unconstrained","recursive_multi_step",9,1,10,11,5.27,0.258142158000923,3.10998173662906,4.19508709374266,0.984427388201476,0,1,32.8329,5.73
2,"inad_constrained_alpha","recursive_multi_step",9,1,10,11,5.61,0.260882341218404,3.10998173662906,3.86739433784948,0.961233463712465,0,1,29.0521,5.39
2,"nb_glm","recursive_multi_step",9,1,10,11,5.40393525456621,NA,3.38413232894318,4.41689133678434,0.987738808037078,NA,NA,31.315940635087,5.59606474543379
2,"poisson_glm","recursive_multi_step",9,1,10,11,5.47963170698294,NA,3.83756090478849,4.23890076618771,0.985593858176353,NA,NA,30.4744660905481,5.52036829301706
2,"inad_unconstrained","recursive_multi_step",9,1,11,7,3.95,0.214322988581121,2.51242467868189,1.89779396524235,0.868638980005968,1,1,9.3025,3.05
2,"inad_constrained_alpha","recursive_multi_step",9,1,11,7,3.74,0.199807988637172,2.90947192926958,2.202539761383,0.89097269889886,1,1,10.6276,3.26
2,"nb_glm","recursive_multi_step",9,1,11,7,3.57544250971619,NA,2.92717282184373,2.33067586314599,0.88023041242923,NA,NA,11.727594004259,3.42455749028381
2,"poisson_glm","recursive_multi_step",9,1,11,7,3.58057374935629,NA,3.06634733985806,2.31983922848535,0.916795357469327,NA,NA,11.6924758835913,3.41942625064371
2,"inad_unconstrained","recursive_multi_step",9,1,12,4,5.84,0.269575049050737,2.01885820038519,0.992856048014774,0.243318146836756,1,1,3.3856,1.84
2,"inad_constrained_alpha","recursive_multi_step",9,1,12,4,5.76,0.260969443623292,2.25955863354136,1.07419618014269,0.338576970527306,1,1,3.0976,1.76
2,"nb_glm","recursive_multi_step",9,1,12,4,5.76739764835069,NA,2.1329952604657,0.999137336349051,0.396526840548109,NA,NA,3.12369444739556,1.76739764835069
2,"poisson_glm","recursive_multi_step",9,1,12,4,5.8596955567159,NA,2.03457386303246,1.08162575188999,0.18315420639738,NA,NA,3.45846756366886,1.8596955567159
2,"inad_unconstrained","recursive_multi_step",10,2,1,0,1.8,0.19436506316151,1.20337238401369,0.907288239590942,0.230400527577998,1,1,3.24,1.8
2,"inad_constrained_alpha","recursive_multi_step",10,2,1,0,3.03,0.407122198913895,1.33680757553601,1.66794318857823,0.00123360786592679,1,1,9.1809,3.03
2,"nb_glm","recursive_multi_step",10,2,1,0,2.67703641599957,NA,2.24401982476438,1.97272798694975,0.091096500848211,NA,NA,7.16652397258781,2.67703641599957
2,"poisson_glm","recursive_multi_step",10,2,1,0,2.69653042349636,NA,2.75660676482845,2.13494435485574,0.0281920493478501,NA,NA,7.27127632484147,2.69653042349636
2,"inad_unconstrained","recursive_multi_step",10,2,2,4,3.69,0.361169536843065,2.31815279780742,0.953537715645449,0.588626370184385,1,1,0.0961,0.31
2,"inad_constrained_alpha","recursive_multi_step",10,2,2,4,3.34,0.286116455770419,2.09663193166681,0.833938570888469,0.637859915612772,1,1,0.4356,0.66
2,"nb_glm","recursive_multi_step",10,2,2,4,3.42970935465718,NA,2.09836361169721,0.786931242339566,0.55755110193308,NA,NA,0.325231420165533,0.570290645342823
2,"poisson_glm","recursive_multi_step",10,2,2,4,3.51119531903662,NA,1.81145585751471,0.622503052309409,0.567820051711069,NA,NA,0.238930016131709,0.488804680963378
2,"inad_unconstrained","recursive_multi_step",10,2,3,3,3.3,0.319564097046605,2.03624994309706,0.808251560642093,0.538412887485064,1,1,0.0899999999999999,0.3
2,"inad_constrained_alpha","recursive_multi_step",10,2,3,3,2.71,0.317278515764394,2.20498570959559,0.816312075418403,0.621735088433288,1,1,0.0841,0.29
2,"nb_glm","recursive_multi_step",10,2,3,3,3.24715947773646,NA,1.85996201477337,0.649962789301792,0.396259537216046,NA,NA,0.0610878074349612,0.247159477736463
2,"poisson_glm","recursive_multi_step",10,2,3,3,3.31223635195107,NA,1.63123593275016,0.547085992933404,0.466007497320477,NA,NA,0.0974915394797144,0.312236351951073
2,"inad_unconstrained","recursive_multi_step",10,2,4,5,4.89,0.32841677143163,2.26814237723276,0.898323288772007,0.522107649613828,1,1,0.0121000000000001,0.11
2,"inad_constrained_alpha","recursive_multi_step",10,2,4,5,3.59,0.31369257291659,2.28509193554653,1.05190275404279,0.654363454772911,1,1,1.9881,1.41
2,"nb_glm","recursive_multi_step",10,2,4,5,3.50889036469173,NA,2.33279330224824,1.00966207296618,0.7011603878738,NA,NA,2.22340794450915,1.49110963530827
2,"poisson_glm","recursive_multi_step",10,2,4,5,3.59773004209507,NA,2.07820497012828,0.8429216907584,0.760445509101132,NA,NA,1.9663610348427,1.40226995790493
2,"inad_unconstrained","recursive_multi_step",10,2,5,0,2.45,0.250403714433353,1.55734059353482,1.36500229111531,0.0355693500319739,1,1,6.0025,2.45
2,"inad_constrained_alpha","recursive_multi_step",10,2,5,0,2.45,0.295547770839986,1.07167405515227,1.17790675992439,0.140766889548739,1,1,6.0025,2.45
2,"nb_glm","recursive_multi_step",10,2,5,0,3.01450377233304,NA,2.36999531674498,1.97425115071552,0.0688172635432445,NA,NA,9.08723299341013,3.01450377233304
2,"poisson_glm","recursive_multi_step",10,2,5,0,3.05986042225167,NA,2.99811081388833,2.21303446437904,0.0145289628413504,NA,NA,9.36274580366216,3.05986042225167
2,"inad_unconstrained","recursive_multi_step",10,2,6,8,2.29,0.27899350124577,3.63967529697647,4.03942765217391,0.90320806832563,0,1,32.6041,5.71
2,"inad_constrained_alpha","recursive_multi_step",10,2,6,8,2.82,0.368282939100257,4.11404963330143,3.31914020754842,0.820490327790925,0,1,26.8324,5.18
2,"nb_glm","recursive_multi_step",10,2,6,8,3.01450377233304,NA,3.73966623739838,3.06012210073575,0.860917743699422,NA,NA,24.8551726360815,4.98549622766696
2,"poisson_glm","recursive_multi_step",10,2,6,8,3.05986042225167,NA,4.16892152276531,3.1344481179465,0.889018042370713,NA,NA,24.4049790476355,4.94013957774833
2,"inad_unconstrained","recursive_multi_step",10,2,7,7,7.89,0.546780291221883,2.4372419781403,1.38796021452043,0.47453123294664,1,1,0.792099999999999,0.89
2,"inad_constrained_alpha","recursive_multi_step",10,2,7,7,6.01,0.585083090015617,3.15576878555851,1.97201620214243,0.542976594696126,1,1,0.9801,0.99
2,"nb_glm","recursive_multi_step",10,2,7,7,5.64236330419684,NA,2.66525004444717,1.61503595311655,0.530583386104753,NA,NA,1.84317739779131,1.35763669580316
2,"poisson_glm","recursive_multi_step",10,2,7,7,5.74121843414774,NA,2.30051745611116,1.32029146584141,0.529435951723075,NA,NA,1.58453103052946,1.25878156585226
2,"inad_unconstrained","recursive_multi_step",10,2,8,3,4.54,0.359691225605766,2.47594690841653,1.17024380555556,0.411532484618074,1,1,2.3716,1.54
2,"inad_constrained_alpha","recursive_multi_step",10,2,8,3,5.3,0.613237805472401,2.46825221488286,1.72198057222773,0.346918247191641,1,1,5.29,2.3
2,"nb_glm","recursive_multi_step",10,2,8,3,4.52880329005436,NA,2.10169648047151,1.41562279107211,0.241838806267562,NA,NA,2.33723949968102,1.52880329005436
2,"poisson_glm","recursive_multi_step",10,2,8,3,4.54423557540301,NA,1.99663578565639,1.38347032249092,0.241471262067815,NA,NA,2.38466351234027,1.54423557540301
2,"inad_unconstrained","recursive_multi_step",10,2,9,9,5.46,0.544099664073085,3.28786869635515,2.33526981618656,0.658776470499044,1,1,12.5316,3.54
2,"inad_constrained_alpha","recursive_multi_step",10,2,9,9,4.12,0.559451390726539,3.30984760307393,2.95460132325142,0.752729882804434,0,1,23.8144,4.88
2,"nb_glm","recursive_multi_step",10,2,9,9,4.52880329005436,NA,3.40835196360866,2.45468158808165,0.725775054743672,NA,NA,19.9916000190288,4.47119670994564
2,"poisson_glm","recursive_multi_step",10,2,9,9,4.54423557540301,NA,3.69050859079831,2.49270367064651,0.7804056683387,NA,NA,19.8538366075041,4.45576442459699
2,"inad_unconstrained","recursive_multi_step",10,2,10,6,5.71,0.47211002826447,2.31815279780742,1.21656711613458,0.524619988123792,1,1,0.0841,0.29
2,"inad_constrained_alpha","recursive_multi_step",10,2,10,6,4.29,0.481641763013537,3.45826388796103,1.75485238647461,0.660006976947097,1,1,2.9241,1.71
2,"nb_glm","recursive_multi_step",10,2,10,6,5.05376345678231,NA,2.42790484137041,1.09139882677817,0.588441728171113,NA,NA,0.895363595720559,0.946236543217688
2,"poisson_glm","recursive_multi_step",10,2,10,6,5.10620904294251,NA,2.07535947531606,0.832990317339669,0.539349084643047,NA,NA,0.798862274917736,0.893790957057486
2,"inad_unconstrained","recursive_multi_step",10,2,11,7,5.6,0.72738635475991,3.64318622645504,2.99521437847866,0.539763939866113,1,1,1.96,1.4
2,"inad_constrained_alpha","recursive_multi_step",10,2,11,7,4.26,0.48526156645544,3.03622363490873,2.10287398589065,0.72810346502905,1,1,7.5076,2.74
2,"nb_glm","recursive_multi_step",10,2,11,7,4.28979442199795,NA,2.99534292789164,2.39074172298498,0.580162447634665,NA,NA,7.34521427503344,2.71020557800205
2,"poisson_glm","recursive_multi_step",10,2,11,7,4.28994429473171,NA,2.91536812718091,2.28309638696975,0.649240997169517,NA,NA,7.3444019256572,2.71005570526829
2,"inad_unconstrained","recursive_multi_step",10,2,12,13,5.81,0.456976227748526,4.83628190695148,4.48079993071303,0.868180180205372,0,1,51.6961,7.19
2,"inad_constrained_alpha","recursive_multi_step",10,2,12,13,5.36,0.575689310147567,4.87519732320115,4.70661996387157,0.805740873221564,0,1,58.3696,7.64
2,"nb_glm","recursive_multi_step",10,2,12,13,5.19161004834153,NA,4.13796345394621,4.60966949960088,0.847340518974466,NA,NA,60.970953637161,7.80838995165847
2,"poisson_glm","recursive_multi_step",10,2,12,13,5.25448751316601,NA,4.69519894910606,4.82898058767404,0.871667802800896,NA,NA,59.9929636837013,7.74551248683399
2,"inad_unconstrained","recursive_multi_step",11,3,1,0,3.01,0.234626287848346,2.07019867459866,1.83365871332908,0.0411631194677986,1,1,9.0601,3.01
2,"inad_constrained_alpha","recursive_multi_step",11,3,1,0,3.79,0.342390585634759,2.13919154608561,2.37097561805556,0.0491407841225155,1,1,14.3641,3.79
2,"nb_glm","recursive_multi_step",11,3,1,0,3.70740175405485,NA,2.77479008475408,2.6042830693225,0.0536228608429141,NA,NA,13.7448277659689,3.70740175405485
2,"poisson_glm","recursive_multi_step",11,3,1,0,3.74046170116391,NA,3.56428793698747,2.8828389863577,0.00221294099168847,NA,NA,13.991053737874,3.74046170116391
2,"inad_unconstrained","recursive_multi_step",11,3,2,1,3.88,0.29173116170041,2.01387049592808,1.85277011133119,0.102499708872893,1,1,8.2944,2.88
2,"inad_constrained_alpha","recursive_multi_step",11,3,2,1,3.61,0.31427164470672,1.91959284073794,1.43765967565198,0.256549625759228,1,1,6.8121,2.61
2,"nb_glm","recursive_multi_step",11,3,2,1,4.05971457737814,NA,2.25191436438821,1.98945585624768,0.124038480127146,NA,NA,9.3618532950203,3.05971457737814
2,"poisson_glm","recursive_multi_step",11,3,2,1,4.133941901437,NA,2.75604708800271,2.27118894644326,0.0431099511049155,NA,NA,9.82159184158256,3.133941901437
2,"inad_unconstrained","recursive_multi_step",11,3,3,4,3.95,0.335560739808772,1.79060311327199,0.811581374223072,0.585422978381615,1,1,0.00249999999999998,0.0499999999999998
2,"inad_constrained_alpha","recursive_multi_step",11,3,3,4,3.69,0.353537676760043,2.22988326121731,0.97915720908358,0.59207107418629,1,1,0.0961,0.31
2,"nb_glm","recursive_multi_step",11,3,3,4,3.97727886402747,NA,2.06621937992265,0.778846247252342,0.565881654261608,NA,NA,0.000516250019882414,0.0227211359725348
2,"poisson_glm","recursive_multi_step",11,3,3,4,4.04135212721639,NA,1.77254236028841,0.612178607182277,0.48692844270964,NA,NA,0.00170999842532022,0.0413521272163866
2,"inad_unconstrained","recursive_multi_step",11,3,4,2,4.35,0.339748867443724,2.1474903489003,1.41120801174783,0.271255724774135,1,1,5.5225,2.35
2,"inad_constrained_alpha","recursive_multi_step",11,3,4,2,3.9,0.323022343412084,1.93654239905171,1.15539216157051,0.338098550907673,1,1,3.61,1.9
2,"nb_glm","recursive_multi_step",11,3,4,2,4.09492892151092,NA,1.99681366319814,1.32314341061279,0.199807286666128,NA,NA,4.38872718618292,2.09492892151092
2,"poisson_glm","recursive_multi_step",11,3,4,2,4.17357727792646,NA,2.11861248437532,1.46804014226867,0.163987269744172,NA,NA,4.72443818311821,2.17357727792646
2,"inad_unconstrained","recursive_multi_step",11,3,5,2,3.46,0.263012846788437,2.11387373810132,0.975282796405874,0.271382547918206,1,1,2.1316,1.46
2,"inad_constrained_alpha","recursive_multi_step",11,3,5,2,3.31,0.280221773644095,1.79106405890796,0.803551463137997,0.42419215483676,1,1,1.7161,1.31
2,"nb_glm","recursive_multi_step",11,3,5,2,3.86953769511287,NA,1.90472331480909,1.09234976852304,0.292727227780832,NA,NA,3.49517119344793,1.86953769511287
2,"poisson_glm","recursive_multi_step",11,3,5,2,3.920787341509,NA,1.96544945743268,1.20182362722654,0.1500418724153,NA,NA,3.68942401130119,1.920787341509
2,"inad_unconstrained","recursive_multi_step",11,3,6,5,2.95,0.239686242720551,2.52131362609914,1.29529667945806,0.790092489559912,1,1,4.2025,2.05
2,"inad_constrained_alpha","recursive_multi_step",11,3,6,5,3.41,0.252700565408105,2.16206066487855,1.09712138350262,0.750843444717558,1,1,2.5281,1.59
2,"nb_glm","recursive_multi_step",11,3,6,5,3.86953769511287,NA,2.21739020426284,0.911503103059073,0.699601658824699,NA,NA,1.27794502277073,1.13046230488713
2,"poisson_glm","recursive_multi_step",11,3,6,5,3.920787341509,NA,1.93501941921094,0.728386985480173,0.64926795459358,NA,NA,1.16469996224722,1.079212658491
2,"inad_unconstrained","recursive_multi_step",11,3,7,6,7.9,0.471082998970661,2.42136862898401,1.561523072,0.350926672693491,1,1,3.61,1.9
2,"inad_constrained_alpha","recursive_multi_step",11,3,7,6,6.53,0.424610338303178,3.38535711715294,1.27483518819292,0.506620864756718,1,1,0.2809,0.53
2,"nb_glm","recursive_multi_step",11,3,7,6,6.64267738060654,NA,2.37962340398812,1.11118195872894,0.429949215385079,NA,NA,0.413034215543285,0.642677380606541
2,"poisson_glm","recursive_multi_step",11,3,7,6,6.71904688179504,NA,2.01963507141588,0.863317989437301,0.357432722101241,NA,NA,0.517028418219167,0.719046881795038
2,"inad_unconstrained","recursive_multi_step",11,3,8,3,5.55,0.360520106893842,1.81681655501037,1.31252579000287,0.234991190645891,1,1,6.5025,2.55
2,"inad_constrained_alpha","recursive_multi_step",11,3,8,3,6.3,0.447326513970511,3.2188758248682,2.16948580246914,0.242526872231817,1,1,10.89,3.3
2,"nb_glm","recursive_multi_step",11,3,8,3,6.0742878357753,NA,2.35420297884058,1.97467417152231,0.164153190806782,NA,NA,9.451245697196,3.0742878357753
2,"poisson_glm","recursive_multi_step",11,3,8,3,6.09077211266161,NA,2.57348736401755,2.17843798340238,0.108127365628393,NA,NA,9.55287225240671,3.09077211266161
2,"inad_unconstrained","recursive_multi_step",11,3,9,20,6.33,0.409003469892174,4.10588632266227,10.4878222319269,0.984685381601725,0,0,186.8689,13.67
2,"inad_constrained_alpha","recursive_multi_step",11,3,9,20,5.66,0.54739419437952,4.9416424226093,8.49959434693877,0.848105227558275,0,1,205.6356,14.34
2,"nb_glm","recursive_multi_step",11,3,9,20,6.0742878357753,NA,4.81765799298323,8.32722658224687,0.866314011058034,NA,NA,193.925459280836,13.9257121642247
2,"poisson_glm","recursive_multi_step",11,3,9,20,6.09077211266161,NA,4.94117859742313,8.68644185826176,0.865773896566243,NA,NA,193.466620421912,13.9092278873384
2,"inad_unconstrained","recursive_multi_step",11,3,10,4,6.06,0.477116761433094,2.41333645728675,1.47671391779396,0.311023312292715,1,1,4.2436,2.06
2,"inad_constrained_alpha","recursive_multi_step",11,3,10,4,5.67,0.362386868448958,2.11387373810132,1.17377679158448,0.320866719216256,1,1,2.7889,1.67
2,"nb_glm","recursive_multi_step",11,3,10,4,6.34891042495169,NA,2.29821435445833,1.50803670293332,0.31751639535582,NA,NA,5.51738018444674,2.34891042495169
2,"poisson_glm","recursive_multi_step",11,3,10,4,6.39336773123928,NA,2.27392949535902,1.5851969752597,0.131738685361488,NA,NA,5.72820909693746,2.39336773123928
2,"inad_unconstrained","recursive_multi_step",11,3,11,7,6.59,0.586049089542451,3.16278635821716,2.07184338109443,0.484806912331158,1,1,0.1681,0.41
2,"inad_constrained_alpha","recursive_multi_step",11,3,11,7,5.23,0.360654567656805,2.40523924705413,1.26129461960473,0.640859637498114,1,1,3.1329,1.77
2,"nb_glm","recursive_multi_step",11,3,11,7,5.94483130180384,NA,2.64655207940951,1.65367447583871,0.492555915233019,NA,NA,1.11338098165297,1.05516869819616
2,"poisson_glm","recursive_multi_step",11,3,11,7,5.94883822185558,NA,2.2693139955043,1.34143841473815,0.542182382171729,NA,NA,1.10494108383173,1.05116177814442
2,"inad_unconstrained","recursive_multi_step",11,3,12,9,6,0.403018910752638,2.85773930386727,1.85989824839712,0.783980835063754,1,1,9,3
2,"inad_constrained_alpha","recursive_multi_step",11,3,12,9,5.9,0.370230613362411,3.17008566069877,1.88524330555556,0.767564284595971,1,1,9.61,3.1
2,"nb_glm","recursive_multi_step",11,3,12,9,6.41897708982908,NA,2.80174942699331,1.67800956660873,0.68882423582211,NA,NA,6.66167926282719,2.58102291017092
2,"poisson_glm","recursive_multi_step",11,3,12,9,6.47086981549095,NA,2.55359454612899,1.44651100083682,0.803256118230934,NA,NA,6.39649949019476,2.52913018450905
2,"inad_unconstrained","recursive_multi_step",12,4,1,4,2.74,0.302387803719634,2.30175898803174,1.04972159005532,0.674968583806349,1,1,1.5876,1.26
2,"inad_constrained_alpha","recursive_multi_step",12,4,1,4,2.54,0.257971887905436,2.53012425578129,1.15154479839951,0.690798407246179,1,1,2.1316,1.46
2,"nb_glm","recursive_multi_step",12,4,1,4,3.20924211483174,NA,2.10694918750519,0.777505434485148,0.561670631044251,NA,NA,0.625298032955774,0.790757885168257
2,"poisson_glm","recursive_multi_step",12,4,1,4,3.39869458216534,NA,1.81193071333914,0.603677291912071,0.591826928748543,NA,NA,0.361568205517315,0.60130541783466
2,"inad_unconstrained","recursive_multi_step",12,4,2,4,2.86,0.290600214811491,2.55609974218455,1.06205702388779,0.710373399378732,1,1,1.2996,1.14
2,"inad_constrained_alpha","recursive_multi_step",12,4,2,4,2.46,0.231123737028852,2.11387373810132,0.996892877492877,0.752473195770608,1,1,2.3716,1.54
2,"nb_glm","recursive_multi_step",12,4,2,4,3.32416321594763,NA,2.05872525905446,0.724890012762647,0.617766041889314,NA,NA,0.456755358678244,0.675836784052366
2,"poisson_glm","recursive_multi_step",12,4,2,4,3.53755788848549,NA,1.75806340110269,0.54465135235931,0.513739717722965,NA,NA,0.213852706501995,0.462442111514506
2,"inad_unconstrained","recursive_multi_step",12,4,3,2,3.42,0.320410090762801,2.10528999440993,0.923613689060642,0.36334519222722,1,1,2.0164,1.42
2,"inad_constrained_alpha","recursive_multi_step",12,4,3,2,2.36,0.255651277637284,1.91100909704655,0.603063287752675,0.484846272251071,1,1,0.1296,0.36
2,"nb_glm","recursive_multi_step",12,4,3,2,3.29765072123894,NA,1.76020159786234,0.80940559422562,0.328160962109754,NA,NA,1.68389739433193,1.29765072123894
2,"poisson_glm","recursive_multi_step",12,4,3,2,3.50537262822151,NA,1.77612767433239,0.930912014232689,0.24430711898459,NA,NA,2.26614674979855,1.50537262822151
2,"inad_unconstrained","recursive_multi_step",12,4,4,2,3.21,0.275715781048514,1.90235103430343,0.836398419659735,0.314021810410301,1,1,1.4641,1.21
2,"inad_constrained_alpha","recursive_multi_step",12,4,4,2,2.42,0.262536192791113,1.80830586534246,0.609141748849441,0.520758933466023,1,1,0.1764,0.42
2,"nb_glm","recursive_multi_step",12,4,4,2,3.33542112640194,NA,1.77746221695089,0.848387611960266,0.325358418917302,NA,NA,1.78334958484063,1.33542112640194
2,"poisson_glm","recursive_multi_step",12,4,4,2,3.55124721472167,NA,1.80356330224709,0.978262094670772,0.131061179631979,NA,NA,2.40636792118175,1.55124721472167
2,"inad_unconstrained","recursive_multi_step",12,4,5,3,2.57,0.227082951070015,1.79106405890796,0.643067153119093,0.547303287817651,1,1,0.1849,0.43
2,"inad_constrained_alpha","recursive_multi_step",12,4,5,3,2.41,0.221607989499704,1.86694910725252,0.683057925493061,0.665936501174913,1,1,0.3481,0.59
2,"nb_glm","recursive_multi_step",12,4,5,3,3.26265799794117,NA,1.82544705189167,0.586819169027565,0.440397157964888,NA,NA,0.0689892238824632,0.262657997941169
2,"poisson_glm","recursive_multi_step",12,4,5,3,3.46301858822229,NA,1.61351505566107,0.515053394720433,0.410481143278396,NA,NA,0.214386213039366,0.463018588222293
2,"inad_unconstrained","recursive_multi_step",12,4,6,1,2.76,0.270846036998099,1.64438949045691,0.942352105860114,0.296418476492045,1,1,3.0976,1.76
2,"inad_constrained_alpha","recursive_multi_step",12,4,6,1,2.42,0.240025251196871,1.45972182967471,0.713707353747357,0.269940990944232,1,1,2.0164,1.42
2,"nb_glm","recursive_multi_step",12,4,6,1,3.26265799794117,NA,1.89437318912116,1.30844981950729,0.115372992053678,NA,NA,5.11962121564714,2.26265799794117
2,"poisson_glm","recursive_multi_step",12,4,6,1,3.46301858822229,NA,2.26335872063224,1.6067511080952,0.108107155547243,NA,NA,6.06646056592854,2.46301858822229
2,"inad_unconstrained","recursive_multi_step",12,4,7,4,6.98,0.422828379350107,1.99720344344286,1.59158298142787,0.281361858399816,1,1,8.8804,2.98
2,"inad_constrained_alpha","recursive_multi_step",12,4,7,4,4.57,0.311806401992057,1.94491064872223,0.761536034722222,0.392484558532868,1,1,0.3249,0.57
2,"nb_glm","recursive_multi_step",12,4,7,4,5.45853793211701,NA,2.14608738375354,1.04446789927237,0.360452366257563,NA,NA,2.12733289942416,1.45853793211701
2,"poisson_glm","recursive_multi_step",12,4,7,4,5.76747484554276,NA,2.04254448716148,1.12814235146956,0.252289648785256,NA,NA,3.12396732962641,1.76747484554276
2,"inad_unconstrained","recursive_multi_step",12,4,8,0,5.05,0.372101593599915,3.68223491139527,3.38037522916667,0.0228066947873061,0,0,25.5025,5.05
2,"inad_constrained_alpha","recursive_multi_step",12,4,8,0,4.82,0.316987078728468,3.68223491139527,3.36106809722222,0.0110177113933411,0,0,23.2324,4.82
2,"nb_glm","recursive_multi_step",12,4,8,0,5.25672464136695,NA,3.42320663559949,3.67122877202213,0.0186298477583787,NA,NA,27.6331539551545,5.25672464136695
2,"poisson_glm","recursive_multi_step",12,4,8,0,5.52674514916776,NA,4.44967927658227,4.3140910506445,0.00745580627855645,NA,NA,30.5449119438493,5.52674514916776
2,"inad_unconstrained","recursive_multi_step",12,4,9,13,5.87,0.355236441392109,3.69053371420996,4.80016349293081,0.89227044027899,0,1,50.8369,7.13
2,"inad_constrained_alpha","recursive_multi_step",12,4,9,13,4.78,0.366413135488598,4.81218435537242,5.58319183025977,0.900212425805129,0,1,67.5684,8.22
2,"nb_glm","recursive_multi_step",12,4,9,13,5.25672464136695,NA,4.05010700600476,5.08605400062432,0.915282306457509,NA,NA,59.9583132796138,7.74327535863305
2,"poisson_glm","recursive_multi_step",12,4,9,13,5.52674514916776,NA,4.55779514975611,5.16430817375088,0.931201125336003,NA,NA,55.8495380654876,7.47325485083224
2,"inad_unconstrained","recursive_multi_step",12,4,10,2,5.55,0.368829708043365,2.36373951614738,2.00091205831658,0.182527328883732,1,1,12.6025,3.55
2,"inad_constrained_alpha","recursive_multi_step",12,4,10,2,4.77,0.311352539800792,2.19654684094972,1.60014574116633,0.196425457738845,1,1,7.6729,2.77
2,"nb_glm","recursive_multi_step",12,4,10,2,5.35523106344251,NA,2.30428119081854,1.91879761638948,0.111100065628144,NA,NA,11.2575754890895,3.35523106344251
2,"poisson_glm","recursive_multi_step",12,4,10,2,5.64395829030833,NA,2.86959231747402,2.44734050630309,0.0504811885833556,NA,NA,13.2784320215068,3.64395829030833
2,"inad_unconstrained","recursive_multi_step",12,4,11,7,6.12,0.443648782737249,3.2188758248682,1.35847802973041,0.61062619321477,1,1,0.7744,0.88
2,"inad_constrained_alpha","recursive_multi_step",12,4,11,7,4.43,0.332804125362932,2.82467844160638,1.67725702280912,0.739916699132452,1,1,6.6049,2.57
2,"nb_glm","recursive_multi_step",12,4,11,7,5.20960937328401,NA,2.59857804247556,1.28035080445071,0.688275362782613,NA,NA,3.20549859623248,1.79039062671599
2,"poisson_glm","recursive_multi_step",12,4,11,7,5.47090831976274,NA,2.24337097954172,0.977765919441543,0.684012529202884,NA,NA,2.33812136657081,1.52909168023726
2,"inad_unconstrained","recursive_multi_step",12,4,12,3,5.77,0.345491890591728,2.16388415867598,1.72895591909578,0.249587601971835,1,1,7.6729,2.77
2,"inad_constrained_alpha","recursive_multi_step",12,4,12,3,5.22,0.326159160502657,2.13919154608561,1.29872702777778,0.229602368305651,1,1,4.9284,2.22
2,"nb_glm","recursive_multi_step",12,4,12,3,5.38006032524817,NA,2.19136881768339,1.50475705024979,0.279915696619353,NA,NA,5.66468715182044,2.38006032524817
2,"poisson_glm","recursive_multi_step",12,4,12,3,5.67359327930259,NA,2.36448496898498,1.79363930777743,0.126476579356514,NA,NA,7.14810102313195,2.67359327930259
3,"inad_unconstrained","rolling_one_step",2,1,1,2,6.94,0.423744729713062,2.75603360417673,3.28826910533821,0.127474589275955,1,1,24.4036,4.94
3,"inad_constrained_alpha","rolling_one_step",2,1,1,2,5.17,0.442229201508298,2.34225034938648,1.93756159611993,0.203499818363852,1,1,10.0489,3.17
3,"nb_glm","rolling_one_step",2,1,1,2,5.5371663144099,NA,2.39150532230846,2.33913263861569,0.134296499857782,NA,NA,12.5115455357961,3.5371663144099
3,"poisson_glm","rolling_one_step",2,1,1,2,5.58275011834398,NA,2.90955762425132,2.6853447123193,0.0775587523596921,NA,NA,12.8360984104938,3.58275011834398
3,"inad_unconstrained","rolling_one_step",2,1,2,3,5.37,0.388640468995979,2.3342821797373,1.5328804288,0.303128433596659,1,1,5.6169,2.37
3,"inad_constrained_alpha","rolling_one_step",2,1,2,3,4.95,0.416181535759422,1.99720344344286,1.19677988136431,0.348292982561529,1,1,3.8025,1.95
3,"nb_glm","rolling_one_step",2,1,2,3,4.8236467140734,NA,2.12934914504464,1.31908617552578,0.321506710682057,NA,NA,3.32568733775072,1.8236467140734
3,"poisson_glm","rolling_one_step",2,1,2,3,4.85762513968594,NA,2.05634872129968,1.34256017403254,0.136855249639199,NA,NA,3.45077115959322,1.85762513968594
3,"inad_unconstrained","rolling_one_step",2,1,3,8,11.2,0.498887651569859,2.38877036502137,1.9416952020202,0.267367690673299,1,1,10.24,3.2
3,"inad_constrained_alpha","rolling_one_step",2,1,3,8,7.19,0.39688051276693,2.72403087309056,1.09880050895631,0.646960057825308,1,1,0.656099999999999,0.81
3,"nb_glm","rolling_one_step",2,1,3,8,7.13696185628981,NA,2.71033716413927,1.42465139228509,0.521296494151605,NA,NA,0.744834837498726,0.863038143710187
3,"poisson_glm","rolling_one_step",2,1,3,8,7.21134352674085,NA,2.20704564361278,0.961247822357429,0.496395485035748,NA,NA,0.621979032813564,0.788656473259152
3,"inad_unconstrained","rolling_one_step",2,1,4,0,2.09,0.326008923469616,1.03889305396649,0.931582621082621,0.279508924770814,1,1,4.3681,2.09
3,"inad_constrained_alpha","rolling_one_step",2,1,4,0,2.7,0.359432774231732,1.28426195813544,1.58029304110302,0.117423658962418,1,1,7.29,2.7
3,"nb_glm","rolling_one_step",2,1,4,0,2.49344500528646,NA,2.0610340921094,1.84881375017976,0.00351712896564253,NA,NA,6.21726799438801,2.49344500528646
3,"poisson_glm","rolling_one_step",2,1,4,0,2.49688596812325,NA,2.58850074304662,2.00803828283821,0.0338603153174441,NA,NA,6.23443953781079,2.49688596812325
3,"inad_unconstrained","rolling_one_step",2,1,5,2,4.3,0.379393455319664,2.22988326121731,1.34821084385918,0.288474425691806,1,1,5.29,2.3
3,"inad_constrained_alpha","rolling_one_step",2,1,5,2,3.81,0.383944177339794,2.03026430570375,1.17861138872364,0.321288998530292,1,1,3.2761,1.81
3,"nb_glm","rolling_one_step",2,1,5,2,4.40192526396779,NA,2.0870645328345,1.53713897110515,0.22177599856934,NA,NA,5.76924497368673,2.40192526396779
3,"poisson_glm","rolling_one_step",2,1,5,2,4.42946772778817,NA,2.26184960686443,1.70206398227354,0.103134135122226,NA,NA,5.9023134403642,2.42946772778817
3,"inad_unconstrained","rolling_one_step",2,1,6,0,2.32,0.287405671833421,1.22615432732816,1.19498167872014,0.0783885273785911,1,1,5.3824,2.32
3,"inad_constrained_alpha","rolling_one_step",2,1,6,0,2.82,0.388568988193678,1.23466501699606,1.33447143062338,0.0493703574623115,1,1,7.9524,2.82
3,"nb_glm","rolling_one_step",2,1,6,0,2.49344500528646,NA,2.0114115552221,1.65937650972991,0.0535780070810627,NA,NA,6.21726799438801,2.49344500528646
3,"poisson_glm","rolling_one_step",2,1,6,0,2.49688596812325,NA,2.53890380059793,1.83498784764215,0.0518653311668339,NA,NA,6.23443953781079,2.49688596812325
3,"inad_unconstrained","rolling_one_step",2,1,7,2,3.37,0.465074122472901,2.79464844030451,1.52018356864096,0.393832652579083,1,1,1.8769,1.37
3,"inad_constrained_alpha","rolling_one_step",2,1,7,2,4.25,0.673656538091282,2.69240147157994,2.89492626908698,0.380277764601852,1,1,5.0625,2.25
3,"nb_glm","rolling_one_step",2,1,7,2,3.26464983125531,NA,2.02527808252203,2.35563692989277,0.288666471457715,NA,NA,1.59933919569408,1.26464983125531
3,"poisson_glm","rolling_one_step",2,1,7,2,3.298791006207,NA,1.94555038008948,2.32976837877799,0.20902688513329,NA,NA,1.68685807780418,1.298791006207
3,"inad_unconstrained","rolling_one_step",2,1,8,4,9.61,0.542328500099526,3.090290856179,3.59017567414778,0.120173241358541,1,1,31.4721,5.61
3,"inad_constrained_alpha","rolling_one_step",2,1,8,4,8.03,0.521353134553817,2.53264225209307,2.37308049476099,0.243586251055052,1,1,16.2409,4.03
3,"nb_glm","rolling_one_step",2,1,8,4,8.03661750874332,NA,2.63045230931577,2.6992369571209,0.222209963337684,NA,NA,16.2942809118931,4.03661750874332
3,"poisson_glm","rolling_one_step",2,1,8,4,8.18343631067912,NA,3.05453191570467,3.12878812099235,0.0832677401006952,NA,NA,17.5011393655085,4.18343631067912
3,"inad_unconstrained","rolling_one_step",2,1,9,9,10.78,0.660208109216138,2.721179492544,1.87280773997059,0.386901717593934,1,1,3.1684,1.78
3,"inad_constrained_alpha","rolling_one_step",2,1,9,9,6.16,0.383160698939911,2.48424571123122,1.81136138241923,0.711712385887638,1,1,8.0656,2.84
3,"nb_glm","rolling_one_step",2,1,9,9,8.03661750874332,NA,2.84236673321261,1.6846470959114,0.556169082997284,NA,NA,0.928105824459936,0.963382491256684
3,"poisson_glm","rolling_one_step",2,1,9,9,8.18343631067912,NA,2.30312221915801,1.14476021689171,0.502806986378664,NA,NA,0.666776258717323,0.816563689320878
3,"inad_unconstrained","rolling_one_step",2,1,10,1,4.46,0.604431446681403,1.883063983802,3.16077625258022,0.264388094424678,1,1,11.9716,3.46
3,"inad_constrained_alpha","rolling_one_step",2,1,10,1,3.29,0.506781286875584,1.8903190170033,1.42447291834584,0.380928674140564,1,1,5.2441,2.29
3,"nb_glm","rolling_one_step",2,1,10,1,3.26464983125531,NA,2.10535781118062,2.74722637129281,0.188508600743227,NA,NA,5.1286388582047,2.26464983125531
3,"poisson_glm","rolling_one_step",2,1,10,1,3.298791006207,NA,2.39557782118725,2.86441359447782,0.0390261098251365,NA,NA,5.28444009021818,2.298791006207
3,"inad_unconstrained","rolling_one_step",2,1,11,1,4.44,0.470829914173694,1.9696032613126,1.92233490647102,0.251795713448579,1,1,11.8336,3.44
3,"inad_constrained_alpha","rolling_one_step",2,1,11,1,5.35,0.553660910702936,1.96004052195359,2.60569585361457,0.23586501245432,1,1,18.9225,4.35
3,"nb_glm","rolling_one_step",2,1,11,1,4.33768530114663,NA,2.35110384890798,2.44498805817303,0.0609387495022828,NA,NA,11.1401431694903,3.33768530114663
3,"poisson_glm","rolling_one_step",2,1,11,1,4.39370827807276,NA,2.99068534529241,2.75310745553935,0.0293356319196561,NA,NA,11.5172558766595,3.39370827807276
3,"inad_unconstrained","rolling_one_step",2,1,12,5,13.72,0.784197460188221,3.68140743927524,7.1394713828125,0.0670932090775022,0,1,76.0384,8.72
3,"inad_constrained_alpha","rolling_one_step",2,1,12,5,8.47,0.745417651218077,2.96170252496768,3.63864195019724,0.296987990356492,1,1,12.0409,3.47
3,"nb_glm","rolling_one_step",2,1,12,5,9.34437345536534,NA,2.91416480522251,4.68968103071361,0.180178641825811,NA,NA,18.873580719683,4.34437345536534
3,"poisson_glm","rolling_one_step",2,1,12,5,9.52735346042342,NA,3.31525123849893,4.97789166902252,0.0924015567827622,NA,NA,20.4969293556079,4.52735346042342
3,"inad_unconstrained","rolling_one_step",3,1,1,4,2.53,0.186111186491768,2.05218016909598,0.958003859504132,0.832123712750893,1,1,2.1609,1.47
3,"inad_constrained_alpha","rolling_one_step",3,1,1,4,2.69,0.229929721366501,3.11879236631122,1.02539816097261,0.774890763673016,1,1,1.7161,1.31
3,"nb_glm","rolling_one_step",3,1,1,4,3.06786648496575,NA,2.11304643475122,0.790220317779595,0.686739084449974,NA,NA,0.86887288985011,0.932133515034252
3,"poisson_glm","rolling_one_step",3,1,1,4,3.07808708990071,NA,1.8240724833521,0.630859761128162,0.659150251667774,NA,NA,0.849923413807733,0.921912910099286
3,"inad_unconstrained","rolling_one_step",3,1,2,0,3.4,0.262466929133727,2.53885793575005,2.15761134215501,0.069829560469755,0,1,11.56,3.4
3,"inad_constrained_alpha","rolling_one_step",3,1,2,0,3.18,0.242203687549604,2.53012425578129,2.03943405663281,0.00448421164440285,0,1,10.1124,3.18
3,"nb_glm","rolling_one_step",3,1,2,0,3.45192204057449,NA,2.47977565367372,2.22088645993127,0.0222722771468435,NA,NA,11.9157657742039,3.45192204057449
3,"poisson_glm","rolling_one_step",3,1,2,0,3.46691571886522,NA,3.32119998156669,2.5374266396555,0.0020749500396882,NA,NA,12.0195046017148,3.46691571886522
3,"inad_unconstrained","rolling_one_step",3,1,3,10,6.45,0.36358901206853,3.02022329356229,2.16105465010406,0.799593899226823,1,1,12.6025,3.55
3,"inad_constrained_alpha","rolling_one_step",3,1,3,10,4.65,0.231104069434294,3.61324203990832,3.96286979432398,0.978641231434345,0,0,28.6225,5.35
3,"nb_glm","rolling_one_step",3,1,3,10,4.81343156821057,NA,3.45696489050268,3.08608137223032,0.82518465983842,NA,NA,26.9004920976347,5.18656843178943
3,"poisson_glm","rolling_one_step",3,1,3,10,4.84809761745307,NA,3.87796407382416,3.20535644617373,0.873829367328304,NA,NA,26.5420981592927,5.15190238254693
3,"inad_unconstrained","rolling_one_step",3,1,4,1,2.34,0.240462517291619,1.48110016363932,0.695491713334957,0.387154209534763,1,1,1.7956,1.34
3,"inad_constrained_alpha","rolling_one_step",3,1,4,1,2.16,0.224607401588828,1.53979628388391,0.639140261570992,0.251717889983767,1,1,1.3456,1.16
3,"nb_glm","rolling_one_step",3,1,4,1,1.95532119574207,NA,1.39707936349373,0.559044756965762,0.403501790130795,NA,NA,0.912638587034051,0.955321195742066
3,"poisson_glm","rolling_one_step",3,1,4,1,1.95429648505941,NA,1.36139463996157,0.572955759725898,0.390522132387768,NA,NA,0.910681781396747,0.954296485059411
3,"inad_unconstrained","rolling_one_step",3,1,5,6,2.48,0.213428009294739,3.11879236631122,2.3504647583872,0.907552030602993,0,1,12.3904,3.52
3,"inad_constrained_alpha","rolling_one_step",3,1,5,6,2.88,0.257132595594514,2.80772888329261,1.96306822996567,0.816687617234798,1,1,9.7344,3.12
3,"nb_glm","rolling_one_step",3,1,5,6,3.06786648496575,NA,2.84361268532915,1.79184930038041,0.843868902715128,NA,NA,8.59740694998712,2.93213351503425
3,"poisson_glm","rolling_one_step",3,1,5,6,3.07808708990071,NA,2.89131575075966,1.77668130074354,0.851861229350875,NA,NA,8.53757505420488,2.92191291009929
3,"inad_unconstrained","rolling_one_step",3,1,6,10,1.79,0.218023722182572,4.7361984483945,6.45148835795629,0.96586147881644,0,0,67.4041,8.21
3,"inad_constrained_alpha","rolling_one_step",3,1,6,10,2.39,0.306460734545524,3.64833335971959,5.51531464774078,0.931809590568421,0,1,57.9121,7.61
3,"nb_glm","rolling_one_step",3,1,6,10,1.95532119574207,NA,4.66607622348949,6.1989398431406,0.956515030712527,NA,NA,64.7168570636769,8.04467880425793
3,"poisson_glm","rolling_one_step",3,1,6,10,1.95429648505941,NA,4.75039108866508,6.32029466221111,0.961020859534175,NA,NA,64.7333450503274,8.04570351494059
3,"inad_unconstrained","rolling_one_step",3,1,7,0,3.95,0.374536750904071,2.15572084803682,2.50030739720505,0.0605608643225173,1,1,15.6025,3.95
3,"inad_constrained_alpha","rolling_one_step",3,1,7,0,4.5,0.396830880192995,2.38054663446376,2.77991970833333,0.0239238872326678,1,1,20.25,4.5
3,"nb_glm","rolling_one_step",3,1,7,0,4.01673579374036,NA,2.79374435957837,2.83382430139792,0.0214032868551706,NA,NA,16.134166436715,4.01673579374036
3,"poisson_glm","rolling_one_step",3,1,7,0,4.06665187682496,NA,3.79949937894974,3.20408767519844,0.0170848224009379,NA,NA,16.537657487284,4.06665187682496
3,"inad_unconstrained","rolling_one_step",3,1,8,4,4.81,0.331112297469233,2.19654684094972,0.909961641769606,0.423023013685972,1,1,0.656099999999999,0.81
3,"inad_constrained_alpha","rolling_one_step",3,1,8,4,4.36,0.365568603739988,2.30175898803174,0.946538924936821,0.473774939438074,1,1,0.1296,0.36
3,"nb_glm","rolling_one_step",3,1,8,4,4.95256994570761,NA,2.15103528475308,0.953095797963681,0.371920790177521,NA,NA,0.907389501465393,0.952569945707607
3,"poisson_glm","rolling_one_step",3,1,8,4,5.02310009932677,NA,1.87049300638155,0.82578245550859,0.272574038065191,NA,NA,1.04673381324245,1.02310009932677
3,"inad_unconstrained","rolling_one_step",3,1,9,5,7.85,0.368829708043365,2.47594690841653,1.61993454861111,0.264423725265777,1,1,8.1225,2.85
3,"inad_constrained_alpha","rolling_one_step",3,1,9,5,6.75,0.402109337359777,2.60611016275922,1.23624651331879,0.330782213374836,1,1,3.0625,1.75
3,"nb_glm","rolling_one_step",3,1,9,5,6.58039635697652,NA,2.35341512270429,1.23196819784561,0.409878017240194,NA,NA,2.49765264514465,1.58039635697652
3,"poisson_glm","rolling_one_step",3,1,9,5,6.6903409298962,NA,2.10268120217171,1.15227592121255,0.208888649162644,NA,NA,2.85725245928234,1.6903409298962
3,"inad_unconstrained","rolling_one_step",3,1,10,2,3.84,0.346620043484872,1.81681655501037,1.0305816144786,0.32416486339249,1,1,3.3856,1.84
3,"inad_constrained_alpha","rolling_one_step",3,1,10,2,4.07,0.36216381136528,2.00557169311338,1.23117517361111,0.310648229552258,1,1,4.2849,2.07
3,"nb_glm","rolling_one_step",3,1,10,2,3.40154605046779,NA,1.83650634961072,0.954093923259873,0.36211476729897,NA,NA,1.96433133158187,1.40154605046779
3,"poisson_glm","rolling_one_step",3,1,10,2,3.43892702904171,NA,1.78327754217603,0.984579035720502,0.164716528761415,NA,NA,2.07051099490679,1.43892702904171
3,"inad_unconstrained","rolling_one_step",3,1,11,0,3.68,0.353304744412303,2.37217838479324,2.23771856507309,0.0219761550436266,1,1,13.5424,3.68
3,"inad_constrained_alpha","rolling_one_step",3,1,11,0,4.14,0.377396718094213,2.26814237723276,2.39516920154869,0.0918048384321185,1,1,17.1396,4.14
3,"nb_glm","rolling_one_step",3,1,11,0,3.40154605046779,NA,2.49240899589073,2.31144680011097,0.0461059028883521,NA,NA,11.570515533453,3.40154605046779
3,"poisson_glm","rolling_one_step",3,1,11,0,3.43892702904171,NA,3.33408627144225,2.61332820196609,0.0126793512819613,NA,NA,11.8262191110736,3.43892702904171
3,"inad_unconstrained","rolling_one_step",3,1,12,4,5.29,0.376129947456643,2.29346018521705,1.01322242361111,0.417172445809973,1,1,1.6641,1.29
3,"inad_constrained_alpha","rolling_one_step",3,1,12,4,5.69,0.39046592215408,2.07845029758744,1.12204272249163,0.388077418754331,1,1,2.8561,1.69
3,"nb_glm","rolling_one_step",3,1,12,4,5.33696926521444,NA,2.18396230337581,1.05435788207999,0.406744292260113,NA,NA,1.78748681612803,1.33696926521444
3,"poisson_glm","rolling_one_step",3,1,12,4,5.41643346960331,NA,1.95712141243682,0.985457895826777,0.229401119800028,NA,NA,2.00628377381246,1.41643346960331
3,"inad_unconstrained","rolling_one_step",4,1,1,2,5.52,0.348294546194871,2.22988326121731,2.15234157484547,0.147219427109497,1,1,12.3904,3.52
3,"inad_constrained_alpha","rolling_one_step",4,1,1,2,5.74,0.300376867661714,1.98025388512909,2.20308834830886,0.108600444360039,1,1,13.9876,3.74
3,"nb_glm","rolling_one_step",4,1,1,2,5.7009291257038,NA,2.38834417856061,2.22254469822103,0.136611520712062,NA,NA,13.6968763934827,3.7009291257038
3,"poisson_glm","rolling_one_step",4,1,1,2,5.49271455609315,NA,2.81998190370342,2.44803489362197,0.0761777483083049,NA,NA,12.199054970345,3.49271455609315
3,"inad_unconstrained","rolling_one_step",4,1,2,7,4.33,0.257044193032477,2.6740204525159,1.62051870114691,0.825727330068381,1,1,7.1289,2.67
3,"inad_constrained_alpha","rolling_one_step",4,1,2,7,4.05,0.266050424323714,2.93614017635175,1.85740517851647,0.824287741596774,1,1,8.7025,2.95
3,"nb_glm","rolling_one_step",4,1,2,7,2.94693083813641,NA,3.29999370342425,2.58586003157056,0.862547914064876,NA,NA,16.4273696308497,4.0530691618636
3,"poisson_glm","rolling_one_step",4,1,2,7,2.82333064154515,NA,3.76802709342224,2.78080764326582,0.918059492327953,NA,NA,17.4445669298557,4.17666935845485
3,"inad_unconstrained","rolling_one_step",4,1,3,9,7.34,0.372873092934236,2.25417595378636,1.2439650432,0.680289642778039,1,1,2.7556,1.66
3,"inad_constrained_alpha","rolling_one_step",4,1,3,9,8.3,0.365010031687244,2.84134549409159,0.991102861826378,0.550377060424975,1,1,0.489999999999999,0.699999999999999
3,"nb_glm","rolling_one_step",4,1,3,9,7.8765849184794,NA,2.74293498205896,1.42128735065828,0.601285624851059,NA,NA,1.26206144538795,1.1234150815206
3,"poisson_glm","rolling_one_step",4,1,3,9,7.60990776117605,NA,2.27854901664071,0.998547627803352,0.647875289255788,NA,NA,1.93235643243859,1.39009223882395
3,"inad_unconstrained","rolling_one_step",4,1,4,7,4.8,0.286391693350561,2.13082329641509,1.36422977190876,0.700995648239187,1,1,4.84,2.2
3,"inad_constrained_alpha","rolling_one_step",4,1,4,7,4.33,0.314001544099658,2.49247621036774,1.57913913598495,0.784255564972915,1,1,7.1289,2.67
3,"nb_glm","rolling_one_step",4,1,4,7,3.91553742079737,NA,2.90103695726331,1.81254137769028,0.757126995244588,NA,NA,9.51390940250131,3.08446257920263
3,"poisson_glm","rolling_one_step",4,1,4,7,3.76043562267278,NA,3.01906586773929,1.88189296098881,0.851954103868665,NA,NA,10.4947773548475,3.23956437732722
3,"inad_unconstrained","rolling_one_step",4,1,5,5,5.97,0.307631880235735,1.99720344344286,0.800781420803615,0.350422066782167,1,1,0.9409,0.97
3,"inad_constrained_alpha","rolling_one_step",4,1,5,5,6.1,0.315748269507482,1.988764574797,0.911327377190462,0.433385521669071,1,1,1.21,1.1
3,"nb_glm","rolling_one_step",4,1,5,5,6.54421739129151,NA,2.30544739932381,1.07739988352553,0.449187357296317,NA,NA,2.38460735156717,1.54421739129151
3,"poisson_glm","rolling_one_step",4,1,5,5,6.31264289776821,NA,1.98795714956634,0.899851280184845,0.255387856017292,NA,NA,1.72303137706131,1.31264289776821
3,"inad_unconstrained","rolling_one_step",4,1,6,7,6.76,0.325706690881303,2.45062910043224,0.865925706771861,0.519132644157443,1,1,0.0576000000000001,0.24
3,"inad_constrained_alpha","rolling_one_step",4,1,6,7,8.45,0.384385906677814,2.06178324510223,1.1052251465292,0.403128087177654,1,1,2.1025,1.45
3,"nb_glm","rolling_one_step",4,1,6,7,7.8765849184794,NA,2.46987173051202,1.06794833775352,0.540935301943637,NA,NA,0.768401119305528,0.876584918479395
3,"poisson_glm","rolling_one_step",4,1,6,7,7.60990776117605,NA,2.02620931233908,0.748073684526278,0.401299099425469,NA,NA,0.371987477142776,0.609907761176046
3,"inad_unconstrained","rolling_one_step",4,1,7,0,6.39,0.369792461586854,3.16171741102825,4.45161702563378,0.0408524165094337,0,1,40.8321,6.39
3,"inad_constrained_alpha","rolling_one_step",4,1,7,0,5.31,0.306724302884199,3.38535711715294,3.79138899089047,0.00874969240137133,0,1,28.1961,5.31
3,"nb_glm","rolling_one_step",4,1,7,0,3.85839561050908,NA,2.70040086413804,2.62130091578864,0.0294599389275958,NA,NA,14.8872166871958,3.85839561050908
3,"poisson_glm","rolling_one_step",4,1,7,0,3.73007732302576,NA,3.54858004111193,2.84692416382883,0.0247987270234342,NA,NA,13.913476835751,3.73007732302576
3,"inad_unconstrained","rolling_one_step",4,1,8,3,6.7,0.380456928899284,2.30998948716826,2.17026010481053,0.129033944749667,1,1,13.69,3.7
3,"inad_constrained_alpha","rolling_one_step",4,1,8,3,6.88,0.350261085881415,2.05334437645636,2.1164006320023,0.118130853486176,1,1,15.0544,3.88
3,"nb_glm","rolling_one_step",4,1,8,3,7.46418600320771,NA,2.55911707092384,2.4660249276734,0.134600047386153,NA,NA,19.9289566712356,4.46418600320771
3,"poisson_glm","rolling_one_step",4,1,8,3,7.25676607126815,NA,3.09244007820116,2.89568617604157,0.0732616673424825,NA,NA,18.1200573854997,4.25676607126815
3,"inad_unconstrained","rolling_one_step",4,1,9,3,7.45,0.394245219285273,2.29346018521705,2.53040870138889,0.144083754941996,1,1,19.8025,4.45
3,"inad_constrained_alpha","rolling_one_step",4,1,9,3,6.76,0.367112676397475,2.30175898803174,2.20225181340072,0.094789972059498,1,1,14.1376,3.76
3,"nb_glm","rolling_one_step",4,1,9,3,8.04352724457517,NA,2.64311059753312,2.67842602438499,0.172066477114744,NA,NA,25.437167066772,5.04352724457517
3,"poisson_glm","rolling_one_step",4,1,9,3,7.82500644069716,NA,3.35507317833507,3.29029428420458,0.0611285305247299,NA,NA,23.280687152769,4.82500644069716
3,"inad_unconstrained","rolling_one_step",4,1,10,2,5.94,0.387642446936177,2.39707593641497,2.33814248857834,0.0770270219139877,1,1,15.5236,3.94
3,"inad_constrained_alpha","rolling_one_step",4,1,10,2,6.14,0.38508034056138,2.13919154608561,2.40084986111111,0.162863224996176,1,1,17.1396,4.14
3,"nb_glm","rolling_one_step",4,1,10,2,6.05375863822081,NA,2.47057327871624,2.42347515467217,0.144255164045294,NA,NA,16.4329590969498,4.05375863822081
3,"poisson_glm","rolling_one_step",4,1,10,2,5.87500562996098,NA,3.02977657934937,2.73850505106183,0.0638708078381765,NA,NA,15.0156686322293,3.87500562996098
3,"inad_unconstrained","rolling_one_step",4,1,11,7,6.03,0.319549872808801,2.10528999440993,0.96323328626635,0.61974271009905,1,1,0.9409,0.97
3,"inad_constrained_alpha","rolling_one_step",4,1,11,7,5.29,0.300603769541611,2.03624994309706,1.12890300980975,0.689775621815673,1,1,2.9241,1.71
3,"nb_glm","rolling_one_step",4,1,11,7,3.85839561050908,NA,2.8671724247185,1.97185457495332,0.837068710550225,NA,NA,9.8696781400686,3.14160438949092
3,"poisson_glm","rolling_one_step",4,1,11,7,3.73007732302576,NA,2.99053381492319,2.04972243236067,0.883345192386571,NA,NA,10.6923943133904,3.26992267697424
3,"inad_unconstrained","rolling_one_step",4,1,12,6,7.02,0.332720649048162,2.27665306690066,0.944836512496409,0.342411698790354,1,1,1.0404,1.02
3,"inad_constrained_alpha","rolling_one_step",4,1,12,6,6.26,0.308014167324698,2.26814237723276,0.756038176638177,0.459857858475079,1,1,0.0675999999999999,0.26
3,"nb_glm","rolling_one_step",4,1,12,6,7.46418600320771,NA,2.3812542463259,1.03882650307745,0.452157248768256,NA,NA,2.14384065198936,1.46418600320771
3,"poisson_glm","rolling_one_step",4,1,12,6,7.25676607126815,NA,2.0318654560544,0.866392143322292,0.368783342689316,NA,NA,1.57946095789079,1.25676607126815
3,"inad_unconstrained","rolling_one_step",5,1,1,1,3.48,0.256424521747697,1.626845180806,1.33362065940951,0.245089272746602,1,1,6.1504,2.48
3,"inad_constrained_alpha","rolling_one_step",5,1,1,1,3.46,0.243468206706271,1.87091274205759,1.51133348175812,0.0725398490086821,1,1,6.0516,2.46
3,"nb_glm","rolling_one_step",5,1,1,1,3.5891708654007,NA,2.00603918172057,1.55984747577925,0.163405224282432,NA,NA,6.7038057702398,2.5891708654007
3,"poisson_glm","rolling_one_step",5,1,1,1,3.53571401852198,NA,2.33660037770699,1.731548523542,0.0536801325907739,NA,NA,6.42984558372889,2.53571401852198
3,"inad_unconstrained","rolling_one_step",5,1,2,4,5.59,0.312401903795335,1.77393606078678,0.949253364875362,0.293531599967533,1,1,2.5281,1.59
3,"inad_constrained_alpha","rolling_one_step",5,1,2,4,5.33,0.315605878758731,2.17945240759042,0.901219418846611,0.335494642487631,1,1,1.7689,1.33
3,"nb_glm","rolling_one_step",5,1,2,4,5.36586933737864,NA,2.16703297600651,1.00183429051673,0.414048389324952,NA,NA,1.86559904679116,1.36586933737864
3,"poisson_glm","rolling_one_step",5,1,2,4,5.30415159181957,NA,1.91359901024124,0.891070352956077,0.348498840028443,NA,NA,1.70081137444551,1.30415159181957
3,"inad_unconstrained","rolling_one_step",5,1,3,1,5.44,0.300275967346134,3.64833335971959,2.86495335909631,0.017703012374575,0,1,19.7136,4.44
3,"inad_constrained_alpha","rolling_one_step",5,1,3,1,6.23,0.310377743136236,3.38535711715294,3.61215171951133,0.0377423190926554,0,1,27.3529,5.23
3,"nb_glm","rolling_one_step",5,1,3,1,5.87994035456734,NA,2.73776717152805,2.99185613293977,0.0505552512682548,NA,NA,23.8138178641348,4.87994035456734
3,"poisson_glm","rolling_one_step",5,1,3,1,5.81685694547184,NA,3.76786658852153,3.53777181870219,0.030480545685915,NA,NA,23.2021108331403,4.81685694547184
3,"inad_unconstrained","rolling_one_step",5,1,4,1,4.59,0.289232701393801,2.17079434484731,2.12745975803403,0.0186918814046227,1,1,12.8881,3.59
3,"inad_constrained_alpha","rolling_one_step",5,1,4,1,5.1,0.288325013017104,2.79914513960121,2.63250624256837,0.0641893535839586,0,1,16.81,4.1
3,"nb_glm","rolling_one_step",5,1,4,1,5.36586933737864,NA,2.55267498701147,2.53206453302775,0.0960960747407369,NA,NA,19.060815071063,4.36586933737864
3,"poisson_glm","rolling_one_step",5,1,4,1,5.30415159181957,NA,3.45494193533276,3.0516946791766,0.0379121679308996,NA,NA,18.5257209253629,4.30415159181957
3,"inad_unconstrained","rolling_one_step",5,1,5,5,4.33,0.286763549520042,2.32925334007621,0.855005824869191,0.662796628884889,1,1,0.4489,0.67
3,"inad_constrained_alpha","rolling_one_step",5,1,5,5,4.11,0.242001335667071,1.7823303789392,0.703168536472761,0.710435898021239,1,1,0.792099999999999,0.89
3,"nb_glm","rolling_one_step",5,1,5,5,4.76887093895945,NA,2.18612393483166,0.800368577944571,0.639643028576209,NA,NA,0.0534206428574841,0.231129061040545
3,"poisson_glm","rolling_one_step",5,1,5,5,4.70926952415218,NA,1.81374452425239,0.561870679008999,0.610559612523087,NA,NA,0.0845242095867002,0.290730475847821
3,"inad_unconstrained","rolling_one_step",5,1,6,4,5.17,0.286411091145775,1.54860691356606,0.772329278239458,0.426365414818161,1,1,1.3689,1.17
3,"inad_constrained_alpha","rolling_one_step",5,1,6,4,5.42,0.330649804066618,2.26814237723276,1.05534434947768,0.425446641527765,1,1,2.0164,1.42
3,"nb_glm","rolling_one_step",5,1,6,4,5.36586933737864,NA,2.14335077603988,0.936875149674908,0.370994373553827,NA,NA,1.86559904679116,1.36586933737864
3,"poisson_glm","rolling_one_step",5,1,6,4,5.30415159181957,NA,1.89654365446682,0.849503907537078,0.30606571719662,NA,NA,1.70081137444551,1.30415159181957
3,"inad_unconstrained","rolling_one_step",5,1,7,1,4.72,0.311749705353315,2.26814237723276,2.2553479728249,0.0662695893047887,1,1,13.8384,3.72
3,"inad_constrained_alpha","rolling_one_step",5,1,7,1,3.83,0.306842834774621,1.79060311327199,1.70752837237894,0.118838623452755,1,1,8.0089,2.83
3,"nb_glm","rolling_one_step",5,1,7,1,2.99510876608652,NA,1.8219312888466,1.29509386777165,0.195090954194875,NA,NA,3.98045898851527,1.99510876608652
3,"poisson_glm","rolling_one_step",5,1,7,1,2.96580621594258,NA,1.99654117359882,1.39223011654513,0.096466490548985,NA,NA,3.86439407863849,1.96580621594258
3,"inad_unconstrained","rolling_one_step",5,1,8,6,5.56,0.384108570510206,3.00396277269051,1.13057363611932,0.572146900155959,1,1,0.1936,0.44
3,"inad_constrained_alpha","rolling_one_step",5,1,8,6,5.48,0.287616467406218,2.10528999440993,0.794477229488704,0.590252074317481,1,1,0.2704,0.52
3,"nb_glm","rolling_one_step",5,1,8,6,5.28756195457094,NA,2.42188135061656,1.03131340144809,0.569816626048634,NA,NA,0.50756796857478,0.71243804542906
3,"poisson_glm","rolling_one_step",5,1,8,6,5.26133074882286,NA,2.00441531554458,0.722970060918916,0.530213013058886,NA,NA,0.545632262634593,0.738669251177138
3,"inad_unconstrained","rolling_one_step",5,1,9,6,5.45,0.336762662581663,2.69097001082967,0.957166972671422,0.622241807757748,1,1,0.3025,0.55
3,"inad_constrained_alpha","rolling_one_step",5,1,9,6,5.05,0.354872291725268,2.45913979010015,1.06097708273485,0.660301346147721,1,1,0.9025,0.95
3,"nb_glm","rolling_one_step",5,1,9,6,5.28756195457094,NA,2.39349309243291,0.999072055354649,0.612273055388397,NA,NA,0.50756796857478,0.71243804542906
3,"poisson_glm","rolling_one_step",5,1,9,6,5.26133074882286,NA,1.97950889982812,0.698270807015586,0.571887772278484,NA,NA,0.545632262634593,0.738669251177138
3,"inad_unconstrained","rolling_one_step",5,1,10,4,4.75,0.331014662924027,1.86240205238968,0.817985864562787,0.390966569984025,1,1,0.5625,0.75
3,"inad_constrained_alpha","rolling_one_step",5,1,10,4,5.17,0.340841205362156,1.92810353040585,0.885553066647515,0.469331829962242,1,1,1.3689,1.17
3,"nb_glm","rolling_one_step",5,1,10,4,4.69927591554428,NA,2.10578378898109,0.826208456230166,0.458377824587705,NA,NA,0.488986806060297,0.699275915544284
3,"poisson_glm","rolling_one_step",5,1,10,4,4.67125121199951,NA,1.78721099045954,0.654555443171011,0.451794026601044,NA,NA,0.450578189610808,0.671251211999508
3,"inad_unconstrained","rolling_one_step",5,1,11,6,6.07,0.35369763952,2.45062910043224,0.931384476587041,0.583581360921097,1,1,0.00490000000000004,0.0700000000000003
3,"inad_constrained_alpha","rolling_one_step",5,1,11,6,7.35,0.375075749925023,1.88771986037397,1.03899495138889,0.431562454218472,1,1,1.8225,1.35
3,"nb_glm","rolling_one_step",5,1,11,6,7.0254946027168,NA,2.39905212530738,1.0646064456047,0.440722911540572,NA,NA,1.05163918020129,1.0254946027168
3,"poisson_glm","rolling_one_step",5,1,11,6,7.00764383717711,NA,2.01274416315805,0.831862535585702,0.432834199286691,NA,NA,1.01534610260101,1.00764383717711
3,"inad_unconstrained","rolling_one_step",5,1,12,6,6.65,0.338855769204587,1.93654239905171,0.831214031494951,0.428866819441475,1,1,0.4225,0.65
3,"inad_constrained_alpha","rolling_one_step",5,1,12,6,6.09,0.338772293239377,2.05334437645636,0.82614555443838,0.472528943291163,1,1,0.00809999999999998,0.0899999999999999
3,"nb_glm","rolling_one_step",5,1,12,6,6.65120559403023,NA,2.37491199387438,0.994745418371972,0.512337982395669,NA,NA,0.424068725696264,0.651205594030229
3,"poisson_glm","rolling_one_step",5,1,12,6,6.63120191086814,NA,1.96193178564757,0.724015385507484,0.39555724552018,NA,NA,0.398415852283591,0.63120191086814
3,"inad_unconstrained","rolling_one_step",6,1,1,3,3.85,0.415452777221443,1.80581122268371,1.09007753740761,0.483676125621929,1,1,0.7225,0.85
3,"inad_constrained_alpha","rolling_one_step",6,1,1,3,3.51,0.298986503529723,2.03624994309706,0.740104332639715,0.464164884551629,1,1,0.2601,0.51
3,"nb_glm","rolling_one_step",6,1,1,3,3.28792560285392,NA,1.9876740270465,0.943463925775718,0.456090776356781,NA,NA,0.0829011527787933,0.28792560285392
3,"poisson_glm","rolling_one_step",6,1,1,3,3.3638456061444,NA,1.71692540538963,0.81678124403858,0.453092014648474,NA,NA,0.132383625110586,0.363845606144401
3,"inad_unconstrained","rolling_one_step",6,1,2,0,5.14,0.388475393446137,3.41025466877466,3.46821298038162,0.0234006346453966,0,1,26.4196,5.14
3,"inad_constrained_alpha","rolling_one_step",6,1,2,0,4.77,0.330244782186814,2.82467844160638,3.22279486618177,0.0300178891070923,0,1,22.7529,4.77
3,"nb_glm","rolling_one_step",6,1,2,0,4.78714128305789,NA,3.09613773062392,3.35496608811901,0.0134754210056347,NA,NA,22.9167216639572,4.78714128305789
3,"poisson_glm","rolling_one_step",6,1,2,0,4.91343173485492,NA,4.24894672734897,3.88417813528099,0.0116195956277539,NA,NA,24.1418114130794,4.91343173485492
3,"inad_unconstrained","rolling_one_step",6,1,3,7,3.57,0.305919709542992,2.8330466912769,2.03476240972222,0.798436106873793,1,1,11.7649,3.43
3,"inad_constrained_alpha","rolling_one_step",6,1,3,7,2.98,0.284615636615525,3.63967529697647,2.67671405671077,0.866732374012794,0,1,16.1604,4.02
3,"nb_glm","rolling_one_step",6,1,3,7,3.28792560285392,NA,3.14020274068623,2.23425243385673,0.834603247580246,NA,NA,13.7794963299474,3.71207439714608
3,"poisson_glm","rolling_one_step",6,1,3,7,3.3638456061444,NA,3.31057284498184,2.22374028635808,0.869183824970328,NA,NA,13.2216187759554,3.6361543938556
3,"inad_unconstrained","rolling_one_step",6,1,4,2,3.16,0.273665725462524,1.77351974925705,0.698263544521889,0.479105100847031,1,1,1.3456,1.16
3,"inad_constrained_alpha","rolling_one_step",6,1,4,2,3.53,0.297618493505978,1.7397446960385,0.842446964083176,0.305150118849625,1,1,2.3409,1.53
3,"nb_glm","rolling_one_step",6,1,4,2,3.28792560285392,NA,1.76905360057716,0.782468109293125,0.33460658816743,NA,NA,1.65875235848663,1.28792560285392
3,"poisson_glm","rolling_one_step",6,1,4,2,3.3638456061444,NA,1.71128642993309,0.833413392944789,0.156448799896426,NA,NA,1.86007483739939,1.3638456061444
3,"inad_unconstrained","rolling_one_step",6,1,5,8,5.49,0.390931289010323,2.14247215635237,1.49889770446488,0.725664177432281,1,1,6.3001,2.51
3,"inad_constrained_alpha","rolling_one_step",6,1,5,8,5.16,0.333248474046837,2.84957599322811,1.78597671324913,0.781421260376705,1,1,8.0656,2.84
3,"nb_glm","rolling_one_step",6,1,5,8,5.15870066975275,NA,2.9005656382715,1.719102761166,0.723883772858269,NA,NA,8.07298188406347,2.84129933024725
3,"poisson_glm","rolling_one_step",6,1,5,8,5.29817753439676,NA,2.68761339446594,1.49375774305628,0.736485197539373,NA,NA,7.29984463563839,2.70182246560324
3,"inad_unconstrained","rolling_one_step",6,1,6,2,5.05,0.349133125603887,2.02210099506459,1.78950633566246,0.108016673777764,1,1,9.3025,3.05
3,"inad_constrained_alpha","rolling_one_step",6,1,6,2,4.44,0.369908533603002,1.92050968319696,1.50024376951093,0.30568129080789,1,1,5.9536,2.44
3,"nb_glm","rolling_one_step",6,1,6,2,4.78714128305789,NA,2.18728444989948,1.78431208026127,0.137866789113497,NA,NA,7.76815653172559,2.78714128305789
3,"poisson_glm","rolling_one_step",6,1,6,2,4.91343173485492,NA,2.52195941165423,2.08028350581807,0.0980716137095211,NA,NA,8.48808447365974,2.91343173485492
3,"inad_unconstrained","rolling_one_step",6,1,7,1,5.37,0.44690970321563,2.110973489293,2.6748889024,0.148733293732516,1,1,19.0969,4.37
3,"inad_constrained_alpha","rolling_one_step",6,1,7,1,5.22,0.473025935180657,1.96143995067344,2.30571210696049,0.12356459848682,1,1,17.8084,4.22
3,"nb_glm","rolling_one_step",6,1,7,1,4.30485763342668,NA,2.30865090969249,2.25316550853899,0.0762858473767516,NA,NA,10.9220839772186,3.30485763342668
3,"poisson_glm","rolling_one_step",6,1,7,1,4.44418518646195,NA,2.99211584150276,2.64161485361176,0.029183938684893,NA,NA,11.862411598644,3.44418518646195
3,"inad_unconstrained","rolling_one_step",6,1,8,9,6.57,0.455993753279914,3.02825546525955,1.787398048,0.690644664892796,1,1,5.9049,2.43
3,"inad_constrained_alpha","rolling_one_step",6,1,8,9,5.87,0.381028644963641,2.7158675624514,1.8983180932545,0.738354194466593,1,1,9.7969,3.13
3,"nb_glm","rolling_one_step",6,1,8,9,7.19490613014442,NA,2.78514369516494,1.52466465797804,0.668910590165942,NA,NA,3.25836387899018,1.80509386985558
3,"poisson_glm","rolling_one_step",6,1,8,9,7.46045322104081,NA,2.3053086207859,1.03991527855789,0.697980627305163,NA,NA,2.37020428460363,1.53954677895919
3,"inad_unconstrained","rolling_one_step",6,1,9,10,7.75,0.529603434637463,3.24240632227839,1.83712480620155,0.691379921455514,1,1,5.0625,2.25
3,"inad_constrained_alpha","rolling_one_step",6,1,9,10,7.69,0.486316810735595,2.79464844030451,1.83684836432507,0.664881416656938,1,1,5.3361,2.31
3,"nb_glm","rolling_one_step",6,1,9,10,7.19490613014442,NA,2.99568790592199,1.87285730866464,0.64793023578815,NA,NA,7.86855161870133,2.80509386985558
3,"poisson_glm","rolling_one_step",6,1,9,10,7.46045322104081,NA,2.62582645424213,1.45223024382899,0.686723242639147,NA,NA,6.44929784252202,2.53954677895919
3,"inad_unconstrained","rolling_one_step",6,1,10,2,6.58,0.457966519882549,2.56365248883563,3.12286494959501,0.109980194484033,1,1,20.9764,4.58
3,"inad_constrained_alpha","rolling_one_step",6,1,10,2,6.28,0.506140077229395,2.35311590164126,3.25034565217391,0.114670193169968,1,1,18.3184,4.28
3,"nb_glm","rolling_one_step",6,1,10,2,6.26777007264886,NA,2.64714902072727,3.35531980267559,0.117243163787683,NA,NA,18.2138613929973,4.26777007264886
3,"poisson_glm","rolling_one_step",6,1,10,2,6.49143958653997,NA,3.48579973074508,3.88330424406279,0.0435662834750246,NA,NA,20.1730295595383,4.49143958653997
3,"inad_unconstrained","rolling_one_step",6,1,11,6,6.57,0.422176898152106,2.6222395446891,1.1503654848,0.476261763667837,1,1,0.3249,0.57
3,"inad_constrained_alpha","rolling_one_step",6,1,11,6,6.31,0.37570002002995,2.29346018521705,0.920117951388889,0.497950930566915,1,1,0.0960999999999998,0.31
3,"nb_glm","rolling_one_step",6,1,11,6,7.19490613014442,NA,2.46121817148033,1.25823039865086,0.453859561964978,NA,NA,1.42780065985672,1.19490613014442
3,"poisson_glm","rolling_one_step",6,1,11,6,7.46045322104081,NA,2.12580946442208,1.10035014739094,0.279823761782644,NA,NA,2.13292361084846,1.46045322104081
3,"inad_unconstrained","rolling_one_step",6,1,12,4,6.99,0.435192979369991,3.02022329356229,1.88093659599376,0.289142315197781,1,1,8.9401,2.99
3,"inad_constrained_alpha","rolling_one_step",6,1,12,4,7.7,0.486068540704525,2.74016025502044,2.2680965632,0.236603844673131,1,1,13.69,3.7
3,"nb_glm","rolling_one_step",6,1,12,4,7.19490613014442,NA,2.44478981757938,1.90344075143958,0.213183162248078,NA,NA,10.2074251804344,3.19490613014442
3,"poisson_glm","rolling_one_step",6,1,12,4,7.46045322104081,NA,2.68809212695686,2.30903707401064,0.116148656009407,NA,NA,11.9747364950117,3.46045322104081
3,"inad_unconstrained","rolling_one_step",7,1,1,6,4.03,0.228059446441298,2.16206066487855,1.2327803862727,0.834007365402292,1,1,3.8809,1.97
3,"inad_constrained_alpha","rolling_one_step",7,1,1,6,4.13,0.264252328143562,2.23335626114734,1.23427429712585,0.750364848460273,1,1,3.4969,1.87
3,"nb_glm","rolling_one_step",7,1,1,6,4.10956764017498,NA,2.48120972765951,1.3108511454926,0.762588566200226,NA,NA,3.5737345070736,1.89043235982502
3,"poisson_glm","rolling_one_step",7,1,1,6,4.06630056097883,NA,2.26193453678441,1.16019145603683,0.768784016479106,NA,NA,3.73919352047077,1.93369943902117
3,"inad_unconstrained","rolling_one_step",7,1,2,2,2.59,0.18645821694596,1.48110016363932,0.48149599058518,0.413071107431609,1,1,0.3481,0.59
3,"inad_constrained_alpha","rolling_one_step",7,1,2,2,2.45,0.201195919391517,1.80975831890425,0.558769474880286,0.547226733663266,1,1,0.2025,0.45
3,"nb_glm","rolling_one_step",7,1,2,2,2.32784072691066,NA,1.58485335150105,0.448307878115311,0.573136898440169,NA,NA,0.10747954222131,0.327840726910659
3,"poisson_glm","rolling_one_step",7,1,2,2,2.29216904531996,NA,1.38398156607681,0.372259183254966,0.560988469237573,NA,NA,0.0853627510431751,0.292169045319957
3,"inad_unconstrained","rolling_one_step",7,1,3,4,5.07,0.240896893154132,2.0790876220159,0.728360114339416,0.363496874959241,1,1,1.1449,1.07
3,"inad_constrained_alpha","rolling_one_step",7,1,3,4,5.3,0.295590489315433,2.36373951614738,0.936152441827061,0.350956553483019,1,1,1.69,1.3
3,"nb_glm","rolling_one_step",7,1,3,4,5.46031337762202,NA,2.16453402000311,0.994478947656659,0.432883077365958,NA,NA,2.13251516086184,1.46031337762202
3,"poisson_glm","rolling_one_step",7,1,3,4,5.41596554685875,NA,1.93185624890524,0.917162409786422,0.333816722667293,NA,NA,2.00495842989099,1.41596554685875
3,"inad_unconstrained","rolling_one_step",7,1,4,3,3.71,0.251578852831312,1.83642656598642,0.679044667590028,0.462596923575242,1,1,0.5041,0.71
3,"inad_constrained_alpha","rolling_one_step",7,1,4,3,3.52,0.219033690503898,1.7823303789392,0.540339088950446,0.520479935678008,1,1,0.2704,0.52
3,"nb_glm","rolling_one_step",7,1,4,3,3.65234344310232,NA,1.88209792158626,0.647402378904717,0.499761872050519,NA,NA,0.425551967758584,0.652343443102316
3,"poisson_glm","rolling_one_step",7,1,4,3,3.61024849617683,NA,1.62604184858935,0.536655575065923,0.313269794220332,NA,NA,0.372403227086082,0.61024849617683
3,"inad_unconstrained","rolling_one_step",7,1,5,7,5.8,0.302514712890384,2.25955863354136,1.04439582342449,0.618734134709069,1,1,1.44,1.2
3,"inad_constrained_alpha","rolling_one_step",7,1,5,7,5.55,0.280106401139988,2.9448738563205,1.12525095652174,0.654312573217159,1,1,2.1025,1.45
3,"nb_glm","rolling_one_step",7,1,5,7,5.73046620937672,NA,2.48867509040815,1.20546169215047,0.695481093172859,NA,NA,1.61171604553431,1.26953379062328
3,"poisson_glm","rolling_one_step",7,1,5,7,5.68627092786156,NA,2.10905125936954,0.892214050948015,0.739906282055108,NA,NA,1.72588407498172,1.31372907213844
3,"inad_unconstrained","rolling_one_step",7,1,6,3,3.57,0.210461253901851,1.81872698888701,0.560647042410714,0.46553063450641,1,1,0.3249,0.57
3,"inad_constrained_alpha","rolling_one_step",7,1,6,3,3.03,0.198710489370487,1.69529293346767,0.472840834710744,0.515511459084651,1,1,0.000899999999999988,0.0299999999999998
3,"nb_glm","rolling_one_step",7,1,6,3,3.65234344310232,NA,1.85227624949403,0.600284185078921,0.410686852441327,NA,NA,0.425551967758584,0.652343443102316
3,"poisson_glm","rolling_one_step",7,1,6,3,3.61024849617683,NA,1.60726058403042,0.508732964967344,0.480671198967477,NA,NA,0.372403227086082,0.61024849617683
3,"inad_unconstrained","rolling_one_step",7,1,7,2,4.67,0.286763549520042,2.10528999440993,1.51271105083234,0.11736977703203,1,1,7.1289,2.67
3,"inad_constrained_alpha","rolling_one_step",7,1,7,2,5.06,0.314568808615119,2.28509193554653,1.79930870701222,0.12906868170577,1,1,9.3636,3.06
3,"nb_glm","rolling_one_step",7,1,7,2,4.0495942293184,NA,1.97067818003065,1.2251564220323,0.293408917864948,NA,NA,4.20083650485529,2.0495942293184
3,"poisson_glm","rolling_one_step",7,1,7,2,4.03347298905053,NA,2.03490829193035,1.32223319123491,0.166694452368814,NA,NA,4.13501239719809,2.03347298905053
3,"inad_unconstrained","rolling_one_step",7,1,8,10,7.25,0.361359665818984,2.45913979010015,1.77837738437231,0.75342338858486,1,1,7.5625,2.75
3,"inad_constrained_alpha","rolling_one_step",7,1,8,10,7.1,0.333787569292419,2.35522882647947,1.78712550222807,0.788464524681147,1,1,8.41,2.9
3,"nb_glm","rolling_one_step",7,1,8,10,7.83406566263456,NA,2.77215817344885,1.84973307680552,0.759935476826124,NA,NA,4.69127155377867,2.16593433736544
3,"poisson_glm","rolling_one_step",7,1,8,10,7.8470142577568,NA,2.40423778801355,1.36228085304497,0.733468822699368,NA,NA,4.6353476063025,2.1529857422432
3,"inad_unconstrained","rolling_one_step",7,1,9,16,7.65,0.345058917528089,3.66542779307889,6.21726217322609,0.981662248968289,0,0,69.7225,8.35
3,"inad_constrained_alpha","rolling_one_step",7,1,9,16,7.84,0.354970478214795,4.08935702071106,5.87478133333333,0.957610388994333,0,1,66.5856,8.16
3,"nb_glm","rolling_one_step",7,1,9,16,8.14625667046106,NA,3.67419884665265,5.78406609251829,0.95497392419459,NA,NA,61.6812842862774,7.85374332953894
3,"poisson_glm","rolling_one_step",7,1,9,16,8.16244724914428,NA,4.35861708147383,5.87057212128942,0.977336159274437,NA,NA,61.4272331224461,7.83755275085572
3,"inad_unconstrained","rolling_one_step",7,1,10,7,4.91,0.269715525408651,2.45062910043224,1.27567257652129,0.725309531615199,1,1,4.3681,2.09
3,"inad_constrained_alpha","rolling_one_step",7,1,10,7,5.41,0.346146171027749,2.50873673123952,1.16566497788762,0.672737393519661,1,1,2.5281,1.59
3,"nb_glm","rolling_one_step",7,1,10,7,4.78198732273245,NA,2.69963407647409,1.43444916457729,0.707911524410734,NA,NA,4.91958023651956,2.21801267726755
3,"poisson_glm","rolling_one_step",7,1,10,7,4.76972333594875,NA,2.46441569442332,1.25180016387862,0.720757278497255,NA,NA,4.97413399821158,2.23027666405125
3,"inad_unconstrained","rolling_one_step",7,1,11,6,6.85,0.352587835607217,1.99720344344286,0.941451740696278,0.51436458719861,1,1,0.722499999999999,0.85
3,"inad_constrained_alpha","rolling_one_step",7,1,11,6,6.37,0.302399494949073,2.36373951614738,0.809156025567365,0.52126313489258,1,1,0.1369,0.37
3,"nb_glm","rolling_one_step",7,1,11,6,6.76827268778404,NA,2.37738996919562,1.0044434988417,0.442549097965347,NA,NA,0.590242922794912,0.768272687784039
3,"poisson_glm","rolling_one_step",7,1,11,6,6.7709906969694,NA,1.97562689656473,0.753258074343358,0.447089472037416,NA,NA,0.594426654813361,0.7709906969694
3,"inad_unconstrained","rolling_one_step",7,1,12,7,5.83,0.302533076912695,2.11387373810132,0.950599992694864,0.622374746512928,1,1,1.3689,1.17
3,"inad_constrained_alpha","rolling_one_step",7,1,12,7,5.83,0.330305949389381,2.49247621036774,1.03285426632626,0.598302833616493,1,1,1.3689,1.17
3,"nb_glm","rolling_one_step",7,1,12,7,5.8961126425659,NA,2.54878265413159,1.17893779503326,0.594465761161088,NA,NA,1.21856729790283,1.1038873574341
3,"poisson_glm","rolling_one_step",7,1,12,7,5.8915290731183,NA,2.12023242808533,0.834911823571374,0.590164066655594,NA,NA,1.22870779574197,1.1084709268817
3,"inad_unconstrained","rolling_one_step",8,1,1,2,4.72,0.478862288042284,2.42933679863319,1.6350711766188,0.240313902512925,1,1,7.3984,2.72
3,"inad_constrained_alpha","rolling_one_step",8,1,1,2,4.67,0.299513072850052,2.25090057079825,1.48961525141777,0.190760439053117,1,1,7.1289,2.67
3,"nb_glm","rolling_one_step",8,1,1,2,4.41430217478565,NA,2.11424824732582,1.65550131134572,0.150177080619793,NA,NA,5.82885499117474,2.41430217478565
3,"poisson_glm","rolling_one_step",8,1,1,2,4.21601225040204,NA,2.17976399339228,1.65358934756691,0.150631376432726,NA,NA,4.9107102939319,2.21601225040204
3,"inad_unconstrained","rolling_one_step",8,1,2,5,4,0.408495638738882,2.72403087309056,1.20916297177606,0.676984651317646,1,1,1,1
3,"inad_constrained_alpha","rolling_one_step",8,1,2,5,3.83,0.299513072850052,3.13618410902309,1.06185885107015,0.657073389192208,1,1,1.3689,1.17
3,"nb_glm","rolling_one_step",8,1,2,5,3.11883666812581,NA,2.50626203290164,1.17688474800886,0.733656893349205,NA,NA,3.53877548118801,1.88116333187419
3,"poisson_glm","rolling_one_step",8,1,2,5,2.96990690363657,NA,2.41629814317566,1.14386881325551,0.716125325644165,NA,NA,4.12127797990247,2.03009309636343
3,"inad_unconstrained","rolling_one_step",8,1,3,1,4.31,0.402440785530724,2.16388415867598,1.93923232864036,0.128808220821883,1,1,10.9561,3.31
3,"inad_constrained_alpha","rolling_one_step",8,1,3,1,4.05,0.259515866275041,2.16206066487855,1.8066884195137,0.123119089771389,1,1,9.3025,3.05
3,"nb_glm","rolling_one_step",8,1,3,1,3.84547491826623,NA,2.13694223150369,1.88397860018698,0.105893447124558,NA,NA,8.09672751048219,2.84547491826623
3,"poisson_glm","rolling_one_step",8,1,3,1,3.6684083404492,NA,2.46517062991599,1.97339942873733,0.0570739033228882,NA,NA,7.12040307137888,2.6684083404492
3,"inad_unconstrained","rolling_one_step",8,1,4,2,4.55,0.369650394482968,2.38884543727845,1.50201626255037,0.243671469038683,1,1,6.5025,2.55
3,"inad_constrained_alpha","rolling_one_step",8,1,4,2,3.23,0.239888442086034,1.88480672465252,0.742544874304957,0.308845151263924,1,1,1.5129,1.23
3,"nb_glm","rolling_one_step",8,1,4,2,3.50927300402891,NA,1.86744942788829,1.02977708641771,0.237167963190684,NA,NA,2.27790500069046,1.50927300402891
3,"poisson_glm","rolling_one_step",8,1,4,2,3.34507004742223,NA,1.7549379760948,0.958142465136411,0.220062817795239,NA,NA,1.80921343247245,1.34507004742223
3,"inad_unconstrained","rolling_one_step",8,1,5,1,4.47,0.311222743319951,2.44204535674085,2.05289189209275,0.0987617998936511,1,1,12.0409,3.47
3,"inad_constrained_alpha","rolling_one_step",8,1,5,1,5.22,0.272874707623492,3.64833335971959,2.80782711058264,0.0411371069331252,0,1,17.8084,4.22
3,"nb_glm","rolling_one_step",8,1,5,1,4.662711994883,NA,2.34259570487433,2.13218249830271,0.0762103250196577,NA,NA,13.4154591574598,3.662711994883
3,"poisson_glm","rolling_one_step",8,1,5,1,4.45534801399603,NA,2.92460425164069,2.38786099184448,0.042779164065603,NA,NA,11.9394298978263,3.45534801399603
3,"inad_unconstrained","rolling_one_step",8,1,6,4,4.28,0.370388821089242,2.13082329641509,0.908524567474049,0.539397090177185,1,1,0.0784000000000001,0.28
3,"inad_constrained_alpha","rolling_one_step",8,1,6,4,3.7,0.297972949758663,1.92810353040585,0.773870597529445,0.518552493468653,1,1,0.0899999999999999,0.3
3,"nb_glm","rolling_one_step",8,1,6,4,3.50927300402891,NA,2.10957922586671,0.758448715412146,0.611595030561122,NA,NA,0.240812984574806,0.490726995971086
3,"poisson_glm","rolling_one_step",8,1,6,4,3.34507004742223,NA,1.80474632065412,0.589168592758458,0.528537145126242,NA,NA,0.428933242783514,0.654929952577765
3,"inad_unconstrained","rolling_one_step",8,1,7,5,5.18,0.448201794379327,2.04639368763364,1.1347936128,0.538139570919555,1,1,0.0323999999999999,0.18
3,"inad_constrained_alpha","rolling_one_step",8,1,7,5,4.41,0.361281389534864,2.42136862898401,1.0762019776,0.554646846294813,1,1,0.3481,0.59
3,"nb_glm","rolling_one_step",8,1,7,5,4.08347069244466,NA,2.34075899959861,0.983265515068973,0.589793178774881,NA,NA,0.840025971607868,0.916529307555338
3,"poisson_glm","rolling_one_step",8,1,7,5,3.92372831922005,NA,2.02657659190193,0.785358509176092,0.607678356884781,NA,NA,1.1583607308489,1.07627168077995
3,"inad_unconstrained","rolling_one_step",8,1,8,4,6.54,0.496944197424153,2.84957599322811,1.6031769282451,0.37442944217687,1,1,6.4516,2.54
3,"inad_constrained_alpha","rolling_one_step",8,1,8,4,7.07,0.410285685144319,2.48424571123122,1.70621745099378,0.200900803799183,1,1,9.4249,3.07
3,"nb_glm","rolling_one_step",8,1,8,4,6.9563129556671,NA,2.38289362961229,1.66460088707813,0.314877872601859,NA,NA,8.73978629184515,2.9563129556671
3,"poisson_glm","rolling_one_step",8,1,8,4,6.71469248210319,NA,2.37244396906974,1.7232505953796,0.13354316826887,NA,NA,7.36955527238755,2.71469248210319
3,"inad_unconstrained","rolling_one_step",8,1,9,14,5.96,0.370345184328831,4.78749174278205,5.58176173611111,0.927253882331153,0,1,64.6416,8.04
3,"inad_constrained_alpha","rolling_one_step",8,1,9,14,9.42,0.502756040603827,3.26539584050309,2.76044515610652,0.786279565194819,1,1,20.9764,4.58
3,"nb_glm","rolling_one_step",8,1,9,14,8.31556240487806,NA,3.46634590722587,3.25518379488897,0.778946554417646,NA,NA,32.3128307728357,5.68443759512194
3,"poisson_glm","rolling_one_step",8,1,9,14,8.03898473182464,NA,3.86767328987434,3.50516328296041,0.845782444968037,NA,NA,35.5337030274197,5.96101526817536
3,"inad_unconstrained","rolling_one_step",8,1,10,4,5.47,0.458247650393223,2.42136862898401,1.3240132032,0.461078580711186,1,1,2.1609,1.47
3,"inad_constrained_alpha","rolling_one_step",8,1,10,4,6.48,0.347423416457541,2.80772888329261,1.51441218496603,0.250304657091013,1,1,6.1504,2.48
3,"nb_glm","rolling_one_step",8,1,10,4,6.10485568962371,NA,2.30274023314331,1.44896542652475,0.34779555538469,NA,NA,4.43041747414132,2.10485568962371
3,"poisson_glm","rolling_one_step",8,1,10,4,5.88623675479232,NA,2.11817261391487,1.32720328025032,0.170277640469063,NA,NA,3.55788909512947,1.88623675479232
3,"inad_unconstrained","rolling_one_step",8,1,11,16,5.17,0.406277757404483,4.8283137373023,7.3192513216,0.93533105738841,0,0,117.2889,10.83
3,"inad_constrained_alpha","rolling_one_step",8,1,11,16,6.99,0.460235995677404,4.1693997283846,5.56076013609467,0.875876043489131,0,1,81.1801,9.01
3,"nb_glm","rolling_one_step",8,1,11,16,5.77961447694664,NA,4.37945622679293,6.42136503258298,0.895700148806754,NA,NA,104.456280239839,10.2203855230534
3,"poisson_glm","rolling_one_step",8,1,11,16,5.57003542462065,NA,4.85186741051138,7.00178781405454,0.905974427466373,NA,NA,108.784161043668,10.4299645753793
3,"inad_unconstrained","rolling_one_step",8,1,12,11,6.54,0.458680584707788,3.02825546525955,2.6022987392,0.782311385920271,1,1,19.8916,4.46
3,"inad_constrained_alpha","rolling_one_step",8,1,12,11,6.62,0.445806498767609,3.45826388796103,2.73269313964844,0.751238921135482,1,1,19.1844,4.38
3,"nb_glm","rolling_one_step",8,1,12,11,6.10485568962371,NA,3.34136943790305,2.80238002455668,0.77530184194177,NA,NA,23.9624378194093,4.89514431037629
3,"poisson_glm","rolling_one_step",8,1,12,11,5.88623675479232,NA,3.7318268629058,3.02255205228358,0.853498649578643,NA,NA,26.150574528037,5.11376324520768
3,"inad_unconstrained","rolling_one_step",9,1,1,6,2.91,0.260959767013998,3.10998173662906,2.03413355000392,0.840114946033871,1,1,9.5481,3.09
3,"inad_constrained_alpha","rolling_one_step",9,1,1,6,2.33,0.196461114974363,3.09212411922906,2.53419831994156,0.915472308103633,0,1,13.4689,3.67
3,"nb_glm","rolling_one_step",9,1,1,6,3.00172728835668,NA,2.8360925223456,1.94919648283823,0.879838976591136,NA,NA,8.98963925338499,2.99827271164332
3,"poisson_glm","rolling_one_step",9,1,1,6,2.95485238578424,NA,2.95862656450539,1.98701419330087,0.920036313260787,NA,NA,9.27292399236395,3.04514761421576
3,"inad_unconstrained","rolling_one_step",9,1,2,6,3.4,0.279610118167813,3.12752604627997,1.74032148204159,0.817236274721344,1,1,6.76,2.6
3,"inad_constrained_alpha","rolling_one_step",9,1,2,6,3.94,0.241552219504344,2.22446731373009,1.27815580357143,0.776651891320507,1,1,4.2436,2.06
3,"nb_glm","rolling_one_step",9,1,2,6,3.98834454222274,NA,2.5209573794817,1.34165782005603,0.754287022087368,NA,NA,4.04675768080505,2.01165545777726
3,"poisson_glm","rolling_one_step",9,1,2,6,3.93561136897576,NA,2.33053926442,1.22254678200926,0.815776217061813,NA,NA,4.26170041990214,2.06438863102424
3,"inad_unconstrained","rolling_one_step",9,1,3,1,2.86,0.225639383337952,1.626845180806,1.01515070874775,0.269823234479965,1,1,3.4596,1.86
3,"inad_constrained_alpha","rolling_one_step",9,1,3,1,2.22,0.201799980979266,1.5219386664839,0.655686843600357,0.325430485474172,1,1,1.4884,1.22
3,"nb_glm","rolling_one_step",9,1,3,1,2.54199283363447,NA,1.59214777008152,0.836081466598452,0.255941738746989,NA,NA,2.37774189898007,1.54199283363447
3,"poisson_glm","rolling_one_step",9,1,3,1,2.49874394073667,NA,1.64812680123043,0.891997750216706,0.179283128936921,NA,NA,2.24623339989489,1.49874394073667
3,"inad_unconstrained","rolling_one_step",9,1,4,3,2.86,0.250260470370978,1.72220038638759,0.611627143864046,0.51936403318879,1,1,0.0196,0.14
3,"inad_constrained_alpha","rolling_one_step",9,1,4,3,2.53,0.203233954850169,1.86694910725252,0.588402702702703,0.600011084605898,1,1,0.2209,0.47
3,"nb_glm","rolling_one_step",9,1,4,3,3.00172728835668,NA,1.84479424521321,0.564885695779862,0.591662220984089,NA,NA,2.98352506711965e-06,0.00172728835667924
3,"poisson_glm","rolling_one_step",9,1,4,3,2.95485238578424,NA,1.56521917815831,0.429753973291343,0.54139246308209,NA,NA,0.00203830706937526,0.0451476142157619
3,"inad_unconstrained","rolling_one_step",9,1,5,4,2.23,0.192723699223589,2.76405381978994,1.18800541294643,0.817535995776873,1,1,3.1329,1.77
3,"inad_constrained_alpha","rolling_one_step",9,1,5,4,2.07,0.163456972375552,2.89128961018639,1.34803200909014,0.838512567012152,1,1,3.7249,1.93
3,"nb_glm","rolling_one_step",9,1,5,4,2.54199283363447,NA,2.21588651608854,0.977798314946972,0.784620915786139,NA,NA,2.12578489717324,1.45800716636553
3,"poisson_glm","rolling_one_step",9,1,5,4,2.49874394073667,NA,2.04542531589244,0.902207284934481,0.791345122602349,NA,NA,2.25376975547486,1.50125605926333
3,"inad_unconstrained","rolling_one_step",9,1,6,4,3.65,0.269070603929507,1.89361735433468,0.686490158510311,0.609097609000869,1,1,0.1225,0.35
3,"inad_constrained_alpha","rolling_one_step",9,1,6,4,3.21,0.241750769064825,1.95427839872583,0.749748053247153,0.676749057521647,1,1,0.6241,0.79
3,"nb_glm","rolling_one_step",9,1,6,4,3.70108095650531,NA,2.05011942510809,0.696976199747039,0.533004498934792,NA,NA,0.0893525945637797,0.298919043494689
3,"poisson_glm","rolling_one_step",9,1,6,4,3.64981310475906,NA,1.71991144683695,0.511826107222698,0.623236895613751,NA,NA,0.122630861598492,0.350186895240945
3,"inad_unconstrained","rolling_one_step",9,1,7,1,4.71,0.30328004859995,2.45062910043224,2.29683330411279,0.0798545227237802,1,1,13.7641,3.71
3,"inad_constrained_alpha","rolling_one_step",9,1,7,1,5.42,0.317560143035055,2.80772888329261,2.83664137628753,0.066720005807021,0,1,19.5364,4.42
3,"nb_glm","rolling_one_step",9,1,7,1,5.22191117476024,NA,2.52516426030908,2.50466251769143,0.0477231231298936,NA,NA,17.8245339675654,4.22191117476024
3,"poisson_glm","rolling_one_step",9,1,7,1,5.19958041882927,NA,3.40154534919405,2.99611544032646,0.0404589788369329,NA,NA,17.6364756942142,4.19958041882927
3,"inad_unconstrained","rolling_one_step",9,1,8,0,4.97,0.355463845495636,3.68223491139527,3.33000428472222,0.0118802386858345,0,0,24.7009,4.97
3,"inad_constrained_alpha","rolling_one_step",9,1,8,0,5.52,0.380717026865695,3.69053371420996,3.79310253397992,0.0173705294137544,0,0,30.4704,5.52
3,"nb_glm","rolling_one_step",9,1,8,0,4.84579900278537,NA,3.10868238977456,3.35469538411999,0.0201006600768572,NA,NA,23.4817679753957,4.84579900278537
3,"poisson_glm","rolling_one_step",9,1,8,0,4.82199459567842,NA,4.20074014123353,3.78025434132628,0.00583463952351272,NA,NA,23.2516318807519,4.82199459567842
3,"inad_unconstrained","rolling_one_step",9,1,9,11,7.34,0.339702781557614,3.67386666172475,2.31813929807217,0.793139758801612,1,1,13.3956,3.66
3,"inad_constrained_alpha","rolling_one_step",9,1,9,11,9.58,0.40804535299524,2.50873673123952,1.27191292924037,0.66636771258162,1,1,2.0164,1.42
3,"nb_glm","rolling_one_step",9,1,9,11,7.60297816333125,NA,3.03549030702603,2.20818395740482,0.764219736720839,NA,NA,11.5397573588043,3.39702183666875
3,"poisson_glm","rolling_one_step",9,1,9,11,7.5948145156069,NA,2.8500085017719,1.97551879371188,0.830958428509015,NA,NA,11.5952881831215,3.4051854843931
3,"inad_unconstrained","rolling_one_step",9,1,10,7,4.75,0.372372953047904,2.56461043185246,1.64303890405056,0.743296122175594,1,1,5.0625,2.25
3,"inad_constrained_alpha","rolling_one_step",9,1,10,7,4.93,0.334318241902363,2.2133539592661,1.30048820138889,0.746150551843147,1,1,4.2849,2.07
3,"nb_glm","rolling_one_step",9,1,10,7,4.84579900278537,NA,2.65401430200077,1.42722256977159,0.744620249808493,NA,NA,4.6405819364005,2.15420099721463
3,"poisson_glm","rolling_one_step",9,1,10,7,4.82199459567842,NA,2.40985410073737,1.2464378783583,0.798142217623697,NA,NA,4.743707541254,2.17800540432158
3,"inad_unconstrained","rolling_one_step",9,1,11,10,7.45,0.361080029742421,2.60611016275922,1.57405707581466,0.735839863499263,1,1,6.5025,2.55
3,"inad_constrained_alpha","rolling_one_step",9,1,11,10,9.94,0.410178576532788,2.32625000804004,1.12940888397503,0.481874045333205,1,1,0.00360000000000006,0.0600000000000005
3,"nb_glm","rolling_one_step",9,1,11,10,8.00332086763464,NA,2.84996657842582,1.67418473086951,0.67481785156153,NA,NA,3.98672755762327,1.99667913236536
3,"poisson_glm","rolling_one_step",9,1,11,10,7.9982349564658,NA,2.42047072087293,1.23536040056755,0.730817562369289,NA,NA,4.00706328951547,2.0017650435342
3,"inad_unconstrained","rolling_one_step",9,1,12,3,6.31,0.374892577206384,2.00160599239878,2.06331040362081,0.191805184084159,1,1,10.9561,3.31
3,"inad_constrained_alpha","rolling_one_step",9,1,12,3,7.51,0.40364375732604,2.76387678163776,2.94773157348633,0.10201433837743,1,1,20.3401,4.51
3,"nb_glm","rolling_one_step",9,1,12,3,6.93826551619509,NA,2.5225480344806,2.49506764448202,0.205167200070661,NA,NA,15.5099352760514,3.93826551619509
3,"poisson_glm","rolling_one_step",9,1,12,3,6.92539766409247,NA,2.98124192167082,2.85579027464106,0.0897465362503304,NA,NA,15.4087468212626,3.92539766409247
3,"inad_unconstrained","rolling_one_step",10,1,1,1,5.9,0.280511797767703,4.05545546903538,3.36536272294887,0.0330986025379489,0,0,24.01,4.9
3,"inad_constrained_alpha","rolling_one_step",10,1,1,1,4.78,0.288353038387798,3.14476785271448,2.46514671634159,0.061297049053873,0,1,14.2884,3.78
3,"nb_glm","rolling_one_step",10,1,1,1,5.22867618764066,NA,2.52715805462155,2.50858945726896,0.0799169404260863,NA,NA,17.8817022999191,4.22867618764066
3,"poisson_glm","rolling_one_step",10,1,1,1,5.33310577278251,NA,3.48080136854711,3.10112559654218,0.0153719460899067,NA,NA,18.7758056381211,4.33310577278251
3,"inad_unconstrained","rolling_one_step",10,1,2,8,5.54,0.277950653276019,2.25955863354136,1.50934346016647,0.734445323126635,1,1,6.0516,2.46
3,"inad_constrained_alpha","rolling_one_step",10,1,2,8,4.81,0.294287360423533,3.35116575240466,2.08992221550095,0.813207713195528,1,1,10.1761,3.19
3,"nb_glm","rolling_one_step",10,1,2,8,5.22867618764066,NA,2.7647814549124,1.85643942967475,0.770202306260131,NA,NA,7.68023567294991,2.77132381235934
3,"poisson_glm","rolling_one_step",10,1,2,8,5.33310577278251,NA,2.56536403169987,1.61615172832052,0.797387130200949,NA,NA,7.11232481916597,2.66689422721749
3,"inad_unconstrained","rolling_one_step",10,1,3,0,2.61,0.231331237437017,1.91100909704655,1.63803148781213,0.0662476324024289,1,1,6.8121,2.61
3,"inad_constrained_alpha","rolling_one_step",10,1,3,0,3.25,0.250806779023296,2.17945240759042,2.12050614595719,0.0519711629262772,1,1,10.5625,3.25
3,"nb_glm","rolling_one_step",10,1,3,0,3.12842255227997,NA,2.33280197299027,2.03606153864094,0.0171980964508316,NA,NA,9.78702766561392,3.12842255227997
3,"poisson_glm","rolling_one_step",10,1,3,0,3.1769262497873,NA,3.10241792988262,2.32892680383483,0.0348964997284576,NA,NA,10.0928603965876,3.1769262497873
3,"inad_unconstrained","rolling_one_step",10,1,4,3,3.79,0.255562362667356,1.6424777665123,0.677445868055555,0.34229210859281,1,1,0.6241,0.79
3,"inad_constrained_alpha","rolling_one_step",10,1,4,3,4.29,0.271283890961018,1.7823303789392,0.774837680824869,0.404410601510429,1,1,1.6641,1.29
3,"nb_glm","rolling_one_step",10,1,4,3,4.15668240767572,NA,1.99314683078406,0.914027717198219,0.34135693078994,NA,NA,1.33791419222649,1.15668240767572
3,"poisson_glm","rolling_one_step",10,1,4,3,4.23139481593494,NA,1.81537837359654,0.876531555011399,0.303411562551941,NA,NA,1.51633319271145,1.23139481593494
3,"inad_unconstrained","rolling_one_step",10,1,5,4,4.46,0.259533380815601,1.90235103430343,0.647125610586011,0.435462229956751,1,1,0.2116,0.46
3,"inad_constrained_alpha","rolling_one_step",10,1,5,4,4.05,0.250806779023296,2.01004757070304,0.6478812514684,0.502152589110501,1,1,0.00249999999999998,0.0499999999999998
3,"nb_glm","rolling_one_step",10,1,5,4,4.55490864448679,NA,2.06327334191523,0.736048756518009,0.475237449425694,NA,NA,0.307923603726172,0.554908644486795
3,"poisson_glm","rolling_one_step",10,1,5,4,4.64040627384504,NA,1.75704144309939,0.598534781748837,0.331965741697387,NA,NA,0.41012019558009,0.640406273845041
3,"inad_unconstrained","rolling_one_step",10,1,6,6,4.76,0.304882822332671,2.20498570959559,1.02840189252171,0.697386625873066,1,1,1.5376,1.24
3,"inad_constrained_alpha","rolling_one_step",10,1,6,6,4.62,0.290864264223057,2.25090057079825,1.04955327032136,0.699647818924859,1,1,1.9044,1.38
3,"nb_glm","rolling_one_step",10,1,6,6,4.55490864448679,NA,2.46120077453343,1.12389529757745,0.65522630597375,NA,NA,2.08828902577899,1.44509135551321
3,"poisson_glm","rolling_one_step",10,1,6,6,4.64040627384504,NA,2.10349751327426,0.860048423805272,0.685826913574855,NA,NA,1.84849510019992,1.35959372615496
3,"inad_unconstrained","rolling_one_step",10,1,7,5,3.81,0.276958590056457,2.03624994309706,0.904098892687277,0.655322384347914,1,1,1.4161,1.19
3,"inad_constrained_alpha","rolling_one_step",10,1,7,5,4.96,0.330570367209113,2.5006395210069,0.922310688082491,0.526591979523182,1,1,0.0016,0.04
3,"nb_glm","rolling_one_step",10,1,7,5,4.09602142246677,NA,2.32332396520421,0.952610232049258,0.622047916154436,NA,NA,0.817177268639011,0.903978577533235
3,"poisson_glm","rolling_one_step",10,1,7,5,4.1972344247897,NA,1.95077247646845,0.70324441550954,0.606308892559498,NA,NA,0.644432568742725,0.802765575210301
3,"inad_unconstrained","rolling_one_step",10,1,8,0,3.15,0.228024010786034,2.31155376297681,1.98830369100765,0.0522461857380612,1,1,9.9225,3.15
3,"inad_constrained_alpha","rolling_one_step",10,1,8,0,4.17,0.32630623281782,2.6740204525159,2.64785070494558,0.00919938205651796,0,1,17.3889,4.17
3,"nb_glm","rolling_one_step",10,1,8,0,3.08276758623763,NA,2.31874292502344,2.03402595289472,0.0651575567614465,NA,NA,9.50345599075741,3.08276758623763
3,"poisson_glm","rolling_one_step",10,1,8,0,3.15127866830338,NA,3.09022418873743,2.33211064368231,0.0283927624006807,NA,NA,9.93055724530393,3.15127866830338
3,"inad_unconstrained","rolling_one_step",10,1,9,5,10.44,0.466952293542332,2.54826756999615,3.27440174268373,0.0749465185600557,1,1,29.5936,5.44
3,"inad_constrained_alpha","rolling_one_step",10,1,9,5,8.66,0.436288293158864,2.60611016275922,2.13879290105096,0.244771982250977,1,1,13.3956,3.66
3,"nb_glm","rolling_one_step",10,1,9,5,8.53890145848159,NA,2.60058980755379,2.18778970242606,0.259677902611227,NA,NA,12.5238235328432,3.53890145848159
3,"poisson_glm","rolling_one_step",10,1,9,5,8.80501489991993,NA,2.82110306232274,2.59188713350916,0.116456747366624,NA,NA,14.4781383886127,3.80501489991993
3,"inad_unconstrained","rolling_one_step",10,1,10,10,7.45,0.391416748117746,2.85773930386727,1.64009795095512,0.710622481516888,1,1,6.5025,2.55
3,"inad_constrained_alpha","rolling_one_step",10,1,10,10,6.89,0.418244286067703,2.78704384091929,1.87400716158732,0.673495964266427,1,1,9.6721,3.11
3,"nb_glm","rolling_one_step",10,1,10,10,7.23111203298358,NA,2.98379955171602,1.85889021436418,0.686503328654792,NA,NA,7.66674057388834,2.76888796701642
3,"poisson_glm","rolling_one_step",10,1,10,10,7.445880455863,NA,2.6226791726211,1.45386830550793,0.723412280415134,NA,NA,6.52352664574259,2.554119544137
3,"inad_unconstrained","rolling_one_step",10,1,11,4,9.78,0.408886144039974,3.41025466877466,3.66528288094598,0.122240385920378,1,1,33.4084,5.78
3,"inad_constrained_alpha","rolling_one_step",10,1,11,4,7.62,0.374915478690352,2.38884543727845,2.10117153199918,0.219701884571455,1,1,13.1044,3.62
3,"nb_glm","rolling_one_step",10,1,11,4,8.23965067747971,NA,2.55376559171633,2.19470462335634,0.216041045397897,NA,NA,17.9746378670542,4.23965067747971
3,"poisson_glm","rolling_one_step",10,1,11,4,8.49384752981896,NA,3.1019547172359,2.94395501693389,0.0803811207633133,NA,NA,20.19466562126,4.49384752981896
3,"inad_unconstrained","rolling_one_step",10,1,12,2,5.24,0.297504774598814,2.03624994309706,1.83954467895363,0.0859358079343681,1,1,10.4976,3.24
3,"inad_constrained_alpha","rolling_one_step",10,1,12,2,5.4,0.330289129537908,2.27665306690066,1.95648990232692,0.0884125169256102,1,1,11.56,3.4
3,"nb_glm","rolling_one_step",10,1,12,2,5.44231474607615,NA,2.28688627857894,1.90680071570173,0.130649247483533,NA,NA,11.8495308110533,3.44231474607615
3,"poisson_glm","rolling_one_step",10,1,12,2,5.59035828656957,NA,2.84016675688774,2.40695976031233,0.0924458937571713,NA,NA,12.8906726259387,3.59035828656957
3,"inad_unconstrained","rolling_one_step",11,1,1,6,3.6,0.278886675511358,2.33798702004496,1.47778563327032,0.726872852482428,1,1,5.76,2.4
3,"inad_constrained_alpha","rolling_one_step",11,1,1,6,3.28,0.295446930748805,2.78175339688935,1.80255918744229,0.812324491477972,1,1,7.3984,2.72
3,"nb_glm","rolling_one_step",11,1,1,6,2.83248820741445,NA,2.94234443082722,2.00472560858357,0.844143648688983,NA,NA,10.0331309561685,3.16751179258555
3,"poisson_glm","rolling_one_step",11,1,1,6,2.7379219505219,NA,3.17144993799618,2.10849161809669,0.889107985239262,NA,NA,10.6411532008868,3.2620780494781
3,"inad_unconstrained","rolling_one_step",11,1,2,6,5.31,0.380243143902488,3.38535711715294,1.10158392062707,0.59775178596665,1,1,0.476100000000001,0.69
3,"inad_constrained_alpha","rolling_one_step",11,1,2,6,5.61,0.313305930458723,1.9716701414377,0.83126912158145,0.576515678506674,1,1,0.1521,0.39
3,"nb_glm","rolling_one_step",11,1,2,6,5.24787363320215,NA,2.39582219932364,1.00324717621796,0.611426024534266,NA,NA,0.565694071632535,0.75212636679785
3,"poisson_glm","rolling_one_step",11,1,2,6,5.09947599787719,NA,2.00355677859741,0.729573961328587,0.560457864562927,NA,NA,0.81094347839928,0.900524002122808
3,"inad_unconstrained","rolling_one_step",11,1,3,1,2.88,0.223055005219644,1.608987563406,0.971278029380732,0.28391756015427,1,1,3.5344,1.88
3,"inad_constrained_alpha","rolling_one_step",11,1,3,1,2.8,0.270054240717107,1.59118447212475,0.917527039088951,0.384763207307592,1,1,3.24,1.8
3,"nb_glm","rolling_one_step",11,1,3,1,2.13180106586429,NA,1.46254903637513,0.65601387492493,0.336933643434248,NA,NA,1.28097365269154,1.13180106586429
3,"poisson_glm","rolling_one_step",11,1,3,1,2.0556285794286,NA,1.41918966540252,0.643941971205566,0.149530341176006,NA,NA,1.11435169770644,1.0556285794286
3,"inad_unconstrained","rolling_one_step",11,1,4,15,3.8,0.320037876546265,4.76217393479776,8.73684033895829,0.993117883234309,0,0,125.44,11.2
3,"inad_constrained_alpha","rolling_one_step",11,1,4,15,3.52,0.263035888783031,4.76217393479776,9.20113045510994,0.997768597790781,0,0,131.7904,11.48
3,"nb_glm","rolling_one_step",11,1,4,15,3.76347942292129,NA,4.64752466756875,8.9789548930962,0.995575839761461,NA,NA,126.259394679113,11.2365205770787
3,"poisson_glm","rolling_one_step",11,1,4,15,3.64667853043441,NA,4.76163254987199,9.38118886820923,0.999697377015919,NA,NA,128.897908391299,11.3533214695656
3,"inad_unconstrained","rolling_one_step",11,1,5,1,4.3,0.331357782159979,2.38884543727845,2.05596767980329,0.0948881479640576,1,1,10.89,3.3
3,"inad_constrained_alpha","rolling_one_step",11,1,5,1,4.25,0.258345552008205,2.44204535674085,2.06790678507729,0.103464577935299,1,1,10.5625,3.25
3,"nb_glm","rolling_one_step",11,1,5,1,4.12403529438704,NA,2.2152678518173,1.98853357573241,0.143242589779201,NA,NA,9.75959652057591,3.12403529438704
3,"poisson_glm","rolling_one_step",11,1,5,1,3.99917064406217,NA,2.66706823622524,2.16673324051586,0.0478034785946727,NA,NA,8.99502455220428,2.99917064406217
3,"inad_unconstrained","rolling_one_step",11,1,6,3,5.35,0.387526473517317,2.48424571123122,1.50917492657605,0.285873609518879,1,1,5.5225,2.35
3,"inad_constrained_alpha","rolling_one_step",11,1,6,3,4.62,0.318386081620565,2.13082329641509,1.003587515006,0.293205100527961,1,1,2.6244,1.62
3,"nb_glm","rolling_one_step",11,1,6,3,4.73406753543807,NA,2.08220548818294,1.1499196392962,0.267666777997118,NA,NA,3.00699021746025,1.73406753543807
3,"poisson_glm","rolling_one_step",11,1,6,3,4.59614930020296,NA,1.93405356061722,1.08160171061076,0.281549323696153,NA,NA,2.54769258853839,1.59614930020296
3,"inad_unconstrained","rolling_one_step",11,1,7,9,5.81,0.406933593470666,2.70763706331488,2.05237548664709,0.759322745835135,1,1,10.1761,3.19
3,"inad_constrained_alpha","rolling_one_step",11,1,7,9,6.3,0.406885187191123,2.60611016275922,1.75615978584176,0.673808065087921,1,1,7.29,2.7
3,"nb_glm","rolling_one_step",11,1,7,9,5.81866385576168,NA,2.94279647130517,1.95684684946535,0.751392669149949,NA,NA,10.1208996626371,3.18133614423832
3,"poisson_glm","rolling_one_step",11,1,7,9,5.69728059371282,NA,2.87984116057751,1.89530167826029,0.83166550044378,NA,NA,10.9079554766659,3.30271940628718
3,"inad_unconstrained","rolling_one_step",11,1,8,0,4.44,0.354856636295888,2.38054663446376,2.87176938888889,0.0667035821999889,1,1,19.7136,4.44
3,"inad_constrained_alpha","rolling_one_step",11,1,8,0,4.6,0.380589654153243,2.36373951614738,2.81482648664177,0.0673045066112289,1,1,21.16,4.6
3,"nb_glm","rolling_one_step",11,1,8,0,2.79115199059471,NA,2.19245175688252,1.92322469246202,0.0103818325417244,NA,NA,7.79052943460078,2.79115199059471
3,"poisson_glm","rolling_one_step",11,1,8,0,2.71581848610332,NA,2.74871211437925,2.06147199482012,0.0171389736538526,NA,NA,7.37567004946055,2.71581848610332
3,"inad_unconstrained","rolling_one_step",11,1,9,2,5.72,0.420696872564865,2.13469001591031,2.40810012207031,0.180804218858611,1,1,13.8384,3.72
3,"inad_constrained_alpha","rolling_one_step",11,1,9,2,6.08,0.479410412313232,2.34225034938648,2.45460258251449,0.142288798728278,1,1,16.6464,4.08
3,"nb_glm","rolling_one_step",11,1,9,2,5.81866385576168,NA,2.46634064146363,2.55162739076395,0.105833105832498,NA,NA,14.5821936433007,3.81866385576168
3,"poisson_glm","rolling_one_step",11,1,9,2,5.69728059371282,NA,2.98029358335998,2.8104535992381,0.0570553693718506,NA,NA,13.6698837886454,3.69728059371282
3,"inad_unconstrained","rolling_one_step",11,1,10,5,6.49,0.33799617474376,2.97062635242291,1.11405927176099,0.349859095046482,1,1,2.2201,1.49
3,"inad_constrained_alpha","rolling_one_step",11,1,10,5,8.76,0.601365449656367,2.57125708822085,2.33280393709826,0.263776524218865,1,1,14.1376,3.76
3,"nb_glm","rolling_one_step",11,1,10,5,7.46021772543696,NA,2.50875008573359,1.88652931267509,0.277864392003991,NA,NA,6.05267125655419,2.46021772543696
3,"poisson_glm","rolling_one_step",11,1,10,5,7.32012321590234,NA,2.34023024506653,1.77474732821299,0.191155209495394,NA,NA,5.382971736969,2.32012321590234
3,"inad_unconstrained","rolling_one_step",11,1,11,2,5.93,0.511139546859404,2.29339666693964,2.51530307100592,0.15408857585719,1,1,15.4449,3.93
3,"inad_constrained_alpha","rolling_one_step",11,1,11,2,5.88,0.365778538727929,2.28509193554653,2.24880399689287,0.15223609960683,1,1,15.0544,3.88
3,"nb_glm","rolling_one_step",11,1,11,2,5.39957011258198,NA,2.3820766432319,2.39378991170517,0.184367609790401,NA,NA,11.5570769503606,3.39957011258198
3,"poisson_glm","rolling_one_step",11,1,11,2,5.28355252155757,NA,2.76907272422533,2.57731795384199,0.0504023677580058,NA,NA,10.7817171618271,3.28355252155757
3,"inad_unconstrained","rolling_one_step",11,1,12,2,5,0.394405318873308,2.23804657185647,1.76354552184546,0.186689279628236,1,1,9,3
3,"inad_constrained_alpha","rolling_one_step",11,1,12,2,4.69,0.370556502050795,2.2216527620808,1.58860267058261,0.195493980742191,1,1,7.2361,2.69
3,"nb_glm","rolling_one_step",11,1,12,2,4.37927112181752,NA,2.08169507010111,1.52505676276904,0.173102611608089,NA,NA,5.66093107111479,2.37927112181752
3,"poisson_glm","rolling_one_step",11,1,12,2,4.2775115672043,NA,2.1858836952717,1.59709105562738,0.0973337877098692,NA,NA,5.1870589387494,2.2775115672043
3,"inad_unconstrained","rolling_one_step",12,1,1,2,3.25,0.227580599553058,2.00115862328579,0.771387555803571,0.311851212457197,1,1,1.5625,1.25
3,"inad_constrained_alpha","rolling_one_step",12,1,1,2,2.99,0.217652767666132,1.3766976995896,0.605421946747449,0.343620602790948,1,1,0.9801,0.99
3,"nb_glm","rolling_one_step",12,1,1,2,3.2881461223967,NA,1.73331871571269,0.703884229418522,0.318057592002878,NA,NA,1.65932043264564,1.2881461223967
3,"poisson_glm","rolling_one_step",12,1,1,2,3.45020224465242,NA,1.71795707385749,0.823884185897628,0.316366369071236,NA,NA,2.10308655039493,1.45020224465242
3,"inad_unconstrained","rolling_one_step",12,1,2,2,3.07,0.218468036170701,1.94546776904368,0.721870287414833,0.333978359626041,1,1,1.1449,1.07
3,"inad_constrained_alpha","rolling_one_step",12,1,2,2,2.95,0.209074439404058,1.55734059353482,0.60773136483932,0.280677875279834,1,1,0.9025,0.95
3,"nb_glm","rolling_one_step",12,1,2,2,3.2881461223967,NA,1.7690969578245,0.782551477949033,0.295118786589649,NA,NA,1.65932043264564,1.2881461223967
3,"poisson_glm","rolling_one_step",12,1,2,2,3.45020224465242,NA,1.74519752013754,0.880126424171893,0.20474543696906,NA,NA,2.10308655039493,1.45020224465242
3,"inad_unconstrained","rolling_one_step",12,1,3,1,0.54,0.0809289500086029,1.59995916847956,0.421543365079365,0.672214867078477,1,1,0.2116,0.46
3,"inad_constrained_alpha","rolling_one_step",12,1,3,1,0.95,0.108595254467814,1.23851312957811,0.272309953703704,0.51508078923298,1,1,0.0025,0.05
3,"nb_glm","rolling_one_step",12,1,3,1,1.96736422668764,NA,1.33780787440245,0.463505978209809,0.35227086723209,NA,NA,0.93579354707498,0.967364226687642
3,"poisson_glm","rolling_one_step",12,1,3,1,2.05528233361712,NA,1.3600422613879,0.548998778011795,0.29161978736848,NA,NA,1.11362080364439,1.05528233361712
3,"inad_unconstrained","rolling_one_step",12,1,4,9,8.62,0.369487769921025,2.24614378208909,1.00820998959417,0.559200220589917,1,1,0.144400000000001,0.380000000000001
3,"inad_constrained_alpha","rolling_one_step",12,1,4,9,5.98,0.295070613017743,3.13618410902309,1.97985172413793,0.83799504716158,1,1,9.1204,3.02
3,"nb_glm","rolling_one_step",12,1,4,9,4.61475954151472,NA,3.26103676237532,2.56152110612669,0.795176096928793,NA,NA,19.2303338787362,4.38524045848528
3,"poisson_glm","rolling_one_step",12,1,4,9,4.85624667633706,NA,3.37276298034355,2.4524908218838,0.852269622142063,NA,NA,17.1706916073676,4.14375332366294
3,"inad_unconstrained","rolling_one_step",12,1,5,0,0.58,0.0944735546343659,0.519900948140908,0.194487011966111,0.463949426497185,1,1,0.3364,0.58
3,"inad_constrained_alpha","rolling_one_step",12,1,5,0,0.75,0.0998736575616788,0.760355930253395,0.32867161351166,0.37540192727407,1,1,0.5625,0.75
3,"nb_glm","rolling_one_step",12,1,5,0,1.96736422668764,NA,1.59000155230047,1.05565538784854,0.102093851275497,NA,NA,3.87052200045026,1.96736422668764
3,"poisson_glm","rolling_one_step",12,1,5,0,2.05528233361712,NA,2.04291003539773,1.28969703250211,0.116252621350078,NA,NA,4.22418547087862,2.05528233361712
3,"inad_unconstrained","rolling_one_step",12,1,6,3,1.43,0.145820562211357,2.10799344360828,1.03409424725652,0.811621906616622,1,1,2.4649,1.57
3,"inad_constrained_alpha","rolling_one_step",12,1,6,3,1.78,0.174413881386207,1.98314011778311,0.83768705785124,0.764001495410942,1,1,1.4884,1.22
3,"nb_glm","rolling_one_step",12,1,6,3,2.61400374594641,NA,1.82309810562354,0.564649109698934,0.680248712992749,NA,NA,0.148993108143405,0.385996254053592
3,"poisson_glm","rolling_one_step",12,1,6,3,2.73746078063109,NA,1.54779735874243,0.420684218353833,0.509965616661039,NA,NA,0.0689268417068387,0.262539219368914
3,"inad_unconstrained","rolling_one_step",12,1,7,13,5.87,0.27839910309852,4.76217393479776,5.25538596683469,0.97180407291334,0,0,50.8369,7.13
3,"inad_constrained_alpha","rolling_one_step",12,1,7,13,5.58,0.298203374436395,4.05545546903538,5.47245570749108,0.976113328799396,0,0,55.0564,7.42
3,"nb_glm","rolling_one_step",12,1,7,13,4.98307335008238,NA,4.0248574208808,5.90396655509045,0.961930894105026,NA,NA,64.2711129101593,8.01692664991762
3,"poisson_glm","rolling_one_step",12,1,7,13,5.2826625709368,NA,4.57513530558622,5.91975634934957,0.974607185556909,NA,NA,59.5572969940198,7.7173374290632
3,"inad_unconstrained","rolling_one_step",12,1,8,6,1.52,0.158579553371406,3.99321316015816,3.49024657857083,0.964586985468215,0,1,20.0704,4.48
3,"inad_constrained_alpha","rolling_one_step",12,1,8,6,2.12,0.218479594775653,3.30671398983382,2.72258350413223,0.913879464289046,0,1,15.0544,3.88
3,"nb_glm","rolling_one_step",12,1,8,6,1.93865328835968,NA,3.5522765369657,3.02280179835215,0.953043901911651,NA,NA,16.4945371121517,4.06134671164032
3,"poisson_glm","rolling_one_step",12,1,8,6,2.03868987380555,NA,3.86241715130665,2.98584502487458,0.968149598917377,NA,NA,15.6919779158907,3.96131012619445
3,"inad_unconstrained","rolling_one_step",12,1,9,2,2.61,0.204936550910251,1.80975831890425,0.549788418147878,0.332489965510248,1,1,0.3721,0.61
3,"inad_constrained_alpha","rolling_one_step",12,1,9,2,2.68,0.244899484637591,1.88480672465252,0.629189004620566,0.49844427769163,1,1,0.4624,0.68
3,"nb_glm","rolling_one_step",12,1,9,2,3.04171481507934,NA,1.70217401601569,0.650405775101165,0.415411437977845,NA,NA,1.08516975595578,1.04171481507934
3,"poisson_glm","rolling_one_step",12,1,9,2,3.21100970546002,NA,1.63659646018561,0.719067973891676,0.285211821620846,NA,NA,1.46654450671837,1.21100970546002
3,"inad_unconstrained","rolling_one_step",12,1,10,2,4.44,0.272036836483665,2.17079434484731,1.35882387901701,0.19184504390346,1,1,5.9536,2.44
3,"inad_constrained_alpha","rolling_one_step",12,1,10,2,4.6,0.303181780321958,1.9716701414377,1.45038243162901,0.196773436976243,1,1,6.76,2.6
3,"nb_glm","rolling_one_step",12,1,10,2,4.04147529616561,NA,1.94024360379029,1.12957659108918,0.25216813528654,NA,NA,4.16762138485448,2.04147529616561
3,"poisson_glm","rolling_one_step",12,1,10,2,4.27679107203385,NA,2.12689698252689,1.41134075660079,0.142608915336206,NA,NA,5.18377758569307,2.27679107203385
3,"inad_unconstrained","rolling_one_step",12,1,11,3,2.86,0.197979694908239,1.7646308018398,0.501804719387755,0.502302023940553,1,1,0.0196,0.14
3,"inad_constrained_alpha","rolling_one_step",12,1,11,3,3.01,0.236342073608521,2.09663193166681,0.59323997731569,0.538814053523253,1,1,9.99999999999957e-05,0.00999999999999979
3,"nb_glm","rolling_one_step",12,1,11,3,3.04171481507934,NA,1.86513774861409,0.590635757860108,0.58080788712777,NA,NA,0.0017401257971033,0.0417148150793372
3,"poisson_glm","rolling_one_step",12,1,11,3,3.21100970546002,NA,1.58927304671963,0.470061042963278,0.440777301770367,NA,NA,0.0445250957983255,0.211009705460023
3,"inad_unconstrained","rolling_one_step",12,1,12,3,2.35,0.200693242979872,2.14436108777915,0.697059845344388,0.621780083811443,1,1,0.4225,0.65
3,"inad_constrained_alpha","rolling_one_step",12,1,12,3,3.1,0.238894761496997,1.70817275311979,0.586349360800643,0.556253564778047,1,1,0.01,0.1
3,"nb_glm","rolling_one_step",12,1,12,3,3.04171481507934,NA,1.88319799471187,0.617945182897781,0.544609184644827,NA,NA,0.0017401257971033,0.0417148150793372
3,"poisson_glm","rolling_one_step",12,1,12,3,3.21100970546002,NA,1.60652096596666,0.497066836314008,0.457927033635238,NA,NA,0.0445250957983255,0.211009705460023
3,"inad_unconstrained","recursive_multi_step",9,1,1,6,2.58,0.230581171754497,3.63094161700772,2.36281075715605,0.87306837555838,0,1,11.6964,3.42
3,"inad_constrained_alpha","recursive_multi_step",9,1,1,6,3.13,0.241064558183324,2.8330466912769,1.73510238194444,0.822225119848231,1,1,8.2369,2.87
3,"nb_glm","recursive_multi_step",9,1,1,6,3.00172728835668,NA,2.89992320381749,1.77674119240547,0.785959568543773,NA,NA,8.98963925338499,2.99827271164332
3,"poisson_glm","recursive_multi_step",9,1,1,6,2.95485238578424,NA,3.01878589866195,1.80771495813123,0.83275175366868,NA,NA,9.27292399236395,3.04514761421576
3,"inad_unconstrained","recursive_multi_step",9,1,2,6,3.73,0.238621885082664,2.64804496611264,1.41836982917821,0.797425641107798,1,1,5.1529,2.27
3,"inad_constrained_alpha","recursive_multi_step",9,1,2,6,4.06,0.284558846943365,2.96211566275501,1.33768868434509,0.732141507131995,1,1,3.7636,1.94
3,"nb_glm","recursive_multi_step",9,1,2,6,3.98834454222274,NA,2.54206116792689,1.31494980637421,0.69930069479392,NA,NA,4.04675768080505,2.01165545777726
3,"poisson_glm","recursive_multi_step",9,1,2,6,3.93561136897576,NA,2.34783426504111,1.19698343149369,0.740907334889309,NA,NA,4.26170041990214,2.06438863102424
3,"inad_unconstrained","recursive_multi_step",9,1,3,1,2.76,0.21183183725004,1.65552901963437,0.940885398912426,0.290254740855145,1,1,3.0976,1.76
3,"inad_constrained_alpha","recursive_multi_step",9,1,3,1,2.54,0.263396616868512,1.44816976483798,0.806806643876338,0.368139520202651,1,1,2.3716,1.54
3,"nb_glm","recursive_multi_step",9,1,3,1,2.54199283363447,NA,1.61960088405053,0.904108263096309,0.299423471388839,NA,NA,2.37774189898007,1.54199283363447
3,"poisson_glm","recursive_multi_step",9,1,3,1,2.49874394073667,NA,1.67434031950296,0.949929389152888,0.191137242858351,NA,NA,2.24623339989489,1.49874394073667
3,"inad_unconstrained","recursive_multi_step",9,1,4,3,2.66,0.235367754371706,1.91100909704655,0.634603017241379,0.634452419700101,1,1,0.1156,0.34
3,"inad_constrained_alpha","recursive_multi_step",9,1,4,3,2.69,0.208261199633362,1.5823738424426,0.512222546793014,0.507993428163865,1,1,0.0961,0.31
3,"nb_glm","recursive_multi_step",9,1,4,3,3.00172728835668,NA,1.87423536585514,0.601439300314312,0.460363792270285,NA,NA,2.98352506711965e-06,0.00172728835667924
3,"poisson_glm","recursive_multi_step",9,1,4,3,2.95485238578424,NA,1.5914764762169,0.45941148812951,0.487407217695426,NA,NA,0.00203830706937526,0.0451476142157619
3,"inad_unconstrained","recursive_multi_step",9,1,5,4,2.49,0.24015777642158,2.91844059925234,1.15340099649235,0.764002642334006,1,1,2.2801,1.51
3,"inad_constrained_alpha","recursive_multi_step",9,1,5,4,2.6,0.238683256575942,2.43338729399773,1.02947457088847,0.721877559621515,1,1,1.96,1.4
3,"nb_glm","recursive_multi_step",9,1,5,4,2.54199283363447,NA,2.24490448394223,0.955310027890785,0.75493076040417,NA,NA,2.12578489717324,1.45800716636553
3,"poisson_glm","recursive_multi_step",9,1,5,4,2.49874394073667,NA,2.07191353823126,0.878171035465536,0.804063530319379,NA,NA,2.25376975547486,1.50125605926333
3,"inad_unconstrained","recursive_multi_step",9,1,6,4,3.13,0.264634300745979,2.18803615128181,0.847517795310103,0.60885351410661,1,1,0.7569,0.87
3,"inad_constrained_alpha","recursive_multi_step",9,1,6,4,3.63,0.235125154723688,1.77351974925705,0.602387352181064,0.593758110866173,1,1,0.1369,0.37
3,"nb_glm","recursive_multi_step",9,1,6,4,3.70108095650531,NA,2.08151679945021,0.727666533325598,0.51044004069661,NA,NA,0.0893525945637797,0.298919043494689
3,"poisson_glm","recursive_multi_step",9,1,6,4,3.64981310475906,NA,1.74598685717027,0.534395355212816,0.613792583776573,NA,NA,0.122630861598492,0.350186895240945
3,"inad_unconstrained","recursive_multi_step",9,1,7,1,5.17,0.314965125534606,3.37691824850707,2.67243815713875,0.0452457837407651,0,1,17.3889,4.17
3,"inad_constrained_alpha","recursive_multi_step",9,1,7,1,5.06,0.298081407089616,3.14476785271448,2.5898425012784,0.0354781626061433,0,1,16.4836,4.06
3,"nb_glm","recursive_multi_step",9,1,7,1,5.22191117476024,NA,2.53723096356831,2.55245426992407,0.0557779317643176,NA,NA,17.8245339675654,4.22191117476024
3,"poisson_glm","recursive_multi_step",9,1,7,1,5.19958041882927,NA,3.4101212697617,3.02290372196196,0.0366925584102122,NA,NA,17.6364756942142,4.19958041882927
3,"inad_unconstrained","recursive_multi_step",9,1,8,0,4.38,0.301102351805206,2.79914513960121,2.89360274970274,0.026632050291338,0,1,19.1844,4.38
3,"inad_constrained_alpha","recursive_multi_step",9,1,8,0,5.03,0.331344064212548,3.67386666172475,3.459907005155,0.0232555431964173,0,0,25.3009,5.03
3,"nb_glm","recursive_multi_step",9,1,8,0,4.84579900278537,NA,3.09034337231861,3.27540400643376,0.0168531099158755,NA,NA,23.4817679753957,4.84579900278537
3,"poisson_glm","recursive_multi_step",9,1,8,0,4.82199459567842,NA,4.18407042786002,3.7224415300816,0.00955502464447271,NA,NA,23.2516318807519,4.82199459567842
3,"inad_unconstrained","recursive_multi_step",9,1,9,11,7.86,0.418032911565005,2.76387678163776,2.033083203125,0.725148185026501,1,1,9.8596,3.14
3,"inad_constrained_alpha","recursive_multi_step",9,1,9,11,8.67,0.377940992668689,2.48424571123122,1.45931032716345,0.682400688365899,1,1,5.4289,2.33
3,"nb_glm","recursive_multi_step",9,1,9,11,7.60297816333125,NA,3.07246317428815,2.14362807843163,0.73515904922176,NA,NA,11.5397573588043,3.39702183666875
3,"poisson_glm","recursive_multi_step",9,1,9,11,7.5948145156069,NA,2.88176127933896,1.90739885351966,0.7655794127236,NA,NA,11.5952881831215,3.4051854843931
3,"inad_unconstrained","recursive_multi_step",9,1,10,7,4.59,0.304211183956876,2.7904870768581,1.563313731569,0.785861142868864,1,1,5.8081,2.41
3,"inad_constrained_alpha","recursive_multi_step",9,1,10,7,5.36,0.372954353098271,2.45913979010015,1.33470673656995,0.657130546023462,1,1,2.6896,1.64
3,"nb_glm","recursive_multi_step",9,1,10,7,4.84579900278537,NA,2.63458583353661,1.4465716156706,0.756727726744536,NA,NA,4.6405819364005,2.15420099721463
3,"poisson_glm","recursive_multi_step",9,1,10,7,4.82199459567842,NA,2.39303685143129,1.26693991971983,0.740174247031505,NA,NA,4.743707541254,2.17800540432158
3,"inad_unconstrained","recursive_multi_step",9,1,11,10,7.13,0.37756663737222,2.99573227355399,1.85548584796121,0.73916463736083,1,1,8.2369,2.87
3,"inad_constrained_alpha","recursive_multi_step",9,1,11,10,9.61,0.447641405907483,2.76387678163776,1.27858739624023,0.554590268936954,1,1,0.1521,0.390000000000001
3,"nb_glm","recursive_multi_step",9,1,11,10,8.00332086763464,NA,2.88862462368371,1.67757417126926,0.634606277101008,NA,NA,3.98672755762327,1.99667913236536
3,"poisson_glm","recursive_multi_step",9,1,11,10,7.9982349564658,NA,2.45222857962343,1.23196531166133,0.690567551548222,NA,NA,4.00706328951547,2.0017650435342
3,"inad_unconstrained","recursive_multi_step",9,1,12,3,6.26,0.337734579906539,1.86641349614974,1.98170630853278,0.117410272785891,1,1,10.6276,3.26
3,"inad_constrained_alpha","recursive_multi_step",9,1,12,3,7.61,0.3847851295978,2.38884543727845,2.75914115839082,0.0936810199675066,1,1,21.2521,4.61
3,"nb_glm","recursive_multi_step",9,1,12,3,6.93826551619509,NA,2.4877465178247,2.30514733408594,0.151924143591628,NA,NA,15.5099352760514,3.93826551619509
3,"poisson_glm","recursive_multi_step",9,1,12,3,6.92539766409247,NA,2.94949230292744,2.71403967090331,0.0917457709930183,NA,NA,15.4087468212626,3.92539766409247
3,"inad_unconstrained","recursive_multi_step",10,2,1,1,3.57,0.277162753484648,2.17079434484731,1.45728561814745,0.154801659112391,1,1,6.6049,2.57
3,"inad_constrained_alpha","recursive_multi_step",10,2,1,1,3.72,0.299858552512933,2.13919154608561,1.67546493055556,0.198286382018841,1,1,7.3984,2.72
3,"nb_glm","recursive_multi_step",10,2,1,1,4.15741823718996,NA,2.21796907003154,1.97469906824502,0.154012567657696,NA,NA,9.96928992453975,3.15741823718996
3,"poisson_glm","recursive_multi_step",10,2,1,1,4.2115804869297,NA,2.79890235053788,2.30283881205532,0.0316467849099293,NA,NA,10.3142492240276,3.2115804869297
3,"inad_unconstrained","recursive_multi_step",10,2,2,8,4.19,0.303413242887643,3.65691710341098,2.43996964716196,0.84431045008282,1,1,14.5161,3.81
3,"inad_constrained_alpha","recursive_multi_step",10,2,2,8,4.19,0.275495879820334,3.13618410902309,2.43382297116528,0.883995256783955,1,1,14.5161,3.81
3,"nb_glm","recursive_multi_step",10,2,2,8,4.55055233482835,NA,2.94660942720239,2.17384915970407,0.81890311051405,NA,NA,11.8986891947582,3.44944766517165
3,"poisson_glm","recursive_multi_step",10,2,2,8,4.61560233277077,NA,2.95284667728236,2.09736711120511,0.892943199451549,NA,NA,11.4541475699466,3.38439766722923
3,"inad_unconstrained","recursive_multi_step",10,2,3,0,3.57,0.284002774207534,2.34664508278808,2.24246274524376,0.0872567394955067,1,1,12.7449,3.57
3,"inad_constrained_alpha","recursive_multi_step",10,2,3,0,4.33,0.310117279868,3.15327854238239,2.90689215024418,0.00124427115181619,0,1,18.7489,4.33
3,"nb_glm","recursive_multi_step",10,2,3,0,3.95452154834992,NA,2.73292565057444,2.65197639276575,0.0101784080050353,NA,NA,15.6382406763639,3.95452154834992
3,"poisson_glm","recursive_multi_step",10,2,3,0,4.00349529050291,NA,3.72567435024005,3.0397034717633,0.0227407965221245,NA,NA,16.027974541079,4.00349529050291
3,"inad_unconstrained","recursive_multi_step",10,2,4,3,3.17,0.242901235280947,1.87591777723528,0.593691047512755,0.536001426954421,1,1,0.0289,0.17
3,"inad_constrained_alpha","recursive_multi_step",10,2,4,3,3.56,0.244255206823941,1.88480672465252,0.594451844310439,0.385170012257696,1,1,0.3136,0.56
3,"nb_glm","recursive_multi_step",10,2,4,3,4.15741823718996,NA,1.91376534182362,0.721372125118231,0.33711899133367,NA,NA,1.33961697577991,1.15741823718996
3,"poisson_glm","recursive_multi_step",10,2,4,3,4.2115804869297,NA,1.7485771070404,0.72740397003241,0.303352033650805,NA,NA,1.46792727630882,1.2115804869297
3,"inad_unconstrained","recursive_multi_step",10,2,5,4,3.58,0.292042614850793,1.93654239905171,0.758176428218346,0.648970245194207,1,1,0.1764,0.42
3,"inad_constrained_alpha","recursive_multi_step",10,2,5,4,3.74,0.266522688404465,1.90235103430343,0.644289209829868,0.506893590497258,1,1,0.0675999999999999,0.26
3,"nb_glm","recursive_multi_step",10,2,5,4,3.95452154834992,NA,2.0936710760038,0.758321000281541,0.583021549914178,NA,NA,0.00206828956448839,0.045478451650077
3,"poisson_glm","recursive_multi_step",10,2,5,4,4.00349529050291,NA,1.74744400258943,0.558371054694388,0.543859923998583,NA,NA,1.22170556997249e-05,0.00349529050290887
3,"inad_unconstrained","recursive_multi_step",10,2,6,6,3.65,0.266808674309642,2.63923433643048,1.6045517346699,0.799718088711966,1,1,5.5225,2.35
3,"inad_constrained_alpha","recursive_multi_step",10,2,6,6,4.03,0.250032321143011,2.53012425578129,1.20403160203139,0.763507749446864,1,1,3.8809,1.97
3,"nb_glm","recursive_multi_step",10,2,6,6,4.44122847148896,NA,2.41890424269367,1.1897383788833,0.722372150115692,NA,NA,2.42976867809663,1.55877152851104
3,"poisson_glm","recursive_multi_step",10,2,6,6,4.50315019939065,NA,2.09973492376957,0.936206903072656,0.744873478453175,NA,NA,2.24055932558426,1.49684980060935
3,"inad_unconstrained","recursive_multi_step",10,2,7,5,6.61,0.46120067281614,2.09484410736311,1.24937137286007,0.345369435004602,1,1,2.5921,1.61
3,"inad_constrained_alpha","recursive_multi_step",10,2,7,5,5.99,0.37456911271756,2.46757865874601,1.13241746345597,0.400666627497921,1,1,0.9801,0.99
3,"nb_glm","recursive_multi_step",10,2,7,5,6.52299835771096,NA,2.34905038489769,1.21668261551819,0.368013794459013,NA,NA,2.31952399759029,1.52299835771096
3,"poisson_glm","recursive_multi_step",10,2,7,5,6.70085115371165,NA,2.10516536514998,1.15709242513925,0.297137099833348,NA,NA,2.89289464708226,1.70085115371165
3,"inad_unconstrained","recursive_multi_step",10,2,8,0,6.16,0.353830410784545,3.65691710341098,4.23617143692015,0.0137679401747325,0,0,37.9456,6.16
3,"inad_constrained_alpha","recursive_multi_step",10,2,8,0,6.04,0.388969111494691,3.67386666172475,4.09116734693878,0.00433092682763245,0,0,36.4816,6.04
3,"nb_glm","recursive_multi_step",10,2,8,0,6.35835213852654,NA,3.54906344316309,4.21207299069651,0.0236647296712331,NA,NA,40.428641917505,6.35835213852654
3,"poisson_glm","recursive_multi_step",10,2,8,0,6.52897946683894,NA,4.64139363490419,5.07962820966062,0.00621855911556887,NA,NA,42.6275728784044,6.52897946683894
3,"inad_unconstrained","recursive_multi_step",10,2,9,5,8.78,0.535522024181862,2.27168072913169,2.63578097927434,0.200681848024225,1,1,14.2884,3.78
3,"inad_constrained_alpha","recursive_multi_step",10,2,9,5,7.73,0.437590971782849,2.84957599322811,1.70704713114754,0.320577683135119,1,1,7.4529,2.73
3,"nb_glm","recursive_multi_step",10,2,9,5,7.44979155719016,NA,2.54524465532551,2.12788474736235,0.326865753646474,NA,NA,6.00147867368017,2.44979155719016
3,"poisson_glm","recursive_multi_step",10,2,9,5,7.66999708901629,NA,2.48417142605556,2.20037086713902,0.125948090706847,NA,NA,7.12888445535548,2.66999708901629
3,"inad_unconstrained","recursive_multi_step",10,2,10,10,6.1,0.380456928899284,2.86583651409989,2.26636567377732,0.795313253790936,1,1,15.21,3.9
3,"inad_constrained_alpha","recursive_multi_step",10,2,10,10,6.6,0.37254245232977,2.57304930049833,1.98795630252101,0.784586854101933,1,1,11.56,3.4
3,"nb_glm","recursive_multi_step",10,2,10,10,6.35835213852654,NA,3.05281474463597,2.215939778835,0.750194345509533,NA,NA,13.2615991469742,3.64164786147346
3,"poisson_glm","recursive_multi_step",10,2,10,10,6.52897946683894,NA,2.91496652032466,1.99513360877654,0.810440265751924,NA,NA,12.0479835416257,3.47102053316106
3,"inad_unconstrained","recursive_multi_step",10,2,11,4,7.42,0.39776649157286,2.24614378208909,1.98948335067638,0.15142282060678,1,1,11.6964,3.42
3,"inad_constrained_alpha","recursive_multi_step",10,2,11,4,8.01,0.382837624149778,2.29346018521705,2.2766763125,0.161391133923064,1,1,16.0801,4.01
3,"nb_glm","recursive_multi_step",10,2,11,4,7.59002431182571,NA,2.48932508734726,2.03010053397583,0.220053476228905,NA,NA,12.8882745594996,3.59002431182571
3,"poisson_glm","recursive_multi_step",10,2,11,4,7.8168628530312,NA,2.82826778932182,2.52427946139263,0.100717519238723,NA,NA,14.5684420388495,3.8168628530312
3,"inad_unconstrained","recursive_multi_step",10,2,12,2,7.43,0.410039416681279,3.41025466877466,3.47823800725611,0.0583988934589481,0,1,29.4849,5.43
3,"inad_constrained_alpha","recursive_multi_step",10,2,12,2,7.32,0.433188787080789,3.05197199187687,3.58426312255859,0.0782757052486158,1,1,28.3024,5.32
3,"nb_glm","recursive_multi_step",10,2,12,2,7.20818143742772,NA,2.78313667266187,3.39162473274843,0.0974365099825965,NA,NA,27.1251538851667,5.20818143742772
3,"poisson_glm","recursive_multi_step",10,2,12,2,7.41709005610456,NA,3.870181139696,4.14226799808006,0.0364887704750456,NA,NA,29.3448646759469,5.41709005610456
3,"inad_unconstrained","recursive_multi_step",11,3,1,6,3.34,0.32728451157235,3.36840755883916,1.80507173643071,0.794427297860643,1,1,7.0756,2.66
3,"inad_constrained_alpha","recursive_multi_step",11,3,1,6,3.87,0.296325987569587,2.66543670882451,1.42755792954816,0.72903464115277,1,1,4.5369,2.13
3,"nb_glm","recursive_multi_step",11,3,1,6,4.17678285233324,NA,2.50299594686667,1.24409348742949,0.747207337519112,NA,NA,3.32412076754611,1.82321714766676
3,"poisson_glm","recursive_multi_step",11,3,1,6,4.06829781108616,NA,2.28731850852819,1.12343382377148,0.819298401746235,NA,NA,3.73147334665451,1.93170218891384
3,"inad_unconstrained","recursive_multi_step",11,3,2,6,4.1,0.30167880437661,2.26814237723276,1.25442879684418,0.724675222203796,1,1,3.61,1.9
3,"inad_constrained_alpha","recursive_multi_step",11,3,2,6,4.14,0.32505477393911,2.55609974218455,1.38370053327489,0.74071005105431,1,1,3.4596,1.86
3,"nb_glm","recursive_multi_step",11,3,2,6,4.30449675121369,NA,2.47983501764249,1.20088228356822,0.721557491068809,NA,NA,2.87473126664493,1.69550324878631
3,"poisson_glm","recursive_multi_step",11,3,2,6,4.19586313989037,NA,2.23436425010283,1.05725174792987,0.767439171377129,NA,NA,3.25490981000622,1.80413686010963
3,"inad_unconstrained","recursive_multi_step",11,3,3,1,3.56,0.300612170025894,1.74840275878162,1.40303090071344,0.231138530920103,1,1,6.5536,2.56
3,"inad_constrained_alpha","recursive_multi_step",11,3,3,1,3.99,0.311560101697404,2.24216689082949,1.65818826562019,0.148497342644341,1,1,8.9401,2.99
3,"nb_glm","recursive_multi_step",11,3,3,1,4.10861444653098,NA,2.16396210948815,1.80656718975471,0.151134208214757,NA,NA,9.66348377718113,3.10861444653098
3,"poisson_glm","recursive_multi_step",11,3,3,1,4.00032641430214,NA,2.62561414881073,2.03602563090802,0.0521465532681779,NA,NA,9.00195859235912,3.00032641430214
3,"inad_unconstrained","recursive_multi_step",11,3,4,15,3.84,0.293264454723105,4.77068462446567,8.669049123815,0.982571483224757,0,0,124.5456,11.16
3,"inad_constrained_alpha","recursive_multi_step",11,3,4,15,4.55,0.32887165529514,4.76217393479776,8.03177268609833,0.998821736036792,0,0,109.2025,10.45
3,"nb_glm","recursive_multi_step",11,3,4,15,4.17678285233324,NA,4.57747940693708,8.40909299527249,0.988895677122452,NA,NA,117.142029425548,10.8232171476668
3,"poisson_glm","recursive_multi_step",11,3,4,15,4.06829781108616,NA,4.76885625058082,8.83917660675294,0.984764496231567,NA,NA,119.502112747104,10.9317021889138
3,"inad_unconstrained","recursive_multi_step",11,3,5,1,3.97,0.3471252793963,2.110973489293,1.9384621888,0.132066417605653,1,1,8.8209,2.97
3,"inad_constrained_alpha","recursive_multi_step",11,3,5,1,3.83,0.279268525063082,2.01885820038519,1.5807844644506,0.170427381932539,1,1,8.0089,2.83
3,"nb_glm","recursive_multi_step",11,3,5,1,4.10861444653098,NA,2.24285625624535,2.12701932184984,0.150821136389552,NA,NA,9.66348377718113,3.10861444653098
3,"poisson_glm","recursive_multi_step",11,3,5,1,4.00032641430214,NA,2.70035506553326,2.29512212246179,0.0300664361527666,NA,NA,9.00195859235912,3.00032641430214
3,"inad_unconstrained","recursive_multi_step",11,3,6,3,3.86,0.329683043377892,2.38884543727845,0.901739362065432,0.430547298528716,1,1,0.7396,0.86
3,"inad_constrained_alpha","recursive_multi_step",11,3,6,3,4.09,0.319436056104182,1.91959284073794,0.875797844985024,0.448561972843276,1,1,1.1881,1.09
3,"nb_glm","recursive_multi_step",11,3,6,3,4.26953246996468,NA,2.01613129421866,0.978565135496102,0.314902043204696,NA,NA,1.61171269229463,1.26953246996468
3,"poisson_glm","recursive_multi_step",11,3,6,3,4.16091371596134,NA,1.80460589969526,0.86883853221974,0.234808788719264,NA,NA,1.34772065590716,1.16091371596134
3,"inad_unconstrained","recursive_multi_step",11,3,7,9,5.71,0.464561267990748,3.24240632227839,2.14057649780662,0.682368285047367,1,1,10.8241,3.29
3,"inad_constrained_alpha","recursive_multi_step",11,3,7,9,5.39,0.355304677905335,2.96211566275501,2.2140483234714,0.788398128227554,1,1,13.0321,3.61
3,"nb_glm","recursive_multi_step",11,3,7,9,6.38412337029578,NA,2.90307795869251,1.72499826180286,0.674548065484004,NA,NA,6.84281054183272,2.61587662970422
3,"poisson_glm","recursive_multi_step",11,3,7,9,6.31663840535931,NA,2.65734379311893,1.49232331277954,0.708574963478019,NA,NA,7.20042944759261,2.68336159464069
3,"inad_unconstrained","recursive_multi_step",11,3,8,0,5.92,0.420120232910782,3.68223491139527,3.90603183333333,0.0128801205618074,0,0,35.0464,5.92
3,"inad_constrained_alpha","recursive_multi_step",11,3,8,0,6.39,0.405740375764173,3.40202416963815,4.3924117410013,0.0208770000795865,0,1,40.8321,6.39
3,"nb_glm","recursive_multi_step",11,3,8,0,6.3264639067976,NA,3.56452688212598,4.3046233493887,0.019687484603797,NA,NA,40.0241455640128,6.3264639067976
3,"poisson_glm","recursive_multi_step",11,3,8,0,6.25795762266234,NA,4.6189507465945,4.92577920862797,0.00966137530259573,NA,NA,39.1620336070376,6.25795762266234
3,"inad_unconstrained","recursive_multi_step",11,3,9,2,6.88,0.50237416133774,2.73212808332318,2.89253560093652,0.170507923861263,1,1,23.8144,4.88
3,"inad_constrained_alpha","recursive_multi_step",11,3,9,2,7.6,0.514438008555418,2.920752271696,3.7445743604685,0.0838091675569979,1,1,31.36,5.6
3,"nb_glm","recursive_multi_step",11,3,9,2,6.69557205544396,NA,2.69304633587282,3.23167823589281,0.0828556535225329,NA,NA,22.0483969278662,4.69557205544396
3,"poisson_glm","recursive_multi_step",11,3,9,2,6.63396500591135,NA,3.50848730495618,3.6552310258202,0.0323832924425354,NA,NA,21.4736316760109,4.63396500591135
3,"inad_unconstrained","recursive_multi_step",11,3,10,5,5.56,0.393461715052584,2.56461043185246,1.05591898879632,0.459953212870632,1,1,0.3136,0.56
3,"inad_constrained_alpha","recursive_multi_step",11,3,10,5,6.96,0.479250256213607,2.23804657185647,1.36258630444841,0.382763037716107,1,1,3.8416,1.96
3,"nb_glm","recursive_multi_step",11,3,10,5,6.3264639067976,NA,2.33484723888936,1.16649604559504,0.447190890299217,NA,NA,1.75950649603676,1.3264639067976
3,"poisson_glm","recursive_multi_step",11,3,10,5,6.25795762266234,NA,2.01060761990085,0.970661716708576,0.325518367209558,NA,NA,1.58245738041428,1.25795762266234
3,"inad_unconstrained","recursive_multi_step",11,3,11,2,6.38,0.43012330860587,2.50873673123952,2.65517771852237,0.105627093748208,1,1,19.1844,4.38
3,"inad_constrained_alpha","recursive_multi_step",11,3,11,2,6.72,0.403539892011241,2.74812842466962,3.06877368354749,0.0677743555391244,1,1,22.2784,4.72
3,"nb_glm","recursive_multi_step",11,3,11,2,6.74090971659987,NA,2.66300715819997,3.01133360382848,0.132248441162678,NA,NA,22.4762249409511,4.74090971659987
3,"poisson_glm","recursive_multi_step",11,3,11,2,6.68020402089801,NA,3.49357248273147,3.49399475761954,0.041342123860831,NA,NA,21.9043096772299,4.68020402089801
3,"inad_unconstrained","recursive_multi_step",11,3,12,2,6.94,0.511448724682932,2.47585681426808,3.27534781910009,0.160025606453877,1,1,24.4036,4.94
3,"inad_constrained_alpha","recursive_multi_step",11,3,12,2,7.36,0.46373973892103,3.21090765521902,3.36833664,0.0894834613399207,1,1,28.7296,5.36
3,"nb_glm","recursive_multi_step",11,3,12,2,6.61640550863254,NA,2.68275415387894,3.23489104290205,0.12100359316814,NA,NA,21.3111998201329,4.61640550863254
3,"poisson_glm","recursive_multi_step",11,3,12,2,6.5532508728505,NA,3.47389893111653,3.63627844561256,0.0414425409215336,NA,NA,20.7320935111138,4.5532508728505
3,"inad_unconstrained","recursive_multi_step",12,4,1,2,2,0.306495340811886,2.57304930049833,0.82252366358308,0.555750221166165,1,1,0,0
3,"inad_constrained_alpha","recursive_multi_step",12,4,1,2,2.13,0.201837518411181,2.00115862328579,0.535749338329082,0.572716435887726,1,1,0.0169,0.13
3,"nb_glm","recursive_multi_step",12,4,1,2,2.90553336505164,NA,1.73400786752159,0.735002547032314,0.420042485714926,NA,NA,0.819990675221748,0.905533365051641
3,"poisson_glm","recursive_multi_step",12,4,1,2,3.01895586338391,NA,1.62277007727399,0.74345909889948,0.189790268045756,NA,NA,1.03827105152445,1.01895586338391
3,"inad_unconstrained","recursive_multi_step",12,4,2,2,2.23,0.240309144329726,1.79106405890796,0.578961066162571,0.524395244441805,1,1,0.0529,0.23
3,"inad_constrained_alpha","recursive_multi_step",12,4,2,2,2.54,0.229808879750373,1.61795623338876,0.520870679209184,0.427209991530565,1,1,0.2916,0.54
3,"nb_glm","recursive_multi_step",12,4,2,2,2.93471123577364,NA,1.70396651198774,0.65827066369626,0.362793825762769,NA,NA,0.873685094281487,0.934711235773641
3,"poisson_glm","recursive_multi_step",12,4,2,2,3.05014688015914,NA,1.59875360422158,0.677524028705372,0.366807684515218,NA,NA,1.10280846990798,1.05014688015914
3,"inad_unconstrained","recursive_multi_step",12,4,3,1,2.05,0.250403714433353,1.72220038638759,0.63623499882528,0.428395118517348,1,1,1.1025,1.05
3,"inad_constrained_alpha","recursive_multi_step",12,4,3,1,1.8,0.175234330846072,1.38592745596076,0.475056964901944,0.51222096947073,1,1,0.64,0.8
3,"nb_glm","recursive_multi_step",12,4,3,1,2.88978536156142,NA,1.71313816842183,1.01792922175601,0.145781931306362,NA,NA,3.57128871277184,1.88978536156142
3,"poisson_glm","recursive_multi_step",12,4,3,1,3.00214790561068,NA,1.95074957418754,1.23138087961026,0.134799915114352,NA,NA,4.00859623594124,2.00214790561068
3,"inad_unconstrained","recursive_multi_step",12,4,4,9,2.11,0.2542149730548,4.74493212836325,5.02977794328922,0.946615962718735,0,0,47.4721,6.89
3,"inad_constrained_alpha","recursive_multi_step",12,4,4,9,2.29,0.206605562814409,4.01139547924135,5.30366880123367,0.998143354463769,0,0,45.0241,6.71
3,"nb_glm","recursive_multi_step",12,4,4,9,2.90553336505164,NA,4.02091617316115,4.40159788827736,0.950638383087405,NA,NA,37.1425235644988,6.09446663494836
3,"poisson_glm","recursive_multi_step",12,4,4,9,3.01895586338391,NA,4.4955414238451,4.47170295234569,0.962986850405136,NA,NA,35.7728889641497,5.98104413661609
3,"inad_unconstrained","recursive_multi_step",12,4,5,0,2.42,0.246256825778341,1.30768124625595,1.23794792729592,0.127074877902175,1,1,5.8564,2.42
3,"inad_constrained_alpha","recursive_multi_step",12,4,5,0,2.04,0.17917882270249,1.55546638952267,1.14646687603306,0.135486532802948,1,1,4.1616,2.04
3,"nb_glm","recursive_multi_step",12,4,5,0,2.88978536156142,NA,2.16998830538915,1.76148144361877,0.102647325369943,NA,NA,8.35085943589469,2.88978536156142
3,"poisson_glm","recursive_multi_step",12,4,5,0,3.00214790561068,NA,2.92352771915497,2.10456019888886,0.00758667675548143,NA,NA,9.01289204716261,3.00214790561068
3,"inad_unconstrained","recursive_multi_step",12,4,6,3,2.08,0.279855662653433,2.46757865874601,0.994181484358449,0.638647158981688,1,1,0.8464,0.92
3,"inad_constrained_alpha","recursive_multi_step",12,4,6,3,2.29,0.208067102618168,1.98314011778311,0.678885842975206,0.684665952256838,1,1,0.5041,0.71
3,"nb_glm","recursive_multi_step",12,4,6,3,2.92676478442529,NA,1.90072137616637,0.640794048090635,0.579056068504252,NA,NA,0.0053633968002749,0.0732352155747145
3,"poisson_glm","recursive_multi_step",12,4,6,3,3.04164648260792,NA,1.6169559201554,0.507166714748903,0.560843658730655,NA,NA,0.00173442951361155,0.0416464826079173
3,"inad_unconstrained","recursive_multi_step",12,4,7,13,4.53,0.382034690899276,4.07254990239468,5.89366934070669,0.954117867883267,0,1,71.7409,8.47
3,"inad_constrained_alpha","recursive_multi_step",12,4,7,13,3.85,0.273168834461789,4.74493212836325,7.166498805293,0.997442299536551,0,0,83.7225,9.15
3,"nb_glm","recursive_multi_step",12,4,7,13,4.40048175319987,NA,4.25323664685903,6.30015621978525,0.967029939983819,NA,NA,73.9517140770484,8.59951824680013
3,"poisson_glm","recursive_multi_step",12,4,7,13,4.64243127320988,NA,4.70049663668137,6.40180968213786,0.966889896339859,NA,NA,69.8489550230202,8.35756872679012
3,"inad_unconstrained","recursive_multi_step",12,4,8,6,4.79,0.366610188487759,2.60611016275922,1.2062741820345,0.617177929795173,1,1,1.4641,1.21
3,"inad_constrained_alpha","recursive_multi_step",12,4,8,6,4.55,0.319524583711425,2.80772888329261,1.19442421652422,0.670013186852766,1,1,2.1025,1.45
3,"nb_glm","recursive_multi_step",12,4,8,6,4.38636105684468,NA,2.51989855421978,1.17608647638345,0.654176737941628,NA,NA,2.60383063886743,1.61363894315532
3,"poisson_glm","recursive_multi_step",12,4,8,6,4.62699893753142,NA,2.1402406177675,0.877313867796411,0.613545874531547,NA,NA,1.88513191753984,1.37300106246858
3,"inad_unconstrained","recursive_multi_step",12,4,9,2,5.29,0.365506428801122,2.45062910043224,1.82383995178611,0.16590491074209,1,1,10.8241,3.29
3,"inad_constrained_alpha","recursive_multi_step",12,4,9,2,4.92,0.343387756792742,2.05334437645636,1.63957882792301,0.213835785699401,1,1,8.5264,2.92
3,"nb_glm","recursive_multi_step",12,4,9,2,4.47565269731602,NA,2.06065715722193,1.40576082957643,0.165438914721047,NA,NA,6.12885627772809,2.47565269731602
3,"poisson_glm","recursive_multi_step",12,4,9,2,4.72465242170341,NA,2.37248658857179,1.7702434596801,0.0651146724429362,NA,NA,7.42373081909424,2.72465242170341
3,"inad_unconstrained","recursive_multi_step",12,4,10,2,4.68,0.333599893418581,1.98025388512909,1.45326830301702,0.281146755873655,1,1,7.1824,2.68
3,"inad_constrained_alpha","recursive_multi_step",12,4,10,2,4.61,0.33086815708638,1.91241247296434,1.60263514442461,0.154914527075002,1,1,6.8121,2.61
3,"nb_glm","recursive_multi_step",12,4,10,2,4.38636105684468,NA,2.08337486389265,1.52883478632208,0.205833962841054,NA,NA,5.69471909362484,2.38636105684468
3,"poisson_glm","recursive_multi_step",12,4,10,2,4.62699893753142,NA,2.36306391354529,1.84138933830645,0.110769912127207,NA,NA,6.90112341779123,2.62699893753142
3,"inad_unconstrained","recursive_multi_step",12,4,11,3,5,0.408742837332603,2.38884543727845,1.30657821187077,0.34379715864816,1,1,4,2
3,"inad_constrained_alpha","recursive_multi_step",12,4,11,3,4.64,0.348306146539466,1.74840275878162,0.932730157550535,0.446888480669526,1,1,2.6896,1.64
3,"nb_glm","recursive_multi_step",12,4,11,3,4.48644470652231,NA,2.04580215832777,1.05555646090816,0.364089742190044,NA,NA,2.2095178655482,1.48644470652231
3,"poisson_glm","recursive_multi_step",12,4,11,3,4.73646476223073,NA,1.98121965166165,1.15767651845599,0.15973774353119,NA,NA,3.01530987046903,1.73646476223073
3,"inad_unconstrained","recursive_multi_step",12,4,12,3,5.73,0.431079218855761,2.1474903489003,1.56930169387337,0.336812756394155,1,1,7.4529,2.73
3,"inad_constrained_alpha","recursive_multi_step",12,4,12,3,5.15,0.324854279685989,1.77393606078678,1.19050634136007,0.181954168836516,1,1,4.6225,2.15
3,"nb_glm","recursive_multi_step",12,4,12,3,4.45671787692818,NA,2.04160237285114,1.04467290800042,0.397568861371591,NA,NA,2.12202697296215,1.45671787692818
3,"poisson_glm","recursive_multi_step",12,4,12,3,4.70393199909665,NA,1.97007030395882,1.13974699424082,0.272090531512254,NA,NA,2.9033842575455,1.70393199909665
4,"inad_unconstrained","rolling_one_step",2,1,1,1,3.07,0.180490353417482,1.92761015164367,1.22217953899846,0.104567936682625,1,1,4.2849,2.07
4,"inad_constrained_alpha","rolling_one_step",2,1,1,1,3.37,0.202337352064329,1.99218995330303,1.43715272299326,0.0787501909329581,1,1,5.6169,2.37
4,"nb_glm","rolling_one_step",2,1,1,1,3.49620440567336,NA,1.90093980665029,1.27336419470987,0.0895552000673357,NA,NA,6.23103643490309,2.49620440567336
4,"poisson_glm","rolling_one_step",2,1,1,1,3.63444140148474,NA,2.33626982232917,1.64305511715342,0.0847300383252848,NA,NA,6.9402814978569,2.63444140148474
4,"inad_unconstrained","rolling_one_step",2,1,2,4,1.37,0.133071713027528,3.06472514504094,1.89781142832647,0.946077853660961,0,1,6.9169,2.63
4,"inad_constrained_alpha","rolling_one_step",2,1,2,4,1.28,0.124786686676573,2.87277056241916,1.98396790986112,0.946630585529149,0,1,7.3984,2.72
4,"nb_glm","rolling_one_step",2,1,2,4,1.80102681937064,NA,2.53820249246283,1.53740941391509,0.887151293973233,NA,NA,4.83548304912721,2.19897318062936
4,"poisson_glm","rolling_one_step",2,1,2,4,1.76032304755844,NA,2.60683828752019,1.53984500028921,0.930899212963696,NA,NA,5.0161528512979,2.23967695244156
4,"inad_unconstrained","rolling_one_step",2,1,3,1,1.62,0.169240728674939,1.32357567669931,0.408434314049587,0.462605132888325,1,1,0.3844,0.62
4,"inad_constrained_alpha","rolling_one_step",2,1,3,1,1.57,0.145820562211357,1.38592745596076,0.376077644979379,0.416278487902536,1,1,0.3249,0.57
4,"nb_glm","rolling_one_step",2,1,3,1,1.80102681937064,NA,1.31719164887916,0.449126708280961,0.246206020900248,NA,NA,0.641643965351041,0.801026819370638
4,"poisson_glm","rolling_one_step",2,1,3,1,1.76032304755844,NA,1.24792072360032,0.436919450299735,0.280536637838065,NA,NA,0.57809113664856,0.760323047558444
4,"inad_unconstrained","rolling_one_step",2,1,4,5,2.77,0.190085042105693,2.37980304786363,1.40155593805235,0.859864378723491,1,1,4.9729,2.23
4,"inad_constrained_alpha","rolling_one_step",2,1,4,5,2.75,0.210518839580171,2.42465361402898,1.42790026931364,0.769709824351043,1,1,5.0625,2.25
4,"nb_glm","rolling_one_step",2,1,4,5,3.26801021468018,NA,2.37298863127112,1.14274760115438,0.722043353229978,NA,NA,2.99978861645218,1.73198978531982
4,"poisson_glm","rolling_one_step",2,1,4,5,3.37598415493399,NA,2.12480086856513,0.967193092353035,0.724912006616685,NA,NA,2.63742746502547,1.62401584506601
4,"inad_unconstrained","rolling_one_step",2,1,5,3,4.64,0.260349415558818,1.79972212165107,0.962651857907253,0.360998323264668,1,1,2.6896,1.64
4,"inad_constrained_alpha","rolling_one_step",2,1,5,3,4.65,0.264145276832139,1.89361735433468,0.894716505078486,0.338030024462445,1,1,2.7225,1.65
4,"nb_glm","rolling_one_step",2,1,5,3,4.22402675685637,NA,1.95192682677043,0.827555242411181,0.34314492049815,NA,NA,1.49824150150032,1.22402675685637
4,"poisson_glm","rolling_one_step",2,1,5,3,4.46888507505611,NA,1.85117968575545,0.90218149072779,0.279854232499057,NA,NA,2.1576233637226,1.46888507505611
4,"inad_unconstrained","rolling_one_step",2,1,6,1,2.07,0.162837838404228,1.30768124625595,0.576582326211735,0.153484215124149,1,1,1.1449,1.07
4,"inad_constrained_alpha","rolling_one_step",2,1,6,1,2.07,0.176529392064399,1.42368189319151,0.545432227926942,0.39764682774338,1,1,1.1449,1.07
4,"nb_glm","rolling_one_step",2,1,6,1,2.70491461537371,NA,1.64157526728304,0.901378491119907,0.236210842952763,NA,NA,2.90673384571489,1.70491461537371
4,"poisson_glm","rolling_one_step",2,1,6,1,2.74561023104728,NA,1.78421862576581,1.03606601224387,0.16526440645642,NA,NA,3.04715507873696,1.74561023104728
4,"inad_unconstrained","rolling_one_step",2,1,7,11,5.88,0.277536056443595,4.77068462446567,3.42383802068371,0.915065983963767,0,1,26.2144,5.12
4,"inad_constrained_alpha","rolling_one_step",2,1,7,11,6.38,0.342533637661023,3.69876421334648,2.87116917495297,0.858726177486996,0,1,21.3444,4.62
4,"nb_glm","rolling_one_step",2,1,7,11,6.08876114256703,NA,3.29313288326652,3.01141866930914,0.841915419370208,NA,NA,24.1202671147595,4.91123885743297
4,"poisson_glm","rolling_one_step",2,1,7,11,6.20629095529921,NA,3.49972014694651,3.00883270619659,0.882181452706697,NA,NA,22.9796464052462,4.79370904470079
4,"inad_unconstrained","rolling_one_step",2,1,8,3,4.99,0.299661425106686,1.89361735433468,1.08732061403509,0.321445157514934,1,1,3.9601,1.99
4,"inad_constrained_alpha","rolling_one_step",2,1,8,3,5.16,0.306732535745474,2.17945240759042,1.21651643876338,0.311997043863581,1,1,4.6656,2.16
4,"nb_glm","rolling_one_step",2,1,8,3,5.03963510581036,NA,2.0702094333365,1.10200657200794,0.31371712409669,NA,NA,4.16011136485402,2.03963510581036
4,"poisson_glm","rolling_one_step",2,1,8,3,5.04743362578339,NA,2.05137879037696,1.21464450381047,0.226667978871627,NA,NA,4.19198445198851,2.04743362578339
4,"inad_unconstrained","rolling_one_step",2,1,9,7,4.08,0.301404121478862,2.9448738563205,1.97083975803403,0.77564090504888,1,1,8.5264,2.92
4,"inad_constrained_alpha","rolling_one_step",2,1,9,7,3.92,0.237274081810445,2.65677864608139,1.91749342911153,0.846203273565893,1,1,9.4864,3.08
4,"nb_glm","rolling_one_step",2,1,9,7,3.89902336137335,NA,2.83740973142515,1.97310463430144,0.824312650337381,NA,NA,9.61605611330821,3.10097663862665
4,"poisson_glm","rolling_one_step",2,1,9,7,3.81304411671669,NA,2.92264693317526,2.01440044084793,0.903073733505874,NA,NA,10.1566878019941,3.18695588328331
4,"inad_unconstrained","rolling_one_step",2,1,10,13,8.32,0.384255807051143,3.40202416963815,2.96221528584113,0.853803381205186,1,1,21.9024,4.68
4,"inad_constrained_alpha","rolling_one_step",2,1,10,13,8.38,0.388152838792435,3.71502473421826,2.7663601326743,0.81718898702195,1,1,21.3444,4.62
4,"nb_glm","rolling_one_step",2,1,10,13,6.89646415309109,NA,3.5140097652415,3.77008189284275,0.848148088207238,NA,NA,37.253149834502,6.10353584690891
4,"poisson_glm","rolling_one_step",2,1,10,13,7.11142329909342,NA,3.87479181708216,3.80086210941839,0.903649919381956,NA,NA,34.6753355624598,5.88857670090658
4,"inad_unconstrained","rolling_one_step",2,1,11,11,5.5,0.311885759971063,2.99573227355399,3.4801070965098,0.888019271884518,0,1,30.25,5.5
4,"inad_constrained_alpha","rolling_one_step",2,1,11,11,5.35,0.273538356219438,4.76217393479776,3.95417715684126,0.917150993803994,0,1,31.9225,5.65
4,"nb_glm","rolling_one_step",2,1,11,11,5.33559955814546,NA,3.50708275852563,3.56958210463678,0.880633846915806,NA,NA,32.0854323656819,5.66440044185454
4,"poisson_glm","rolling_one_step",2,1,11,11,5.37226891574658,NA,3.9786475102101,3.73168883232537,0.923123551886638,NA,NA,31.6713571566721,5.62773108425342
4,"inad_unconstrained","rolling_one_step",2,1,12,2,3.89,0.31395007001854,2.11387373810132,1.05976672510775,0.325240483423377,1,1,3.5721,1.89
4,"inad_constrained_alpha","rolling_one_step",2,1,12,2,3.69,0.2072888971187,1.77351974925705,0.943723838985042,0.236203164522602,1,1,2.8561,1.69
4,"nb_glm","rolling_one_step",2,1,12,2,3.35556543405058,NA,1.79442521141982,0.856996433392855,0.305292107196025,NA,NA,1.83755764599273,1.35556543405058
4,"poisson_glm","rolling_one_step",2,1,12,2,3.23611619814618,NA,1.68059574396125,0.806621903932417,0.326237777869966,NA,NA,1.52798325531935,1.23611619814618
4,"inad_unconstrained","rolling_one_step",3,1,1,2,0.47,0.077139516789419,2.44788615754432,1.19506411791383,0.887422013926276,1,1,2.3409,1.53
4,"inad_constrained_alpha","rolling_one_step",3,1,1,2,1.24,0.126427205868984,1.72826315766893,0.553372753772291,0.805955707027137,1,1,0.5776,0.76
4,"nb_glm","rolling_one_step",3,1,1,2,2.05675101624083,NA,1.51451650571838,0.388212911801402,0.49404196661343,NA,NA,0.00322067784436733,0.0567510162408333
4,"poisson_glm","rolling_one_step",3,1,1,2,2.17311387073257,NA,1.33820164741245,0.327276181544788,0.60740276140453,NA,NA,0.029968412240014,0.173113870732573
4,"inad_unconstrained","rolling_one_step",3,1,2,7,2.78,0.219079801889539,3.63094161700772,2.95605995690982,0.897769274673131,0,1,17.8084,4.22
4,"inad_constrained_alpha","rolling_one_step",3,1,2,7,2.27,0.161967074843418,4.00234564372143,3.67181359504132,0.980257286645133,0,0,22.3729,4.73
4,"nb_glm","rolling_one_step",3,1,2,7,2.88736501920578,NA,3.31889162427545,2.76753851638138,0.904448731478935,NA,NA,16.9137664852522,4.11263498079422
4,"poisson_glm","rolling_one_step",3,1,2,7,3.14841317977729,NA,3.44487515056435,2.61824597830418,0.915723295867884,NA,NA,14.8347210337133,3.85158682022271
4,"inad_unconstrained","rolling_one_step",3,1,3,2,0.81,0.120348819619631,2.3705863927587,0.903247179355282,0.859350933197463,1,1,1.4161,1.19
4,"inad_constrained_alpha","rolling_one_step",3,1,3,2,1.08,0.107946863097198,2.02452863776547,0.653469019128308,0.804667532837745,1,1,0.8464,0.92
4,"nb_glm","rolling_one_step",3,1,3,2,2.05675101624083,NA,1.51451650571838,0.388212911801402,0.637194733107413,NA,NA,0.00322067784436733,0.0567510162408333
4,"poisson_glm","rolling_one_step",3,1,3,2,2.17311387073257,NA,1.33820164741245,0.327276181544788,0.52719202013432,NA,NA,0.029968412240014,0.173113870732573
4,"inad_unconstrained","rolling_one_step",3,1,4,3,3.39,0.25540421517922,2.0790876220159,0.682007588691362,0.420042266206511,1,1,0.1521,0.39
4,"inad_constrained_alpha","rolling_one_step",3,1,4,3,2.63,0.180714071830546,1.55546638952267,0.470408487603306,0.588983432437632,1,1,0.1369,0.37
4,"nb_glm","rolling_one_step",3,1,4,3,3.08898003304507,NA,1.82979497815618,0.55995487410377,0.489550858790349,NA,NA,0.00791744628070089,0.0889800330450652
4,"poisson_glm","rolling_one_step",3,1,4,3,3.38944813850483,NA,1.58703894724937,0.474175449122975,0.490211760137471,NA,NA,0.151669852584878,0.389448138504831
4,"inad_unconstrained","rolling_one_step",3,1,5,4,1.86,0.183688361475119,2.49440617317921,1.43844249586777,0.869765757922083,1,1,4.5796,2.14
4,"inad_constrained_alpha","rolling_one_step",3,1,5,4,1.78,0.146045516635373,2.74603531428727,1.49141824793388,0.878129072494509,0,1,4.9284,2.22
4,"nb_glm","rolling_one_step",3,1,5,4,2.65842844853011,NA,2.14002389207259,0.949141023740682,0.808875795901193,NA,NA,1.79981422771332,1.34157155146989
4,"poisson_glm","rolling_one_step",3,1,5,4,2.87661188489912,NA,1.8511172948485,0.725080042740702,0.709221549957012,NA,NA,1.26200085714992,1.12338811510088
4,"inad_unconstrained","rolling_one_step",3,1,6,1,0.61,0.0827494697715626,1.24314272511838,0.337083546485261,0.767795896197425,1,1,0.1521,0.39
4,"inad_constrained_alpha","rolling_one_step",3,1,6,1,1.25,0.122577536788975,1.06153061376358,0.247027049039781,0.39501773555901,1,1,0.0625,0.25
4,"nb_glm","rolling_one_step",3,1,6,1,2.05675101624083,NA,1.36139385647981,0.496992039835195,0.405802441539585,NA,NA,1.11672271032603,1.05675101624083
4,"poisson_glm","rolling_one_step",3,1,6,1,2.17311387073257,NA,1.41814486255965,0.610015970221277,0.201732643883717,NA,NA,1.37619615370516,1.17311387073257
4,"inad_unconstrained","rolling_one_step",3,1,7,4,9.62,0.378935244061461,2.84957599322811,3.50345759204515,0.0976989272449425,0,1,31.5844,5.62
4,"inad_constrained_alpha","rolling_one_step",3,1,7,4,7.23,0.316181446436547,2.81623957296051,1.91556011921862,0.202008668613833,1,1,10.4329,3.23
4,"nb_glm","rolling_one_step",3,1,7,4,5.75520281756856,NA,2.22357846460557,1.21264645303751,0.342330548036166,NA,NA,3.0807369308006,1.75520281756856
4,"poisson_glm","rolling_one_step",3,1,7,4,6.23104267083552,NA,2.20274571107379,1.4314974150728,0.220396159230586,NA,NA,4.97755139908888,2.23104267083552
4,"inad_unconstrained","rolling_one_step",3,1,8,7,3.94,0.251789554584736,2.78175339688935,1.89626717451524,0.877226593355248,1,1,9.3636,3.06
4,"inad_constrained_alpha","rolling_one_step",3,1,8,7,3.74,0.184566103238505,2.75508514980718,2.22423332521711,0.913229560334831,0,1,10.6276,3.26
4,"nb_glm","rolling_one_step",3,1,8,7,3.83201546046819,NA,2.84989273821762,2.05508658500286,0.859952974480605,NA,NA,10.0361260427126,3.16798453953181
4,"poisson_glm","rolling_one_step",3,1,8,7,3.99497638075453,NA,2.79134534656668,1.90190962624168,0.863730226018406,NA,NA,9.03016695222316,3.00502361924547
4,"inad_unconstrained","rolling_one_step",3,1,9,5,6.77,0.330855945338234,1.7823043104573,1.03195603472222,0.258848703653513,1,1,3.1329,1.77
4,"inad_constrained_alpha","rolling_one_step",3,1,9,5,5.1,0.289722960670006,1.89361735433468,0.69388999692213,0.470533690568583,1,1,0.00999999999999993,0.0999999999999996
4,"nb_glm","rolling_one_step",3,1,9,5,4.95302486050796,NA,2.23761612861057,0.868913291761345,0.492168774269662,NA,NA,0.00220666373029644,0.0469751394920381
4,"poisson_glm","rolling_one_step",3,1,9,5,5.28826247512547,NA,1.8653531602032,0.648911872387053,0.486882749960316,NA,NA,0.0830952545654638,0.288262475125473
4,"inad_unconstrained","rolling_one_step",3,1,10,3,11.22,0.426064916569427,3.42651518964645,5.58891447710718,0.039232026671957,0,1,67.5684,8.22
4,"inad_constrained_alpha","rolling_one_step",3,1,10,3,7.21,0.283661129454912,3.17008566069877,2.79188647916667,0.0730061530256644,0,1,17.7241,4.21
4,"nb_glm","rolling_one_step",3,1,10,3,6.09319067070008,NA,2.33748243085065,1.88480974166111,0.224227768654205,NA,NA,9.56782852530601,3.09319067070008
4,"poisson_glm","rolling_one_step",3,1,10,3,6.63205092628132,NA,2.8094932525768,2.4988080309337,0.07177802144064,NA,NA,13.191793931101,3.63205092628132
4,"inad_unconstrained","rolling_one_step",3,1,11,17,9.43,0.36577163488834,4.13017901523132,5.1320175424,0.932926714157444,0,1,57.3049,7.57
4,"inad_constrained_alpha","rolling_one_step",3,1,11,17,6.51,0.275422540394892,4.77912349311153,8.36910611538733,0.998763931230368,0,0,110.0401,10.49
4,"nb_glm","rolling_one_step",3,1,11,17,5.75520281756856,NA,4.49172420112145,7.82696627016398,0.940654872685465,NA,NA,126.445463674018,11.2447971824314
4,"poisson_glm","rolling_one_step",3,1,11,17,6.23104267083552,NA,4.81049797803471,7.88732021373405,0.948261733261064,NA,NA,115.970441957365,10.7689573291645
4,"inad_unconstrained","rolling_one_step",3,1,12,7,3.23,0.207366849088783,2.61232688351056,2.56602886776859,0.956934295914496,0,1,14.2129,3.77
4,"inad_constrained_alpha","rolling_one_step",3,1,12,7,3.61,0.199946962664572,3.35116575240466,2.24968911153119,0.898377724670481,0,1,11.4921,3.39
4,"nb_glm","rolling_one_step",3,1,12,7,3.44488019410836,NA,3.02273541944693,2.27896513920322,0.842173371229377,NA,NA,12.638876834243,3.55511980589164
4,"poisson_glm","rolling_one_step",3,1,12,7,3.55601146249391,NA,3.11290778797893,2.22427412675711,0.89411064110305,NA,NA,11.8610570464733,3.44398853750609
4,"inad_unconstrained","rolling_one_step",4,1,1,0,3,0.218350103450325,2.12634258227647,1.82716514049587,0.0662442607825453,1,1,9,3
4,"inad_constrained_alpha","rolling_one_step",4,1,1,0,2.95,0.196111182647997,2.61232688351056,1.91759519834711,0.0381575389640533,0,1,8.7025,2.95
4,"nb_glm","rolling_one_step",4,1,1,0,3.03903479544385,NA,2.24632071964902,1.78667133343992,0.053092658566578,NA,NA,9.23573248791845,3.03903479544385
4,"poisson_glm","rolling_one_step",4,1,1,0,3.03513215375921,NA,2.92943354792463,2.08552731516931,0.0179380202765638,NA,NA,9.21202719078302,3.03513215375921
4,"inad_unconstrained","rolling_one_step",4,1,2,3,4.75,0.246336798269804,1.64438949045691,0.954331969754253,0.227394153068409,1,1,3.0625,1.75
4,"inad_constrained_alpha","rolling_one_step",4,1,2,3,4.83,0.253084008091217,1.91100909704655,1.0797363480975,0.239108082089605,1,1,3.3489,1.83
4,"nb_glm","rolling_one_step",4,1,2,3,4.36950315994317,NA,1.97113282324014,0.871896377326043,0.306089490977092,NA,NA,1.87553890509434,1.36950315994317
4,"poisson_glm","rolling_one_step",4,1,2,3,4.51364559565141,NA,1.86521318419574,0.924295739251555,0.299789646773001,NA,NA,2.29112298923493,1.51364559565141
4,"inad_unconstrained","rolling_one_step",4,1,3,2,2.54,0.173740779858554,1.31444319313603,0.38706997727464,0.431630606297916,1,1,0.2916,0.54
4,"inad_constrained_alpha","rolling_one_step",4,1,3,2,2.79,0.22441618984072,1.83642656598642,0.594596591258849,0.365114883014855,1,1,0.6241,0.79
4,"nb_glm","rolling_one_step",4,1,3,2,3.03903479544385,NA,1.70379421234028,0.670218206038223,0.282034689101068,NA,NA,1.07959330614305,1.03903479544385
4,"poisson_glm","rolling_one_step",4,1,3,2,3.03513215375921,NA,1.58508301840975,0.653293964101498,0.19440429301962,NA,NA,1.07149857574618,1.03513215375921
4,"inad_unconstrained","rolling_one_step",4,1,4,9,3.12,0.208544741220941,4.02925309664136,4.47916124990211,0.963917135228712,0,1,34.5744,5.88
4,"inad_constrained_alpha","rolling_one_step",4,1,4,9,3.13,0.21017308884043,4.04679740629227,4.36582952741021,0.942302273291689,0,1,34.4569,5.87
4,"nb_glm","rolling_one_step",4,1,4,9,3.38056119947471,NA,3.75752766431299,3.95553179806735,0.925602170805318,NA,NA,31.5780924328491,5.61943880052529
4,"poisson_glm","rolling_one_step",4,1,4,9,3.40979813890502,NA,4.29184692268776,4.10076901647793,0.956020793706675,NA,NA,31.2503568477897,5.59020186109498
4,"inad_unconstrained","rolling_one_step",4,1,5,2,3.34,0.190809016579618,1.70434276898759,0.749069345020696,0.311051461518792,1,1,1.7956,1.34
4,"inad_constrained_alpha","rolling_one_step",4,1,5,2,3.75,0.217132366648698,1.92761015164367,0.995398352406461,0.301983355153855,1,1,3.0625,1.75
4,"nb_glm","rolling_one_step",4,1,5,2,3.67168586314391,NA,1.78216532805635,0.796878147661789,0.345550283179522,NA,NA,2.79453362503521,1.67168586314391
4,"poisson_glm","rolling_one_step",4,1,5,2,3.73197839349299,NA,1.82329247668635,0.957358983612497,0.196916335296912,NA,NA,2.99974915552655,1.73197839349299
4,"inad_unconstrained","rolling_one_step",4,1,6,8,2.86,0.196443118968059,4.71849887129509,3.86405602678571,0.958229509828961,0,0,26.4196,5.14
4,"inad_constrained_alpha","rolling_one_step",4,1,6,8,2.33,0.165178201902789,4.00234564372143,4.56060994214876,0.998366121320117,0,0,32.1489,5.67
4,"nb_glm","rolling_one_step",4,1,6,8,2.61544473251795,NA,3.87902936833386,4.03240442406317,0.959417239462058,NA,NA,28.9934354285687,5.38455526748205
4,"poisson_glm","rolling_one_step",4,1,6,8,2.57590524149297,NA,4.4040282169209,4.19862838791164,0.969398280021581,NA,NA,29.4208039492634,5.42409475850703
4,"inad_unconstrained","rolling_one_step",4,1,7,3,5.38,0.261996992811796,1.79972212165107,1.30603534482759,0.151937819607476,1,1,5.6644,2.38
4,"inad_constrained_alpha","rolling_one_step",4,1,7,3,5.74,0.302053577426859,2.12238442776923,1.5569633438667,0.255271313158633,1,1,7.5076,2.74
4,"nb_glm","rolling_one_step",4,1,7,3,5.29258442194654,NA,2.13636409887028,1.27913067455773,0.221665627058668,NA,NA,5.25594333175193,2.29258442194654
4,"poisson_glm","rolling_one_step",4,1,7,3,5.18289089110594,NA,2.12081590568646,1.34233013106598,0.201912673533755,NA,NA,4.76501264247328,2.18289089110594
4,"inad_unconstrained","rolling_one_step",4,1,8,14,6.49,0.291805594618241,4.08935702071106,5.41648014583333,0.947401836800564,0,0,56.4001,7.51
4,"inad_constrained_alpha","rolling_one_step",4,1,8,14,6.76,0.298521609795927,4.07254990239468,5.27852526572824,0.966069554668019,0,0,52.4176,7.24
4,"nb_glm","rolling_one_step",4,1,8,14,6.29845940473774,NA,3.83018792881929,5.33096308823231,0.930397246203126,NA,NA,59.3137275404725,7.70154059526226
4,"poisson_glm","rolling_one_step",4,1,8,14,6.26845339838276,NA,4.51169584579809,5.67441168876062,0.957552408145462,NA,NA,59.7768128529791,7.73154660161724
4,"inad_unconstrained","rolling_one_step",4,1,9,8,5.46,0.307620387865146,3.65691710341098,1.69034807509679,0.797990270920424,1,1,6.4516,2.54
4,"inad_constrained_alpha","rolling_one_step",4,1,9,8,5.92,0.297694847490215,2.80772888329261,1.4212921615896,0.699597793108919,1,1,4.3264,2.08
4,"nb_glm","rolling_one_step",4,1,9,8,5.66214783854907,NA,2.6860603569301,1.62212843163264,0.775608311012348,NA,NA,5.46555272880081,2.33785216145093
4,"poisson_glm","rolling_one_step",4,1,9,8,5.57968058187818,NA,2.47138039756302,1.44337599428327,0.792556724035593,NA,NA,5.85794608573755,2.42031941812182
4,"inad_unconstrained","rolling_one_step",4,1,10,4,4.97,0.255625594267171,2.20498570959559,0.776752411552856,0.402210564320954,1,1,0.9409,0.97
4,"inad_constrained_alpha","rolling_one_step",4,1,10,4,5.49,0.310911010685785,2.04483368678845,0.966302176930382,0.400037016917108,1,1,2.2201,1.49
4,"nb_glm","rolling_one_step",4,1,10,4,4.87294017208124,NA,2.11075673332163,0.875329588085387,0.432126296446216,NA,NA,0.76202454403322,0.872940172081237
4,"poisson_glm","rolling_one_step",4,1,10,4,4.73545392048745,NA,1.80476695823906,0.690422465779344,0.452100538933428,NA,NA,0.540892469160357,0.735453920487448
4,"inad_unconstrained","rolling_one_step",4,1,11,13,9.34,0.349955264096265,2.7158675624514,2.23258619994625,0.793026727432267,1,1,13.3956,3.66
4,"inad_constrained_alpha","rolling_one_step",4,1,11,13,10.11,0.373326569202792,3.18661496264998,1.8531053681806,0.761567791611048,1,1,8.3521,2.89
4,"nb_glm","rolling_one_step",4,1,11,13,8.50383030289911,NA,3.17918386493685,2.99382311108766,0.799333909667504,NA,NA,20.2155419451283,4.49616969710089
4,"poisson_glm","rolling_one_step",4,1,11,13,8.702736757795,NA,3.11257239099068,2.68686522350545,0.861272428091266,NA,NA,18.4664713728062,4.297263242205
4,"inad_unconstrained","rolling_one_step",4,1,12,6,6.2,0.290245455162392,2.25955863354136,0.760096997621879,0.464548042665982,1,1,0.0400000000000001,0.2
4,"inad_constrained_alpha","rolling_one_step",4,1,12,6,6.65,0.302305952453618,1.9716701414377,0.75846295332937,0.427813924872597,1,1,0.4225,0.65
4,"nb_glm","rolling_one_step",4,1,12,6,6.29845940473774,NA,2.3025352101036,0.889613112831678,0.555610822092503,NA,NA,0.0890780162764074,0.298459404737742
4,"poisson_glm","rolling_one_step",4,1,12,6,6.26845339838276,NA,1.91099676812828,0.629547899617735,0.509652283703759,NA,NA,0.0720672271032527,0.26845339838276
4,"inad_unconstrained","rolling_one_step",5,1,1,3,3.52,0.232022290813498,1.92761015164367,0.644127716906095,0.453033900922626,1,1,0.2704,0.52
4,"inad_constrained_alpha","rolling_one_step",5,1,1,3,3.46,0.250018181157073,1.87591777723528,0.619194674744898,0.45756760031858,1,1,0.2116,0.46
4,"nb_glm","rolling_one_step",5,1,1,3,2.6666692169827,NA,1.83205409612095,0.560427748838637,0.594725598513376,NA,NA,0.111109410906924,0.333330783017296
4,"poisson_glm","rolling_one_step",5,1,1,3,2.48528768649539,NA,1.60379776154335,0.466563770657468,0.630193652572033,NA,NA,0.264928765673268,0.51471231350461
4,"inad_unconstrained","rolling_one_step",5,1,2,3,4.35,0.310872022127135,2.35522882647947,0.935248323471401,0.331586658501257,1,1,1.8225,1.35
4,"inad_constrained_alpha","rolling_one_step",5,1,2,3,4.53,0.288309247548916,1.87091274205759,0.967596717897156,0.329346376093029,1,1,2.3409,1.53
4,"nb_glm","rolling_one_step",5,1,2,3,4.45508154894615,NA,2.00375585013728,0.956462608567208,0.396431637604767,NA,NA,2.11726231408354,1.45508154894615
4,"poisson_glm","rolling_one_step",5,1,2,3,4.35486043484073,NA,1.83381384092247,0.888927455572952,0.24890089075312,NA,NA,1.83564679789682,1.35486043484073
4,"inad_unconstrained","rolling_one_step",5,1,3,4,4.01,0.326751689615626,2.56461043185246,0.871749346452169,0.50390014581548,1,1,9.99999999999957e-05,0.00999999999999979
4,"inad_constrained_alpha","rolling_one_step",5,1,3,4,4.49,0.311560101697404,2.45913979010015,0.782774468543522,0.462100437748408,1,1,0.2401,0.49
4,"nb_glm","rolling_one_step",5,1,3,4,4.0050000709619,NA,2.06686991308106,0.733961148779588,0.483285071716355,NA,NA,2.50007096239937e-05,0.00500007096189581
4,"poisson_glm","rolling_one_step",5,1,3,4,3.87635173475795,NA,1.74086047504415,0.539370992214315,0.443408364309057,NA,NA,0.0152888934973678,0.123648265242048
4,"inad_unconstrained","rolling_one_step",5,1,4,3,5.12,0.330374748955599,1.63410951684178,1.12215570934256,0.310394840745232,1,1,4.4944,2.12
4,"inad_constrained_alpha","rolling_one_step",5,1,4,3,5.99,0.316385840391127,2.81623957296051,1.79967452599828,0.181274869066221,1,1,8.9401,2.99
4,"nb_glm","rolling_one_step",5,1,4,3,6.2542556296615,NA,2.31673586151588,1.74658639095177,0.184517846482562,NA,NA,10.5901797031836,3.2542556296615
4,"poisson_glm","rolling_one_step",5,1,4,3,6.30933342877296,NA,2.61668663718475,2.11676918791315,0.103430894189228,NA,NA,10.9516877427942,3.30933342877296
4,"inad_unconstrained","rolling_one_step",5,1,5,5,4.56,0.30791576967106,2.34664508278808,0.812509096313912,0.566504833621398,1,1,0.1936,0.44
4,"inad_constrained_alpha","rolling_one_step",5,1,5,5,4.77,0.299108101805445,2.33798702004496,0.808421996219282,0.613621193297491,1,1,0.0529000000000002,0.23
4,"nb_glm","rolling_one_step",5,1,5,5,4.0050000709619,NA,2.25363798012162,0.901569788107924,0.675962345771015,NA,NA,0.990024858785832,0.994999929038104
4,"poisson_glm","rolling_one_step",5,1,5,5,3.87635173475795,NA,1.96438736312578,0.740323077581751,0.643424348657877,NA,NA,1.26258542398146,1.12364826524205
4,"inad_unconstrained","rolling_one_step",5,1,6,6,5.15,0.314104466955846,2.33798702004496,0.959481126654064,0.579741779535523,1,1,0.722499999999999,0.85
4,"inad_constrained_alpha","rolling_one_step",5,1,6,6,6.71,0.299256654820817,2.11387373810132,0.833275250200891,0.365580146107425,1,1,0.5041,0.71
4,"nb_glm","rolling_one_step",5,1,6,6,6.01500383559152,NA,2.32391204840127,0.91434248210562,0.513138025237267,NA,NA,0.000225115082457298,0.0150038355915179
4,"poisson_glm","rolling_one_step",5,1,6,6,6.04602149409509,NA,1.91562103834446,0.628864414705555,0.558449055893733,NA,NA,0.00211797791874431,0.0460214940950889
4,"inad_unconstrained","rolling_one_step",5,1,7,10,6.46,0.490602597925153,3.47376807449699,2.27439371597633,0.734560623365705,1,1,12.5316,3.54
4,"inad_constrained_alpha","rolling_one_step",5,1,7,10,6.28,0.353647658929996,2.82467844160638,2.27264492620578,0.783952280857499,1,1,13.8384,3.72
4,"nb_glm","rolling_one_step",5,1,7,10,6.42181713886171,NA,3.07990859738682,2.09879446063244,0.741192560898711,NA,NA,12.8033925877438,3.57818286113829
4,"poisson_glm","rolling_one_step",5,1,7,10,6.04793600068202,NA,3.19875047516302,2.19742358861866,0.821729107903255,NA,NA,15.6188098547053,3.95206399931798
4,"inad_unconstrained","rolling_one_step",5,1,8,11,8.27,0.457011592806568,3.25012836837231,1.92541062130177,0.677692002565098,1,1,7.4529,2.73
4,"inad_constrained_alpha","rolling_one_step",5,1,8,11,9.69,0.44533383233505,2.88183685544633,1.33547823759133,0.640573074930082,1,1,1.7161,1.31
4,"nb_glm","rolling_one_step",5,1,8,11,10.4753376453364,NA,2.88732514149232,1.62726989638948,0.555469348074353,NA,NA,0.275270586401106,0.524662354663555
4,"poisson_glm","rolling_one_step",5,1,8,11,10.3243839614577,NA,2.31815974042253,1.00076068869487,0.595521727279639,NA,NA,0.456457031535583,0.675616038542294
4,"inad_unconstrained","rolling_one_step",5,1,9,11,6.82,0.372645470205457,2.69933826050019,2.45833186111111,0.808880131791617,1,1,17.4724,4.18
4,"inad_constrained_alpha","rolling_one_step",5,1,9,11,8.58,0.490964830355968,2.76387678163776,1.82491741943359,0.739721479259424,1,1,5.8564,2.42
4,"nb_glm","rolling_one_step",5,1,9,11,8.67038106875009,NA,2.94822154661748,1.82126051733689,0.665463341248379,NA,NA,5.42712436483797,2.32961893124991
4,"poisson_glm","rolling_one_step",5,1,9,11,8.39658390943871,NA,2.61661653993644,1.50231589376805,0.726031649349171,NA,NA,6.77777534059342,2.60341609056129
4,"inad_unconstrained","rolling_one_step",5,1,10,20,6.22,0.343946202041816,4.80402104473326,10.8060190540177,0.993568745745178,0,0,189.8884,13.78
4,"inad_constrained_alpha","rolling_one_step",5,1,10,20,7.24,0.37955848885863,4.80402104473326,9.83685063155066,0.992554736079373,0,0,162.8176,12.76
4,"nb_glm","rolling_one_step",5,1,10,20,6.97484642730848,NA,4.49561803802425,10.038554853743,0.997088625719678,NA,NA,169.654625592199,13.0251535726915
4,"poisson_glm","rolling_one_step",5,1,10,20,6.61938494899342,NA,4.80257205602779,10.8411446432196,0.992962210223241,NA,NA,179.040859143224,13.3806150510066
4,"inad_unconstrained","rolling_one_step",5,1,11,4,8.78,0.480862020571684,2.42933679863319,2.7264138951877,0.108862732750038,1,1,22.8484,4.78
4,"inad_constrained_alpha","rolling_one_step",5,1,11,4,9.73,0.422081183248585,3.22678100437531,3.67601117862236,0.0562119210685977,0,1,32.8329,5.73
4,"nb_glm","rolling_one_step",5,1,11,4,10.2111686873709,NA,2.90283083336123,3.48293186862498,0.122024783492917,NA,NA,38.5786164629771,6.21116868737093
4,"poisson_glm","rolling_one_step",5,1,11,4,10.0401643796046,NA,3.79159381717026,4.25984543937704,0.0510467913248765,NA,NA,36.4835857326442,6.0401643796046
4,"inad_unconstrained","rolling_one_step",5,1,12,13,7.28,0.426657196864607,3.40202416963815,3.52907494023632,0.837119351928411,1,1,32.7184,5.72
4,"inad_constrained_alpha","rolling_one_step",5,1,12,13,7.63,0.386555626689423,2.82467844160638,3.37451006991032,0.857381163963367,1,1,28.8369,5.37
4,"nb_glm","rolling_one_step",5,1,12,13,7.90009284860345,NA,3.26618054650624,3.37667791953178,0.860639103843805,NA,NA,26.0090529528656,5.09990715139655
4,"poisson_glm","rolling_one_step",5,1,12,13,7.58476337815695,NA,3.61210680376278,3.58880806549399,0.912489322448446,NA,NA,29.3247876705501,5.41523662184305
4,"inad_unconstrained","rolling_one_step",6,1,1,5,5.51,0.414751964334338,2.24614378208909,1.09402996227888,0.544246025655659,1,1,0.2601,0.51
4,"inad_constrained_alpha","rolling_one_step",6,1,1,5,5.62,0.44330713069069,2.85773930386727,1.18658634410734,0.46285641613776,1,1,0.3844,0.62
4,"nb_glm","rolling_one_step",6,1,1,5,4.7652348332638,NA,2.27424075021692,0.934216504168752,0.569236734493161,NA,NA,0.0551146835126772,0.234765166736203
4,"poisson_glm","rolling_one_step",6,1,1,5,4.79623241557852,NA,1.89461139045755,0.678466271189701,0.478475962860093,NA,NA,0.041521228460965,0.20376758442148
4,"inad_unconstrained","rolling_one_step",6,1,2,2,4.87,0.344261763221188,2.35522882647947,1.61977553510118,0.173565233614948,1,1,8.2369,2.87
4,"inad_constrained_alpha","rolling_one_step",6,1,2,2,5.72,0.458164982855687,2.30175898803174,2.04626077453726,0.169735442276598,1,1,13.8384,3.72
4,"nb_glm","rolling_one_step",6,1,2,2,4.7652348332638,NA,2.16202610541851,1.67224286656605,0.222542152573514,NA,NA,7.64652368309546,2.7652348332638
4,"poisson_glm","rolling_one_step",6,1,2,2,4.79623241557852,NA,2.43526313592766,1.90291390297534,0.107246153512172,NA,NA,7.81891572193208,2.79623241557852
4,"inad_unconstrained","rolling_one_step",6,1,3,4,4.85,0.352301237034674,2.19654684094972,0.93261047831083,0.392522661914512,1,1,0.722499999999999,0.85
4,"inad_constrained_alpha","rolling_one_step",6,1,3,4,5.71,0.439075014874302,2.35015552889359,1.46114361088722,0.326053451719001,1,1,2.9241,1.71
4,"nb_glm","rolling_one_step",6,1,3,4,5.17560379459313,NA,2.20397525611131,1.18580328770647,0.399890084885382,NA,NA,1.38204428186177,1.17560379459313
4,"poisson_glm","rolling_one_step",6,1,3,4,5.24941213993909,NA,1.96617775507417,1.07989494877741,0.247429711173359,NA,NA,1.56103069542717,1.24941213993909
4,"inad_unconstrained","rolling_one_step",6,1,4,3,4.89,0.401234207027378,2.04639368763364,1.235470496,0.297150189780183,1,1,3.5721,1.89
4,"inad_constrained_alpha","rolling_one_step",6,1,4,3,4.18,0.336764162300713,1.93654239905171,0.913401454699527,0.406505130070238,1,1,1.3924,1.18
4,"nb_glm","rolling_one_step",6,1,4,3,4.7652348332638,NA,2.11125767424207,1.29237280877354,0.334869010739485,NA,NA,3.11605401656787,1.7652348332638
4,"poisson_glm","rolling_one_step",6,1,4,3,4.79623241557852,NA,2.03455032564564,1.30716373211823,0.210598183583223,NA,NA,3.22645089077504,1.79623241557852
4,"inad_unconstrained","rolling_one_step",6,1,5,2,6.4,0.4371625682868,3.01212608332967,2.64163868067949,0.127006937109854,1,1,19.36,4.4
4,"inad_constrained_alpha","rolling_one_step",6,1,5,2,5.91,0.430197276804139,3.69053371420996,2.27773296222936,0.176689285249257,1,1,15.2881,3.91
4,"nb_glm","rolling_one_step",6,1,5,2,5.53699884639042,NA,2.37128247443677,2.1870218586159,0.100393447351309,NA,NA,12.5103608393671,3.53699884639042
4,"poisson_glm","rolling_one_step",6,1,5,2,5.65129453791062,NA,2.91519427886213,2.59944752714712,0.0798324545756033,NA,NA,13.3319518025759,3.65129453791062
4,"inad_unconstrained","rolling_one_step",6,1,6,8,6.44,0.433524433386902,2.39707593641497,1.40209528352593,0.684396884368588,1,1,2.4336,1.56
4,"inad_constrained_alpha","rolling_one_step",6,1,6,8,6.1,0.471082998970661,2.85773930386727,1.73314980501025,0.64392535143494,1,1,3.61,1.9
4,"nb_glm","rolling_one_step",6,1,6,8,5.86217215690701,NA,2.72049328461562,1.48263224306031,0.682941883610693,NA,NA,4.57030788670361,2.13782784309299
4,"poisson_glm","rolling_one_step",6,1,6,8,6.01499221795781,NA,2.37148893101013,1.16377220485386,0.758495391935905,NA,NA,3.94025589476805,1.98500778204219
4,"inad_unconstrained","rolling_one_step",6,1,7,11,9.43,0.597512520472343,3.09778152790816,1.78132916573847,0.607077469848211,1,1,2.4649,1.57
4,"inad_constrained_alpha","rolling_one_step",6,1,7,11,9.8,0.706821023736532,3.12719541311445,2.09304664986347,0.568048394676686,1,1,1.44,1.2
4,"nb_glm","rolling_one_step",6,1,7,11,9.98919278762046,NA,2.96388213532839,1.82691966646202,0.552643864886055,NA,NA,1.0217312205985,1.01080721237954
4,"poisson_glm","rolling_one_step",6,1,7,11,10.0297513340836,NA,2.39984296883578,1.18472597959764,0.576162064890465,NA,NA,0.941382473712583,0.970248665916415
4,"inad_unconstrained","rolling_one_step",6,1,8,8,10.86,0.67763999261847,2.28660605793616,2.75756312778704,0.320813057858547,1,1,8.1796,2.86
4,"inad_constrained_alpha","rolling_one_step",6,1,8,8,10.36,0.579187867499472,2.80968631766905,1.92162148585431,0.367514600569587,1,1,5.5696,2.36
4,"nb_glm","rolling_one_step",6,1,8,8,10.316205032315,NA,2.86971442037943,2.78106909442776,0.347672429770047,NA,NA,5.36480575172118,2.31620503231497
4,"poisson_glm","rolling_one_step",6,1,8,8,10.3891418225724,NA,2.56516850227316,2.50387481803825,0.227697828212538,NA,NA,5.70799864836461,2.38914182257241
4,"inad_unconstrained","rolling_one_step",6,1,9,15,9.74,0.609291690109395,3.54787604665071,3.16272486734694,0.688379186609261,1,1,27.6676,5.26
4,"inad_constrained_alpha","rolling_one_step",6,1,9,15,9.35,0.516862133113333,3.48143094724256,3.35399943476487,0.781524230925729,1,1,31.9225,5.65
4,"nb_glm","rolling_one_step",6,1,9,15,10.316205032315,NA,3.39122169656298,2.79834281458012,0.698900472062485,NA,NA,21.9379352993116,4.68379496768503
4,"poisson_glm","rolling_one_step",6,1,9,15,10.3891418225724,NA,3.2905269973218,2.51855072370803,0.777843125479491,NA,NA,21.2600131323509,4.61085817742759
4,"inad_unconstrained","rolling_one_step",6,1,10,23,14.94,0.675520001722579,3.81472409444135,4.81374278864084,0.821011268850178,1,1,64.9636,8.06
4,"inad_constrained_alpha","rolling_one_step",6,1,10,23,13.42,0.642938330611651,4.91265488573605,6.07944742647059,0.833099477683769,1,1,91.7764,9.58
4,"nb_glm","rolling_one_step",6,1,10,23,12.6909527067232,NA,3.96514796485759,6.24396906978177,0.847858132122426,NA,NA,106.276456095018,10.3090472932768
4,"poisson_glm","rolling_one_step",6,1,10,23,13.0291032209071,NA,4.60004081257381,6.51118052183447,0.906759323666665,NA,NA,99.4187825793254,9.97089677909291
4,"inad_unconstrained","rolling_one_step",6,1,11,2,7.43,0.614185014733535,2.61570885079169,3.79723540747742,0.105570831729227,1,1,29.4849,5.43
4,"inad_constrained_alpha","rolling_one_step",6,1,11,2,8.25,0.630916441024923,2.82450140345419,4.15697418360727,0.107654013868818,1,1,39.0625,6.25
4,"nb_glm","rolling_one_step",6,1,11,2,7.46042037321136,NA,2.94582525454441,4.13111283930035,0.0947893584550559,NA,NA,29.8161906521817,5.46042037321136
4,"poisson_glm","rolling_one_step",6,1,11,2,7.29027006458266,NA,3.88667400433949,4.50183880448585,0.0285356009910303,NA,NA,27.9869573562194,5.29027006458266
4,"inad_unconstrained","rolling_one_step",6,1,12,3,11.96,0.590654490605741,4.91265488573605,6.29237714100346,0.0315873097655062,0,0,80.2816,8.96
4,"inad_constrained_alpha","rolling_one_step",6,1,12,3,10.29,0.591402202952074,2.90536735285652,4.51986055525509,0.0979390551405056,1,1,53.1441,7.29
4,"nb_glm","rolling_one_step",6,1,12,3,10.9220484928952,NA,3.29977215043095,5.27903047968846,0.0604613736277624,NA,NA,62.7588523237829,7.92204849289519
4,"poisson_glm","rolling_one_step",6,1,12,3,11.0577508913802,NA,4.60605419948006,6.33825449794631,0.0295969628800447,NA,NA,64.9273494275381,8.05775089138018
4,"inad_unconstrained","rolling_one_step",7,1,1,6,4.9,0.349458455501097,2.38054663446376,1.08802133333333,0.666218189845056,1,1,1.21,1.1
4,"inad_constrained_alpha","rolling_one_step",7,1,1,6,5,0.394405318873308,3.16171741102825,1.27756470588235,0.620389932895377,1,1,1,1
4,"nb_glm","rolling_one_step",7,1,1,6,5.01858232262139,NA,2.40265147726882,1.02296009012218,0.629834946987122,NA,NA,0.963180657471218,0.981417677378606
4,"poisson_glm","rolling_one_step",7,1,1,6,5.03918822390869,NA,2.02230528070899,0.747988877986643,0.637324878451269,NA,NA,0.923159269075732,0.960811776091307
4,"inad_unconstrained","rolling_one_step",7,1,2,3,3.52,0.311230857185862,2.02759188035395,0.755673179584121,0.569596072600345,1,1,0.2704,0.52
4,"inad_constrained_alpha","rolling_one_step",7,1,2,3,4.16,0.435013061454899,2.58971635298354,1.13272245065228,0.501628404504058,1,1,1.3456,1.16
4,"nb_glm","rolling_one_step",7,1,2,3,3.88273541755356,NA,1.95633812796161,0.850617903686161,0.405016293539696,NA,NA,0.77922181740346,0.882735417553561
4,"poisson_glm","rolling_one_step",7,1,2,3,3.80681519258628,NA,1.72153922114845,0.726615735065627,0.418676056184281,NA,NA,0.650950754988041,0.806815192586283
4,"inad_unconstrained","rolling_one_step",7,1,3,4,4.03,0.301328707392757,2.33798702004496,0.788266714555766,0.493962311978978,1,1,0.000900000000000015,0.0300000000000002
4,"inad_constrained_alpha","rolling_one_step",7,1,3,4,4.64,0.36,2.13082329641509,0.922866125273639,0.496766086529604,1,1,0.4096,0.64
4,"nb_glm","rolling_one_step",7,1,3,4,4.6910238620277,NA,2.09849946524776,0.838494077641989,0.456944431715013,NA,NA,0.477513977891683,0.691023862027704
4,"poisson_glm","rolling_one_step",7,1,3,4,4.68083474690109,NA,1.79697059729249,0.675283086717839,0.372512666864706,NA,NA,0.463535952587875,0.680834746901093
4,"inad_unconstrained","rolling_one_step",7,1,4,1,4.62,0.413846211615724,2.02495335639577,2.46101358579882,0.156667633690585,1,1,13.1044,3.62
4,"inad_constrained_alpha","rolling_one_step",7,1,4,1,4.64,0.391454165434938,2.41333645728675,2.27912700312175,0.177489478976068,1,1,13.2496,3.64
4,"nb_glm","rolling_one_step",7,1,4,1,4.31907680691454,NA,2.37466164171165,2.49235631352343,0.0498827654643894,NA,NA,11.016270850198,3.31907680691454
4,"poisson_glm","rolling_one_step",7,1,4,1,4.27674008947482,NA,2.92178542822257,2.7031702284036,0.0403313479123027,NA,NA,10.7370256139715,3.27674008947482
4,"inad_unconstrained","rolling_one_step",7,1,5,1,3.62,0.3123000370338,2.19654684094972,1.50905873312267,0.150271839778555,1,1,6.8644,2.62
4,"inad_constrained_alpha","rolling_one_step",7,1,5,1,4.43,0.484769027580156,1.76699181254925,2.16812255029586,0.270548885429851,1,1,11.7649,3.43
4,"nb_glm","rolling_one_step",7,1,5,1,3.88273541755356,NA,2.22192275185759,2.20535203355889,0.0796560637877597,NA,NA,8.31016348761771,2.88273541755356
4,"poisson_glm","rolling_one_step",7,1,5,1,3.80681519258628,NA,2.61173906209283,2.33837895012459,0.0604182096195728,NA,NA,7.87821152533317,2.80681519258628
4,"inad_unconstrained","rolling_one_step",7,1,6,6,6.19,0.384207172649277,2.70763706331488,1.03819115497575,0.572634638122144,1,1,0.0361000000000001,0.19
4,"inad_constrained_alpha","rolling_one_step",7,1,6,6,5.79,0.427653924088016,2.42136862898401,1.1185496768,0.606208801169694,1,1,0.0441,0.21
4,"nb_glm","rolling_one_step",7,1,6,6,5.8313777816145,NA,2.4098040798177,1.05905404145979,0.502559258960148,NA,NA,0.0284334525332466,0.168622218385498
4,"poisson_glm","rolling_one_step",7,1,6,6,5.93756399143216,NA,1.98237979393711,0.741717186437004,0.523310606201627,NA,NA,0.00389825516588335,0.0624360085678397
4,"inad_unconstrained","rolling_one_step",7,1,7,8,9.49,0.617668310190948,2.59372994407291,1.71409647736626,0.44121330640572,1,1,2.2201,1.49
4,"inad_constrained_alpha","rolling_one_step",7,1,7,8,8.86,0.586036162568816,2.57880429385624,1.60038655661711,0.496225567014828,1,1,0.739599999999999,0.859999999999999
4,"nb_glm","rolling_one_step",7,1,7,8,9.35032237643765,NA,2.72332965957844,1.75660585368762,0.379994268391115,NA,NA,1.82337052030823,1.35032237643765
4,"poisson_glm","rolling_one_step",7,1,7,8,9.26386702686,NA,2.27487463119082,1.33479460366692,0.358470288030296,NA,NA,1.59735986158394,1.26386702686
4,"inad_unconstrained","rolling_one_step",7,1,8,7,7.66,0.597168402555009,2.60111005137053,1.69087302119377,0.472677972181443,1,1,0.4356,0.66
4,"inad_constrained_alpha","rolling_one_step",7,1,8,7,8.52,0.700285656000464,2.9582098342309,1.93812534602076,0.491914311060374,1,1,2.3104,1.52
4,"nb_glm","rolling_one_step",7,1,8,7,8.40569165114558,NA,2.64333468108849,1.76501687836246,0.379496194850855,NA,NA,1.97596901810038,1.40569165114558
4,"poisson_glm","rolling_one_step",7,1,8,7,8.24596047506838,NA,2.22977676023602,1.38017022290396,0.32018822167224,NA,NA,1.55241750543261,1.24596047506838
4,"inad_unconstrained","rolling_one_step",7,1,9,12,10.85,0.552016505389306,2.49089469163262,1.58410695589218,0.622962095351827,1,1,1.3225,1.15
4,"inad_constrained_alpha","rolling_one_step",7,1,9,12,10.75,0.611732925153757,2.67672772997317,1.89574479453627,0.565602995659733,1,1,1.5625,1.25
4,"nb_glm","rolling_one_step",7,1,9,12,10.4011106012193,NA,3.01183079231851,1.85870101823535,0.573304148057251,NA,NA,2.55644730953338,1.59888939878072
4,"poisson_glm","rolling_one_step",7,1,9,12,10.4074270730278,NA,2.47433918241568,1.22515592526326,0.644903744593486,NA,NA,2.53628852772475,1.59257292697218
4,"inad_unconstrained","rolling_one_step",7,1,10,12,12.7,0.556594987219594,2.90536735285652,1.51574089297518,0.521793976793275,1,1,0.489999999999999,0.699999999999999
4,"inad_constrained_alpha","rolling_one_step",7,1,10,12,12.76,0.501134067426426,2.66146025784238,1.42152853254438,0.466324280008889,1,1,0.5776,0.76
4,"nb_glm","rolling_one_step",7,1,10,12,12.0856451812439,NA,2.93764354668216,1.70011367590958,0.528582282151239,NA,NA,0.00733509707030342,0.0856451812439172
4,"poisson_glm","rolling_one_step",7,1,10,12,12.2628410542551,NA,2.3403065827267,1.02737771442931,0.433934440943201,NA,NA,0.0690854198019118,0.262841054255061
4,"inad_unconstrained","rolling_one_step",7,1,11,1,6.35,0.599052281828253,2.34584314231218,3.74160013319836,0.0841664551883718,1,1,28.6225,5.35
4,"inad_constrained_alpha","rolling_one_step",7,1,11,1,5.91,0.550866168278226,2.37350289289058,3.112965,0.169522259963945,1,1,24.1081,4.91
4,"nb_glm","rolling_one_step",7,1,11,1,5.5968036894878,NA,2.84259045995364,3.71801086378123,0.0526341207422566,NA,NA,21.1306041596886,4.5968036894878
4,"poisson_glm","rolling_one_step",7,1,11,1,5.28682261938616,NA,3.61145577847343,3.83434776832884,0.0307329771667344,NA,NA,18.3768481700808,4.28682261938616
4,"inad_unconstrained","rolling_one_step",7,1,12,3,6.47,0.600413157414092,2.60111005137053,2.41464497729239,0.205103507038131,1,1,12.0409,3.47
4,"inad_constrained_alpha","rolling_one_step",7,1,12,3,6.42,0.577206788566868,2.58629496558539,2.3573903096458,0.276437548845972,1,1,11.6964,3.42
4,"nb_glm","rolling_one_step",7,1,12,3,6.22577188722054,NA,2.45614783784676,2.51636631790884,0.228514591479268,NA,NA,10.4056042683824,3.22577188722054
4,"poisson_glm","rolling_one_step",7,1,12,3,5.93944415434309,NA,2.58164033017909,2.49366245592478,0.112084585461484,NA,NA,8.64033193650176,2.93944415434309
4,"inad_unconstrained","rolling_one_step",8,1,1,1,5.43,0.341196646400798,2.70763706331488,2.91940420053275,0.0908506469691388,1,1,19.6249,4.43
4,"inad_constrained_alpha","rolling_one_step",8,1,1,1,5.13,0.280927396350377,2.64804496611264,2.60773281779009,0.0801171352136513,0,1,17.0569,4.13
4,"nb_glm","rolling_one_step",8,1,1,1,5.23307241785293,NA,2.60378494336891,2.71229327248646,0.0397209276858889,NA,NA,17.9189020947872,4.23307241785293
4,"poisson_glm","rolling_one_step",8,1,1,1,5.27608705511346,NA,3.48090609143745,3.1688520828399,0.0188264084556732,NA,NA,18.2849205029089,4.27608705511346
4,"inad_unconstrained","rolling_one_step",8,1,2,7,4.58,0.321039976742253,2.43338729399773,1.5780112362949,0.770885621669358,1,1,5.8564,2.42
4,"inad_constrained_alpha","rolling_one_step",8,1,2,7,4.33,0.283219228360525,2.95353191906361,1.64315633917955,0.778213486519807,1,1,7.1289,2.67
4,"nb_glm","rolling_one_step",8,1,2,7,4.25385306045019,NA,2.73594348614671,1.73847987250887,0.783890136901201,NA,NA,7.5413230135988,2.74614693954981
4,"poisson_glm","rolling_one_step",8,1,2,7,4.20704447224388,NA,2.67908003814766,1.69014887546349,0.830846869947262,NA,NA,7.80060058002345,2.79295552775612
4,"inad_unconstrained","rolling_one_step",8,1,3,5,4.36,0.294227287941987,2.44204535674085,0.871655945303211,0.654144102971487,1,1,0.4096,0.64
4,"inad_constrained_alpha","rolling_one_step",8,1,3,5,4.8,0.321926021993196,1.92810353040585,0.777182490663602,0.540021791925764,1,1,0.0400000000000001,0.2
4,"nb_glm","rolling_one_step",8,1,3,5,4.62018322530986,NA,2.2261582157173,0.840532577773747,0.572307705903462,NA,NA,0.144260782336024,0.379816774690144
4,"poisson_glm","rolling_one_step",8,1,3,5,4.6045538273184,NA,1.85659385659432,0.599558712461635,0.625939437920525,NA,NA,0.156377675488523,0.395446172681597
4,"inad_unconstrained","rolling_one_step",8,1,4,1,3.5,0.286567988654023,1.52516015343335,1.32282236920333,0.128403225318561,1,1,6.25,2.5
4,"inad_constrained_alpha","rolling_one_step",8,1,4,1,3.15,0.210038476513618,1.40410977504395,1.12351579417255,0.189473637560978,1,1,4.6225,2.15
4,"nb_glm","rolling_one_step",8,1,4,1,3.29108598347179,NA,1.89365484580096,1.33380262156684,0.095810474443793,NA,NA,5.24907498366088,2.29108598347179
4,"poisson_glm","rolling_one_step",8,1,4,1,3.17817872665245,NA,2.08822608083596,1.41971613358836,0.0811955782725061,NA,NA,4.74446256524129,2.17817872665245
4,"inad_unconstrained","rolling_one_step",8,1,5,2,3.64,0.295938841620694,1.91100909704655,0.957310879904875,0.282429416568404,1,1,2.6896,1.64
4,"inad_constrained_alpha","rolling_one_step",8,1,5,2,3.7,0.281590002118203,2.02759188035395,0.967261580340265,0.288518980395899,1,1,2.89,1.7
4,"nb_glm","rolling_one_step",8,1,5,2,3.29108598347179,NA,1.77201832673145,0.807117341584721,0.295235489152644,NA,NA,1.66690301671731,1.29108598347179
4,"poisson_glm","rolling_one_step",8,1,5,2,3.17817872665245,NA,1.65119512307326,0.757319511219358,0.182697587195387,NA,NA,1.38810511193639,1.17817872665245
4,"inad_unconstrained","rolling_one_step",8,1,6,3,4.85,0.316666666666667,2.35522882647947,1.12105320330192,0.291874785384832,1,1,3.4225,1.85
4,"inad_constrained_alpha","rolling_one_step",8,1,6,3,5.26,0.301048672194885,1.98025388512909,1.32402195923734,0.263314268636979,1,1,5.1076,2.26
4,"nb_glm","rolling_one_step",8,1,6,3,5.23307241785293,NA,2.11453899526718,1.21605870349746,0.261184107299984,NA,NA,4.98661242337552,2.23307241785293
4,"poisson_glm","rolling_one_step",8,1,6,3,5.27608705511346,NA,2.1490934938488,1.37542919741819,0.208797400607367,NA,NA,5.18057228245505,2.27608705511346
4,"inad_unconstrained","rolling_one_step",8,1,7,16,8.01,0.367490809340172,4.08935702071106,5.6887793125,0.942384489786831,0,1,63.8401,7.99
4,"inad_constrained_alpha","rolling_one_step",8,1,7,16,8.2,0.434845845203687,4.11404963330143,5.12839423623505,0.903757996288946,0,1,60.84,7.8
4,"nb_glm","rolling_one_step",8,1,7,16,8.27875463992269,NA,3.69908981330991,5.2067637270024,0.915672312443561,NA,NA,59.6176299105154,7.72124536007731
4,"poisson_glm","rolling_one_step",8,1,7,16,8.11158071549725,NA,4.40081459441281,5.62712402563783,0.946955877227009,NA,NA,62.2271588081148,7.88841928450275
4,"inad_unconstrained","rolling_one_step",8,1,8,4,7.95,0.478924510615908,2.75603360417673,2.36373757207514,0.201804456889948,1,1,15.6025,3.95
4,"inad_constrained_alpha","rolling_one_step",8,1,8,4,7.76,0.481814751274237,2.77165892207981,2.38171310618352,0.17362371932069,1,1,14.1376,3.76
4,"nb_glm","rolling_one_step",8,1,8,4,7.92552456057536,NA,2.58367731763063,2.45036882788356,0.177014066227382,NA,NA,15.4097430756803,3.92552456057536
4,"poisson_glm","rolling_one_step",8,1,8,4,7.73408311720565,NA,2.83299991921149,2.64279359073319,0.101472518927396,NA,NA,13.9433767262002,3.73408311720565
4,"inad_unconstrained","rolling_one_step",8,1,9,5,7.71,0.390362431956289,2.5006395210069,1.6666217397052,0.284650610033214,1,1,7.3441,2.71
4,"inad_constrained_alpha","rolling_one_step",8,1,9,5,8.96,0.405746599530178,2.84957599322811,2.26020534802472,0.196055891805702,1,1,15.6816,3.96
4,"nb_glm","rolling_one_step",8,1,9,5,9.48609126029771,NA,2.63881439211536,2.23415496815351,0.214474827980905,NA,NA,20.1250147957195,4.48609126029771
4,"poisson_glm","rolling_one_step",8,1,9,5,9.41285877434345,NA,3.00704922628789,2.80167196861278,0.0937874389916964,NA,NA,19.4733225623,4.41285877434345
4,"inad_unconstrained","rolling_one_step",8,1,10,1,9.76,0.487856577698856,4.84418708645859,6.19325407650815,0.0133198932597898,0,0,76.7376,8.76
4,"inad_constrained_alpha","rolling_one_step",8,1,10,1,9.35,0.475112958392342,4.16167768229069,6.06970755964185,0.0217431417121299,0,0,69.7225,8.35
4,"nb_glm","rolling_one_step",8,1,10,1,9.48609126029771,NA,3.71949433633479,5.77604061543457,0.0220066732729382,NA,NA,72.0137448781011,8.48609126029771
4,"poisson_glm","rolling_one_step",8,1,10,1,9.41285877434345,NA,4.78503758243599,6.69548511461797,0.0108622397081346,NA,NA,70.7761927570476,8.41285877434345
4,"inad_unconstrained","rolling_one_step",8,1,11,4,5.12,0.316955211442573,2.45062910043224,0.964378683614581,0.448892928107749,1,1,1.2544,1.12
4,"inad_constrained_alpha","rolling_one_step",8,1,11,4,5.41,0.403543646644913,2.13919154608561,0.995351034722222,0.411526991616741,1,1,1.9881,1.41
4,"nb_glm","rolling_one_step",8,1,11,4,4.74396532183032,NA,2.11099816974453,0.872208288237185,0.453892699217348,NA,NA,0.553484400086098,0.743965321830324
4,"poisson_glm","rolling_one_step",8,1,11,4,4.41378588938087,NA,1.77486745069032,0.630872102168926,0.344638115188977,NA,NA,0.171218762250721,0.413785889380875
4,"inad_unconstrained","rolling_one_step",8,1,12,12,6.48,0.423425186885344,4.13017901523132,3.3834511616,0.846317126706634,0,1,30.4704,5.52
4,"inad_constrained_alpha","rolling_one_step",8,1,12,12,6.01,0.397846475643329,3.68223491139527,3.75387214583333,0.880921429476235,0,1,35.8801,5.99
4,"nb_glm","rolling_one_step",8,1,12,12,6.13175453460786,NA,3.52249917270387,3.52387683012487,0.847596639451168,NA,NA,34.4363048420955,5.86824546539214
4,"poisson_glm","rolling_one_step",8,1,12,12,5.84265238825836,NA,4.15129825670402,3.9443898436646,0.893659463504491,NA,NA,37.9129296118205,6.15734761174164
4,"inad_unconstrained","rolling_one_step",9,1,1,2,2.11,0.178033591201098,1.56451622504259,0.434695471146823,0.559258244490159,1,1,0.0121,0.11
4,"inad_constrained_alpha","rolling_one_step",9,1,1,2,1.8,0.144250063459538,1.62813004544625,0.403580332647462,0.581117203695251,1,1,0.04,0.2
4,"nb_glm","rolling_one_step",9,1,1,2,2.36688685899281,NA,1.57654240868998,0.449616603311324,0.556766447455812,NA,NA,0.134605967301607,0.366886858992806
4,"poisson_glm","rolling_one_step",9,1,1,2,2.30050197774837,NA,1.38501447932227,0.373713959100616,0.346919553947019,NA,NA,0.0903014386306792,0.300501977748366
4,"inad_unconstrained","rolling_one_step",9,1,2,1,3.97,0.22448819455586,2.31155376297681,1.83025126753827,0.138433274220401,1,1,8.8209,2.97
4,"inad_constrained_alpha","rolling_one_step",9,1,2,1,3.76,0.237461320614282,2.24216689082949,1.66735178516467,0.105012564855309,1,1,7.6176,2.76
4,"nb_glm","rolling_one_step",9,1,2,1,3.95424895850904,NA,2.10743947419312,1.65857287695597,0.0962930911439343,NA,NA,8.72758690885173,2.95424895850904
4,"poisson_glm","rolling_one_step",9,1,2,1,4.0310685550036,NA,2.62828835792098,2.01306983960886,0.0622030646206384,NA,NA,9.18737658513161,3.0310685550036
4,"inad_unconstrained","rolling_one_step",9,1,3,6,3.53,0.235897169858976,3.10998173662906,1.55446699819876,0.799054457231598,1,1,6.1009,2.47
4,"inad_constrained_alpha","rolling_one_step",9,1,3,6,2.91,0.187538548225977,3.3247324953365,2.14594661192602,0.896238740771618,0,1,9.5481,3.09
4,"nb_glm","rolling_one_step",9,1,3,6,3.55476486466917,NA,2.60660859220778,1.59350675674494,0.810302902252146,NA,NA,5.97917486705638,2.44523513533083
4,"poisson_glm","rolling_one_step",9,1,3,6,3.58813785652075,NA,2.49948243816706,1.48814622120553,0.829687444991434,NA,NA,5.81707899914834,2.41186214347925
4,"inad_unconstrained","rolling_one_step",9,1,4,10,2.46,0.206666666666667,4.7361984483945,5.91632125269314,0.968129363147983,0,0,56.8516,7.54
4,"inad_constrained_alpha","rolling_one_step",9,1,4,10,1.65,0.141688946554619,4.71849887129509,7.05545855389031,0.995635726233429,0,0,69.7225,8.35
4,"nb_glm","rolling_one_step",9,1,4,10,2.36688685899281,NA,4.53855466872006,5.98280370646499,0.977320625119909,NA,NA,58.2644162234167,7.63311314100719
4,"poisson_glm","rolling_one_step",9,1,4,10,2.30050197774837,NA,4.72468463513347,6.19911533893735,0.978628409480627,NA,NA,59.2822697946568,7.69949802225163
4,"inad_unconstrained","rolling_one_step",9,1,5,4,2.91,0.223875416292638,1.87591777723528,0.759850438456633,0.727202389653872,1,1,1.1881,1.09
4,"inad_constrained_alpha","rolling_one_step",9,1,5,4,2.29,0.199137027083251,2.40695403692958,1.15451212531888,0.767262853590239,1,1,2.9241,1.71
4,"nb_glm","rolling_one_step",9,1,5,4,2.75022118874331,NA,2.14300796148271,0.88506622606043,0.777005053306741,NA,NA,1.56194707706618,1.24977881125669
4,"poisson_glm","rolling_one_step",9,1,5,4,2.71063058142768,NA,1.93913005400212,0.787975840499526,0.736984129930167,NA,NA,1.66247349754951,1.28936941857232
4,"inad_unconstrained","rolling_one_step",9,1,6,2,2.63,0.189978733525411,1.56451622504259,0.48348139761383,0.344099305461933,1,1,0.3969,0.63
4,"inad_constrained_alpha","rolling_one_step",9,1,6,2,2.86,0.204010298809158,1.61795623338876,0.580713823341837,0.297414735076038,1,1,0.7396,0.86
4,"nb_glm","rolling_one_step",9,1,6,2,3.05929075066118,NA,1.68468375150128,0.631691281195805,0.299251927872123,NA,NA,1.12209689443632,1.05929075066118
4,"poisson_glm","rolling_one_step",9,1,6,2,3.04523910115857,NA,1.57041081988515,0.625265758863351,0.236173812830306,NA,NA,1.09252477859077,1.04523910115857
4,"inad_unconstrained","rolling_one_step",9,1,7,9,7.46,0.372656312535729,3.00396277269051,1.30700462241333,0.630828767066161,1,1,2.3716,1.54
4,"inad_constrained_alpha","rolling_one_step",9,1,7,9,8.82,0.369378402238685,2.40523924705413,1.02054545574724,0.482856083129631,1,1,0.0323999999999999,0.18
4,"nb_glm","rolling_one_step",9,1,7,9,7.53453899097874,NA,2.72079632590363,1.43232408380442,0.642292649463289,NA,NA,2.14757596896161,1.46546100902126
4,"poisson_glm","rolling_one_step",9,1,7,9,7.59459788839831,NA,2.26500291185154,0.996472551686019,0.655234568832176,NA,NA,1.9751550952945,1.40540211160169
4,"inad_unconstrained","rolling_one_step",9,1,8,1,4.56,0.281525426305628,2.45062910043224,2.27306004821389,0.10649039486449,1,1,12.6736,3.56
4,"inad_constrained_alpha","rolling_one_step",9,1,8,1,4.77,0.28809895886832,2.97906522106878,2.49405939552292,0.0583887485691988,0,1,14.2129,3.77
4,"nb_glm","rolling_one_step",9,1,8,1,4.78960551628836,NA,2.44297017761051,2.35364821315273,0.11624744436659,NA,NA,14.3611099690832,3.78960551628836
4,"poisson_glm","rolling_one_step",9,1,8,1,4.62876139750101,NA,3.06243627841694,2.60112036967307,0.0205620197471777,NA,NA,13.1679092799935,3.62876139750101
4,"inad_unconstrained","rolling_one_step",9,1,9,6,5.26,0.280555005500011,2.24216689082949,0.894589704524469,0.587396785335987,1,1,0.5476,0.74
4,"inad_constrained_alpha","rolling_one_step",9,1,9,6,5.19,0.352106216756802,2.47594690841653,1.10431249305556,0.602564595070241,1,1,0.656099999999999,0.81
4,"nb_glm","rolling_one_step",9,1,9,6,5.12404760311422,NA,2.39449113675384,1.00908202560843,0.651061849309167,NA,NA,0.767292601609942,0.875952396885779
4,"poisson_glm","rolling_one_step",9,1,9,6,4.98312826382356,NA,2.03266818348551,0.761074490350052,0.657650048992528,NA,NA,1.03402812783448,1.01687173617644
4,"inad_unconstrained","rolling_one_step",9,1,10,14,4.26,0.273259413507947,4.75359019110636,7.65185566290131,0.99467706453288,0,0,94.8676,9.74
4,"inad_constrained_alpha","rolling_one_step",9,1,10,14,4.09,0.290278514812268,4.75359019110636,7.75695616082045,0.993419806697759,0,0,98.2081,9.91
4,"nb_glm","rolling_one_step",9,1,10,14,3.4117702290819,NA,4.65193316461381,8.51787077669136,0.996968289490019,NA,NA,112.110609681756,10.5882297709181
4,"poisson_glm","rolling_one_step",9,1,10,14,3.1948873997321,NA,4.75304110308179,8.96943328200557,0.999547481817961,NA,NA,116.750458304468,10.8051126002679
4,"inad_unconstrained","rolling_one_step",9,1,11,13,4.64,0.289031821672621,4.76217393479776,6.22679288479801,0.969624563767137,0,0,69.8896,8.36
4,"inad_constrained_alpha","rolling_one_step",9,1,11,13,5.4,0.301511344577764,4.74493212836325,5.65762448393195,0.992530435473537,0,0,57.76,7.6
4,"nb_glm","rolling_one_step",9,1,11,13,4.78960551628836,NA,4.12176851441199,6.0796058893552,0.972416356514535,NA,NA,67.4105775781626,8.21039448371164
4,"poisson_glm","rolling_one_step",9,1,11,13,4.62876139750101,NA,4.69362088644784,6.52392882340888,0.979023130007336,NA,NA,70.0776357399692,8.37123860249899
4,"inad_unconstrained","rolling_one_step",9,1,12,6,7.01,0.310260561724522,2.47594690841653,0.919011159722222,0.368022339731571,1,1,1.0201,1.01
4,"inad_constrained_alpha","rolling_one_step",9,1,12,6,7.42,0.326963377926413,2.02210099506459,0.974497285675893,0.344442057740459,1,1,2.0164,1.42
4,"nb_glm","rolling_one_step",9,1,12,6,6.82221760840167,NA,2.39714084548214,1.08651247397072,0.460348853019284,NA,NA,0.676041795565763,0.822217608401671
4,"poisson_glm","rolling_one_step",9,1,12,6,6.81343061201956,NA,2.00537398929472,0.820202940961328,0.379054183424855,NA,NA,0.66166936057052,0.813430612019562
4,"inad_unconstrained","rolling_one_step",10,1,1,3,2.47,0.174919895086207,1.5219386664839,0.489693052511971,0.55097384896144,1,1,0.2809,0.53
4,"inad_constrained_alpha","rolling_one_step",10,1,1,3,2.05,0.147966007562343,1.73747981277385,0.636618306539854,0.726538864770571,1,1,0.9025,0.95
4,"nb_glm","rolling_one_step",10,1,1,3,2.57356993509779,NA,1.82854668728955,0.56645846290249,0.594852781411495,NA,NA,0.181842600252504,0.426430064902211
4,"poisson_glm","rolling_one_step",10,1,1,3,2.6087253694568,NA,1.57351451512887,0.441478618662029,0.58295436737499,NA,NA,0.153095836506717,0.391274630543199
4,"inad_unconstrained","rolling_one_step",10,1,2,7,1.83,0.157027308954767,4.70048036579242,4.10612528099174,0.975775515068068,0,0,26.7289,5.17
4,"inad_constrained_alpha","rolling_one_step",10,1,2,7,1.76,0.158350078859303,3.58609105084237,4.19399791263362,0.97260144565609,0,0,27.4576,5.24
4,"nb_glm","rolling_one_step",10,1,2,7,2.21485780307922,NA,3.77967779742644,3.67926526137756,0.962705793727488,NA,NA,22.8975858447519,4.78514219692078
4,"poisson_glm","rolling_one_step",10,1,2,7,2.21401540769041,NA,4.24832998070118,3.75763177465997,0.98556981151318,NA,NA,22.9056485178248,4.78598459230959
4,"inad_unconstrained","rolling_one_step",10,1,3,2,3.35,0.211953396821666,1.53090733646666,0.697479775191327,0.302387402007173,1,1,1.8225,1.35
4,"inad_constrained_alpha","rolling_one_step",10,1,3,2,3.63,0.24930408190105,1.63565581048816,0.853261041859034,0.260891845026605,1,1,2.6569,1.63
4,"nb_glm","rolling_one_step",10,1,3,2,3.52178926256229,NA,1.8004235386659,0.84958133695969,0.359050814393787,NA,NA,2.31584255964987,1.52178926256229
4,"poisson_glm","rolling_one_step",10,1,3,2,3.67548178910661,NA,1.82998924464617,0.988610010049033,0.139303932545594,NA,NA,2.80723922562789,1.67548178910661
4,"inad_unconstrained","rolling_one_step",10,1,4,8,4.64,0.243924147839016,2.93614017635175,2.10635073868883,0.891903736793657,1,1,11.2896,3.36
4,"inad_constrained_alpha","rolling_one_step",10,1,4,8,5.15,0.238841902825812,2.64804496611264,1.8493750615574,0.866681049846934,1,1,8.1225,2.85
4,"nb_glm","rolling_one_step",10,1,4,8,4.16325406478602,NA,3.03897008557296,2.56470864096943,0.864066628835425,NA,NA,14.720619371381,3.83674593521398
4,"poisson_glm","rolling_one_step",10,1,4,8,4.41302538549458,NA,3.05541199510328,2.36594627709746,0.893841784481102,NA,NA,12.8663868851063,3.58697461450542
4,"inad_unconstrained","rolling_one_step",10,1,5,3,2.85,0.174295117197206,1.34954671052364,0.399298484976012,0.511618425448365,1,1,0.0225,0.15
4,"inad_constrained_alpha","rolling_one_step",10,1,5,3,2.48,0.176085378740146,1.75566213185704,0.528316678841003,0.594766716901507,1,1,0.2704,0.52
4,"nb_glm","rolling_one_step",10,1,5,3,3.10932285562419,NA,1.80185966750754,0.533369954476748,0.533352082387998,NA,NA,0.0119514867618274,0.109322855624189
4,"poisson_glm","rolling_one_step",10,1,5,3,3.20767143575989,NA,1.55203674993897,0.426422682981817,0.405940428537243,NA,NA,0.0431274252305724,0.207671435759886
4,"inad_unconstrained","rolling_one_step",10,1,6,1,2.27,0.166275298067617,1.4720503281194,0.67784805785124,0.164584572272714,1,1,1.6129,1.27
4,"inad_constrained_alpha","rolling_one_step",10,1,6,1,2.04,0.137009916326218,1.23851312957811,0.549302280521262,0.366938731684048,1,1,1.0816,1.04
4,"nb_glm","rolling_one_step",10,1,6,1,2.57356993509779,NA,1.56806325318706,0.779034446306506,0.297491618826217,NA,NA,2.47612234064366,1.57356993509779
4,"poisson_glm","rolling_one_step",10,1,6,1,2.6087253694568,NA,1.68356348483586,0.909629244340918,0.233974062079858,NA,NA,2.58799731433392,1.6087253694568
4,"inad_unconstrained","rolling_one_step",10,1,7,3,6.15,0.263379359230534,2.45913979010015,1.96219864263143,0.0998287484151217,1,1,9.9225,3.15
4,"inad_constrained_alpha","rolling_one_step",10,1,7,3,6.72,0.263649599110469,2.95353191906361,2.31132461355529,0.0801140123610746,0,1,13.8384,3.72
4,"nb_glm","rolling_one_step",10,1,7,3,5.79310434770867,NA,2.22245457837381,1.49222553059726,0.245147839064222,NA,NA,7.80143189718909,2.79310434770867
4,"poisson_glm","rolling_one_step",10,1,7,3,5.89687075107657,NA,2.42057638808738,1.80393855385009,0.151270067956604,NA,NA,8.39186014844296,2.89687075107657
4,"inad_unconstrained","rolling_one_step",10,1,8,2,3.37,0.192618846954342,1.66449768961713,0.74154166932398,0.342264628847229,1,1,1.8769,1.37
4,"inad_constrained_alpha","rolling_one_step",10,1,8,2,3.73,0.1686877457184,1.64647918411445,0.951419958677686,0.195201996518976,1,1,2.9929,1.73
4,"nb_glm","rolling_one_step",10,1,8,2,3.19262658689609,NA,1.7089289073343,0.674080544187321,0.415481214453234,NA,NA,1.42235817577142,1.19262658689609
4,"poisson_glm","rolling_one_step",10,1,8,2,3.07477672145542,NA,1.58017633398452,0.638436654845945,0.284051332815998,NA,NA,1.15514500098245,1.07477672145542
4,"inad_unconstrained","rolling_one_step",10,1,9,3,5.3,0.265718009562883,2.44204535674085,1.34195879904875,0.203216128009552,1,1,5.29,2.3
4,"inad_constrained_alpha","rolling_one_step",10,1,9,3,5.36,0.265725612258399,2.26814237723276,1.37393686901892,0.20799227366005,1,1,5.5696,2.36
4,"nb_glm","rolling_one_step",10,1,9,3,5.07651462656874,NA,2.08897242389551,1.15468853252515,0.291650180349282,NA,NA,4.3119129943539,2.07651462656874
4,"poisson_glm","rolling_one_step",10,1,9,3,5.10442962863906,NA,2.08183365437237,1.2712746481238,0.161353191336445,NA,NA,4.42862406189393,2.10442962863906
4,"inad_unconstrained","rolling_one_step",10,1,10,5,7.82,0.327025158887592,2.97906522106878,1.69992106489655,0.212530831281182,1,1,7.9524,2.82
4,"inad_constrained_alpha","rolling_one_step",10,1,10,5,7.57,0.306579368338623,2.13082329641509,1.48081432808418,0.216283708980205,1,1,6.6049,2.57
4,"nb_glm","rolling_one_step",10,1,10,5,6.73133921257612,NA,2.30463001341667,1.11563899642587,0.353678542491456,NA,NA,2.99753546900369,1.73133921257612
4,"poisson_glm","rolling_one_step",10,1,10,5,6.94815233683881,NA,2.13337011208301,1.17371369475721,0.206248259207438,NA,NA,3.7952975275305,1.94815233683881
4,"inad_unconstrained","rolling_one_step",10,1,11,5,7.16,0.307718879971491,2.54751599849316,1.28271303507729,0.299713235317954,1,1,4.6656,2.16
4,"inad_constrained_alpha","rolling_one_step",10,1,11,5,7.67,0.318790327217236,2.46757865874601,1.56104232045759,0.246196514801533,1,1,7.1289,2.67
4,"nb_glm","rolling_one_step",10,1,11,5,6.56158708374709,NA,2.29201458193148,1.07693414389593,0.427909322503242,NA,NA,2.43855422012575,1.56158708374709
4,"poisson_glm","rolling_one_step",10,1,11,5,6.7568769097334,NA,2.08533043108029,1.08415972728995,0.260534279385727,NA,NA,3.08661647595439,1.7568769097334
4,"inad_unconstrained","rolling_one_step",10,1,12,6,5.56,0.276821789298283,2.02759188035395,0.693794994328922,0.607402210966117,1,1,0.1936,0.44
4,"inad_constrained_alpha","rolling_one_step",10,1,12,6,5.77,0.25459613492587,1.89361735433468,0.660555855647892,0.509756966943673,1,1,0.0529000000000002,0.23
4,"nb_glm","rolling_one_step",10,1,12,6,5.07651462656874,NA,2.33859048906442,0.997311216019021,0.632662055649384,NA,NA,0.85282523494148,0.923485373431263
4,"poisson_glm","rolling_one_step",10,1,12,6,5.10442962863906,NA,1.9678087398502,0.719767256665317,0.587473001189164,NA,NA,0.802046290059574,0.895570371360941
4,"inad_unconstrained","rolling_one_step",11,1,1,0,2.82,0.267566663080286,1.91100909704655,1.67107491082045,0.11896267433996,1,1,7.9524,2.82
4,"inad_constrained_alpha","rolling_one_step",11,1,1,0,2.68,0.209800289838126,1.99218995330303,1.61748849931012,0.107727929032911,1,1,7.1824,2.68
4,"nb_glm","rolling_one_step",11,1,1,0,2.5479942581917,NA,2.05299651893841,1.65437445090413,0.0149991634716814,NA,NA,6.49227473977785,2.5479942581917
4,"poisson_glm","rolling_one_step",11,1,1,0,2.56817181317137,NA,2.58519547324377,1.84455895948637,0.0643322158075367,NA,NA,6.59550646196793,2.56817181317137
4,"inad_unconstrained","rolling_one_step",11,1,2,11,3.68,0.25301415299576,4.03806372632351,5.56952828562635,0.971805883130108,0,0,53.5824,7.32
4,"inad_constrained_alpha","rolling_one_step",11,1,2,11,3.68,0.255002475725752,4.04679740629227,5.54136485444234,0.955637900758373,0,1,53.5824,7.32
4,"nb_glm","rolling_one_step",11,1,2,11,3.29337891129309,NA,4.32862505275712,5.86534660774874,0.974245546516525,NA,NA,59.3920086049021,7.70662108870691
4,"poisson_glm","rolling_one_step",11,1,2,11,3.399561182563,NA,4.68739539501076,5.98256392271204,0.978721303752728,NA,NA,57.7666702176032,7.600438817437
4,"inad_unconstrained","rolling_one_step",11,1,3,6,2.31,0.208745652588856,2.75508514980718,2.45625428942456,0.923379622394857,0,1,13.6161,3.69
4,"inad_constrained_alpha","rolling_one_step",11,1,3,6,2.06,0.196854045301373,3.61324203990832,2.84145448022959,0.922630619015503,0,1,15.5236,3.94
4,"nb_glm","rolling_one_step",11,1,3,6,2.29057921224409,NA,3.27866048752171,2.5685796354919,0.929012382933475,NA,NA,13.7598025806357,3.70942078775591
4,"poisson_glm","rolling_one_step",11,1,3,6,2.28598307846975,NA,3.60815003126034,2.63784652703709,0.943330217819069,NA,NA,13.7939216934131,3.71401692153025
4,"inad_unconstrained","rolling_one_step",11,1,4,4,3.66,0.240462517291619,1.93657882162643,0.643069993622449,0.584779372914095,1,1,0.1156,0.34
4,"inad_constrained_alpha","rolling_one_step",11,1,4,4,4.27,0.258142158000923,2.09663193166681,0.645727266540643,0.495509433826999,1,1,0.0728999999999998,0.27
4,"nb_glm","rolling_one_step",11,1,4,4,3.44016042528192,NA,2.06150950548396,0.717575828744942,0.558639940561679,NA,NA,0.313420349420524,0.559839574718083
4,"poisson_glm","rolling_one_step",11,1,4,4,3.56549244580582,NA,1.73744952919939,0.527009666459386,0.627442425602483,NA,NA,0.188796814651811,0.434507554194183
4,"inad_unconstrained","rolling_one_step",11,1,5,2,2.89,0.261655568187716,1.7823303789392,0.69373606494306,0.510314042917248,1,1,0.7921,0.89
4,"inad_constrained_alpha","rolling_one_step",11,1,5,2,2.34,0.173041712726829,1.63734670055118,0.444575624947395,0.43417576297605,1,1,0.1156,0.34
4,"nb_glm","rolling_one_step",11,1,5,2,2.5479942581917,NA,1.62644356056967,0.528661976084266,0.446527695367745,NA,NA,0.300297707011068,0.547994258191697
4,"poisson_glm","rolling_one_step",11,1,5,2,2.56817181317137,NA,1.45759625286767,0.475203304824112,0.492620685337729,NA,NA,0.322819209282443,0.568171813171371
4,"inad_unconstrained","rolling_one_step",11,1,6,4,1.81,0.192639821973809,2.77294276720719,1.5218061163756,0.847503739659328,1,1,4.7961,2.19
4,"inad_constrained_alpha","rolling_one_step",11,1,6,4,2,0.214617347995464,3.60427336992556,1.43309486243,0.775659176919794,1,1,4,2
4,"nb_glm","rolling_one_step",11,1,6,4,1.9713112018528,NA,2.47860832171463,1.2743538455502,0.859515521077455,NA,NA,4.11557823972792,2.0286887981472
4,"poisson_glm","rolling_one_step",11,1,6,4,1.94010523940488,NA,2.46905586707416,1.26991060129557,0.825355136007612,NA,NA,4.24316642472722,2.05989476059512
4,"inad_unconstrained","rolling_one_step",11,1,7,3,3.56,0.340919730473703,2.110973489293,0.9727263488,0.402341486880109,1,1,0.3136,0.56
4,"inad_constrained_alpha","rolling_one_step",11,1,7,3,4.35,0.36358901206853,2.07015149477274,1.03636900694444,0.367172032207445,1,1,1.8225,1.35
4,"nb_glm","rolling_one_step",11,1,7,3,3.67282910923309,NA,1.96777104290059,0.901265892464285,0.407740746820818,NA,NA,0.452699010231394,0.67282910923309
4,"poisson_glm","rolling_one_step",11,1,7,3,3.56662147896916,NA,1.71141264442631,0.749456300739963,0.317484326868084,NA,NA,0.321059900429201,0.566621478969162
4,"inad_unconstrained","rolling_one_step",11,1,8,1,4.37,0.416492084637459,1.95320945153692,1.85494104910867,0.211767500374343,1,1,11.3569,3.37
4,"inad_constrained_alpha","rolling_one_step",11,1,8,1,3.78,0.391211534398546,1.72777109939596,1.6553525632,0.130569008527882,1,1,7.7284,2.78
4,"nb_glm","rolling_one_step",11,1,8,1,3.30177588928513,NA,1.97311264271719,1.62485315229063,0.11817474099227,NA,NA,5.29817224449434,2.30177588928513
4,"poisson_glm","rolling_one_step",11,1,8,1,3.17472386637638,NA,2.16074810623669,1.66884312210406,0.0596588777336247,NA,NA,4.72942389498702,2.17472386637638
4,"inad_unconstrained","rolling_one_step",11,1,9,1,4.28,0.390565505570339,2.09484410736311,1.9815156057902,0.122700845958983,1,1,10.7584,3.28
4,"inad_constrained_alpha","rolling_one_step",11,1,9,1,4.26,0.433594326997068,2.57125708822085,2.34400382231405,0.165666315754713,1,1,10.6276,3.26
4,"nb_glm","rolling_one_step",11,1,9,1,3.67282910923309,NA,2.16213836368112,2.16342368107624,0.0948367711046214,NA,NA,7.14401544716375,2.67282910923309
4,"poisson_glm","rolling_one_step",11,1,9,1,3.56662147896916,NA,2.4689551642527,2.24329393524064,0.0303957680738806,NA,NA,6.58754581630585,2.56662147896916
4,"inad_unconstrained","rolling_one_step",11,1,10,2,4.42,0.360465467881951,1.80830586534246,1.28174611732048,0.245473282548925,1,1,5.8564,2.42
4,"inad_constrained_alpha","rolling_one_step",11,1,10,2,5.39,0.454804875465814,1.84684283159487,2.06927113647461,0.247873701178778,1,1,11.4921,3.39
4,"nb_glm","rolling_one_step",11,1,10,2,4.26767016786955,NA,2.09575805756985,1.66041165635166,0.261672384111626,NA,NA,5.14232799024553,2.26767016786955
4,"poisson_glm","rolling_one_step",11,1,10,2,4.20247117663123,NA,2.18890247293042,1.71742988648436,0.0796295196644408,NA,NA,4.85087928389136,2.20247117663123
4,"inad_unconstrained","rolling_one_step",11,1,11,4,5.03,0.406128556051411,2.49247621036774,1.05435620128998,0.443217147096885,1,1,1.0609,1.03
4,"inad_constrained_alpha","rolling_one_step",11,1,11,4,5.48,0.399868665307685,2.41333645728675,1.2921537591051,0.398727656043841,1,1,2.1904,1.48
4,"nb_glm","rolling_one_step",11,1,11,4,4.26767016786955,NA,2.12140660780011,0.880571323547261,0.506530262690512,NA,NA,0.0716473187673155,0.267670167869555
4,"poisson_glm","rolling_one_step",11,1,11,4,4.20247117663123,NA,1.7933188483925,0.675616169481976,0.390398123309631,NA,NA,0.040994577366435,0.202471176631231
4,"inad_unconstrained","rolling_one_step",11,1,12,4,4.99,0.367490809340172,2.47594690841653,0.983808979166667,0.411922452624538,1,1,0.9801,0.99
4,"inad_constrained_alpha","rolling_one_step",11,1,12,4,5.71,0.458873235724907,2.45286729604338,1.42070669430924,0.376513379012567,1,1,2.9241,1.71
4,"nb_glm","rolling_one_step",11,1,12,4,4.51829915934636,NA,2.17107257700877,1.0750036716891,0.396603034601529,NA,NA,0.268634018579145,0.518299159346362
4,"poisson_glm","rolling_one_step",11,1,12,4,4.47292761933702,NA,1.85279776928877,0.872434966575483,0.314752743652662,NA,NA,0.223660533131784,0.472927619337023
4,"inad_unconstrained","rolling_one_step",12,1,1,1,1.37,0.173877351409933,1.41307844502671,0.392035100446429,0.400957474184605,1,1,0.1369,0.37
4,"inad_constrained_alpha","rolling_one_step",12,1,1,1,1.62,0.177399850819292,1.56451622504259,0.45232279847415,0.428171210873973,1,1,0.3844,0.62
4,"nb_glm","rolling_one_step",12,1,1,1,1.87115320683801,NA,1.35810766983272,0.507757927040811,0.252773759616693,NA,NA,0.758907909784147,0.871153206838009
4,"poisson_glm","rolling_one_step",12,1,1,1,1.88216948959034,NA,1.31915287391752,0.521097683496079,0.394980001306062,NA,NA,0.778223008364083,0.882169489590341
4,"inad_unconstrained","rolling_one_step",12,1,2,5,6.36,0.327377087737914,1.93654239905171,0.945087818656874,0.393856469103284,1,1,1.8496,1.36
4,"inad_constrained_alpha","rolling_one_step",12,1,2,5,5.9,0.312855857990206,2.05334437645636,0.780797716173513,0.378850338439678,1,1,0.810000000000001,0.9
4,"nb_glm","rolling_one_step",12,1,2,5,4.69493127299755,NA,2.23309946848299,0.850747842137855,0.567773065279718,NA,NA,0.0930669281948925,0.305068727002445
4,"poisson_glm","rolling_one_step",12,1,2,5,5.14402193260172,NA,1.85133300261074,0.616636612545689,0.526319315968371,NA,NA,0.0207423170703343,0.14402193260172
4,"inad_unconstrained","rolling_one_step",12,1,3,1,4.44,0.288612144056638,2.68253114218381,2.19970317437518,0.114518403291734,1,1,11.8336,3.44
4,"inad_constrained_alpha","rolling_one_step",12,1,3,1,3.82,0.205175460757298,2.0612300046159,1.74850995860726,0.114401130243163,1,1,7.9524,2.82
4,"nb_glm","rolling_one_step",12,1,3,1,3.84565321985769,NA,2.11112094217618,1.72911165988953,0.132465283642532,NA,NA,8.09774224768644,2.84565321985769
4,"poisson_glm","rolling_one_step",12,1,3,1,4.13610116002112,NA,2.73236367073325,2.19030524128955,0.0318934763116805,NA,NA,9.8351304858858,3.13610116002112
4,"inad_unconstrained","rolling_one_step",12,1,4,3,3.71,0.223965635892219,1.5823738424426,0.537552831075261,0.518162180509097,1,1,0.5041,0.71
4,"inad_constrained_alpha","rolling_one_step",12,1,4,3,2.88,0.212384252493142,2.00115862328579,0.561899075255102,0.524401044538078,1,1,0.0144,0.12
4,"nb_glm","rolling_one_step",12,1,4,3,3.39525637675681,NA,1.83903592854545,0.584442847045122,0.530432950438475,NA,NA,0.156227603366922,0.39525637675681
4,"poisson_glm","rolling_one_step",12,1,4,3,3.60966379584155,NA,1.61688902885073,0.522533449151546,0.418137924823388,NA,NA,0.371689943959931,0.609663795841553
4,"inad_unconstrained","rolling_one_step",12,1,5,3,2.32,0.219218077850723,2.13539241779639,0.720925752779807,0.67392473253648,1,1,0.4624,0.68
4,"inad_constrained_alpha","rolling_one_step",12,1,5,3,2.13,0.192093727122985,2.13539241779639,0.721890585179774,0.657754263591927,1,1,0.7569,0.87
4,"nb_glm","rolling_one_step",12,1,5,3,2.81023558469172,NA,1.80976982279227,0.541732564376773,0.523362032269094,NA,NA,0.0360105333172927,0.189764415308278
4,"poisson_glm","rolling_one_step",12,1,5,3,2.93565650597591,NA,1.54690346143143,0.414570105905628,0.635435456168603,NA,NA,0.00414008522322818,0.0643434940240906
4,"inad_unconstrained","rolling_one_step",12,1,6,1,3.21,0.270164558906028,1.91959284073794,1.25374508729637,0.235230689100109,1,1,4.8841,2.21
4,"inad_constrained_alpha","rolling_one_step",12,1,6,1,3.51,0.21105554824369,2.62137671903048,1.51852817953088,0.0889833881034776,1,1,6.3001,2.51
4,"nb_glm","rolling_one_step",12,1,6,1,3.39525637675681,NA,1.94049419722536,1.42403361352172,0.221776151516494,NA,NA,5.73725311039416,2.39525637675681
4,"poisson_glm","rolling_one_step",12,1,6,1,3.60966379584155,NA,2.3765551286399,1.76259603268626,0.0950122612566422,NA,NA,6.81034512732614,2.60966379584155
4,"inad_unconstrained","rolling_one_step",12,1,7,1,4.89,0.32594694988819,2.58141755016884,2.46998072916667,0.0689846972329542,1,1,15.1321,3.89
4,"inad_constrained_alpha","rolling_one_step",12,1,7,1,4.53,0.323945063306117,2.9448738563205,2.07411190170132,0.131993381653345,1,1,12.4609,3.53
4,"nb_glm","rolling_one_step",12,1,7,1,4.50607209045017,NA,2.35769238341879,2.21126144111052,0.086321593844849,NA,NA,12.2925415034337,3.50607209045017
4,"poisson_glm","rolling_one_step",12,1,7,1,4.58025067976364,NA,3.03954791155565,2.59098280205317,0.0255863806690144,NA,NA,12.818194929948,3.58025067976364
4,"inad_unconstrained","rolling_one_step",12,1,8,3,3.8,0.314626602482846,2.12238442776923,0.822557555300201,0.471895415371035,1,1,0.64,0.8
4,"inad_constrained_alpha","rolling_one_step",12,1,8,3,4.27,0.329938776077617,1.6995890094284,0.858145830856124,0.412809948037732,1,1,1.6129,1.27
4,"nb_glm","rolling_one_step",12,1,8,3,3.4862207242825,NA,1.89455925169373,0.687267208067577,0.513706013947631,NA,NA,0.236410592721799,0.4862207242825
4,"poisson_glm","rolling_one_step",12,1,8,3,3.4601144269331,NA,1.6389116424948,0.561557856744478,0.459834816435396,NA,NA,0.211705285871979,0.460114426933104
4,"inad_unconstrained","rolling_one_step",12,1,9,1,2.94,0.287384583772162,2.03624994309706,1.0834442627824,0.207224134860022,1,1,3.7636,1.94
4,"inad_constrained_alpha","rolling_one_step",12,1,9,1,4.09,0.31369257291659,2.08789825169806,1.68652204524469,0.166039592951389,1,1,9.5481,3.09
4,"nb_glm","rolling_one_step",12,1,9,1,3.4862207242825,NA,1.96426508148917,1.44972036911504,0.134215213884356,NA,NA,6.1812934898518,2.4862207242825
4,"poisson_glm","rolling_one_step",12,1,9,1,3.4601144269331,NA,2.27013543089093,1.6270378261214,0.046344330968874,NA,NA,6.0521629936044,2.4601144269331
4,"inad_unconstrained","rolling_one_step",12,1,10,0,5.19,0.435935079959613,3.24240632227839,3.71732537107145,0.0323920572705047,0,1,26.9361,5.19
4,"inad_constrained_alpha","rolling_one_step",12,1,10,0,4.31,0.351244540559319,2.56461043185246,2.6975935147946,0.0299765515493197,0,1,18.5761,4.31
4,"nb_glm","rolling_one_step",12,1,10,0,4.05083921444296,NA,2.91279236213559,3.16134267444446,0.000311824361389289,NA,NA,16.4092983412689,4.05083921444296
4,"poisson_glm","rolling_one_step",12,1,10,0,4.07697627370173,NA,3.86182175769252,3.46361732111283,0.00904584005605706,NA,NA,16.6217355363269,4.07697627370173
4,"inad_unconstrained","rolling_one_step",12,1,11,1,5.36,0.348885671991861,2.84134549409159,2.81697415477085,0.0764550813623465,0,1,19.0096,4.36
4,"inad_constrained_alpha","rolling_one_step",12,1,11,1,4.36,0.287630514951584,2.25955863354136,2.01233351664685,0.0602234936050131,1,1,11.2896,3.36
4,"nb_glm","rolling_one_step",12,1,11,1,4.89412266678801,NA,2.49522866397604,2.49580564193016,0.119936109304811,NA,NA,15.1641913439922,3.89412266678801
4,"poisson_glm","rolling_one_step",12,1,11,1,5.01302302286687,NA,3.32162570125656,2.96093768137621,0.0176980790185627,NA,NA,16.1043537820596,4.01302302286687
4,"inad_unconstrained","rolling_one_step",12,1,12,2,5.22,0.351498954694769,2.28509193554653,1.8384035025775,0.126985403519171,1,1,10.3684,3.22
4,"inad_constrained_alpha","rolling_one_step",12,1,12,2,4.81,0.330501608364185,2.27665306690066,1.60561065067509,0.173053082348305,1,1,7.8961,2.81
4,"nb_glm","rolling_one_step",12,1,12,2,4.89412266678801,NA,2.17588631346442,1.67149876351222,0.136070591793347,NA,NA,8.37594601041615,2.89412266678801
4,"poisson_glm","rolling_one_step",12,1,12,2,5.01302302286687,NA,2.53412138802469,2.00481956824452,0.05884614335607,NA,NA,9.07830773632582,3.01302302286687
4,"inad_unconstrained","recursive_multi_step",9,1,1,2,2.36,0.182861652181051,1.71331143897035,0.4748296875,0.431511279409668,1,1,0.1296,0.36
4,"inad_constrained_alpha","recursive_multi_step",9,1,1,2,1.92,0.162480768092719,1.55546638952267,0.407179371900827,0.649505633255255,1,1,0.00640000000000001,0.0800000000000001
4,"nb_glm","recursive_multi_step",9,1,1,2,2.36688685899281,NA,1.58749646915459,0.463424016549939,0.441655781651804,NA,NA,0.134605967301607,0.366886858992806
4,"poisson_glm","recursive_multi_step",9,1,1,2,2.30050197774837,NA,1.3940877172441,0.384058791710082,0.401607099732224,NA,NA,0.0903014386306792,0.300501977748366
4,"inad_unconstrained","recursive_multi_step",9,1,2,1,3.63,0.198303410016677,2.3889355314269,1.66062313223141,0.132737087943358,1,1,6.9169,2.63
4,"inad_constrained_alpha","recursive_multi_step",9,1,2,1,4.18,0.228468772041126,2.41584298434682,1.99937114887618,0.0962781904308966,1,1,10.1124,3.18
4,"nb_glm","recursive_multi_step",9,1,2,1,3.95424895850904,NA,2.09271727454308,1.61527944482101,0.15000147784305,NA,NA,8.72758690885173,2.95424895850904
4,"poisson_glm","recursive_multi_step",9,1,2,1,4.0310685550036,NA,2.61886514745516,1.98970180366142,0.0886694037731234,NA,NA,9.18737658513161,3.0310685550036
4,"inad_unconstrained","recursive_multi_step",9,1,3,6,3.34,0.230160242817341,2.64804496611264,1.6508120498615,0.799249514610458,1,1,7.0756,2.66
4,"inad_constrained_alpha","recursive_multi_step",9,1,3,6,3.28,0.18427033281447,2.91844059925234,1.81151213329082,0.861214531537532,1,1,7.3984,2.72
4,"nb_glm","recursive_multi_step",9,1,3,6,3.55476486466917,NA,2.61912582494475,1.56386544596205,0.766417604562988,NA,NA,5.97917486705638,2.44523513533083
4,"poisson_glm","recursive_multi_step",9,1,3,6,3.58813785652075,NA,2.50852885321744,1.46619391673542,0.860855047767987,NA,NA,5.81707899914834,2.41186214347925
4,"inad_unconstrained","recursive_multi_step",9,1,4,10,2.29,0.164712789516488,4.71849887129509,6.36795000797194,0.993631408030134,0,0,59.4441,7.71
4,"inad_constrained_alpha","recursive_multi_step",9,1,4,10,1.73,0.148972914628564,4.71849887129509,6.9297802216199,0.997357516643076,0,0,68.3929,8.27
4,"nb_glm","recursive_multi_step",9,1,4,10,2.36688685899281,NA,4.51951710336373,6.21453491448527,0.998804716725006,NA,NA,58.2644162234167,7.63311314100719
4,"poisson_glm","recursive_multi_step",9,1,4,10,2.30050197774837,NA,4.70695927488935,6.42242065331567,0.992897159479044,NA,NA,59.2822697946568,7.69949802225163
4,"inad_unconstrained","recursive_multi_step",9,1,5,4,2.35,0.164761842204027,2.50345600869913,1.08635278792306,0.82625126143758,1,1,2.7225,1.65
4,"inad_constrained_alpha","recursive_multi_step",9,1,5,4,1.97,0.139591756869303,2.48527368961594,1.3377747411834,0.892437227526594,1,1,4.1209,2.03
4,"nb_glm","recursive_multi_step",9,1,5,4,2.75022118874331,NA,2.13005922204581,0.895193860572869,0.754875864799594,NA,NA,1.56194707706618,1.24977881125669
4,"poisson_glm","recursive_multi_step",9,1,5,4,2.71063058142768,NA,1.92980322289275,0.795940912622494,0.781204963435675,NA,NA,1.66247349754951,1.28936941857232
4,"inad_unconstrained","recursive_multi_step",9,1,6,2,2.77,0.212657547063894,1.67338663703437,0.564960787845563,0.302536006077663,1,1,0.5929,0.77
4,"inad_constrained_alpha","recursive_multi_step",9,1,6,2,2.61,0.165080329390013,1.5219386664839,0.433241254768282,0.463245704724781,1,1,0.3721,0.61
4,"nb_glm","recursive_multi_step",9,1,6,2,3.05929075066118,NA,1.69693541220611,0.65527064661961,0.413954071498833,NA,NA,1.12209689443632,1.05929075066118
4,"poisson_glm","recursive_multi_step",9,1,6,2,3.04523910115857,NA,1.57952498227891,0.641291057896586,0.276355265544176,NA,NA,1.09252477859077,1.04523910115857
4,"inad_unconstrained","recursive_multi_step",9,1,7,9,7.81,0.372730845018604,2.48424571123122,1.18978678368964,0.685443200503095,1,1,1.4161,1.19
4,"inad_constrained_alpha","recursive_multi_step",9,1,7,9,9.07,0.35880131526847,2.2133539592661,0.896237979166667,0.460927036514506,1,1,0.00490000000000004,0.0700000000000003
4,"nb_glm","recursive_multi_step",9,1,7,9,7.53453899097874,NA,2.6969463423449,1.43271943001747,0.654215031409337,NA,NA,2.14757596896161,1.46546100902126
4,"poisson_glm","recursive_multi_step",9,1,7,9,7.59459788839831,NA,2.24851310391376,0.996278480724458,0.616257336047227,NA,NA,1.9751550952945,1.40540211160169
4,"inad_unconstrained","recursive_multi_step",9,1,8,1,4.24,0.248274855836035,2.24216689082949,2.01358220991074,0.0882776463982902,1,1,10.4976,3.24
4,"inad_constrained_alpha","recursive_multi_step",9,1,8,1,4.9,0.276156887045437,2.53885793575005,2.47844716824197,0.0475695257020871,1,1,15.21,3.9
4,"nb_glm","recursive_multi_step",9,1,8,1,4.78960551628836,NA,2.39679445010012,2.18288528449555,0.0625061814569062,NA,NA,14.3611099690832,3.78960551628836
4,"poisson_glm","recursive_multi_step",9,1,8,1,4.62876139750101,NA,3.02795479576804,2.49815096262565,0.0515561268387113,NA,NA,13.1679092799935,3.62876139750101
4,"inad_unconstrained","recursive_multi_step",9,1,9,6,5.58,0.305564554504767,2.19654684094972,0.83678885377765,0.513005653143687,1,1,0.1764,0.42
4,"inad_constrained_alpha","recursive_multi_step",9,1,9,6,5.67,0.30750051326228,2.33798702004496,0.837221103969754,0.545891081559593,1,1,0.1089,0.33
4,"nb_glm","recursive_multi_step",9,1,9,6,5.12404760311422,NA,2.37450954328831,0.995408714828933,0.606259407077554,NA,NA,0.767292601609942,0.875952396885779
4,"poisson_glm","recursive_multi_step",9,1,9,6,4.98312826382356,NA,2.01584587906251,0.753931412915019,0.584342185773478,NA,NA,1.03402812783448,1.01687173617644
4,"inad_unconstrained","recursive_multi_step",9,1,10,14,4.68,0.278843209265593,4.75359019110636,7.29679442627824,0.997519546629989,0,0,86.8624,9.32
4,"inad_constrained_alpha","recursive_multi_step",9,1,10,14,3.25,0.242618293546955,4.05545546903538,8.69006976070154,0.998729182754619,0,0,115.5625,10.75
4,"nb_glm","recursive_multi_step",9,1,10,14,3.4117702290819,NA,4.65193316461381,8.51787077669136,0.99723257698765,NA,NA,112.110609681756,10.5882297709181
4,"poisson_glm","recursive_multi_step",9,1,10,14,3.1948873997321,NA,4.75304110308179,8.96943328200557,0.994045387305578,NA,NA,116.750458304468,10.8051126002679
4,"inad_unconstrained","recursive_multi_step",9,1,11,13,5.1,0.330136182491255,4.08935702071106,5.5276,0.935747655552812,0,1,62.41,7.9
4,"inad_constrained_alpha","recursive_multi_step",9,1,11,13,4.87,0.286622618180292,4.75359019110636,6.12414064357907,0.974143599896724,0,0,66.0969,8.13
4,"nb_glm","recursive_multi_step",9,1,11,13,4.78960551628836,NA,4.15136461376268,5.73528433164796,0.934441617036695,NA,NA,67.4105775781626,8.21039448371164
4,"poisson_glm","recursive_multi_step",9,1,11,13,4.62876139750101,NA,4.71896272367723,6.20500474207631,0.955208982927158,NA,NA,70.0776357399692,8.37123860249899
4,"inad_unconstrained","recursive_multi_step",9,1,12,6,6.62,0.367569137315785,3.20287548352176,1.17036161550468,0.455164134573762,1,1,0.3844,0.62
4,"inad_constrained_alpha","recursive_multi_step",9,1,12,6,8.05,0.37046926289164,2.69933826050019,1.40070260416667,0.352450722058207,1,1,4.2025,2.05
4,"nb_glm","recursive_multi_step",9,1,12,6,6.82221760840167,NA,2.4166337652805,1.14375319756796,0.453683694209556,NA,NA,0.676041795565763,0.822217608401671
4,"poisson_glm","recursive_multi_step",9,1,12,6,6.81343061201956,NA,2.02164190825929,0.863753441914187,0.329962973885537,NA,NA,0.66166936057052,0.813430612019562
4,"inad_unconstrained","recursive_multi_step",10,2,1,3,2.33,0.151127078776088,1.67694379479947,0.510030324074074,0.586332033886466,1,1,0.4489,0.67
4,"inad_constrained_alpha","recursive_multi_step",10,2,1,3,2.04,0.161382912492136,1.73747981277385,0.651448245097214,0.707670644916756,1,1,0.9216,0.96
4,"nb_glm","recursive_multi_step",10,2,1,3,2.68587631645179,NA,1.77932990674991,0.543405053011326,0.62212977397027,NA,NA,0.0986736885658957,0.31412368354821
4,"poisson_glm","recursive_multi_step",10,2,1,3,2.71145781029536,NA,1.53680456845804,0.419681844380607,0.604910223405501,NA,NA,0.0832565952395493,0.288542189704641
4,"inad_unconstrained","recursive_multi_step",10,2,2,7,2.72,0.182064479642446,4.02925309664136,3.06801099537943,0.942186482290931,0,0,18.3184,4.28
4,"inad_constrained_alpha","recursive_multi_step",10,2,2,7,2.79,0.216629367418831,3.33362144275375,2.93474462369802,0.91745958995175,0,1,17.7241,4.21
4,"nb_glm","recursive_multi_step",10,2,2,7,3.09875962842298,NA,3.18067337546063,2.64187576041929,0.912968868711455,NA,NA,15.2196764368224,3.90124037157702
4,"poisson_glm","recursive_multi_step",10,2,2,7,3.21572100542228,NA,3.37676454334112,2.60128523880278,0.923778233017569,NA,NA,14.3207675088021,3.78427899457772
4,"inad_unconstrained","recursive_multi_step",10,2,3,2,2.85,0.19194643613111,1.53090733646666,0.529155030293367,0.391178381099765,1,1,0.7225,0.85
4,"inad_constrained_alpha","recursive_multi_step",10,2,3,2,2.36,0.157966880558981,1.34954671052364,0.367206615604747,0.525238026842249,1,1,0.1296,0.36
4,"nb_glm","recursive_multi_step",10,2,3,2,3.00379963517833,NA,1.67496933486357,0.614789288947375,0.322020430398205,NA,NA,1.00761370758414,1.00379963517833
4,"poisson_glm","recursive_multi_step",10,2,3,2,3.09802180241236,NA,1.58798148573503,0.648960663622421,0.365639705379394,NA,NA,1.20565187857288,1.09802180241236
4,"inad_unconstrained","recursive_multi_step",10,2,4,8,2.31,0.176780980740336,4.70048036579242,4.5107242892562,0.9978451971515,0,0,32.3761,5.69
4,"inad_constrained_alpha","recursive_multi_step",10,2,4,8,1.87,0.144008276978734,4.70048036579242,5.05236475206612,0.995399203310213,0,0,37.5769,6.13
4,"nb_glm","recursive_multi_step",10,2,4,8,2.68587631645179,NA,3.79994459655709,4.1955658310435,0.999949254636226,NA,NA,28.239910524048,5.31412368354821
4,"poisson_glm","recursive_multi_step",10,2,4,8,2.71145781029536,NA,4.30242078154301,4.22544270336867,0.999090727584781,NA,NA,27.968678492286,5.28854218970464
4,"inad_unconstrained","recursive_multi_step",10,2,5,3,2.31,0.182958294082934,1.80975831890425,0.600087257527798,0.643605558374301,1,1,0.4761,0.69
4,"inad_constrained_alpha","recursive_multi_step",10,2,5,3,1.87,0.146787140603204,1.84876678816933,0.748198611228011,0.76382599866761,1,1,1.2769,1.13
4,"nb_glm","recursive_multi_step",10,2,5,3,2.7952597584147,NA,1.81059190720139,0.542786644856132,0.581490541557676,NA,NA,0.041918566524407,0.2047402415853
4,"poisson_glm","recursive_multi_step",10,2,5,3,2.84304856354959,NA,1.55048890861571,0.417421988244164,0.53055936735458,NA,NA,0.0246337534038471,0.15695143645041
4,"inad_unconstrained","recursive_multi_step",10,2,6,1,2.61,0.176895220941435,1.70434276898759,0.899694351107865,0.136741518936758,1,1,2.5921,1.61
4,"inad_constrained_alpha","recursive_multi_step",10,2,6,1,2.74,0.191548712057558,1.7646308018398,0.987249904336735,0.245841240467603,1,1,3.0276,1.74
4,"nb_glm","recursive_multi_step",10,2,6,1,2.87842412472448,NA,1.70332796867989,0.992112532984645,0.145471963477986,NA,NA,3.52847719234693,1.87842412472448
4,"poisson_glm","recursive_multi_step",10,2,6,1,2.94412068192716,NA,1.90554451088431,1.17163426081439,0.179668772477674,NA,NA,3.77960522589691,1.94412068192716
4,"inad_unconstrained","recursive_multi_step",10,2,7,3,6.21,0.32607088527224,2.58141755016884,1.90639142361111,0.114886242755611,1,1,10.3041,3.21
4,"inad_constrained_alpha","recursive_multi_step",10,2,7,3,6.89,0.36150499109398,2.73212808332318,2.40429369797086,0.115169287228698,1,1,15.1321,3.89
4,"nb_glm","recursive_multi_step",10,2,7,3,5.4630322716001,NA,2.22217091997254,1.57323791282053,0.212345018818261,NA,NA,6.06652797094355,2.4630322716001
4,"poisson_glm","recursive_multi_step",10,2,7,3,5.54636981269204,NA,2.31837891581516,1.74013584434508,0.106617836830439,NA,NA,6.48399922298931,2.54636981269204
4,"inad_unconstrained","recursive_multi_step",10,2,8,2,4.63,0.233400423255309,2.41584298434682,1.5865233064453,0.194487372649941,1,1,6.9169,2.63
4,"inad_constrained_alpha","recursive_multi_step",10,2,8,2,4.86,0.242886680149282,2.42465361402898,1.69380315481687,0.11818845487406,1,1,8.1796,2.86
4,"nb_glm","recursive_multi_step",10,2,8,2,4.73197523486622,NA,2.07393919647778,1.37923131329158,0.163564146099387,NA,NA,7.46368868392236,2.73197523486622
4,"poisson_glm","recursive_multi_step",10,2,8,2,4.67344293137624,NA,2.31023506153782,1.63658607038266,0.121584860382018,NA,NA,7.1472971073256,2.67344293137624
4,"inad_unconstrained","recursive_multi_step",10,2,9,3,5.23,0.262795768918786,1.91100909704655,1.26178404429251,0.146329820680769,1,1,4.9729,2.23
4,"inad_constrained_alpha","recursive_multi_step",10,2,9,3,5.12,0.301270038941207,1.91959284073794,1.22778384104025,0.26933938902158,1,1,4.4944,2.12
4,"nb_glm","recursive_multi_step",10,2,9,3,4.83138498507422,NA,2.05002121309389,1.06165358625734,0.343015503064933,NA,NA,3.35397096355532,1.83138498507422
4,"poisson_glm","recursive_multi_step",10,2,9,3,4.79032837429383,NA,1.96630028361335,1.09096615157577,0.233941076809039,NA,NA,3.20527568780157,1.79032837429383
4,"inad_unconstrained","recursive_multi_step",10,2,10,5,4.78,0.221373125302193,1.88480672465252,0.589483937661524,0.496003499655218,1,1,0.0483999999999999,0.22
4,"inad_constrained_alpha","recursive_multi_step",10,2,10,5,4.59,0.231418550368257,1.69093094668528,0.581317482041588,0.529877134884667,1,1,0.1681,0.41
4,"nb_glm","recursive_multi_step",10,2,10,5,4.27902415870057,NA,2.2142092525301,0.849875407753138,0.608598621336999,NA,NA,0.519806163737422,0.720975841299431
4,"poisson_glm","recursive_multi_step",10,2,10,5,4.14926980694686,NA,1.89237940126387,0.659098901065656,0.650894312105729,NA,NA,0.723741861372241,0.850730193053145
4,"inad_unconstrained","recursive_multi_step",10,2,11,5,4.69,0.238554146491066,2.02759188035395,0.63211609073724,0.595804698424454,1,1,0.0960999999999998,0.31
4,"inad_constrained_alpha","recursive_multi_step",10,2,11,5,5.33,0.265928903690783,2.44204535674085,0.754446856420927,0.505976228402297,1,1,0.1089,0.33
4,"nb_glm","recursive_multi_step",10,2,11,5,4.73197523486622,NA,2.20012007840639,0.812113888523431,0.5686240516168,NA,NA,0.071837274725016,0.268024765133776
4,"poisson_glm","recursive_multi_step",10,2,11,5,4.67344293137624,NA,1.83433695076394,0.578066147326983,0.627568152559141,NA,NA,0.106639519068141,0.326557068623758
4,"inad_unconstrained","recursive_multi_step",10,2,12,6,5.78,0.266886273210675,2.06178324510223,0.732862241367135,0.503476192660536,1,1,0.0483999999999999,0.22
4,"inad_constrained_alpha","recursive_multi_step",10,2,12,6,6.06,0.287032887989998,2.10528999440993,0.759669158739596,0.520482535764398,1,1,0.00359999999999995,0.0599999999999996
4,"nb_glm","recursive_multi_step",10,2,12,6,5.28958239630545,NA,2.37396854890293,0.982108536282917,0.560563900430961,NA,NA,0.504693171639102,0.710417603694546
4,"poisson_glm","recursive_multi_step",10,2,12,6,5.33660003885654,NA,1.97015080238356,0.686307885085849,0.557816468999023,NA,NA,0.440099508445142,0.663399961143458
4,"inad_unconstrained","recursive_multi_step",11,3,1,0,2.22,0.208205415274183,1.608987563406,1.22159899358818,0.0852434111788013,1,1,4.9284,2.22
4,"inad_constrained_alpha","recursive_multi_step",11,3,1,0,2.48,0.240151467354933,1.65304755320003,1.46688917954816,0.0367311705099539,1,1,6.1504,2.48
4,"nb_glm","recursive_multi_step",11,3,1,0,2.47200300643196,NA,2.00888076211019,1.60217841853421,0.0649056747984599,NA,NA,6.11079886380865,2.47200300643196
4,"poisson_glm","recursive_multi_step",11,3,1,0,2.49154133864825,NA,2.5170369919057,1.7838662043529,0.0497841023405877,NA,NA,6.2077782421931,2.49154133864825
4,"inad_unconstrained","recursive_multi_step",11,3,2,11,2.47,0.247188228283671,4.74493212836325,6.61340138374291,0.962645005849959,0,0,72.7609,8.53
4,"inad_constrained_alpha","recursive_multi_step",11,3,2,11,2.62,0.258112809101413,4.74493212836325,6.42198862759925,0.95900661398106,0,0,70.2244,8.38
4,"nb_glm","recursive_multi_step",11,3,2,11,2.57110517092692,NA,4.59722063420672,6.60745150779939,0.971716900635591,NA,NA,71.046268039575,8.42889482907308
4,"poisson_glm","recursive_multi_step",11,3,2,11,2.62333596448655,NA,4.73752436990944,6.7280637396988,0.974235179710539,NA,NA,70.1685003638645,8.37666403551345
4,"inad_unconstrained","recursive_multi_step",11,3,3,6,2.35,0.225798247302428,3.63094161700772,2.50772586180363,0.870834439932042,0,1,13.3225,3.65
4,"inad_constrained_alpha","recursive_multi_step",11,3,3,6,2.69,0.270314070979846,3.63094161700772,2.25692784702986,0.852817580544986,1,1,10.9561,3.31
4,"nb_glm","recursive_multi_step",11,3,3,6,2.54889002406024,NA,3.10795101367572,2.25832077133546,0.89661303495117,NA,NA,11.910160066031,3.45110997593976
4,"poisson_glm","recursive_multi_step",11,3,3,6,2.59345204334303,NA,3.30323931419492,2.26929232856071,0.924489709244381,NA,NA,11.6045689810038,3.40654795665697
4,"inad_unconstrained","recursive_multi_step",11,3,4,4,2.02,0.236975896997091,2.26814237723276,1.30921595441595,0.738231777819888,1,1,3.9204,1.98
4,"inad_constrained_alpha","recursive_multi_step",11,3,4,4,2.16,0.22550504484939,3.11879236631122,1.2529162819329,0.735055865999311,1,1,3.3856,1.84
4,"nb_glm","recursive_multi_step",11,3,4,4,2.47200300643196,NA,2.27435188861623,0.969944941413106,0.771188313079,NA,NA,2.33477481235297,1.52799699356804
4,"poisson_glm","recursive_multi_step",11,3,4,4,2.49154133864825,NA,2.09319917362512,0.873303060939185,0.763577435072412,NA,NA,2.27544753300712,1.50845866135175
4,"inad_unconstrained","recursive_multi_step",11,3,5,2,1.94,0.228221051800329,1.71331143897035,0.551383242984694,0.595417054050257,1,1,0.00360000000000001,0.0600000000000001
4,"inad_constrained_alpha","recursive_multi_step",11,3,5,2,2.37,0.225475927627306,1.84516024595517,0.574100846880907,0.517811207567139,1,1,0.1369,0.37
4,"nb_glm","recursive_multi_step",11,3,5,2,2.49891160374172,NA,1.62948315339196,0.533474765277932,0.369896317256674,NA,NA,0.24891278834813,0.498911603741715
4,"poisson_glm","recursive_multi_step",11,3,5,2,2.52691330567038,NA,1.45779805436412,0.477652161985254,0.463344796344835,NA,NA,0.27763763169249,0.526913305670382
4,"inad_unconstrained","recursive_multi_step",11,3,6,4,2.35,0.246746506325497,2.55609974218455,1.15034367010008,0.703370858365272,1,1,2.7225,1.65
4,"inad_constrained_alpha","recursive_multi_step",11,3,6,4,2.37,0.219114379060597,1.92761015164367,1.07451248275302,0.687184098991691,1,1,2.6569,1.63
4,"nb_glm","recursive_multi_step",11,3,6,4,2.51904508976156,NA,2.25812828234112,0.950992799895775,0.755136839824204,NA,NA,2.19322744615934,1.48095491023844
4,"poisson_glm","recursive_multi_step",11,3,6,4,2.55359494450179,NA,2.05932794614385,0.841879223514198,0.777508341043196,NA,NA,2.09208758457079,1.44640505549821
4,"inad_unconstrained","recursive_multi_step",11,3,7,3,5.59,0.427842839077032,2.2133539592661,1.47467814583333,0.351860463486984,1,1,6.7081,2.59
4,"inad_constrained_alpha","recursive_multi_step",11,3,7,3,6.42,0.544240736988678,2.44044237556569,2.68876136845919,0.218687504896552,1,1,11.6964,3.42
4,"nb_glm","recursive_multi_step",11,3,7,3,4.38675107033302,NA,2.15977293855588,1.75800115798549,0.275463501124649,NA,NA,1.92307853106978,1.38675107033302
4,"poisson_glm","recursive_multi_step",11,3,7,3,4.35330225702337,NA,1.99714721843298,1.66295015323188,0.213212583072221,NA,NA,1.83142699886455,1.35330225702337
4,"inad_unconstrained","recursive_multi_step",11,3,8,1,4.03,0.400871525302035,2.03026430570375,1.79433548152555,0.243016123640828,1,1,9.1809,3.03
4,"inad_constrained_alpha","recursive_multi_step",11,3,8,1,5.64,0.395561230239627,2.48424571123122,2.89671317532955,0.116182697804025,1,1,21.5296,4.64
4,"nb_glm","recursive_multi_step",11,3,8,1,4.19607632649973,NA,2.2766600522775,2.12074466130173,0.095825424379946,NA,NA,10.214903884812,3.19607632649973
4,"poisson_glm","recursive_multi_step",11,3,8,1,4.10838327960108,NA,2.75558059866613,2.31246764538016,0.0587618932988535,NA,NA,9.66204661290359,3.10838327960108
4,"inad_unconstrained","recursive_multi_step",11,3,9,1,5.24,0.385106570584132,2.30175898803174,2.60452302438358,0.114561483055711,1,1,17.9776,4.24
4,"inad_constrained_alpha","recursive_multi_step",11,3,9,1,4.47,0.364997578516943,2.26814237723276,1.93981021988458,0.182489302531104,1,1,12.0409,3.47
4,"nb_glm","recursive_multi_step",11,3,9,1,4.22287146424378,NA,2.26937168063277,2.06612101951435,0.0665935213107877,NA,NA,10.3869004750368,3.22287146424378
4,"poisson_glm","recursive_multi_step",11,3,9,1,4.14242214177248,NA,2.76163929096678,2.27777779614166,0.0252954474392197,NA,NA,9.87481691710192,3.14242214177248
4,"inad_unconstrained","recursive_multi_step",11,3,10,2,4.96,0.435523602208661,2.30175898803174,1.57248585479134,0.199592101875431,1,1,8.7616,2.96
4,"inad_constrained_alpha","recursive_multi_step",11,3,10,2,5.18,0.461744605607993,2.11894165894218,1.87541758629378,0.204178804569168,1,1,10.1124,3.18
4,"nb_glm","recursive_multi_step",11,3,10,2,4.07012975724412,NA,2.03206866223907,1.47459108901959,0.259101395334935,NA,NA,4.28543721182762,2.07012975724412
4,"poisson_glm","recursive_multi_step",11,3,10,2,3.95035917602861,NA,2.05321112735038,1.47635371625197,0.110666604139715,NA,NA,3.80390091551902,1.95035917602861
4,"inad_unconstrained","recursive_multi_step",11,3,11,4,5.89,0.460323777137332,2.46058934213729,1.51450743786982,0.368277433259019,1,1,3.5721,1.89
4,"inad_constrained_alpha","recursive_multi_step",11,3,11,4,5.28,0.399261945356806,2.47594690841653,1.04198427777778,0.419499475799152,1,1,1.6384,1.28
4,"nb_glm","recursive_multi_step",11,3,11,4,4.19607632649973,NA,2.16691240888235,1.04382795521172,0.492356060674032,NA,NA,0.0384459258136274,0.196076326499727
4,"poisson_glm","recursive_multi_step",11,3,11,4,4.10838327960108,NA,1.83722647091616,0.827793987557496,0.479349614731459,NA,NA,0.0117469352970868,0.108383279601084
4,"inad_unconstrained","recursive_multi_step",11,3,12,4,5.64,0.375921762760779,2.28509193554653,1.12436116093496,0.380757216407268,1,1,2.6896,1.64
4,"inad_constrained_alpha","recursive_multi_step",11,3,12,4,5.19,0.378379052103452,2.00557169311338,0.965735590277778,0.459787014692498,1,1,1.4161,1.19
4,"nb_glm","recursive_multi_step",11,3,12,4,4.34279352113564,NA,2.0904754833186,0.802433646623418,0.504974961548916,NA,NA,0.117507398132572,0.342793521135643
4,"poisson_glm","recursive_multi_step",11,3,12,4,4.29631352080159,NA,1.76576538183577,0.609237715847656,0.407461242919264,NA,NA,0.0878017026098316,0.296313520801585
4,"inad_unconstrained","recursive_multi_step",12,4,1,1,2.88,0.248339942966747,1.73101101606975,1.04249938442598,0.227519895970789,1,1,3.5344,1.88
4,"inad_constrained_alpha","recursive_multi_step",12,4,1,1,2.61,0.214567923836239,1.72220038638759,0.890536056073303,0.243638057796289,1,1,2.5921,1.61
4,"nb_glm","recursive_multi_step",12,4,1,1,2.96644022646868,NA,1.75675885371028,1.09359514129362,0.106787580266959,NA,NA,3.86688716427419,1.96644022646868
4,"poisson_glm","recursive_multi_step",12,4,1,1,3.1215276200162,NA,2.03479099868736,1.33609590162804,0.146672418052514,NA,NA,4.50087944249161,2.1215276200162
4,"inad_unconstrained","recursive_multi_step",12,4,2,5,2.95,0.250806779023296,2.53012425578129,1.3297275854109,0.751909845348921,1,1,4.2025,2.05
4,"inad_constrained_alpha","recursive_multi_step",12,4,2,5,2.52,0.238886304895586,2.41584298434682,1.60250072832642,0.8202460727041,1,1,6.1504,2.48
4,"nb_glm","recursive_multi_step",12,4,2,5,2.99750881025712,NA,2.45700795831759,1.27049704917473,0.820840645093427,NA,NA,4.00997096499788,2.00249118974288
4,"poisson_glm","recursive_multi_step",12,4,2,5,3.16867632291194,NA,2.22591326635707,1.08419286387132,0.80377605733781,NA,NA,3.35374641026332,1.83132367708806
4,"inad_unconstrained","recursive_multi_step",12,4,3,1,2.57,0.231051614330756,1.57348489502535,0.811069156568878,0.353565691993239,1,1,2.4649,1.57
4,"inad_constrained_alpha","recursive_multi_step",12,4,3,1,2.63,0.237688787274368,1.49895778103933,0.849009703187407,0.353449617773377,1,1,2.6569,1.63
4,"nb_glm","recursive_multi_step",12,4,3,1,2.99059203241835,NA,1.75512033501985,1.08049301938691,0.195998392872828,NA,NA,3.96245663952741,1.99059203241835
4,"poisson_glm","recursive_multi_step",12,4,3,1,3.15807622815162,NA,2.04911625663127,1.34209994014581,0.0876692809768788,NA,NA,4.65729300651314,2.15807622815162
4,"inad_unconstrained","recursive_multi_step",12,4,4,3,2.49,0.204245346620582,1.49006883362208,0.546384335140306,0.576016951455136,1,1,0.2601,0.51
4,"inad_constrained_alpha","recursive_multi_step",12,4,4,3,2.65,0.241366061735232,2.01004757070304,0.648663113791213,0.533239459483678,1,1,0.1225,0.35
4,"nb_glm","recursive_multi_step",12,4,4,3,2.96644022646868,NA,1.83001124950781,0.556640045771625,0.524773119374365,NA,NA,0.00112625839947353,0.0335597735313207
4,"poisson_glm","recursive_multi_step",12,4,4,3,3.1215276200162,NA,1.56714929686081,0.438224390041764,0.441641959531049,NA,NA,0.0147689624268025,0.121527620016202
4,"inad_unconstrained","recursive_multi_step",12,4,5,3,2.72,0.234878004009905,2.13539241779639,0.668296891486081,0.615768351592459,1,1,0.0783999999999999,0.28
4,"inad_constrained_alpha","recursive_multi_step",12,4,5,3,2.21,0.193476958145753,2.3889355314269,0.708045628099173,0.658584493239579,1,1,0.6241,0.79
4,"nb_glm","recursive_multi_step",12,4,5,3,2.97493073777004,NA,1.80353941339893,0.534272219960975,0.566506973783507,NA,NA,0.000628467908754554,0.0250692622299611
4,"poisson_glm","recursive_multi_step",12,4,5,3,3.13428430001566,NA,1.54850178301142,0.420370250065048,0.579827086789105,NA,NA,0.0180322732306966,0.134284300015663
4,"inad_unconstrained","recursive_multi_step",12,4,6,1,2.65,0.239686242720551,1.49895778103933,0.851385801550631,0.184105643405439,1,1,2.7225,1.65
4,"inad_constrained_alpha","recursive_multi_step",12,4,6,1,2.23,0.196358258437392,1.51288883096398,0.614001033057851,0.363096254141091,1,1,1.5129,1.23
4,"nb_glm","recursive_multi_step",12,4,6,1,2.98125662855545,NA,1.75176153760397,1.07537776505185,0.271639545624199,NA,NA,3.92537782819491,1.98125662855545
4,"poisson_glm","recursive_multi_step",12,4,6,1,3.14385654998728,NA,2.04007727767388,1.33191720301365,0.0926688491746348,NA,NA,4.59612090692335,2.14385654998728
4,"inad_unconstrained","recursive_multi_step",12,4,7,1,6.17,0.372828392294646,2.56461043185246,3.25566165613329,0.0689774929833898,0,1,26.7289,5.17
4,"inad_constrained_alpha","recursive_multi_step",12,4,7,1,5.5,0.352050271892231,2.97062635242291,2.86793379775926,0.0836465981825831,1,1,20.25,4.5
4,"nb_glm","recursive_multi_step",12,4,7,1,5.03099151965546,NA,2.51084911969225,2.46372169121731,0.112024991699905,NA,NA,16.2488926315343,4.03099151965546
4,"poisson_glm","recursive_multi_step",12,4,7,1,5.15343738335808,NA,3.38231380732359,2.98655345900085,0.0301238780853706,NA,NA,17.2510420974764,4.15343738335808
4,"inad_unconstrained","recursive_multi_step",12,4,8,3,5.21,0.328847083065068,1.92810353040585,1.23381774633726,0.299780593544987,1,1,4.8841,2.21
4,"inad_constrained_alpha","recursive_multi_step",12,4,8,3,5.54,0.353459097114975,2.00557169311338,1.48676377777778,0.300271174377141,1,1,6.4516,2.54
4,"nb_glm","recursive_multi_step",12,4,8,3,4.96431511763219,NA,2.10148078402934,1.2114968655565,0.264555515561782,NA,NA,3.85853388135835,1.96431511763219
4,"poisson_glm","recursive_multi_step",12,4,8,3,5.05670935914177,NA,2.08901081771989,1.316243068997,0.188676988771951,NA,NA,4.23005338798135,2.05670935914177
4,"inad_unconstrained","recursive_multi_step",12,4,9,1,5.49,0.33859334687122,2.82467844160638,2.91010008473978,0.0780627476169235,0,1,20.1601,4.49
4,"inad_constrained_alpha","recursive_multi_step",12,4,9,1,4.76,0.322903494354996,2.46757865874601,2.32290572699668,0.0248482688766622,1,1,14.1376,3.76
4,"nb_glm","recursive_multi_step",12,4,9,1,4.97377705340144,NA,2.50271740104388,2.46896977070884,0.0785287511622804,NA,NA,15.7909040701398,3.97377705340144
4,"poisson_glm","recursive_multi_step",12,4,9,1,5.07031545237863,NA,3.34017794079685,2.94848082111823,0.0177133954989019,NA,NA,16.5674678818723,4.07031545237863
4,"inad_unconstrained","recursive_multi_step",12,4,10,0,4.48,0.327981275641945,2.80772888329261,2.90436591423771,0.0409517316705285,0,1,20.0704,4.48
4,"inad_constrained_alpha","recursive_multi_step",12,4,10,0,4.86,0.34112706835969,2.96211566275501,3.18386786470889,0.0348606808175747,0,1,23.6196,4.86
4,"nb_glm","recursive_multi_step",12,4,10,0,4.91942399594137,NA,3.15396665423107,3.26784145718503,0.0245060429040958,NA,NA,24.2007324518438,4.91942399594137
4,"poisson_glm","recursive_multi_step",12,4,10,0,4.99282586007716,NA,4.24009315796597,3.80481317922528,0.00528368786570521,NA,NA,24.9283100690553,4.99282586007716
4,"inad_unconstrained","recursive_multi_step",12,4,11,1,5.62,0.400196921224509,2.41333645728675,2.95473922996878,0.0251636077109123,1,1,21.3444,4.62
4,"inad_constrained_alpha","recursive_multi_step",12,4,11,1,5.2,0.390286090353259,2.69933826050019,2.54578894444444,0.0724512325800024,1,1,17.64,4.2
4,"nb_glm","recursive_multi_step",12,4,11,1,4.96431511763219,NA,2.54333347102515,2.65838519589312,0.107445225209319,NA,NA,15.7157943518871,3.96431511763219
4,"poisson_glm","recursive_multi_step",12,4,11,1,5.05670935914177,NA,3.37300153430719,3.09056294279726,0.0183515293275134,NA,NA,16.4568908245484,4.05670935914177
4,"inad_unconstrained","recursive_multi_step",12,4,12,2,5.94,0.364544824806126,3.14476785271448,2.30000525969757,0.11748183139576,1,1,15.5236,3.94
4,"inad_constrained_alpha","recursive_multi_step",12,4,12,2,4.91,0.324456032725109,2.34664508278808,1.67276632728894,0.179833220293994,1,1,8.4681,2.91
4,"nb_glm","recursive_multi_step",12,4,12,2,5.01575367004078,NA,2.18456109187902,1.65866063566366,0.158303665643458,NA,NA,9.09477019836445,3.01575367004078
4,"poisson_glm","recursive_multi_step",12,4,12,2,5.13116947435681,NA,2.58082719694187,2.0390832005517,0.064890455309146,NA,NA,9.80422227714392,3.13116947435681
5,"inad_unconstrained","rolling_one_step",2,1,1,2,3.44,0.31247464543608,1.87091274205759,0.937071746624533,0.349135932579076,1,1,2.0736,1.44
5,"inad_constrained_alpha","rolling_one_step",2,1,1,2,3.15,0.414966227176345,2.13469001591031,1.11486675415039,0.409471036437171,1,1,1.3225,1.15
5,"nb_glm","rolling_one_step",2,1,1,2,3.59027354707025,NA,1.93057050565539,1.30642967360149,0.276285007306042,NA,NA,2.52896995451139,1.59027354707025
5,"poisson_glm","rolling_one_step",2,1,1,2,3.65319821869953,NA,1.93635916634044,1.36023757078504,0.163181464805528,NA,NA,2.7330643503113,1.65319821869953
5,"inad_unconstrained","rolling_one_step",2,1,2,9,2.13,0.248492424126944,4.71849887129509,5.22073205516581,0.972931783060277,0,0,47.1969,6.87
5,"inad_constrained_alpha","rolling_one_step",2,1,2,9,2.3,0.284445233584764,4.79579054559674,4.59883169182433,0.888133814010215,0,1,44.89,6.7
5,"nb_glm","rolling_one_step",2,1,2,9,2.69085434759084,NA,4.25569414478865,4.206845701191,0.901025268126752,NA,NA,39.8053188633134,6.30914565240916
5,"poisson_glm","rolling_one_step",2,1,2,9,2.71365485084157,NA,4.65843187620437,4.32743501893297,0.909334234330553,NA,NA,39.5181353343478,6.28634514915843
5,"inad_unconstrained","rolling_one_step",2,1,3,8,4.19,0.302412855800701,3.15327854238239,2.42854299770181,0.82937420628223,1,1,14.5161,3.81
5,"inad_constrained_alpha","rolling_one_step",2,1,3,8,3.45,0.270568051896507,3.64833335971959,3.07138547116528,0.886143661460654,0,1,20.7025,4.55
5,"nb_glm","rolling_one_step",2,1,3,8,3.87188214622067,NA,3.2064478354668,2.5781074059822,0.840372378736686,NA,NA,17.0413570146916,4.12811785377933
5,"poisson_glm","rolling_one_step",2,1,3,8,3.94897311981472,NA,3.42122596022046,2.59421019856805,0.912660797335564,NA,NA,16.4108187839837,4.05102688018528
5,"inad_unconstrained","rolling_one_step",2,1,4,1,1.99,0.210576409510715,1.65552901963437,0.583899870140411,0.342323318746713,1,1,0.9801,0.99
5,"inad_constrained_alpha","rolling_one_step",2,1,4,1,2.27,0.301127510828516,1.67858085520519,0.79436654897253,0.299495317914402,1,1,1.6129,1.27
5,"nb_glm","rolling_one_step",2,1,4,1,2.69085434759084,NA,1.70468339616053,1.0705924014961,0.201484586594269,NA,NA,2.85898842476684,1.69085434759084
5,"poisson_glm","rolling_one_step",2,1,4,1,2.71365485084157,NA,1.82578625895636,1.16225838317259,0.0859244311367909,NA,NA,2.93661294781283,1.71365485084157
5,"inad_unconstrained","rolling_one_step",2,1,5,1,4.67,0.358745006652329,2.74812842466962,2.50459567271353,0.0589666608474698,1,1,13.4689,3.67
5,"inad_constrained_alpha","rolling_one_step",2,1,5,1,3.62,0.300094261285626,1.6995890094284,1.39104240487515,0.19322490701468,1,1,6.8644,2.62
5,"nb_glm","rolling_one_step",2,1,5,1,4.10543887267284,NA,2.29189210456152,2.19221621175597,0.0699713411880742,NA,NA,9.64375059190759,3.10543887267284
5,"poisson_glm","rolling_one_step",2,1,5,1,4.1947876465397,NA,2.83663723431855,2.48186974644409,0.0650519555096031,NA,NA,10.2066681064827,3.1947876465397
5,"inad_unconstrained","rolling_one_step",2,1,6,1,2.65,0.248784925978121,1.88480672465252,0.916655736549456,0.291666482343973,1,1,2.7225,1.65
5,"inad_constrained_alpha","rolling_one_step",2,1,6,1,3.48,0.492464427264764,2.19531463772675,2.0131611267301,0.298755397115807,1,1,6.1504,2.48
5,"nb_glm","rolling_one_step",2,1,6,1,3.2277966024081,NA,2.04113633389889,2.09066768826888,0.11796004026065,NA,NA,4.96307770170106,2.2277966024081
5,"poisson_glm","rolling_one_step",2,1,6,1,3.27355312503527,NA,2.30837739109792,2.2214256923587,0.0366959836646087,NA,NA,5.16904381235763,2.27355312503527
5,"inad_unconstrained","rolling_one_step",2,1,7,1,4.56,0.409315763121082,1.95320945153692,1.98029459736357,0.171912443531477,1,1,12.6736,3.56
5,"inad_constrained_alpha","rolling_one_step",2,1,7,1,4.66,0.40257253565618,2.40523924705413,2.2074327582788,0.104197578634082,1,1,13.3956,3.66
5,"nb_glm","rolling_one_step",2,1,7,1,5.33271249700062,NA,2.69205709305478,2.88382107371006,0.0835712361225472,NA,NA,18.7723975816654,4.33271249700062
5,"poisson_glm","rolling_one_step",2,1,7,1,5.37453964917293,NA,3.55515838199234,3.30924955227558,0.0189894758747831,NA,NA,19.136597142186,4.37453964917293
5,"inad_unconstrained","rolling_one_step",2,1,8,5,4.61,0.437138306477365,2.4372419781403,1.26020306900614,0.587737250570391,1,1,0.1521,0.39
5,"inad_constrained_alpha","rolling_one_step",2,1,8,5,4.23,0.451452202241933,2.5404854295541,1.34334828491211,0.590594236457109,1,1,0.592899999999999,0.77
5,"nb_glm","rolling_one_step",2,1,8,5,4.9448552122901,NA,2.28191540011442,1.0247717765925,0.49203053669492,NA,NA,0.00304094761157036,0.0551447877099038
5,"poisson_glm","rolling_one_step",2,1,8,5,4.97199096498529,NA,1.92239458494553,0.780824680715176,0.475816279693151,NA,NA,0.000784506042455361,0.028009035014712
5,"inad_unconstrained","rolling_one_step",2,1,9,3,3.81,0.374892577206384,1.84192247614145,0.94427856703777,0.51425638595977,1,1,0.6561,0.81
5,"inad_constrained_alpha","rolling_one_step",2,1,9,3,3.34,0.425267592525606,2.49247621036774,1.05768443966676,0.611120487745015,1,1,0.1156,0.34
5,"nb_glm","rolling_one_step",2,1,9,3,4.44561859824149,NA,2.0257449376403,1.06300857542616,0.294021138036055,NA,NA,2.08981313158169,1.44561859824149
5,"poisson_glm","rolling_one_step",2,1,9,3,4.45529521988782,NA,1.89746095770954,1.03483523764686,0.175740491227926,NA,NA,2.11788417702833,1.45529521988782
5,"inad_unconstrained","rolling_one_step",2,1,10,20,11.37,0.585800841807714,4.22911896308622,4.98267633375341,0.838995226899219,0,1,74.4769,8.63
5,"inad_constrained_alpha","rolling_one_step",2,1,10,20,7.16,0.469842010841426,4.88280192258637,8.38973520431589,0.911516606543199,0,0,164.8656,12.84
5,"nb_glm","rolling_one_step",2,1,10,20,7.40897401416994,NA,4.57191226211874,7.52193874505712,0.872797377221111,NA,NA,158.533935375848,12.5910259858301
5,"poisson_glm","rolling_one_step",2,1,10,20,7.54357217547541,NA,4.91945696673071,7.9242765992828,0.879459356810091,NA,NA,155.16259414759,12.4564278245246
5,"inad_unconstrained","rolling_one_step",2,1,11,5,3.97,0.435647665997293,2.88974203495344,1.39799239258479,0.610278513991663,1,1,1.0609,1.03
5,"inad_constrained_alpha","rolling_one_step",2,1,11,5,4.21,0.451103025254697,2.39707593641497,1.29601567454985,0.63495025111599,1,1,0.6241,0.79
5,"nb_glm","rolling_one_step",2,1,11,5,3.70609229958424,NA,2.37161965538855,1.03961678792124,0.584645763581217,NA,NA,1.67419713719521,1.29390770041576
5,"poisson_glm","rolling_one_step",2,1,11,5,3.69327547884214,NA,2.11010595801568,0.87629568306785,0.646691825234053,NA,NA,1.70752897419523,1.30672452115786
5,"inad_unconstrained","rolling_one_step",2,1,12,13,3.95,0.38778703933833,4.11404963330143,6.06043135038668,0.906551995181793,0,1,81.9025,9.05
5,"inad_constrained_alpha","rolling_one_step",2,1,12,13,3.54,0.411309807293429,4.08935702071106,6.58643209722222,0.917044906545062,0,1,89.4916,9.46
5,"nb_glm","rolling_one_step",2,1,12,13,4.44561859824149,NA,4.33380927228594,5.77806507903304,0.921507914294487,NA,NA,73.1774411667519,8.55438140175851
5,"poisson_glm","rolling_one_step",2,1,12,13,4.45529521988782,NA,4.76211100912331,6.0611347081112,0.927472945847975,NA,NA,73.011979779272,8.54470478011218
5,"inad_unconstrained","rolling_one_step",3,1,1,3,4.33,0.333349999583354,1.95320945153692,0.994910327163445,0.423183093461678,1,1,1.7689,1.33
5,"inad_constrained_alpha","rolling_one_step",3,1,1,3,4.72,0.385620318840995,2.22988326121731,1.20227648481591,0.354829916397079,1,1,2.9584,1.72
5,"nb_glm","rolling_one_step",3,1,1,3,4.48473485381797,NA,2.03176059100725,1.07809613789416,0.311688870162601,NA,NA,2.20443758614186,1.48473485381797
5,"poisson_glm","rolling_one_step",3,1,1,3,4.55076949339539,NA,1.92755784140133,1.08413288835961,0.176885926474767,NA,NA,2.40488602164579,1.55076949339539
5,"inad_unconstrained","rolling_one_step",3,1,2,5,7.64,0.386258928176372,2.03026430570375,1.4799730187058,0.22602585207529,1,1,6.9696,2.64
5,"inad_constrained_alpha","rolling_one_step",3,1,2,5,6.34,0.413953591308948,2.74016025502044,1.2195857792,0.387836852844302,1,1,1.7956,1.34
5,"nb_glm","rolling_one_step",3,1,2,5,6.15155331327597,NA,2.30390462050216,1.16267229683045,0.366443218001683,NA,NA,1.32607503331686,1.15155331327597
5,"poisson_glm","rolling_one_step",3,1,2,5,6.30356688715406,NA,2.03547085069235,1.04109254550666,0.348606036896459,NA,NA,1.69928662928453,1.30356688715406
5,"inad_unconstrained","rolling_one_step",3,1,3,4,6.86,0.45748985747989,2.37350289289058,1.86682830769231,0.255644881723234,1,1,8.1796,2.86
5,"inad_constrained_alpha","rolling_one_step",3,1,3,4,6,0.342303545368314,1.988764574797,1.14904599253088,0.280156280150148,1,1,4,2
5,"nb_glm","rolling_one_step",3,1,3,4,5.98375936835914,NA,2.30417228548276,1.5880661057287,0.324583315037403,NA,NA,3.93530123155264,1.98375936835914
5,"poisson_glm","rolling_one_step",3,1,3,4,6.1263734412755,NA,2.23204628703087,1.63353621379902,0.24277124719769,NA,NA,4.5214640117618,2.1263734412755
5,"inad_unconstrained","rolling_one_step",3,1,4,2,4.06,0.336295925480743,2.05334437645636,1.17238201666188,0.303757894213067,1,1,4.2436,2.06
5,"inad_constrained_alpha","rolling_one_step",3,1,4,2,4.07,0.342968326128336,1.88771986037397,1.20077978472222,0.232009388505268,1,1,4.2849,2.07
5,"nb_glm","rolling_one_step",3,1,4,2,4.03195236632246,NA,1.97263338554934,1.25596576703671,0.175214713210835,NA,NA,4.12883041900343,2.03195236632246
5,"poisson_glm","rolling_one_step",3,1,4,2,4.07784762955533,NA,2.06430682391021,1.37718618503569,0.142424582266355,NA,NA,4.31745077164871,2.07784762955533
5,"inad_unconstrained","rolling_one_step",3,1,5,3,3.23,0.282433508756817,2.03624994309706,0.723164915279429,0.598209972399014,1,1,0.0529,0.23
5,"inad_constrained_alpha","rolling_one_step",3,1,5,3,3.97,0.323008271464282,2.27665306690066,0.908538846595806,0.484596469038071,1,1,0.9409,0.97
5,"nb_glm","rolling_one_step",3,1,5,3,4.03195236632246,NA,1.93349009208012,0.815315848488949,0.329250562406982,NA,NA,1.06492568635852,1.03195236632246
5,"poisson_glm","rolling_one_step",3,1,5,3,4.07784762955533,NA,1.75805038611342,0.765741503957529,0.269269087854352,NA,NA,1.16175551253805,1.07784762955533
5,"inad_unconstrained","rolling_one_step",3,1,6,5,3.49,0.303013484381754,2.95353191906361,1.26693929102259,0.722595842298148,1,1,2.2801,1.51
5,"inad_constrained_alpha","rolling_one_step",3,1,6,5,3.8,0.275973941091575,2.32925334007621,1.02474815327793,0.702389239277731,1,1,1.44,1.2
5,"nb_glm","rolling_one_step",3,1,6,5,4.03195236632246,NA,2.23117871522438,0.881944045144335,0.653754541674771,NA,NA,0.937116221068693,0.968047633677545
5,"poisson_glm","rolling_one_step",3,1,6,5,4.07784762955533,NA,1.91561202445999,0.679197234166211,0.6948213568693,NA,NA,0.850364994316723,0.922152370444669
5,"inad_unconstrained","rolling_one_step",3,1,7,5,5.39,0.386356981523199,2.37217838479324,0.988371393263188,0.528994200620644,1,1,0.1521,0.39
5,"inad_constrained_alpha","rolling_one_step",3,1,7,5,5.08,0.366440701722377,2.36373951614738,0.96186799770181,0.513327253099168,1,1,0.00640000000000001,0.0800000000000001
5,"nb_glm","rolling_one_step",3,1,7,5,5.55317593852547,NA,2.21611399982974,0.885405582751543,0.454043096129979,NA,NA,0.306003618963532,0.553175938525468
5,"poisson_glm","rolling_one_step",3,1,7,5,5.54993744028303,NA,1.87606280901824,0.677067357647313,0.39402060243362,NA,NA,0.302431188225046,0.549937440283025
5,"inad_unconstrained","rolling_one_step",3,1,8,1,6.79,0.420508350365689,4.13814718488049,4.01761587931469,0.033452587787243,0,1,33.5241,5.79
5,"inad_constrained_alpha","rolling_one_step",3,1,8,1,6.1,0.413777864574848,3.17008566069877,3.19806518055556,0.0712471521926733,0,1,26.01,5.1
5,"nb_glm","rolling_one_step",3,1,8,1,7.40932733582003,NA,3.31817654473727,4.37141561486752,0.0495227917774623,NA,NA,41.0794768976899,6.40932733582003
5,"poisson_glm","rolling_one_step",3,1,8,1,7.47148133612056,NA,4.47899715171366,5.07007086815599,0.0129325757807377,NA,NA,41.8800706837567,6.47148133612056
5,"inad_unconstrained","rolling_one_step",3,1,9,7,6.11,0.428739048509897,2.50873673123952,1.2103135991155,0.54952417506551,1,1,0.792099999999999,0.89
5,"inad_constrained_alpha","rolling_one_step",3,1,9,7,5.97,0.446638398019985,2.63020771433828,1.3287461388259,0.628093980689873,1,1,1.0609,1.03
5,"nb_glm","rolling_one_step",3,1,9,7,6.66127560675849,NA,2.50630699385558,1.14913718702483,0.526950172737938,NA,NA,0.114734214576826,0.338724393241506
5,"poisson_glm","rolling_one_step",3,1,9,7,6.69503531215638,NA,2.06703269604037,0.788367127387126,0.511470974822813,NA,NA,0.0930034608315578,0.304964687843622
5,"inad_unconstrained","rolling_one_step",3,1,10,15,13.52,0.550386457432641,2.8021956459399,1.88714585335519,0.625576013425642,1,1,2.1904,1.48
5,"inad_constrained_alpha","rolling_one_step",3,1,10,15,10.77,0.475002392338473,2.64595607130642,2.5628344909668,0.731972111778523,1,1,17.8929,4.23
5,"nb_glm","rolling_one_step",3,1,10,15,10.2941071217407,NA,3.32524872657176,2.85592096602298,0.722761943554147,NA,NA,22.1454277816518,4.70589287825932
5,"poisson_glm","rolling_one_step",3,1,10,15,10.4867881522497,NA,3.20460245834132,2.5616112906984,0.818296582196185,NA,NA,20.3690811826738,4.51321184775032
5,"inad_unconstrained","rolling_one_step",3,1,11,8,7.81,0.493328214551659,2.87386868579715,1.3009454784,0.541675271161385,1,1,0.0361000000000001,0.19
5,"inad_constrained_alpha","rolling_one_step",3,1,11,8,6.74,0.418660683223022,2.84957599322811,1.29825474334856,0.593664571693831,1,1,1.5876,1.26
5,"nb_glm","rolling_one_step",3,1,11,8,7.40932733582003,NA,2.5973695499513,1.22898146689605,0.571795114766003,NA,NA,0.348894196209461,0.590672664179968
5,"poisson_glm","rolling_one_step",3,1,11,8,7.47148133612056,NA,2.13078173304604,0.816636782477071,0.503394128018612,NA,NA,0.279331978068914,0.528518663879445
5,"inad_unconstrained","rolling_one_step",3,1,12,9,10.18,0.498762103977073,2.57125708822085,1.40067917814509,0.422743192977717,1,1,1.3924,1.18
5,"inad_constrained_alpha","rolling_one_step",3,1,12,9,8.82,0.433771340405951,2.42136862898401,1.0742100608,0.529461474891044,1,1,0.0323999999999999,0.18
5,"nb_glm","rolling_one_step",3,1,12,9,9.25480567337099,NA,2.73267325937843,1.50715223530688,0.520995180076386,NA,NA,0.0649259311820447,0.254805673370992
5,"poisson_glm","rolling_one_step",3,1,12,9,9.39698753592415,NA,2.22994000527028,1.03008449079233,0.380207195197151,NA,NA,0.157599103679126,0.396987535924147
5,"inad_unconstrained","rolling_one_step",4,1,1,4,3.76,0.21840560913358,1.61795623338876,0.522860347576531,0.651861236478414,1,1,0.0576000000000001,0.24
5,"inad_constrained_alpha","rolling_one_step",4,1,1,4,3.4,0.210818510677892,1.92761015164367,0.622840581121662,0.630442615900491,1,1,0.36,0.6
5,"nb_glm","rolling_one_step",4,1,1,4,3.60183745258207,NA,1.99226782367434,0.668874531952512,0.580267809193247,NA,NA,0.158533414166337,0.398162547417932
5,"poisson_glm","rolling_one_step",4,1,1,4,3.5780165643377,NA,1.70851522930614,0.511167839181058,0.592333761633958,NA,NA,0.178070019973361,0.421983435662303
5,"inad_unconstrained","rolling_one_step",4,1,2,4,3.69,0.199339819495162,1.608987563406,0.474016208099992,0.569719120692294,1,1,0.0961,0.31
5,"inad_constrained_alpha","rolling_one_step",4,1,2,4,3.64,0.222710574513201,1.93657882162643,0.611236957908163,0.538895523167199,1,1,0.1296,0.36
5,"nb_glm","rolling_one_step",4,1,2,4,4.00631865006757,NA,1.97223931428127,0.63666943977908,0.600249934684101,NA,NA,3.99253386763776e-05,0.00631865006756804
5,"poisson_glm","rolling_one_step",4,1,2,4,3.99297131894723,NA,1.68429333498992,0.481906307954408,0.53817568327538,NA,NA,4.94023573416272e-05,0.00702868105277421
5,"inad_unconstrained","rolling_one_step",4,1,3,5,3.52,0.234188907603337,2.14436108777915,1.00903145727041,0.759881494304697,1,1,2.1904,1.48
5,"inad_constrained_alpha","rolling_one_step",4,1,3,5,3.62,0.233021436565372,2.01885820038519,0.927655724838412,0.654131026619089,1,1,1.9044,1.38
5,"nb_glm","rolling_one_step",4,1,3,5,3.819104748659,NA,2.23894620016778,0.935516771583496,0.691364323298925,NA,NA,1.39451359463973,1.180895251341
5,"poisson_glm","rolling_one_step",4,1,3,5,3.80073989561681,NA,1.96831803094248,0.772289653778087,0.70287130608265,NA,NA,1.43822479796518,1.19926010438319
5,"inad_unconstrained","rolling_one_step",4,1,4,4,3.32,0.193260174245743,2.20644880822742,0.631263851239669,0.687382355447202,1,1,0.4624,0.68
5,"inad_constrained_alpha","rolling_one_step",4,1,4,4,2.73,0.214549092590281,2.75508514980718,0.968354687119552,0.742713039455566,1,1,1.6129,1.27
5,"nb_glm","rolling_one_step",4,1,4,4,3.33986966506063,NA,2.00060170021025,0.710923474228398,0.697640441466942,NA,NA,0.435772059107161,0.660130334939367
5,"poisson_glm","rolling_one_step",4,1,4,4,3.31002600998438,NA,1.73983004794427,0.564645472490715,0.687273894921059,NA,NA,0.476064106898075,0.68997399001562
5,"inad_unconstrained","rolling_one_step",4,1,5,7,4.03,0.233746387645614,3.12752604627997,1.87964038563327,0.843438960830479,1,1,8.8209,2.97
5,"inad_constrained_alpha","rolling_one_step",4,1,5,7,3.33,0.201537023192196,3.31576382535374,2.54927855693531,0.919859894265647,0,1,13.4689,3.67
5,"nb_glm","rolling_one_step",4,1,5,7,3.60183745258207,NA,2.95231370143515,2.1635486829562,0.866669018608937,NA,NA,11.5475086986739,3.39816254741793
5,"poisson_glm","rolling_one_step",4,1,5,7,3.5780165643377,NA,3.09583408938156,2.20591442571233,0.88351094342723,NA,NA,11.7099706339472,3.4219834356623
5,"inad_unconstrained","rolling_one_step",4,1,6,4,3.97,0.232011406894775,1.89361735433468,0.595311934441367,0.55740212237201,1,1,0.000899999999999988,0.0299999999999998
5,"inad_constrained_alpha","rolling_one_step",4,1,6,4,4.1,0.237197441517876,1.72220038638759,0.577437528389067,0.54127049131766,1,1,0.00999999999999993,0.0999999999999996
5,"nb_glm","rolling_one_step",4,1,6,4,4.00631865006757,NA,2.00543034249183,0.665284322443427,0.565846087475383,NA,NA,3.99253386763776e-05,0.00631865006756804
5,"poisson_glm","rolling_one_step",4,1,6,4,3.99297131894723,NA,1.70428503772643,0.499683559515345,0.578281019173765,NA,NA,4.94023573416272e-05,0.00702868105277421
5,"inad_unconstrained","rolling_one_step",4,1,7,6,5.67,0.308156788113788,1.96301207869458,0.795305913043478,0.533991050172334,1,1,0.1089,0.33
5,"inad_constrained_alpha","rolling_one_step",4,1,7,6,5.48,0.244734446890808,2.25955863354136,0.710518727705113,0.653917573865379,1,1,0.2704,0.52
5,"nb_glm","rolling_one_step",4,1,7,6,5.51787082492576,NA,2.30276650437564,0.914802679401868,0.564126211627851,NA,NA,0.232448541457769,0.482129175074242
5,"poisson_glm","rolling_one_step",4,1,7,6,5.4344210559476,NA,1.9336709737129,0.655353862351126,0.631075661329427,NA,NA,0.319879541955426,0.565578944052398
5,"inad_unconstrained","rolling_one_step",4,1,8,2,4.73,0.253403100441039,2.09663193166681,1.57226494517958,0.178578714746374,1,1,7.4529,2.73
5,"inad_constrained_alpha","rolling_one_step",4,1,8,2,4.26,0.246027016665432,1.85381830869828,1.28135454815696,0.105452942756559,1,1,5.1076,2.26
5,"nb_glm","rolling_one_step",4,1,8,2,4.13555861525156,NA,1.96177390487474,1.18855643792344,0.236858477045441,NA,NA,4.56061059917514,2.13555861525156
5,"poisson_glm","rolling_one_step",4,1,8,2,4.03677604584989,NA,2.01091468673261,1.25335048107816,0.152404951223639,NA,NA,4.14845666094792,2.03677604584989
5,"inad_unconstrained","rolling_one_step",4,1,9,6,5.18,0.288282969852662,1.81681655501037,0.77657474863545,0.557465087630376,1,1,0.6724,0.82
5,"inad_constrained_alpha","rolling_one_step",4,1,9,6,5.96,0.25659778690087,1.6995890094284,0.634531539833532,0.4354392215062,1,1,0.0016,0.04
5,"nb_glm","rolling_one_step",4,1,9,6,5.95067346598589,NA,2.31747635105609,0.915188901037048,0.543472108934916,NA,NA,0.00243310695784471,0.0493265340141056
5,"poisson_glm","rolling_one_step",4,1,9,6,5.87440959591065,NA,1.92558085775004,0.637000449292605,0.494808622747567,NA,NA,0.0157729495993267,0.125590404089352
5,"inad_unconstrained","rolling_one_step",4,1,10,8,6.51,0.288673385043241,2.25090057079825,1.0675242268431,0.697943190506376,1,1,2.2201,1.49
5,"inad_constrained_alpha","rolling_one_step",4,1,10,8,8.15,0.311521194376008,2.19654684094972,0.771858654122379,0.547991465001793,1,1,0.0225000000000001,0.15
5,"nb_glm","rolling_one_step",4,1,10,8,7.13809114668213,NA,2.52356742137093,1.18870900611796,0.667267978444074,NA,NA,0.742886871427729,0.861908853317872
5,"poisson_glm","rolling_one_step",4,1,10,8,7.08645459626774,NA,2.10783533354867,0.82210830802217,0.581674445240598,NA,NA,0.834565204680335,0.913545403732258
5,"inad_unconstrained","rolling_one_step",4,1,11,3,6.14,0.276347022360793,2.34664508278808,1.82372639714625,0.129616820346042,1,1,9.8596,3.14
5,"inad_constrained_alpha","rolling_one_step",4,1,11,3,6.93,0.276432905991945,3.12752604627997,2.41351581852552,0.0930723883597099,0,1,15.4449,3.93
5,"nb_glm","rolling_one_step",4,1,11,3,6.13751983136171,NA,2.25413620788836,1.54863668341115,0.181234859057668,NA,NA,9.84403069218802,3.13751983136171
5,"poisson_glm","rolling_one_step",4,1,11,3,6.06466935557587,NA,2.47759358570931,1.86452563288529,0.0916579949159606,NA,NA,9.39219825900579,3.06466935557587
5,"inad_unconstrained","rolling_one_step",4,1,12,5,5.75,0.255198476927788,1.96301207869458,0.745585867674858,0.436157592063304,1,1,0.5625,0.75
5,"inad_constrained_alpha","rolling_one_step",4,1,12,5,5.65,0.285464356776637,2.10528999440993,0.755706354042806,0.432880873864994,1,1,0.4225,0.65
5,"nb_glm","rolling_one_step",4,1,12,5,6.30962545946484,NA,2.20965127124273,0.902185442563576,0.450900442481567,NA,NA,1.7151188440785,1.30962545946484
5,"poisson_glm","rolling_one_step",4,1,12,5,6.24007813069044,NA,1.94688945306438,0.81213323170908,0.314219871700632,NA,NA,1.5377937702167,1.24007813069044
5,"inad_unconstrained","rolling_one_step",5,1,1,2,4.94,0.387120945264689,2.06178324510223,1.60468632158746,0.297431976102105,1,1,8.6436,2.94
5,"inad_constrained_alpha","rolling_one_step",5,1,1,2,6.06,0.35328758994921,2.26214412343553,2.71479273116654,0.0506493685329481,1,1,16.4836,4.06
5,"nb_glm","rolling_one_step",5,1,1,2,4.81529953781098,NA,2.2228603886955,1.89708871642231,0.133934172214012,NA,NA,7.9259114875987,2.81529953781098
5,"poisson_glm","rolling_one_step",5,1,1,2,4.72508587575349,NA,2.43831950786896,2.0114422455038,0.134196833871035,NA,NA,7.42609303023117,2.72508587575349
5,"inad_unconstrained","rolling_one_step",5,1,2,5,4.82,0.340047530842856,2.26814237723276,0.902745036160421,0.568370920660145,1,1,0.0323999999999999,0.18
5,"inad_constrained_alpha","rolling_one_step",5,1,2,5,5.52,0.350606977291172,2.35522882647947,0.960392285776901,0.483908931612451,1,1,0.2704,0.52
5,"nb_glm","rolling_one_step",5,1,2,5,4.81529953781098,NA,2.18854753157961,0.806661566120808,0.508895752889204,NA,NA,0.0341142607328388,0.184700462189023
5,"poisson_glm","rolling_one_step",5,1,2,5,4.72508587575349,NA,1.83985874463159,0.583112969252452,0.491926406038252,NA,NA,0.0755777757102255,0.27491412424651
5,"inad_unconstrained","rolling_one_step",5,1,3,6,5.25,0.379626344734084,2.42136862898401,1.0990516672,0.606260798589587,1,1,0.5625,0.75
5,"inad_constrained_alpha","rolling_one_step",5,1,3,6,5.19,0.308366501082558,2.53012425578129,1.00769711449677,0.577526267057432,1,1,0.656099999999999,0.81
5,"nb_glm","rolling_one_step",5,1,3,6,5.05134726947925,NA,2.4208217359493,1.05441759780399,0.576704808815822,NA,NA,0.899942003124472,0.948652730520749
5,"poisson_glm","rolling_one_step",5,1,3,6,4.96406828659988,NA,2.07717403016188,0.809340867341662,0.610143098821724,NA,NA,1.07315451482812,1.03593171340012
5,"inad_unconstrained","rolling_one_step",5,1,4,3,5.13,0.355520673794014,1.76549719214092,1.15832597673082,0.317713277572174,1,1,4.5369,2.13
5,"inad_constrained_alpha","rolling_one_step",5,1,4,3,5.34,0.320422700617024,1.9716701414377,1.27474906361474,0.265518747168043,1,1,5.4756,2.34
5,"nb_glm","rolling_one_step",5,1,4,3,4.81529953781098,NA,2.04945542570886,1.08969130377573,0.253523270301422,NA,NA,3.29531241197675,1.81529953781098
5,"poisson_glm","rolling_one_step",5,1,4,3,4.72508587575349,NA,1.95219145484742,1.07783707758954,0.28691430551227,NA,NA,2.97592127872419,1.72508587575349
5,"inad_unconstrained","rolling_one_step",5,1,5,5,5.4,0.371456320419774,2.72403087309056,0.993682953268557,0.549444699931485,1,1,0.16,0.4
5,"inad_constrained_alpha","rolling_one_step",5,1,5,5,5.16,0.288051622758382,2.17079434484731,0.711968332703214,0.565969372773948,1,1,0.0256,0.16
5,"nb_glm","rolling_one_step",5,1,5,5,5.44755742163915,NA,2.24929905975274,0.962284878324274,0.445196711674346,NA,NA,0.200307645664288,0.447557421639154
5,"poisson_glm","rolling_one_step",5,1,5,5,5.36597552477892,NA,1.89456178108591,0.717315499175131,0.498322846395409,NA,NA,0.133938084737205,0.365975524778919
5,"inad_unconstrained","rolling_one_step",5,1,6,4,5.02,0.343475992721118,2.30175898803174,0.933088354620586,0.342997806039966,1,1,1.0404,1.02
5,"inad_constrained_alpha","rolling_one_step",5,1,6,4,5.25,0.370196508013588,1.9696032613126,1.0640776059224,0.424303124231036,1,1,1.5625,1.25
5,"nb_glm","rolling_one_step",5,1,6,4,4.81529953781098,NA,2.12324137696722,0.952789859021521,0.470855111205027,NA,NA,0.664713336354792,0.815299537810977
5,"poisson_glm","rolling_one_step",5,1,6,4,4.72508587575349,NA,1.836311086352,0.773596884893554,0.367989855478914,NA,NA,0.525749527217206,0.72508587575349
5,"inad_unconstrained","rolling_one_step",5,1,7,5,5.78,0.394297739114374,2.00557169311338,0.932418430555555,0.430145118523389,1,1,0.6084,0.78
5,"inad_constrained_alpha","rolling_one_step",5,1,7,5,7.21,0.470609963105051,2.32625000804004,1.40770406477627,0.370906443520892,1,1,4.8841,2.21
5,"nb_glm","rolling_one_step",5,1,7,5,7.24445667817534,NA,2.39359475984772,1.46377481290731,0.347893350074002,NA,NA,5.0375857802059,2.24445667817534
5,"poisson_glm","rolling_one_step",5,1,7,5,7.04388069096435,NA,2.20015663480743,1.35178868612034,0.185033041383567,NA,NA,4.17744827889693,2.04388069096435
5,"inad_unconstrained","rolling_one_step",5,1,8,5,6.98,0.401003791009562,2.28509193554653,1.30843961584634,0.352318249309001,1,1,3.9204,1.98
5,"inad_constrained_alpha","rolling_one_step",5,1,8,5,5.95,0.395268736099092,2.8330466912769,1.13262638194444,0.443839320524906,1,1,0.9025,0.95
5,"nb_glm","rolling_one_step",5,1,8,5,5.79985715456057,NA,2.23710905018366,0.946599393940232,0.467988897495432,NA,NA,0.639771467701739,0.799857154560574
5,"poisson_glm","rolling_one_step",5,1,8,5,5.60054197318082,NA,1.88937711400645,0.705437595762123,0.450601374857747,NA,NA,0.360650661551909,0.600541973180817
5,"inad_unconstrained","rolling_one_step",5,1,9,4,7.3,0.437509018666063,2.88974203495344,2.11521895963792,0.211701972799552,1,1,10.89,3.3
5,"inad_constrained_alpha","rolling_one_step",5,1,9,4,7.07,0.432342690490081,1.92050968319696,1.74985073491155,0.240600135623263,1,1,9.4249,3.07
5,"nb_glm","rolling_one_step",5,1,9,4,7.24445667817534,NA,2.46279854098469,2.03317939367142,0.200531398777719,NA,NA,10.5264991365566,3.24445667817534
5,"poisson_glm","rolling_one_step",5,1,9,4,7.04388069096435,NA,2.53746243099186,2.09587287220021,0.0952141373213123,NA,NA,9.26520966082564,3.04388069096435
5,"inad_unconstrained","rolling_one_step",5,1,10,6,6.66,0.414197532536827,2.30998948716826,0.96707089492072,0.552398171425362,1,1,0.4356,0.66
5,"inad_constrained_alpha","rolling_one_step",5,1,10,6,7.41,0.430432012252478,2.31815279780742,1.25094410073369,0.374921660405788,1,1,1.9881,1.41
5,"nb_glm","rolling_one_step",5,1,10,6,7.73846185225453,NA,2.43615022188201,1.28765482515363,0.379881757335246,NA,NA,3.02224961174424,1.73846185225453
5,"poisson_glm","rolling_one_step",5,1,10,6,7.53960657665474,NA,2.12443078952635,1.0795856291439,0.282170619928978,NA,NA,2.37038841087853,1.53960657665474
5,"inad_unconstrained","rolling_one_step",5,1,11,6,6.78,0.500016161354972,2.35015552889359,1.31380802281605,0.435505770352746,1,1,0.6084,0.78
5,"inad_constrained_alpha","rolling_one_step",5,1,11,6,5.85,0.343885992383487,2.36373951614738,0.978623348175811,0.537505636969818,1,1,0.0225000000000001,0.15
5,"nb_glm","rolling_one_step",5,1,11,6,6.25477782485356,NA,2.40358836550736,1.12309931155104,0.468420941281914,NA,NA,0.0649117400371129,0.254777824853563
5,"poisson_glm","rolling_one_step",5,1,11,6,6.0539802070631,NA,1.99817238786183,0.794399148803079,0.448362232241856,NA,NA,0.00291386275457536,0.0539802070631019
5,"inad_unconstrained","rolling_one_step",5,1,12,2,6.17,0.437175276316287,2.41333645728675,2.45627222294485,0.169803058693914,1,1,17.3889,4.17
5,"inad_constrained_alpha","rolling_one_step",5,1,12,2,6.73,0.383459794687023,2.45913979010015,2.83411273340994,0.102590266884052,1,1,22.3729,4.73
5,"nb_glm","rolling_one_step",5,1,12,2,6.95718043405206,NA,2.75272138099496,3.10596841116253,0.123100916479105,NA,NA,24.5736378557486,4.95718043405206
5,"poisson_glm","rolling_one_step",5,1,12,2,6.75608088939961,NA,3.51666781491713,3.48308210332359,0.0324664883062104,NA,NA,22.6203054265122,4.75608088939961
5,"inad_unconstrained","rolling_one_step",6,1,1,3,5.47,0.250435983473186,2.16206066487855,1.41348626500462,0.136390290315867,1,1,6.1009,2.47
5,"inad_constrained_alpha","rolling_one_step",6,1,1,3,5.72,0.234016316447457,2.08789825169806,1.56004273622653,0.138296804745588,1,1,7.3984,2.72
5,"nb_glm","rolling_one_step",6,1,1,3,5.11464229691079,NA,2.04294310946789,1.04428873660938,0.355651357927065,NA,NA,4.47171204388413,2.11464229691079
5,"poisson_glm","rolling_one_step",6,1,1,3,5.05386514301609,NA,2.03467960740668,1.17153046357248,0.143171439151626,NA,NA,4.2183620256965,2.05386514301609
5,"inad_unconstrained","rolling_one_step",6,1,2,3,6.12,0.275710285655363,2.34664508278808,1.82117137336504,0.089322338535908,1,1,9.7344,3.12
5,"inad_constrained_alpha","rolling_one_step",6,1,2,3,6.43,0.316309208135829,2.15572084803682,2.0909333042193,0.142217880958752,1,1,11.7649,3.43
5,"nb_glm","rolling_one_step",6,1,2,3,6.13523546649121,NA,2.32992118096543,1.83751871478832,0.212763540875264,NA,NA,9.82970143034436,3.13523546649121
5,"poisson_glm","rolling_one_step",6,1,2,3,6.09661026983458,NA,2.54388009177195,2.05324533116717,0.118827036925495,NA,NA,9.58899516324502,3.09661026983458
5,"inad_unconstrained","rolling_one_step",6,1,3,13,6.4,0.261696099483444,4.77912349311153,4.76994549819928,0.95084629159139,0,0,43.56,6.6
5,"inad_constrained_alpha","rolling_one_step",6,1,3,13,6.42,0.255911916664522,3.63967529697647,5.01297184120983,0.9847387953712,0,0,43.2964,6.58
5,"nb_glm","rolling_one_step",6,1,3,13,6.38857191770626,NA,3.60863537287076,4.52585141695016,0.912962237349761,NA,NA,43.7109812873422,6.61142808229374
5,"poisson_glm","rolling_one_step",6,1,3,13,6.35631752535738,NA,4.20331414991419,4.76806643661903,0.95077957726459,NA,NA,44.1385168238734,6.64368247464262
5,"inad_unconstrained","rolling_one_step",6,1,4,1,5.47,0.250838996211119,4.02925309664136,3.03355055994988,0.0277703431609655,0,0,19.9809,4.47
5,"inad_constrained_alpha","rolling_one_step",6,1,4,1,5.43,0.235811515213042,4.03806372632351,3.12431098030163,0.0412779086057848,0,1,19.6249,4.43
5,"nb_glm","rolling_one_step",6,1,4,1,5.51581709139516,NA,2.63747297291104,2.550476511757,0.0666878140573306,NA,NA,20.3926040029366,4.51581709139516
5,"poisson_glm","rolling_one_step",6,1,4,1,5.4630426289991,NA,3.52653379428505,3.11678240796977,0.0163877304259824,NA,NA,19.9187495082632,4.4630426289991
5,"inad_unconstrained","rolling_one_step",6,1,5,5,6.43,0.261408384399475,1.90235103430343,0.847080748582231,0.306161609253563,1,1,2.0449,1.43
5,"inad_constrained_alpha","rolling_one_step",6,1,5,5,6.45,0.285464356776637,2.17945240759042,0.964557780915576,0.34500184795466,1,1,2.1025,1.45
5,"nb_glm","rolling_one_step",6,1,5,5,6.13523546649121,NA,2.20040874007763,0.877004573979094,0.453593315496494,NA,NA,1.28875956437952,1.13523546649121
5,"poisson_glm","rolling_one_step",6,1,5,5,6.09661026983458,NA,1.92169110684075,0.765582529179959,0.423142799801588,NA,NA,1.20255408390668,1.09661026983458
5,"inad_unconstrained","rolling_one_step",6,1,6,9,6.07,0.256335874992325,2.65677864608139,1.82563943289225,0.810279306422555,1,1,8.5849,2.93
5,"inad_constrained_alpha","rolling_one_step",6,1,6,9,5.47,0.251241362482817,4.04679740629227,2.33712634404537,0.879571399407927,0,1,12.4609,3.53
5,"nb_glm","rolling_one_step",6,1,6,9,5.84853800978175,NA,2.81343961813254,2.19894218852416,0.822296694850933,NA,NA,9.9317126757904,3.15146199021825
5,"poisson_glm","rolling_one_step",6,1,6,9,5.80310451283102,NA,2.75883124850837,2.03703666863628,0.880154408723607,NA,NA,10.2201407558814,3.19689548716898
5,"inad_unconstrained","rolling_one_step",6,1,7,12,7.72,0.30153814439512,3.40202416963815,2.70441853698518,0.875246939132364,0,1,18.3184,4.28
5,"inad_constrained_alpha","rolling_one_step",6,1,7,12,7.35,0.286523924997477,2.95353191906361,3.04154150564804,0.913246473061294,0,1,21.6225,4.65
5,"nb_glm","rolling_one_step",6,1,7,12,8.45001103045827,NA,3.01019039657958,2.45349564200502,0.783016256942114,NA,NA,12.602421683868,3.54998896954173
5,"poisson_glm","rolling_one_step",6,1,7,12,8.29746686711259,NA,2.90917246886058,2.27582652812116,0.850782236928935,NA,NA,13.7087516001291,3.70253313288741
5,"inad_unconstrained","rolling_one_step",6,1,8,6,7.78,0.2732446271432,1.86240205238968,1.01139279713639,0.256659250490399,1,1,3.1684,1.78
5,"inad_constrained_alpha","rolling_one_step",6,1,8,6,7.74,0.287665630813824,2.11387373810132,1.11911875228285,0.340987076613431,1,1,3.0276,1.74
5,"nb_glm","rolling_one_step",6,1,8,6,8.45001103045827,NA,2.37326063026535,1.11138106142629,0.402897085412338,NA,NA,6.00255404936719,2.45001103045827
5,"poisson_glm","rolling_one_step",6,1,8,6,8.29746686711259,NA,2.23423531514546,1.24737337771676,0.271149762339057,NA,NA,5.27835400548013,2.29746686711259
5,"inad_unconstrained","rolling_one_step",6,1,9,1,7.62,0.293973131459666,4.09765582352576,4.97207450310771,0.023325849750237,0,0,43.8244,6.62
5,"inad_constrained_alpha","rolling_one_step",6,1,9,1,7.16,0.306403048749239,3.37691824850707,4.40687378626831,0.0114258575897616,0,1,37.9456,6.16
5,"nb_glm","rolling_one_step",6,1,9,1,8.0551449026901,NA,3.41734774375,4.46860700712086,0.0364767183246011,NA,NA,49.7750695979541,7.0551449026901
5,"poisson_glm","rolling_one_step",6,1,9,1,7.89800648072479,NA,4.53607238540514,5.23222791699089,0.0184793698296212,NA,NA,47.5824934081213,6.89800648072479
5,"inad_unconstrained","rolling_one_step",6,1,10,2,8.37,0.313550859373948,3.66542779307889,4.44010267882792,0.0195374248011859,0,0,40.5769,6.37
5,"inad_constrained_alpha","rolling_one_step",6,1,10,2,7.78,0.303041817963039,3.14476785271448,3.93995485426255,0.0284094714890752,0,1,33.4084,5.78
5,"nb_glm","rolling_one_step",6,1,10,2,8.79892931059212,NA,3.05399661353884,3.64404182656856,0.0517674466070922,NA,NA,46.2254397704287,6.79892931059212
5,"poisson_glm","rolling_one_step",6,1,10,2,8.65092760225445,NA,4.25643425516859,4.73368544092589,0.0229138504526168,NA,NA,44.2348379704301,6.65092760225445
5,"inad_unconstrained","rolling_one_step",6,1,11,7,7.67,0.314323066126223,2.70763706331488,0.965723645925825,0.448872123883156,1,1,0.4489,0.67
5,"inad_constrained_alpha","rolling_one_step",6,1,11,7,7.14,0.322245906478925,2.110973489293,0.8120362496,0.467429937701151,1,1,0.0195999999999999,0.14
5,"nb_glm","rolling_one_step",6,1,11,7,8.79892931059212,NA,2.54974166424365,1.40303244211764,0.41212777692467,NA,NA,3.23614666450745,1.79892931059212
5,"poisson_glm","rolling_one_step",6,1,11,7,8.65092760225445,NA,2.20989174486956,1.16813111746872,0.339455164802858,NA,NA,2.72556194788563,1.65092760225445
5,"inad_unconstrained","rolling_one_step",6,1,12,12,6.98,0.289192536612415,3.15327854238239,3.35531134731399,0.906825418477815,0,1,25.2004,5.02
5,"inad_constrained_alpha","rolling_one_step",6,1,12,12,6.32,0.260489050546363,3.64833335971959,4.07005191736028,0.95978877594839,0,1,32.2624,5.68
5,"nb_glm","rolling_one_step",6,1,12,12,7.0443561721131,NA,3.21505637815879,3.40317721325417,0.859292608190849,NA,NA,24.5584057488735,4.9556438278869
5,"poisson_glm","rolling_one_step",6,1,12,12,6.87829412067191,NA,3.53590662211112,3.49436036292059,0.924112379349653,NA,NA,26.2318711143439,5.12170587932809
5,"inad_unconstrained","rolling_one_step",7,1,1,6,2.84,0.14955827214727,3.58609105084237,2.27059910781921,0.967660296931777,0,1,9.9856,3.16
5,"inad_constrained_alpha","rolling_one_step",7,1,1,6,2.93,0.1955334583475,2.76405381978994,2.02192047991071,0.888753287808088,0,1,9.4249,3.07
5,"nb_glm","rolling_one_step",7,1,1,6,3.40428028128513,NA,2.63927779979885,1.7114180454146,0.834341491183168,NA,NA,6.7377608581252,2.59571971871487
5,"poisson_glm","rolling_one_step",7,1,1,6,3.40342237777458,NA,2.6074307223216,1.65170371807538,0.903878853142446,NA,NA,6.74221534824184,2.59657762222542
5,"inad_unconstrained","rolling_one_step",7,1,2,15,2.9,0.205234529553904,4.76217393479776,9.9445978815107,0.994219358178636,0,0,146.41,12.1
5,"inad_constrained_alpha","rolling_one_step",7,1,2,15,3.11,0.181961811955424,4.76217393479776,9.863041617357,0.994846706139322,0,0,141.3721,11.89
5,"nb_glm","rolling_one_step",7,1,2,15,3.40428028128513,NA,4.71503543497828,9.36926465738384,0.998911373592558,NA,NA,134.460715794993,11.5957197187149
5,"poisson_glm","rolling_one_step",7,1,2,15,3.40342237777458,NA,4.76192880176929,9.60645895847462,0.992921466673213,NA,NA,134.480612548299,11.5965776222254
5,"inad_unconstrained","rolling_one_step",7,1,3,6,6.38,0.283121132658048,2.36373951614738,0.749476515369147,0.512292024441639,1,1,0.1444,0.38
5,"inad_constrained_alpha","rolling_one_step",7,1,3,6,6.35,0.258736244937667,1.91959284073794,0.654684761487326,0.529630550091338,1,1,0.1225,0.35
5,"nb_glm","rolling_one_step",7,1,3,6,4.72971759778516,NA,2.39245286762964,1.05092330319453,0.677514892862831,NA,NA,1.61361738137671,1.27028240221484
5,"poisson_glm","rolling_one_step",7,1,3,6,4.77696026567066,NA,2.06012491097253,0.813999884611236,0.723267843163358,NA,NA,1.49582619174837,1.22303973432934
5,"inad_unconstrained","rolling_one_step",7,1,4,3,2.07,0.140169450121896,1.43281437675478,0.556705892561983,0.706731513972881,1,1,0.8649,0.93
5,"inad_constrained_alpha","rolling_one_step",7,1,4,3,2.16,0.175072856406997,1.86694910725252,0.64755258501745,0.679601497941458,1,1,0.7056,0.84
5,"nb_glm","rolling_one_step",7,1,4,3,2.83798005998263,NA,1.79213987050387,0.531603975144517,0.49923548934696,NA,NA,0.0262504609632319,0.162019940017369
5,"poisson_glm","rolling_one_step",7,1,4,3,2.82131167332475,NA,1.55175991718873,0.418624368780535,0.619019436011511,NA,NA,0.0319295180900012,0.178688326675251
5,"inad_unconstrained","rolling_one_step",7,1,5,5,3.66,0.20558858593479,2.1532500351964,0.892208677265252,0.816169557115805,1,1,1.7956,1.34
5,"inad_constrained_alpha","rolling_one_step",7,1,5,5,3.16,0.193698714294112,2.51242467868189,1.17199379783163,0.824515883838259,1,1,3.3856,1.84
5,"nb_glm","rolling_one_step",7,1,5,5,3.78657609082073,NA,2.23098514301896,0.951825092516777,0.661023852868381,NA,NA,1.47239758336791,1.21342390917927
5,"poisson_glm","rolling_one_step",7,1,5,5,3.79812885053889,NA,1.9599032441038,0.778082168324943,0.682561695495537,NA,NA,1.44449425990697,1.20187114946111
5,"inad_unconstrained","rolling_one_step",7,1,6,10,4.56,0.234550935649682,3.33362144275375,3.97732275041115,0.972053344531615,0,1,29.5936,5.44
5,"inad_constrained_alpha","rolling_one_step",7,1,6,10,4.87,0.235554364395692,4.77912349311153,3.5012310076972,0.924605355842681,0,0,26.3169,5.13
5,"nb_glm","rolling_one_step",7,1,6,10,4.32990870299411,NA,3.63367686441071,3.69945061629983,0.908654930856464,NA,NA,32.149935316382,5.67009129700589
5,"poisson_glm","rolling_one_step",7,1,6,10,4.36120435531094,NA,4.1455922062841,3.86311897293586,0.926981817611146,NA,NA,31.7960163225643,5.63879564468906
5,"inad_unconstrained","rolling_one_step",7,1,7,5,6.64,0.269500098386444,1.91959284073794,0.990266564394769,0.348246879247375,1,1,2.6896,1.64
5,"inad_constrained_alpha","rolling_one_step",7,1,7,5,7.28,0.289227462825585,2.11387373810132,1.26671542114106,0.223324208366386,1,1,5.1984,2.28
5,"nb_glm","rolling_one_step",7,1,7,5,6.38871099802284,NA,2.23325517821726,0.957575364644244,0.391525468798662,NA,NA,1.92851823602959,1.38871099802284
5,"poisson_glm","rolling_one_step",7,1,7,5,6.37233939297424,NA,1.98213387298171,0.880473381204817,0.371307142075724,NA,NA,1.8833154095089,1.37233939297424
5,"inad_unconstrained","rolling_one_step",7,1,8,0,5.07,0.273863122930069,4.05545546903538,3.63715595273484,0.00539052697641229,0,0,25.7049,5.07
5,"inad_constrained_alpha","rolling_one_step",7,1,8,0,5.5,0.250050499950015,4.03806372632351,4.0658891658972,0.0126978516161417,0,0,30.25,5.5
5,"nb_glm","rolling_one_step",7,1,8,0,5.43056831873554,NA,3.38313633867387,3.57160919328819,0.0241129377777913,NA,NA,29.4910722644542,5.43056831873554
5,"poisson_glm","rolling_one_step",7,1,8,0,5.38944368358605,NA,4.37403310603059,4.09334710781349,0.000817047930766192,NA,NA,29.0461032185456,5.38944368358605
5,"inad_unconstrained","rolling_one_step",7,1,9,4,4,0.187487373312218,1.48110016363932,0.41106273841409,0.555293579988752,1,1,0,0
5,"inad_constrained_alpha","rolling_one_step",7,1,9,4,3.58,0.183225863817631,1.92761015164367,0.532193880366853,0.61150304946524,1,1,0.1764,0.42
5,"nb_glm","rolling_one_step",7,1,9,4,3.90872737355405,NA,1.95159514489221,0.629668712076545,0.653377400511646,NA,NA,0.0083306923383419,0.0912726264459498
5,"poisson_glm","rolling_one_step",7,1,9,4,3.83979606619093,NA,1.67531484499031,0.478243964496101,0.581400833554806,NA,NA,0.0256653004078999,0.160203933809067
5,"inad_unconstrained","rolling_one_step",7,1,10,9,3.96,0.202469601160123,3.60427336992556,3.8026887914942,0.984085933588621,0,0,25.4016,5.04
5,"inad_constrained_alpha","rolling_one_step",7,1,10,9,4.03,0.18719352056472,3.60427336992556,3.82844088142196,0.999666212814365,0,0,24.7009,4.97
5,"nb_glm","rolling_one_step",7,1,10,9,4.34767187049855,NA,3.20493943950064,3.68964871819287,0.999719476154365,NA,NA,21.6441570245505,4.65232812950145
5,"poisson_glm","rolling_one_step",7,1,10,9,4.28511028029431,NA,3.64459852806659,3.60955174177174,0.978893714373951,NA,NA,22.2301850689864,4.71488971970569
5,"inad_unconstrained","rolling_one_step",7,1,11,13,5.22,0.243534578466983,4.77068462446567,5.9012051709279,0.958867155025413,0,0,60.5284,7.78
5,"inad_constrained_alpha","rolling_one_step",7,1,11,13,5.47,0.25324360452403,3.63967529697647,5.88186892249527,0.9917382130782,0,0,56.7009,7.53
5,"nb_glm","rolling_one_step",7,1,11,13,5.62428499545424,NA,3.84919959996823,5.23894587526564,0.946483610726709,NA,NA,54.4011718282815,7.37571500454576
5,"poisson_glm","rolling_one_step",7,1,11,13,5.58775978686303,NA,4.49728543748048,5.54269752522427,0.967062616295831,NA,NA,54.9413049772448,7.41224021313697
5,"inad_unconstrained","rolling_one_step",7,1,12,12,6.98,0.311068539655871,3.65691710341098,3.37598721601286,0.909269543201703,0,1,25.2004,5.02
5,"inad_constrained_alpha","rolling_one_step",7,1,12,12,7.08,0.266924118146871,3.64833335971959,3.44431428359096,0.921364022184541,0,1,24.2064,4.92
5,"nb_glm","rolling_one_step",7,1,12,12,6.38871099802284,NA,3.36811131907393,3.93350346624964,0.923706768512513,NA,NA,31.4865642637098,5.61128900197716
5,"poisson_glm","rolling_one_step",7,1,12,12,6.37233939297424,NA,3.80019443112313,3.9964238341863,0.942785621616406,NA,NA,31.6705639078696,5.62766060702576
5,"inad_unconstrained","rolling_one_step",8,1,1,4,4.17,0.245794937936385,2.00115862328579,0.61121360809949,0.434820151568066,1,1,0.0289,0.17
5,"inad_constrained_alpha","rolling_one_step",8,1,1,4,3.58,0.240025251196871,2.07019867459866,0.707909996811224,0.573878605899808,1,1,0.1764,0.42
5,"nb_glm","rolling_one_step",8,1,1,4,3.87759671678016,NA,1.97643605905276,0.64322827742421,0.538432807718122,NA,NA,0.0149825637429973,0.122403283219844
5,"poisson_glm","rolling_one_step",8,1,1,4,3.99675714731201,NA,1.68427072709658,0.481919208949858,0.612160583694414,NA,NA,1.05160935559908e-05,0.00324285268798796
5,"inad_unconstrained","rolling_one_step",8,1,2,13,8.89,0.344332174599828,2.70763706331488,2.50501247865583,0.849396305215056,1,1,16.8921,4.11
5,"inad_constrained_alpha","rolling_one_step",8,1,2,13,6.52,0.402386818267139,3.18661496264998,4.32841220102123,0.880628864950058,0,1,41.9904,6.48
5,"nb_glm","rolling_one_step",8,1,2,13,4.81726620224359,NA,4.18640072664707,5.53749934088773,0.930622293587927,NA,NA,66.957132404945,8.18273379775641
5,"poisson_glm","rolling_one_step",8,1,2,13,4.99880659655148,NA,4.67901741814366,5.69397555025892,0.934923471711678,NA,NA,64.0190958793881,8.00119340344852
5,"inad_unconstrained","rolling_one_step",8,1,3,6,3.92,0.284863958316026,2.33798702004496,1.42130047637051,0.790046650170753,1,1,4.3264,2.08
5,"inad_constrained_alpha","rolling_one_step",8,1,3,6,4.03,0.299647941572921,2.54751599849316,1.31303221611177,0.767198490680211,1,1,3.8809,1.97
5,"nb_glm","rolling_one_step",8,1,3,6,3.87759671678016,NA,2.53287723201346,1.35214045602619,0.755396752455767,NA,NA,4.50459569662237,2.12240328321984
5,"poisson_glm","rolling_one_step",8,1,3,6,3.99675714731201,NA,2.31064450376405,1.17370671190735,0.807755005555407,NA,NA,4.01298192684551,2.00324285268799
5,"inad_unconstrained","rolling_one_step",8,1,4,5,2.69,0.191060305673472,2.75508514980718,1.4838981657333,0.853804452888005,1,1,5.3361,2.31
5,"inad_constrained_alpha","rolling_one_step",8,1,4,5,2.55,0.209074439404058,2.75508514980718,1.62239956984011,0.8525237026212,1,1,6.0025,2.45
5,"nb_glm","rolling_one_step",8,1,4,5,3.34787093570559,NA,2.29537565613636,1.15408965190114,0.795807549298474,NA,NA,2.72953044508632,1.65212906429441
5,"poisson_glm","rolling_one_step",8,1,4,5,3.43507928709001,NA,2.06986374173113,0.970962379691962,0.821811297706553,NA,NA,2.44897683769472,1.56492071290999
5,"inad_unconstrained","rolling_one_step",8,1,5,2,3.72,0.249071001195169,1.67338663703437,0.919778557443809,0.2050632158713,1,1,2.9584,1.72
5,"inad_constrained_alpha","rolling_one_step",8,1,5,2,3.15,0.293145601083051,1.63410951684178,0.773156267212767,0.36784407504079,1,1,1.3225,1.15
5,"nb_glm","rolling_one_step",8,1,5,2,3.7238320563637,NA,1.88892427398872,1.07441055245243,0.320871216606599,NA,NA,2.9715969585471,1.7238320563637
5,"poisson_glm","rolling_one_step",8,1,5,2,3.83345711933533,NA,1.94265175396924,1.1945405125956,0.237064022999002,NA,NA,3.36156500844141,1.83345711933533
5,"inad_unconstrained","rolling_one_step",8,1,6,3,5.94,0.291571846058808,2.6740204525159,1.73200765578201,0.128806393987432,1,1,8.6436,2.94
5,"inad_constrained_alpha","rolling_one_step",8,1,6,3,5.2,0.319722101554181,2.19654684094972,1.24314523125539,0.293637795937011,1,1,4.84,2.2
5,"nb_glm","rolling_one_step",8,1,6,3,4.36603397946686,NA,1.97904251257221,0.923110284262609,0.281367573286521,NA,NA,1.86604883305807,1.36603397946686
5,"poisson_glm","rolling_one_step",8,1,6,3,4.51678114305532,NA,1.88336278777447,0.968414329651764,0.209573124325771,NA,NA,2.30062503592819,1.51678114305532
5,"inad_unconstrained","rolling_one_step",8,1,7,8,4.62,0.339571923028231,3.18661496264998,1.99753656275195,0.786443982317769,1,1,11.4244,3.38
5,"inad_constrained_alpha","rolling_one_step",8,1,7,8,4.9,0.387559053825375,2.9874334707393,2.014113125,0.758603727245141,1,1,9.61,3.1
5,"nb_glm","rolling_one_step",8,1,7,8,5.12880428529718,NA,2.82592936510562,1.73989901564814,0.731427274989706,NA,NA,8.24376483212786,2.87119571470282
5,"poisson_glm","rolling_one_step",8,1,7,8,5.21732274597976,NA,2.66909979760502,1.57951906255011,0.781414793553343,NA,NA,7.74329270004163,2.78267725402024
5,"inad_unconstrained","rolling_one_step",8,1,8,3,2.18,0.260682863946895,2.32925334007621,0.924314727608495,0.718080426867103,1,1,0.6724,0.82
5,"inad_constrained_alpha","rolling_one_step",8,1,8,3,3.06,0.341955162752858,1.988764574797,0.842345547256536,0.502531371398442,1,1,0.00360000000000001,0.0600000000000001
5,"nb_glm","rolling_one_step",8,1,8,3,3.20451868787672,NA,1.86260146979065,0.633062884861878,0.486214945443627,NA,NA,0.0418278936908139,0.204518687876717
5,"poisson_glm","rolling_one_step",8,1,8,3,3.21265648409461,NA,1.61513585143919,0.512656396057765,0.391666227176445,NA,NA,0.0452227802274804,0.212656484094608
5,"inad_unconstrained","rolling_one_step",8,1,9,10,3.86,0.253867061369696,4.02925309664136,4.49183821755815,0.981463350922372,0,0,37.6996,6.14
5,"inad_constrained_alpha","rolling_one_step",8,1,9,10,4.04,0.32471277128931,4.77068462446567,4.09061802642919,0.882814875577529,0,1,35.5216,5.96
5,"nb_glm","rolling_one_step",8,1,9,10,4.88913701374969,NA,3.39114831206856,3.31801967090625,0.888747259018404,NA,NA,26.1209204642234,5.11086298625031
5,"poisson_glm","rolling_one_step",8,1,9,10,4.9661480449057,NA,3.75180548019513,3.39603438627158,0.915473583439939,NA,NA,25.3396655058067,5.0338519550943
5,"inad_unconstrained","rolling_one_step",8,1,10,15,7.18,0.354873714911873,4.11404963330143,5.26569777248992,0.928136744571062,0,0,61.1524,7.82
5,"inad_constrained_alpha","rolling_one_step",8,1,10,15,5.92,0.350664592688878,4.08935702071106,6.56156488888889,0.948408819016283,0,1,82.4464,9.08
5,"nb_glm","rolling_one_step",8,1,10,15,5.86473208994683,NA,4.19961068795642,6.23706218675058,0.923449994204016,NA,NA,83.4531197884473,9.13526791005317
5,"poisson_glm","rolling_one_step",8,1,10,15,5.99079483035479,NA,4.7271254542235,6.52523926249497,0.948552221529174,NA,NA,81.165777788762,9.00920516964521
5,"inad_unconstrained","rolling_one_step",8,1,11,13,9.64,0.414270686894694,2.72403087309056,2.12493020027761,0.767549621836203,1,1,11.2896,3.36
5,"inad_constrained_alpha","rolling_one_step",8,1,11,13,7.2,0.401763788082178,3.00396277269051,3.73312156678312,0.863265074796375,1,1,33.64,5.8
5,"nb_glm","rolling_one_step",8,1,11,13,6.40626130360111,NA,3.64530032100975,4.17158667419949,0.869705203094092,NA,NA,43.4773899963881,6.59373869639889
5,"poisson_glm","rolling_one_step",8,1,11,13,6.56190045979849,NA,4.13996234629539,4.30470607998056,0.919593785571623,NA,NA,41.4491256895429,6.43809954020151
5,"inad_unconstrained","rolling_one_step",8,1,12,7,8,0.320983337620978,2.2133539592661,0.975044458333333,0.413826598403975,1,1,1,1
5,"inad_constrained_alpha","rolling_one_step",8,1,12,7,6.65,0.434700640055483,2.42933679863319,1.12876919249181,0.587735488672578,1,1,0.1225,0.35
5,"nb_glm","rolling_one_step",8,1,12,7,6.2828492661095,NA,2.5181380253098,1.15343025310771,0.576361707131002,NA,NA,0.514305175119687,0.717150733890503
5,"poisson_glm","rolling_one_step",8,1,12,7,6.43161166303037,NA,2.08348622395339,0.797662135173242,0.604675620819555,NA,NA,0.3230653016031,0.568388336969629
5,"inad_unconstrained","rolling_one_step",9,1,1,2,3.92,0.275123480082906,1.90235103430343,1.06947128922495,0.192268402261578,1,1,3.6864,1.92
5,"inad_constrained_alpha","rolling_one_step",9,1,1,2,4.83,0.320055235131928,2.03624994309706,1.50400715665874,0.104999633557163,1,1,8.0089,2.83
5,"nb_glm","rolling_one_step",9,1,1,2,4.34680435254968,NA,2.01434299433125,1.29306125694139,0.207173140630851,NA,NA,5.50749066914614,2.34680435254968
5,"poisson_glm","rolling_one_step",9,1,1,2,4.31441448216135,NA,2.1455316651156,1.43666250238166,0.191231808261661,NA,NA,5.35651439523817,2.31441448216135
5,"inad_unconstrained","rolling_one_step",9,1,2,15,5.95,0.371286325298327,4.07254990239468,6.65973739586326,0.944057051650844,0,1,81.9025,9.05
5,"inad_constrained_alpha","rolling_one_step",9,1,2,15,6.6,0.331814722550115,4.07254990239468,6.22368273484631,0.968463081812498,0,0,70.56,8.4
5,"nb_glm","rolling_one_step",9,1,2,15,5.69564003621715,NA,4.20292928755611,7.03346079968412,0.98245343006894,NA,NA,86.5711143356452,9.30435996378285
5,"poisson_glm","rolling_one_step",9,1,2,15,5.70074796769241,NA,4.71576983512207,7.3504614406847,0.986452625998573,NA,NA,86.4760883603769,9.29925203230759
5,"inad_unconstrained","rolling_one_step",9,1,3,9,4.22,0.280900428096951,3.67386666172475,3.08477853258951,0.884750384806788,0,1,22.8484,4.78
5,"inad_constrained_alpha","rolling_one_step",9,1,3,9,5.08,0.315485836657231,2.79914513960121,2.5049766646849,0.844063784162321,1,1,15.3664,3.92
5,"nb_glm","rolling_one_step",9,1,3,9,4.74817333357787,NA,3.17456621485102,2.63325572078997,0.829880633269474,NA,NA,18.0780300012983,4.25182666642213
5,"poisson_glm","rolling_one_step",9,1,3,9,4.72570988924673,NA,3.41812060262526,2.72113690279505,0.887128732321169,NA,NA,18.2695559508832,4.27429011075327
5,"inad_unconstrained","rolling_one_step",9,1,4,9,4.29,0.293806436658937,3.65691710341098,3.06308284754182,0.875238325055649,0,1,22.1841,4.71
5,"inad_constrained_alpha","rolling_one_step",9,1,4,9,4.02,0.277062513457949,3.15327854238239,3.24340508474576,0.884690296794998,0,1,24.8004,4.98
5,"nb_glm","rolling_one_step",9,1,4,9,4.5598862801366,NA,3.23403787557963,2.8070217442856,0.848116131132479,NA,NA,19.7146098453192,4.4401137198634
5,"poisson_glm","rolling_one_step",9,1,4,9,4.53262621448739,NA,3.54202046265372,2.92296308344027,0.910351530874406,NA,NA,19.9574285394853,4.46737378551261
5,"inad_unconstrained","rolling_one_step",9,1,5,4,3.7,0.249646214317847,2.53012425578129,0.689212557710065,0.595542333588217,1,1,0.0899999999999999,0.3
5,"inad_constrained_alpha","rolling_one_step",9,1,5,4,4.67,0.336366502854289,1.92810353040585,0.831053397012353,0.489555341174858,1,1,0.4489,0.67
5,"nb_glm","rolling_one_step",9,1,5,4,3.80135161313181,NA,2.04995867377526,0.715199119420738,0.582003074238089,NA,NA,0.039461181605336,0.198648386868195
5,"poisson_glm","rolling_one_step",9,1,5,4,3.7573800223153,NA,1.74630199074192,0.539727646949062,0.484501584734243,NA,NA,0.0588644535717225,0.242619977684696
5,"inad_unconstrained","rolling_one_step",9,1,6,3,4.58,0.311782104695059,1.87091274205758,0.952543191611605,0.34420836344164,1,1,2.4964,1.58
5,"inad_constrained_alpha","rolling_one_step",9,1,6,3,4.24,0.309486378023037,2.04483368678845,0.911236014318066,0.294761885943082,1,1,1.5376,1.24
5,"nb_glm","rolling_one_step",9,1,6,3,4.09951644336481,NA,1.9421188372212,0.835814610674898,0.405808397791379,NA,NA,1.20893640922961,1.09951644336481
5,"poisson_glm","rolling_one_step",9,1,6,3,4.06158982370629,NA,1.75398678847309,0.75905752720799,0.325752015163953,NA,NA,1.12697295379676,1.06158982370629
5,"inad_unconstrained","rolling_one_step",9,1,7,2,6.01,0.452265900156583,2.4372419781403,2.56191009362019,0.164355805103271,1,1,16.0801,4.01
5,"inad_constrained_alpha","rolling_one_step",9,1,7,2,6.6,0.375513116961447,2.82467844160638,2.79628233881788,0.116672645163675,1,1,21.16,4.6
5,"nb_glm","rolling_one_step",9,1,7,2,6.98556328579119,NA,2.78545890974676,3.26662780773495,0.103825798600635,NA,NA,24.8558412766291,4.98556328579119
5,"poisson_glm","rolling_one_step",9,1,7,2,6.88431674248267,NA,3.60576998376349,3.68941497807669,0.0388949074114797,NA,NA,23.8565500408965,4.88431674248267
5,"inad_unconstrained","rolling_one_step",9,1,8,9,5.59,0.368753017450417,2.9874334707393,2.06552760416667,0.803415424686216,1,1,11.6281,3.41
5,"inad_constrained_alpha","rolling_one_step",9,1,8,9,5.07,0.322006022906216,3.36840755883916,2.49121138870626,0.839409703181153,1,1,15.4449,3.93
5,"nb_glm","rolling_one_step",9,1,8,9,5.64623140467486,NA,2.9285051883967,2.07208168708365,0.771877825609127,NA,NA,11.2477637909891,3.35376859532514
5,"poisson_glm","rolling_one_step",9,1,8,9,5.52781061908341,NA,2.94196972737207,2.07817902520988,0.863709300267718,NA,NA,12.0560990969499,3.47218938091659
5,"inad_unconstrained","rolling_one_step",9,1,9,5,6.23,0.387651566969279,2.03026430570375,1.00756285940908,0.355068484625204,1,1,1.5129,1.23
5,"inad_constrained_alpha","rolling_one_step",9,1,9,5,7.12,0.392165704000158,2.15572084803682,1.21762124428917,0.312140331764889,1,1,4.4944,2.12
5,"nb_glm","rolling_one_step",9,1,9,5,7.36337769351549,NA,2.39624878339591,1.46456798125375,0.33788450506932,NA,NA,5.58555412220659,2.36337769351549
5,"poisson_glm","rolling_one_step",9,1,9,5,7.2685107620349,NA,2.2546398036554,1.44174148127777,0.234411911138228,NA,NA,5.14614107746817,2.2685107620349
5,"inad_unconstrained","rolling_one_step",9,1,10,17,7.16,0.400686279961637,4.81218435537242,6.94932938065966,0.950200247442183,0,0,96.8256,9.84
5,"inad_constrained_alpha","rolling_one_step",9,1,10,17,9.31,0.401687098688177,3.00396277269051,5.32277180193496,0.934165412110685,0,1,59.1361,7.69
5,"nb_glm","rolling_one_step",9,1,10,17,8.12438718162655,NA,3.90332918871919,6.14707644386264,0.936512140451517,NA,NA,78.7765029016751,8.87561281837345
5,"poisson_glm","rolling_one_step",9,1,10,17,8.04419749232923,NA,4.60890651738399,6.59655652108836,0.962701876237893,NA,NA,80.2063985564021,8.95580250767077
5,"inad_unconstrained","rolling_one_step",9,1,11,14,7.02,0.401255605077438,3.68223491139527,4.55448091666667,0.919311170594185,0,1,48.7204,6.98
5,"inad_constrained_alpha","rolling_one_step",9,1,11,14,8.35,0.410807286038875,3.7622776190688,3.38312653846154,0.842961858147863,0,1,31.9225,5.65
5,"nb_glm","rolling_one_step",9,1,11,14,7.84455973929873,NA,3.53519275891595,3.55507878187523,0.817358515662609,NA,NA,37.8894448030621,6.15544026070127
5,"poisson_glm","rolling_one_step",9,1,11,14,7.75869955370636,NA,3.98496974450849,3.78705757887872,0.880949927735734,NA,NA,38.9538312609052,6.24130044629364
5,"inad_unconstrained","rolling_one_step",9,1,12,4,5.47,0.378581883380917,2.68253114218381,1.10575395719621,0.41772388689587,1,1,2.1609,1.47
5,"inad_constrained_alpha","rolling_one_step",9,1,12,4,6.77,0.408954073635946,2.5006395210069,1.69653027298566,0.282409224602795,1,1,7.6729,2.77
5,"nb_glm","rolling_one_step",9,1,12,4,6.77289967802844,NA,2.35669953160164,1.64804457897526,0.237555406068794,NA,NA,7.68897262441022,2.77289967802844
5,"poisson_glm","rolling_one_step",9,1,12,4,6.6683431465471,NA,2.36359399964458,1.72354325455224,0.164676144266937,NA,NA,7.12005514772487,2.6683431465471
5,"inad_unconstrained","rolling_one_step",10,1,1,4,2.44,0.157838941054264,2.30258509299405,0.987322619917214,0.881955959067873,1,1,2.4336,1.56
5,"inad_constrained_alpha","rolling_one_step",10,1,1,4,2.86,0.197979694908239,2.0612300046159,0.804502865027189,0.803161759245511,1,1,1.2996,1.14
5,"nb_glm","rolling_one_step",10,1,1,4,3.4065956170362,NA,1.99231023945037,0.697498842561877,0.662014263134708,NA,NA,0.352128761720645,0.593404382963797
5,"poisson_glm","rolling_one_step",10,1,1,4,3.4666760399838,NA,1.71217160176614,0.528085851053443,0.619005181854945,NA,NA,0.284434446327359,0.533323960016198
5,"inad_unconstrained","rolling_one_step",10,1,2,9,8.68,0.339898974890059,2.2216527620808,0.888197513831022,0.544407434775071,1,1,0.1024,0.32
5,"inad_constrained_alpha","rolling_one_step",10,1,2,9,6.2,0.292671429518779,2.99573227355399,1.74163337203743,0.775652565559534,1,1,7.84,2.8
5,"nb_glm","rolling_one_step",10,1,2,9,5.286242873975,NA,3.02675699297442,2.23614779094939,0.785255188482327,NA,NA,13.7919919911015,3.713757126025
5,"poisson_glm","rolling_one_step",10,1,2,9,5.45322940332636,NA,2.99026319433678,2.10408797379396,0.836877302674032,NA,NA,12.5795816654287,3.54677059667364
5,"inad_unconstrained","rolling_one_step",10,1,3,8,6.14,0.300847288352564,2.18803615128181,1.22833929432391,0.755061222851022,1,1,3.4596,1.86
5,"inad_constrained_alpha","rolling_one_step",10,1,3,8,4.68,0.298440390474659,2.48424571123122,1.92787623796189,0.812265848379721,1,1,11.0224,3.32
5,"nb_glm","rolling_one_step",10,1,3,8,4.67270758206145,NA,2.93578928332054,1.98028819591276,0.777276998780238,NA,NA,11.0708748344714,3.32729241793855
5,"poisson_glm","rolling_one_step",10,1,3,8,4.80191851638433,NA,2.87642323633669,1.86122594545191,0.808711846057512,NA,NA,10.2277251758454,3.19808148361567
5,"inad_unconstrained","rolling_one_step",10,1,4,1,5.51,0.271730332751744,3.3424320724359,3.01431610495537,0.0460481941057859,0,1,20.3401,4.51
5,"inad_constrained_alpha","rolling_one_step",10,1,4,1,5.14,0.26170381901854,3.35982381514777,2.80195896254459,0.0528648485928565,0,1,17.1396,4.14
5,"nb_glm","rolling_one_step",10,1,4,1,4.67270758206145,NA,2.4045229296518,2.18876751764603,0.069092117493521,NA,NA,13.4887809833317,3.67270758206145
5,"poisson_glm","rolling_one_step",10,1,4,1,4.80191851638433,NA,3.14728361138459,2.65826598967322,0.0334495111829184,NA,NA,14.454584405226,3.80191851638433
5,"inad_unconstrained","rolling_one_step",10,1,5,4,3.9,0.243086217402199,1.66449768961713,0.579835491071429,0.532632425449057,1,1,0.01,0.1
5,"inad_constrained_alpha","rolling_one_step",10,1,5,4,3.55,0.213851170752753,1.71331143897035,0.545407405931122,0.698790267418808,1,1,0.2025,0.45
5,"nb_glm","rolling_one_step",10,1,5,4,3.89540515125092,NA,1.97574465828495,0.642128378621736,0.611859614845121,NA,NA,0.0109400823848424,0.104594848749077
5,"poisson_glm","rolling_one_step",10,1,5,4,3.98061341228177,NA,1.68439027515607,0.481897965928281,0.501502841323794,NA,NA,0.000375839783356729,0.0193865877182327
5,"inad_unconstrained","rolling_one_step",10,1,6,5,3.11,0.199441138376133,2.16206066487855,1.17797733918129,0.829207173711375,1,1,3.5721,1.89
5,"inad_constrained_alpha","rolling_one_step",10,1,6,5,3.43,0.227970846975457,2.42465361402898,1.00370026931363,0.725805381757142,1,1,2.4649,1.57
5,"nb_glm","rolling_one_step",10,1,6,5,3.67379715669838,NA,2.26446420092262,0.979246179625567,0.713699623269193,NA,NA,1.75881398158131,1.32620284330162
5,"poisson_glm","rolling_one_step",10,1,6,5,3.74734949418515,NA,1.98458321060032,0.793408661754136,0.68820960842495,NA,NA,1.5691332897182,1.25265050581485
5,"inad_unconstrained","rolling_one_step",10,1,7,0,3.97,0.286904411632414,2.53885793575005,2.53766995085066,0.0422088394463062,0,1,15.7609,3.97
5,"inad_constrained_alpha","rolling_one_step",10,1,7,0,4.28,0.277098968572311,2.43338729399773,2.87958301701323,0.0444522340859327,0,1,18.3184,4.28
5,"nb_glm","rolling_one_step",10,1,7,0,4.69187705956614,NA,3.1101024501747,3.06648135602198,0.0412086782653791,NA,NA,22.0137103420831,4.69187705956614
5,"poisson_glm","rolling_one_step",10,1,7,0,4.718134882773,NA,4.10161468373715,3.53460306250327,0.0129110994077686,NA,NA,22.2607967720394,4.718134882773
5,"inad_unconstrained","rolling_one_step",10,1,8,10,6.89,0.312337230336932,3.15327854238239,2.06268904768745,0.782181281395635,1,1,9.6721,3.11
5,"inad_constrained_alpha","rolling_one_step",10,1,8,10,6.45,0.346810867444747,2.58141755016884,2.11387797916667,0.759969061383745,1,1,12.6025,3.55
5,"nb_glm","rolling_one_step",10,1,8,10,6.43568300290627,NA,2.97762702748227,2.25857601185894,0.788863400308356,NA,NA,12.7043556557712,3.56431699709373
5,"poisson_glm","rolling_one_step",10,1,8,10,6.53539557636091,NA,2.87923123626336,2.0877459842393,0.858616553876591,NA,NA,12.0034838122995,3.46460442363909
5,"inad_unconstrained","rolling_one_step",10,1,9,1,5.08,0.261186105714262,2.25090057079825,2.67411605293006,0.0663244404387255,1,1,16.6464,4.08
5,"inad_constrained_alpha","rolling_one_step",10,1,9,1,5.16,0.279508948918013,4.05545546903538,2.74165769916766,0.0360462153153815,0,1,17.3056,4.16
5,"nb_glm","rolling_one_step",10,1,9,1,5.62811021166683,NA,2.71043056131585,2.75313314928481,0.0593033916197024,NA,NA,21.4194041313348,4.62811021166683
5,"poisson_glm","rolling_one_step",10,1,9,1,5.69161003841354,NA,3.67457046077927,3.35519438151997,0.0233555871081471,NA,NA,22.0112047525427,4.69161003841354
5,"inad_unconstrained","rolling_one_step",10,1,10,7,10.63,0.398140881618758,2.73212808332318,2.08669748309053,0.181137176609951,1,1,13.1769,3.63
5,"inad_constrained_alpha","rolling_one_step",10,1,10,7,8.58,0.325725297907561,2.47594690841653,1.10712440277778,0.341131694993489,1,1,2.4964,1.58
5,"nb_glm","rolling_one_step",10,1,10,7,7.50930842133261,NA,2.48942005006441,1.15612620184694,0.496636136423757,NA,NA,0.259395068040318,0.509308421332612
5,"poisson_glm","rolling_one_step",10,1,10,7,7.66220495853276,NA,2.07222795030131,0.848512795743611,0.453464714238862,NA,NA,0.438515407105371,0.662204958532757
5,"inad_unconstrained","rolling_one_step",10,1,11,11,9.92,0.39509109037913,2.86583651409989,1.26896096514048,0.618724345965311,1,1,1.1664,1.08
5,"inad_constrained_alpha","rolling_one_step",10,1,11,11,8.1,0.350900716914789,2.57304930049833,1.80331389026199,0.795497725289785,1,1,8.41,2.9
5,"nb_glm","rolling_one_step",10,1,11,11,7.15840100501558,NA,3.07717822464919,2.35389045895381,0.762389524150744,NA,NA,14.7578828382653,3.84159899498442
5,"poisson_glm","rolling_one_step",10,1,11,11,7.29332763701559,NA,2.97271131499828,2.16446145249422,0.815974811716518,NA,NA,13.7394200065125,3.70667236298441
5,"inad_unconstrained","rolling_one_step",10,1,12,2,4.99,0.270985854489369,2.24216689082949,1.68175170052324,0.103536147232118,1,1,8.9401,2.99
5,"inad_constrained_alpha","rolling_one_step",10,1,12,2,4.39,0.240325957101112,1.5823738424426,1.28920569347639,0.172045342597896,1,1,5.7121,2.39
5,"nb_glm","rolling_one_step",10,1,12,2,5.36511054481162,NA,2.23273955966148,1.69333000675405,0.197547391062543,NA,NA,11.3239689788024,3.36511054481162
5,"poisson_glm","rolling_one_step",10,1,12,2,5.4176019849286,NA,2.70750010574509,2.16775934480608,0.0702185791956061,NA,NA,11.6800033273879,3.4176019849286
5,"inad_unconstrained","rolling_one_step",11,1,1,4,2.99,0.222245200832165,1.90235103430343,0.735984990548204,0.713357334047394,1,1,1.0201,1.01
5,"inad_constrained_alpha","rolling_one_step",11,1,1,4,2.73,0.22240876009199,2.22446731373009,0.884874976084184,0.748241464881305,1,1,1.6129,1.27
5,"nb_glm","rolling_one_step",11,1,1,4,3.11166270461405,NA,2.08300892843316,0.761101322277169,0.692142764517225,NA,NA,0.789143150373622,0.888337295385949
5,"poisson_glm","rolling_one_step",11,1,1,4,3.16370064084818,NA,1.80999299986718,0.606281700422009,0.610593743770079,NA,NA,0.699396618117741,0.836299359151818
5,"inad_unconstrained","rolling_one_step",11,1,2,3,4.71,0.322332095513276,1.91100909704655,0.992446707788347,0.366818821396968,1,1,2.9241,1.71
5,"inad_constrained_alpha","rolling_one_step",11,1,2,3,4.55,0.289679376922385,1.6995890094284,0.908369612068966,0.332415305657376,1,1,2.4025,1.55
5,"nb_glm","rolling_one_step",11,1,2,3,3.73257449433694,NA,1.88133282329403,0.692548108734682,0.433739595966808,NA,NA,0.536665389753019,0.732574494336937
5,"poisson_glm","rolling_one_step",11,1,2,3,3.81645518268944,NA,1.68128643366727,0.62989294640828,0.316468871173808,NA,NA,0.666599065340455,0.816455182689445
5,"inad_unconstrained","rolling_one_step",11,1,3,9,3.87,0.252124307964676,3.35116575240466,3.49666285822306,0.942655489275657,0,1,26.3169,5.13
5,"inad_constrained_alpha","rolling_one_step",11,1,3,9,4.88,0.342975688981483,2.68253114218381,2.61623599540362,0.779190984570236,1,1,16.9744,4.12
5,"nb_glm","rolling_one_step",11,1,3,9,3.63076225810888,NA,3.66531904482589,3.54289220661203,0.909227650603786,NA,NA,28.8287139289481,5.36923774189112
5,"poisson_glm","rolling_one_step",11,1,3,9,3.70917451811207,NA,4.12562106989389,3.63595781079059,0.935356631633804,NA,NA,27.9928342797947,5.29082548188793
5,"inad_unconstrained","rolling_one_step",11,1,4,0,2.32,0.206402568302868,1.64647918411445,1.2813160661157,0.0900940578574823,1,1,5.3824,2.32
5,"inad_constrained_alpha","rolling_one_step",11,1,4,0,2.26,0.231647590232677,1.47726613932562,1.29051431379962,0.0906113634675579,1,1,5.1076,2.26
5,"nb_glm","rolling_one_step",11,1,4,0,2.44646543702018,NA,2.01476946893887,1.57152670127883,0.0525736541694335,NA,NA,5.98519313453436,2.44646543702018
5,"poisson_glm","rolling_one_step",11,1,4,0,2.46890736604219,NA,2.48813829872565,1.74427035241918,0.0821415790347788,NA,NA,6.09550358209739,2.46890736604219
5,"inad_unconstrained","rolling_one_step",11,1,5,1,2.62,0.240697639239261,2.03624994309706,0.969244307372176,0.179885902622361,1,1,2.6244,1.62
5,"inad_constrained_alpha","rolling_one_step",11,1,5,1,2.93,0.234522941523873,1.81872698888701,1.01046525031888,0.248725754195912,1,1,3.7249,1.93
5,"nb_glm","rolling_one_step",11,1,5,1,3.11166270461405,NA,1.83763040371602,1.23746306800338,0.223663349886885,NA,NA,4.45911937805793,2.11166270461405
5,"poisson_glm","rolling_one_step",11,1,5,1,3.16370064084818,NA,2.0790003941844,1.40922159612602,0.0644832590830734,NA,NA,4.68160046320683,2.16370064084818
5,"inad_unconstrained","rolling_one_step",11,1,6,1,3.58,0.295822769764451,2.11387373810132,1.46847762436993,0.16373299683289,1,1,6.6564,2.58
5,"inad_constrained_alpha","rolling_one_step",11,1,6,1,2.93,0.252764512916467,1.48592420206873,1.01786556926278,0.1046650183414,1,1,3.7249,1.93
5,"nb_glm","rolling_one_step",11,1,6,1,3.26419754016757,NA,1.904116854557,1.35554179061244,0.2181881329027,NA,NA,5.12659050090086,2.26419754016757
5,"poisson_glm","rolling_one_step",11,1,6,1,3.32371229486401,NA,2.19022161599564,1.54923923988618,0.0551233366759796,NA,NA,5.39963882930217,2.32371229486401
5,"inad_unconstrained","rolling_one_step",11,1,7,2,3.53,0.331648773691249,2.03624994309706,0.984490658442331,0.312738683280045,1,1,2.3409,1.53
5,"inad_constrained_alpha","rolling_one_step",11,1,7,2,3.3,0.452267016866645,2.03261622914134,1.39409878212225,0.40214545101489,1,1,1.69,1.3
5,"nb_glm","rolling_one_step",11,1,7,2,2.80898328927392,NA,1.79305419079509,1.07907158010599,0.25886258042204,NA,NA,0.654453962324455,0.808983289273923
5,"poisson_glm","rolling_one_step",11,1,7,2,2.78546114458983,NA,1.6493266475527,1.01385843229359,0.336505618864381,NA,NA,0.616949209660373,0.785461144589835
5,"inad_unconstrained","rolling_one_step",11,1,8,5,5.96,0.40524839620443,2.76387678163776,1.23343126220703,0.40046938802283,1,1,0.9216,0.96
5,"inad_constrained_alpha","rolling_one_step",11,1,8,5,6.39,0.41920921225131,2.49247621036774,1.09231107901102,0.41842363153987,1,1,1.9321,1.39
5,"nb_glm","rolling_one_step",11,1,8,5,5.27107868000997,NA,2.28480003987401,1.06678460440096,0.482570129075522,NA,NA,0.0734836507559493,0.271078680009973
5,"poisson_glm","rolling_one_step",11,1,8,5,5.32989870373835,NA,1.93218745205185,0.833418747314739,0.478118922206235,NA,NA,0.108833154728244,0.329898703738351
5,"inad_unconstrained","rolling_one_step",11,1,9,10,3.79,0.41445960922238,3.7622776190688,3.59359535502959,0.790217924905977,0,1,38.5641,6.21
5,"inad_constrained_alpha","rolling_one_step",11,1,9,10,3.34,0.411751616802404,3.76994049181437,3.8329957694773,0.818247090527354,0,1,44.3556,6.66
5,"nb_glm","rolling_one_step",11,1,9,10,3.36949739604343,NA,4.21912274972548,3.88893605698248,0.838473168193817,NA,NA,43.9635647810748,6.63050260395657
5,"poisson_glm","rolling_one_step",11,1,9,10,3.36017494329043,NA,4.71191708967856,4.05324451644602,0.852529886185739,NA,NA,44.0872767837082,6.63982505670957
5,"inad_unconstrained","rolling_one_step",11,1,10,11,5.32,0.42755589155576,4.10588632266227,3.73026089760817,0.842882406551937,1,1,32.2624,5.68
5,"inad_constrained_alpha","rolling_one_step",11,1,10,11,5.25,0.440242128053565,3.79258296856413,3.28455633214524,0.770583840773802,0,1,33.0625,5.75
5,"nb_glm","rolling_one_step",11,1,10,11,4.84838461106532,NA,3.80480749927501,3.4026599193531,0.800863401474757,NA,NA,37.842371893378,6.15161538893468
5,"poisson_glm","rolling_one_step",11,1,10,11,4.88980406805006,NA,4.35123844210106,3.54799019571734,0.83825578015664,NA,NA,37.3344943268176,6.11019593194994
5,"inad_unconstrained","rolling_one_step",11,1,11,5,6,0.332422999362334,2.12238442776923,0.86935623384085,0.393402452793375,1,1,1,1
5,"inad_constrained_alpha","rolling_one_step",11,1,11,5,6.37,0.412348533562705,2.1474903489003,1.11029056075405,0.441815418328066,1,1,1.8769,1.37
5,"nb_glm","rolling_one_step",11,1,11,5,5.39285127264332,NA,2.230225610366,0.909336121052892,0.441447667451587,NA,NA,0.154332122417474,0.392851272643317
5,"poisson_glm","rolling_one_step",11,1,11,5,5.45689128261749,NA,1.88470251431506,0.694423331439255,0.371011753582511,NA,NA,0.208749644131855,0.45689128261749
5,"inad_unconstrained","rolling_one_step",11,1,12,1,3.56,0.337345550144092,1.77393606078678,1.39827893510345,0.257542426245592,1,1,6.5536,2.56
5,"inad_constrained_alpha","rolling_one_step",11,1,12,1,2.68,0.255793477302106,1.7823303789392,0.897714065866421,0.292738526501293,1,1,2.8224,1.68
5,"nb_glm","rolling_one_step",11,1,12,1,3.74788713728478,NA,2.10285506688162,1.71352992073398,0.119748507271725,NA,NA,7.55088371925515,2.74788713728478
5,"poisson_glm","rolling_one_step",11,1,12,1,3.74986586393497,NA,2.48575844547852,1.91953775313981,0.0682331611589705,NA,NA,7.56176226963483,2.74986586393497
5,"inad_unconstrained","rolling_one_step",12,1,1,0,3.01,0.24015777642158,2.08789825169806,1.86031759772238,0.0357270794836682,1,1,9.0601,3.01
5,"inad_constrained_alpha","rolling_one_step",12,1,1,0,3.53,0.252844424558468,2.65677864608139,2.32375309640832,0.0048726951623052,0,1,12.4609,3.53
5,"nb_glm","rolling_one_step",12,1,1,0,3.25512151344116,NA,2.46772364256691,2.12628870065172,0.0124118943287275,NA,NA,10.5958160672675,3.25512151344116
5,"poisson_glm","rolling_one_step",12,1,1,0,3.2740822465341,NA,3.1715258572531,2.38366566222882,0.0138325262346485,NA,NA,10.7196145570698,3.2740822465341
5,"inad_unconstrained","rolling_one_step",12,1,2,9,2.94,0.229545004500009,4.02925309664136,4.48873841334482,0.963003344513966,0,0,36.7236,6.06
5,"inad_constrained_alpha","rolling_one_step",12,1,2,9,2.91,0.256666666666667,3.62213098732556,4.47382926619156,0.949358683917424,0,1,37.0881,6.09
5,"nb_glm","rolling_one_step",12,1,2,9,3.06993899131329,NA,3.94877605754317,4.42747562472248,0.957714313603371,NA,NA,35.1656235667464,5.93006100868671
5,"poisson_glm","rolling_one_step",12,1,2,9,3.08222104980479,NA,4.44934418359602,4.567635557248,0.972475218199893,NA,NA,35.0201077033735,5.91777895019521
5,"inad_unconstrained","rolling_one_step",12,1,3,5,4.93,0.247922682636455,1.89361735433468,0.624726446598954,0.44837592477273,1,1,0.00490000000000004,0.0700000000000003
5,"inad_constrained_alpha","rolling_one_step",12,1,3,5,4.84,0.302421206033218,2.26814237723276,0.781816553437066,0.501957590327276,1,1,0.0256,0.16
5,"nb_glm","rolling_one_step",12,1,3,5,3.90465956320446,NA,2.25740951534822,0.910938489066837,0.69454042934078,NA,NA,1.19977067247944,1.09534043679554
5,"poisson_glm","rolling_one_step",12,1,3,5,3.94961141297698,NA,1.9538648177902,0.717396984921285,0.633329345505701,NA,NA,1.10331618374821,1.05038858702302
5,"inad_unconstrained","rolling_one_step",12,1,4,1,1.99,0.170261237188295,1.59080524432281,0.57821876104705,0.315940902731381,1,1,0.9801,0.99
5,"inad_constrained_alpha","rolling_one_step",12,1,4,1,1.84,0.213068016834953,1.45972182967471,0.539268196413188,0.361614250256927,1,1,0.7056,0.84
5,"nb_glm","rolling_one_step",12,1,4,1,2.13352534236542,NA,1.45011301303668,0.641069597202581,0.396470396631661,NA,NA,1.28487970178463,1.13352534236542
5,"poisson_glm","rolling_one_step",12,1,4,1,2.11804027259654,NA,1.44168200750822,0.661914587589596,0.132909302235364,NA,NA,1.25001405114774,1.11804027259654
5,"inad_unconstrained","rolling_one_step",12,1,5,0,2.57,0.281143049249691,1.49450794576012,1.43867507487764,0.0815740901341017,1,1,6.6049,2.57
5,"inad_constrained_alpha","rolling_one_step",12,1,5,0,2.64,0.234206159723704,1.63565581048816,1.5447594336719,0.0164304875218097,1,1,6.9696,2.64
5,"nb_glm","rolling_one_step",12,1,5,0,2.55925626647326,NA,2.09963288941193,1.70017965926259,0.0833407597059204,NA,NA,6.54979263748263,2.55925626647326
5,"poisson_glm","rolling_one_step",12,1,5,0,2.55504761453311,NA,2.58214729446668,1.85707935388003,0.000533750180563574,NA,NA,6.52826831253132,2.55504761453311
5,"inad_unconstrained","rolling_one_step",12,1,6,2,2.51,0.217188183542998,1.86694910725252,0.542709155101047,0.487850942764817,1,1,0.2601,0.51
5,"inad_constrained_alpha","rolling_one_step",12,1,6,2,2.42,0.19445858534439,1.49006883362208,0.471695982142857,0.555765186299021,1,1,0.1764,0.42
5,"nb_glm","rolling_one_step",12,1,6,2,2.55925626647326,NA,1.59615004616022,0.495595820493982,0.499157911111582,NA,NA,0.312767571589605,0.559256266473255
5,"poisson_glm","rolling_one_step",12,1,6,2,2.55504761453311,NA,1.43706321234643,0.444424388449519,0.332896752133418,NA,NA,0.308077854398893,0.555047614533108
5,"inad_unconstrained","rolling_one_step",12,1,7,1,4.33,0.384301806901657,1.82312630497756,2.056519392,0.10603081510473,1,1,11.0889,3.33
5,"inad_constrained_alpha","rolling_one_step",12,1,7,1,4.07,0.327295313474272,2.55609974218455,1.76024285923004,0.122953581159107,1,1,9.4249,3.07
5,"nb_glm","rolling_one_step",12,1,7,1,3.92067817390197,NA,2.21626568815276,2.03166746227382,0.0997930681347443,NA,NA,8.53036099550737,2.92067817390197
5,"poisson_glm","rolling_one_step",12,1,7,1,3.88069879098998,NA,2.62130949785485,2.20259497507498,0.0324000334926886,NA,NA,8.29842552441111,2.88069879098998
5,"inad_unconstrained","rolling_one_step",12,1,8,9,4.68,0.347248928265903,3.18661496264998,2.61933282719699,0.834783455075116,1,1,18.6624,4.32
5,"inad_constrained_alpha","rolling_one_step",12,1,8,9,4.61,0.348414880986633,3.17008566069877,2.71919539583333,0.841790357747581,1,1,19.2721,4.39
5,"nb_glm","rolling_one_step",12,1,8,9,4.70302366985664,NA,3.21665147889385,2.55807830896403,0.811052581934566,NA,NA,18.4640055818123,4.29697633014336
5,"poisson_glm","rolling_one_step",12,1,8,9,4.68138888430344,NA,3.47296792164167,2.64488159367019,0.872487609542671,NA,NA,18.6504019686179,4.31861111569656
5,"inad_unconstrained","rolling_one_step",12,1,9,9,6.32,0.392834815054867,2.84134549409159,1.73904645857523,0.744472151550711,1,1,7.1824,2.68
5,"inad_constrained_alpha","rolling_one_step",12,1,9,9,6.05,0.386482453506866,3.25779124111787,1.87163943243401,0.731178761319691,1,1,8.7025,2.95
5,"nb_glm","rolling_one_step",12,1,9,9,5.51409430877556,NA,3.04998053118184,1.99187662015967,0.722050666044132,NA,NA,12.151538488111,3.48590569122444
5,"poisson_glm","rolling_one_step",12,1,9,9,5.51585902168557,NA,3.03601557918339,1.91429708687289,0.775836871351834,NA,NA,12.1392383567698,3.48414097831443
5,"inad_unconstrained","rolling_one_step",12,1,10,3,6.7,0.416211873007394,2.39707593641497,2.12485217683418,0.127537968332276,1,1,13.69,3.7
5,"inad_constrained_alpha","rolling_one_step",12,1,10,3,6.32,0.361500799837052,2.46757865874601,1.91353467975425,0.186676895028986,1,1,11.0224,3.32
5,"nb_glm","rolling_one_step",12,1,10,3,5.64148105459493,NA,2.23488202302686,1.59155094135598,0.193620166835396,NA,NA,6.97742216178396,2.64148105459493
5,"poisson_glm","rolling_one_step",12,1,10,3,5.64728237526756,NA,2.34501863198252,1.74613932230896,0.137201506664864,NA,NA,7.00810397440226,2.64728237526756
5,"inad_unconstrained","rolling_one_step",12,1,11,14,4.67,0.3695629414278,4.77912349311153,6.79369192147447,0.935557253367557,0,1,87.0489,9.33
5,"inad_constrained_alpha","rolling_one_step",12,1,11,14,5.38,0.354987551353793,4.08098877104054,6.1529442412259,0.952386187878222,0,1,74.3044,8.62
5,"nb_glm","rolling_one_step",12,1,11,14,4.70302366985664,NA,4.3748894298763,6.84555525444989,0.967201624886868,NA,NA,86.4337688832458,9.29697633014336
5,"poisson_glm","rolling_one_step",12,1,11,14,4.68138888430344,NA,4.7533905038378,7.19303573555649,0.972420147936587,NA,NA,86.8365131255835,9.31861111569656
5,"inad_unconstrained","rolling_one_step",12,1,12,6,3.13,0.291860974237441,2.63923433643048,1.91736460960138,0.789245165048241,1,1,8.2369,2.87
5,"inad_constrained_alpha","rolling_one_step",12,1,12,6,3.27,0.319043709997375,3.65691710341098,1.84803860764117,0.775474411885803,1,1,7.4529,2.73
5,"nb_glm","rolling_one_step",12,1,12,6,3.5248433087176,NA,2.6495847558196,1.51201887057286,0.792496077389432,NA,NA,6.12640064640003,2.4751566912824
5,"poisson_glm","rolling_one_step",12,1,12,6,3.47741154299809,NA,2.60330366796216,1.48573261335089,0.805104455740025,NA,NA,6.36345252339926,2.52258845700191
5,"inad_unconstrained","recursive_multi_step",9,1,1,2,3.65,0.245515331044271,2.01004757070304,0.926904479599029,0.320401798438371,1,1,2.7225,1.65
5,"inad_constrained_alpha","recursive_multi_step",9,1,1,2,4.17,0.298499615078513,1.74840275878162,1.15839590517241,0.249227089464106,1,1,4.7089,2.17
5,"nb_glm","recursive_multi_step",9,1,1,2,4.34680435254968,NA,2.01434299433125,1.29306125694139,0.239523098292422,NA,NA,5.50749066914614,2.34680435254968
5,"poisson_glm","recursive_multi_step",9,1,1,2,4.31441448216135,NA,2.1455316651156,1.43666250238166,0.185389654155462,NA,NA,5.35651439523817,2.31441448216135
5,"inad_unconstrained","recursive_multi_step",9,1,2,15,5.83,0.413180568054914,4.17706260113017,5.62994535866208,0.881829104551171,0,0,84.0889,9.17
5,"inad_constrained_alpha","recursive_multi_step",9,1,2,15,7.31,0.388910677600288,3.68223491139527,5.39768367361111,0.921139154572816,0,1,59.1361,7.69
5,"nb_glm","recursive_multi_step",9,1,2,15,5.69564003621715,NA,4.31599910979793,5.67539800584115,0.877179834920015,NA,NA,86.5711143356452,9.30435996378285
5,"poisson_glm","recursive_multi_step",9,1,2,15,5.70074796769241,NA,4.82036521441006,6.02214616202736,0.888721827857846,NA,NA,86.4760883603769,9.29925203230759
5,"inad_unconstrained","recursive_multi_step",9,1,3,9,4.83,0.345257918523284,3.69053371420996,2.62214628099174,0.804006468664724,1,1,17.3889,4.17
5,"inad_constrained_alpha","recursive_multi_step",9,1,3,9,5.04,0.307784523865826,2.96211566275501,2.48699180363796,0.845709245889746,1,1,15.6816,3.96
5,"nb_glm","recursive_multi_step",9,1,3,9,4.74817333357787,NA,3.19230046748325,2.56075409801128,0.829193615570022,NA,NA,18.0780300012983,4.25182666642213
5,"poisson_glm","recursive_multi_step",9,1,3,9,4.72570988924673,NA,3.4347896846193,2.64531769605209,0.87306775499692,NA,NA,18.2695559508832,4.27429011075327
5,"inad_unconstrained","recursive_multi_step",9,1,4,9,4.15,0.340342964277702,4.10588632266227,3.21489692958882,0.839277765385646,0,1,23.5225,4.85
5,"inad_constrained_alpha","recursive_multi_step",9,1,4,9,4.52,0.290412454862724,3.17008566069877,2.77460020833333,0.85985117786983,0,1,20.0704,4.48
5,"nb_glm","recursive_multi_step",9,1,4,9,4.5598862801366,NA,3.26921929173903,2.65214797729799,0.83580236629743,NA,NA,19.7146098453192,4.4401137198634
5,"poisson_glm","recursive_multi_step",9,1,4,9,4.53262621448739,NA,3.57536181744051,2.76055699236763,0.883786228711855,NA,NA,19.9574285394853,4.46737378551261
5,"inad_unconstrained","recursive_multi_step",9,1,5,4,4.22,0.278734513996615,2.03624994309706,0.690583828775268,0.443963243761662,1,1,0.0483999999999999,0.22
5,"inad_constrained_alpha","recursive_multi_step",9,1,5,4,3.6,0.241627478536358,1.83642656598642,0.614340751000308,0.581924183012534,1,1,0.16,0.4
5,"nb_glm","recursive_multi_step",9,1,5,4,3.80135161313181,NA,2.0315622080872,0.6907847152865,0.598922583636616,NA,NA,0.039461181605336,0.198648386868195
5,"poisson_glm","recursive_multi_step",9,1,5,4,3.7573800223153,NA,1.72919948815437,0.519285567900443,0.486831853096069,NA,NA,0.0588644535717225,0.242619977684696
5,"inad_unconstrained","recursive_multi_step",9,1,6,3,4.1,0.366391081008291,1.87935161070345,0.849342306334299,0.483520069799343,1,1,1.21,1.1
5,"inad_constrained_alpha","recursive_multi_step",9,1,6,3,4.31,0.289790938227523,1.63410951684178,0.861718925217145,0.30578338975936,1,1,1.7161,1.31
5,"nb_glm","recursive_multi_step",9,1,6,3,4.09951644336481,NA,1.95098737135879,0.86017645940502,0.367972716025799,NA,NA,1.20893640922961,1.09951644336481
5,"poisson_glm","recursive_multi_step",9,1,6,3,4.06158982370629,NA,1.76242658250014,0.780098660080285,0.327433275828724,NA,NA,1.12697295379676,1.06158982370629
5,"inad_unconstrained","recursive_multi_step",9,1,7,2,6.34,0.449291248815984,2.74016025502044,2.6534104832,0.105240269749984,1,1,18.8356,4.34
5,"inad_constrained_alpha","recursive_multi_step",9,1,7,2,6.97,0.368851616712622,2.82467844160638,3.08077910458301,0.0623473318157905,0,1,24.7009,4.97
5,"nb_glm","recursive_multi_step",9,1,7,2,6.98556328579119,NA,2.76850886204155,3.17117283417297,0.0850991015875115,NA,NA,24.8558412766291,4.98556328579119
5,"poisson_glm","recursive_multi_step",9,1,7,2,6.88431674248267,NA,3.58989641597971,3.61706374848765,0.0328238718727472,NA,NA,23.8565500408965,4.88431674248267
5,"inad_unconstrained","recursive_multi_step",9,1,8,9,5.41,0.339665610965737,2.57304930049833,2.22533707365299,0.844104919501056,1,1,12.8881,3.59
5,"inad_constrained_alpha","recursive_multi_step",9,1,8,9,5.66,0.32790119231133,2.56461043185246,2.09125795748348,0.771468911668665,1,1,11.1556,3.34
5,"nb_glm","recursive_multi_step",9,1,8,9,5.64623140467486,NA,2.91825874650681,2.10112625923142,0.787457085679319,NA,NA,11.2477637909891,3.35376859532514
5,"poisson_glm","recursive_multi_step",9,1,8,9,5.52781061908341,NA,2.9335891993314,2.10614962080108,0.881427748386798,NA,NA,12.0560990969499,3.47218938091659
5,"inad_unconstrained","recursive_multi_step",9,1,9,5,6.49,0.402139480300258,2.30998948716826,1.15955167293738,0.345060197546311,1,1,2.2201,1.49
5,"inad_constrained_alpha","recursive_multi_step",9,1,9,5,7.98,0.438081215661151,2.38884543727845,1.75353038726863,0.278331977036274,1,1,8.8804,2.98
5,"nb_glm","recursive_multi_step",9,1,9,5,7.36337769351549,NA,2.38555746735385,1.42238264805589,0.285519882487661,NA,NA,5.58555412220659,2.36337769351549
5,"poisson_glm","recursive_multi_step",9,1,9,5,7.2685107620349,NA,2.24646252958993,1.41405817947918,0.245011053992458,NA,NA,5.14614107746817,2.2685107620349
5,"inad_unconstrained","recursive_multi_step",9,1,10,17,6.68,0.404489951929737,4.12214684353405,7.15458764308013,0.950478979244118,0,0,106.5024,10.32
5,"inad_constrained_alpha","recursive_multi_step",9,1,10,17,8.63,0.36449910282413,4.10588632266227,6.01549174281107,0.942806138841313,0,1,70.0569,8.37
5,"nb_glm","recursive_multi_step",9,1,10,17,8.12438718162655,NA,3.91446079310202,6.01535296175548,0.91608938476577,NA,NA,78.7765029016751,8.87561281837345
5,"poisson_glm","recursive_multi_step",9,1,10,17,8.04419749232923,NA,4.61702334085652,6.49199988764918,0.952091414182163,NA,NA,80.2063985564021,8.95580250767077
5,"inad_unconstrained","recursive_multi_step",9,1,11,14,6.94,0.378945906429928,3.39372536682345,4.91367479166667,0.909831151952948,0,1,49.8436,7.06
5,"inad_constrained_alpha","recursive_multi_step",9,1,11,14,8.07,0.460183318764041,2.91308939895043,3.32638485798817,0.814567035584245,1,1,35.1649,5.93
5,"nb_glm","recursive_multi_step",9,1,11,14,7.84455973929873,NA,3.53519275891595,3.55507878187523,0.81540550881995,NA,NA,37.8894448030621,6.15544026070127
5,"poisson_glm","recursive_multi_step",9,1,11,14,7.75869955370636,NA,3.98496974450849,3.78705757887872,0.875859003357148,NA,NA,38.9538312609052,6.24130044629364
5,"inad_unconstrained","recursive_multi_step",9,1,12,4,6.4,0.393122696553448,2.30175898803174,1.44913688955672,0.254613622457409,1,1,5.76,2.4
5,"inad_constrained_alpha","recursive_multi_step",9,1,12,4,7.16,0.383687583348955,2.38884543727845,1.77468649682399,0.176582231148731,1,1,9.9856,3.16
5,"nb_glm","recursive_multi_step",9,1,12,4,6.77289967802844,NA,2.33640100229251,1.5635161208195,0.237662919227362,NA,NA,7.68897262441022,2.77289967802844
5,"poisson_glm","recursive_multi_step",9,1,12,4,6.6683431465471,NA,2.34718280244727,1.66594651159981,0.187814900400557,NA,NA,7.12005514772487,2.6683431465471
5,"inad_unconstrained","recursive_multi_step",10,2,1,4,3.31,0.234712375025048,2.17079434484731,0.740758147448015,0.685320159610847,1,1,0.4761,0.69
5,"inad_constrained_alpha","recursive_multi_step",10,2,1,4,3.75,0.245103565000099,2.32925334007621,0.678140327793167,0.54854983967733,1,1,0.0625,0.25
5,"nb_glm","recursive_multi_step",10,2,1,4,3.96458135197146,NA,2.01794274615101,0.678407932240719,0.485815254698005,NA,NA,0.00125448062816977,0.0354186480285423
5,"poisson_glm","recursive_multi_step",10,2,1,4,4.04685356788246,NA,1.71343494371567,0.511524176273326,0.429619021879584,NA,NA,0.00219525682331668,0.0468535678824642
5,"inad_unconstrained","recursive_multi_step",10,2,2,9,4.37,0.309007861689405,4.08935702071106,2.97505084027778,0.864394698860551,0,1,21.4369,4.63
5,"inad_constrained_alpha","recursive_multi_step",10,2,2,9,4.96,0.30382078715432,2.79914513960121,2.52681446195006,0.881894513763014,1,1,16.3216,4.04
5,"nb_glm","recursive_multi_step",10,2,2,9,4.20573183818973,NA,3.39772117012005,2.9789575255352,0.85622952540138,NA,NA,22.9850072073476,4.79426816181027
5,"poisson_glm","recursive_multi_step",10,2,2,9,4.3088387536697,NA,3.71712731112809,3.02048273872436,0.894194776078903,NA,NA,22.0069938390712,4.6911612463303
5,"inad_unconstrained","recursive_multi_step",10,2,3,8,4.05,0.295547770839986,3.40202416963815,2.39705886892972,0.816853475434848,1,1,15.6025,3.95
5,"inad_constrained_alpha","recursive_multi_step",10,2,3,8,3.62,0.26734005885895,4.05545546903538,2.93736756837099,0.884388652099798,0,1,19.1844,4.38
5,"nb_glm","recursive_multi_step",10,2,3,8,4.04062651263924,NA,3.15886322680735,2.36173398487073,0.816646382497915,NA,NA,15.6766384124153,3.95937348736076
5,"poisson_glm","recursive_multi_step",10,2,3,8,4.12931985485611,NA,3.31238969627747,2.34907524418047,0.859300160122075,NA,NA,14.9821647860111,3.87068014514389
5,"inad_unconstrained","recursive_multi_step",10,2,4,1,3.48,0.259167275649679,2.64804496611264,1.44789827639274,0.178389326184273,1,1,6.1504,2.48
5,"inad_constrained_alpha","recursive_multi_step",10,2,4,1,3.8,0.275973941091575,1.93654239905171,1.70911016171174,0.0889026368692705,1,1,7.84,2.8
5,"nb_glm","recursive_multi_step",10,2,4,1,4.00545756190821,NA,2.19777674988448,1.87681551581501,0.137651401625412,NA,NA,9.03277515643127,3.00545756190821
5,"poisson_glm","recursive_multi_step",10,2,4,1,4.09116337520786,NA,2.71115539123213,2.18188419600958,0.0626950976878318,NA,NA,9.55529101222645,3.09116337520786
5,"inad_unconstrained","recursive_multi_step",10,2,5,4,3.63,0.245630501840353,1.626845180806,0.617510854413032,0.602698401147747,1,1,0.1369,0.37
5,"inad_constrained_alpha","recursive_multi_step",10,2,5,4,3.23,0.219666873591662,1.86694910725252,0.706999050401753,0.586962697432955,1,1,0.5929,0.77
5,"nb_glm","recursive_multi_step",10,2,5,4,3.85417284705046,NA,1.99463561486357,0.655926644113449,0.528113489696676,NA,NA,0.0212655585373695,0.145827152949543
5,"poisson_glm","recursive_multi_step",10,2,5,4,3.92738992900869,NA,1.69564095381097,0.490513361681955,0.565512729686219,NA,NA,0.00527222240936324,0.0726100709913111
5,"inad_unconstrained","recursive_multi_step",10,2,6,5,4.09,0.271953278815656,2.65677864608139,0.918358873345936,0.659973340430499,1,1,0.8281,0.91
5,"inad_constrained_alpha","recursive_multi_step",10,2,6,5,3.71,0.255562362667356,2.32044271039405,0.994821481713525,0.746171688440511,1,1,1.6641,1.29
5,"nb_glm","recursive_multi_step",10,2,6,5,3.91560833631233,NA,2.23588201925967,0.907285373525713,0.618427004023638,NA,NA,1.17590528027531,1.08439166368767
5,"poisson_glm","recursive_multi_step",10,2,6,5,3.99382355618446,NA,1.9258001404526,0.702941518520957,0.692067918497012,NA,NA,1.0123910360893,1.00617644381554
5,"inad_unconstrained","recursive_multi_step",10,2,7,0,6.04,0.325334326873793,4.06403921272677,4.30073057199211,0.00877393554603585,0,0,36.4816,6.04
5,"inad_constrained_alpha","recursive_multi_step",10,2,7,0,6,0.314947486403558,3.68223491139527,4.40619505555556,0.00817378387588542,0,0,36,6
5,"nb_glm","recursive_multi_step",10,2,7,0,6.06668271391744,NA,3.62624597898146,4.17448881927351,0.0177891525272876,NA,NA,36.8046391513447,6.06668271391744
5,"poisson_glm","recursive_multi_step",10,2,7,0,6.12821727206719,NA,4.58843525045741,4.7924548331961,0.00551991726033092,NA,NA,37.5550469336627,6.12821727206719
5,"inad_unconstrained","recursive_multi_step",10,2,8,10,6.27,0.36233111705157,3.41841797941383,2.22218346883469,0.790102346252529,1,1,13.9129,3.73
5,"inad_constrained_alpha","recursive_multi_step",10,2,8,10,5.3,0.331966896244219,3.68223491139527,2.96929256944445,0.857125114205449,0,1,22.09,4.7
5,"nb_glm","recursive_multi_step",10,2,8,10,5.78127060489428,NA,3.15490100683693,2.50942252210905,0.808305616886794,NA,NA,17.7976777091291,4.21872939510572
5,"poisson_glm","recursive_multi_step",10,2,8,10,5.82296586750948,NA,3.26658404380876,2.5019515268892,0.871404215793803,NA,NA,17.4476141439908,4.17703413249052
5,"inad_unconstrained","recursive_multi_step",10,2,9,1,5.83,0.38139960220962,3.02022329356229,3.25867395291363,0.0489362408526828,0,1,23.3289,4.83
5,"inad_constrained_alpha","recursive_multi_step",10,2,9,1,5.89,0.312337230336932,2.80772888329261,3.24273751917598,0.0479445105874672,0,1,23.9121,4.89
5,"nb_glm","recursive_multi_step",10,2,9,1,6.14074380560537,NA,2.95233342022147,3.45550406783918,0.0496655535355577,NA,NA,26.42724687487,5.14074380560537
5,"poisson_glm","recursive_multi_step",10,2,9,1,6.20763312327036,NA,4.00371437337257,4.0025687687164,0.0205142115942676,NA,NA,27.1194427465826,5.20763312327036
5,"inad_unconstrained","recursive_multi_step",10,2,10,7,6.05,0.369650394482968,2.37217838479324,1.09775338606031,0.586802258003237,1,1,0.9025,0.95
5,"inad_constrained_alpha","recursive_multi_step",10,2,10,7,6.91,0.381939494917425,2.48424571123122,0.992786209958336,0.562199448883526,1,1,0.00809999999999998,0.0899999999999999
5,"nb_glm","recursive_multi_step",10,2,10,7,6.28273438259563,NA,2.47366441206237,1.08529357819988,0.63028788681705,NA,NA,0.514469965910473,0.717265617404371
5,"poisson_glm","recursive_multi_step",10,2,10,7,6.36011154538874,NA,2.04930756540723,0.743515148408207,0.629745867605907,NA,NA,0.409457234344792,0.639888454611264
5,"inad_unconstrained","recursive_multi_step",10,2,11,11,6.52,0.375373214954198,2.69933826050019,2.76881147222222,0.83931189913681,1,1,20.0704,4.48
5,"inad_constrained_alpha","recursive_multi_step",10,2,11,11,5.96,0.330570367209113,2.68253114218381,3.27402812410227,0.860553896891099,1,1,25.4016,5.04
5,"nb_glm","recursive_multi_step",10,2,11,11,6.23157651777478,NA,3.23551578620977,3.01505737164512,0.829742977684257,NA,NA,22.7378625058369,4.76842348222522
5,"poisson_glm","recursive_multi_step",10,2,11,11,6.30514216562655,NA,3.42798790538022,3.01972926986438,0.903589572428779,NA,NA,22.0416900849778,4.69485783437345
5,"inad_unconstrained","recursive_multi_step",10,2,12,2,6.21,0.352851300697674,3.15327854238239,2.54341784688308,0.0939539293851704,1,1,17.7241,4.21
5,"inad_constrained_alpha","recursive_multi_step",10,2,12,2,6.15,0.368281567732235,2.84957599322811,2.6187812080086,0.0942645767130355,1,1,17.2225,4.15
5,"nb_glm","recursive_multi_step",10,2,12,2,6.02385208180177,NA,2.50316098496212,2.4545772826509,0.134027472813759,NA,NA,16.1913855762204,4.02385208180177
5,"poisson_glm","recursive_multi_step",10,2,12,2,6.08232738025812,NA,3.14295574518231,2.89739807183305,0.0666809885608995,NA,NA,16.6653968396051,4.08232738025812
5,"inad_unconstrained","recursive_multi_step",11,3,1,4,3.27,0.302132153839737,2.44204535674085,0.880530031212842,0.638773505122999,1,1,0.5329,0.73
5,"inad_constrained_alpha","recursive_multi_step",11,3,1,4,3.2,0.252262489554756,1.89361735433468,0.752291705140043,0.649391982253608,1,1,0.64,0.8
5,"nb_glm","recursive_multi_step",11,3,1,4,3.10586177988189,NA,2.09303768706108,0.765206941859041,0.681057948287507,NA,NA,0.799483156675987,0.894138220118113
5,"poisson_glm","recursive_multi_step",11,3,1,4,3.17169621171935,NA,1.81666602388758,0.606902723995269,0.577868787657298,NA,NA,0.686087165680083,0.828303788280654
5,"inad_unconstrained","recursive_multi_step",11,3,2,3,3.25,0.318891704489031,2.10528999440993,0.738753262485137,0.558467793681695,1,1,0.0625,0.25
5,"inad_constrained_alpha","recursive_multi_step",11,3,2,3,3.63,0.288729365435258,1.9716701414377,0.667422763079667,0.488264902077479,1,1,0.3969,0.63
5,"nb_glm","recursive_multi_step",11,3,2,3,3.14477155668618,NA,1.84334535959604,0.595125744162652,0.4397980331952,NA,NA,0.0209588036253412,0.144771556686185
5,"poisson_glm","recursive_multi_step",11,3,2,3,3.21543324732575,NA,1.59821715532471,0.483606056245948,0.528302340858815,NA,NA,0.0464114840533184,0.215433247325751
5,"inad_unconstrained","recursive_multi_step",11,3,3,9,2.58,0.237061130930357,4.04679740629227,4.6574587221172,0.942586760634435,0,0,41.2164,6.42
5,"inad_constrained_alpha","recursive_multi_step",11,3,3,9,3.21,0.293806436658937,3.3424320724359,4.0637601492767,0.903950807599396,0,1,33.5241,5.79
5,"nb_glm","recursive_multi_step",11,3,3,9,3.11827938335377,NA,3.93883043694564,4.21010896783362,0.952836231320716,NA,NA,34.5946374122813,5.88172061664623
5,"poisson_glm","recursive_multi_step",11,3,3,9,3.18563856148699,NA,4.41642476617836,4.31303828063485,0.961149636731208,NA,NA,33.806798937667,5.81436143851301
5,"inad_unconstrained","recursive_multi_step",11,3,4,0,2.53,0.232880512996114,1.4418642122747,1.36762149987826,0.0801081621132137,1,1,6.4009,2.53
5,"inad_constrained_alpha","recursive_multi_step",11,3,4,0,2.97,0.275040860141679,1.90235103430343,1.74821729300567,0.103523166904469,1,1,8.8209,2.97
5,"nb_glm","recursive_multi_step",11,3,4,0,3.11255385613424,NA,2.39291045112128,2.02923931182733,0.0640979590432341,NA,NA,9.68799150733614,3.11255385613424
5,"poisson_glm","recursive_multi_step",11,3,4,0,3.17920803073455,NA,3.09559900269602,2.30806729919137,0.0281907030625926,NA,NA,10.107363702687,3.17920803073455
5,"inad_unconstrained","recursive_multi_step",11,3,5,1,2.65,0.225798247302428,1.60857621483662,0.931467635255648,0.207979485176078,1,1,2.7225,1.65
5,"inad_constrained_alpha","recursive_multi_step",11,3,5,1,2.71,0.306921830603511,1.56736050792373,1.01310422102315,0.240436709135355,1,1,2.9241,1.71
5,"nb_glm","recursive_multi_step",11,3,5,1,3.08758076093984,NA,1.87113553155186,1.3639953896084,0.175983536226557,NA,NA,4.35799343344615,2.08758076093984
5,"poisson_glm","recursive_multi_step",11,3,5,1,3.15120105303769,NA,2.11324746620945,1.52631148681457,0.0516608539004403,NA,NA,4.62766597059047,2.15120105303769
5,"inad_unconstrained","recursive_multi_step",11,3,6,1,3.51,0.269115648603407,2.09663193166681,1.43744303213611,0.126394154349119,1,1,6.3001,2.51
5,"inad_constrained_alpha","recursive_multi_step",11,3,6,1,2.48,0.211526438875698,1.53090733646666,0.776101610331633,0.304198220112926,1,1,2.1904,1.48
5,"nb_glm","recursive_multi_step",11,3,6,1,3.09779040686887,NA,1.82329167252143,1.20333520230143,0.183389108840094,NA,NA,4.40072459115107,2.09779040686887
5,"poisson_glm","recursive_multi_step",11,3,6,1,3.16264255779977,NA,2.06966433767624,1.38658881372277,0.148647908831789,NA,NA,4.67702283280673,2.16264255779977
5,"inad_unconstrained","recursive_multi_step",11,3,7,2,5.51,0.430994855719376,2.24614378208909,2.04932420005203,0.149272355132646,1,1,12.3201,3.51
5,"inad_constrained_alpha","recursive_multi_step",11,3,7,2,5.18,0.414967444262776,2.03026430570375,1.83422349130808,0.206126407108959,1,1,10.1124,3.18
5,"nb_glm","recursive_multi_step",11,3,7,2,4.69305694317676,NA,2.17490087654447,1.7498044559956,0.162648507837904,NA,NA,7.25255569919253,2.69305694317676
5,"poisson_glm","recursive_multi_step",11,3,7,2,4.73948263485857,NA,2.42987296214237,1.95390120374019,0.104450651325563,NA,NA,7.50476510669166,2.73948263485857
5,"inad_unconstrained","recursive_multi_step",11,3,8,5,5.37,0.431032352485157,2.3342821797373,1.1195030208,0.449003240573592,1,1,0.1369,0.37
5,"inad_constrained_alpha","recursive_multi_step",11,3,8,5,4.52,0.387293118446429,2.40523924705413,1.1076075351973,0.578246941595656,1,1,0.2304,0.48
5,"nb_glm","recursive_multi_step",11,3,8,5,4.64254529819967,NA,2.26404284804157,0.933920007092715,0.53027378238421,NA,NA,0.127773863839161,0.357454701800328
5,"poisson_glm","recursive_multi_step",11,3,8,5,4.68367834038406,NA,1.90849168656625,0.696534925531647,0.475879778115214,NA,NA,0.100059392342184,0.316321659615942
5,"inad_unconstrained","recursive_multi_step",11,3,9,10,4.88,0.427414118020016,3.05975413231892,2.88075930533021,0.761465324685086,1,1,26.2144,5.12
5,"inad_constrained_alpha","recursive_multi_step",11,3,9,10,4.82,0.347103454435141,4.07254990239468,3.35082421717897,0.878879269681184,0,1,26.8324,5.18
5,"nb_glm","recursive_multi_step",11,3,9,10,4.70591762307741,NA,3.55451079918621,2.99999834708972,0.822837395713889,NA,NA,28.0273082136424,5.29408237692259
5,"poisson_glm","recursive_multi_step",11,3,9,10,4.75371445639428,NA,3.97862454056766,3.09931163998809,0.860530770454678,NA,NA,27.5235120050464,5.24628554360572
5,"inad_unconstrained","recursive_multi_step",11,3,10,11,5.01,0.384942603618784,3.38535711715294,4.06651056422569,0.86246259246632,0,1,35.8801,5.99
5,"inad_constrained_alpha","recursive_multi_step",11,3,10,11,4.55,0.342709052914414,3.36840755883916,4.34977192636423,0.928648836664004,0,1,41.6025,6.45
5,"nb_glm","recursive_multi_step",11,3,10,11,4.73030166582471,NA,3.73310885735502,4.17817544961613,0.91538296241273,NA,NA,39.3091172015604,6.26969833417529
5,"poisson_glm","recursive_multi_step",11,3,10,11,4.78072205296362,NA,4.28874751872521,4.36578280970028,0.936919006204689,NA,NA,38.6794181824931,6.21927794703638
5,"inad_unconstrained","recursive_multi_step",11,3,11,5,4.93,0.397785536857907,2.51676890293678,1.123729184,0.543488863640614,1,1,0.00490000000000004,0.0700000000000003
5,"inad_constrained_alpha","recursive_multi_step",11,3,11,5,5.41,0.435100127800626,1.9365100245434,1.09214806626354,0.51596969854689,1,1,0.1681,0.41
5,"nb_glm","recursive_multi_step",11,3,11,5,4.72155706507515,NA,2.2696033777414,0.958254249472615,0.557759165286608,NA,NA,0.077530468009564,0.27844293492485
5,"poisson_glm","recursive_multi_step",11,3,11,5,4.77103310860032,NA,1.91169041600336,0.718889431599275,0.442683445116485,NA,NA,0.0524258373572341,0.228966891399683
5,"inad_unconstrained","recursive_multi_step",11,3,12,1,5.04,0.33961356530235,2.04483368678845,2.36774727153189,0.0799885827550091,1,1,16.3216,4.04
5,"inad_constrained_alpha","recursive_multi_step",11,3,12,1,5.1,0.394789292988786,2.40523924705413,2.56551310727741,0.0932119076716055,1,1,16.81,4.1
5,"nb_glm","recursive_multi_step",11,3,12,1,4.68557399393157,NA,2.47417287651264,2.45798015107994,0.0704492358034995,NA,NA,13.5834556647447,3.68557399393157
5,"poisson_glm","recursive_multi_step",11,3,12,1,4.7312060835592,NA,3.1610938153455,2.80054106903052,0.0550011992141286,NA,NA,13.9218988379891,3.7312060835592
5,"inad_unconstrained","recursive_multi_step",12,4,1,0,2.67,0.247841184078136,2.04483368678845,1.66266059609906,0.11001459345922,1,1,7.1289,2.67
5,"inad_constrained_alpha","recursive_multi_step",12,4,1,0,3.05,0.270194467939391,1.90235103430343,1.82381493383743,0.0446147549197726,1,1,9.3025,3.05
5,"nb_glm","recursive_multi_step",12,4,1,0,3.09106022315005,NA,2.39933813047363,2.07002513870746,0.0617819342105584,NA,NA,9.55465330314045,3.09106022315005
5,"poisson_glm","recursive_multi_step",12,4,1,0,3.11747748927825,NA,3.06268706529826,2.30510620101317,0.0112611912924835,NA,NA,9.7186658961566,3.11747748927825
5,"inad_unconstrained","recursive_multi_step",12,4,2,9,2.91,0.272324449986787,4.06403921272677,4.20366790123457,0.919867866735798,0,1,37.0881,6.09
5,"inad_constrained_alpha","recursive_multi_step",12,4,2,9,3.18,0.230668768601388,3.61324203990832,4.31342048788265,0.956943783257073,0,1,33.8724,5.82
5,"nb_glm","recursive_multi_step",12,4,2,9,3.09872244905132,NA,3.96881761943025,4.08564800173862,0.936072469896686,NA,NA,34.8250767333309,5.90127755094868
5,"poisson_glm","recursive_multi_step",12,4,2,9,3.12628892002969,NA,4.46324780532609,4.22583049753233,0.938513108468823,NA,NA,34.500481850966,5.87371107997031
5,"inad_unconstrained","recursive_multi_step",12,4,3,5,2.45,0.265290007121994,2.9448738563205,1.723369731569,0.825739788211012,1,1,6.5025,2.55
5,"inad_constrained_alpha","recursive_multi_step",12,4,3,5,3.14,0.28710326161206,2.93614017635175,1.42771297322253,0.751601444953632,1,1,3.4596,1.86
5,"nb_glm","recursive_multi_step",12,4,3,5,3.09351133008079,NA,2.42247769912603,1.20149770258778,0.77907236753917,NA,NA,3.6346990485303,1.90648866991921
5,"poisson_glm","recursive_multi_step",12,4,3,5,3.12029365445631,NA,2.26086832656697,1.10143945934104,0.794164731117335,NA,NA,3.53329594547721,1.87970634554369
5,"inad_unconstrained","recursive_multi_step",12,4,4,1,2.73,0.251803595099535,1.5999181520935,0.931205829867675,0.323192243562485,1,1,2.9929,1.73
5,"inad_constrained_alpha","recursive_multi_step",12,4,4,1,2.39,0.238215164602224,1.82761593630426,0.790524778761062,0.31877482920166,1,1,1.9321,1.39
5,"nb_glm","recursive_multi_step",12,4,4,1,3.09238184821385,NA,1.82125247813909,1.2001761204157,0.226012173368464,NA,NA,4.37806179873481,2.09238184821385
5,"poisson_glm","recursive_multi_step",12,4,4,1,3.11899562610163,NA,2.04193637122777,1.35514444890835,0.153625032048682,NA,NA,4.49014246343785,2.11899562610163
5,"inad_unconstrained","recursive_multi_step",12,4,5,0,3.1,0.337399442557903,1.79883361240851,1.94796890620801,0.122163596380193,1,1,9.61,3.1
5,"inad_constrained_alpha","recursive_multi_step",12,4,5,0,3.18,0.368008563800223,1.61642950990482,1.86705219027143,0.0546630650679161,1,1,10.1124,3.18
5,"nb_glm","recursive_multi_step",12,4,5,0,3.08744177004007,NA,2.43944417417612,2.22112306363397,0.0315411338731824,NA,NA,9.53229668338814,3.08744177004007
5,"poisson_glm","recursive_multi_step",12,4,5,0,3.11332525636264,NA,3.10113976733077,2.43776266636315,0.0110490223362791,NA,NA,9.6927941519055,3.11332525636264
5,"inad_unconstrained","recursive_multi_step",12,4,6,2,3.13,0.241483211454009,1.84516024595517,0.742676529300567,0.292518008586262,1,1,1.2769,1.13
5,"inad_constrained_alpha","recursive_multi_step",12,4,6,2,2.97,0.250032321143011,1.83642656598642,0.699815027700831,0.374475075155782,1,1,0.9409,0.97
5,"nb_glm","recursive_multi_step",12,4,6,2,3.08946408407629,NA,1.7137334083706,0.707465482294735,0.309002147842978,NA,NA,1.18693199049219,1.08946408407629
5,"poisson_glm","recursive_multi_step",12,4,6,2,3.11564509593329,NA,1.62075732935316,0.708136446860975,0.18602343581229,NA,NA,1.24466398008,1.11564509593329
5,"inad_unconstrained","recursive_multi_step",12,4,7,1,4.76,0.383002492277673,2.22988326121731,2.27801107229239,0.126964245050168,1,1,14.1376,3.76
5,"inad_constrained_alpha","recursive_multi_step",12,4,7,1,4.54,0.328270644684559,1.87935161070345,2.0799964832992,0.129618512975901,1,1,12.5316,3.54
5,"nb_glm","recursive_multi_step",12,4,7,1,4.63864349587569,NA,2.44956065067678,2.38976290577598,0.128726890715133,NA,NA,13.2397264900785,3.63864349587569
5,"poisson_glm","recursive_multi_step",12,4,7,1,4.62548809804883,NA,3.08523005157392,2.68578090830355,0.0569181241228734,NA,NA,13.1441639490937,3.62548809804883
5,"inad_unconstrained","recursive_multi_step",12,4,8,9,5.6,0.448791868703235,2.86583651409989,2.07828449531738,0.735562370419502,1,1,11.56,3.4
5,"inad_constrained_alpha","recursive_multi_step",12,4,8,9,4.92,0.404440004415633,2.97906522106878,2.57304567474048,0.801342304745893,1,1,16.6464,4.08
5,"nb_glm","recursive_multi_step",12,4,8,9,4.6278050251647,NA,3.26029427511599,2.54854502327893,0.80366615178033,NA,NA,19.1160888979751,4.3721949748353
5,"poisson_glm","recursive_multi_step",12,4,8,9,4.61327408290804,NA,3.53577180235844,2.63251056472493,0.868311832794195,NA,NA,19.2433642716863,4.38672591709196
5,"inad_unconstrained","recursive_multi_step",12,4,9,9,5.26,0.476650773203988,3.29524880365277,2.35005502811419,0.725344724565169,1,1,13.9876,3.74
5,"inad_constrained_alpha","recursive_multi_step",12,4,9,9,5.17,0.440627422265711,3.70692752398564,2.45578222618812,0.722179586598423,1,1,14.6689,3.83
5,"nb_glm","recursive_multi_step",12,4,9,9,4.6413917256545,NA,3.34778472847892,2.39216682994257,0.727541695329042,NA,NA,18.997466089193,4.3586082743455
5,"poisson_glm","recursive_multi_step",12,4,9,9,4.62858917898948,NA,3.61762770947747,2.43763515924997,0.790681471800934,NA,NA,19.1092325660479,4.37141082101052
5,"inad_unconstrained","recursive_multi_step",12,4,10,3,5.29,0.410049270259568,2.27004930294265,1.56493060326121,0.335544242403639,1,1,5.2441,2.29
5,"inad_constrained_alpha","recursive_multi_step",12,4,10,3,4.43,0.36577163488834,2.2216527620808,1.05394162283997,0.364676843980743,1,1,2.0449,1.43
5,"nb_glm","recursive_multi_step",12,4,10,3,4.64658989348866,NA,2.09787593485862,1.31061894298706,0.299391380699588,NA,NA,2.71125827733901,1.64658989348866
5,"poisson_glm","recursive_multi_step",12,4,10,3,4.63445872268027,NA,1.99508652461995,1.28252121624193,0.165112410839368,NA,NA,2.67145531614563,1.63445872268027
5,"inad_unconstrained","recursive_multi_step",12,4,11,14,4.62,0.368392632001688,4.80402104473326,6.39315678581027,0.937749109742476,0,0,87.9844,9.38
5,"inad_constrained_alpha","recursive_multi_step",12,4,11,14,5.04,0.402998859561762,4.10588632266227,5.97441257726418,0.925507207363252,0,1,80.2816,8.96
5,"nb_glm","recursive_multi_step",12,4,11,14,4.64472760703528,NA,4.41957183929874,6.5563606002808,0.936383219736128,NA,NA,87.5211215465679,9.35527239296472
5,"poisson_glm","recursive_multi_step",12,4,11,14,4.63235533575867,NA,4.78067285152492,6.890581448476,0.949204732664947,NA,NA,87.752766555489,9.36764466424133
5,"inad_unconstrained","recursive_multi_step",12,4,12,6,4.57,0.425750673943843,2.39631757065675,1.41789211939624,0.602569755930664,1,1,2.0449,1.43
5,"inad_constrained_alpha","recursive_multi_step",12,4,12,6,4.91,0.402792023433203,2.28567462084573,1.1968707469503,0.561333148007592,1,1,1.1881,1.09
5,"nb_glm","recursive_multi_step",12,4,12,6,4.63704233865594,NA,2.52635101023298,1.2569543054684,0.555046317908882,NA,NA,1.85765358661648,1.36295766134406
5,"poisson_glm","recursive_multi_step",12,4,12,6,4.62368207663187,NA,2.21932300570373,1.03472755696563,0.568806015888427,NA,NA,1.89425102618436,1.37631792336813
