"rep","model","task","time","horizon","subject_index","observed","mean","sd","log_score","crps","squared_error"
1,"gau_fit","rolling_one_step",2,1,1,-0.179838355490317,0.667246071145519,0.89574674135804,1.25599065366355,0.50706489284056,0.717552025848964
1,"gau_fit","rolling_one_step",2,1,2,-0.841630838159886,0.32721315112035,0.89574674135804,1.66019976614242,0.744193046127875,1.36619627127653
1,"gau_fit","rolling_one_step",2,1,3,0.517822453945313,0.504720216217531,0.89574674135804,0.808947949524998,0.209407969725298,0.000171668633475322
1,"gau_fit","rolling_one_step",2,1,4,-0.534074791200295,0.32651215325942,0.89574674135804,1.27035939038685,0.515969969102116,0.740609888974509
1,"gau_fit","rolling_one_step",2,1,5,1.72558962325245,0.525689173250705,0.89574674135804,1.70604241449841,0.769469349627204,1.43976108991438
1,"gau_fit","rolling_one_step",2,1,6,-0.0567245838755232,0.396211530284237,0.89574674135804,0.936682935406952,0.298802348525084,0.205151123510143
1,"gau_fit","rolling_one_step",2,1,7,2.219031929222,1.69250064650127,0.89574674135804,0.98160283938456,0.329368756327859,0.277235191683538
1,"gau_fit","rolling_one_step",2,1,8,0.489158052903568,1.52577558678261,0.89574674135804,1.47847363873345,0.640886225835068,1.07457591154546
1,"gau_fit","rolling_one_step",2,1,9,1.72295636882687,1.57828115852246,0.89574674135804,0.821884281274734,0.218633387272745,0.0209309164766236
1,"gau_fit","rolling_one_step",2,1,10,3.76288851756931,1.6492222061463,0.89574674135804,3.5928611686076,1.61379497671304,4.46758527604455
1,"gau_fit","rolling_one_step",2,1,11,2.57585709514821,1.52577045311069,0.89574674135804,1.49598819972385,0.651067381896686,1.10268195578564
1,"gau_fit","rolling_one_step",2,1,12,0.796145770247792,1.30062909586292,0.89574674135804,0.967437313415505,0.319776995382349,0.2545034258237
1,"lag_lm","rolling_one_step",2,1,1,-0.179838355490317,1.08981298723084,1.00079041923031,1.7244632480683,0.802389045444526,1.61201453207365
1,"lag_lm","rolling_one_step",2,1,2,-0.841630838159886,0.00853640365124358,1.00079041923031,1.28055018374137,0.505848565975581,0.722784339048744
1,"lag_lm","rolling_one_step",2,1,3,0.517822453945313,0.572994200547247,1.00079041923031,0.921248197905169,0.235092776996793,0.00304392162310795
1,"lag_lm","rolling_one_step",2,1,4,-0.534074791200295,0.00630728838761879,1.00079041923031,1.06550449703171,0.347536137198613,0.292012791939759
1,"lag_lm","rolling_one_step",2,1,5,1.72558962325245,0.639673750928369,1.00079041923031,1.50840431217532,0.662734170082847,1.17921328176536
1,"lag_lm","rolling_one_step",2,1,6,-0.0567245838755232,0.227945547005173,1.00079041923031,0.960183204520375,0.265967224746657,0.0810370834156329
1,"lag_lm","rolling_one_step",2,1,7,2.219031929222,1.80949734353452,1.00079041923031,1.00345551767783,0.299819315484531,0.167718576874214
1,"lag_lm","rolling_one_step",2,1,8,0.489158052903568,1.27932543266085,1.00079041923031,1.23141795903969,0.470602249502183,0.624364488032493
1,"lag_lm","rolling_one_step",2,1,9,1.72295636882687,1.4462888114583,1.00079041923031,0.957940677936023,0.264199736528447,0.0765449373002875
1,"lag_lm","rolling_one_step",2,1,10,3.76288851756931,1.67187547996258,1.00079041923031,3.102444517053,1.53970977716536,4.3723355234413
1,"lag_lm","rolling_one_step",2,1,11,2.57585709514821,1.27930910800843,1.00079041923031,1.75891983168979,0.823911043275201,1.68103668295621
1,"lag_lm","rolling_one_step",2,1,12,0.796145770247792,0.563378198820806,1.00079041923031,0.946776236593278,0.25538077392918,0.0541807423080169
1,"gau_fit","rolling_one_step",3,1,1,0.705966318342238,0.17625462454663,1.02275326399486,1.07556107415004,0.346080369659626,0.280594478543812
1,"gau_fit","rolling_one_step",3,1,2,0.370818769426825,-0.348449626610213,1.02275326399486,1.18872888525997,0.432888906528616,0.517347025537694
1,"gau_fit","rolling_one_step",3,1,3,0.96380796858896,0.729397191382306,1.02275326399486,0.967702165313333,0.260352526123776,0.0549484124706278
1,"gau_fit","rolling_one_step",3,1,4,-1.04839330401708,-0.10460284754478,1.02275326399486,1.36721107824584,0.563754879776377,0.890740425728199
1,"gau_fit","rolling_one_step",3,1,5,1.24252474546996,1.68697918987644,1.02275326399486,1.03586088256099,0.314875934621727,0.197539753152676
1,"gau_fit","rolling_one_step",3,1,6,0.306974017572334,0.273865765552124,1.02275326399486,0.941960765587428,0.23943983783335,0.00109615635183372
1,"gau_fit","rolling_one_step",3,1,7,1.18918206359053,2.31450627037168,1.02275326399486,1.5467547879567,0.688578932721801,1.26635457036763
1,"gau_fit","rolling_one_step",3,1,8,0.641093311727372,0.942970327249396,1.02275326399486,0.984996850599032,0.274303162222442,0.0911297325004842
1,"gau_fit","rolling_one_step",3,1,9,1.52963594025134,1.92119120220355,1.02275326399486,1.01472168313289,0.298095745427702,0.153315523162468
1,"gau_fit","rolling_one_step",3,1,10,1.51018145854514,3.53855782171999,1.02275326399486,2.9080789304108,1.46951250457956,4.11431067068643
1,"gau_fit","rolling_one_step",3,1,11,3.5492989790763,2.59741622535634,1.02275326399486,1.37454377214009,0.568982037705485,0.90608077682949
1,"gau_fit","rolling_one_step",3,1,12,1.20590223363407,1.18636650439194,1.02275326399486,0.941619228743364,0.239161163244303,0.000381644717021722
1,"lag_lm","rolling_one_step",3,1,1,0.705966318342238,0.216244801387766,1.00079041923031,1.03945288281572,0.327618405318027,0.239827164168189
1,"lag_lm","rolling_one_step",3,1,2,0.370818769426825,-0.166696265319274,1.00079041923031,1.06396174715308,0.346361268748932,0.2889224125781
1,"lag_lm","rolling_one_step",3,1,3,0.96380796858896,0.619940796070696,1.00079041923031,0.978757604250346,0.280556911300701,0.118244632335705
1,"lag_lm","rolling_one_step",3,1,4,-1.04839330401708,0.0112686463095444,1.00079041923031,1.48028386722715,0.643930062501181,1.12288344897003
1,"lag_lm","rolling_one_step",3,1,5,1.24252474546996,1.31880586368607,1.00079041923031,0.922633450865155,0.236198107467361,0.00581880899630127
1,"lag_lm","rolling_one_step",3,1,6,0.306974017572334,0.287483626643561,1.00079041923031,0.919918277982341,0.234031118114963,0.000379875338556383
1,"lag_lm","rolling_one_step",3,1,7,1.18918206359053,2.03115916480885,1.00079041923031,1.27363167507203,0.500917173049327,0.708925438976014
1,"lag_lm","rolling_one_step",3,1,8,0.641093311727372,1.0301811168355,1.00079041923031,0.995303780954483,0.293478797376558,0.151389320083863
1,"lag_lm","rolling_one_step",3,1,9,1.52963594025134,1.74410890473533,1.00079041923031,0.942691651307956,0.252146153016498,0.0459986524945514
1,"lag_lm","rolling_one_step",3,1,10,1.51018145854514,2.92449975761761,1.00079041923031,1.91829756573232,0.920969107258945,2.00029625109124
1,"lag_lm","rolling_one_step",3,1,11,3.5492989790763,2.23763326846821,1.00079041923031,1.77860382888654,0.836117807546483,1.72046693638501
1,"lag_lm","rolling_one_step",3,1,12,1.20590223363407,1.20781716895798,1.00079041923031,0.919730470811843,0.233881156015596,3.66697729476027e-06
1,"gau_fit","rolling_one_step",4,1,1,3.87259700126639,0.618064021210293,0.96747017404982,6.54398829218661,2.70888917454126,10.5919849182728
1,"gau_fit","rolling_one_step",4,1,2,0.292763608063101,0.481772799867657,0.96747017404982,0.904951467462186,0.240777451379444,0.0357244745866115
1,"gau_fit","rolling_one_step",4,1,3,1.00009922807218,0.722917998328281,0.96747017404982,0.926909279296909,0.257559069948139,0.0768294341223411
1,"gau_fit","rolling_one_step",4,1,4,0.174389727271287,-0.0953644862615136,0.96747017404982,0.924739351545885,0.255906083153195,0.0727673357186997
1,"gau_fit","rolling_one_step",4,1,5,0.719428813728323,0.836261061861714,0.96747017404982,0.893159408236582,0.231714658508278,0.0136497742039021
1,"gau_fit","rolling_one_step",4,1,6,0.154039176594987,0.455809670390132,0.96747017404982,0.934513990324755,0.263342792749556,0.0910654309253653
1,"gau_fit","rolling_one_step",4,1,7,1.26137591661988,1.49141237584971,0.96747017404982,0.914135401675948,0.247811253147645,0.0529167725749978
1,"gau_fit","rolling_one_step",4,1,8,1.95690540551195,1.26852640924387,0.96747017404982,1.13900160230765,0.41364976053488,0.47386564250305
1,"gau_fit","rolling_one_step",4,1,9,2.20192725812864,1.62986147031899,0.96747017404982,1.06068610766767,0.357241710354965,0.327259265582276
1,"gau_fit","rolling_one_step",4,1,10,1.06067200211383,1.62195010387485,0.96747017404982,1.05415503012124,0.352474222379855,0.315033107516457
1,"gau_fit","rolling_one_step",4,1,11,2.0784899763649,2.45117835941104,0.96747017404982,0.960064884907851,0.282669902482352,0.138896630857549
1,"gau_fit","rolling_one_step",4,1,12,1.48681854641725,1.49821180614143,0.96747017404982,0.885937191912223,0.226146446155343,0.000129806367142656
1,"lag_lm","rolling_one_step",4,1,1,3.87259700126639,1.08181379192441,1.00079041923031,4.80781523503256,2.22773051044823,7.78847092154514
1,"lag_lm","rolling_one_step",4,1,2,0.292763608063101,0.887883272544364,1.00079041923031,1.09653273856512,0.37104282459075,0.354167415052292
1,"lag_lm","rolling_one_step",4,1,3,1.00009922807218,1.23101185502221,1.00079041923031,0.94634686511695,0.255040956379722,0.0533206412849615
1,"lag_lm","rolling_one_step",4,1,4,0.174389727271287,0.0666672576754315,1.00079041923031,0.925521544181554,0.238500955374042,0.01160413045583
1,"lag_lm","rolling_one_step",4,1,5,0.719428813728323,1.39228914759195,1.00079041923031,1.14574172328292,0.407851621546826,0.452741028887071
1,"lag_lm","rolling_one_step",4,1,6,0.154039176594987,0.850940004043969,1.00079041923031,1.162180593021,0.420021614350293,0.485670763299075
1,"lag_lm","rolling_one_step",4,1,7,1.26137591661988,1.78824957332024,1.00079041923031,1.05830740805577,0.342050278931492,0.277595850124807
1,"lag_lm","rolling_one_step",4,1,8,1.95690540551195,1.47110228503138,1.00079041923031,1.03754465445892,0.326152891138699,0.236004671868662
1,"lag_lm","rolling_one_step",4,1,9,2.20192725812864,1.98525055792969,1.00079041923031,0.943165971145854,0.252521995868921,0.0469487924091059
1,"lag_lm","rolling_one_step",4,1,10,1.06067200211383,1.97399337358279,1.00079041923031,1.336148052024,0.545107004396458,0.83415592758195
1,"lag_lm","rolling_one_step",4,1,11,2.0784899763649,3.15391284819414,1.00079041923031,1.49708275254953,0.655181585215,1.15653435325345
1,"lag_lm","rolling_one_step",4,1,12,1.48681854641725,1.79792456951568,1.00079041923031,0.96804570735754,0.272153890456449,0.0967869576081193
1,"gau_fit","rolling_one_step",5,1,1,4.46695367705843,4.06165261717189,1.23413493051039,1.18323504340377,0.341040000691944,0.164268949145156
1,"gau_fit","rolling_one_step",5,1,2,-0.341374199479672,1.120176810861,1.23413493051039,1.83055846708682,0.908267798069812,2.13613135582784
1,"gau_fit","rolling_one_step",5,1,3,1.53494315210522,1.7013800079564,1.23413493051039,1.13840256159708,0.297352192187667,0.0277012269856272
1,"gau_fit","rolling_one_step",5,1,4,1.99101007605466,1.02291141658055,1.23413493051039,1.43697794738954,0.576742635284561,0.937215014475569
1,"gau_fit","rolling_one_step",5,1,5,1.14119975023977,1.47075887488714,1.23413493051039,1.16496305419931,0.323312631757906,0.108609216638344
1,"gau_fit","rolling_one_step",5,1,6,0.431328165311054,1.00618978574346,1.23413493051039,1.23779420921316,0.393346029224798,0.330465882646166
1,"gau_fit","rolling_one_step",5,1,7,1.32831421989446,2.11948223004129,1.23413493051039,1.33479475627658,0.48409753062691,0.625946820279682
1,"gau_fit","rolling_one_step",5,1,8,1.55053894268462,2.69098457091451,1.23413493051039,1.55627537849868,0.681297742550482,1.30061623094865
1,"gau_fit","rolling_one_step",5,1,9,2.55878606594864,2.89231401067498,1.23413493051039,1.16582698047968,0.324153214474429,0.11124088991338
1,"gau_fit","rolling_one_step",5,1,10,2.59122919877124,1.95456793266859,1.23413493051039,1.26237310243492,0.416608858318443,0.405337567755428
1,"gau_fit","rolling_one_step",5,1,11,0.739098297184941,2.79088812348308,1.23413493051039,2.5113164855323,1.40493076294844,4.20984149130056
1,"gau_fit","rolling_one_step",5,1,12,4.07940156868391,2.30472382327272,1.23413493051039,2.16322114354953,1.16158740743633,3.14948110005775
1,"lag_lm","rolling_one_step",5,1,1,4.46695367705843,3.2947768388845,1.00079041923031,1.60564316160411,0.726618864439225,1.37399853995143
1,"lag_lm","rolling_one_step",5,1,2,-0.341374199479672,1.22333412213303,1.00079041923031,2.14195180509447,1.05075101845624,2.44831213172405
1,"lag_lm","rolling_one_step",5,1,3,1.53494315210522,1.63262837061637,1.00079041923031,0.924492307611209,0.237680538015174,0.00954240191557188
1,"lag_lm","rolling_one_step",5,1,4,1.99101007605466,1.15483799779234,1.00079041923031,1.2687685187197,0.497444608736357,0.699183744465519
1,"lag_lm","rolling_one_step",5,1,5,1.14119975023977,1.47022062094175,1.00079041923031,0.973770541617386,0.276648455181048,0.108254733357493
1,"lag_lm","rolling_one_step",5,1,6,0.431328165311054,1.1430623101136,1.00079041923031,1.17261146177505,0.427711421143254,0.506565492877808
1,"lag_lm","rolling_one_step",5,1,7,1.32831421989446,2.21064084509574,1.00079041923031,1.30836416419936,0.525570294791805,0.77850027353908
1,"lag_lm","rolling_one_step",5,1,8,1.55053894268462,2.61310356774277,1.00079041923031,1.48335907063353,0.645993807413671,1.12904358242496
1,"lag_lm","rolling_one_step",5,1,9,2.55878606594864,2.75488355476994,1.00079041923031,0.938925393819399,0.249159737731277,0.0384542251220226
1,"lag_lm","rolling_one_step",5,1,10,2.59122919877124,2.09450508785173,1.00079041923031,1.04290126842099,0.330264467714679,0.246734842368775
1,"lag_lm","rolling_one_step",5,1,11,0.739098297184941,2.68345753288564,1.00079041923031,2.80701039226288,1.39950565385756,3.78053283745461
1,"lag_lm","rolling_one_step",5,1,12,4.07940156868391,2.34109146730227,1.00079041923031,2.42820404612344,1.20710997207235,3.02172200856546
1,"gau_fit","rolling_one_step",6,1,1,2.70855366736898,3.16842981748938,0.866107680994468,0.9161564276573,0.297592992659672,0.211486073449562
1,"gau_fit","rolling_one_step",6,1,2,1.28869861852923,0.681557548251308,0.866107680994468,1.02089266284615,0.365571327215328,0.368620279218217
1,"gau_fit","rolling_one_step",6,1,3,1.32090341339178,1.65199086930558,0.866107680994468,0.84825788308837,0.252291135716142,0.109618903463468
1,"gau_fit","rolling_one_step",6,1,4,1.19863778160896,1.88786916529715,0.866107680994468,1.09182559819078,0.410360303460996,0.475039900260725
1,"gau_fit","rolling_one_step",6,1,5,1.73162385287966,1.44834636492963,0.866107680994468,0.82867975780297,0.239041583722517,0.0802461351792782
1,"gau_fit","rolling_one_step",6,1,6,0.291611609370306,1.08120002952824,0.866107680994468,1.19074678316816,0.471224135970976,0.623449873247506
1,"gau_fit","rolling_one_step",6,1,7,2.35029691268505,2.09586811665241,0.866107680994468,0.818340307220665,0.232009888528688,0.0647340122506172
1,"gau_fit","rolling_one_step",6,1,8,1.61744039916414,2.21080297859112,0.866107680994468,1.00986733884338,0.358520676874148,0.352079150664237
1,"gau_fit","rolling_one_step",6,1,9,3.33912150198934,2.73226945836654,0.866107680994468,1.02065878970739,0.365422018198618,0.368269402849169
1,"gau_fit","rolling_one_step",6,1,10,1.94686986444656,2.74904908101611,0.866107680994468,1.2041053262755,0.479305644900159,0.643491495496137
1,"gau_fit","rolling_one_step",6,1,11,1.55341069472175,1.79112501751192,0.866107680994468,0.812857407087895,0.228271328077943,0.0565080992595865
1,"gau_fit","rolling_one_step",6,1,12,4.77054666735346,3.51873340654649,0.866107680994468,1.81968498338938,0.820600930835189,1.56703643993217
1,"lag_lm","rolling_one_step",6,1,1,2.70855366736898,3.25155456481388,1.00079041923031,1.06692084846711,0.348614236503187,0.294849974625968
1,"lag_lm","rolling_one_step",6,1,2,1.28869861852923,0.469253081588878,1.00079041923031,1.25494400345514,0.487545083282977,0.671490988011457
1,"lag_lm","rolling_one_step",6,1,3,1.32090341339178,1.55496950616725,1.00079041923031,0.947078854753365,0.255620246070175,0.0547869357871721
1,"lag_lm","rolling_one_step",6,1,4,1.19863778160896,1.81886908030943,1.00079041923031,1.11176836839454,0.382500466756656,0.384686863887665
1,"lag_lm","rolling_one_step",6,1,5,1.73162385287966,1.3271329527646,1.00079041923031,1.00140591475031,0.298226696398946,0.163612888275888
1,"lag_lm","rolling_one_step",6,1,6,0.291611609370306,0.916371287928122,1.00079041923031,1.11458281348514,0.38461096488243,0.390324655951666
1,"lag_lm","rolling_one_step",6,1,7,2.35029691268505,1.86223203678404,1.00079041923031,1.03864424111287,0.326997480940356,0.238207323088262
1,"lag_lm","rolling_one_step",6,1,8,1.61744039916414,1.99082064215874,1.00079041923031,0.989324979097161,0.288817671309723,0.139412805858707
1,"lag_lm","rolling_one_step",6,1,9,3.33912150198934,2.57423498879738,1.00079041923031,1.21179244108979,0.456374743367941,0.585051378062959
1,"lag_lm","rolling_one_step",6,1,10,1.94686986444656,2.59300795496993,1.00079041923031,1.12814625144359,0.394755644556983,0.417494432025181
1,"lag_lm","rolling_one_step",6,1,11,1.55341069472175,1.52128683134293,1.00079041923031,0.920243796816189,0.234291019329909,0.00103194259838111
1,"lag_lm","rolling_one_step",6,1,12,4.77054666735346,3.45412730839547,1.00079041923031,1.78484046200779,0.839972152255353,1.73295992863935
1,"gau_fit","rolling_one_step",7,1,1,2.04175998994145,2.58592993631173,1.01145701703293,1.07505564497348,0.350431677134924,0.296120930532631
1,"gau_fit","rolling_one_step",7,1,2,0.598578322011317,1.26551843411541,1.01145701703293,1.14772504826993,0.405724807086861,0.444809113133422
1,"gau_fit","rolling_one_step",7,1,3,2.12855400891473,1.29546767548138,1.01145701703293,1.26952988256049,0.495629101292334,0.694032838953422
1,"gau_fit","rolling_one_step",7,1,4,0.154747909015548,1.1817652615193,1.01145701703293,1.4458328304068,0.620024042319262,1.05476464234381
1,"gau_fit","rolling_one_step",7,1,5,1.48429613037321,1.67742215240498,1.01145701703293,0.948559159026774,0.251038961677985,0.0372976603858156
1,"gau_fit","rolling_one_step",7,1,6,0.539169966106918,0.338265221430208,1.01145701703293,0.950057165056357,0.252240287178112,0.0403627164336139
1,"gau_fit","rolling_one_step",7,1,7,2.49537206852539,2.33265933380364,1.01145701703293,0.943269937535951,0.246792492301148,0.0264754340406303
1,"gau_fit","rolling_one_step",7,1,8,0.151006878953344,1.65113048992396,1.01145701703293,2.03016971607408,0.991072531827042,2.25037084819151
1,"gau_fit","rolling_one_step",7,1,9,2.52270029577036,3.25222880847563,1.01145701703293,1.19044199244961,0.437641204083798,0.532211850849965
1,"gau_fit","rolling_one_step",7,1,10,2.91252876208842,1.95748743493517,1.01145701703293,1.37610927752554,0.571604695678055,0.912103936570648
1,"gau_fit","rolling_one_step",7,1,11,2.91361083405095,1.59158528613921,1.01145701703293,1.78452111176293,0.842099127512645,1.74775154933132
1,"gau_fit","rolling_one_step",7,1,12,4.01946056945909,4.58340008150419,1.01145701703293,1.08576232764469,0.358658786386361,0.318027773245672
1,"lag_lm","rolling_one_step",7,1,1,2.04175998994145,2.19321490970919,1.00079041923031,0.931179826948463,0.243006229576516,0.0229385927218521
1,"lag_lm","rolling_one_step",7,1,2,0.598578322011317,1.37162684213432,1.00079041923031,1.21805884919653,0.46092690285067,0.597604014464357
1,"lag_lm","rolling_one_step",7,1,3,2.12855400891473,1.39026189590223,1.00079041923031,1.19183593460761,0.441818791342593,0.545075244136464
1,"lag_lm","rolling_one_step",7,1,4,0.154747909015548,1.31951384015573,1.00079041923031,1.59699740175206,0.721008733689183,1.35667967434485
1,"lag_lm","rolling_one_step",7,1,5,1.48429613037321,1.6279220799246,1.00079041923031,0.930026561127289,0.24208865651537,0.0206284133845387
1,"lag_lm","rolling_one_step",7,1,6,0.539169966106918,0.794670208618588,1.00079041923031,0.952317289429752,0.259761802804693,0.065280373923522
1,"lag_lm","rolling_one_step",7,1,7,2.49537206852539,2.4127391815804,1.00079041923031,0.923137346477057,0.236600052793142,0.0068281940048633
1,"lag_lm","rolling_one_step",7,1,8,0.151006878953344,1.9886774667981,1.00079041923031,2.60557912439256,1.29910542471698,3.37703318942968
1,"lag_lm","rolling_one_step",7,1,9,2.52270029577036,2.98491483018686,1.00079041923031,1.02638111117067,0.317561183130503,0.213642275825862
1,"lag_lm","rolling_one_step",7,1,10,2.91252876208842,2.17929926161073,1.00079041923031,1.18811694417136,0.439096272901928,0.537625500370767
1,"lag_lm","rolling_one_step",7,1,11,2.91361083405095,1.95162717692294,1.00079041923031,1.3817043209598,0.576793387305219,0.925412556581366
1,"lag_lm","rolling_one_step",7,1,12,4.01946056945909,3.81319785559186,1.00079041923031,0.940967205773811,0.250779234296964,0.0425443071318748
1,"gau_fit","rolling_one_step",8,1,1,1.62484048549314,1.80758761773358,0.849469738839735,0.778936209962309,0.214140832903759,0.0333965143421043
1,"gau_fit","rolling_one_step",8,1,2,2.07347139692628,1.21698873287976,0.849469738839735,1.26408530068329,0.516557323726298,0.733562553812217
1,"gau_fit","rolling_one_step",8,1,3,1.8272032816737,1.84310667396655,0.849469738839735,0.755970820644274,0.198635587383797,0.000252917886420393
1,"gau_fit","rolling_one_step",8,1,4,0.256107329332158,1.03535827511802,0.849469738839735,1.17655015595282,0.465261242952888,0.607232036508155
1,"gau_fit","rolling_one_step",8,1,5,0.331136540689293,1.57945449969064,0.849469738839735,1.83554906311686,0.822409017642307,1.5582977267653
1,"gau_fit","rolling_one_step",8,1,6,-0.324760562676088,1.1926768187751,0.849469738839735,2.35129163467069,1.0632755520381,2.30261620662545
1,"gau_fit","rolling_one_step",8,1,7,1.37191679917155,2.66712898096076,0.849469738839735,1.91819669427988,0.863000217619077,1.67757459585517
1,"gau_fit","rolling_one_step",8,1,8,0.465511550786962,1.70773523489331,0.849469738839735,1.82503210783091,0.817184187117699,1.54311968135475
1,"gau_fit","rolling_one_step",8,1,9,3.33328676277722,2.67831261840196,0.849469738839735,1.05304600273206,0.390568956506356,0.428991129800106
1,"gau_fit","rolling_one_step",8,1,10,2.00671651933364,2.83784364807608,0.849469738839735,1.2344356896568,0.499329923211895,0.690772304131659
1,"gau_fit","rolling_one_step",8,1,11,0.773055199093769,2.83828646862224,0.849469738839735,3.71116355299024,1.59017469156804,4.26518019663819
1,"gau_fit","rolling_one_step",8,1,12,2.66780171752043,3.29083768588144,0.849469738839735,1.02476345166344,0.373064709736398,0.388173817871535
1,"lag_lm","rolling_one_step",8,1,1,1.62484048549314,1.69115224492094,1.00079041923031,0.921923793383417,0.235631916461712,0.00439724943840989
1,"lag_lm","rolling_one_step",8,1,2,2.07347139692628,0.856066410854204,1.00079041923031,1.65959601722802,0.76132796446041,1.48207490011315
1,"lag_lm","rolling_one_step",8,1,3,1.8272032816737,1.74137492813327,1.00079041923031,0.923406077621933,0.236814385541697,0.00736650627145983
1,"lag_lm","rolling_one_step",8,1,4,0.256107329332158,0.599247398489437,1.00079041923031,0.978508235979873,0.280361628566768,0.117745107061262
1,"lag_lm","rolling_one_step",8,1,5,0.331136540689293,1.36858012356266,1.00079041923031,1.45702352194532,0.628261123530434,1.07628918764512
1,"lag_lm","rolling_one_step",8,1,6,-0.324760562676088,0.821690228324036,1.00079041923031,1.57586569169434,0.707239808316832,1.31434941618481
1,"lag_lm","rolling_one_step",8,1,7,1.37191679917155,2.38045809512572,1.00079041923031,1.42750338595463,0.608223468632344,1.01715554564491
1,"lag_lm","rolling_one_step",8,1,8,0.465511550786962,1.02390943379283,1.00079041923031,1.07538657079832,0.355047994330586,0.311808195745433
1,"lag_lm","rolling_one_step",8,1,9,3.33328676277722,2.39627136101563,1.00079041923031,1.35803440733622,0.560383263333349,0.877997863138427
1,"lag_lm","rolling_one_step",8,1,10,2.00671651933364,2.62184256744945,1.00079041923031,1.10861994310481,0.380137293751175,0.378380055070576
1,"lag_lm","rolling_one_step",8,1,11,0.773055199093769,2.62246869996445,1.00079041923031,2.62719349594539,1.31007959835469,3.42033029720276
1,"lag_lm","rolling_one_step",8,1,12,2.66780171752043,3.26236003808703,1.00079041923031,1.09619935654785,0.370791491393713,0.353499596554971
1,"gau_fit","recursive_multi_step",6,1,1,2.70855366736898,3.16842981748938,0.866107680994468,0.9161564276573,0.297592992659672,0.211486073449562
1,"gau_fit","recursive_multi_step",6,1,2,1.28869861852923,0.681557548251308,0.866107680994468,1.02089266284615,0.365571327215328,0.368620279218217
1,"gau_fit","recursive_multi_step",6,1,3,1.32090341339178,1.65199086930558,0.866107680994468,0.84825788308837,0.252291135716142,0.109618903463468
1,"gau_fit","recursive_multi_step",6,1,4,1.19863778160896,1.88786916529715,0.866107680994468,1.09182559819078,0.410360303460996,0.475039900260725
1,"gau_fit","recursive_multi_step",6,1,5,1.73162385287966,1.44834636492963,0.866107680994468,0.82867975780297,0.239041583722517,0.0802461351792782
1,"gau_fit","recursive_multi_step",6,1,6,0.291611609370306,1.08120002952824,0.866107680994468,1.19074678316816,0.471224135970976,0.623449873247506
1,"gau_fit","recursive_multi_step",6,1,7,2.35029691268505,2.09586811665241,0.866107680994468,0.818340307220665,0.232009888528688,0.0647340122506172
1,"gau_fit","recursive_multi_step",6,1,8,1.61744039916414,2.21080297859112,0.866107680994468,1.00986733884338,0.358520676874148,0.352079150664237
1,"gau_fit","recursive_multi_step",6,1,9,3.33912150198934,2.73226945836654,0.866107680994468,1.02065878970739,0.365422018198618,0.368269402849169
1,"gau_fit","recursive_multi_step",6,1,10,1.94686986444656,2.74904908101611,0.866107680994468,1.2041053262755,0.479305644900159,0.643491495496137
1,"gau_fit","recursive_multi_step",6,1,11,1.55341069472175,1.79112501751192,0.866107680994468,0.812857407087895,0.228271328077943,0.0565080992595865
1,"gau_fit","recursive_multi_step",6,1,12,4.77054666735346,3.51873340654649,0.866107680994468,1.81968498338938,0.820600930835189,1.56703643993217
1,"lag_lm","recursive_multi_step",6,1,1,2.70855366736898,3.25155456481388,1.00079041923031,1.06692084846711,0.348614236503187,0.294849974625968
1,"lag_lm","recursive_multi_step",6,1,2,1.28869861852923,0.469253081588878,1.00079041923031,1.25494400345514,0.487545083282977,0.671490988011457
1,"lag_lm","recursive_multi_step",6,1,3,1.32090341339178,1.55496950616725,1.00079041923031,0.947078854753365,0.255620246070175,0.0547869357871721
1,"lag_lm","recursive_multi_step",6,1,4,1.19863778160896,1.81886908030943,1.00079041923031,1.11176836839454,0.382500466756656,0.384686863887665
1,"lag_lm","recursive_multi_step",6,1,5,1.73162385287966,1.3271329527646,1.00079041923031,1.00140591475031,0.298226696398946,0.163612888275888
1,"lag_lm","recursive_multi_step",6,1,6,0.291611609370306,0.916371287928122,1.00079041923031,1.11458281348514,0.38461096488243,0.390324655951666
1,"lag_lm","recursive_multi_step",6,1,7,2.35029691268505,1.86223203678404,1.00079041923031,1.03864424111287,0.326997480940356,0.238207323088262
1,"lag_lm","recursive_multi_step",6,1,8,1.61744039916414,1.99082064215874,1.00079041923031,0.989324979097161,0.288817671309723,0.139412805858707
1,"lag_lm","recursive_multi_step",6,1,9,3.33912150198934,2.57423498879738,1.00079041923031,1.21179244108979,0.456374743367941,0.585051378062959
1,"lag_lm","recursive_multi_step",6,1,10,1.94686986444656,2.59300795496993,1.00079041923031,1.12814625144359,0.394755644556983,0.417494432025181
1,"lag_lm","recursive_multi_step",6,1,11,1.55341069472175,1.52128683134293,1.00079041923031,0.920243796816189,0.234291019329909,0.00103194259838111
1,"lag_lm","recursive_multi_step",6,1,12,4.77054666735346,3.45412730839547,1.00079041923031,1.78484046200779,0.839972152255353,1.73295992863935
1,"gau_fit","recursive_multi_step",7,2,1,2.04175998994145,3.01359736525171,1.29297749258754,1.45835813731089,0.580591954366037,0.944467884049919
1,"gau_fit","recursive_multi_step",7,2,2,0.598578322011317,0.700900198397727,1.29297749258754,1.17901752851325,0.305391059326373,0.0104697663872357
1,"gau_fit","recursive_multi_step",7,2,3,2.12855400891473,1.60336648908121,1.29297749258754,1.25837918225093,0.386114887920415,0.275821930988882
1,"gau_fit","recursive_multi_step",7,2,4,0.154747909015548,1.82272438438204,1.29297749258754,2.00797165425078,1.05874377639688,2.78214552237601
1,"gau_fit","recursive_multi_step",7,2,5,1.48429613037321,1.41398480103017,1.29297749258754,1.17736478483104,0.30368732069208,0.00494368303398553
1,"gau_fit","recursive_multi_step",7,2,6,0.539169966106918,1.07255259310911,1.29297749258754,1.26097373409853,0.388718632109973,0.284497026787759
1,"gau_fit","recursive_multi_step",7,2,7,2.49537206852539,2.09605017497016,1.29297749258754,1.22357699391157,0.350975007092022,0.15945797467254
1,"gau_fit","recursive_multi_step",7,2,8,0.151006878953344,2.20293525019754,1.29297749258754,2.43513769723578,1.38441626556404,4.21041004071686
1,"gau_fit","recursive_multi_step",7,2,9,2.52270029577036,2.68787935661738,1.29297749258754,1.18404637416544,0.310569306020358,0.027284122142303
1,"gau_fit","recursive_multi_step",7,2,10,2.91252876208842,2.70348377114343,1.29297749258754,1.18895598550342,0.31561642715218,0.0436998082391893
1,"gau_fit","recursive_multi_step",7,2,11,2.91361083405095,1.81265061693156,1.29297749258754,1.53840568758331,0.655095793307387,1.21211339967957
1,"gau_fit","recursive_multi_step",7,2,12,4.01946056945909,3.41926108751175,1.29297749258754,1.28362680513709,0.411358863278551,0.360239418129852
1,"lag_lm","recursive_multi_step",7,2,1,2.04175998994145,2.50741815065814,1.00079041923031,1.02797621198549,0.318790709018608,0.216837522642049
1,"lag_lm","recursive_multi_step",7,2,2,0.598578322011317,0.897461063220595,1.00079041923031,0.964323561486672,0.269227090915022,0.0893308929927721
1,"lag_lm","recursive_multi_step",7,2,3,2.12855400891473,1.52570241780997,1.00079041923031,1.10115673880142,0.374526065428291,0.363430040897542
1,"lag_lm","recursive_multi_step",7,2,4,0.154747909015548,1.67840585139672,1.00079041923031,2.0786625914868,1.01474432966454,2.32153352538121
1,"lag_lm","recursive_multi_step",7,2,5,1.48429613037321,1.39386657035078,1.00079041923031,0.923810936879102,0.237137254206218,0.0081775053258504
1,"lag_lm","recursive_multi_step",7,2,6,0.539169966106918,1.15618253160146,1.00079041923031,1.10978033344395,0.381008544059085,0.380704505978156
1,"lag_lm","recursive_multi_step",7,2,7,2.49537206852539,2.13032424171006,1.00079041923031,0.986253391701608,0.28641948808949,0.133259915862594
1,"lag_lm","recursive_multi_step",7,2,8,0.151006878953344,2.2047310368884,1.00079041923031,3.02529023044217,1.5038526063418,4.21778291688606
1,"lag_lm","recursive_multi_step",7,2,9,2.52270029577036,2.54231920551307,1.00079041923031,0.919920787154645,0.234033121599764,0.000384901619492443
1,"lag_lm","recursive_multi_step",7,2,10,2.91252876208842,2.55318203620339,1.00079041923031,0.984191728916328,0.284808463832375,0.129130069404288
1,"lag_lm","recursive_multi_step",7,2,11,2.91361083405095,1.93303895352788,1.00079041923031,1.39973014193245,0.589214057421679,0.961521212872545
1,"lag_lm","recursive_multi_step",7,2,12,4.01946056945909,3.05146204451153,1.00079041923031,1.38749945003594,0.580793684122405,0.937021144300652
1,"gau_fit","recursive_multi_step",8,3,1,1.62484048549314,2.2052964321344,1.00078851424688,1.08792593023371,0.364546440188288,0.336929105991203
1,"gau_fit","recursive_multi_step",8,3,2,2.07347139692628,1.2588623150024,1.00078851424688,1.2509980845897,0.484712268569087,0.663587956352857
1,"gau_fit","recursive_multi_step",8,3,3,1.8272032816737,1.6281821288137,1.00078851424688,0.939500250691182,0.249616840613064,0.0396094192857228
1,"gau_fit","recursive_multi_step",8,3,4,0.256107329332158,1.71795081922005,1.00078851424688,1.98653687791701,0.96132938372455,2.13698638892762
1,"gau_fit","recursive_multi_step",8,3,5,0.331136540689293,1.55068071907427,1.00078851424688,1.66219937610987,0.762989592318366,1.48728800303269
1,"gau_fit","recursive_multi_step",8,3,6,-0.324760562676088,1.41095507972315,1.00078851424688,2.42370837536632,1.2047306235118,3.01270879126941
1,"gau_fit","recursive_multi_step",8,3,7,1.37191679917155,2.50371291888613,1.00078851424688,1.55919910130316,0.696322809727231,1.28096245660099
1,"gau_fit","recursive_multi_step",8,3,8,0.465511550786962,2.54745391673802,1.00078851424688,3.08355498014257,1.53097639514383,4.33448401514187
1,"gau_fit","recursive_multi_step",8,3,9,3.33328676277722,2.74590949224346,1.00078851424688,1.09196104021568,0.367594682697193,0.345012057939682
1,"gau_fit","recursive_multi_step",8,3,10,2.00671651933364,2.75229534790022,1.00078851424688,1.19723282399337,0.445764598098116,0.555887789606721
1,"gau_fit","recursive_multi_step",8,3,11,0.773055199093769,2.38773620807763,1.00078851424688,2.22127073591038,1.09511621397281,2.60719476077315
1,"gau_fit","recursive_multi_step",8,3,12,2.66780171752043,3.04521570175775,1.00078851424688,0.99083521018566,0.289996853592188,0.142441315497884
1,"lag_lm","recursive_multi_step",8,3,1,1.62484048549314,1.96060171353136,1.00079041923031,0.976007438495359,0.278402345479479,0.112735602253732
1,"lag_lm","recursive_multi_step",8,3,2,2.07347139692628,1.02901258164979,1.00079041923031,1.46431450610384,0.633183845867849,1.09089421680877
1,"lag_lm","recursive_multi_step",8,3,3,1.8272032816737,1.39253954935645,1.00079041923031,1.01404576125596,0.308031418375219,0.188932560191959
1,"lag_lm","recursive_multi_step",8,3,4,0.256107329332158,1.4809002020971,1.00079041923031,1.66860311336804,0.767072674795294,1.50011758117579
1,"lag_lm","recursive_multi_step",8,3,5,0.331136540689293,1.31625376283225,1.00079041923031,1.4041904523606,0.59227731488891,0.970455941362658
1,"lag_lm","recursive_multi_step",8,3,6,-0.324760562676088,1.17871974465975,1.00079041923031,2.04817056808313,0.997198772889959,2.26045303454666
1,"lag_lm","recursive_multi_step",8,3,7,1.37191679917155,2.16922601277288,1.00079041923031,1.23707775531057,0.474689421751704,0.63570198209357
1,"lag_lm","recursive_multi_step",8,3,8,0.465511550786962,2.2122809253958,1.00079041923031,2.44292139093682,1.21487849629365,3.05120324807135
1,"lag_lm","recursive_multi_step",8,3,9,3.33328676277722,2.40762369036545,1.00079041923031,1.34747823178382,0.553027648644941,0.856852123626788
1,"lag_lm","recursive_multi_step",8,3,10,2.00671651933364,2.41390938275536,1.00079041923031,1.00250075317645,0.299077559724559,0.165806028021577
1,"lag_lm","recursive_multi_step",8,3,11,0.773055199093769,2.05506841703027,1.00079041923031,1.74021002456551,0.812249196194904,1.64355789096389
1,"lag_lm","recursive_multi_step",8,3,12,2.66780171752043,2.70223522944767,1.00079041923031,0.92032053752621,0.234352286650592,0.00118566674364305
2,"gau_fit","rolling_one_step",2,1,1,1.69574034517857,0.603669594155533,0.924535264366931,1.53810355735126,0.678256714387436,1.19261852524002
2,"gau_fit","rolling_one_step",2,1,2,0.974628198082372,0.641612544900828,0.924535264366931,0.905345709233352,0.263402233995587,0.11089942526393
2,"gau_fit","rolling_one_step",2,1,3,0.710719390886432,0.904988333559375,0.924535264366931,0.862550926908123,0.232284800138383,0.0377404220872632
2,"gau_fit","rolling_one_step",2,1,4,0.279312650824655,0.914890799450416,0.924535264366931,1.07677294463018,0.383816460273371,0.40395958301055
2,"gau_fit","rolling_one_step",2,1,5,-0.105718851159486,0.377259245785394,0.924535264366931,0.97692582290106,0.314487524683206,0.233267842128498
2,"gau_fit","rolling_one_step",2,1,6,-0.0744797727340679,0.551551784811081,0.924535264366931,1.06972769502581,0.378995956742495,0.391915511042405
2,"gau_fit","rolling_one_step",2,1,7,2.5818091378917,2.33288233656711,0.924535264366931,0.876720972145143,0.242636944556112,0.0619645524176918
2,"gau_fit","rolling_one_step",2,1,8,2.46675881987449,1.66367466353604,0.924535264366931,1.21773826893364,0.478094119466493,0.644944162161843
2,"gau_fit","rolling_one_step",2,1,9,1.01449712267198,2.07455687715548,0.924535264366931,1.49780487555689,0.654072044467686,1.12372668307561
2,"gau_fit","rolling_one_step",2,1,10,2.16135492724336,1.46270201709782,0.924535264366931,1.12600066279912,0.417205346576218,0.488115888854828
2,"gau_fit","rolling_one_step",2,1,11,3.11528214636587,1.51129786729695,0.924535264366931,2.34542855749796,1.11341377235865,2.57276556750025
2,"gau_fit","rolling_one_step",2,1,12,2.089288229513,1.86199388648838,0.924535264366931,0.870694854696352,0.238240399780711,0.0516627183709939
2,"lag_lm","rolling_one_step",2,1,1,1.69574034517857,0.435160344855398,1.08548980636758,1.67527943402291,0.779943461785851,1.58906193721476
2,"lag_lm","rolling_one_step",2,1,2,0.974628198082372,0.498568105183566,1.08548980636758,1.09714039385397,0.335656584554266,0.22663321205082
2,"lag_lm","rolling_one_step",2,1,3,0.710719390886432,0.93870437701988,1.08548980636758,1.02302606849317,0.272706392067953,0.0519771539022684
2,"lag_lm","rolling_one_step",2,1,4,0.279312650824655,0.955252725831546,1.08548980636758,1.19485069454115,0.416370125586607,0.456894985000321
2,"lag_lm","rolling_one_step",2,1,5,-0.105718851159486,0.0567982822514304,1.08548980636758,1.01217756089043,0.263362370279726,0.0264118186521017
2,"lag_lm","rolling_one_step",2,1,6,-0.0744797727340679,0.348064494405446,1.08548980636758,1.07673385934293,0.318476181298616,0.178543657692469
2,"lag_lm","rolling_one_step",2,1,7,2.5818091378917,2.4898815884221,1.08548980636758,1.0045558493583,0.256777476412219,0.00845067435148717
2,"lag_lm","rolling_one_step",2,1,8,2.46675881987449,1.37154579988076,1.08548980636758,1.50996741418309,0.6606028999608,1.19949155916379
2,"lag_lm","rolling_one_step",2,1,9,1.01449712267198,2.05818509420393,1.08548980636758,1.46320169729342,0.62580079677839,1.08928458192046
2,"lag_lm","rolling_one_step",2,1,10,2.16135492724336,1.03569354939515,1.08548980636758,1.53866242403813,0.681723953785374,1.26711353757913
2,"lag_lm","rolling_one_step",2,1,11,3.11528214636587,1.11690373368088,1.08548980636758,2.69559624058881,1.41389131715617,3.9935162802854
2,"lag_lm","rolling_one_step",2,1,12,2.089288229513,1.70296382379366,1.08548980636758,1.06430179338743,0.307953303965966,0.1492465464544
2,"gau_fit","rolling_one_step",3,1,1,2.03763925217013,1.7648219948049,0.972525497204866,0.930426553354989,0.257607489698296,0.0744292559162829
2,"gau_fit","rolling_one_step",3,1,2,1.26235006216816,1.22086442544675,0.972525497204866,0.891989384446465,0.227980216730172,0.00172105805418073
2,"gau_fit","rolling_one_step",3,1,3,0.136439041289465,1.02178971304232,0.972525497204866,1.30545942163459,0.528323485939688,0.783845811973232
2,"gau_fit","rolling_one_step",3,1,4,2.65817192361919,0.696366042572067,0.972525497204866,2.92568440044454,1.42888503061488,3.84868231491108
2,"gau_fit","rolling_one_step",3,1,5,0.932003726822771,0.40592467254523,0.972525497204866,1.03738820779602,0.338114974986334,0.276759171349551
2,"gau_fit","rolling_one_step",3,1,6,0.550478352702047,0.429489291776381,0.972525497204866,0.898818108813631,0.233271428924473,0.0146383528636745
2,"gau_fit","rolling_one_step",3,1,7,2.87602739104809,2.74133101144991,0.972525497204866,0.900670900187349,0.234704984907495,0.0181431146768578
2,"gau_fit","rolling_one_step",3,1,8,1.75700392667354,2.6545449385838,0.972525497204866,1.3169491244394,0.536133351528752,0.805579868060894
2,"gau_fit","rolling_one_step",3,1,9,1.22900424332271,1.55905827113089,0.972525497204866,0.948668355106351,0.271537092288165,0.108935661272403
2,"gau_fit","rolling_one_step",3,1,10,3.13787779736722,2.42416917834024,0.972525497204866,1.16036314145494,0.427332226150675,0.509379992873398
2,"gau_fit","rolling_one_step",3,1,11,3.46581639285949,3.14374647786013,0.972525497204866,0.945915870986687,0.269440620238256,0.103729030147695
2,"gau_fit","rolling_one_step",3,1,12,2.38219562833544,2.36980700196181,0.972525497204866,0.891160683713205,0.227337281744062,0.00015347806342552
2,"lag_lm","rolling_one_step",3,1,1,2.03763925217013,1.37184062590893,1.08548980636758,1.18907656593831,0.411670117450331,0.443287810731297
2,"lag_lm","rolling_one_step",3,1,2,1.26235006216816,0.918328569070521,1.08548980636758,1.05119135026915,0.29680967831081,0.118350787713126
2,"lag_lm","rolling_one_step",3,1,3,0.136439041289465,0.752354626666198,1.08548980636758,1.16194576433263,0.389470530831424,0.379352008309963
2,"lag_lm","rolling_one_step",3,1,4,2.65817192361919,0.481040159412785,1.08548980636758,3.01232116802143,1.58286481563446,4.7399027187165
2,"lag_lm","rolling_one_step",3,1,5,0.932003726822771,0.238891376986137,1.08548980636758,1.20482692365783,0.424470346794533,0.48040472949606
2,"lag_lm","rolling_one_step",3,1,6,0.550478352702047,0.258537833875675,1.08548980636758,1.0371364172583,0.284809761627951,0.085229266532611
2,"lag_lm","rolling_one_step",3,1,7,2.87602739104809,2.40124010800387,1.08548980636758,1.09662683189487,0.335225611422299,0.225422964140515
2,"lag_lm","rolling_one_step",3,1,8,1.75700392667354,2.32888422470055,1.08548980636758,1.13975045736026,0.3711659008623,0.327047075271458
2,"lag_lm","rolling_one_step",3,1,9,1.22900424332271,1.41554752385852,1.08548980636758,1.01573635806429,0.266431337644239,0.0347983955130638
2,"lag_lm","rolling_one_step",3,1,10,3.13787779736722,2.13681375678327,1.08548980636758,1.42621780213613,0.59793740179813,1.00212921335028
2,"lag_lm","rolling_one_step",3,1,11,3.46581639285949,2.73674470644273,1.08548980636758,1.22652823490008,0.442003041131602,0.531545523934577
2,"lag_lm","rolling_one_step",3,1,12,2.38219562833544,2.09149054811336,1.08548980636758,1.03683096443499,0.284548352110732,0.0845094436669299
2,"gau_fit","rolling_one_step",4,1,1,2.24328869834569,2.23131209428255,1.20547209836432,1.1058591603757,0.281760244333884,0.000143439044885194
2,"gau_fit","rolling_one_step",4,1,2,0.651514122913113,1.67699870127049,1.20547209836432,1.46764761628966,0.610176205910561,1.0516186204488
2,"gau_fit","rolling_one_step",4,1,3,-0.86570198320868,0.871999010495278,1.20547209836432,2.14478643356091,1.13821393541497,3.01960474351972
2,"gau_fit","rolling_one_step",4,1,4,1.68091974651417,2.67497824495454,1.20547209836432,1.44581031276499,0.591390857368515,0.988152298321517
2,"gau_fit","rolling_one_step",4,1,5,0.530174445218532,1.44080890219185,1.20547209836432,1.39113744183157,0.543806487235259,0.829255114227093
2,"gau_fit","rolling_one_step",4,1,6,1.08254623224795,1.16802730356216,1.20547209836432,1.10832398180559,0.284129965156316,0.00730701355302483
2,"gau_fit","rolling_one_step",4,1,7,3.67108022833318,3.18821874756109,1.20547209836432,1.18603315798847,0.357858439245929,0.233155209613411
2,"gau_fit","rolling_one_step",4,1,8,2.42985033703101,2.38814349642029,1.20547209836432,1.10640831471382,0.282288379093895,0.00173946055372776
2,"gau_fit","rolling_one_step",4,1,9,2.49711606446662,2.01063623879071,1.20547209836432,1.18723997760357,0.358988662307107,0.236662620789659
2,"gau_fit","rolling_one_step",4,1,10,2.06146335525796,3.37543558104742,1.20547209836432,1.69986671318942,0.802590318819727,1.7265230101461
2,"gau_fit","rolling_one_step",4,1,11,3.60941066484916,3.60990390320533,1.20547209836432,1.10580989000383,0.281712855122023,2.43284075998588e-07
2,"gau_fit","rolling_one_step",4,1,12,1.82919289227527,2.83514074325449,1.20547209836432,1.45399204492323,0.598443700036868,1.0119310788897
2,"lag_lm","rolling_one_step",4,1,1,2.24328869834569,2.08666316515447,1.08548980636758,1.01137968260702,0.262673813146546,0.0245315576474338
2,"lag_lm","rolling_one_step",4,1,2,0.651514122913113,1.59907881836705,1.08548980636758,1.38197974204959,0.564203803983231,0.897878852070707
2,"lag_lm","rolling_one_step",4,1,3,-0.86570198320868,0.890986152126587,1.08548980636758,2.31047690506191,1.19258252337849,3.0859532048277
2,"lag_lm","rolling_one_step",4,1,4,1.68091974651417,2.47692014431857,1.08548980636758,1.26984154157831,0.476642091745598,0.633616633304764
2,"lag_lm","rolling_one_step",4,1,5,0.530174445218532,1.39132188816583,1.08548980636758,1.31565303852136,0.512776417586711,0.741574918494663
2,"lag_lm","rolling_one_step",4,1,6,1.08254623224795,1.15137813205205,1.08548980636758,1.00298032472274,0.255414193210263,0.00473783043064126
2,"lag_lm","rolling_one_step",4,1,7,3.67108022833318,3.0860759780756,1.08548980636758,1.14619323535902,0.376492719182949,0.342229972819429
2,"lag_lm","rolling_one_step",4,1,8,2.42985033703101,2.38231494031951,1.08548980636758,1.00192870735996,0.254503842619518,0.00225961394051973
2,"lag_lm","rolling_one_step",4,1,9,2.49711606446662,2.0502525511742,1.08548980636758,1.08570591866593,0.326043891886202,0.199686999512046
2,"lag_lm","rolling_one_step",4,1,10,2.06146335525796,3.2507553789593,1.08548980636758,1.60116919873706,0.727134017748008,1.41441551763964
2,"lag_lm","rolling_one_step",4,1,11,3.60941066484916,3.45699806611592,1.08548980636758,1.01082720423903,0.262196925487934,0.0232296002526193
2,"lag_lm","rolling_one_step",4,1,12,1.82919289227527,2.77550201348244,1.08548980636758,1.38097069377395,0.563429130409424,0.895500952879885
2,"gau_fit","rolling_one_step",5,1,1,3.02147279366226,2.02224930118713,1.19846495936173,1.44755192027871,0.59444257129911,0.998447587914207
2,"gau_fit","rolling_one_step",5,1,2,2.39319416905305,1.18889400247229,1.19846495936173,1.60486082467297,0.725995355324014,1.45033889122644
2,"gau_fit","rolling_one_step",5,1,3,0.626443125245191,0.394572934120963,1.19846495936173,1.11869590366033,0.297916390427453,0.0537637855319858
2,"gau_fit","rolling_one_step",5,1,4,4.23282435836524,1.7278274948116,1.19846495936173,3.28438775596667,1.84476550699628,6.2750092864136
2,"gau_fit","rolling_one_step",5,1,5,1.35305854777212,1.12536800770406,1.19846495936173,1.11802724840802,0.297280893898521,0.0518429820364854
2,"gau_fit","rolling_one_step",5,1,6,0.747298158953723,1.41455591325687,1.19846495936173,1.25497110685515,0.424570337559875,0.445232910677673
2,"gau_fit","rolling_one_step",5,1,7,3.62092463366332,3.36733496013162,1.19846495936173,1.12236637743074,0.30140233634359,0.0643077225219108
2,"gau_fit","rolling_one_step",5,1,8,1.19186794358094,2.71750330506903,1.19846495936173,1.91023338385717,0.965019514594938,2.32756325622291
2,"gau_fit","rolling_one_step",5,1,9,1.35228768433921,2.75271950417508,1.19846495936173,1.78270107269808,0.867659804547076,1.9612092820088
2,"gau_fit","rolling_one_step",5,1,10,3.55051442244579,2.52463853139044,1.19846495936173,1.46634084661973,0.610482199705207,1.05242134384859
2,"gau_fit","rolling_one_step",5,1,11,3.44284203969484,3.33504856839498,1.19846495936173,1.10402493752229,0.283940486193497,0.0116194324548739
2,"gau_fit","rolling_one_step",5,1,12,3.60504932406889,2.40303599793563,1.19846495936173,1.60294521335538,0.724429829498218,1.44483603620196
2,"lag_lm","rolling_one_step",5,1,1,3.02147279366226,2.28425380952189,1.08548980636758,1.23159758357735,0.446081419968464,0.54349183057696
2,"lag_lm","rolling_one_step",5,1,2,2.39319416905305,1.28317656427724,1.08548980636758,1.52382120902402,0.670821920679275,1.23213908291222
2,"lag_lm","rolling_one_step",5,1,3,0.626443125245191,0.328989618839662,1.08548980636758,1.03851524892346,0.285989451291412,0.0884785884729441
2,"lag_lm","rolling_one_step",5,1,4,4.23282435836524,1.93057636687419,1.08548980636758,3.25014207371701,1.70307739834281,5.30034581432456
2,"lag_lm","rolling_one_step",5,1,5,1.35305854777212,1.20686526231267,1.08548980636758,1.01003914421021,0.261516537112779,0.021372476713429
2,"lag_lm","rolling_one_step",5,1,6,0.747298158953723,1.5542554238624,1.08548980636758,1.27729447002173,0.482555518024033,0.651180027388893
2,"lag_lm","rolling_one_step",5,1,7,3.62092463366332,3.65434619743838,1.08548980636758,1.00144384589177,0.254084006517735,0.00111700092517089
2,"lag_lm","rolling_one_step",5,1,8,1.19186794358094,2.87372875356294,1.08548980636758,2.20129417786367,1.12623274030464,2.82865578415333
2,"lag_lm","rolling_one_step",5,1,9,1.35228768433921,2.91603260120564,1.08548980636758,2.038618507665,1.0240752453865,2.4452981650256
2,"lag_lm","rolling_one_step",5,1,10,3.55051442244579,2.64204781670847,1.08548980636758,1.351186221723,0.540456272645205,0.825311573739881
2,"lag_lm","rolling_one_step",5,1,11,3.44284203969484,3.61556181321661,1.08548980636758,1.01362894678495,0.264614426777503,0.0298321201654112
2,"lag_lm","rolling_one_step",5,1,12,3.60504932406889,2.49597143200983,1.08548980636758,1.52293631838347,0.67017042130499,1.23005377065417
2,"gau_fit","rolling_one_step",6,1,1,2.15831169113862,1.8312025174595,1.37784556815836,1.26764049791481,0.352831860041659,0.107000411505036
2,"gau_fit","rolling_one_step",6,1,2,3.67796383784709,1.34866351305833,1.37784556815836,2.66841903601676,1.60350338663833,5.42564000306103
2,"gau_fit","rolling_one_step",6,1,3,1.81157760446947,-0.0082603998537728,1.37784556815836,2.11169637349003,1.16248948876581,3.31181036197921
2,"gau_fit","rolling_one_step",6,1,4,1.75864486093925,2.7615610480798,1.37784556815836,1.50436953615288,0.601019345923126,1.00584087842853
2,"gau_fit","rolling_one_step",6,1,5,2.57954909474714,0.549804555462453,1.37784556815836,2.32451444963297,1.33821640107198,4.119862894756
2,"gau_fit","rolling_one_step",6,1,6,1.57968824747446,0.0845603095549831,1.37784556815836,1.82820245923421,0.912485721075921,2.23540755074736
2,"gau_fit","rolling_one_step",6,1,7,2.689604125966,2.58253587770942,1.37784556815836,1.24247881904092,0.325313100367723,0.0114636097847315
2,"gau_fit","rolling_one_step",6,1,8,1.90733217038628,0.716939069294375,1.37784556815836,1.61266657721501,0.708549483336098,1.41703573512721
2,"gau_fit","rolling_one_step",6,1,9,0.806690767028817,0.840146797457877,1.37784556815836,1.23975442335233,0.322319657351402,0.00111930597207022
2,"gau_fit","rolling_one_step",6,1,10,4.12336232114363,2.52845847973697,1.37784556815836,1.90940274021275,0.986095114984373,2.54371826333375
2,"gau_fit","rolling_one_step",6,1,11,1.79682039787818,2.44576248732363,1.37784556815836,1.35037220863991,0.441723671350134,0.421125835453836
2,"gau_fit","rolling_one_step",6,1,12,2.38151603879569,2.57034310879099,1.37784556815836,1.24885031826754,0.332303224247393,0.0356556623630108
2,"lag_lm","rolling_one_step",6,1,1,2.15831169113862,2.10197976163789,1.08548980636758,1.00231641912818,0.254839509079585,0.0031732862812751
2,"lag_lm","rolling_one_step",6,1,2,3.67796383784709,1.70685130282395,1.08548980636758,2.64966874087633,1.3884656623381,3.88528462572536
2,"lag_lm","rolling_one_step",6,1,3,1.81157760446947,0.595730233756972,1.08548980636758,1.6282717851756,0.746574267699515,1.4782848288685
2,"lag_lm","rolling_one_step",6,1,4,1.75864486093925,2.86380653417953,1.08548980636758,1.5192566382994,0.667459472083121,1.22138232399926
2,"lag_lm","rolling_one_step",6,1,5,2.57954909474714,1.05270333582946,1.08548980636758,1.99022618680929,0.992880116826237,2.3312579715249
2,"lag_lm","rolling_one_step",6,1,6,1.57968824747446,0.671736740008655,1.08548980636758,1.35078919071896,0.540148641390379,0.824375939909434
2,"lag_lm","rolling_one_step",6,1,7,2.689604125966,2.95112400289041,1.08548980636758,1.02999189113428,0.278688493866912,0.0683926460265596
2,"lag_lm","rolling_one_step",6,1,8,1.90733217038628,1.42347466272557,1.08548980636758,1.10031655914983,0.338320376124429,0.234118087719637
2,"lag_lm","rolling_one_step",6,1,9,0.806690767028817,1.52436366713595,1.08548980636758,1.2195303147351,0.436362423637209,0.515054391548188
2,"lag_lm","rolling_one_step",6,1,10,4.12336232114363,2.90684256921845,1.08548980636758,1.6289657911357,0.747070119900806,1.47992030682412
2,"lag_lm","rolling_one_step",6,1,11,1.79682039787818,2.83912671674986,1.08548980636758,1.4619786859126,0.624884243844311,1.08640246235984
2,"lag_lm","rolling_one_step",6,1,12,2.38151603879569,2.94113991881125,1.08548980636758,1.13386556895496,0.366290698785278,0.313178887083674
2,"gau_fit","rolling_one_step",7,1,1,3.04119082188646,1.71384580441421,0.944441216933024,1.84939195329837,0.862938959034358,1.76184479540842
2,"gau_fit","rolling_one_step",7,1,2,1.92982351474874,2.5380674743245,0.944441216933024,1.06916094198937,0.371801103706004,0.36996071436039
2,"gau_fit","rolling_one_step",7,1,3,0.939965645456262,1.52578582730151,0.944441216933024,1.05415177545329,0.361201296687678,0.343185285457198
2,"gau_fit","rolling_one_step",7,1,4,1.42498571898953,1.49707641879647,0.944441216933024,0.864689957814415,0.222905402100479,0.0051970689986543
2,"gau_fit","rolling_one_step",7,1,5,1.34951259544342,1.94231453456597,0.944441216933024,1.05876452074614,0.364464272577141,0.351414139027463
2,"gau_fit","rolling_one_step",7,1,6,1.37277150970827,1.40001478590179,0.944441216933024,0.86219274555655,0.221024658706841,0.000742196097756242
2,"gau_fit","rolling_one_step",7,1,7,2.54778992609313,2.57596230998882,0.944441216933024,0.862221607044089,0.221046404306625,0.000793683214366133
2,"gau_fit","rolling_one_step",7,1,8,2.98722199837954,2.15167738468638,0.944441216933024,1.25312137616535,0.497782696412116,0.698134801471645
2,"gau_fit","rolling_one_step",7,1,9,1.54379013518997,1.55471675957714,0.944441216933024,0.861843627577638,0.220761600260104,0.000119391120498239
2,"gau_fit","rolling_one_step",7,1,10,3.86526206284414,3.35359722889871,0.944441216933024,1.00853115198119,0.328671214860467,0.261800902296411
2,"gau_fit","rolling_one_step",7,1,11,-0.00840082945445286,2.09173853757675,0.944441216933024,3.33416324876063,1.5759229216341,4.41058536095423
2,"gau_fit","rolling_one_step",7,1,12,1.48555034494913,2.4088629654204,0.944441216933024,1.33965541317648,0.554661405503669,0.852506195121525
2,"lag_lm","rolling_one_step",7,1,1,3.04119082188646,1.59754857267978,1.08548980636758,1.8853473275166,0.923932041470476,2.08410294369453
2,"lag_lm","rolling_one_step",7,1,2,1.92982351474874,2.55326755967492,1.08548980636758,1.16590509681155,0.392722188141065,0.388682477153907
2,"lag_lm","rolling_one_step",7,1,3,0.939965645456262,1.37948528050737,1.08548980636758,1.08294365288068,0.323716348234338,0.193177509595463
2,"lag_lm","rolling_one_step",7,1,4,1.42498571898953,1.34619553842057,1.08548980636758,1.0036041373959,0.255954056642212,0.00620789255408871
2,"lag_lm","rolling_one_step",7,1,5,1.34951259544342,1.86246747897895,1.08548980636758,1.11262451012451,0.348616948863262,0.263122712542955
2,"lag_lm","rolling_one_step",7,1,6,1.37277150970827,1.23364857581002,1.08548980636758,1.00918312014309,0.260777268486205,0.0193551907364564
2,"lag_lm","rolling_one_step",7,1,7,2.54778992609313,2.40382692662522,1.08548980636758,1.00976453756401,0.261279407737794,0.0207253452157972
2,"lag_lm","rolling_one_step",7,1,8,2.98722199837954,1.91185107375607,1.08548980636758,1.49169135210746,0.647058793866964,1.15642262552554
2,"lag_lm","rolling_one_step",7,1,9,1.54379013518997,1.2196506321352,1.08548980636758,1.04555420174405,0.292003428206814,0.105066417440593
2,"lag_lm","rolling_one_step",7,1,10,3.86526206284414,3.30552665630291,1.08548980636758,1.13391854337188,0.366334625391863,0.313303725335881
2,"lag_lm","rolling_one_step",7,1,11,-0.00840082945445286,1.84234951084823,1.08548980636758,2.4544669918758,1.27755037321361,3.4252768221305
2,"lag_lm","rolling_one_step",7,1,12,1.48555034494913,2.21006835153721,1.08548980636758,1.22371942186302,0.439740508818041,0.524926341870361
2,"gau_fit","rolling_one_step",8,1,1,2.3690724481036,1.9827049987965,1.01802206017409,1.00882071335816,0.295714170777837,0.149279805884071
2,"gau_fit","rolling_one_step",8,1,2,2.30851653954229,1.22417256108309,1.01802206017409,1.50407006080486,0.659598664258362,1.17580186362073
2,"gau_fit","rolling_one_step",8,1,3,3.4039777451781,0.548572966095912,1.01802206017409,4.87040732149802,2.28257187197106,8.15333645240542
2,"gau_fit","rolling_one_step",8,1,4,0.927017741957384,0.879609749663578,1.01802206017409,0.937884444418359,0.238787239859025,0.00224751773332953
2,"gau_fit","rolling_one_step",8,1,5,0.326046680045483,0.828097695981955,1.01802206017409,1.05840509167709,0.334727714555514,0.252055222602843
2,"gau_fit","rolling_one_step",8,1,6,0.756226911983617,0.843972412488888,1.01802206017409,0.940514663757573,0.240921965172249,0.00769927285892055
2,"gau_fit","rolling_one_step",8,1,7,1.81516365407565,2.04413179057475,1.01802206017409,0.962093434611049,0.258365320508227,0.0524264075318696
2,"gau_fit","rolling_one_step",8,1,8,3.92623867915405,2.34405376853839,1.01802206017409,2.14453081206048,1.06050493544724,2.5033090913799
2,"gau_fit","rolling_one_step",8,1,9,0.598377789837525,1.35888002550446,1.01802206017409,1.21583379449148,0.454575365062417,0.578363650454414
2,"gau_fit","rolling_one_step",8,1,10,2.59387347574804,2.94333527180997,1.01802206017409,0.995719076197802,0.285299918556399,0.122123546906827
2,"gau_fit","rolling_one_step",8,1,11,-0.342995921945998,0.299475822549477,1.01802206017409,1.13594250019346,0.394500546363458,0.412769942475059
2,"gau_fit","rolling_one_step",8,1,12,0.122299000834066,1.31913009784367,1.01802206017409,1.62786903211431,0.742525530230355,1.4324046747692
2,"lag_lm","rolling_one_step",8,1,1,2.3690724481036,1.99938954631136,1.08548980636758,1.05896307428884,0.303421282801181,0.136665447877528
2,"lag_lm","rolling_one_step",8,1,2,2.30851653954229,1.30044351497269,1.08548980636758,1.43219342443039,0.602460076539429,1.0162112228649
2,"lag_lm","rolling_one_step",8,1,3,3.4039777451781,0.677915548846735,1.08548980636758,4.15444945332232,2.11784030460868,7.43141509826701
2,"lag_lm","rolling_one_step",8,1,4,0.927017741957384,0.982947785568503,1.08548980636758,1.00229727419148,0.254822935121718,0.00312816977834167
2,"lag_lm","rolling_one_step",8,1,5,0.326046680045483,0.935482253843309,1.08548980636758,1.15857634662963,0.386700110456254,0.371411718610284
2,"lag_lm","rolling_one_step",8,1,6,0.756226911983617,0.95010993428186,1.08548980636758,1.01692122565979,0.267452316511453,0.0375906263355011
2,"lag_lm","rolling_one_step",8,1,7,1.81516365407565,2.16123168895497,1.08548980636758,1.05179065065607,0.297320119594675,0.119763084765234
2,"lag_lm","rolling_one_step",8,1,8,3.92623867915405,2.43759333914471,1.08548980636758,1.94134466909527,0.960977208376833,2.21606494833151
2,"lag_lm","rolling_one_step",8,1,9,0.598377789837525,1.52980977757635,1.08548980636758,1.36911646023418,0.554310667670417,0.867565547783092
2,"lag_lm","rolling_one_step",8,1,10,2.59387347574804,2.98979837025585,1.08548980636758,1.06748860971481,0.310654804138013,0.15675652209102
2,"lag_lm","rolling_one_step",8,1,11,-0.342995921945998,0.553626919172797,1.08548980636758,1.34211413902693,0.533417693792511,0.80393251921594
2,"lag_lm","rolling_one_step",8,1,12,0.122299000834066,1.49318239975679,1.08548980636758,1.79844937495985,0.865354657837528,1.87932129344193
2,"gau_fit","recursive_multi_step",6,1,1,2.15831169113862,1.8312025174595,1.37784556815836,1.26764049791481,0.352831860041659,0.107000411505036
2,"gau_fit","recursive_multi_step",6,1,2,3.67796383784709,1.34866351305833,1.37784556815836,2.66841903601676,1.60350338663833,5.42564000306103
2,"gau_fit","recursive_multi_step",6,1,3,1.81157760446947,-0.0082603998537728,1.37784556815836,2.11169637349003,1.16248948876581,3.31181036197921
2,"gau_fit","recursive_multi_step",6,1,4,1.75864486093925,2.7615610480798,1.37784556815836,1.50436953615288,0.601019345923126,1.00584087842853
2,"gau_fit","recursive_multi_step",6,1,5,2.57954909474714,0.549804555462453,1.37784556815836,2.32451444963297,1.33821640107198,4.119862894756
2,"gau_fit","recursive_multi_step",6,1,6,1.57968824747446,0.0845603095549831,1.37784556815836,1.82820245923421,0.912485721075921,2.23540755074736
2,"gau_fit","recursive_multi_step",6,1,7,2.689604125966,2.58253587770942,1.37784556815836,1.24247881904092,0.325313100367723,0.0114636097847315
2,"gau_fit","recursive_multi_step",6,1,8,1.90733217038628,0.716939069294375,1.37784556815836,1.61266657721501,0.708549483336098,1.41703573512721
2,"gau_fit","recursive_multi_step",6,1,9,0.806690767028817,0.840146797457877,1.37784556815836,1.23975442335233,0.322319657351402,0.00111930597207022
2,"gau_fit","recursive_multi_step",6,1,10,4.12336232114363,2.52845847973697,1.37784556815836,1.90940274021275,0.986095114984373,2.54371826333375
2,"gau_fit","recursive_multi_step",6,1,11,1.79682039787818,2.44576248732363,1.37784556815836,1.35037220863991,0.441723671350134,0.421125835453836
2,"gau_fit","recursive_multi_step",6,1,12,2.38151603879569,2.57034310879099,1.37784556815836,1.24885031826754,0.332303224247393,0.0356556623630108
2,"lag_lm","recursive_multi_step",6,1,1,2.15831169113862,2.10197976163789,1.08548980636758,1.00231641912818,0.254839509079585,0.0031732862812751
2,"lag_lm","recursive_multi_step",6,1,2,3.67796383784709,1.70685130282395,1.08548980636758,2.64966874087633,1.3884656623381,3.88528462572536
2,"lag_lm","recursive_multi_step",6,1,3,1.81157760446947,0.595730233756972,1.08548980636758,1.6282717851756,0.746574267699515,1.4782848288685
2,"lag_lm","recursive_multi_step",6,1,4,1.75864486093925,2.86380653417953,1.08548980636758,1.5192566382994,0.667459472083121,1.22138232399926
2,"lag_lm","recursive_multi_step",6,1,5,2.57954909474714,1.05270333582946,1.08548980636758,1.99022618680929,0.992880116826237,2.3312579715249
2,"lag_lm","recursive_multi_step",6,1,6,1.57968824747446,0.671736740008655,1.08548980636758,1.35078919071896,0.540148641390379,0.824375939909434
2,"lag_lm","recursive_multi_step",6,1,7,2.689604125966,2.95112400289041,1.08548980636758,1.02999189113428,0.278688493866912,0.0683926460265596
2,"lag_lm","recursive_multi_step",6,1,8,1.90733217038628,1.42347466272557,1.08548980636758,1.10031655914983,0.338320376124429,0.234118087719637
2,"lag_lm","recursive_multi_step",6,1,9,0.806690767028817,1.52436366713595,1.08548980636758,1.2195303147351,0.436362423637209,0.515054391548188
2,"lag_lm","recursive_multi_step",6,1,10,4.12336232114363,2.90684256921845,1.08548980636758,1.6289657911357,0.747070119900806,1.47992030682412
2,"lag_lm","recursive_multi_step",6,1,11,1.79682039787818,2.83912671674986,1.08548980636758,1.4619786859126,0.624884243844311,1.08640246235984
2,"lag_lm","recursive_multi_step",6,1,12,2.38151603879569,2.94113991881125,1.08548980636758,1.13386556895496,0.366290698785278,0.313178887083674
2,"gau_fit","recursive_multi_step",7,2,1,3.04119082188646,1.53642989383444,1.20434230818668,1.88543006002865,0.947272349453819,2.26430545059198
2,"gau_fit","recursive_multi_step",7,2,2,1.92982351474874,1.27471269436493,1.20434230818668,1.25281693453613,0.42020839811489,0.429170186983959
2,"gau_fit","recursive_multi_step",7,2,3,0.939965645456262,0.538750786329555,1.20434230818668,1.16036335124133,0.334283955280358,0.160973363184063
2,"gau_fit","recursive_multi_step",7,2,4,1.42498571898953,2.04103330809873,1.20434230818668,1.23569952829938,0.404493107740957,0.379514632047255
2,"gau_fit","recursive_multi_step",7,2,5,1.34951259544342,0.841431390167369,1.20434230818668,1.19386115931615,0.365714563351533,0.258146511154761
2,"gau_fit","recursive_multi_step",7,2,6,1.37277150970827,0.589094439169352,1.20434230818668,1.31658362377941,0.478002265761832,0.614149750888458
2,"gau_fit","recursive_multi_step",7,2,7,2.54778992609313,2.5178911451084,1.20434230818668,1.10518030938739,0.281744852665086,0.000893937104373302
2,"gau_fit","recursive_multi_step",7,2,8,2.98722199837954,1.50603766262446,1.20434230818668,1.86116211550144,0.928767299675343,2.19390703648621
2,"gau_fit","recursive_multi_step",7,2,9,1.54379013518997,1.57286248149681,1.20434230818668,1.10516350904704,0.281728710391947,0.000845201319784993
2,"gau_fit","recursive_multi_step",7,2,10,3.86526206284414,2.48856090439653,1.20434230818668,1.75822753170703,0.848897727791796,1.895306079671
2,"gau_fit","recursive_multi_step",7,2,11,-0.00840082945445286,2.44370864718133,1.20434230818668,3.17763601588581,1.79119020597753,6.01284088540699
2,"gau_fit","recursive_multi_step",7,2,12,1.48555034494913,2.51127808936366,1.20434230818668,1.46756109799895,0.610333325981877,1.05211740566173
2,"lag_lm","recursive_multi_step",7,2,1,3.04119082188646,1.56212106072283,1.08548980636758,1.92928582310206,0.953045073875266,2.18764735838864
2,"lag_lm","recursive_multi_step",7,2,2,1.92982351474874,1.31362223735161,1.08548980636758,1.16209513609918,0.389593279081334,0.37970401426586
2,"lag_lm","recursive_multi_step",7,2,3,0.939965645456262,0.614831066715797,1.08548980636758,1.04582836085732,0.292237383514315,0.105712494292739
2,"lag_lm","recursive_multi_step",7,2,4,1.42498571898953,2.04123880677827,1.08548980636758,1.16212223216432,0.389615545008611,0.37976786820916
2,"lag_lm","recursive_multi_step",7,2,5,1.34951259544342,0.902224383102513,1.08548980636758,1.08586706150558,0.326179609576311,0.200066744899122
2,"lag_lm","recursive_multi_step",7,2,6,1.37277150970827,0.662632046247354,1.08548980636758,1.21496592432688,0.432676643706666,0.504298057564555
2,"lag_lm","recursive_multi_step",7,2,7,2.54778992609313,2.56829845545151,1.08548980636758,1.00114833194359,0.253828091029801,0.000420599776443434
2,"lag_lm","recursive_multi_step",7,2,8,2.98722199837954,1.60754998217198,1.08548980636758,1.80870729849297,0.872340123263122,1.90349487230623
2,"lag_lm","recursive_multi_step",7,2,9,1.54379013518997,1.67099972447181,1.08548980636758,1.00783671297914,0.259614075453913,0.0161822796052552
2,"lag_lm","recursive_multi_step",7,2,10,3.86526206284414,2.54044957765186,1.08548980636758,1.74574869401381,0.829160577853578,1.75512812092135
2,"lag_lm","recursive_multi_step",7,2,11,-0.00840082945445286,2.49786264348738,1.08548980636758,3.66642853415608,1.90158636923512,6.28135659580244
2,"lag_lm","recursive_multi_step",7,2,12,1.48555034494913,2.56201940090414,1.08548980636758,1.4926940792264,0.647803770747501,1.15878562842867
2,"gau_fit","recursive_multi_step",8,3,1,2.3690724481036,0.955672830763008,1.30844805720905,1.77120787825519,0.861895091266019,1.99769847829853
2,"gau_fit","recursive_multi_step",8,3,2,2.30851653954229,0.777045131324537,1.30844805720905,1.87275543076623,0.949196070347954,2.34540467418847
2,"gau_fit","recursive_multi_step",8,3,3,3.4039777451781,0.274735070032526,1.30844805720905,4.04757934240546,2.39833200885939,9.79215971995225
2,"gau_fit","recursive_multi_step",8,3,4,0.927017741957384,1.30007567169791,1.30844805720905,1.22842550869723,0.347925841249356,0.139172218942286
2,"gau_fit","recursive_multi_step",8,3,5,0.326046680045483,0.481321186794384,1.30844805720905,1.1948216519161,0.313120250590844,0.0241101724461144
2,"gau_fit","recursive_multi_step",8,3,6,0.756226911983617,0.309095711619436,1.30844805720905,1.24616873375133,0.366148389446415,0.199926310339113
2,"gau_fit","recursive_multi_step",8,3,7,1.81516365407565,2.02372522014628,1.30844805720905,1.20048384324556,0.319012130659636,0.0434979268418301
2,"gau_fit","recursive_multi_step",8,3,8,3.92623867915405,1.33311313920062,1.30844805720905,3.15161130101624,1.87823722932925,6.72430006595875
2,"gau_fit","recursive_multi_step",8,3,9,0.598377789837525,1.37872253623206,1.30844805720905,1.36562052589126,0.486127878811371,0.60893792322555
2,"gau_fit","recursive_multi_step",8,3,10,2.59387347574804,2.00370669085987,1.30844805720905,1.28950032726085,0.410208118857112,0.348296833985241
2,"gau_fit","recursive_multi_step",8,3,11,-0.342995921945998,1.97309404661175,1.30844805720905,2.75441548546113,1.61813985925632,5.36427274245382
2,"gau_fit","recursive_multi_step",8,3,12,0.122299000834066,2.0192116653003,1.30844805720905,2.23865683395155,1.24461805211779,3.5982776566124
2,"lag_lm","recursive_multi_step",8,3,1,2.3690724481036,1.06919308201115,1.08548980636758,1.71797885002032,0.809879224335552,1.68968636639289
2,"lag_lm","recursive_multi_step",8,3,2,2.30851653954229,0.912910577323331,1.08548980636758,1.82747228845362,0.885069289286689,1.94771600178111
2,"lag_lm","recursive_multi_step",8,3,3,3.4039777451781,0.473436325819297,1.08548980636758,4.64527079529495,2.32042279468595,8.58807301057753
2,"lag_lm","recursive_multi_step",8,3,4,0.927017741957384,1.37051330710563,1.08548980636758,1.08443344415156,0.324971938264346,0.19668831630616
2,"lag_lm","recursive_multi_step",8,3,5,0.326046680045483,0.654179826758776,1.08548980636758,1.0466595954452,0.292946593380038,0.107671361971967
2,"lag_lm","recursive_multi_step",8,3,6,0.756226911983617,0.503498668595718,1.08548980636758,1.02807339558767,0.277042306410985,0.0638715650059329
2,"lag_lm","recursive_multi_step",8,3,7,1.81516365407565,2.17412963467604,1.08548980636758,1.05564942267919,0.300604338843137,0.128856575228397
2,"lag_lm","recursive_multi_step",8,3,8,3.92623867915405,1.5699087545038,1.08548980636758,3.35705348836146,1.75543393671587,5.55229071380227
2,"lag_lm","recursive_multi_step",8,3,9,0.598377789837525,1.60981270460662,1.08548980636758,1.4350744532023,0.604637731559859,1.02300058681396
2,"lag_lm","recursive_multi_step",8,3,10,2.59387347574804,2.15661529671568,1.08548980636758,1.08210226509463,0.32300696045753,0.19119471513069
2,"lag_lm","recursive_multi_step",8,3,11,-0.342995921945998,2.12983210053025,1.08548980636758,3.59578445132467,1.86888067357714,6.11487842874379
2,"lag_lm","recursive_multi_step",8,3,12,0.122299000834066,2.17018069697718,1.08548980636758,2.78059377122623,1.460306920305,4.19381944139798
3,"gau_fit","rolling_one_step",2,1,1,-0.725925122429719,0.299158634022472,0.690556189205296,1.65044989022249,0.677413394356032,1.05079670774214
3,"gau_fit","rolling_one_step",2,1,2,1.16671265985287,0.91023643327107,0.690556189205296,0.617651545763413,0.198950524366613,0.0657800548016364
3,"gau_fit","rolling_one_step",2,1,3,0.282360768691639,0.826904080817138,0.690556189205296,0.859592120873847,0.324332683858464,0.296527418780609
3,"gau_fit","rolling_one_step",2,1,4,-0.368448110819573,0.412238327146258,0.690556189205296,1.1877164590401,0.480273408710895,0.609471314423777
3,"gau_fit","rolling_one_step",2,1,5,-0.310402680674384,0.477776927146005,0.690556189205296,1.2000424941765,0.48584845883198,0.621227094183902
3,"gau_fit","rolling_one_step",2,1,6,2.85194854332419,1.07360041627227,0.690556189205296,3.86461189679866,1.39093057052635,3.16252206098906
3,"gau_fit","rolling_one_step",2,1,7,1.74268690374047,1.54792929699644,0.690556189205296,0.588451077131792,0.183148314602296,0.0379305253846634
3,"gau_fit","rolling_one_step",2,1,8,0.911473701654305,1.51591775428437,0.690556189205296,0.931755922558456,0.359937908695571,0.365352612759851
3,"gau_fit","rolling_one_step",2,1,9,0.60892791022621,1.4783299986252,0.690556189205296,1.34120623272759,0.548362276175368,0.755859991312518
3,"gau_fit","rolling_one_step",2,1,10,0.53105305242133,2.23250419676425,0.690556189205296,3.58404563074523,1.31494047560505,2.89493599658584
3,"gau_fit","rolling_one_step",2,1,11,0.900051670075485,1.78944452672582,0.690556189205296,1.37807143774714,0.56429752308112,0.791019653460642
3,"gau_fit","rolling_one_step",2,1,12,1.25451753786094,1.79328677626707,0.690556189205296,0.853033567469592,0.321057746860288,0.290272292252715
3,"lag_lm","rolling_one_step",2,1,1,-0.725925122429719,0.0748512861520619,1.03232922576554,1.25161038079004,0.477341265726008,0.641242856541135
3,"lag_lm","rolling_one_step",2,1,2,1.16671265985287,1.1166064892848,1.03232922576554,0.951934087114201,0.2422201935417,0.00251062832899558
3,"lag_lm","rolling_one_step",2,1,3,0.282360768691639,0.974542889748179,1.03232922576554,1.17554478280828,0.419766964026954,0.479116088710331
3,"lag_lm","rolling_one_step",2,1,4,-0.368448110819573,0.267627654112426,1.03232922576554,1.14058022612818,0.39283933499289,0.404592378733828
3,"lag_lm","rolling_one_step",2,1,5,-0.310402680674384,0.379356762320457,1.03232922576554,1.1739739898531,0.418563580929972,0.475768089200554
3,"lag_lm","rolling_one_step",2,1,6,2.85194854332419,1.39510667290342,1.03232922576554,1.94652467809621,0.948268537533076,2.12238823541109
3,"lag_lm","rolling_one_step",2,1,7,1.74268690374047,1.22609211588863,1.03232922576554,1.07596460506176,0.342282338658203,0.266870174835688
3,"lag_lm","rolling_one_step",2,1,8,0.911473701654305,1.17151937372452,1.03232922576554,0.982483445011605,0.267245948547555,0.067623751562448
3,"lag_lm","rolling_one_step",2,1,9,0.60892791022621,1.1074403970702,1.03232922576554,1.06735270078874,0.3354646798949,0.24851469953938
3,"lag_lm","rolling_one_step",2,1,10,0.53105305242133,2.39314394569512,1.03232922576554,2.57756046566105,1.3088567284393,3.46738249481317
3,"lag_lm","rolling_one_step",2,1,11,0.900051670075485,1.63782323673079,1.03232922576554,1.20613058264837,0.443081193133181,0.544306884565017
3,"lag_lm","rolling_one_step",2,1,12,1.25451753786094,1.64437343943206,1.03232922576554,1.02206474605218,0.299297347192676,0.151987623989831
3,"gau_fit","rolling_one_step",3,1,1,-0.760461843830175,0.345239048717828,1.32301995749647,1.54808629914196,0.657789704815775,1.22257446378145
3,"gau_fit","rolling_one_step",3,1,2,2.01400429188131,1.68746823197725,1.32301995749647,1.22931337191387,0.341172744874329,0.106625798417667
3,"gau_fit","rolling_one_step",3,1,3,-0.231275549026588,1.06029966982602,1.32301995749647,1.67537055225547,0.775757218447555,1.66816654595417
3,"gau_fit","rolling_one_step",3,1,4,0.373071333558396,0.598756167428642,1.32301995749647,1.2134047987311,0.324504470957598,0.0509336442390404
3,"gau_fit","rolling_one_step",3,1,5,-0.159363912133478,0.63992108077078,1.32301995749647,1.38134611672756,0.496171249565992,0.63885649988196
3,"gau_fit","rolling_one_step",3,1,6,1.7858405841018,2.88261122481298,1.32301995749647,1.54246791766476,0.65247802435442,1.20290583832601
3,"gau_fit","rolling_one_step",3,1,7,-0.438776070748403,2.49468670652689,1.32301995749647,3.65694888226952,2.19933918202199,8.60520386565966
3,"gau_fit","rolling_one_step",3,1,8,2.29336366055942,1.90520327351361,1.32301995749647,1.2418942521122,0.354292453535794,0.15066848607155
3,"gau_fit","rolling_one_step",3,1,9,2.20908086446871,1.69064251903192,1.32301995749647,1.27563255749572,0.389208913030195,0.268778318019231
3,"gau_fit","rolling_one_step",3,1,10,1.20925023352023,1.6354148850037,1.32301995749647,1.25073455882762,0.363478889060121,0.181616310174025
3,"gau_fit","rolling_one_step",3,1,11,0.705946972258123,1.89710294694256,1.32301995749647,1.6041535215489,0.710305490428229,1.41885255602644
3,"gau_fit","rolling_one_step",3,1,12,1.81067599261094,2.14848460943755,1.32301995749647,1.23145258038562,0.343407421370844,0.114114661602307
3,"lag_lm","rolling_one_step",3,1,1,-0.760461843830175,0.120164990018556,1.03232922576554,1.31460198564491,0.524010067906143,0.775503620494441
3,"lag_lm","rolling_one_step",3,1,2,2.01400429188131,1.27189306385154,1.03232922576554,1.20914370469272,0.445365950718382,0.550729074767849
3,"lag_lm","rolling_one_step",3,1,3,-0.231275549026588,0.733737844859087,1.03232922576554,1.38767447289462,0.577047219047649,0.93125085037875
3,"lag_lm","rolling_one_step",3,1,4,0.373071333558396,0.337700703336496,1.03232922576554,0.951343140996158,0.241733586446438,0.00125108148229441
3,"lag_lm","rolling_one_step",3,1,5,-0.159363912133478,0.373023125873839,1.03232922576554,1.08373683316085,0.348419035721874,0.283435958238204
3,"lag_lm","rolling_one_step",3,1,6,1.7858405841018,2.29741072824257,1.03232922576554,1.07354077806509,0.340365418637572,0.261704012376212
3,"lag_lm","rolling_one_step",3,1,7,-0.438776070748403,2.14785540096412,1.03232922576554,4.0898382621261,2.00826836814293,6.69066237045367
3,"lag_lm","rolling_one_step",3,1,8,2.29336366055942,1.64203670224371,1.03232922576554,1.14979218118559,0.399962684404342,0.424226806628793
3,"lag_lm","rolling_one_step",3,1,9,2.20908086446871,1.45792831929285,1.03232922576554,1.21547805083342,0.450162117576967,0.564230146124172
3,"lag_lm","rolling_one_step",3,1,10,1.20925023352023,1.41053908252539,1.03232922576554,0.969765767199423,0.256858554036152,0.040517200733819
3,"lag_lm","rolling_one_step",3,1,11,0.705946972258123,1.63508604609985,1.03232922576554,1.35579345555412,0.554049929583858,0.863299418539457
3,"lag_lm","rolling_one_step",3,1,12,1.81067599261094,1.85078938615032,1.03232922576554,0.951511106483349,0.241871905247506,0.00160908434124582
3,"gau_fit","rolling_one_step",4,1,1,0.0717648291822471,0.0963092978183369,0.997371350466513,0.916609228021656,0.233321631497034,0.000602430940627995
3,"gau_fit","rolling_one_step",4,1,2,2.74328464216748,1.77866946112442,0.997371350466513,1.38400323678855,0.578758617989119,0.930482447498746
3,"gau_fit","rolling_one_step",4,1,3,2.17326777323617,0.417193351829974,0.997371350466513,2.46634340701246,1.22478502064327,3.08379737351711
3,"gau_fit","rolling_one_step",4,1,4,0.388649013627364,0.78365272467738,0.997371350466513,0.994732154196203,0.294687725936449,0.156027931743284
3,"gau_fit","rolling_one_step",4,1,5,2.01367902729943,0.460798595963212,0.997371350466513,2.12838914584126,1.04144849220701,2.41143763402697
3,"gau_fit","rolling_one_step",4,1,6,0.367507045771519,1.64031724707513,0.997371350466513,1.7306047099657,0.805620741632435,1.62004580854254
3,"gau_fit","rolling_one_step",4,1,7,-1.72261151461658,0.831085820730602,0.997371350466513,4.19420168911558,1.99430076853775,6.52137008055931
3,"gau_fit","rolling_one_step",4,1,8,3.44559412768463,2.48778041338576,0.997371350466513,1.37743106221383,0.574236821422122,0.917407111299005
3,"gau_fit","rolling_one_step",4,1,9,3.02378611228837,2.43667363764611,0.997371350466513,1.08956663520623,0.367111275197805,0.34470105788056
3,"gau_fit","rolling_one_step",4,1,10,2.91287024422578,1.83040376759432,0.997371350466513,1.50526552376487,0.66065814412664,1.17173367303093
3,"gau_fit","rolling_one_step",4,1,11,0.998458082767653,1.5252144751713,0.997371350466513,1.05577483462788,0.341558192725215,0.277472296938105
3,"gau_fit","rolling_one_step",4,1,12,0.661368675350821,2.19509185127887,0.997371350466513,2.09866766969779,1.02462420646984,2.35230678037883
3,"lag_lm","rolling_one_step",4,1,1,0.0717648291822471,0.137986357619638,1.03232922576554,0.952813629252449,0.242944263957893,0.00438529082858423
3,"lag_lm","rolling_one_step",4,1,2,2.74328464216748,1.82633400042324,1.03232922576554,1.34523660911809,0.546386462686167,0.840798479395184
3,"lag_lm","rolling_one_step",4,1,3,2.17326777323617,0.460012430288386,1.03232922576554,2.3278950758146,1.17246325552665,2.93524387013913
3,"lag_lm","rolling_one_step",4,1,4,0.388649013627364,0.827776023260266,1.03232922576554,1.04122809758601,0.314666382870469,0.192832530589135
3,"lag_lm","rolling_one_step",4,1,5,2.01367902729943,0.503772864440341,1.03232922576554,2.02038591903717,0.993331487335569,2.27981662063987
3,"lag_lm","rolling_one_step",4,1,6,0.367507045771519,1.68748939416025,1.03232922576554,1.76822236940395,0.835902129721254,1.74235340005782
3,"lag_lm","rolling_one_step",4,1,7,-1.72261151461658,0.859206369803073,1.03232922576554,4.07816579454903,2.00351400900757,6.66578358830918
3,"lag_lm","rolling_one_step",4,1,8,3.44559412768463,2.52179709880497,1.03232922576554,1.35114935578263,0.550681648504815,0.853400950566898
3,"lag_lm","rolling_one_step",4,1,9,3.02378611228837,2.47050843527541,1.03232922576554,1.09437779796397,0.356795957211278,0.306116187880854
3,"lag_lm","rolling_one_step",4,1,10,2.91287024422578,1.8620808652875,1.03232922576554,1.46879809093595,0.634599772580893,1.10415831888949
3,"lag_lm","rolling_one_step",4,1,11,0.998458082767653,1.55580541148769,1.03232922576554,1.09649839548363,0.358461945622646,0.310636044831357
3,"lag_lm","rolling_one_step",4,1,12,0.661368675350821,2.22806686512085,1.03232922576554,2.10236302421425,1.04238616223411,2.4545432178287
3,"gau_fit","rolling_one_step",5,1,1,0.401274257882706,0.774554172433391,1.02831648336352,1.01274638003106,0.293783608624251,0.139337894606967
3,"gau_fit","rolling_one_step",5,1,2,2.2648265450714,2.35687349421926,1.02831648336352,0.95086773985276,0.243597222066855,0.008472640847429
3,"gau_fit","rolling_one_step",5,1,3,2.91333345453843,2.01925716771108,1.02831648336352,1.32483868034528,0.532280547471118,0.799372406666988
3,"gau_fit","rolling_one_step",5,1,4,-1.27374435932839,0.962242081532435,1.02831648336352,3.31090108198839,1.66662770188167,4.99963536371344
3,"gau_fit","rolling_one_step",5,1,5,-0.242494398519298,1.92473405955075,1.02831648336352,3.16774512706797,1.60009112641378,4.69687918946867
3,"gau_fit","rolling_one_step",5,1,6,-0.182752976600184,0.949719866995123,1.02831648336352,1.55327940283818,0.693073476208416,1.28249474148084
3,"gau_fit","rolling_one_step",5,1,7,0.0669987875584168,0.270781413518357,1.02831648336352,0.966497411823851,0.256370695933706,0.0415273586431288
3,"gau_fit","rolling_one_step",5,1,8,3.00269729763571,3.33186731938626,1.02831648336352,0.998095362454375,0.281993331428119,0.108352903219255
3,"gau_fit","rolling_one_step",5,1,9,3.58780080027133,3.08203388390077,1.02831648336352,1.06781468315202,0.337598606726064,0.255800173694991
3,"gau_fit","rolling_one_step",5,1,10,2.36780147387855,3.01633932297143,1.02831648336352,1.14573966234516,0.398286572315991,0.420601341706015
3,"gau_fit","rolling_one_step",5,1,11,2.31788502984604,1.88244866709338,1.02831648336352,1.03651471632834,0.312791133371379,0.189604826007265
3,"gau_fit","rolling_one_step",5,1,12,2.31851496072013,1.68279336978567,1.02831648336352,1.13795695995912,0.392292874271708,0.404141941180246
3,"lag_lm","rolling_one_step",5,1,1,0.401274257882706,0.92116156864558,1.03232922576554,1.07756572612362,0.343547788082002,0.270282815892253
3,"lag_lm","rolling_one_step",5,1,2,2.2648265450714,2.54686322018154,1.03232922576554,0.988076432688956,0.271800308852976,0.0795446861071796
3,"lag_lm","rolling_one_step",5,1,3,2.91333345453843,2.19999049226061,1.03232922576554,1.18949898746396,0.430431297430968,0.5088581818313
3,"lag_lm","rolling_one_step",5,1,4,-1.27374435932839,1.11399530302182,1.03232922576554,3.62565589139034,1.81258802424159,5.70130069516027
3,"lag_lm","rolling_one_step",5,1,5,-0.242494398519298,2.10287585115825,1.03232922576554,3.53156824761541,1.77114605351911,5.50076160807253
3,"lag_lm","rolling_one_step",5,1,6,-0.182752976600184,1.10112976787104,1.03232922576554,1.72412075624052,0.807285045081523,1.64835490155096
3,"lag_lm","rolling_one_step",5,1,7,0.0669987875584168,0.354692954510572,1.03232922576554,0.989588695338374,0.273030298090538,0.0827679336982946
3,"lag_lm","rolling_one_step",5,1,8,3.00269729763571,3.49970442226305,1.03232922576554,1.06664958898245,0.334907220330845,0.247016081930332
3,"lag_lm","rolling_one_step",5,1,9,3.58780080027133,3.24302132228089,1.03232922576554,1.00652818663604,0.286766131673056,0.118872888443363
3,"lag_lm","rolling_one_step",5,1,10,2.36780147387855,3.17552561851914,1.03232922576554,1.25685360084473,0.481260184680431,0.652418293835366
3,"lag_lm","rolling_one_step",5,1,11,2.31788502984604,2.01054716787263,1.03232922576554,0.995072690780914,0.277485529033342,0.0944565614023846
3,"lag_lm","rolling_one_step",5,1,12,2.31851496072013,1.80541793630595,1.03232922576554,1.07427482083359,0.3409461055652,0.263268556462687
3,"gau_fit","rolling_one_step",6,1,1,1.39685819859235,-0.0317246272038081,1.0429492899281,1.89910260705953,0.921887749226713,2.04084889015974
3,"gau_fit","rolling_one_step",6,1,2,-0.136375105264982,1.67021661569459,1.0429492899281,2.46124113941884,1.25342407342774,3.26377364623966
3,"gau_fit","rolling_one_step",6,1,3,2.7325221802028,2.26248368709056,1.0429492899281,1.06254823034067,0.326841189522442,0.220936185007221
3,"gau_fit","rolling_one_step",6,1,4,0.510740257401446,-1.56148222340993,1.0429492899281,2.93485124495953,1.50214413335704,4.29410600998006
3,"gau_fit","rolling_one_step",6,1,5,-0.884924466803323,-0.619664356476838,1.0429492899281,0.993334625548757,0.270502632910941,0.0703629261304188
3,"gau_fit","rolling_one_step",6,1,6,0.0198988439428678,-0.56510383216393,1.0429492899281,1.11830217284425,0.37131176136885,0.342228131052115
3,"gau_fit","rolling_one_step",6,1,7,2.09287146440467,-0.218103708923259,1.0429492899281,3.41589319548904,1.73229854548174,5.34060625173806
3,"gau_fit","rolling_one_step",6,1,8,1.75615138682542,2.46300505596862,1.0429492899281,1.19066023283384,0.427858920125982,0.49964210958121
3,"gau_fit","rolling_one_step",6,1,9,1.03139056332656,2.99736719291844,1.0429492899281,2.73763470825634,1.40152677825378,3.86506410810147
3,"gau_fit","rolling_one_step",6,1,10,1.48806669197282,1.88316868924861,1.0429492899281,1.03274772435602,0.302740510749016,0.156105588251318
3,"gau_fit","rolling_one_step",6,1,11,2.23637807228985,1.83758110075871,1.0429492899281,1.03409612910517,0.303836077616953,0.159039024502406
3,"gau_fit","rolling_one_step",6,1,12,1.34143334070138,1.8381564027463,1.0429492899281,1.07440655078498,0.336366697662721,0.246733800367285
3,"lag_lm","rolling_one_step",6,1,1,1.39685819859235,0.575443423955673,1.03232922576554,1.26731801961955,0.489062742310316,0.674722231991425
3,"lag_lm","rolling_one_step",6,1,2,-0.136375105264982,1.70947208295369,1.03232922576554,2.54930183406687,1.293790886684,3.40715184225476
3,"lag_lm","rolling_one_step",6,1,3,2.7325221802028,2.10410840518068,1.03232922576554,1.13603463492431,0.389316692011706,0.394903872637553
3,"lag_lm","rolling_one_step",6,1,4,0.510740257401446,-0.443856720897339,1.03232922576554,1.37829313138852,0.570302632069129,0.911255390977172
3,"lag_lm","rolling_one_step",6,1,5,-0.884924466803323,0.183690473881032,1.03232922576554,1.48652326869069,0.646994695404569,1.14193789145383
3,"lag_lm","rolling_one_step",6,1,6,0.0198988439428678,0.220044959371627,1.03232922576554,0.969550541690415,0.256682387841668,0.0400584675212224
3,"lag_lm","rolling_one_step",6,1,7,2.09287146440467,0.89749092333742,1.03232922576554,1.62117456307019,0.739135465576802,1.42893463796224
3,"lag_lm","rolling_one_step",6,1,8,1.75615138682542,2.68395340549708,1.03232922576554,1.35462857602406,0.553205502968642,0.8608165858512
3,"lag_lm","rolling_one_step",6,1,9,1.03139056332656,3.04000681222487,1.03232922576554,2.84365543069764,1.44643751610768,4.03453923533834
3,"lag_lm","rolling_one_step",6,1,10,1.48806669197282,2.29759984591709,1.03232922576554,1.25822623082188,0.482285082368021,0.655343927334958
3,"lag_lm","rolling_one_step",6,1,11,2.23637807228985,2.26722416047092,1.03232922576554,0.951202576435017,0.241617826229632,0.000951481156074315
3,"lag_lm","rolling_one_step",6,1,12,1.34143334070138,2.26760749270652,1.03232922576554,1.35321259792155,0.552178657852945,0.857798559842446
3,"gau_fit","rolling_one_step",7,1,1,1.35993336873126,1.40407822761054,1.05919344579146,0.977314771254122,0.248262080280413,0.00194876856547073
3,"gau_fit","rolling_one_step",7,1,2,0.537171181205914,0.585810090228787,1.05919344579146,0.977500607042223,0.248419082407235,0.00236574347093533
3,"gau_fit","rolling_one_step",7,1,3,2.56477320898936,2.11690599860315,1.05919344579146,1.06584222750635,0.321972155142068,0.200585038139125
3,"gau_fit","rolling_one_step",7,1,4,1.37202169139812,0.931167760942053,1.05919344579146,1.06306439458928,0.319691656477155,0.194352187998567
3,"gau_fit","rolling_one_step",7,1,5,-0.318522862678421,0.186318316691582,1.05919344579146,1.09003334325325,0.341745420980346,0.254864616387696
3,"gau_fit","rolling_one_step",7,1,6,2.51816398825871,0.669211613674626,1.05919344579146,2.50004597205821,1.28600201561447,3.41862488348014
3,"gau_fit","rolling_one_step",7,1,7,2.63258490818953,2.41490741139859,1.05919344579146,0.99756394605862,0.26531249980267,0.0473834926091686
3,"gau_fit","rolling_one_step",7,1,8,2.18676201176436,2.23520396378456,1.05919344579146,0.977492085376762,0.248411883147678,0.00234662271552779
3,"gau_fit","rolling_one_step",7,1,9,1.2730874032988,1.84840784632503,1.05919344579146,1.1239622242052,0.369219034877355,0.33099361216389
3,"gau_fit","rolling_one_step",7,1,10,1.81803055109361,2.09213039281157,1.05919344579146,1.00993022614514,0.275669098145996,0.07513072322981
3,"gau_fit","rolling_one_step",7,1,11,1.26023166937904,2.49149515863886,1.05919344579146,1.65209571754993,0.761970926205989,1.51600977998427
3,"gau_fit","rolling_one_step",7,1,12,1.68731618799708,2.01387394030622,1.05919344579146,1.0239731453001,0.287378676828512,0.106639965593201
3,"lag_lm","rolling_one_step",7,1,1,1.35993336873126,1.47015465747734,1.03232922576554,0.956456031062402,0.245940561799223,0.0121487324928468
3,"lag_lm","rolling_one_step",7,1,2,0.537171181205914,0.537135219569635,1.03232922576554,0.950756167210294,0.241250155434832,1.2932392839072e-09
3,"lag_lm","rolling_one_step",7,1,3,2.56477320898936,2.28294711001574,1.03232922576554,0.988020724872492,0.271754987530873,0.0794259500626885
3,"lag_lm","rolling_one_step",7,1,4,1.37202169139812,0.93092474293669,1.03232922576554,1.04204163866039,0.315316722497153,0.194566517941989
3,"lag_lm","rolling_one_step",7,1,5,-0.318522862678421,0.0816200003322209,1.03232922576554,1.02587757290053,0.302362904541978,0.160114310818353
3,"lag_lm","rolling_one_step",7,1,6,2.51816398825871,0.632232705309544,1.03232922576554,2.61948314784341,1.33104067670492,3.5567368040063
3,"lag_lm","rolling_one_step",7,1,7,2.63258490818953,2.41916441697594,1.03232922576554,0.972126228960393,0.258789812294684,0.0455483060698489
3,"lag_lm","rolling_one_step",7,1,8,2.18676201176436,2.21425993393031,1.03232922576554,0.951110925516758,0.241542345321394,0.000756135723444775
3,"lag_lm","rolling_one_step",7,1,9,1.2730874032988,1.77322076888139,1.03232922576554,1.06811214449497,0.336066659751976,0.250133383368966
3,"lag_lm","rolling_one_step",7,1,10,1.81803055109361,2.05112218400422,1.03232922576554,0.976247169817111,0.262157822434994,0.0543317093329345
3,"lag_lm","rolling_one_step",7,1,11,1.26023166937904,2.50649258437761,1.03232922576554,1.67946076326252,0.777956188051519,1.55316626825309
3,"lag_lm","rolling_one_step",7,1,12,1.68731618799708,1.96189129746033,1.03232922576554,0.986127863099782,0.270214546739068,0.0753914907367577
3,"gau_fit","rolling_one_step",8,1,1,2.07787581051899,1.23157005815453,0.98562430939319,1.27309793387282,0.503658659549951,0.716233426485167
3,"gau_fit","rolling_one_step",8,1,2,0.0817264195305561,0.828412927575694,0.98562430939319,1.19142012091765,0.445802122490275,0.557540741296642
3,"gau_fit","rolling_one_step",8,1,3,1.83139941461857,1.82194693761043,0.98562430939319,0.904504498617581,0.23037161540923,8.93493215895434e-05
3,"gau_fit","rolling_one_step",8,1,4,-0.893879469637952,1.23749339001613,0.98562430939319,3.2425745130072,1.58600692539376,4.54275026687
3,"gau_fit","rolling_one_step",8,1,5,1.35228227754455,0.409119040938273,0.98562430939319,1.36230608791738,0.565242096124624,0.889556890885635
3,"gau_fit","rolling_one_step",8,1,6,0.993667751210985,1.79910821218868,0.98562430939319,1.23835671019233,0.479225711940612,0.648734336179967
3,"gau_fit","rolling_one_step",8,1,7,4.81326814694771,2.55444610314775,0.98562430939319,3.53055830939406,1.71013690103146,5.10227702555663
3,"gau_fit","rolling_one_step",8,1,8,2.026977736013,2.33599090139654,0.98562430939319,0.953605980227091,0.268672219790656,0.0954891363803509
3,"gau_fit","rolling_one_step",8,1,9,2.27483116074489,1.88828628028405,0.98562430939319,0.981362177234346,0.290050197931538,0.149416944610485
3,"gau_fit","rolling_one_step",8,1,10,2.31876184359768,2.15531084597824,0.98562430939319,0.918209133236118,0.241124423460541,0.0267162286227905
3,"gau_fit","rolling_one_step",8,1,11,0.344715596933687,1.88198691349598,0.98562430939319,2.12077960764118,1.03154360466512,2.36320310072516
3,"gau_fit","rolling_one_step",8,1,12,0.828132291894174,2.09126022679514,0.98562430939319,1.72564514433506,0.800374223690946,1.59549217992717
3,"lag_lm","rolling_one_step",8,1,1,2.07787581051899,1.16989627833104,1.03232922576554,1.33755546397774,0.54079528416826,0.824426830872248
3,"lag_lm","rolling_one_step",8,1,2,0.0817264195305561,0.669220280878239,1.03232922576554,1.11269098003825,0.371145974538124,0.345149037121211
3,"lag_lm","rolling_one_step",8,1,3,1.83139941461857,1.90307823289614,1.03232922576554,0.953166711544579,0.243234874197786,0.00513785298966818
3,"lag_lm","rolling_one_step",8,1,4,-0.893879469637952,1.17725239301463,1.03232922576554,2.96331719682485,1.50594050818636,4.28958719249476
3,"lag_lm","rolling_one_step",8,1,5,1.35228227754455,0.148504239922592,1.03232922576554,1.63062696865679,0.745473629290786,1.44908156386098
3,"lag_lm","rolling_one_step",8,1,6,0.993667751210985,1.87471509415005,1.03232922576554,1.31494954944428,0.524265098462994,0.776244420499989
3,"lag_lm","rolling_one_step",8,1,7,4.81326814694771,2.46980809337439,1.03232922576554,3.5273660542835,1.76928007322576,5.49180502269386
3,"lag_lm","rolling_one_step",8,1,8,2.026977736013,2.19851120256037,1.03232922576554,0.964561003758665,0.252594827138043,0.0294237301457575
3,"lag_lm","rolling_one_step",8,1,9,2.27483116074489,1.64251221175029,1.03232922576554,1.13834455509338,0.391107417743441,0.399827253257632
3,"lag_lm","rolling_one_step",8,1,10,2.31876184359768,1.974126812195,1.03232922576554,1.00648146465321,0.286728351070515,0.118773304869922
3,"lag_lm","rolling_one_step",8,1,11,0.344715596933687,1.63468910380871,1.03232922576554,1.73147587188512,0.812081304596593,1.66403164843944
3,"lag_lm","rolling_one_step",8,1,12,0.828132291894174,1.89458311765356,1.03232922576554,1.48435543911815,0.645482171564523,1.13731736376288
3,"gau_fit","recursive_multi_step",6,1,1,1.39685819859235,-0.0317246272038081,1.0429492899281,1.89910260705953,0.921887749226713,2.04084889015974
3,"gau_fit","recursive_multi_step",6,1,2,-0.136375105264982,1.67021661569459,1.0429492899281,2.46124113941884,1.25342407342774,3.26377364623966
3,"gau_fit","recursive_multi_step",6,1,3,2.7325221802028,2.26248368709056,1.0429492899281,1.06254823034067,0.326841189522442,0.220936185007221
3,"gau_fit","recursive_multi_step",6,1,4,0.510740257401446,-1.56148222340993,1.0429492899281,2.93485124495953,1.50214413335704,4.29410600998006
3,"gau_fit","recursive_multi_step",6,1,5,-0.884924466803323,-0.619664356476838,1.0429492899281,0.993334625548757,0.270502632910941,0.0703629261304188
3,"gau_fit","recursive_multi_step",6,1,6,0.0198988439428678,-0.56510383216393,1.0429492899281,1.11830217284425,0.37131176136885,0.342228131052115
3,"gau_fit","recursive_multi_step",6,1,7,2.09287146440467,-0.218103708923259,1.0429492899281,3.41589319548904,1.73229854548174,5.34060625173806
3,"gau_fit","recursive_multi_step",6,1,8,1.75615138682542,2.46300505596862,1.0429492899281,1.19066023283384,0.427858920125982,0.49964210958121
3,"gau_fit","recursive_multi_step",6,1,9,1.03139056332656,2.99736719291844,1.0429492899281,2.73763470825634,1.40152677825378,3.86506410810147
3,"gau_fit","recursive_multi_step",6,1,10,1.48806669197282,1.88316868924861,1.0429492899281,1.03274772435602,0.302740510749016,0.156105588251318
3,"gau_fit","recursive_multi_step",6,1,11,2.23637807228985,1.83758110075871,1.0429492899281,1.03409612910517,0.303836077616953,0.159039024502406
3,"gau_fit","recursive_multi_step",6,1,12,1.34143334070138,1.8381564027463,1.0429492899281,1.07440655078498,0.336366697662721,0.246733800367285
3,"lag_lm","recursive_multi_step",6,1,1,1.39685819859235,0.575443423955673,1.03232922576554,1.26731801961955,0.489062742310316,0.674722231991425
3,"lag_lm","recursive_multi_step",6,1,2,-0.136375105264982,1.70947208295369,1.03232922576554,2.54930183406687,1.293790886684,3.40715184225476
3,"lag_lm","recursive_multi_step",6,1,3,2.7325221802028,2.10410840518068,1.03232922576554,1.13603463492431,0.389316692011706,0.394903872637553
3,"lag_lm","recursive_multi_step",6,1,4,0.510740257401446,-0.443856720897339,1.03232922576554,1.37829313138852,0.570302632069129,0.911255390977172
3,"lag_lm","recursive_multi_step",6,1,5,-0.884924466803323,0.183690473881032,1.03232922576554,1.48652326869069,0.646994695404569,1.14193789145383
3,"lag_lm","recursive_multi_step",6,1,6,0.0198988439428678,0.220044959371627,1.03232922576554,0.969550541690415,0.256682387841668,0.0400584675212224
3,"lag_lm","recursive_multi_step",6,1,7,2.09287146440467,0.89749092333742,1.03232922576554,1.62117456307019,0.739135465576802,1.42893463796224
3,"lag_lm","recursive_multi_step",6,1,8,1.75615138682542,2.68395340549708,1.03232922576554,1.35462857602406,0.553205502968642,0.8608165858512
3,"lag_lm","recursive_multi_step",6,1,9,1.03139056332656,3.04000681222487,1.03232922576554,2.84365543069764,1.44643751610768,4.03453923533834
3,"lag_lm","recursive_multi_step",6,1,10,1.48806669197282,2.29759984591709,1.03232922576554,1.25822623082188,0.482285082368021,0.655343927334958
3,"lag_lm","recursive_multi_step",6,1,11,2.23637807228985,2.26722416047092,1.03232922576554,0.951202576435017,0.241617826229632,0.000951481156074315
3,"lag_lm","recursive_multi_step",6,1,12,1.34143334070138,2.26760749270652,1.03232922576554,1.35321259792155,0.552178657852945,0.857798559842446
3,"gau_fit","recursive_multi_step",7,2,1,1.35993336873126,0.641660789234472,1.19653869763878,1.27854673180309,0.446653220053759,0.515915498456977
3,"gau_fit","recursive_multi_step",7,2,2,0.537171181205914,1.5499663205949,1.19653869763878,1.45659966434408,0.60258071710918,1.02575399436996
3,"gau_fit","recursive_multi_step",7,2,3,2.56477320898936,1.86605211923004,1.19653869763878,1.2688714355691,0.437928824008255,0.48821116127446
3,"gau_fit","recursive_multi_step",7,2,4,1.37202169139812,-0.174752404859334,1.19653869763878,1.93391735512386,0.982351706760023,2.39251010485308
3,"gau_fit","recursive_multi_step",7,2,5,-0.318522862678421,0.327884440941859,1.19653869763878,1.2442962730076,0.415647555811111,0.417842402173641
3,"gau_fit","recursive_multi_step",7,2,6,2.51816398825871,0.35700273526261,1.19653869763878,2.72951005313241,1.51972158735442,4.67061796145169
3,"gau_fit","recursive_multi_step",7,2,7,2.63258490818953,1.18156781079306,1.19653869763878,1.83366642459014,0.906745730395307,2.10545061693688
3,"gau_fit","recursive_multi_step",7,2,8,2.18676201176436,2.61244324876235,1.19653869763878,1.1616542795046,0.33941189325793,0.181204515532136
3,"gau_fit","recursive_multi_step",7,2,9,1.2730874032988,2.89762588169186,1.19653869763878,2.02004375264023,1.04571558211733,2.63912526777965
3,"gau_fit","recursive_multi_step",7,2,10,1.81803055109361,2.30299156741123,1.19653869763878,1.18050686341153,0.356983634349956,0.235187187347814
3,"gau_fit","recursive_multi_step",7,2,11,1.26023166937904,2.278662020807,1.19653869763878,1.46059713152461,0.605984400097488,1.03720038070968
3,"gau_fit","recursive_multi_step",7,2,12,1.68731618799708,2.27896905254485,1.19653869763878,1.22062194871799,0.394016425844371,0.350053112127583
3,"lag_lm","recursive_multi_step",7,2,1,1.35993336873126,0.970298602046974,1.03232922576554,1.02198387338937,0.2992322832319,0.151815251409122
3,"lag_lm","recursive_multi_step",7,2,2,0.537171181205914,1.66038978342664,1.03232922576554,1.54267496673799,0.68584655225522,1.26162002837469
3,"lag_lm","recursive_multi_step",7,2,3,2.56477320898936,1.90053807567666,1.03232922576554,1.15775945520728,0.406106854953303,0.441208312326941
3,"lag_lm","recursive_multi_step",7,2,4,1.37202169139812,0.35002323637536,1.03232922576554,1.44079899478956,0.614890210651492,1.04448084206892
3,"lag_lm","recursive_multi_step",7,2,5,-0.318522862678421,0.731904930087354,1.03232922576554,1.46844162641192,0.634349850461313,1.10339854781478
3,"lag_lm","recursive_multi_step",7,2,6,2.51816398825871,0.754027748273292,1.03232922576554,2.41090727453884,1.21865460389809,3.11217667322991
3,"lag_lm","recursive_multi_step",7,2,7,2.63258490818953,1.69173873576588,1.03232922576554,1.36606465150435,0.56148287118739,0.88519152016424
3,"lag_lm","recursive_multi_step",7,2,8,2.18676201176436,2.7788558866616,1.03232922576554,1.11523677204598,0.373134188960368,0.350575156690825
3,"lag_lm","recursive_multi_step",7,2,9,1.2730874032988,2.99552529279472,1.03232922576554,2.3426967580708,1.18076332542152,2.96679228317115
3,"lag_lm","recursive_multi_step",7,2,10,1.81803055109361,2.54374790923502,1.03232922576554,1.19785379717324,0.436794120066045,0.526665683907751
3,"lag_lm","recursive_multi_step",7,2,11,1.26023166937904,2.5252633740441,1.03232922576554,1.70157711165966,0.792524796914665,1.60030521380779
3,"lag_lm","recursive_multi_step",7,2,12,1.68731618799708,2.52549664345332,1.03232922576554,1.28037242007597,0.498761500503764,0.702546475908837
3,"gau_fit","recursive_multi_step",8,3,1,2.07787581051899,0.879613300158206,1.14682773518886,1.60179352519427,0.726560280377255,1.43583304373612
3,"gau_fit","recursive_multi_step",8,3,2,0.0817264195305561,1.32468704961376,1.14682773518886,1.64327654480069,0.758420813208782,1.54495112793683
3,"gau_fit","recursive_multi_step",8,3,3,1.83139941461857,1.4795704965278,1.14682773518886,1.10299652273612,0.310733401771556,0.123783587604927
3,"gau_fit","recursive_multi_step",8,3,4,-0.893879469637952,0.47956720459378,1.14682773518886,1.77306708720242,0.855731486039594,1.88635576695821
3,"gau_fit","recursive_multi_step",8,3,5,1.35228227754455,0.725861494181758,1.14682773518886,1.20511657316231,0.401216234066203,0.392402997828858
3,"gau_fit","recursive_multi_step",8,3,6,0.993667751210985,0.740129587883308,1.14682773518886,1.08037587167188,0.290278625674067,0.0642816002635719
3,"gau_fit","recursive_multi_step",8,3,7,4.81326814694771,1.84344127298329,1.14682773518886,4.40895625162611,2.32626912002942,8.81987166132125
3,"gau_fit","recursive_multi_step",8,3,8,2.026977736013,2.5445766004617,1.14682773518886,1.15778799121616,0.35965379122952,0.267908584478581
3,"gau_fit","recursive_multi_step",8,3,9,2.27483116074489,2.68431735875857,1.14682773518886,1.11968405937461,0.325725769491978,0.167678946363698
3,"gau_fit","recursive_multi_step",8,3,10,2.31876184359768,2.39294390051768,1.14682773518886,1.05803021947735,0.269921512634542,0.00550297756888314
3,"gau_fit","recursive_multi_step",8,3,11,0.344715596933687,2.38102231449202,1.14682773518886,2.63231490982839,1.42408732015766,4.1465450479732
3,"gau_fit","recursive_multi_step",8,3,12,0.828132291894174,2.38117276140889,1.14682773518886,1.9728744916464,0.998966565127135,2.41193469995049
3,"lag_lm","recursive_multi_step",8,3,1,2.07787581051899,0.932791585857631,1.03232922576554,1.56594496966385,0.701766104133959,1.3112178815683
3,"lag_lm","recursive_multi_step",8,3,2,0.0817264195305561,1.35273321152939,1.03232922576554,1.70868652325757,0.797189358495102,1.61545826530716
3,"lag_lm","recursive_multi_step",8,3,3,1.83139941461857,1.49887080460534,1.03232922576554,1.002635166227,0.283616145068221,0.11057527647733
3,"lag_lm","recursive_multi_step",8,3,4,-0.893879469637952,0.555335022938633,1.03232922576554,1.93612516866159,0.941855995105307,2.10022264549401
3,"lag_lm","recursive_multi_step",8,3,5,1.35228227754455,0.787721732983358,1.03232922576554,1.10029521263488,0.361441982129144,0.318728608475234
3,"lag_lm","recursive_multi_step",8,3,6,0.993667751210985,0.80118414560957,1.03232922576554,0.968139019288611,0.255526718001361,0.0370499384253212
3,"lag_lm","recursive_multi_step",8,3,7,4.81326814694771,1.89727437346113,1.03232922576554,4.94014845386775,2.33501045526825,8.50301968701249
3,"lag_lm","recursive_multi_step",8,3,8,2.026977736013,2.55881846496812,1.03232922576554,1.08346405691888,0.348203920387098,0.282854560975507
3,"lag_lm","recursive_multi_step",8,3,9,2.27483116074489,2.69066843653705,1.03232922576554,1.03188596433082,0.307185979510248,0.172920639938242
3,"lag_lm","recursive_multi_step",8,3,10,2.31876184359768,2.41574805787855,1.03232922576554,0.955169366245767,0.244882545883211,0.00940632576053444
3,"lag_lm","recursive_multi_step",8,3,11,0.344715596933687,2.40449965191812,1.03232922576554,2.94132382174815,1.49510809281852,4.24271035316813
3,"lag_lm","recursive_multi_step",8,3,12,0.828132291894174,2.40464160350014,1.03232922576554,2.1168315832361,1.0509423063964,2.48538160958031
4,"gau_fit","rolling_one_step",2,1,1,0.376621694374569,0.474670085922224,0.740619733696858,0.627433720861634,0.178249963530691,0.00961348708508239
4,"gau_fit","rolling_one_step",2,1,2,0.101099362260222,-0.142011015898026,0.740619733696858,0.672545463666882,0.204632541259481,0.0591026559682463
4,"gau_fit","rolling_one_step",2,1,3,-1.70092112002204,0.0890491798939214,0.740619733696858,3.53926393932241,1.37594997997205,3.20399367458124
4,"gau_fit","rolling_one_step",2,1,4,1.35421497883101,0.0142942103208415,0.740619733696858,2.25525223712035,0.942732267884973,1.79538766588488
4,"gau_fit","rolling_one_step",2,1,5,-0.0489343652851051,0.0272552087046581,0.740619733696858,0.623961967202149,0.176203198742771,0.0058048511847416
4,"gau_fit","rolling_one_step",2,1,6,-0.536525231551098,0.40807510808368,0.740619733696858,1.4320171387313,0.597790289667297,0.892269801638138
4,"gau_fit","rolling_one_step",2,1,7,1.82810566382015,1.61777039617033,0.740619733696858,0.65899828539634,0.196751040528984,0.044240924817323
4,"gau_fit","rolling_one_step",2,1,8,-0.0298451508677715,0.396976881908663,0.740619733696858,0.784733654120677,0.268582208591326,0.182177047663408
4,"gau_fit","rolling_one_step",2,1,9,2.18029462845576,1.27740156135994,0.740619733696858,1.36177881598518,0.564940053838696,0.815215890609708
4,"gau_fit","rolling_one_step",2,1,10,2.21601020672312,1.07422507612779,0.740619733696858,1.80703107662029,0.763385884297153,1.3036732844486
4,"gau_fit","rolling_one_step",2,1,11,0.948449893278219,1.93879805366352,0.740619733696858,1.51270705530253,0.63477649178144,0.980789478778555
4,"gau_fit","rolling_one_step",2,1,12,2.18747845750968,1.83835831413509,0.740619733696858,0.729774456586118,0.237544369945961,0.12188487450989
4,"lag_lm","rolling_one_step",2,1,1,0.376621694374569,0.567453073825367,1.04948106740736,0.983766162231679,0.259063591427282,0.0364166153830947
4,"lag_lm","rolling_one_step",2,1,2,0.101099362260222,0.057253300206754,1.04948106740736,0.968107087851234,0.245989144712241,0.00192247715759657
4,"lag_lm","rolling_one_step",2,1,3,-1.70092112002204,0.248416705794113,1.04948106740736,2.69225782211337,1.38312830332839,3.79991795915765
4,"lag_lm","rolling_one_step",2,1,4,1.35421497883101,0.18656955588069,1.04948106740736,1.58616608727592,0.716018987610315,1.36339583373683
4,"lag_lm","rolling_one_step",2,1,5,-0.0489343652851051,0.197292599641519,1.04948106740736,0.994757115484555,0.268199905911413,0.0606277182569769
4,"lag_lm","rolling_one_step",2,1,6,-0.536525231551098,0.512356943074687,1.04948106740736,1.46666386040558,0.631842023956558,1.10015381624772
4,"lag_lm","rolling_one_step",2,1,7,1.82810566382015,1.54890522478816,1.04948106740736,1.00262210620694,0.274717368554777,0.0779528851556576
4,"lag_lm","rolling_one_step",2,1,8,-0.0298451508677715,0.538904151668003,1.04948106740736,1.11408049595418,0.365298896207559,0.32347576913493
4,"lag_lm","rolling_one_step",2,1,9,2.18029462845576,1.26730732604517,1.04948106740736,1.34563359999893,0.543549341621972,0.833545814362968
4,"lag_lm","rolling_one_step",2,1,10,2.21601020672312,1.09921299582475,1.04948106740736,1.53343378523116,0.679229278040844,1.24723601027038
4,"lag_lm","rolling_one_step",2,1,11,0.948449893278219,1.81450155601169,1.04948106740736,1.30772751002735,0.515233591044511,0.750045482523405
4,"lag_lm","rolling_one_step",2,1,12,2.18747845750968,1.73140458381899,1.04948106740736,1.06166026310977,0.323106131539635,0.208003378263226
4,"gau_fit","rolling_one_step",3,1,1,-1.40915550808758,0.640112589062107,0.958087363695295,3.16360239203126,1.51984957431895,4.19949973399551
4,"gau_fit","rolling_one_step",3,1,2,0.256733152860765,0.554655138830567,0.958087363695295,0.924468705097823,0.260563396439603,0.0887575097241904
4,"gau_fit","rolling_one_step",3,1,3,0.476487984895105,-0.00426897631862111,0.958087363695295,1.00201793512654,0.318170671261155,0.231127255755456
4,"gau_fit","rolling_one_step",3,1,4,0.474030462167805,0.943328044637055,0.958087363695295,0.996087734413385,0.313816474551106,0.220240220911482
4,"gau_fit","rolling_one_step",3,1,5,0.302580265649087,0.508119891736926,0.958087363695295,0.899134038470996,0.241424271005323,0.0422465378923289
4,"gau_fit","rolling_one_step",3,1,6,-0.301400858220598,0.356886153740013,0.958087363695295,1.112164801841,0.397564191397807,0.43334179011603
4,"gau_fit","rolling_one_step",3,1,7,1.3934791565728,1.66588351288839,0.958087363695295,0.91654143709043,0.254591919256942,0.0742041333397136
4,"gau_fit","rolling_one_step",3,1,8,0.390856286192633,1.08961175277224,0.958087363695295,1.14207848175754,0.418654273466838,0.488259202074879
4,"gau_fit","rolling_one_step",3,1,9,2.82778943010871,1.7751202875864,0.958087363695295,1.47971434644509,0.643946458109677,1.10811232361864
4,"gau_fit","rolling_one_step",3,1,10,0.77990511337061,1.78619801848702,0.958087363695295,1.42770233710651,0.610677911443372,1.01262541088763
4,"gau_fit","rolling_one_step",3,1,11,1.19582536187508,1.39304486980963,0.958087363695295,0.897308736713555,0.240039142429528,0.0388955343099459
4,"gau_fit","rolling_one_step",3,1,12,3.74768205644593,1.77734846164814,0.958087363695295,2.99077615445731,1.44375530622597,3.88221447478879
4,"lag_lm","rolling_one_step",3,1,1,-1.40915550808758,0.548117670275967,1.04948106740736,2.7063308381589,1.39056598993117,3.83091829474135
4,"lag_lm","rolling_one_step",3,1,2,0.256733152860765,0.399640482573939,1.04948106740736,0.976505422325968,0.253009746737705,0.0204225048857498
4,"lag_lm","rolling_one_step",3,1,3,0.476487984895105,-0.5714566017803,1.04948106740736,1.46577138685186,0.631202404373583,1.09818785674228
4,"lag_lm","rolling_one_step",3,1,4,0.474030462167805,1.07493631498837,1.04948106740736,1.13115499926093,0.378889259088653,0.361087843954012
4,"lag_lm","rolling_one_step",3,1,5,0.302580265649087,0.31878828538385,1.04948106740736,0.967353609816691,0.245358313068561,0.000262699903722472
4,"lag_lm","rolling_one_step",3,1,6,-0.301400858220598,0.0560287478291059,1.04948106740736,1.02523085999798,0.293358646820786,0.127755923280846
4,"lag_lm","rolling_one_step",3,1,7,1.3934791565728,1.6067035002238,1.04948106740736,0.987873625004734,0.26248184670826,0.0454646207254027
4,"lag_lm","rolling_one_step",3,1,8,0.390856286192633,0.605465924537682,1.04948106740736,0.988142678250256,0.262705592001819,0.0460572968705926
4,"lag_lm","rolling_one_step",3,1,9,2.82778943010871,1.796495836139,1.04948106740736,1.45005454946998,0.619911108949894,1.06356647696295
4,"lag_lm","rolling_one_step",3,1,10,0.77990511337061,1.81574272831502,1.04948106740736,1.45431866692585,0.622979661130536,1.07295956453372
4,"lag_lm","rolling_one_step",3,1,11,1.19582536187508,1.13266274296961,1.04948106740736,0.969045447912739,0.246774543019357,0.00398951642699791
4,"lag_lm","rolling_one_step",3,1,12,3.74768205644593,1.80036715476015,1.04948106740736,2.6886793957444,1.38123360658425,3.7920353263275
4,"gau_fit","rolling_one_step",4,1,1,1.48293504679259,-0.22278601862152,0.974492630518538,2.42499490489579,1.18741621274118,2.90948435299744
4,"gau_fit","rolling_one_step",4,1,2,0.242761891446093,0.900343465394759,0.974492630518538,1.12077353927551,0.398334080679715,0.432413526396805
4,"gau_fit","rolling_one_step",4,1,3,1.70461614860295,1.04850050427652,0.974492630518538,1.11975957819136,0.397601533486139,0.430487738729887
4,"gau_fit","rolling_one_step",4,1,4,2.18551402077287,1.04684366111685,0.974492630518538,1.57576722340824,0.705475123388173,1.29657018795917
4,"gau_fit","rolling_one_step",4,1,5,-0.186666308622738,0.931253240661655,0.974492630518538,1.55111247418741,0.689848582886992,1.24974411867222
4,"gau_fit","rolling_one_step",4,1,6,1.87980007707049,0.524053753739663,0.974492630518538,1.86086486594446,0.878804528422693,1.83804809322505
4,"gau_fit","rolling_one_step",4,1,7,0.861375377484218,1.93857005820396,0.974492630518538,1.50404404526049,0.659715409123087,1.16034838017091
4,"gau_fit","rolling_one_step",4,1,8,0.42124304393165,1.26260933317451,0.974492630518538,1.26582055680485,0.500791320910862,0.707897232674295
4,"gau_fit","rolling_one_step",4,1,9,2.13693812729234,2.90557115209374,0.974492630518538,1.20416508049545,0.457796711414786,0.59079672681535
4,"gau_fit","rolling_one_step",4,1,10,1.11197059147866,1.52490309791914,0.974492630518538,0.98287843909827,0.296513490396621,0.170513254875221
4,"gau_fit","rolling_one_step",4,1,11,0.994925727874402,1.80531337085348,0.974492630518538,1.23887912510187,0.482103128369315,0.656728131893189
4,"gau_fit","rolling_one_step",4,1,12,2.20594218984051,3.52575577486461,0.974492630518538,1.81024536254657,0.848974600658285,1.74190789921415
4,"lag_lm","rolling_one_step",4,1,1,1.48293504679259,0.163485466098961,1.04948106740736,1.75756056669013,0.831927726874744,1.74094719599259
4,"lag_lm","rolling_one_step",4,1,2,0.242761891446093,1.06122199984627,1.04948106740736,1.27133393438435,0.487738877880688,0.669876949042426
4,"lag_lm","rolling_one_step",4,1,3,1.70461614860295,1.17964644549465,1.04948106740736,1.09234355977926,0.347889504018005,0.275593189181622
4,"lag_lm","rolling_one_step",4,1,4,2.18551402077287,1.17832210252592,1.04948106740736,1.42775091413277,0.603798309837407,1.01443556018197
4,"lag_lm","rolling_one_step",4,1,5,-0.186666308622738,1.08592870989343,1.04948106740736,1.70242712023924,0.795235894221078,1.61949808115217
4,"lag_lm","rolling_one_step",4,1,6,1.87980007707049,0.760447221663058,1.04948106740736,1.53602809706227,0.681052185483438,1.25295081490877
4,"lag_lm","rolling_one_step",4,1,7,0.861375377484218,1.95019759291581,1.04948106740736,1.50542325108182,0.659460976266651,1.18553381681735
4,"lag_lm","rolling_one_step",4,1,8,0.42124304393165,1.40989066760276,1.04948106740736,1.41094907865592,0.591590170378436,0.97742412379054
4,"lag_lm","rolling_one_step",4,1,9,2.13693812729234,2.72313804413976,1.04948106740736,1.12322993350653,0.372590569177341,0.343630342511915
4,"lag_lm","rolling_one_step",4,1,10,1.11197059147866,1.61954654302627,1.04948106740736,1.08419044955592,0.341328089174837,0.257633346589461
4,"lag_lm","rolling_one_step",4,1,11,0.994925727874402,1.84368325213572,1.04948106740736,1.29426470608589,0.505098281375518,0.720389334990206
4,"lag_lm","rolling_one_step",4,1,12,2.20594218984051,3.21886218054007,1.04948106740736,1.43300388169703,0.607602710037567,1.02600690755878
4,"gau_fit","rolling_one_step",5,1,1,2.45106765201734,1.97359918757312,1.31250518654307,1.257045621186,0.375266114562171,0.227976134538721
4,"gau_fit","rolling_one_step",5,1,2,1.70913996651434,1.58771640653438,1.31250518654307,1.19515551154002,0.311204089132787,0.0147436809182087
4,"gau_fit","rolling_one_step",5,1,3,2.2234721426112,2.04257578144756,1.31250518654307,1.20037410069992,0.316656618125925,0.0327234934822466
4,"gau_fit","rolling_one_step",5,1,4,1.26157441479031,2.19220828035187,1.31250518654307,1.44225326609408,0.55947629422874,0.866079391730053
4,"gau_fit","rolling_one_step",5,1,5,0.692359145739709,1.45409881661587,1.31250518654307,1.35929132678109,0.478306171224723,0.580247326186527
4,"gau_fit","rolling_one_step",5,1,6,1.13136094630934,2.09708467096747,1.31250518654307,1.46156715844252,0.578072162235784,0.932622312367587
4,"gau_fit","rolling_one_step",5,1,7,-0.33202115518389,2.35494689263023,1.31250518654307,3.28640170928443,1.96608841324947,7.21979728997401
4,"gau_fit","rolling_one_step",5,1,8,1.23922297520731,2.21799868651551,1.31250518654307,1.46893350912855,0.585135354791986,0.958001893046875
4,"gau_fit","rolling_one_step",5,1,9,4.16596752894082,2.75184122884723,1.31250518654307,1.77129884357684,0.86193780359722,1.99975319261639
4,"gau_fit","rolling_one_step",5,1,10,3.09921688149867,2.43292018021051,1.31250518654307,1.31973179339871,0.438842019352283,0.443951294147482
4,"gau_fit","rolling_one_step",5,1,11,3.34703664021183,2.39650139685014,1.31250518654307,1.45311949702716,0.56995228393337,0.903517248872668
4,"gau_fit","rolling_one_step",5,1,12,2.07349317447678,2.77331200447583,1.31250518654307,1.33302369035822,0.452157722774595,0.489746394821242
4,"lag_lm","rolling_one_step",5,1,1,2.45106765201734,1.75919879203352,1.04948106740736,1.18453867151721,0.42090687200745,0.478682519415313
4,"lag_lm","rolling_one_step",5,1,2,1.70913996651434,1.0908775675566,1.04948106740736,1.14076111333129,0.386502699721887,0.38224839396499
4,"lag_lm","rolling_one_step",5,1,3,2.2234721426112,1.87866129190024,1.04948106740736,1.02120810897755,0.290051956792989,0.118894522768014
4,"lag_lm","rolling_one_step",5,1,4,1.26157441479031,2.13781401859118,1.04948106740736,1.31578552317091,0.521280139194249,0.767795843269102
4,"lag_lm","rolling_one_step",5,1,5,0.692359145739709,0.859461511453737,1.04948106740736,0.979910463256488,0.255850612948625,0.0279232006272249
4,"lag_lm","rolling_one_step",5,1,6,1.13136094630934,1.97306676832695,1.04948106740736,1.28885317058007,0.501012531918099,0.708468690818354
4,"lag_lm","rolling_one_step",5,1,7,-0.33202115518389,1.70063492633337,1.04948106740736,2.84287050616905,1.4616243348746,4.13169074572909
4,"lag_lm","rolling_one_step",5,1,8,1.23922297520731,1.46345048251306,1.04948106740736,0.990058711427892,0.264298392735275,0.0502779750325509
4,"lag_lm","rolling_one_step",5,1,9,4.16596752894082,2.38802737243961,1.04948106740736,2.40224481026773,1.22477330214363,3.16107120009956
4,"lag_lm","rolling_one_step",5,1,10,3.09921688149867,1.83567905266589,1.04948106740736,1.69199947494508,0.788234154267925,1.59652784489144
4,"lag_lm","rolling_one_step",5,1,11,3.34703664021183,1.77260433908618,1.04948106740736,2.09253552269818,1.04381171808602,2.4788370708278
4,"lag_lm","rolling_one_step",5,1,12,2.07349317447678,2.42521321167283,1.04948106740736,1.0233927902339,0.291848300590052,0.123706984565193
4,"gau_fit","rolling_one_step",6,1,1,2.72404874362195,2.06705360427097,1.28976227911579,1.3031367778708,0.432110521232688,0.431642613130811
4,"gau_fit","rolling_one_step",6,1,2,0.425452605089042,1.54038353571539,1.28976227911579,1.54703062717807,0.663643685303792,1.24307098006734
4,"gau_fit","rolling_one_step",6,1,3,1.88909610656238,1.90549103572952,1.28976227911579,1.17347724710041,0.301494107174678,0.000268793702395528
4,"gau_fit","rolling_one_step",6,1,4,1.66655381292122,1.22267146698486,1.28976227911579,1.23261890990987,0.361761195011432,0.197031537033966
4,"gau_fit","rolling_one_step",6,1,5,0.145314259811973,0.818604263898197,1.28976227911579,1.30965225406736,0.438529724120503,0.453319429602427
4,"gau_fit","rolling_one_step",6,1,6,2.48471376048427,1.13023720726959,1.28976227911579,1.72483058798189,0.821958449617727,1.83460673320832
4,"gau_fit","rolling_one_step",6,1,7,1.48168481981423,0.33350586028284,1.28976227911579,1.56964696110679,0.68424691274301,1.31831492311059
4,"gau_fit","rolling_one_step",6,1,8,3.08655517159287,1.44888040424483,1.28976227911579,1.97952811328853,1.03520331625938,2.68197864360847
4,"gau_fit","rolling_one_step",6,1,9,2.78308504042734,3.52648012842072,1.28976227911579,1.33950425861399,0.467769721950249,0.552636256852692
4,"gau_fit","rolling_one_step",6,1,10,2.59434391043859,2.76922891971408,1.28976227911579,1.1825894245826,0.310856812617993,0.0305847664692902
4,"gau_fit","rolling_one_step",6,1,11,2.90713768635373,2.94514801784344,1.28976227911579,1.1738307189892,0.301857827301638,0.00144478529995772
4,"gau_fit","rolling_one_step",6,1,12,3.47040553784903,2.04110138700171,1.28976227911579,1.78744113299984,0.875791419508134,2.04291035562937
4,"lag_lm","rolling_one_step",6,1,1,2.72404874362195,1.95713291465745,1.04948106740736,1.23423738431451,0.459394988262568,0.588159888716294
4,"lag_lm","rolling_one_step",6,1,2,0.425452605089042,1.55731292410931,1.04948106740736,1.54881032793197,0.690014007694474,1.28110778177267
4,"lag_lm","rolling_one_step",6,1,3,1.88909610656238,1.83448317911366,1.04948106740736,0.968588331981594,0.246391972077043,0.00298257184451966
4,"lag_lm","rolling_one_step",6,1,4,1.66655381292122,1.31612276749903,1.04948106740736,1.02298192300475,0.291510565363871,0.122801917595694
4,"lag_lm","rolling_one_step",6,1,5,0.145314259811973,1.00937637167289,1.04948106740736,1.30616490038456,0.514059329510319,0.746603333153555
4,"lag_lm","rolling_one_step",6,1,6,2.48471376048427,1.24595157864252,1.04948106740736,1.66385551721108,0.769236414158806,1.53453174316135
4,"lag_lm","rolling_one_step",6,1,7,1.48168481981423,0.733735094963599,1.04948106740736,1.22119451903893,0.449351903572151,0.55942879090414
4,"lag_lm","rolling_one_step",6,1,8,3.08655517159287,1.58046830850573,1.04948106740736,1.99695833799239,0.985189971939359,2.26829763916366
4,"lag_lm","rolling_one_step",6,1,9,2.78308504042734,3.15767185903401,1.04948106740736,1.03093234971019,0.298037783956482,0.140315284673869
4,"lag_lm","rolling_one_step",6,1,10,2.59434391043859,2.58280689293103,1.04948106740736,0.96729477746968,0.245309050410825,0.000133102772969704
4,"lag_lm","rolling_one_step",6,1,11,2.90713768635373,2.71635534451518,1.04948106740736,0.983757667022349,0.259056516835064,0.0363979019574001
4,"lag_lm","rolling_one_step",6,1,12,3.47040553784903,2.03005107742529,1.04948106740736,1.90903623011626,0.930004882617273,2.07462097166256
4,"gau_fit","rolling_one_step",7,1,1,0.984371913771761,2.03226468660975,0.926010767360241,1.48235160107315,0.644786466946576,1.09807926336608
4,"gau_fit","rolling_one_step",7,1,2,-1.04956310237972,0.771043705368663,0.926010767360241,2.77479496924721,1.31537437923619,3.31460914841975
4,"gau_fit","rolling_one_step",7,1,3,0.868117087861591,1.57413297458389,0.926010767360241,1.13271680853072,0.421321176422575,0.49845843230428
4,"gau_fit","rolling_one_step",7,1,4,0.6285020423472,1.45202583046727,0.926010767360241,1.23751788609021,0.490746160967176,0.678191429599637
4,"gau_fit","rolling_one_step",7,1,5,0.490059324702355,0.6173340767868,0.926010767360241,0.851514562212506,0.223371864268095,0.0161988625181568
4,"gau_fit","rolling_one_step",7,1,6,1.12553692485074,1.90094353052755,0.926010767360241,1.19265701750189,0.461298547452791,0.601255404127235
4,"gau_fit","rolling_one_step",7,1,7,2.44688303075188,1.72714352271456,0.926010767360241,1.14412591625,0.428987183790096,0.518024959429804
4,"gau_fit","rolling_one_step",7,1,8,3.07057894315404,2.60772281452824,0.926010767360241,0.966988539264613,0.306826093272961,0.214235795806461
4,"gau_fit","rolling_one_step",7,1,9,2.65342392568438,2.44121122504552,0.926010767360241,0.868328267331432,0.23572116311422,0.0450342303124387
4,"gau_fit","rolling_one_step",7,1,10,1.77591841821996,2.33765050414529,0.926010767360241,1.02606003784329,0.34832553021572,0.31554293635802
4,"gau_fit","rolling_one_step",7,1,11,2.31357442101918,2.50927790156952,0.926010767360241,0.86440149771724,0.232843196320344,0.0382998522995181
4,"gau_fit","rolling_one_step",7,1,12,3.91882359271139,2.81833838438138,0.926010767360241,1.54823437960858,0.684435639915323,1.21106769375314
4,"lag_lm","rolling_one_step",7,1,1,0.984371913771761,2.11152498376899,1.04948106740736,1.54398300039887,0.686633330729895,1.27047404320418
4,"lag_lm","rolling_one_step",7,1,2,-1.04956310237972,0.872826517139919,1.04948106740736,2.64489305262311,1.35793454329997,3.69558184923685
4,"lag_lm","rolling_one_step",7,1,3,0.868117087861591,1.6615744535755,1.04948106740736,1.25303814119922,0.473800402899493,0.629574591205663
4,"lag_lm","rolling_one_step",7,1,4,0.6285020423472,1.54164786304822,1.04948106740736,1.34576501126563,0.543646942757746,0.833835289863749
4,"lag_lm","rolling_one_step",7,1,5,0.490059324702355,0.72186179005211,1.04948106740736,0.991626885998434,0.265601265948592,0.0537323829422244
4,"lag_lm","rolling_one_step",7,1,6,1.12553692485074,1.98254892240114,1.04948106740736,1.30065661392427,0.509915535380139,0.734469563945326
4,"lag_lm","rolling_one_step",7,1,7,2.44688303075188,1.71841375446979,1.04948106740736,1.20813794107188,0.439257332185581,0.53066748648695
4,"lag_lm","rolling_one_step",7,1,8,3.07057894315404,2.58326791939303,1.04948106740736,1.0750379525932,0.333941772637986,0.237472033879005
4,"lag_lm","rolling_one_step",7,1,9,2.65342392568438,2.4197298450698,1.04948106740736,0.992026619051368,0.265933264563467,0.0546129233142935
4,"lag_lm","rolling_one_step",7,1,10,1.77591841821996,2.31801848116917,1.04948106740736,1.10064168699337,0.354549941500853,0.293872478249541
4,"lag_lm","rolling_one_step",7,1,11,2.31357442101918,2.48658100683516,1.04948106740736,0.980822057112141,0.256610621273989,0.029931278735704
4,"lag_lm","rolling_one_step",7,1,12,3.91882359271139,2.79012237813234,1.04948106740736,1.54556841680522,0.687744143293536,1.27396643179222
4,"gau_fit","rolling_one_step",8,1,1,-0.997840389413487,1.27332719525013,1.02978014513429,3.38037216045512,1.70008539332307,5.15820219762676
4,"gau_fit","rolling_one_step",8,1,2,-1.7583305302344,0.293451426486278,1.02978014513429,2.93320560335444,1.4886349438064,4.20980919792455
4,"gau_fit","rolling_one_step",8,1,3,-0.0888085517404733,1.2173198567626,1.02978014513429,1.75264805045302,0.82539253430159,1.70597141949877
4,"gau_fit","rolling_one_step",8,1,4,1.97910197491533,1.10188206004525,1.02978014513429,1.31110947739584,0.521969258877761,0.769514779044671
4,"gau_fit","rolling_one_step",8,1,5,0.524617677659263,1.03518540390592,1.02978014513429,1.07119399587024,0.339624034152963,0.260679403084677
4,"gau_fit","rolling_one_step",8,1,6,0.788161552366032,1.34133535315839,1.02978014513429,1.09256321305057,0.356430502886877,0.306001253883061
4,"gau_fit","rolling_one_step",8,1,7,3.43231664744082,2.41030790241435,1.02978014513429,1.44076567787822,0.615090922323958,1.04450187491059
4,"gau_fit","rolling_one_step",8,1,8,1.00410275449657,2.71078186386682,1.02978014513429,2.32164489575554,1.16745043973794,2.91275358236084
4,"gau_fit","rolling_one_step",8,1,9,2.20158375367457,2.50981177869162,1.02978014513429,0.993078415994999,0.277187362884558,0.0950045154059136
4,"gau_fit","rolling_one_step",8,1,10,1.41565719758113,2.08706160383689,1.02978014513429,1.16082810641346,0.409357506010223,0.450783876739642
4,"gau_fit","rolling_one_step",8,1,11,2.85353624909072,2.3460846723665,1.02978014513429,1.06969825873104,0.338443330638645,0.257507102719898
4,"gau_fit","rolling_one_step",8,1,12,2.69689442753754,3.11943522372565,1.02978014513429,1.03246567317658,0.308867723198595,0.178540724443285
4,"lag_lm","rolling_one_step",8,1,1,-0.997840389413487,1.34953404469647,1.04948106740736,3.4686480771151,1.76450359721342,5.51016673391303
4,"lag_lm","rolling_one_step",8,1,2,-1.7583305302344,0.253459730685806,1.04948106740736,2.80456022541332,1.44188524043078,4.04730005393341
4,"lag_lm","rolling_one_step",8,1,3,-0.0888085517404733,1.28688507727713,1.04948106740736,1.82637494762905,0.876968912637727,1.89253296091963
4,"lag_lm","rolling_one_step",8,1,4,1.97910197491533,1.15775809212115,1.04948106740736,1.27348064749196,0.489369195317618,0.674605773803408
4,"lag_lm","rolling_one_step",8,1,5,0.524617677659263,1.08315221456491,1.04948106740736,1.1088531351722,0.361123331079166,0.311960828916411
4,"lag_lm","rolling_one_step",8,1,6,0.788161552366032,1.4256069484284,1.04948106740736,1.15169629088721,0.395141234660833,0.406336632961109
4,"lag_lm","rolling_one_step",8,1,7,3.43231664744082,2.4140623325269,1.04948106740736,1.437922548341,0.611159676469342,1.03684184984082
4,"lag_lm","rolling_one_step",8,1,8,1.00410275449657,2.75016799170914,1.04948106740736,2.35125229367597,1.19586844763895,3.04874381260222
4,"lag_lm","rolling_one_step",8,1,9,2.20158375367457,2.52536587365804,1.04948106740736,1.01482553798855,0.284796523008423,0.104834861220991
4,"lag_lm","rolling_one_step",8,1,10,1.41565719758113,2.05248387915138,1.04948106740736,1.1513383813732,0.394858969086606,0.405548222359777
4,"lag_lm","rolling_one_step",8,1,11,2.85353624909072,2.34222319223767,1.04948106740736,1.0859190037514,0.342720628121931,0.261441042108415
4,"lag_lm","rolling_one_step",8,1,12,2.69689442753754,3.2072815007415,1.04948106740736,1.08548951919256,0.342374704042837,0.260494964493708
4,"gau_fit","recursive_multi_step",6,1,1,2.72404874362195,2.06705360427097,1.28976227911579,1.3031367778708,0.432110521232688,0.431642613130811
4,"gau_fit","recursive_multi_step",6,1,2,0.425452605089042,1.54038353571539,1.28976227911579,1.54703062717807,0.663643685303792,1.24307098006734
4,"gau_fit","recursive_multi_step",6,1,3,1.88909610656238,1.90549103572952,1.28976227911579,1.17347724710041,0.301494107174678,0.000268793702395528
4,"gau_fit","recursive_multi_step",6,1,4,1.66655381292122,1.22267146698486,1.28976227911579,1.23261890990987,0.361761195011432,0.197031537033966
4,"gau_fit","recursive_multi_step",6,1,5,0.145314259811973,0.818604263898197,1.28976227911579,1.30965225406736,0.438529724120503,0.453319429602427
4,"gau_fit","recursive_multi_step",6,1,6,2.48471376048427,1.13023720726959,1.28976227911579,1.72483058798189,0.821958449617727,1.83460673320832
4,"gau_fit","recursive_multi_step",6,1,7,1.48168481981423,0.33350586028284,1.28976227911579,1.56964696110679,0.68424691274301,1.31831492311059
4,"gau_fit","recursive_multi_step",6,1,8,3.08655517159287,1.44888040424483,1.28976227911579,1.97952811328853,1.03520331625938,2.68197864360847
4,"gau_fit","recursive_multi_step",6,1,9,2.78308504042734,3.52648012842072,1.28976227911579,1.33950425861399,0.467769721950249,0.552636256852692
4,"gau_fit","recursive_multi_step",6,1,10,2.59434391043859,2.76922891971408,1.28976227911579,1.1825894245826,0.310856812617993,0.0305847664692902
4,"gau_fit","recursive_multi_step",6,1,11,2.90713768635373,2.94514801784344,1.28976227911579,1.1738307189892,0.301857827301638,0.00144478529995772
4,"gau_fit","recursive_multi_step",6,1,12,3.47040553784903,2.04110138700171,1.28976227911579,1.78744113299984,0.875791419508134,2.04291035562937
4,"lag_lm","recursive_multi_step",6,1,1,2.72404874362195,1.95713291465745,1.04948106740736,1.23423738431451,0.459394988262568,0.588159888716294
4,"lag_lm","recursive_multi_step",6,1,2,0.425452605089042,1.55731292410931,1.04948106740736,1.54881032793197,0.690014007694474,1.28110778177267
4,"lag_lm","recursive_multi_step",6,1,3,1.88909610656238,1.83448317911366,1.04948106740736,0.968588331981594,0.246391972077043,0.00298257184451966
4,"lag_lm","recursive_multi_step",6,1,4,1.66655381292122,1.31612276749903,1.04948106740736,1.02298192300475,0.291510565363871,0.122801917595694
4,"lag_lm","recursive_multi_step",6,1,5,0.145314259811973,1.00937637167289,1.04948106740736,1.30616490038456,0.514059329510319,0.746603333153555
4,"lag_lm","recursive_multi_step",6,1,6,2.48471376048427,1.24595157864252,1.04948106740736,1.66385551721108,0.769236414158806,1.53453174316135
4,"lag_lm","recursive_multi_step",6,1,7,1.48168481981423,0.733735094963599,1.04948106740736,1.22119451903893,0.449351903572151,0.55942879090414
4,"lag_lm","recursive_multi_step",6,1,8,3.08655517159287,1.58046830850573,1.04948106740736,1.99695833799239,0.985189971939359,2.26829763916366
4,"lag_lm","recursive_multi_step",6,1,9,2.78308504042734,3.15767185903401,1.04948106740736,1.03093234971019,0.298037783956482,0.140315284673869
4,"lag_lm","recursive_multi_step",6,1,10,2.59434391043859,2.58280689293103,1.04948106740736,0.96729477746968,0.245309050410825,0.000133102772969704
4,"lag_lm","recursive_multi_step",6,1,11,2.90713768635373,2.71635534451518,1.04948106740736,0.983757667022349,0.259056516835064,0.0363979019574001
4,"lag_lm","recursive_multi_step",6,1,12,3.47040553784903,2.03005107742529,1.04948106740736,1.90903623011626,0.930004882617273,2.07462097166256
4,"gau_fit","recursive_multi_step",7,2,1,0.984371913771761,1.67177680427486,1.16546550242732,1.24599788283962,0.429579480228254,0.472525483487582
4,"gau_fit","recursive_multi_step",7,2,2,-1.04956310237972,1.38279722690642,1.16546550242732,3.24990418547873,1.79044284789556,5.91637677148498
4,"gau_fit","recursive_multi_step",7,2,3,0.868117087861591,1.58312873869614,1.16546550242732,1.26024948298158,0.442073938194633,0.511241660829145
4,"gau_fit","recursive_multi_step",7,2,4,0.6285020423472,1.2084712022694,1.16546550242732,1.19587630774577,0.385183443116668,0.336364226460863
4,"gau_fit","recursive_multi_step",7,2,5,0.490059324702355,0.986762818695079,1.16546550242732,1.16287578641725,0.355559073391108,0.24671436094458
4,"gau_fit","recursive_multi_step",7,2,6,1.12553692485074,1.15775327675648,1.16546550242732,1.07244116654654,0.272718685410229,0.00103789333011496
4,"gau_fit","recursive_multi_step",7,2,7,2.44688303075188,1.09714707849151,1.16546550242732,1.74266720681756,0.834603245989204,1.82178714082419
4,"gau_fit","recursive_multi_step",7,2,8,3.07057894315404,1.70914400705371,1.16546550242732,1.75434272573755,0.843438557312167,1.85350508523451
4,"gau_fit","recursive_multi_step",7,2,9,2.65342392568438,2.8491060555516,1.16546550242732,1.08615438631236,0.28544002090678,0.0382914959493727
4,"gau_fit","recursive_multi_step",7,2,10,1.77591841821996,2.43360848445564,1.16546550242732,1.23128501720194,0.416621059004845,0.432556223225096
4,"gau_fit","recursive_multi_step",7,2,11,2.31357442101918,2.5301338608984,1.16546550242732,1.08932247610115,0.288370724717591,0.0468979910008005
4,"gau_fit","recursive_multi_step",7,2,12,3.91882359271139,2.03409083719192,1.16546550242732,2.37964647742424,1.27921170862103,3.55221755972802
4,"lag_lm","recursive_multi_step",7,2,1,0.984371913771761,1.6982390456928,1.04948106740736,1.19857692624482,0.431839170102254,0.50960628203717
4,"lag_lm","recursive_multi_step",7,2,2,-1.04956310237972,1.48277866058325,1.04948106740736,3.8783899769993,1.94572672140163,6.41275480444638
4,"lag_lm","recursive_multi_step",7,2,3,0.868117087861591,1.63214390318224,1.04948106740736,1.23222954339429,0.457851587356517,0.58373697452901
4,"lag_lm","recursive_multi_step",7,2,4,0.6285020423472,1.35280285833124,1.04948106740736,1.20538882328511,0.43712662938558,0.524611672035141
4,"lag_lm","recursive_multi_step",7,2,5,0.490059324702355,1.18749922635161,1.04948106740736,1.18805230104997,0.423647634746753,0.486422416412527
4,"lag_lm","recursive_multi_step",7,2,6,1.12553692485074,1.31498806234294,1.04948106740736,0.983527885094846,0.258865152779179,0.0358917334970912
4,"lag_lm","recursive_multi_step",7,2,7,2.44688303075188,1.31534852619552,1.04948106740736,1.54847555412883,0.689779708666877,1.2803703350016
4,"lag_lm","recursive_multi_step",7,2,8,3.07057894315404,1.77164753221751,1.04948106740736,1.73317166484747,0.815764219950844,1.68722281031756
4,"lag_lm","recursive_multi_step",7,2,9,2.65342392568438,2.62159223840163,1.04948106740736,0.967694334916076,0.245643596711856,0.00101325631526689
4,"lag_lm","recursive_multi_step",7,2,10,1.77591841821996,2.31180125768371,1.04948106740736,1.09759919713522,0.352109972750134,0.28717041763173
4,"lag_lm","recursive_multi_step",7,2,11,2.31357442101918,2.38376964718233,1.04948106740736,0.969471198956452,0.247130811557036,0.00492736977609659
4,"lag_lm","recursive_multi_step",7,2,12,3.91882359271139,2.01392475401731,1.04948106740736,2.61450371871011,1.34163738714038,3.62863958565805
4,"gau_fit","recursive_multi_step",8,3,1,-0.997840389413487,1.60449382062652,1.17290476908669,3.5397564296383,1.95146172651034,6.77214334074454
4,"gau_fit","recursive_multi_step",8,3,2,-1.7583305302344,1.46527399143712,1.17290476908669,4.85525691839782,2.56398450518315,10.3916261121411
4,"gau_fit","recursive_multi_step",8,3,3,-0.0888085517404733,1.56178641320269,1.17290476908669,2.06862786468346,1.07350261163142,2.72446373829571
4,"gau_fit","recursive_multi_step",8,3,4,1.97910197491533,1.38129006567239,1.17290476908669,1.20831128821934,0.393093297641523,0.357379078832689
4,"gau_fit","recursive_multi_step",8,3,5,0.524617677659263,1.27447904611123,1.17290476908669,1.28278688585419,0.459097991256403,0.562292071896656
4,"gau_fit","recursive_multi_step",8,3,6,0.788161552366032,1.35685601745677,1.17290476908669,1.19596646521601,0.381999725096332,0.32341339462484
4,"gau_fit","recursive_multi_step",8,3,7,3.43231664744082,1.7600543085941,1.17290476908669,2.09479537892788,1.09177616408202,2.79646132992509
4,"gau_fit","recursive_multi_step",8,3,8,1.00410275449657,2.05489212597466,1.17290476908669,1.47972808910288,0.626422476377662,1.10415830321133
4,"gau_fit","recursive_multi_step",8,3,9,2.20158375367457,2.60408429768282,1.17290476908669,1.13730322105634,0.328671128843161,0.162006687926935
4,"gau_fit","recursive_multi_step",8,3,10,1.41565719758113,2.4039127097687,1.17290476908669,1.43338483583409,0.587950293429391,0.976648957369111
4,"gau_fit","recursive_multi_step",8,3,11,2.85353624909072,2.4504151184966,1.17290476908669,1.13748493072064,0.328837896036198,0.162506645931482
4,"gau_fit","recursive_multi_step",8,3,12,2.69689442753754,2.2114396668059,1.17290476908669,1.16407480537357,0.353134596361191,0.235666324717016
4,"lag_lm","recursive_multi_step",8,3,1,-0.997840389413487,1.73423238594221,1.04948106740736,4.35571738355606,2.14300736842384,7.4642216498398
4,"lag_lm","recursive_multi_step",8,3,2,-1.7583305302344,1.61812218973138,1.04948106740736,6.14261304215085,2.78471109871468,11.4004329701644
4,"lag_lm","recursive_multi_step",8,3,3,-0.0888085517404733,1.69861414474404,1.04948106740736,2.41759271891553,1.2334082001732,3.19487989590796
4,"lag_lm","recursive_multi_step",8,3,4,1.97910197491533,1.5480790776555,1.04948106740736,1.0515719989784,0.314903646342083,0.185780737962253
4,"lag_lm","recursive_multi_step",8,3,5,0.524617677659263,1.45899802856261,1.04948106740736,1.36357460628228,0.556838809240209,0.873066640154267
4,"lag_lm","recursive_multi_step",8,3,6,0.788161552366032,1.52770093074167,1.04948106740736,1.21551530197467,0.44496612029809,0.546918492168226
4,"lag_lm","recursive_multi_step",8,3,7,3.43231664744082,1.80428576837307,1.04948106740736,2.17045718345952,1.09059701594754,2.65048454319811
4,"lag_lm","recursive_multi_step",8,3,8,1.00410275449657,2.0501823265412,1.04948106740736,1.46399848489808,0.629931304438418,1.09428247104909
4,"lag_lm","recursive_multi_step",8,3,9,2.20158375367457,2.50821198500123,1.04948106740736,1.00991638337818,0.280746789145702,0.0940208722465179
4,"lag_lm","recursive_multi_step",8,3,10,1.41565719758113,2.34126764608151,1.04948106740736,1.35616958443958,0.551362349374298,0.856754702373071
4,"lag_lm","recursive_multi_step",8,3,11,2.85353624909072,2.38005094177373,1.04948106740736,1.06900764077797,0.32906317043343,0.224188336245067
4,"lag_lm","recursive_multi_step",8,3,12,2.69689442753754,2.18074394113354,1.04948106740736,1.08817532982498,0.344537175870525,0.266411324615086
5,"gau_fit","rolling_one_step",2,1,1,-0.635035691345374,0.548728029546833,0.675920508292154,2.06084711040633,0.824208579990546,1.40129654690056
5,"gau_fit","rolling_one_step",2,1,2,0.0985782479539207,0.968284542846342,0.675920508292154,1.35505599086666,0.551666705508562,0.756389039375504
5,"gau_fit","rolling_one_step",2,1,3,1.19815873111351,1.20034581900382,0.675920508292154,0.527263967001526,0.157962051043383,4.78335343993808e-06
5,"gau_fit","rolling_one_step",2,1,4,1.03160277547521,0.105568673489827,0.675920508292154,1.46575536195581,0.597619834652916,0.857539158039873
5,"gau_fit","rolling_one_step",2,1,5,-0.771169519346023,-0.0899043709267252,0.675920508292154,1.03519719618608,0.410861397326304,0.464122202450768
5,"gau_fit","rolling_one_step",2,1,6,1.86851569225678,0.115680394831919,0.675920508292154,3.88974854523066,1.37350983243053,3.07243157989849
5,"gau_fit","rolling_one_step",2,1,7,1.46845221825134,0.428554407283405,0.675920508292154,1.71073644818483,0.694819601055647,1.08138745725591
5,"gau_fit","rolling_one_step",2,1,8,1.87128608127106,0.668355225071441,0.675920508292154,2.11091194803383,0.841890505536501,1.44704264479715
5,"gau_fit","rolling_one_step",2,1,9,0.338649616242309,1.39630009396962,0.675920508292154,1.75148895470261,0.710428402266534,1.11862453303681
5,"gau_fit","rolling_one_step",2,1,10,1.87357711371131,1.33068218128318,0.675920508292154,0.849818599978232,0.323136096118818,0.294734907656141
5,"gau_fit","rolling_one_step",2,1,11,0.897951354075866,2.00048751607201,0.675920508292154,1.85760422458477,0.75037139035788,1.2155859885092
5,"gau_fit","rolling_one_step",2,1,12,1.50545186217404,0.761084751290156,0.675920508292154,1.13365023761113,0.455550836857141,0.554082395765617
5,"lag_lm","rolling_one_step",2,1,1,-0.635035691345374,0.607266099775619,0.966864979650217,1.71069552343065,0.787714537813352,1.54331374022243
5,"lag_lm","rolling_one_step",2,1,2,0.0985782479539207,0.871633762517097,0.966864979650217,1.20488107197854,0.460193687634775,0.597614828596538
5,"lag_lm","rolling_one_step",2,1,3,1.19815873111351,1.01785839554231,0.966864979650217,0.902629382488345,0.239326105423039,0.0325082110070889
5,"lag_lm","rolling_one_step",2,1,4,1.03160277547521,0.328025998694947,0.966864979650217,1.15000757655063,0.421646359098559,0.495020280824504
5,"lag_lm","rolling_one_step",2,1,5,-0.771169519346023,0.204856055568656,0.966864979650217,1.39476152939547,0.588754228000156,0.952625922887531
5,"lag_lm","rolling_one_step",2,1,6,1.86851569225678,0.334397517317025,0.966864979650217,2.14403990911962,1.03499591211929,2.35351857468048
5,"lag_lm","rolling_one_step",2,1,7,1.46845221825134,0.875474182593839,0.966864979650217,1.07331039423561,0.366653969749543,0.351622950772234
5,"lag_lm","rolling_one_step",2,1,8,1.87128608127106,1.02657559494842,0.966864979650217,1.26688231225311,0.502977230656013,0.713535805703434
5,"lag_lm","rolling_one_step",2,1,9,0.338649616242309,1.48526251195472,0.966864979650217,1.58843098129992,0.712777897239204,1.31472113261399
5,"lag_lm","rolling_one_step",2,1,10,1.87357711371131,1.44391586695935,0.966864979650217,0.983981563870398,0.300894498826252,0.184608786960449
5,"lag_lm","rolling_one_step",2,1,11,0.897951354075866,1.86596835628273,0.966864979650217,1.38643432472429,0.583266256683592,0.937056916561571
5,"lag_lm","rolling_one_step",2,1,12,1.50545186217404,1.08500559743074,0.966864979650217,0.979791634624012,0.297763368918971,0.176775061536588
5,"gau_fit","rolling_one_step",3,1,1,-0.605396094785801,0.171762092607343,0.873035563197941,1.17936913996165,0.463139192397914,0.603974848232197
5,"gau_fit","rolling_one_step",3,1,2,0.0158177149808455,0.453753379689151,0.873035563197941,0.908972906835566,0.289870821837524,0.191787646423505
5,"gau_fit","rolling_one_step",3,1,3,1.13634301782828,0.876417261992659,0.873035563197941,0.82748005763046,0.234670834317357,0.0675613985467202
5,"gau_fit","rolling_one_step",3,1,4,0.422982220850023,0.812395402829996,0.873035563197941,0.882637634482137,0.272192207212422,0.151642626299768
5,"gau_fit","rolling_one_step",3,1,5,-1.05618792083999,0.11943408830314,0.873035563197941,1.68981347974324,0.755002879428687,1.38208710838172
5,"gau_fit","rolling_one_step",3,1,6,2.93801948313213,1.13409342127828,0.873035563197941,2.91789272489354,1.3237595268409,3.25414923663552
5,"gau_fit","rolling_one_step",3,1,7,0.672923292932458,1.58399572482248,0.873035563197941,1.32767717551669,0.552315274347522,0.830052976150005
5,"gau_fit","rolling_one_step",3,1,8,2.91254713296966,1.73883961944854,0.873035563197941,1.68686291976058,0.753430055425399,1.37758932729593
5,"gau_fit","rolling_one_step",3,1,9,2.00302854769189,1.14971486833657,0.873035563197941,1.26082468832812,0.512597421009829,0.728144235374913
5,"gau_fit","rolling_one_step",3,1,10,1.22352232288739,1.73972026136654,0.873035563197941,0.957958434083809,0.322358658101216,0.266460311690117
5,"gau_fit","rolling_one_step",3,1,11,-1.87898360694877,1.36470290014717,0.873035563197941,7.68530143059032,2.75117138218769,10.5215021563163
5,"gau_fit","rolling_one_step",3,1,12,2.86746631191846,1.59821788807813,0.873035563197941,1.83997559437479,0.833494531139987,1.61099156142117
5,"lag_lm","rolling_one_step",3,1,1,-0.605396094785801,-0.0717457813921157,0.966864979650217,1.03756034089287,0.340562299754098,0.284782656985179
5,"lag_lm","rolling_one_step",3,1,2,0.0158177149808455,0.350649309425242,0.966864979650217,0.945206196134208,0.271753752366837,0.112112196638177
5,"lag_lm","rolling_one_step",3,1,3,1.13634301782828,0.983758051182266,0.966864979650217,0.897694763468883,0.2355381573696,0.023282172046366
5,"lag_lm","rolling_one_step",3,1,4,0.422982220850023,0.88785963071985,0.966864979650217,1.00083077195552,0.313443030985005,0.216111006207279
5,"lag_lm","rolling_one_step",3,1,5,-1.05618792083999,-0.150127962483947,0.966864979650217,1.32433077079348,0.541913176617285,0.820944648136148
5,"lag_lm","rolling_one_step",3,1,6,2.93801948313213,1.36973148259309,0.966864979650217,2.20073947874947,1.06545310765316,2.45952725263474
5,"lag_lm","rolling_one_step",3,1,7,0.672923292932458,1.53660262316211,0.966864979650217,1.28421501068252,0.514794995680417,0.745941985465942
5,"lag_lm","rolling_one_step",3,1,8,2.91254713296966,1.76854348066141,0.966864979650217,1.58523425589704,0.710784936610188,1.30874435649461
5,"lag_lm","rolling_one_step",3,1,9,2.00302854769189,0.886092801692375,0.966864979650217,1.55250154834119,0.690276498604228,1.24754546069149
5,"lag_lm","rolling_one_step",3,1,10,1.22352232288739,1.7698625952581,0.966864979650217,1.04489058659479,0.345936435294242,0.298487693214103
5,"lag_lm","rolling_one_step",3,1,11,-1.87898360694877,1.20812363520156,0.966864979650217,5.98256068672545,2.54197985465198,9.53023112453707
5,"lag_lm","rolling_one_step",3,1,12,2.86746631191846,1.55790601874626,0.966864979650217,1.80249553457365,0.842393136005122,1.71494816145326
5,"gau_fit","rolling_one_step",4,1,1,0.205072005101064,0.906904139108877,0.85648795400532,1.09975647090649,0.417564536016048,0.492568344325961
5,"gau_fit","rolling_one_step",4,1,2,1.62394013852295,1.16749139590737,0.85648795400532,0.906031084222468,0.294968622930515,0.208345454635345
5,"gau_fit","rolling_one_step",4,1,3,2.07263757153491,1.63753022996355,0.85648795400532,0.893062305477665,0.286490622997789,0.1893183986893
5,"gau_fit","rolling_one_step",4,1,4,-0.110082351065419,1.33828908260081,0.85648795400532,2.19386332559641,0.997165441458247,2.09777980986036
5,"gau_fit","rolling_one_step",4,1,5,0.101725622499599,0.717805629881001,0.85648795400532,1.02272665782136,0.369703220689057,0.379554575495069
5,"gau_fit","rolling_one_step",4,1,6,2.90098981963292,2.39329888859702,0.85648795400532,0.939705115350812,0.316818410235489,0.257750081456096
5,"gau_fit","rolling_one_step",4,1,7,1.35809811696006,2.01240178235146,0.85648795400532,1.05582411554263,0.390406965400241,0.428113286544621
5,"gau_fit","rolling_one_step",4,1,8,2.62486292101201,2.95188094968521,0.85648795400532,0.836913999104065,0.249372302512995,0.106940791077306
5,"gau_fit","rolling_one_step",4,1,9,1.31690488956589,2.57035537923176,0.85648795400532,1.83490608898018,0.824761085454369,1.5711381300436
5,"gau_fit","rolling_one_step",4,1,10,1.08757379308917,2.24336749585638,0.85648795400532,1.67454066469027,0.742710978676376,1.33585908335634
5,"gau_fit","rolling_one_step",4,1,11,-1.14291072877612,0.941925871819161,0.85648795400532,3.7266133627072,1.60581705570421,4.34654365118168
5,"gau_fit","rolling_one_step",4,1,12,2.77789078390872,2.9329704114659,0.85648795400532,0.780415697875643,0.211328499154589,0.0240496908832733
5,"lag_lm","rolling_one_step",4,1,1,0.205072005101064,0.683323506677896,0.966864979650217,1.00757719699447,0.318448321922667,0.228724498760494
5,"lag_lm","rolling_one_step",4,1,2,1.62394013852295,1.04100163891732,0.966864979650217,1.06699604664805,0.362067083433064,0.339817294322459
5,"lag_lm","rolling_one_step",4,1,3,2.07263757153491,1.68616984211622,0.966864979650217,0.965127033802371,0.28677085786294,0.149357305882038
5,"lag_lm","rolling_one_step",4,1,4,-0.110082351065419,1.27543596359562,0.966864979650217,1.91198779579324,0.905931233881212,1.91966100026117
5,"lag_lm","rolling_one_step",4,1,5,0.101725622499599,0.423769749441834,0.966864979650217,0.940713509811858,0.268353425820061,0.103712419697987
5,"lag_lm","rolling_one_step",4,1,6,2.90098981963292,2.72352648628303,0.966864979650217,0.902086514471934,0.238909688831075,0.0314932346836514
5,"lag_lm","rolling_one_step",4,1,7,1.35809811696006,1.81656216471969,0.966864979650217,0.997663492079934,0.311089404810172,0.210189283088143
5,"lag_lm","rolling_one_step",4,1,8,2.62486292101201,3.10607707798974,0.966864979650217,1.00909756568968,0.31957480614152,0.231567064875792
5,"lag_lm","rolling_one_step",4,1,9,1.31690488956589,2.58240084332683,0.966864979650217,1.74180620672068,0.806393112955501,1.60148000898531
5,"lag_lm","rolling_one_step",4,1,10,1.08757379308917,2.13358221409866,0.966864979650217,1.47044802506991,0.638034673187144,1.09413361682276
5,"lag_lm","rolling_one_step",4,1,11,-1.14291072877612,0.347243100577675,0.966864979650217,2.07292513969246,0.99621316598464,2.22055843513777
5,"lag_lm","rolling_one_step",4,1,12,2.77789078390872,3.08012075889331,0.966864979650217,0.934097606464293,0.263336980151868,0.0913429577791881
5,"gau_fit","rolling_one_step",5,1,1,1.5910281188846,0.591068462930483,1.20668625852775,1.4501737605763,0.594885142196208,0.999919313535868
5,"gau_fit","rolling_one_step",5,1,2,2.34916449598284,1.69579914475899,1.20668625852775,1.25340283573709,0.419779775253937,0.426886282179871
5,"gau_fit","rolling_one_step",5,1,3,3.49737498042161,2.04515495128524,1.20668625852775,1.83099581982243,0.905853370145758,2.10894301302484
5,"gau_fit","rolling_one_step",5,1,4,2.93181465364977,0.345689291626267,1.20668625852775,3.40339036464318,1.91917102833206,6.68804438810122
5,"gau_fit","rolling_one_step",5,1,5,2.78277829835587,0.51060297284968,1.20668625852775,2.8796377567262,1.61925595855729,5.16278070983918
5,"gau_fit","rolling_one_step",5,1,6,1.38648011966569,2.69010998430055,1.20668625852775,1.69038236065675,0.794974200071585,1.69945082396792
5,"gau_fit","rolling_one_step",5,1,7,2.79390834502088,1.70592327252215,1.20668625852775,1.51328523944016,0.648839599620831,1.18371151798006
5,"gau_fit","rolling_one_step",5,1,8,3.16521127302424,2.69222630712597,1.20668625852775,1.18363679678716,0.355026196184617,0.223714777965784
5,"gau_fit","rolling_one_step",5,1,9,0.972090782310811,1.67385022703334,1.20668625852775,1.27592203383532,0.440372535400635,0.492466318257266
5,"gau_fit","rolling_one_step",5,1,10,2.74740339480585,1.49529304288952,1.20668625852775,1.64516869444542,0.758376820916568,1.56778033337605
5,"gau_fit","rolling_one_step",5,1,11,1.75638803453997,-0.241362132179876,1.20668625852775,2.47726785108476,1.3660942533814,3.99100572862916
5,"gau_fit","rolling_one_step",5,1,12,4.84160588239576,2.81137379612407,1.20668625852775,2.52219517026219,1.39548642292299,4.12184232412707
5,"lag_lm","rolling_one_step",5,1,1,1.5910281188846,0.969913691677249,0.966864979650217,1.09158123388397,0.379874790676763,0.385783131685111
5,"lag_lm","rolling_one_step",5,1,2,2.34916449598284,1.78685963827013,0.966864979650217,1.05435706700464,0.352858156169588,0.316186753007316
5,"lag_lm","rolling_one_step",5,1,3,3.49737498042161,2.04520750056351,0.966864979650217,2.01314512729094,0.963094362416041,2.10879038955742
5,"lag_lm","rolling_one_step",5,1,4,2.93181465364977,0.788456325938567,0.966864979650217,3.34237083877723,1.60687089674282,4.59398492096898
5,"lag_lm","rolling_one_step",5,1,5,2.78277829835587,0.910409636034187,0.966864979650217,2.76032759516186,1.34630355655568,3.50576440764431
5,"lag_lm","rolling_one_step",5,1,6,1.38648011966569,2.52215035063847,0.966864979650217,1.57507330370309,0.704438532310198,1.28974687351777
5,"lag_lm","rolling_one_step",5,1,7,2.79390834502088,2.03101186573924,0.966864979650217,1.19653526272214,0.454372823070596,0.582011038100315
5,"lag_lm","rolling_one_step",5,1,8,3.16521127302424,2.76038082369938,0.966864979650217,0.97289872471546,0.292603015966398,0.163887692700568
5,"lag_lm","rolling_one_step",5,1,9,0.972090782310811,2.00729391806388,0.966864979650217,1.45842009735326,0.630274424799901,1.07164553227298
5,"lag_lm","rolling_one_step",5,1,10,2.74740339480585,1.87525126710764,0.966864979650217,1.29208135087071,0.520138208388729,0.760649333848526
5,"lag_lm","rolling_one_step",5,1,11,1.75638803453997,0.590998526381523,0.966864979650217,1.61165000034528,0.72720109599522,1.35813270572578
5,"lag_lm","rolling_one_step",5,1,12,4.84160588239576,2.84849013376453,0.966864979650217,3.00997032905573,1.46152630945417,3.9725103874418
5,"gau_fit","rolling_one_step",6,1,1,0.728268962887336,1.63649012019175,1.05789170035483,1.34374477346867,0.540504175371182,0.824865670575371
5,"gau_fit","rolling_one_step",6,1,2,2.86567749989916,2.05592457751808,1.05789170035483,1.26816591211917,0.483094357251493,0.655699795304696
5,"gau_fit","rolling_one_step",6,1,3,5.18148374769531,2.69116522284932,1.05789170035483,3.74596676045931,1.90007199859646,6.2016863551911
5,"gau_fit","rolling_one_step",6,1,4,1.78321592127234,2.37827232401127,1.05789170035483,1.13341554090588,0.377343460111841,0.354092122440594
5,"gau_fit","rolling_one_step",6,1,5,0.921762447129451,2.29581884374977,1.05789170035483,1.81873905624979,0.873765325611933,1.88803098109323
5,"gau_fit","rolling_one_step",6,1,6,2.45890481489344,1.52332515193373,1.05789170035483,1.36628166220145,0.557370108780599,0.87530930574379
5,"gau_fit","rolling_one_step",6,1,7,1.54457700784719,2.74007309577427,1.05789170035483,1.61375031652122,0.735402289235798,1.42921089624894
5,"gau_fit","rolling_one_step",6,1,8,2.62065817528727,2.94549424006343,1.05789170035483,1.02235937393347,0.286706391184107,0.105518468979268
5,"gau_fit","rolling_one_step",6,1,9,0.355706401596769,1.73216332670662,1.05789170035483,1.82168896241683,0.875701107247003,1.89463366668288
5,"gau_fit","rolling_one_step",6,1,10,3.2191031803746,2.71434450769215,1.05789170035483,1.08904608675973,0.341522601537251,0.254781317648149
5,"gau_fit","rolling_one_step",6,1,11,3.50878935275508,2.16607113314952,1.05789170035483,1.7807012970571,0.848667845741898,1.80289221726072
5,"gau_fit","rolling_one_step",6,1,12,4.38899308207987,3.87294962208556,1.05789170035483,1.09419271183268,0.34570391213021,0.266300852602892
5,"lag_lm","rolling_one_step",6,1,1,0.728268962887336,1.52417218869039,0.966864979650217,1.22405418217016,0.473510075285878,0.633461944843702
5,"lag_lm","rolling_one_step",6,1,2,2.86567749989916,1.960686636824,0.966864979650217,1.32329518664496,0.54121718045196,0.819008462249523
5,"lag_lm","rolling_one_step",6,1,3,5.18148374769531,2.62179521978686,0.966864979650217,4.38963336819082,2.01662513120036,6.55200535990613
5,"lag_lm","rolling_one_step",6,1,4,1.78321592127234,2.29616085981592,0.966864979650217,1.02596989346098,0.332039041267213,0.263112509977475
5,"lag_lm","rolling_one_step",6,1,5,0.921762447129451,2.21034975201502,0.966864979650217,1.7733506407437,0.825176164450744,1.66045724231225
5,"lag_lm","rolling_one_step",6,1,6,2.45890481489344,1.40639897572621,0.966864979650217,1.47774077105055,0.642726933135213,1.1077685414811
5,"lag_lm","rolling_one_step",6,1,7,1.54457700784719,2.61397501515837,0.966864979650217,1.49691197731568,0.655015792781816,1.14361209804111
5,"lag_lm","rolling_one_step",6,1,8,2.62065817528727,2.8277612119481,0.966864979650217,0.908183055474908,0.243581845456462,0.0428916677941386
5,"lag_lm","rolling_one_step",6,1,9,0.355706401596769,1.56502167113033,0.966864979650217,1.66744140143778,0.761486460493088,1.46244342112703
5,"lag_lm","rolling_one_step",6,1,10,3.2191031803746,2.58719872095614,0.966864979650217,1.09881257256607,0.385086377554161,0.39930324583294
5,"lag_lm","rolling_one_step",6,1,11,3.50878935275508,2.01659884454059,0.966864979650217,2.07617390758865,0.997999319639663,2.22663251280543
5,"lag_lm","rolling_one_step",6,1,12,4.38899308207987,3.79298394742059,0.966864979650217,1.07523798853824,0.368052389774883,0.355226888597306
5,"gau_fit","rolling_one_step",7,1,1,-0.675659766175637,0.967909249687411,0.898619015501716,2.48465240241962,1.1604204501649,2.70131910990503
5,"gau_fit","rolling_one_step",7,1,2,2.4940677552271,2.47368009166222,0.898619015501716,0.812299779392319,0.210187273491885,0.000415656825634821
5,"gau_fit","rolling_one_step",7,1,3,2.04130422202273,4.105129327132,0.898619015501716,3.44937303585516,1.56347895570779,4.2593740644793
5,"gau_fit","rolling_one_step",7,1,4,0.192710302140725,1.71110286113754,0.898619015501716,2.23957795156812,1.04510294183951,2.30551596321689
5,"gau_fit","rolling_one_step",7,1,5,1.46151863060576,1.10422237917983,0.898619015501716,0.891087650580823,0.265942722423029,0.127660611283023
5,"gau_fit","rolling_one_step",7,1,6,3.90407611749012,2.18711510523724,0.898619015501716,2.63736514523366,1.22929299771521,2.94795511759641
5,"gau_fit","rolling_one_step",7,1,7,0.0794831844799027,1.83277327181801,0.898619015501716,2.71542613206357,1.26367795321827,3.07402613035807
5,"gau_fit","rolling_one_step",7,1,8,1.52642252702396,2.59085560258046,0.898619015501716,1.51358738616144,0.661514293864381,1.13301777233868
5,"gau_fit","rolling_one_step",7,1,9,2.26111716176991,0.995232547724374,0.898619015501716,1.80426026771703,0.823541939303459,1.60246385607721
5,"gau_fit","rolling_one_step",7,1,10,1.8494375937016,3.01245073686666,0.898619015501716,1.6495486315861,0.738856487085469,1.35259957117468
5,"gau_fit","rolling_one_step",7,1,11,2.71609783869167,3.2165301087511,0.898619015501716,0.967105850285639,0.318395727432388,0.25043245691684
5,"gau_fit","rolling_one_step",7,1,12,2.46256276293205,3.83661985185079,0.898619015501716,1.98107966187262,0.916342708165004,1.88803288360785
5,"lag_lm","rolling_one_step",7,1,1,-0.675659766175637,1.13127026116377,0.966864979650217,2.63155079741703,1.28460328328726,3.2649961237008
5,"lag_lm","rolling_one_step",7,1,2,2.4940677552271,2.36193236385942,0.966864979650217,0.894580601779993,0.233144444368575,0.0174597616518914
5,"lag_lm","rolling_one_step",7,1,3,2.04130422202273,3.69531104977638,0.966864979650217,2.3484732685242,1.14296436656433,2.73573858625568
5,"lag_lm","rolling_one_step",7,1,4,0.192710302140725,1.73868022493865,0.966864979650217,2.16356458737848,1.04552971822939,2.39002300219582
5,"lag_lm","rolling_one_step",7,1,5,1.46151863060576,1.24267858299457,0.966864979650217,0.910856969413414,0.245628055045915,0.0478909664384677
5,"lag_lm","rolling_one_step",7,1,6,3.90407611749012,2.12772363905094,0.966864979650217,2.57294749869872,1.25597925542643,3.15542812765702
5,"lag_lm","rolling_one_step",7,1,7,0.0794831844799027,1.99849526729829,0.966864979650217,2.85491343735987,1.39061754545367,3.68260737400298
5,"lag_lm","rolling_one_step",7,1,8,1.52642252702396,2.61807373779715,0.966864979650217,1.52263343284446,0.671399319544937,1.19170236598258
5,"lag_lm","rolling_one_step",7,1,9,2.26111716176991,1.31397568445492,0.966864979650217,1.3650507422558,0.569112441694716,0.897076978050418
5,"lag_lm","rolling_one_step",7,1,10,1.8494375937016,2.96264220730374,0.966864979650217,1.54805102378719,0.687473649615756,1.23922451174509
5,"lag_lm","rolling_one_step",7,1,11,2.71609783869167,3.12943568073209,0.966864979650217,0.976621591269245,0.295391564027323,0.170848171662637
5,"lag_lm","rolling_one_step",7,1,12,2.46256276293205,3.63623321315226,0.966864979650217,1.62200999293047,0.733606985776477,1.37750232572011
5,"gau_fit","rolling_one_step",8,1,1,1.7147355817122,0.17661476873834,1.0124459489469,2.08531138588524,1.02370133211402,2.36581563530338
5,"gau_fit","rolling_one_step",8,1,2,0.743946762585972,1.51458513576005,1.0124459489469,1.22099371088157,0.459940092681309,0.593883502208388
5,"gau_fit","rolling_one_step",8,1,3,3.38224677473598,1.32346959456444,1.0124459489469,2.99880521033011,1.50327656939086,4.23856347759507
5,"gau_fit","rolling_one_step",8,1,4,-1.03385474025523,0.543161549548616,1.0124459489469,2.14441344008307,1.05777498644162,2.4869803783067
5,"gau_fit","rolling_one_step",8,1,5,1.57133567161058,1.078736905302,1.0124459489469,1.04966984654795,0.330375804545834,0.242653544568731
5,"gau_fit","rolling_one_step",8,1,6,2.41781235153546,2.10976229001773,1.0124459489469,0.9775957206475,0.273709895899779,0.0948948404010798
5,"gau_fit","rolling_one_step",8,1,7,0.521937853092134,1.06205736460169,1.0124459489469,1.07360804242675,0.348905276090047,0.291729086713325
5,"gau_fit","rolling_one_step",8,1,8,1.66543591125271,1.67282341629849,1.0124459489469,0.931334288870467,0.236625037636139,5.45752308014169e-05
5,"gau_fit","rolling_one_step",8,1,9,3.5145166140825,1.98294459973223,1.0124459489469,2.07550558961746,1.01800076942605,2.34571283514094
5,"gau_fit","rolling_one_step",8,1,10,1.60999193866162,1.8091709680669,1.0124459489469,0.950659118986442,0.252185701419592,0.039672285754831
5,"gau_fit","rolling_one_step",8,1,11,0.208845784274097,2.1749960171422,1.0124459489469,2.81695168932237,1.41499557438841,3.86574673820731
5,"gau_fit","rolling_one_step",8,1,12,2.4228022057308,2.06797659163119,1.0124459489469,0.992720091570871,0.285711801300303,0.125901216421164
5,"lag_lm","rolling_one_step",8,1,1,1.7147355817122,-0.251126373263301,0.966864979650217,2.95226068928897,1.43537990915909,3.86461322602011
5,"lag_lm","rolling_one_step",8,1,2,0.743946762585972,1.573917116979,0.966864979650217,1.25367933830147,0.493933786974351,0.68885078917129
5,"lag_lm","rolling_one_step",8,1,3,3.38224677473598,1.31322810402307,0.966864979650217,3.17488190047248,1.53471820183824,4.28083825975863
5,"lag_lm","rolling_one_step",8,1,4,-1.03385474025523,0.248857656783765,0.966864979650217,1.76527099903933,0.820379975310095,1.64535109351753
5,"lag_lm","rolling_one_step",8,1,5,1.57133567161058,0.979403220903915,0.966864979650217,1.07264774574844,0.366173038006785,0.350384026199593
5,"lag_lm","rolling_one_step",8,1,6,2.41781235153546,2.38576184664729,0.966864979650217,0.885791536443005,0.226375302375486,0.00102723486358705
5,"lag_lm","rolling_one_step",8,1,7,0.521937853092134,0.580881423683235,0.966864979650217,0.887100392158354,0.227384609698005,0.00347434451402807
5,"lag_lm","rolling_one_step",8,1,8,1.66543591125271,1.41399001426545,0.966864979650217,0.919058517984953,0.251892999531407,0.0632250391117263
5,"lag_lm","rolling_one_step",8,1,9,3.5145166140825,1.83700734033065,0.966864979650217,2.3903519812796,1.1644708834509,2.81403736352347
5,"lag_lm","rolling_one_step",8,1,10,1.60999193866162,1.59997336479311,0.966864979650217,0.885295796503996,0.225992903903013,0.000100371822358736
5,"lag_lm","rolling_one_step",8,1,11,0.208845784274097,2.09897292475243,0.966864979650217,2.79606476150217,1.36314406793713,3.57258060717282
5,"lag_lm","rolling_one_step",8,1,12,2.4228022057308,1.9529942762917,0.966864979650217,1.00329565581886,0.31527303578567,0.220719490563855
5,"gau_fit","recursive_multi_step",6,1,1,0.728268962887336,1.63649012019175,1.05789170035483,1.34374477346867,0.540504175371182,0.824865670575371
5,"gau_fit","recursive_multi_step",6,1,2,2.86567749989916,2.05592457751808,1.05789170035483,1.26816591211917,0.483094357251493,0.655699795304696
5,"gau_fit","recursive_multi_step",6,1,3,5.18148374769531,2.69116522284932,1.05789170035483,3.74596676045931,1.90007199859646,6.2016863551911
5,"gau_fit","recursive_multi_step",6,1,4,1.78321592127234,2.37827232401127,1.05789170035483,1.13341554090588,0.377343460111841,0.354092122440594
5,"gau_fit","recursive_multi_step",6,1,5,0.921762447129451,2.29581884374977,1.05789170035483,1.81873905624979,0.873765325611933,1.88803098109323
5,"gau_fit","recursive_multi_step",6,1,6,2.45890481489344,1.52332515193373,1.05789170035483,1.36628166220145,0.557370108780599,0.87530930574379
5,"gau_fit","recursive_multi_step",6,1,7,1.54457700784719,2.74007309577427,1.05789170035483,1.61375031652122,0.735402289235798,1.42921089624894
5,"gau_fit","recursive_multi_step",6,1,8,2.62065817528727,2.94549424006343,1.05789170035483,1.02235937393347,0.286706391184107,0.105518468979268
5,"gau_fit","recursive_multi_step",6,1,9,0.355706401596769,1.73216332670662,1.05789170035483,1.82168896241683,0.875701107247003,1.89463366668288
5,"gau_fit","recursive_multi_step",6,1,10,3.2191031803746,2.71434450769215,1.05789170035483,1.08904608675973,0.341522601537251,0.254781317648149
5,"gau_fit","recursive_multi_step",6,1,11,3.50878935275508,2.16607113314952,1.05789170035483,1.7807012970571,0.848667845741898,1.80289221726072
5,"gau_fit","recursive_multi_step",6,1,12,4.38899308207987,3.87294962208556,1.05789170035483,1.09419271183268,0.34570391213021,0.266300852602892
5,"lag_lm","recursive_multi_step",6,1,1,0.728268962887336,1.52417218869039,0.966864979650217,1.22405418217016,0.473510075285878,0.633461944843702
5,"lag_lm","recursive_multi_step",6,1,2,2.86567749989916,1.960686636824,0.966864979650217,1.32329518664496,0.54121718045196,0.819008462249523
5,"lag_lm","recursive_multi_step",6,1,3,5.18148374769531,2.62179521978686,0.966864979650217,4.38963336819082,2.01662513120036,6.55200535990613
5,"lag_lm","recursive_multi_step",6,1,4,1.78321592127234,2.29616085981592,0.966864979650217,1.02596989346098,0.332039041267213,0.263112509977475
5,"lag_lm","recursive_multi_step",6,1,5,0.921762447129451,2.21034975201502,0.966864979650217,1.7733506407437,0.825176164450744,1.66045724231225
5,"lag_lm","recursive_multi_step",6,1,6,2.45890481489344,1.40639897572621,0.966864979650217,1.47774077105055,0.642726933135213,1.1077685414811
5,"lag_lm","recursive_multi_step",6,1,7,1.54457700784719,2.61397501515837,0.966864979650217,1.49691197731568,0.655015792781816,1.14361209804111
5,"lag_lm","recursive_multi_step",6,1,8,2.62065817528727,2.8277612119481,0.966864979650217,0.908183055474908,0.243581845456462,0.0428916677941386
5,"lag_lm","recursive_multi_step",6,1,9,0.355706401596769,1.56502167113033,0.966864979650217,1.66744140143778,0.761486460493088,1.46244342112703
5,"lag_lm","recursive_multi_step",6,1,10,3.2191031803746,2.58719872095614,0.966864979650217,1.09881257256607,0.385086377554161,0.39930324583294
5,"lag_lm","recursive_multi_step",6,1,11,3.50878935275508,2.01659884454059,0.966864979650217,2.07617390758865,0.997999319639663,2.22663251280543
5,"lag_lm","recursive_multi_step",6,1,12,4.38899308207987,3.79298394742059,0.966864979650217,1.07523798853824,0.368052389774883,0.355226888597306
5,"gau_fit","recursive_multi_step",7,2,1,-0.675659766175637,1.60773683203885,1.16745052556261,2.98649995753251,1.64702793680819,5.2139000247375
5,"gau_fit","recursive_multi_step",7,2,2,2.4940677552271,1.90322183877719,1.16745052556261,1.20182912703727,0.389639177511082,0.34909889698554
5,"gau_fit","recursive_multi_step",7,2,3,2.04130422202273,2.35073892538633,1.16745052556261,1.10888705852656,0.305356831090097,0.0957498356457179
5,"gau_fit","recursive_multi_step",7,2,4,0.192710302140725,2.13031077813565,1.16745052556261,2.45103851433712,1.32601478980802,3.75429560457575
5,"gau_fit","recursive_multi_step",7,2,5,1.46151863060576,2.07222359253346,1.16745052556261,1.21058286555969,0.397447085550428,0.372960550523114
5,"gau_fit","recursive_multi_step",7,2,6,3.90407611749012,1.52801388409267,1.16745052556261,3.14489705538553,1.73542744940262,5.64567173697769
5,"gau_fit","recursive_multi_step",7,2,7,0.0794831844799027,2.67498154399615,1.16745052556261,3.54511255029003,1.94751379895755,6.73661173425156
5,"gau_fit","recursive_multi_step",7,2,8,1.52642252702396,2.81969752320159,1.16745052556261,1.68734595472273,0.792383137681171,1.67256021573827
5,"gau_fit","recursive_multi_step",7,2,9,2.26111716176991,1.96492489580601,1.16745052556261,1.10594489932092,0.302646673866448,0.0877298584168306
5,"gau_fit","recursive_multi_step",7,2,10,1.8494375937016,2.6568561566084,1.16745052556261,1.31292193986331,0.487131006531275,0.651924735726486
5,"gau_fit","recursive_multi_step",7,2,11,2.71609783869167,2.27060615034072,1.16745052556261,1.14656771716073,0.339835114289721,0.19846284438978
5,"gau_fit","recursive_multi_step",7,2,12,2.46256276293205,3.47307531565391,1.16745052556261,1.44836835930536,0.601513715829364,1.02113561920845
5,"lag_lm","recursive_multi_step",7,2,1,-0.675659766175637,1.58952984067232,0.966864979650217,3.62964245336821,1.7259356128057,5.13108395497202
5,"lag_lm","recursive_multi_step",7,2,2,2.4940677552271,1.84086306934379,0.966864979650217,1.11345329742717,0.395601643796394,0.426676361659913
5,"lag_lm","recursive_multi_step",7,2,3,2.04130422202273,2.22151153440357,0.966864979650217,0.902611445725887,0.239312347907746,0.0324746754355242
5,"lag_lm","recursive_multi_step",7,2,4,0.192710302140725,2.03402006554659,0.966864979650217,2.69863561731048,1.31694694788033,3.39042164481377
5,"lag_lm","recursive_multi_step",7,2,5,1.46151863060576,1.98461234749352,0.966864979650217,1.03159367019846,0.336178547984718,0.273627036647457
5,"lag_lm","recursive_multi_step",7,2,6,3.90407611749012,1.5217192057853,0.966864979650217,3.92089419406647,1.84119211642923,5.6756244547477
5,"lag_lm","recursive_multi_step",7,2,7,0.0794831844799027,2.61422575471181,0.966864979650217,4.32166071564547,1.9918894104104,6.42491989734585
5,"lag_lm","recursive_multi_step",7,2,8,1.52642252702396,2.73731807230701,0.966864979650217,1.66948701887434,0.76273373373681,1.46626802158635
5,"lag_lm","recursive_multi_step",7,2,9,2.26111716176991,2.01026675219191,0.966864979650217,0.918898536062164,0.251770955968218,0.0629259279854487
5,"lag_lm","recursive_multi_step",7,2,10,1.8494375937016,2.59880868775681,0.966864979650217,1.18559528021934,0.446720034898335,0.561557036605495
5,"lag_lm","recursive_multi_step",7,2,11,2.71609783869167,2.27027269122281,0.966864979650217,0.991550483948414,0.306539963655669,0.198760062115625
5,"lag_lm","recursive_multi_step",7,2,12,2.46256276293205,3.29306725204356,0.966864979650217,1.25415371292895,0.494259335942983,0.689737706434366
5,"gau_fit","recursive_multi_step",8,3,1,1.7147355817122,1.14045691729537,1.12600625409013,1.16767262624278,0.377519818316884,0.329795984404384
5,"gau_fit","recursive_multi_step",8,3,2,0.743946762585972,1.2651837842723,1.12600625409013,1.14475740971503,0.357717909619061,0.271688032776429
5,"gau_fit","recursive_multi_step",8,3,3,3.38224677473598,1.45408475338586,1.12600625409013,2.50375563464349,1.33283799846667,3.71780878057697
5,"gau_fit","recursive_multi_step",8,3,4,-1.03385474025523,1.36104005882221,1.12600625409013,3.29945249477969,1.77313374373041,5.7355210986482
5,"gau_fit","recursive_multi_step",8,3,5,1.57133567161058,1.33652093769441,1.12600625409013,1.05935959952536,0.282606810763622,0.0551379592641216
5,"gau_fit","recursive_multi_step",8,3,6,2.41781235153546,1.1068051471658,1.12600625409013,1.71541092105178,0.811603988118144,1.71873988990916
5,"gau_fit","recursive_multi_step",8,3,7,0.521937853092134,2.15764046101542,1.12600625409013,2.09272404288433,1.07387809283708,2.67552302156702
5,"gau_fit","recursive_multi_step",8,3,8,1.66543591125271,2.21872637155631,1.12600625409013,1.15833993595859,0.369472764676065,0.306130333462967
5,"gau_fit","recursive_multi_step",8,3,9,3.5145166140825,1.85791919230373,1.12600625409013,2.11985257600072,1.0917689790446,2.74431501784408
5,"gau_fit","recursive_multi_step",8,3,10,1.60999193866162,2.14998957271292,1.12600625409013,1.15260880482092,0.364519111347914,0.291597444781002
5,"gau_fit","recursive_multi_step",8,3,11,0.208845784274097,1.98694998676788,1.12600625409013,2.28443290605701,1.19779564538847,3.16165455492603
5,"gau_fit","recursive_multi_step",8,3,12,2.4228022057308,2.49452298778545,1.12600625409013,1.03964413313493,0.264963855456693,0.00514387057853098
5,"lag_lm","recursive_multi_step",8,3,1,1.7147355817122,1.05310861798695,0.966864979650217,1.11937624730927,0.399841922842967,0.437750239128294
5,"lag_lm","recursive_multi_step",8,3,2,0.743946762585972,1.19781950236778,0.966864979650217,0.995423069419812,0.309423075724379,0.206000463917046
5,"lag_lm","recursive_multi_step",8,3,3,3.38224677473598,1.41698660696504,0.966864979650217,2.95099537669978,1.43480343337115,3.86224752702708
5,"lag_lm","recursive_multi_step",8,3,4,-1.03385474025523,1.30903408347432,0.966864979650217,3.82114512976787,1.80229823889102,5.48912804035686
5,"lag_lm","recursive_multi_step",8,3,5,1.57133567161058,1.28058645395676,0.966864979650217,0.93045637458947,0.260571389797979,0.0845351075663045
5,"lag_lm","recursive_multi_step",8,3,6,2.41781235153546,1.0140650860322,0.966864979650217,1.93918284728446,0.921440647859867,1.97050638540789
5,"lag_lm","recursive_multi_step",8,3,7,0.521937853092134,2.04031773043385,0.966864979650217,2.11834473927284,1.02105874129675,2.30547745191623
5,"lag_lm","recursive_multi_step",8,3,8,1.66543591125271,2.11119096209464,0.966864979650217,0.991517057065627,0.306515061837266,0.19869756535109
5,"lag_lm","recursive_multi_step",8,3,9,3.5145166140825,1.69257445014256,0.966864979650217,2.66068831336502,1.29870608865312,3.31947324874218
5,"lag_lm","recursive_multi_step",8,3,10,1.60999193866162,2.03144099970703,0.966864979650217,0.980243188075466,0.298101019306837,0.177619311056061
5,"lag_lm","recursive_multi_step",8,3,11,0.208845784274097,1.84227884689231,0.966864979650217,2.31229815168914,1.1242242862321,2.6681035700543
5,"lag_lm","recursive_multi_step",8,3,12,2.4228022057308,2.43117632860867,0.966864979650217,0.885279619254288,0.225980424207762,7.0125933973777e-05
