"rep","model","task","time","horizon","subject_index","observed","mean","mc_se","log_score","rps","pit","cover80","cover95","squared_error","absolute_error"
1,"inad_unconstrained","rolling_one_step",2,1,1,0,3.96,0.215987279834959,3.3424320724359,2.83653668821176,0.024419373645725,0,1,15.6816,3.96
1,"inad_constrained_alpha","rolling_one_step",2,1,1,0,3.55,0.235434264560817,3.10998173662906,2.36791174720025,0.0162499547720087,0,1,12.6025,3.55
1,"nb_glm","rolling_one_step",2,1,1,0,3.76011071650747,NA,2.66363508062113,2.41112645026465,0.0302244616876115,NA,NA,14.1384326003943,3.76011071650747
1,"poisson_glm","rolling_one_step",2,1,1,0,3.62229163592992,NA,3.42808010143387,2.63880283688797,0.00399513723790208,NA,NA,13.1209966957279,3.62229163592992
1,"inad_unconstrained","rolling_one_step",2,1,2,1,4.22,0.295275936689529,1.91959284073794,1.89160926291183,0.0487360010011934,1,1,10.3684,3.22
1,"inad_constrained_alpha","rolling_one_step",2,1,2,1,3.93,0.224398185051808,2.23335626114734,1.82491538100086,0.0922762057925286,1,1,8.5849,2.93
1,"nb_glm","rolling_one_step",2,1,2,1,3.76011071650747,NA,2.0752221650426,1.6482206930556,0.163990090355845,NA,NA,7.61821116737939,2.76011071650747
1,"poisson_glm","rolling_one_step",2,1,2,1,3.62229163592992,NA,2.38484641371037,1.77211879794465,0.113666184191957,NA,NA,6.87641342386801,2.62229163592992
1,"inad_unconstrained","rolling_one_step",2,1,3,2,3.41,0.228784667848229,1.77351974925705,0.814003422351007,0.19470659686817,1,1,1.9881,1.41
1,"inad_constrained_alpha","rolling_one_step",2,1,3,2,4.12,0.253970490610642,1.86240205238968,1.27072163050625,0.145717734145936,1,1,4.4944,2.12
1,"nb_glm","rolling_one_step",2,1,3,2,4.13172838517041,NA,1.97060495815659,1.21143367851146,0.285811565669048,NA,NA,4.54426590814126,2.13172838517041
1,"poisson_glm","rolling_one_step",2,1,3,2,4.00617447333917,NA,2.00511446727673,1.25628401997744,0.168185975632551,NA,NA,4.02473601747768,2.00617447333917
1,"inad_unconstrained","rolling_one_step",2,1,4,1,4.15,0.283333333333333,1.98025388512909,1.88395291840164,0.100656796870992,1,1,9.9225,3.15
1,"inad_constrained_alpha","rolling_one_step",2,1,4,1,3.19,0.206312012409958,1.98314011778311,1.22027314876033,0.198709082934963,1,1,4.7961,2.19
1,"nb_glm","rolling_one_step",2,1,4,1,3.29239128992426,NA,1.90539239165747,1.3644527925177,0.132811297100213,NA,NA,5.25505782612061,2.29239128992426
1,"poisson_glm","rolling_one_step",2,1,4,1,3.14286886023178,NA,2.07433383326757,1.41699881515017,0.148218742218902,NA,NA,4.59188695215106,2.14286886023178
1,"inad_unconstrained","rolling_one_step",2,1,5,3,3.8,0.222928171609085,1.53979628388391,0.551495402928969,0.370223996849376,1,1,0.64,0.8
1,"inad_constrained_alpha","rolling_one_step",2,1,5,3,5.15,0.278660214511356,2.41584298434682,1.23916310595975,0.29309376461862,1,1,4.6225,2.15
1,"nb_glm","rolling_one_step",2,1,5,3,4.96310386914837,NA,2.0017394991199,0.932499473075172,0.383456858879435,NA,NA,3.85377680106528,1.96310386914837
1,"poisson_glm","rolling_one_step",2,1,5,3,4.87335416295628,NA,1.95705777554932,1.04513977189802,0.177202384191229,NA,NA,3.50945581986563,1.87335416295628
1,"inad_unconstrained","rolling_one_step",2,1,6,4,3.62,0.245270413538967,1.66449768961713,0.599381696428571,0.668373411572705,1,1,0.1444,0.38
1,"inad_constrained_alpha","rolling_one_step",2,1,6,4,4.27,0.237773765660477,1.63565581048816,0.559786295783318,0.496694020807943,1,1,0.0728999999999998,0.27
1,"nb_glm","rolling_one_step",2,1,6,4,4.13172838517041,NA,2.01995903066844,0.676023736491879,0.497852796717583,NA,NA,0.0173523674596049,0.131728385170414
1,"poisson_glm","rolling_one_step",2,1,6,4,4.00617447333917,NA,1.70427618469401,0.500048892394564,0.513743194250749,NA,NA,3.81241210160688e-05,0.00617447333916576
1,"inad_unconstrained","rolling_one_step",2,1,7,5,5.83,0.376333990927305,2.22988326121731,1.01557577936039,0.475378408659189,1,1,0.6889,0.83
1,"inad_constrained_alpha","rolling_one_step",2,1,7,5,5.52,0.319241525361522,1.87091274205758,0.763149554725653,0.400178768932701,1,1,0.2704,0.52
1,"nb_glm","rolling_one_step",2,1,7,5,5.85412622221701,NA,2.27516361143498,1.01924140575568,0.391891665551695,NA,NA,0.7295316034787,0.854126222217009
1,"poisson_glm","rolling_one_step",2,1,7,5,5.6659727598332,NA,1.91285955870482,0.760235136581401,0.446067258051498,NA,NA,0.443519716839847,0.665972759833198
1,"inad_unconstrained","rolling_one_step",2,1,8,12,5.21,0.334028063902941,2.95353191906361,4.79282716260404,0.929049831345609,0,1,46.1041,6.79
1,"inad_constrained_alpha","rolling_one_step",2,1,8,12,5.95,0.31634752658391,4.77068462446567,4.18617996983625,0.922244275081903,0,1,36.6025,6.05
1,"nb_glm","rolling_one_step",2,1,8,12,6.21444887223121,NA,3.4285112411261,3.94293495857596,0.887763941190801,NA,NA,33.4726018520267,5.78555112776879
1,"poisson_glm","rolling_one_step",2,1,8,12,6.03947593884035,NA,3.98972378017378,4.21765674623937,0.944924659015662,NA,NA,35.5278470836631,5.96052406115965
1,"inad_unconstrained","rolling_one_step",2,1,9,2,5.12,0.325446080810864,2.1719813689086,2.01466850936524,0.112745681434904,1,1,9.7344,3.12
1,"inad_constrained_alpha","rolling_one_step",2,1,9,2,4.16,0.265421334576716,1.7397446960385,1.15925857088847,0.203270258669235,1,1,4.6656,2.16
1,"nb_glm","rolling_one_step",2,1,9,2,3.45519681790039,NA,1.87304314668914,1.09770438915247,0.242261561106579,NA,NA,2.11759777882743,1.45519681790039
1,"poisson_glm","rolling_one_step",2,1,9,2,3.22503849947195,NA,1.73467723959909,0.978234792942096,0.314993544991474,NA,NA,1.50071932518849,1.22503849947195
1,"inad_unconstrained","rolling_one_step",2,1,10,3,6.08,0.445103551678901,2.25417595378636,1.8087090048,0.212010482242107,1,1,9.4864,3.08
1,"inad_constrained_alpha","rolling_one_step",2,1,10,3,4.82,0.292111781565367,1.96301207869458,0.980226918714556,0.282536188334308,1,1,3.3124,1.82
1,"nb_glm","rolling_one_step",2,1,10,3,4.95201896911958,NA,2.14012338415743,1.37350496162894,0.328930625310205,NA,NA,3.81037805580266,1.95201896911958
1,"poisson_glm","rolling_one_step",2,1,10,3,4.73800654130759,NA,2.01427447455755,1.27411441632333,0.274981795515788,NA,NA,3.02066673762796,1.73800654130759
1,"inad_unconstrained","rolling_one_step",2,1,11,2,5.05,0.286876244743234,2.55609974218455,1.85469848053181,0.127739487189688,1,1,9.3025,3.05
1,"inad_constrained_alpha","rolling_one_step",2,1,11,2,4.53,0.277963372341818,2.79914513960121,1.53308668995244,0.179981121585367,1,1,6.4009,2.53
1,"nb_glm","rolling_one_step",2,1,11,2,3.45519681790039,NA,1.81434169825794,0.898855567534637,0.31188366813099,NA,NA,2.11759777882743,1.45519681790039
1,"poisson_glm","rolling_one_step",2,1,11,2,3.22503849947195,NA,1.67656933237695,0.800965157245104,0.3181896161549,NA,NA,1.50071932518849,1.22503849947195
1,"inad_unconstrained","rolling_one_step",2,1,12,3,5.13,0.298025488707244,2.17945240759042,1.21237240636147,0.216596829827618,1,1,4.5369,2.13
1,"inad_constrained_alpha","rolling_one_step",2,1,12,3,5.06,0.293643087141963,2.56461043185246,1.26138093938523,0.258605714180917,1,1,4.2436,2.06
1,"nb_glm","rolling_one_step",2,1,12,3,5.85412622221701,NA,2.2332056654606,1.5217937905593,0.223016422603058,NA,NA,8.14603649234674,2.85412622221701
1,"poisson_glm","rolling_one_step",2,1,12,3,5.6659727598332,NA,2.31962993361715,1.64943650561902,0.174910377267863,NA,NA,7.10741075617264,2.6659727598332
1,"inad_unconstrained","rolling_one_step",3,1,1,1,2.48,0.148718430993511,1.62813004544625,0.816512397119342,0.215946165395349,1,1,2.1904,1.48
1,"inad_constrained_alpha","rolling_one_step",3,1,1,1,2.53,0.155345818200308,1.55546638952267,0.844431280991735,0.216534238970415,1,1,2.3409,1.53
1,"nb_glm","rolling_one_step",3,1,1,1,2.28547288242454,NA,1.4709494119659,0.648509819331124,0.340731835772964,NA,NA,1.65244053144886,1.28547288242454
1,"poisson_glm","rolling_one_step",3,1,1,1,2.21930429986395,NA,1.46678372789915,0.672566517096082,0.243254332315428,NA,NA,1.48670297566671,1.21930429986395
1,"inad_unconstrained","rolling_one_step",3,1,2,0,2.74,0.175015150859299,2.90042209374967,1.82086140495868,0.0150040868949145,0,1,7.5076,2.74
1,"inad_constrained_alpha","rolling_one_step",3,1,2,0,2.43,0.176529392064399,2.1172100987132,1.51002046124064,0.0935068142872064,1,1,5.9049,2.43
1,"nb_glm","rolling_one_step",3,1,2,0,2.86811388754098,NA,2.16790297003509,1.69087393715602,0.0660929077595269,NA,NA,8.22607727190541,2.86811388754098
1,"poisson_glm","rolling_one_step",3,1,2,0,2.82891861865058,NA,2.75693994869256,1.92644762865304,0.0565277076687845,NA,NA,8.00278055094788,2.82891861865058
1,"inad_unconstrained","rolling_one_step",3,1,3,0,3.13,0.202337352064329,2.31155376297681,2.08924088807398,0.00700785692211606,1,1,9.7969,3.13
1,"inad_constrained_alpha","rolling_one_step",3,1,3,0,3.2,0.174656950921086,2.90042209374967,2.24466241322314,0.0428507750749122,0,1,10.24,3.2
1,"nb_glm","rolling_one_step",3,1,3,0,3.2755601673806,NA,2.40864693541248,2.02655518618073,0.0282377006547935,NA,NA,10.7292944101304,3.2755601673806
1,"poisson_glm","rolling_one_step",3,1,3,0,3.26045046954606,NA,3.13375789733762,2.3083624460762,0.0346690907715296,NA,NA,10.6305372643631,3.26045046954606
1,"inad_unconstrained","rolling_one_step",3,1,4,4,2.67,0.171184229425612,1.91856031612375,0.814941115702479,0.730987343837168,1,1,1.7689,1.33
1,"inad_constrained_alpha","rolling_one_step",3,1,4,4,2.83,0.163333333333333,2.1172100987132,0.791919089302247,0.79001848217886,1,1,1.3689,1.17
1,"nb_glm","rolling_one_step",3,1,4,4,2.86811388754098,NA,2.0797581283815,0.864436478739202,0.760418750302791,NA,NA,1.2811661715776,1.13188611245902
1,"poisson_glm","rolling_one_step",3,1,4,4,2.82891861865058,NA,1.86945088092324,0.747179976372677,0.723489437605341,NA,NA,1.37143160174328,1.17108138134942
1,"inad_unconstrained","rolling_one_step",3,1,5,1,3.59,0.192849446695885,2.0612300046159,1.55342773313854,0.0846190076227182,1,1,6.7081,2.59
1,"inad_constrained_alpha","rolling_one_step",3,1,5,1,3.49,0.197200098346524,2.30258509299405,1.49785273110949,0.0778378741639071,1,1,6.2001,2.49
1,"nb_glm","rolling_one_step",3,1,5,1,3.59928894154228,NA,1.93855496945532,1.32876150991034,0.119958363078004,NA,NA,6.75630300162399,2.59928894154228
1,"poisson_glm","rolling_one_step",3,1,5,1,3.60598614234131,NA,2.31778818759512,1.62239997052554,0.0995855949509322,NA,NA,6.79116377407493,2.60598614234131
1,"inad_unconstrained","rolling_one_step",3,1,6,5,3.81,0.221881304150019,2.23335626114734,0.873879340590493,0.719808509119774,1,1,1.4161,1.19
1,"inad_constrained_alpha","rolling_one_step",3,1,6,5,3.49,0.204739302084826,2.39798536694682,0.981096704812921,0.682723944446508,1,1,2.2801,1.51
1,"nb_glm","rolling_one_step",3,1,6,5,3.87226761203653,NA,2.23082215559144,0.937956970189246,0.645368124186307,NA,NA,1.27178033886178,1.12773238796347
1,"poisson_glm","rolling_one_step",3,1,6,5,3.89902871263977,NA,1.93144732190134,0.739543669907623,0.653412809302525,NA,NA,1.21213777559164,1.10097128736023
1,"inad_unconstrained","rolling_one_step",3,1,7,6,5.24,0.262897606522295,2.8330466912769,0.845726541666667,0.601579597911099,1,1,0.5776,0.76
1,"inad_constrained_alpha","rolling_one_step",3,1,7,6,5.67,0.242068109624068,1.89361735433468,0.626233264081256,0.46471275591414,1,1,0.1089,0.33
1,"nb_glm","rolling_one_step",3,1,7,6,5.41361750300029,NA,2.37298252545626,0.977813239173767,0.590979670670934,NA,NA,0.34384443278761,0.586382496999706
1,"poisson_glm","rolling_one_step",3,1,7,6,5.43617525581949,NA,1.96785959021505,0.681335849668452,0.522870271709198,NA,NA,0.317898342150214,0.563824744180507
1,"inad_unconstrained","rolling_one_step",3,1,8,14,7.17,0.335765370219122,3.68223491139527,4.65439446527778,0.934458672845348,0,1,46.6489,6.83
1,"inad_constrained_alpha","rolling_one_step",3,1,8,14,7.6,0.284977404739606,4.08098877104054,4.61776563801991,0.934231334831116,0,1,40.96,6.4
1,"nb_glm","rolling_one_step",3,1,8,14,6.97423034916335,NA,3.63999108761662,4.82620848020501,0.905943698045029,NA,NA,49.3614391866174,7.02576965083665
1,"poisson_glm","rolling_one_step",3,1,8,14,7.12637649960389,NA,4.19336374011587,4.92162698218262,0.959035894267209,NA,NA,47.2467000251977,6.87362350039611
1,"inad_unconstrained","rolling_one_step",3,1,9,3,4.57,0.22304368372246,2.24216689082949,0.980258748845799,0.202491407054762,1,1,2.4649,1.57
1,"inad_constrained_alpha","rolling_one_step",3,1,9,3,3.95,0.186609839834968,1.65552901963437,0.604018724129535,0.405285765859424,1,1,0.9025,0.95
1,"nb_glm","rolling_one_step",3,1,9,3,4.31387193258701,NA,1.93552909349335,0.793824883301016,0.357599223531753,NA,NA,1.72625945523992,1.31387193258701
1,"poisson_glm","rolling_one_step",3,1,9,3,4.26471339278368,NA,1.77293134867385,0.768850322140953,0.350291076031886,NA,NA,1.5994999658864,1.26471339278368
1,"inad_unconstrained","rolling_one_step",3,1,10,13,4.95,0.241366061735232,4.74493212836325,6.36777934971645,0.995134739417826,0,0,64.8025,8.05
1,"inad_constrained_alpha","rolling_one_step",3,1,10,13,4.65,0.239264445222174,4.74493212836325,6.64922300945179,0.993096532603807,0,0,69.7225,8.35
1,"nb_glm","rolling_one_step",3,1,10,13,4.74021869505349,NA,4.12096128250008,6.4421348760296,0.986503258039581,NA,NA,68.2239872055438,8.25978130494651
1,"poisson_glm","rolling_one_step",3,1,10,13,4.71667873475668,NA,4.66488067803697,6.67254476323336,0.998869497674477,NA,NA,68.6134111832322,8.28332126524332
1,"inad_unconstrained","rolling_one_step",3,1,11,17,4.75,0.23197657492327,4.77912349311153,9.98187947885037,0.996076569896379,0,0,150.0625,12.25
1,"inad_constrained_alpha","rolling_one_step",3,1,11,17,4.64,0.240588504053765,4.77912349311153,10.0383748605324,0.994356949641487,0,0,152.7696,12.36
1,"nb_glm","rolling_one_step",3,1,11,17,4.31387193258701,NA,4.700779996639,10.0881895309854,0.995187044890166,NA,NA,160.937845342804,12.686128067413
1,"poisson_glm","rolling_one_step",3,1,11,17,4.26471339278368,NA,4.7789191764394,10.4652467906137,0.996199688597147,NA,NA,162.187524967943,12.7352866072163
1,"inad_unconstrained","rolling_one_step",3,1,12,2,4.84,0.252150347966839,2.7904870768581,1.74889695274102,0.0943007348054696,1,1,8.0656,2.84
1,"inad_constrained_alpha","rolling_one_step",3,1,12,2,4.84,0.234723133702133,2.45062910043224,1.81403360362335,0.102689388190619,1,1,8.0656,2.84
1,"nb_glm","rolling_one_step",3,1,12,2,4.74021869505349,NA,2.11900708468283,1.51911997255035,0.161337008889714,NA,NA,7.50879849672066,2.74021869505349
1,"poisson_glm","rolling_one_step",3,1,12,2,4.71667873475668,NA,2.35977515558995,1.73949979396264,0.0995512974372727,NA,NA,7.38034334787914,2.71667873475668
1,"inad_unconstrained","rolling_one_step",4,1,1,2,2.82,0.244280018160977,1.67338663703437,0.613665267444592,0.420723688538326,1,1,0.6724,0.82
1,"inad_constrained_alpha","rolling_one_step",4,1,1,2,3.73,0.277745250620824,2.25955863354136,1.08303020957194,0.283008995208817,1,1,2.9929,1.73
1,"nb_glm","rolling_one_step",4,1,1,2,3.75169602166251,NA,1.8714360991817,1.00317595998511,0.206147005849239,NA,NA,3.06843895230825,1.75169602166251
1,"poisson_glm","rolling_one_step",4,1,1,2,3.77776524390653,NA,1.89221659602726,1.09084233486791,0.159446942709618,NA,NA,3.16044926244204,1.77776524390653
1,"inad_unconstrained","rolling_one_step",4,1,2,7,2.07,0.224398185051808,3.31576382535374,3.61309112085058,0.930215191020135,0,1,24.3049,4.93
1,"inad_constrained_alpha","rolling_one_step",4,1,2,7,4.09,0.343509810484344,2.96211566275501,1.86573421725473,0.769247908166104,1,1,8.4681,2.91
1,"nb_glm","rolling_one_step",4,1,2,7,2.98956033714585,NA,3.28478697764007,2.55327506750954,0.875612065841625,NA,NA,16.0836262893937,4.01043966285415
1,"poisson_glm","rolling_one_step",4,1,2,7,2.96368039518846,NA,3.63796403432982,2.6572860597206,0.918735423119146,NA,NA,16.291875952186,4.03631960481154
1,"inad_unconstrained","rolling_one_step",4,1,3,8,1.72,0.174703211536629,4.70048036579242,5.07085109090909,0.999697766114365,0,0,39.4384,6.28
1,"inad_constrained_alpha","rolling_one_step",4,1,3,8,3.91,0.334571941200071,3.13618410902309,2.67602481420927,0.845562610731556,1,1,16.7281,4.09
1,"nb_glm","rolling_one_step",4,1,3,8,2.98956033714585,NA,3.66509480477658,3.3969657051722,0.917080440573128,NA,NA,25.104505615102,5.01043966285415
1,"poisson_glm","rolling_one_step",4,1,3,8,2.96368039518846,NA,4.18275935715514,3.55821887354927,0.929976883622375,NA,NA,25.364515161809,5.03631960481154
1,"inad_unconstrained","rolling_one_step",4,1,4,4,4.6,0.250252397843183,2.01004757070304,0.677387109405592,0.4911224705688,1,1,0.36,0.6
1,"inad_constrained_alpha","rolling_one_step",4,1,4,4,5.34,0.375841144177385,1.83362367332675,1.02215180555556,0.476340892715612,1,1,1.7956,1.34
1,"nb_glm","rolling_one_step",4,1,4,4,5.06520018538925,NA,2.13194556445488,0.944220423660318,0.458696774227532,NA,NA,1.1346514349533,1.06520018538925
1,"poisson_glm","rolling_one_step",4,1,4,4,5.20680059811347,NA,1.90003119121186,0.873370904336636,0.324202331251402,NA,NA,1.45636768360703,1.20680059811347
1,"inad_unconstrained","rolling_one_step",4,1,5,0,3.01,0.287621735316131,1.85381830869828,1.76733340517241,0.155579965009458,1,1,9.0601,3.01
1,"inad_constrained_alpha","rolling_one_step",4,1,5,0,4.34,0.35397312002039,2.2216527620808,2.82603288026774,0.0607476550500748,1,1,18.8356,4.34
1,"nb_glm","rolling_one_step",4,1,5,0,3.75169602166251,NA,2.72554375605215,2.63858309087638,0.0451681330191555,NA,NA,14.0752230389583,3.75169602166251
1,"poisson_glm","rolling_one_step",4,1,5,0,3.77776524390653,NA,3.59876715562279,2.94163413592313,0.00684350860833502,NA,NA,14.2715102380682,3.77776524390653
1,"inad_unconstrained","rolling_one_step",4,1,6,8,5.75,0.337960310860864,2.59794685212005,1.37460393039506,0.747355711278811,1,1,5.0625,2.25
1,"inad_constrained_alpha","rolling_one_step",4,1,6,8,5.28,0.365723304362103,2.69933826050019,1.72013298611111,0.753234856101354,1,1,7.3984,2.72
1,"nb_glm","rolling_one_step",4,1,6,8,5.37696427867536,NA,2.78573213860279,1.64849351478612,0.74351124791491,NA,NA,6.88031639534509,2.62303572132464
1,"poisson_glm","rolling_one_step",4,1,6,8,5.55003496550019,NA,2.52508152481015,1.39185688556935,0.796294095034758,NA,NA,6.00232867027168,2.44996503449981
1,"inad_unconstrained","rolling_one_step",4,1,7,3,7.61,0.411180856764632,2.58971635298354,2.66313424629465,0.127192187529704,1,1,21.2521,4.61
1,"inad_constrained_alpha","rolling_one_step",4,1,7,3,6.33,0.464509081578269,2.110973489293,1.9063509568,0.198552524802983,1,1,11.0889,3.33
1,"nb_glm","rolling_one_step",4,1,7,3,7.44819828192721,NA,2.60357616272112,2.65213893992083,0.1335595741969,NA,NA,19.7864679553401,4.44819828192721
1,"poisson_glm","rolling_one_step",4,1,7,3,7.66211954880658,NA,3.31071880712378,3.29892516606382,0.0502207854444963,NA,NA,21.7353586873645,4.66211954880658
1,"inad_unconstrained","rolling_one_step",4,1,8,4,12.82,0.482497710257821,4.15389554184863,5.91273435058594,0.0594490245515772,0,1,77.7924,8.82
1,"inad_constrained_alpha","rolling_one_step",4,1,8,4,9.03,0.475767322810789,3.44251553099289,3.04150577601411,0.14599624818178,1,1,25.3009,5.03
1,"nb_glm","rolling_one_step",4,1,8,4,9.5606581380677,NA,2.82320203808626,3.23504179501843,0.18168293707005,NA,NA,30.9209189284585,5.5606581380677
1,"poisson_glm","rolling_one_step",4,1,8,4,10.0056185380661,NA,3.78588466616579,4.27193347284837,0.0424863329435868,NA,NA,36.0674540247634,6.00561853806611
1,"inad_unconstrained","rolling_one_step",4,1,9,7,5.03,0.3636112365056,2.7158675624514,1.45836664203171,0.673235306629976,1,1,3.8809,1.97
1,"inad_constrained_alpha","rolling_one_step",4,1,9,7,5.76,0.492595681112315,3.29524880365277,1.67645365484429,0.568271642517956,1,1,1.5376,1.24
1,"nb_glm","rolling_one_step",4,1,9,7,6.20054165118586,NA,2.61782465276095,1.42038563239546,0.541006796490499,NA,NA,0.639133651488628,0.799458348814138
1,"poisson_glm","rolling_one_step",4,1,9,7,6.29869833418411,NA,2.1722702845365,1.04830246404428,0.493573563131676,NA,NA,0.491824026476138,0.701301665815887
1,"inad_unconstrained","rolling_one_step",4,1,10,10,13.16,0.524879976660369,3.26539584050309,2.12684252754821,0.339496698535019,1,1,9.9856,3.16
1,"inad_constrained_alpha","rolling_one_step",4,1,10,10,8.81,0.461156867633625,2.6222395446891,1.3307016128,0.55452723098658,1,1,1.4161,1.19
1,"nb_glm","rolling_one_step",4,1,10,10,9.34698507859437,NA,2.83585486143024,1.57673283966298,0.524627453233442,NA,NA,0.426428487578396,0.653014921405626
1,"poisson_glm","rolling_one_step",4,1,10,10,9.76680514306861,NA,2.27263940494365,0.995552462128136,0.527859746167432,NA,NA,0.0543798412992535,0.233194856931394
1,"inad_unconstrained","rolling_one_step",4,1,11,10,16.52,0.537386116664581,4.19970507787993,3.84780716195144,0.159246440647107,1,1,42.5104,6.52
1,"inad_constrained_alpha","rolling_one_step",4,1,11,10,10.48,0.577084276883596,2.5275288248124,1.63212331659852,0.472225213730205,1,1,0.2304,0.48
1,"nb_glm","rolling_one_step",4,1,11,10,10.1491185752743,NA,2.883461870086,1.83455315115195,0.5032077165582,NA,NA,0.0222363494918336,0.149118575274288
1,"poisson_glm","rolling_one_step",4,1,11,10,10.6651928936637,NA,2.34137241824782,1.310644407349,0.422043893655443,NA,NA,0.442481585780709,0.665192893663717
1,"inad_unconstrained","rolling_one_step",4,1,12,1,5.1,0.407629263132097,2.41333645728675,2.55965424037461,0.0658035285648469,1,1,16.81,4.1
1,"inad_constrained_alpha","rolling_one_step",4,1,12,1,6.34,0.455542744338215,2.70763706331488,3.19092456799399,0.0705219328634764,1,1,28.5156,5.34
1,"nb_glm","rolling_one_step",4,1,12,1,5.64284990137687,NA,2.76474510634519,3.10596909739074,0.0633268000399796,NA,NA,21.5560552067152,4.64284990137687
1,"poisson_glm","rolling_one_step",4,1,12,1,5.6951394516135,NA,3.74391238009432,3.59646675244209,0.0260416606915316,NA,NA,22.0443344700975,4.6951394516135
1,"inad_unconstrained","rolling_one_step",5,1,1,2,4.97,0.290055724357102,2.56461043185246,1.85464339988509,0.188886354757015,1,1,8.8209,2.97
1,"inad_constrained_alpha","rolling_one_step",5,1,1,2,4.3,0.321140643848319,1.88771986037397,1.36496580555556,0.224445438729871,1,1,5.29,2.3
1,"nb_glm","rolling_one_step",5,1,1,2,4.22386113224031,NA,2.02013333900053,1.35038223548314,0.250652147223656,NA,NA,4.94555833548914,2.22386113224031
1,"poisson_glm","rolling_one_step",5,1,1,2,4.099972689225,NA,2.07486371838479,1.3917784239356,0.159632539163127,NA,NA,4.40988529549087,2.099972689225
1,"inad_unconstrained","rolling_one_step",5,1,2,9,6.54,0.411555315574684,2.70763706331488,1.75511015641008,0.730452212257549,1,1,6.0516,2.46
1,"inad_constrained_alpha","rolling_one_step",5,1,2,9,6.05,0.369377034937737,2.5006395210069,1.75071824310926,0.766759024340398,1,1,8.7025,2.95
1,"nb_glm","rolling_one_step",5,1,2,9,5.82453262264032,NA,2.92772639062261,1.93742015255945,0.727486748710894,NA,NA,10.0835930646756,3.17546737735968
1,"poisson_glm","rolling_one_step",5,1,2,9,5.7800422042239,NA,2.83948043568941,1.84266593633382,0.836282685708743,NA,NA,10.3681282065793,3.2199577957761
1,"inad_unconstrained","rolling_one_step",5,1,3,3,5.9,0.36167399797066,1.70347840682692,1.62011953775867,0.305127107349576,1,1,8.41,2.9
1,"inad_constrained_alpha","rolling_one_step",5,1,3,3,6.7,0.372406859076023,2.46757865874601,2.08831510486548,0.141769124327341,1,1,13.69,3.7
1,"nb_glm","rolling_one_step",5,1,3,3,6.05367553634505,NA,2.31255642825605,1.78612248761561,0.19925993261165,NA,NA,9.32493428127225,3.05367553634505
1,"poisson_glm","rolling_one_step",5,1,3,3,6.02340016217206,NA,2.51070704170588,2.00222648696954,0.10659530276129,NA,NA,9.14094854062205,3.02340016217206
1,"inad_unconstrained","rolling_one_step",5,1,4,2,4.42,0.315005210795445,1.79106405890796,1.25460715311909,0.261371314157853,1,1,5.8564,2.42
1,"inad_constrained_alpha","rolling_one_step",5,1,4,2,5.16,0.352113388532499,2.07845029758744,1.82056602691073,0.142768945051896,1,1,9.9856,3.16
1,"nb_glm","rolling_one_step",5,1,4,2,4.99332017252903,NA,2.22056816177727,1.80171381482686,0.175936624790227,NA,NA,8.95996565526924,2.99332017252903
1,"poisson_glm","rolling_one_step",5,1,4,2,4.90297625608551,NA,2.4918935353135,1.98030224516915,0.0820522151994139,NA,NA,8.42727114339622,2.90297625608551
1,"inad_unconstrained","rolling_one_step",5,1,5,2,4.09,0.278558700267914,2.63923433643048,1.19186159448665,0.229227347859692,1,1,4.3681,2.09
1,"inad_constrained_alpha","rolling_one_step",5,1,5,2,3.84,0.303088479264102,2.53885793575005,1.11891050283554,0.329137596262943,1,1,3.3856,1.84
1,"nb_glm","rolling_one_step",5,1,5,2,2.94713562980648,NA,1.69473663102744,0.659576986226853,0.306245883137508,NA,NA,0.89706590124892,0.947135629806481
1,"poisson_glm","rolling_one_step",5,1,5,2,2.79074535973204,NA,1.52049443274142,0.567768135101406,0.286533794485226,NA,NA,0.625278223937746,0.790745359732036
1,"inad_unconstrained","rolling_one_step",5,1,6,7,5.94,0.34313468804744,2.27665306690066,1.03476923297903,0.602936585521882,1,1,1.1236,1.06
1,"inad_constrained_alpha","rolling_one_step",5,1,6,7,6.13,0.319928969389372,1.89601866318866,0.865132033331056,0.566978013843071,1,1,0.7569,0.87
1,"nb_glm","rolling_one_step",5,1,6,7,6.05367553634505,NA,2.5044884202483,1.12697210998321,0.650024648621919,NA,NA,0.895529990511821,0.946324463654946
1,"poisson_glm","rolling_one_step",5,1,6,7,6.02340016217206,NA,2.09047479949686,0.799828123344236,0.596524554213877,NA,NA,0.953747243245555,0.976599837827938
1,"inad_unconstrained","rolling_one_step",5,1,7,10,6.13,0.378635241973917,2.55609974218455,2.32824394039009,0.810449837075913,1,1,14.9769,3.87
1,"inad_constrained_alpha","rolling_one_step",5,1,7,10,6.24,0.445656931966845,2.85773930386727,2.33008703813867,0.77739926189453,1,1,14.1376,3.76
1,"nb_glm","rolling_one_step",5,1,7,10,6.11255006204528,NA,3.08154672454298,2.340273195591,0.784157216282569,NA,NA,15.1122670201042,3.88744993795472
1,"poisson_glm","rolling_one_step",5,1,7,10,5.93116018077192,NA,3.20638308040887,2.42393868255422,0.862137736258885,NA,NA,16.555457474536,4.06883981922808
1,"inad_unconstrained","rolling_one_step",5,1,8,14,5.89,0.391808807218701,3.69053371420996,5.38643229970631,0.934828027550185,0,1,65.7721,8.11
1,"inad_constrained_alpha","rolling_one_step",5,1,8,14,6.56,0.357974097590111,4.08935702071106,5.11364216666667,0.940945291956964,0,1,55.3536,7.44
1,"nb_glm","rolling_one_step",5,1,8,14,6.57614045902844,NA,3.76254301401807,5.00601132637523,0.909009828854662,NA,NA,55.1136904840744,7.42385954097156
1,"poisson_glm","rolling_one_step",5,1,8,14,6.41315937755663,NA,4.47500097245694,5.45709786150049,0.946075674457434,NA,NA,57.5601506303569,7.58684062244337
1,"inad_unconstrained","rolling_one_step",5,1,9,3,6.98,0.367074153739315,2.22988326121731,2.38088079817253,0.115642734712875,1,1,15.8404,3.98
1,"inad_constrained_alpha","rolling_one_step",5,1,9,3,8.26,0.425362590425314,3.25779124111787,3.69733246314317,0.0842776779071179,1,1,27.6676,5.26
1,"nb_glm","rolling_one_step",5,1,9,3,7.67083690034566,NA,2.6962346371073,3.07940108674927,0.13314568556408,NA,NA,21.8167173496306,4.67083690034566
1,"poisson_glm","rolling_one_step",5,1,9,3,7.56037352183439,NA,3.30915483525108,3.45166803607089,0.0696294294145838,NA,NA,20.7970066586482,4.56037352183439
1,"inad_unconstrained","rolling_one_step",5,1,10,8,7.41,0.459049303045177,2.25417595378636,1.26671472,0.529497743931413,1,1,0.3481,0.59
1,"inad_constrained_alpha","rolling_one_step",5,1,10,8,8.03,0.426035280940512,2.86583651409989,1.20234802939646,0.52173236327013,1,1,0.000899999999999962,0.0299999999999994
1,"nb_glm","rolling_one_step",5,1,10,8,8.51436064698798,NA,2.6091248186257,1.27402741171491,0.473467338353568,NA,NA,0.264566875169897,0.514360646987983
1,"poisson_glm","rolling_one_step",5,1,10,8,8.4521850871749,NA,2.12522512985542,0.855593042979632,0.459905286977339,NA,NA,0.204471353063374,0.452185087174902
1,"inad_unconstrained","rolling_one_step",5,1,11,5,7.45,0.395268736099092,2.02210099506459,1.55367560467616,0.242356056620187,1,1,6.0025,2.45
1,"inad_constrained_alpha","rolling_one_step",5,1,11,5,8.99,0.443925328146184,2.52473707258596,2.40120629251701,0.18353918471673,1,1,15.9201,3.99
1,"nb_glm","rolling_one_step",5,1,11,5,8.51436064698798,NA,2.56320802098874,2.03696161610852,0.227863715811104,NA,NA,12.3507307570978,3.51436064698798
1,"poisson_glm","rolling_one_step",5,1,11,5,8.4521850871749,NA,2.66733575960758,2.24967684969504,0.144138845318411,NA,NA,11.9175818761128,3.4521850871749
1,"inad_unconstrained","rolling_one_step",5,1,12,12,6.43,0.44636692792302,3.43454736134371,3.4281994944,0.816486871351525,1,1,31.0249,5.57
1,"inad_constrained_alpha","rolling_one_step",5,1,12,12,4.95,0.343298027016666,3.35982381514777,4.87884379458978,0.934446376840351,0,1,49.7025,7.05
1,"nb_glm","rolling_one_step",5,1,12,12,4.87082032200764,NA,3.95457989293454,4.44993976073437,0.887431859391363,NA,NA,50.8252028810992,7.12917967799236
1,"poisson_glm","rolling_one_step",5,1,12,12,4.6530321535541,NA,4.6401518950378,4.89775022500121,0.902420489609837,NA,NA,53.9779365367099,7.3469678464459
1,"inad_unconstrained","rolling_one_step",6,1,1,6,4.15,0.303972021572693,2.44204535674085,1.23996333977408,0.691973895064057,1,1,3.4225,1.85
1,"inad_constrained_alpha","rolling_one_step",6,1,1,6,4.62,0.33748325809579,2.45913979010015,1.23802665900603,0.625635460997079,1,1,1.9044,1.38
1,"nb_glm","rolling_one_step",6,1,1,6,4.22744727339465,NA,2.48487901102485,1.20477176408171,0.670562853300212,NA,NA,3.14194316859607,1.77255272660535
1,"poisson_glm","rolling_one_step",6,1,1,6,4.16690985665735,NA,2.25446249994909,1.06435090873261,0.760654884915811,NA,NA,3.36021947361996,1.83309014334265
1,"inad_unconstrained","rolling_one_step",6,1,2,7,6.19,0.336558638533788,2.07845029758744,0.932096530291647,0.614450090968373,1,1,0.656099999999999,0.81
1,"inad_constrained_alpha","rolling_one_step",6,1,2,7,6.94,0.372222372983536,2.69933826050019,1.08121930555556,0.54259375990609,1,1,0.00359999999999995,0.0599999999999996
1,"nb_glm","rolling_one_step",6,1,2,7,6.27159928322747,NA,2.49263582671853,1.10387760147363,0.576004598187734,NA,NA,0.53056760419473,0.728400716772526
1,"poisson_glm","rolling_one_step",6,1,2,7,6.35179584835424,NA,2.05009629449852,0.744551764429542,0.589382814677543,NA,NA,0.420168622210797,0.648204151645758
1,"inad_unconstrained","rolling_one_step",6,1,3,7,5.07,0.383565147298633,2.84957599322811,1.4435505038968,0.698260721221498,1,1,3.7249,1.93
1,"inad_constrained_alpha","rolling_one_step",6,1,3,7,4.84,0.380515333714581,2.68253114218381,1.56300271473714,0.698755400695333,1,1,4.6656,2.16
1,"nb_glm","rolling_one_step",6,1,3,7,4.64525255057373,NA,2.69312486557644,1.47154685170328,0.730371944300188,NA,NA,5.54483555057955,2.35474744942627
1,"poisson_glm","rolling_one_step",6,1,3,7,4.60851018588969,NA,2.51981587301613,1.34510675780109,0.809217105786475,NA,NA,5.71922353099338,2.39148981411031
1,"inad_unconstrained","rolling_one_step",6,1,4,2,4.33,0.375258833232733,1.62567064819592,1.2031875969549,0.246913769656942,1,1,5.4289,2.33
1,"inad_constrained_alpha","rolling_one_step",6,1,4,2,4.07,0.297210940973483,2.18803615128181,1.25643967419096,0.323834218904376,1,1,4.2849,2.07
1,"nb_glm","rolling_one_step",6,1,4,2,4.22744727339465,NA,2.00324085503614,1.28991656124517,0.247813374145941,NA,NA,4.96152135575325,2.22744727339465
1,"poisson_glm","rolling_one_step",6,1,4,2,4.16690985665735,NA,2.09027330140984,1.38516322500905,0.203423034820472,NA,NA,4.6954983268788,2.16690985665735
1,"inad_unconstrained","rolling_one_step",6,1,5,5,4.1,0.322709488768791,2.68253114218381,1.04311772479173,0.642370188607049,1,1,0.810000000000001,0.9
1,"inad_constrained_alpha","rolling_one_step",6,1,5,5,4.39,0.363733446636435,2.38054663446376,0.966364951388889,0.589384079908293,1,1,0.3721,0.61
1,"nb_glm","rolling_one_step",6,1,5,5,4.22744727339465,NA,2.26404382120839,0.887713556916221,0.645711640396335,NA,NA,0.596837715385365,0.772552726605353
1,"poisson_glm","rolling_one_step",6,1,5,5,4.16690985665735,NA,1.93167067540609,0.677262277556656,0.563030743286125,NA,NA,0.69403918693467,0.833090143342646
1,"inad_unconstrained","rolling_one_step",6,1,6,8,6.42,0.362700310382436,2.96211566275501,1.29262691211922,0.64046471253722,1,1,2.4964,1.58
1,"inad_constrained_alpha","rolling_one_step",6,1,6,8,5.65,0.413014295249944,3.090290856179,1.62637340154899,0.660747924507088,1,1,5.5225,2.35
1,"nb_glm","rolling_one_step",6,1,6,8,5.82947776536374,NA,2.80076423038849,1.5543500722563,0.633762627342962,NA,NA,4.71116677105038,2.17052223463626
1,"poisson_glm","rolling_one_step",6,1,6,8,5.87440860178723,NA,2.493938244445,1.27844781553411,0.676514747329752,NA,NA,4.51813879215613,2.12559139821277
1,"inad_unconstrained","rolling_one_step",6,1,7,11,7.62,0.503278142669527,3.08274365054362,2.23358362029385,0.742573043357821,1,1,11.4244,3.38
1,"inad_constrained_alpha","rolling_one_step",6,1,7,11,8.37,0.443734154646676,2.88974203495344,1.86857893855788,0.660717402705739,1,1,6.9169,2.63
1,"nb_glm","rolling_one_step",6,1,7,11,8.52158950659371,NA,2.98933326235441,1.85988139637263,0.668057096345283,NA,NA,6.1425185738264,2.47841049340629
1,"poisson_glm","rolling_one_step",6,1,7,11,8.59017754986528,NA,2.59620094014693,1.42240456350805,0.674890239567547,NA,NA,5.80724424117328,2.40982245013472
1,"inad_unconstrained","rolling_one_step",6,1,8,7,10.69,0.562048022679539,2.65373821174847,2.14162291328646,0.261551809907465,1,1,13.6161,3.69
1,"inad_constrained_alpha","rolling_one_step",6,1,8,7,9.48,0.57900646356365,3.1125966136933,1.98696858780277,0.350312362370947,1,1,6.1504,2.48
1,"nb_glm","rolling_one_step",6,1,8,7,9.43298529318295,NA,2.70120591038768,2.07154998329416,0.341586580663735,NA,NA,5.91941743684453,2.43298529318295
1,"poisson_glm","rolling_one_step",6,1,8,7,9.57559847926118,NA,2.4908204618209,1.97887165057658,0.220620753555507,NA,NA,6.63370752637248,2.57559847926118
1,"inad_unconstrained","rolling_one_step",6,1,9,5,5.57,0.368522849914481,2.18803615128181,0.945881605668785,0.463910009258578,1,1,0.3249,0.57
1,"inad_constrained_alpha","rolling_one_step",6,1,9,5,6.65,0.456463126504853,2.30175898803174,1.28582678095758,0.443049313851828,1,1,2.7225,1.65
1,"nb_glm","rolling_one_step",6,1,9,5,6.11773973723799,NA,2.28111528120998,1.04498238952923,0.417292720439533,NA,NA,1.24934212020086,1.11773973723799
1,"poisson_glm","rolling_one_step",6,1,9,5,6.02799376776918,NA,1.95398908964323,0.842769216449014,0.326189470482354,NA,NA,1.05677118657227,1.02799376776918
1,"inad_unconstrained","rolling_one_step",6,1,10,14,8.5,0.525414699128799,4.16167768229069,3.40830369569136,0.786501230960008,1,1,30.25,5.5
1,"inad_constrained_alpha","rolling_one_step",6,1,10,14,7.81,0.555358651974769,4.22184620375714,3.6975491555224,0.76771100107249,1,1,38.3161,6.19
1,"nb_glm","rolling_one_step",6,1,10,14,7.97938417009013,NA,3.56086935197822,3.28519006165748,0.759937437265876,NA,NA,36.2478149713613,6.02061582990987
1,"poisson_glm","rolling_one_step",6,1,10,14,8.00731845258819,NA,3.91982981207816,3.37285504821876,0.825228140580304,NA,NA,35.91223212869,5.99268154741181
1,"inad_unconstrained","rolling_one_step",6,1,11,7,7.77,0.51715128786986,2.74812842466962,1.37099106198035,0.464643594319951,1,1,0.592899999999999,0.77
1,"inad_constrained_alpha","rolling_one_step",6,1,11,7,5.86,0.383239777779822,2.38054663446376,1.19899933333333,0.644640858777527,1,1,1.2996,1.14
1,"nb_glm","rolling_one_step",6,1,11,7,6.98683015508809,NA,2.52227693286336,1.18017704756162,0.530739054368865,NA,NA,0.000173444815003849,0.0131698449119133
1,"poisson_glm","rolling_one_step",6,1,11,7,6.94752227263395,NA,2.0608031741215,0.795131757037216,0.527269347120513,NA,NA,0.00275391186950563,0.0524777273660515
1,"inad_unconstrained","rolling_one_step",6,1,12,7,9.41,0.592562488713472,2.56365248883563,1.75126323058097,0.370427824584127,1,1,5.8081,2.41
1,"inad_constrained_alpha","rolling_one_step",6,1,12,7,8.13,0.460929013575361,2.5006395210069,1.20007375900588,0.471584957641629,1,1,1.2769,1.13
1,"nb_glm","rolling_one_step",6,1,12,7,9.00096153543531,NA,2.63333581375619,1.70989067586151,0.362984639311107,NA,NA,4.00384706629162,2.00096153543531
1,"poisson_glm","rolling_one_step",6,1,12,7,9.10762753668977,NA,2.34599940067554,1.54841111468578,0.281594483541297,NA,NA,4.44209383341298,2.10762753668977
1,"inad_unconstrained","rolling_one_step",7,1,1,3,4.55,0.31984055371072,1.87935161070345,0.95720853753266,0.341958492021292,1,1,2.4025,1.55
1,"inad_constrained_alpha","rolling_one_step",7,1,1,3,4.4,0.28212755908624,1.91100909704655,0.905449048751486,0.328965937338753,1,1,1.96,1.4
1,"nb_glm","rolling_one_step",7,1,1,3,4.27498948118974,NA,1.98517347093898,0.921235033008256,0.3305982189048,NA,NA,1.62559817714449,1.27498948118974
1,"poisson_glm","rolling_one_step",7,1,1,3,4.13213446795099,NA,1.78037925921239,0.809845568339223,0.243776636040101,NA,NA,1.28172845352268,1.13213446795099
1,"inad_unconstrained","rolling_one_step",7,1,2,6,4.56,0.317604671364776,2.09484410736311,1.02661381452839,0.621309847213684,1,1,2.0736,1.44
1,"inad_constrained_alpha","rolling_one_step",7,1,2,6,4.88,0.328227563335765,2.29346018521705,1.0337675,0.686828543622163,1,1,1.2544,1.12
1,"nb_glm","rolling_one_step",7,1,2,6,4.46615477633092,NA,2.48748928024547,1.14035090688807,0.643848634068498,NA,NA,2.35268117017244,1.53384522366908
1,"poisson_glm","rolling_one_step",7,1,2,6,4.32992057978436,NA,2.23399332035966,0.983281338814821,0.752725383281888,NA,NA,2.78916526982781,1.67007942021564
1,"inad_unconstrained","rolling_one_step",7,1,3,11,4.78,0.264223657938008,4.7361984483945,4.57896977531548,0.957154459193627,0,1,38.6884,6.22
1,"inad_constrained_alpha","rolling_one_step",7,1,3,11,4.72,0.300867432802575,4.06403921272677,4.30607904156622,0.94291652639888,0,1,39.4384,6.28
1,"nb_glm","rolling_one_step",7,1,3,11,4.46615477633092,NA,3.81035297788602,4.56122708246739,0.940596128995364,NA,NA,42.6911334068632,6.53384522366908
1,"poisson_glm","rolling_one_step",7,1,3,11,4.32992057978436,NA,4.47384379838926,4.92398750975825,0.959235980203063,NA,NA,44.4899594719842,6.67007942021564
1,"inad_unconstrained","rolling_one_step",7,1,4,7,3.57,0.30126165680117,3.17838446351346,2.09490516358172,0.827458214029085,1,1,11.7649,3.43
1,"inad_constrained_alpha","rolling_one_step",7,1,4,7,3.38,0.262382248722059,2.64804496611264,2.30697874730686,0.814544150665905,1,1,13.1044,3.62
1,"nb_glm","rolling_one_step",7,1,4,7,3.23878649026472,NA,3.17792529681039,2.24200766710387,0.834116995219234,NA,NA,14.1467270658152,3.76121350973528
1,"poisson_glm","rolling_one_step",7,1,4,7,3.07135406565995,NA,3.57345041414047,2.42858084345486,0.862016115272173,NA,NA,15.4342588774066,3.92864593434005
1,"inad_unconstrained","rolling_one_step",7,1,5,4,3.92,0.294625254185788,1.95427839872583,0.703860510926439,0.578079171528398,1,1,0.00640000000000001,0.0800000000000001
1,"inad_constrained_alpha","rolling_one_step",7,1,5,4,4.38,0.29602757174345,1.47726613932562,0.596443085066163,0.590075469765853,1,1,0.1444,0.38
1,"nb_glm","rolling_one_step",7,1,5,4,4.06445798720389,NA,2.03274553165226,0.689704131568745,0.493582550362267,NA,NA,0.00415483211437733,0.0644579872038937
1,"poisson_glm","rolling_one_step",7,1,5,4,3.91501548541415,NA,1.71406935662454,0.507579176140509,0.474815471064785,NA,NA,0.0072223677193923,0.0849845145858485
1,"inad_unconstrained","rolling_one_step",7,1,6,9,4.96,0.287068076957506,2.68253114218381,2.50039355070382,0.834322886072056,1,1,16.3216,4.04
1,"inad_constrained_alpha","rolling_one_step",7,1,6,9,5.51,0.358305495747453,3.36840755883916,2.24232153553948,0.795050860054286,1,1,12.1801,3.49
1,"nb_glm","rolling_one_step",7,1,6,9,4.64185775282844,NA,3.20106071614565,2.75153725981703,0.843629369469401,NA,NA,18.9934038465816,4.35814224717156
1,"poisson_glm","rolling_one_step",7,1,6,9,4.51222385597913,NA,3.5562662191794,2.94011293797971,0.905838610869922,NA,NA,20.1401347188428,4.48777614402087
1,"inad_unconstrained","rolling_one_step",7,1,7,13,6.57,0.404833174270463,3.40202416963815,4.25362939006899,0.892657593415592,0,1,41.3449,6.43
1,"inad_constrained_alpha","rolling_one_step",7,1,7,13,7.99,0.440269660250821,4.13017901523132,3.1539115968,0.814487688860241,1,1,25.1001,5.01
1,"nb_glm","rolling_one_step",7,1,7,13,6.71745282497194,NA,3.56919562967949,3.83006525017174,0.862005226511917,NA,NA,39.470399006453,6.28254717502806
1,"poisson_glm","rolling_one_step",7,1,7,13,6.52753676424401,NA,4.17253823883915,4.20731511642393,0.905659399120278,NA,NA,41.8927803382128,6.47246323575599
1,"inad_unconstrained","rolling_one_step",7,1,8,8,5.94,0.36008416524558,2.36373951614738,1.41134083596668,0.720896160138053,1,1,4.2436,2.06
1,"inad_constrained_alpha","rolling_one_step",7,1,8,8,6.15,0.430028187941491,2.72403087309056,1.51331241324608,0.673406327839532,1,1,3.4225,1.85
1,"nb_glm","rolling_one_step",7,1,8,8,5.88187019981086,NA,2.71411762794547,1.47304122204431,0.693227480159131,NA,NA,4.48647385044931,2.11812980018914
1,"poisson_glm","rolling_one_step",7,1,8,8,5.66359478813581,NA,2.48962528190809,1.32553391402195,0.775335944372256,NA,NA,5.45878931402614,2.33640521186419
1,"inad_unconstrained","rolling_one_step",7,1,9,4,5.81,0.427039373199505,2.31815279780742,1.41518562363672,0.364479644773301,1,1,3.2761,1.81
1,"inad_constrained_alpha","rolling_one_step",7,1,9,4,4.64,0.295597323698605,1.88480672465252,0.698738773592294,0.456252238263203,1,1,0.4096,0.64
1,"nb_glm","rolling_one_step",7,1,9,4,5.35284053298255,NA,2.18544030539771,1.11104166656577,0.3706410906321,NA,NA,1.83017750768052,1.35284053298255
1,"poisson_glm","rolling_one_step",7,1,9,4,5.12089330279745,NA,1.9064342326575,0.911394656673644,0.377670745470486,NA,NA,1.25640179625618,1.12089330279745
1,"inad_unconstrained","rolling_one_step",7,1,10,9,7.12,0.411275424438994,2.6222395446891,1.4784039808,0.671725929429457,1,1,3.5344,1.88
1,"inad_constrained_alpha","rolling_one_step",7,1,10,9,8.65,0.487495143720956,2.77938096817372,1.25982456213018,0.517396698600577,1,1,0.1225,0.35
1,"nb_glm","rolling_one_step",7,1,10,9,7.22692049235043,NA,2.80051797996045,1.52871816792832,0.64218275999424,NA,NA,3.14381094044686,1.77307950764957
1,"poisson_glm","rolling_one_step",7,1,10,9,7.05800085245867,NA,2.43306078527306,1.19537001640488,0.639034168437572,NA,NA,3.77136068905126,1.94199914754133
1,"inad_unconstrained","rolling_one_step",7,1,11,1,6.64,0.452717942380833,2.60611016275922,3.56203575913808,0.0923419321159552,1,1,31.8096,5.64
1,"inad_constrained_alpha","rolling_one_step",7,1,11,1,6.07,0.370436542910162,2.46757865874601,3.21246816608997,0.0938183748956277,1,1,25.7049,5.07
1,"nb_glm","rolling_one_step",7,1,11,1,5.88187019981086,NA,2.82801688680218,3.2174736519949,0.0486625673716259,NA,NA,23.8326566478013,4.88187019981086
1,"poisson_glm","rolling_one_step",7,1,11,1,5.66359478813581,NA,3.71860734244826,3.53830188309657,0.0274312974666866,NA,NA,21.7491163479275,4.66359478813581
1,"inad_unconstrained","rolling_one_step",7,1,12,4,6.07,0.455772183034773,2.69176560733771,1.8063102305636,0.341626212032679,1,1,4.2849,2.07
1,"inad_constrained_alpha","rolling_one_step",7,1,12,4,6.25,0.435397183122155,2.49247621036774,1.37402757995163,0.338168379005758,1,1,5.0625,2.25
1,"nb_glm","rolling_one_step",7,1,12,4,5.88187019981086,NA,2.33188867259878,1.72789286856814,0.252407557409043,NA,NA,3.54143544893615,1.88187019981086
1,"poisson_glm","rolling_one_step",7,1,12,4,5.66359478813581,NA,2.12369761042881,1.5440838388006,0.232198447046011,NA,NA,2.76754761911264,1.66359478813581
1,"inad_unconstrained","rolling_one_step",8,1,1,4,2.96,0.165095625794767,2.29353525747413,0.745412214876033,0.745862941891294,1,1,1.0816,1.04
1,"inad_constrained_alpha","rolling_one_step",8,1,1,4,3.12,0.192946321105853,1.64647918411445,0.617968578512397,0.556624455558983,1,1,0.7744,0.88
1,"nb_glm","rolling_one_step",8,1,1,4,3.3932208009875,NA,1.98263716715175,0.714992198216745,0.732222356702081,NA,NA,0.368180996354252,0.606779199012501
1,"poisson_glm","rolling_one_step",8,1,1,4,3.38707421638655,NA,1.71112639635247,0.546202848255373,0.578242266607562,NA,NA,0.375678016218158,0.612925783613447
1,"inad_unconstrained","rolling_one_step",8,1,2,3,3.94,0.235625108847067,1.82761593630426,0.652294494478816,0.383197866906309,1,1,0.8836,0.94
1,"inad_constrained_alpha","rolling_one_step",8,1,2,3,3.2,0.162057478268133,1.46291784455613,0.381352091574783,0.566311914503762,1,1,0.0400000000000001,0.2
1,"nb_glm","rolling_one_step",8,1,2,3,4.07599573745,NA,1.89164063332847,0.701699816464755,0.469203289582069,NA,NA,1.15776682701056,1.07599573745
1,"poisson_glm","rolling_one_step",8,1,2,3,4.12024297556644,NA,1.72451144241354,0.690325005251021,0.332641829126731,NA,NA,1.25494432430596,1.12024297556644
1,"inad_unconstrained","rolling_one_step",8,1,3,11,6.13,0.304065051519499,3.38535711715294,3.17638824235577,0.91059395628273,0,1,23.7169,4.87
1,"inad_constrained_alpha","rolling_one_step",8,1,3,11,5.76,0.25470125102309,4.03806372632351,3.71061535857187,0.972771465820383,0,0,27.4576,5.24
1,"nb_glm","rolling_one_step",8,1,3,11,4.86319438761002,NA,3.66427204249615,4.06374419277634,0.905019759159394,NA,NA,37.6603831242611,6.13680561238998
1,"poisson_glm","rolling_one_step",8,1,3,11,4.97605836201997,NA,4.18646589307867,4.19434897127284,0.941091549037087,NA,NA,36.2878728577895,6.02394163798003
1,"inad_unconstrained","rolling_one_step",8,1,4,2,4.42,0.218433356686041,1.66449768961713,1.34728321109694,0.213744323808766,1,1,5.8564,2.42
1,"inad_constrained_alpha","rolling_one_step",8,1,4,2,4.15,0.215263521847952,2.22446731373009,1.29735246332908,0.190408490030116,1,1,4.6225,2.15
1,"nb_glm","rolling_one_step",8,1,4,2,4.25826260186506,NA,1.92738300220232,1.06840795828884,0.280365942345292,NA,NA,5.09974997898234,2.25826260186506
1,"poisson_glm","rolling_one_step",8,1,4,2,4.31745989681299,NA,2.10750460850516,1.34315727396789,0.103160241372819,NA,NA,5.37062037333647,2.31745989681299
1,"inad_unconstrained","rolling_one_step",8,1,5,4,2.95,0.20269646910062,1.89361735433468,0.72827039858418,0.620882296359836,1,1,1.1025,1.05
1,"inad_constrained_alpha","rolling_one_step",8,1,5,4,3.59,0.187538548225977,1.53090733646666,0.478156736288265,0.630772296999577,1,1,0.1681,0.41
1,"nb_glm","rolling_one_step",8,1,5,4,3.65057077149309,NA,2.03206743319736,0.687493944719579,0.578875937354842,NA,NA,0.122100785734932,0.349429228506907
1,"poisson_glm","rolling_one_step",8,1,5,4,3.66232678114464,NA,1.71878848417301,0.510630466358187,0.604614665247428,NA,NA,0.114023202732141,0.337673218855361
1,"inad_unconstrained","rolling_one_step",8,1,6,2,5,0.283199611938329,2.10528999440993,1.72274766646849,0.189709925773224,1,1,9,3
1,"inad_constrained_alpha","rolling_one_step",8,1,6,2,4.97,0.259935889531759,2.53012425578129,1.76236051862111,0.150442620350309,1,1,8.8209,2.97
1,"nb_glm","rolling_one_step",8,1,6,2,4.58121940876549,NA,2.068785763071,1.40041652380924,0.14887028048808,NA,NA,6.66269363618767,2.58121940876549
1,"poisson_glm","rolling_one_step",8,1,6,2,4.66832079737683,NA,2.32585922297647,1.6810231886536,0.0958001959185265,NA,NA,7.11993587771373,2.66832079737683
1,"inad_unconstrained","rolling_one_step",8,1,7,6,7.45,0.304635897922471,2.45062910043224,1.03400029951056,0.41575579385695,1,1,2.1025,1.45
1,"inad_constrained_alpha","rolling_one_step",8,1,7,6,7.31,0.283803531416444,2.55609974218455,0.992669172328146,0.358492727104224,1,1,1.7161,1.31
1,"nb_glm","rolling_one_step",8,1,7,6,6.73652161427386,NA,2.32086213654786,0.924495438079999,0.483787871329705,NA,NA,0.542464088292578,0.736521614273864
1,"poisson_glm","rolling_one_step",8,1,7,6,6.86971420696258,NA,1.96830181341219,0.74011533563823,0.440637212622511,NA,NA,0.756402801792552,0.869714206962581
1,"inad_unconstrained","rolling_one_step",8,1,8,4,5.79,0.270538184164286,2.03624994309706,1.05986657996433,0.337132493655783,1,1,3.2041,1.79
1,"inad_constrained_alpha","rolling_one_step",8,1,8,4,5.71,0.237110126568251,2.10528999440993,1.03301481123662,0.227875524227234,1,1,2.9241,1.71
1,"nb_glm","rolling_one_step",8,1,8,4,5.82870620062975,NA,2.15718548041784,1.01145389991477,0.367544031219425,NA,NA,3.34416636822168,1.82870620062975
1,"poisson_glm","rolling_one_step",8,1,8,4,5.88506497310082,NA,2.04208540893931,1.09437823863114,0.226119467654754,NA,NA,3.55346995281159,1.88506497310082
1,"inad_unconstrained","rolling_one_step",8,1,9,5,4.86,0.223841574567931,2.07019867459866,0.583333848852041,0.600703514634058,1,1,0.0195999999999999,0.14
1,"inad_constrained_alpha","rolling_one_step",8,1,9,5,5.04,0.255018319801428,1.96301207869458,0.627022941398866,0.440035158267103,1,1,0.0016,0.04
1,"nb_glm","rolling_one_step",8,1,9,5,4.8077562262152,NA,2.17979708977245,0.79315553320878,0.553348155022472,NA,NA,0.0369576685590221,0.192243773784802
1,"poisson_glm","rolling_one_step",8,1,9,5,4.79037305371868,NA,1.81909383666052,0.563744747074726,0.611367174556147,NA,NA,0.04394345660723,0.209626946281317
1,"inad_unconstrained","rolling_one_step",8,1,10,8,6.08,0.27622271792702,2.37217838479324,1.26522227243839,0.694235072643888,1,1,3.6864,1.92
1,"inad_constrained_alpha","rolling_one_step",8,1,10,8,6.19,0.274393730234346,1.86240205238968,1.04374812623274,0.640473415922198,1,1,3.2761,1.81
1,"nb_glm","rolling_one_step",8,1,10,8,6.03340888721951,NA,2.65473627626058,1.45336606010548,0.716950027054293,NA,NA,3.86748060486722,1.96659111278049
1,"poisson_glm","rolling_one_step",8,1,10,8,6.10622685801923,NA,2.3116805442123,1.14596161691107,0.758156632726888,NA,NA,3.58637671328773,1.89377314198077
1,"inad_unconstrained","rolling_one_step",8,1,11,2,3.91,0.210384448478532,1.75566213185704,1.05162422692963,0.143571339172798,1,1,3.6481,1.91
1,"inad_constrained_alpha","rolling_one_step",8,1,11,2,3.43,0.203134527748574,1.70434276898759,0.74714705786868,0.185780008357408,1,1,2.0449,1.43
1,"nb_glm","rolling_one_step",8,1,11,2,3.56101224963305,NA,1.7600530860123,0.761379515299479,0.315321824319453,NA,NA,2.43675924350442,1.56101224963305
1,"poisson_glm","rolling_one_step",8,1,11,2,3.47562855282795,NA,1.71713549378957,0.816954305069867,0.28841853916399,NA,NA,2.17747962592112,1.47562855282795
1,"inad_unconstrained","rolling_one_step",8,1,12,2,4.44,0.204652945942218,2.52131362609914,1.51075471845877,0.10767200416671,1,1,5.9536,2.44
1,"inad_constrained_alpha","rolling_one_step",8,1,12,2,4.88,0.218941438597981,2.76405381978994,1.7791403380102,0.0884474726098207,1,1,8.2944,2.88
1,"nb_glm","rolling_one_step",8,1,12,2,4.8077562262152,NA,2.07182642873608,1.35644957750019,0.179193709618412,NA,NA,7.88349502585021,2.8077562262152
1,"poisson_glm","rolling_one_step",8,1,12,2,4.79037305371868,NA,2.3602487347614,1.69065553133629,0.114220980076868,NA,NA,7.78618177891933,2.79037305371868
1,"inad_unconstrained","rolling_one_step",9,1,1,4,4.42,0.247075827725953,2.40695403692958,0.703700589923469,0.40868046096576,1,1,0.1764,0.42
1,"inad_constrained_alpha","rolling_one_step",9,1,1,4,4.09,0.268589657359333,1.86240205238968,0.640822317188984,0.527061500631782,1,1,0.00809999999999998,0.0899999999999999
1,"nb_glm","rolling_one_step",9,1,1,4,4.37207954809045,NA,2.05987370207434,0.745923605915378,0.445007905255869,NA,NA,0.138443190107197,0.372079548090454
1,"poisson_glm","rolling_one_step",9,1,1,4,4.40824453357082,NA,1.74904516658247,0.579734878515933,0.437492146999094,NA,NA,0.166663599190456,0.408244533570819
1,"inad_unconstrained","rolling_one_step",9,1,2,1,3.79,0.267534572485029,2.17079434484731,1.60803031379962,0.0802176279296046,1,1,7.7841,2.79
1,"inad_constrained_alpha","rolling_one_step",9,1,2,1,3.87,0.247678106510132,2.01885820038519,1.69247821637427,0.112697348520364,1,1,8.2369,2.87
1,"nb_glm","rolling_one_step",9,1,2,1,4.06386622661881,NA,2.16198923815755,1.76512026567963,0.0606822139873813,NA,NA,9.38727625461538,3.06386622661881
1,"poisson_glm","rolling_one_step",9,1,2,1,4.07693040284026,NA,2.66748741174559,2.0713045687464,0.0683985571169932,NA,NA,9.46750070392273,3.07693040284026
1,"inad_unconstrained","rolling_one_step",9,1,3,3,7.36,0.366396594752823,2.84957599322811,2.65708363343187,0.115266922681333,1,1,19.0096,4.36
1,"inad_constrained_alpha","rolling_one_step",9,1,3,3,6.41,0.27564250013158,2.54751599849316,2.05243480231867,0.179484360012756,1,1,11.6281,3.41
1,"nb_glm","rolling_one_step",9,1,3,3,5.82436940724251,NA,2.27006968298231,1.67360197005411,0.279729972268864,NA,NA,7.97706254856743,2.82436940724251
1,"poisson_glm","rolling_one_step",9,1,3,3,5.98954800703176,NA,2.49546011503408,1.97875373634233,0.101069869118624,NA,NA,8.93739728634757,2.98954800703176
1,"inad_unconstrained","rolling_one_step",9,1,4,0,3.47,0.230701608844048,2.64804496611264,2.34941996768236,0.0665340778365805,0,1,12.0409,3.47
1,"inad_constrained_alpha","rolling_one_step",9,1,4,0,3.55,0.240947204913349,2.92732954666959,2.33901256950427,0.0360820341844985,0,1,12.6025,3.55
1,"nb_glm","rolling_one_step",9,1,4,0,3.69835224503315,NA,2.6355845850577,2.37143985082488,0.0587480594203624,NA,NA,13.6778093283417,3.69835224503315
1,"poisson_glm","rolling_one_step",9,1,4,0,3.68626753446602,NA,3.47433488315564,2.68972508648756,0.00665677427571446,NA,NA,13.5885683356582,3.68626753446602
1,"inad_unconstrained","rolling_one_step",9,1,5,4,4.03,0.241399538884683,2.07019867459866,0.637710004783163,0.519287854370424,1,1,0.000900000000000015,0.0300000000000002
1,"inad_constrained_alpha","rolling_one_step",9,1,5,4,4.46,0.262243621794158,1.63565581048816,0.66513296398892,0.423686370274048,1,1,0.2116,0.46
1,"nb_glm","rolling_one_step",9,1,5,4,4.37207954809045,NA,2.02299823516103,0.687191976282475,0.555852806396222,NA,NA,0.138443190107197,0.372079548090454
1,"poisson_glm","rolling_one_step",9,1,5,4,4.40824453357082,NA,1.72249033559025,0.53867264046964,0.361318991382331,NA,NA,0.166663599190456,0.408244533570819
1,"inad_unconstrained","rolling_one_step",9,1,6,15,3.21,0.238384715800474,4.77068462446567,9.45611142631428,0.981264502885515,0,0,139.0041,11.79
1,"inad_constrained_alpha","rolling_one_step",9,1,6,15,3.82,0.239688349843093,4.76217393479776,9.02223303382278,0.998465113051267,0,0,124.9924,11.18
1,"nb_glm","rolling_one_step",9,1,6,15,3.69835224503315,NA,4.68196420565671,8.89979174230004,0.986822059003315,NA,NA,127.727241977347,11.3016477549669
1,"poisson_glm","rolling_one_step",9,1,6,15,3.68626753446602,NA,4.7700739682056,9.18687689699957,0.988809128695416,NA,NA,128.000542301678,11.313732465534
1,"inad_unconstrained","rolling_one_step",9,1,7,7,6.5,0.348010216963685,2.27789248040367,0.954986218261719,0.534577240094659,1,1,0.25,0.5
1,"inad_constrained_alpha","rolling_one_step",9,1,7,7,6.16,0.310984101058416,2.17945240759042,0.909550014863258,0.655002700348609,1,1,0.7056,0.84
1,"nb_glm","rolling_one_step",9,1,7,7,6.42898882308121,NA,2.54790670555577,1.20727322621662,0.563820556946224,NA,NA,0.326053764166177,0.571011176918786
1,"poisson_glm","rolling_one_step",9,1,7,7,6.48699637716695,NA,2.09489301571964,0.830732400674402,0.515616863284667,NA,NA,0.263172717039839,0.513003622833055
1,"inad_unconstrained","rolling_one_step",9,1,8,1,5.77,0.333894981372674,2.97062635242291,3.09826878052284,0.058471653883373,0,1,22.7529,4.77
1,"inad_constrained_alpha","rolling_one_step",9,1,8,1,5.71,0.318549426892809,3.15327854238239,3.11616646796897,0.0537103568123243,0,1,22.1841,4.71
1,"nb_glm","rolling_one_step",9,1,8,1,5.75797429623391,NA,2.74062449685404,2.90977619237268,0.0465758548531561,NA,NA,22.6383194036225,4.75797429623391
1,"poisson_glm","rolling_one_step",9,1,8,1,5.76604358096639,NA,3.73241567997404,3.46941235746802,0.0207925284615696,NA,NA,22.7151714156709,4.76604358096639
1,"inad_unconstrained","rolling_one_step",9,1,9,3,6.32,0.302474642062618,2.17079434484731,1.87300276748582,0.202070808362054,1,1,11.0224,3.32
1,"inad_constrained_alpha","rolling_one_step",9,1,9,3,5.6,0.305505046330389,2.20498570959559,1.5267847750865,0.233972236384489,1,1,6.76,2.6
1,"nb_glm","rolling_one_step",9,1,9,3,6.11237877580574,NA,2.29190492154909,1.68493471843624,0.201406090500168,NA,NA,9.68690164408606,3.11237877580574
1,"poisson_glm","rolling_one_step",9,1,9,3,6.14614346832415,NA,2.54151129006759,2.00221220262147,0.0900467193732142,NA,NA,9.89821872327871,3.14614346832415
1,"inad_unconstrained","rolling_one_step",9,1,10,2,7.31,0.314528667736794,3.65691710341098,3.48797671853313,0.0488853629920473,0,1,28.1961,5.31
1,"inad_constrained_alpha","rolling_one_step",9,1,10,2,6.58,0.344122364893946,2.58141755016884,2.92659975,0.0937328212356661,1,1,20.9764,4.58
1,"nb_glm","rolling_one_step",9,1,10,2,6.98070761169725,NA,2.68863507885538,2.87699778782988,0.0753258876933856,NA,NA,24.8074483132189,4.98070761169725
1,"poisson_glm","rolling_one_step",9,1,10,2,7.08369488789106,NA,3.64786410428905,3.60939580774939,0.0244198543576885,NA,NA,25.8439537131697,5.08369488789106
1,"inad_unconstrained","rolling_one_step",9,1,11,5,4.86,0.288857030100332,1.79883361240851,0.701146439129266,0.559283551310884,1,1,0.0195999999999999,0.14
1,"inad_constrained_alpha","rolling_one_step",9,1,11,5,5.08,0.292906024850872,1.96301207869458,0.711985134215501,0.440831036817728,1,1,0.00640000000000001,0.0800000000000001
1,"nb_glm","rolling_one_step",9,1,11,5,4.87068383159236,NA,2.25154998242635,0.897191794688887,0.577524989054429,NA,NA,0.0167226714116329,0.129316168407639
1,"poisson_glm","rolling_one_step",9,1,11,5,4.82168788345669,NA,1.87739374192087,0.643872025073785,0.580996026078439,NA,NA,0.0317952109061556,0.178312116543312
1,"inad_unconstrained","rolling_one_step",9,1,12,4,4.42,0.229263202807638,1.83642656598642,0.591517051400431,0.495124534325441,1,1,0.1764,0.42
1,"inad_constrained_alpha","rolling_one_step",9,1,12,4,5.02,0.308132203032164,2.10528999440993,0.888469069560047,0.441263225261275,1,1,1.0404,1.02
1,"nb_glm","rolling_one_step",9,1,12,4,4.87068383159236,NA,2.07426786564467,0.797131797145401,0.418639244788752,NA,NA,0.758090334596355,0.870683831592361
1,"poisson_glm","rolling_one_step",9,1,12,4,4.82168788345669,NA,1.7924270607408,0.661992886333411,0.32065204071828,NA,NA,0.675170977819532,0.821687883456688
1,"inad_unconstrained","rolling_one_step",10,1,1,2,4.05,0.344766060341844,1.62567064819592,1.06599327061189,0.253954557133168,1,1,4.2025,2.05
1,"inad_constrained_alpha","rolling_one_step",10,1,1,2,3.58,0.322922262903609,1.9716701414377,0.906756837098692,0.329963440924305,1,1,2.4964,1.58
1,"nb_glm","rolling_one_step",10,1,1,2,4.36913398064241,NA,2.03788154893742,1.36211189722385,0.208067924018017,NA,NA,5.61279581823457,2.36913398064241
1,"poisson_glm","rolling_one_step",10,1,1,2,4.53322032974521,NA,2.2731865403947,1.63511352375634,0.073308306173249,NA,NA,6.41720523903443,2.53322032974521
1,"inad_unconstrained","rolling_one_step",10,1,2,0,3,0.330289129537908,1.53374389712474,1.62312015486887,0.159453563811496,1,1,9,3
1,"inad_constrained_alpha","rolling_one_step",10,1,2,0,3.51,0.360833770732466,1.67858085520519,1.98647241720217,0.0668405813847261,1,1,12.3201,3.51
1,"nb_glm","rolling_one_step",10,1,2,0,3.2361332175121,NA,2.45895345162783,2.21655340495869,0.00182999977812507,NA,NA,10.4725582014852,3.2361332175121
1,"poisson_glm","rolling_one_step",10,1,2,0,3.28905282274241,NA,3.21757322384273,2.49315884577408,0.0114167837064553,NA,NA,10.8178684707898,3.28905282274241
1,"inad_unconstrained","rolling_one_step",10,1,3,3,4.07,0.397023012843428,2.32625000804004,1.07128550338189,0.417438503251066,1,1,1.1449,1.07
1,"inad_constrained_alpha","rolling_one_step",10,1,3,3,3.51,0.317978145491323,2.09663193166681,0.791789557655955,0.45730343030962,1,1,0.2601,0.51
1,"nb_glm","rolling_one_step",10,1,3,3,4.06112830935572,NA,1.99899028299289,0.988480990322173,0.429034668760171,NA,NA,1.12599328891613,1.06112830935572
1,"poisson_glm","rolling_one_step",10,1,3,3,4.19251328830914,NA,1.83755038617229,0.963125020375985,0.209599380030538,NA,NA,1.42208794279388,1.19251328830914
1,"inad_unconstrained","rolling_one_step",10,1,4,3,3.46,0.418853654440765,2.18001354060586,1.1002946816,0.501417511816602,1,1,0.2116,0.46
1,"inad_constrained_alpha","rolling_one_step",10,1,4,3,2.73,0.300119504817193,2.28509193554653,0.810416545441706,0.589340729459478,1,1,0.0729,0.27
1,"nb_glm","rolling_one_step",10,1,4,3,2.57873118102655,NA,1.9491900150428,0.736219702389435,0.482001432668024,NA,NA,0.177467417839286,0.421268818973451
1,"poisson_glm","rolling_one_step",10,1,4,3,2.58028245276062,NA,1.69690085602995,0.611268870451598,0.473975752677736,NA,NA,0.176162819460645,0.419717547239384
1,"inad_unconstrained","rolling_one_step",10,1,5,8,3.97,0.333168140885365,3.69053371420996,2.59008814288641,0.827699294522258,1,1,16.2409,4.03
1,"inad_constrained_alpha","rolling_one_step",10,1,5,8,4.17,0.366268378723205,4.79579054559674,2.59046065842497,0.819949710703925,0,1,14.6689,3.83
1,"nb_glm","rolling_one_step",10,1,5,8,4.36913398064241,NA,3.03584347413745,2.15799257168434,0.825494678483258,NA,NA,13.1831880505256,3.63086601935759
1,"poisson_glm","rolling_one_step",10,1,5,8,4.53322032974521,NA,3.03781506425404,2.04886856139476,0.834897560693304,NA,NA,12.0185612820919,3.46677967025479
1,"inad_unconstrained","rolling_one_step",10,1,6,8,8.47,0.415229035009778,2.75603360417673,1.27865016430033,0.453092190090816,1,1,0.220900000000001,0.470000000000001
1,"inad_constrained_alpha","rolling_one_step",10,1,6,8,7.51,0.414995436265523,2.60611016275922,1.13768240465331,0.554521972961209,1,1,0.2401,0.49
1,"nb_glm","rolling_one_step",10,1,6,8,6.39568919257608,NA,2.69113747026312,1.37423317658621,0.606920784017474,NA,NA,2.57381316681719,1.60431080742392
1,"poisson_glm","rolling_one_step",10,1,6,8,6.81210991216993,NA,2.22083763562526,0.931887911165024,0.603617626566191,NA,NA,1.41108286076493,1.18789008783007
1,"inad_unconstrained","rolling_one_step",10,1,7,6,7.54,0.560198377561219,3.06747617841283,1.67286746745562,0.459690733426752,1,1,2.3716,1.54
1,"inad_constrained_alpha","rolling_one_step",10,1,7,6,7.14,0.554871902589082,3.23462418183634,1.41070216064453,0.445923829527892,1,1,1.2996,1.14
1,"nb_glm","rolling_one_step",10,1,7,6,6.71194976553871,NA,2.45784197531138,1.30384605184106,0.469258189356656,NA,NA,0.506872468650623,0.711949765538709
1,"poisson_glm","rolling_one_step",10,1,7,6,6.99021107987379,NA,2.09056458003762,1.08058437298088,0.356274079618827,NA,NA,0.980517982704826,0.990211079873794
1,"inad_unconstrained","rolling_one_step",10,1,8,4,4.21,0.445243095557263,2.56365248883563,1.31482154303362,0.506964763642559,1,1,0.0441,0.21
1,"inad_constrained_alpha","rolling_one_step",10,1,8,4,3.65,0.364421500879175,2.22988326121731,0.977022393173878,0.593651692275508,1,1,0.1225,0.35
1,"nb_glm","rolling_one_step",10,1,8,4,4.26194713080227,NA,2.17226425207513,1.0882675317364,0.466580969519161,NA,NA,0.0686162993355437,0.261947130802274
1,"poisson_glm","rolling_one_step",10,1,8,4,4.30212565832212,NA,1.85385589517117,0.899312147137151,0.456488650046053,NA,NA,0.0912799134165715,0.302125658322115
1,"inad_unconstrained","rolling_one_step",10,1,9,2,4.51,0.388078665356717,1.94491064872223,1.37742738194444,0.254614799637037,1,1,6.3001,2.51
1,"inad_constrained_alpha","rolling_one_step",10,1,9,2,5.3,0.531910982147664,2.5275288248124,2.64007584493556,0.234950343408495,1,1,10.89,3.3
1,"nb_glm","rolling_one_step",10,1,9,2,5.34845538873857,NA,2.45003683992199,2.85882442911844,0.170291041173268,NA,NA,11.2121534903724,3.34845538873857
1,"poisson_glm","rolling_one_step",10,1,9,2,5.48386418903793,NA,2.94558157228768,3.16797899114535,0.0838494394200175,NA,NA,12.1373096876609,3.48386418903793
1,"inad_unconstrained","rolling_one_step",10,1,10,3,5.37,0.702758633507762,2.47571822373359,3.31508424145299,0.305889691817932,1,1,5.6169,2.37
1,"inad_constrained_alpha","rolling_one_step",10,1,10,3,4.33,0.402781992315115,2.54826756999615,1.31179077579472,0.341359508108337,1,1,1.7689,1.33
1,"nb_glm","rolling_one_step",10,1,10,3,4.86740234332431,NA,2.3476646602356,3.19978868431207,0.277252657889463,NA,NA,3.48719151185313,1.86740234332431
1,"poisson_glm","rolling_one_step",10,1,10,3,4.95838499214709,NA,2.31456453730078,3.20232358020994,0.154823937076592,NA,NA,3.83527177746696,1.95838499214709
1,"inad_unconstrained","rolling_one_step",10,1,11,11,5.99,0.483984931729712,3.04412881441584,3.10023038626077,0.765329995524692,1,1,25.1001,5.01
1,"inad_constrained_alpha","rolling_one_step",10,1,11,11,5.37,0.434765697958351,3.69053371420996,3.58100844887644,0.826129531080311,1,1,31.6969,5.63
1,"nb_glm","rolling_one_step",10,1,11,11,6.10826072997559,NA,3.33072500160855,2.81991332404885,0.808092104452584,NA,NA,23.9291130858989,4.89173927002441
1,"poisson_glm","rolling_one_step",10,1,11,11,6.32038951286779,NA,3.47628569078434,2.74373962999522,0.842964336650248,NA,NA,21.8987543112778,4.67961048713221
1,"inad_unconstrained","rolling_one_step",10,1,12,9,5.39,0.519108598824694,3.74677343253284,2.4734036315918,0.704518761716536,1,1,13.0321,3.61
1,"inad_constrained_alpha","rolling_one_step",10,1,12,9,5.42,0.407797731601084,3.17838446351346,2.25824343965576,0.76493725252992,1,1,12.8164,3.58
1,"nb_glm","rolling_one_step",10,1,12,9,5.75409502060155,NA,2.98270561878843,1.91556294263023,0.728696770075634,NA,NA,10.5358991352837,3.24590497939845
1,"poisson_glm","rolling_one_step",10,1,12,9,5.92951361576588,NA,2.80980782462518,1.69473743812229,0.795116816683665,NA,NA,9.4278866357671,3.07048638423412
1,"inad_unconstrained","rolling_one_step",11,1,1,4,1.88,0.144445998437639,2.27518611880593,1.3850658436214,0.893153864489911,1,1,4.4944,2.12
1,"inad_constrained_alpha","rolling_one_step",11,1,1,4,1.49,0.113257550420591,2.87277056241916,1.85134465018779,0.956210940315641,0,1,6.3001,2.51
1,"nb_glm","rolling_one_step",11,1,1,4,2.21106778793044,NA,2.27423585072506,1.2569280592221,0.855821601795345,NA,NA,3.20027845938008,1.78893221206956
1,"poisson_glm","rolling_one_step",11,1,1,4,2.20739725941122,NA,2.19098862349793,1.17066943514966,0.870236276071502,NA,NA,3.21342458556641,1.79260274058878
1,"inad_unconstrained","rolling_one_step",11,1,2,1,1.34,0.117395988780785,1.33102766275641,0.317662870119661,0.474675548172112,1,1,0.1156,0.34
1,"inad_constrained_alpha","rolling_one_step",11,1,2,1,1.31,0.100196776092816,0.940158213280798,0.221565512637949,0.263002053839594,1,1,0.0961,0.31
1,"nb_glm","rolling_one_step",11,1,2,1,1.54273932160999,NA,1.20303103614406,0.317390927790083,0.502321627262357,NA,NA,0.294565971221671,0.542739321609989
1,"poisson_glm","rolling_one_step",11,1,2,1,1.50251821798148,NA,1.11965806921712,0.30275878838001,0.268022544356486,NA,NA,0.25252455940328,0.502518217981478
1,"inad_unconstrained","rolling_one_step",11,1,3,2,2,0.147024357220706,1.50375634740071,0.368660281121118,0.545550115453079,1,1,0,0
1,"inad_constrained_alpha","rolling_one_step",11,1,3,2,2.01,0.152749216797741,1.38592745596076,0.34506754481946,0.599856414922103,1,1,9.99999999999957e-05,0.00999999999999979
1,"nb_glm","rolling_one_step",11,1,3,2,2.42959110241668,NA,1.54755987101956,0.422707255080263,0.471888776269822,NA,NA,0.18454851527558,0.429591102416682
1,"poisson_glm","rolling_one_step",11,1,3,2,2.44133257119752,NA,1.38473200491024,0.379150630004836,0.500960444910334,NA,NA,0.194774438399814,0.44133257119752
1,"inad_unconstrained","rolling_one_step",11,1,4,1,1.98,0.134824989441045,1.28053025719,0.518984866593721,0.327385184427193,1,1,0.9604,0.98
1,"inad_constrained_alpha","rolling_one_step",11,1,4,1,1.89,0.158843675137895,1.27131360208507,0.448202700617284,0.272572608635506,1,1,0.7921,0.89
1,"nb_glm","rolling_one_step",11,1,4,1,2.42959110241668,NA,1.50107898316183,0.680616164674081,0.238709837904503,NA,NA,2.04373072010894,1.42959110241668
1,"poisson_glm","rolling_one_step",11,1,4,1,2.44133257119752,NA,1.57604861336793,0.785291467128147,0.166357774130468,NA,NA,2.07743958079485,1.44133257119752
1,"inad_unconstrained","rolling_one_step",11,1,5,3,2.88,0.1810630784667,1.4418642122747,0.395359987014041,0.542869799203609,1,1,0.0144,0.12
1,"inad_constrained_alpha","rolling_one_step",11,1,5,3,3.73,0.201937584116449,1.71331143897035,0.578818024553571,0.346981718831874,1,1,0.5329,0.73
1,"nb_glm","rolling_one_step",11,1,5,3,3.16892212076483,NA,1.8148695063143,0.548320019198131,0.499358200397574,NA,NA,0.0285346828836882,0.168922120764831
1,"poisson_glm","rolling_one_step",11,1,5,3,3.24295745804809,NA,1.56449750831194,0.440661998363015,0.507244169008297,NA,NA,0.0590283264211906,0.242957458048092
1,"inad_unconstrained","rolling_one_step",11,1,6,4,3.13,0.15741279452061,1.50375634740071,0.544804452487164,0.750212654933449,1,1,0.7569,0.87
1,"inad_constrained_alpha","rolling_one_step",11,1,6,4,3.74,0.213494257486701,2.0612300046159,0.579281308335362,0.627310021553264,1,1,0.0675999999999999,0.26
1,"nb_glm","rolling_one_step",11,1,6,4,3.16892212076483,NA,2.03892040097484,0.759860905577654,0.701241226928724,NA,NA,0.690690441354026,0.831077879235169
1,"poisson_glm","rolling_one_step",11,1,6,4,3.24295745804809,NA,1.75415274632108,0.583255317441417,0.739230929490718,NA,NA,0.573113410325006,0.757042541951908
1,"inad_unconstrained","rolling_one_step",11,1,7,4,4.02,0.193312433562089,1.40410977504395,0.422289879068257,0.486482274527158,1,1,0.000399999999999983,0.0199999999999996
1,"inad_constrained_alpha","rolling_one_step",11,1,7,4,4.3,0.20572610996962,1.81872698888701,0.491919435586735,0.449036113731584,1,1,0.0899999999999999,0.3
1,"nb_glm","rolling_one_step",11,1,7,4,3.84358469769078,NA,1.99231306544671,0.654618121552715,0.590025812706633,NA,NA,0.0244657467964862,0.156415302309225
1,"poisson_glm","rolling_one_step",11,1,7,4,3.8845194742066,NA,1.68637825111046,0.483619310586675,0.481265019727955,NA,NA,0.013335751837519,0.115480525793395
1,"inad_unconstrained","rolling_one_step",11,1,8,4,3.4,0.194884062918952,1.57348489502535,0.533362930484694,0.708638169873489,1,1,0.36,0.6
1,"inad_constrained_alpha","rolling_one_step",11,1,8,4,3.49,0.225851922526887,2.00115862328579,0.639474928252551,0.615846015839156,1,1,0.2601,0.51
1,"nb_glm","rolling_one_step",11,1,8,4,3.4424172297899,NA,2.02070517829455,0.701119985373157,0.679089598448865,NA,NA,0.31089854563517,0.557582770210101
1,"poisson_glm","rolling_one_step",11,1,8,4,3.45280115435642,NA,1.72519883903239,0.532542354194149,0.574498484407141,NA,NA,0.299426576673668,0.547198845643582
1,"inad_unconstrained","rolling_one_step",11,1,9,3,3.42,0.204089503043457,1.80975831890425,0.502085041798555,0.46256278159229,1,1,0.1764,0.42
1,"inad_constrained_alpha","rolling_one_step",11,1,9,3,2.87,0.185676486329739,1.74661229633712,0.473899247933884,0.579887377850796,1,1,0.0169,0.13
1,"nb_glm","rolling_one_step",11,1,9,3,2.91194873059772,NA,1.80209870995155,0.534603080605908,0.551215032021889,NA,NA,0.00775302604335284,0.0880512694022797
1,"poisson_glm","rolling_one_step",11,1,9,3,2.88730552521342,NA,1.54841153910446,0.415603924190476,0.566952562107513,NA,NA,0.012700044647424,0.112694474786584
1,"inad_unconstrained","rolling_one_step",11,1,10,6,3.31,0.197302516021167,2.22446731373009,1.6918008848852,0.890585191425759,1,1,7.2361,2.69
1,"inad_constrained_alpha","rolling_one_step",11,1,10,6,3.28,0.196987411790806,3.10109278921182,1.80060052614796,0.884904796904552,1,1,7.3984,2.72
1,"nb_glm","rolling_one_step",11,1,10,6,3.19974121335096,NA,2.72887785201531,1.84858725867966,0.876653304027678,NA,NA,7.84144927220517,2.80025878664904
1,"poisson_glm","rolling_one_step",11,1,10,6,3.19329608281847,NA,2.75744233236705,1.81916037839024,0.885506614058585,NA,NA,7.87758687872214,2.80670391718153
1,"inad_unconstrained","rolling_one_step",11,1,11,9,4.25,0.196111182647997,4.71849887129509,3.55845112404337,0.964896863573979,0,0,22.5625,4.75
1,"inad_constrained_alpha","rolling_one_step",11,1,11,9,5.99,0.279427625656086,2.95353191906361,1.94965905915577,0.810312124933477,1,1,9.0601,3.01
1,"nb_glm","rolling_one_step",11,1,11,9,4.58589771288809,NA,3.19989573053716,2.8983055814768,0.871592275107604,NA,NA,19.4842990010866,4.41410228711191
1,"poisson_glm","rolling_one_step",11,1,11,9,4.69137274832628,NA,3.41566656705792,2.88084613059807,0.922997858573562,NA,NA,18.5642687938654,4.30862725167372
1,"inad_unconstrained","rolling_one_step",11,1,12,14,4.41,0.205527161566091,4.75359019110636,7.8425374479786,0.994750733657917,0,0,91.9681,9.59
1,"inad_constrained_alpha","rolling_one_step",11,1,12,14,5.47,0.269475734932056,4.75359019110636,6.67039251634958,0.992915247430511,0,0,72.7609,8.53
1,"nb_glm","rolling_one_step",11,1,12,14,4.32000079256978,NA,4.44174723668575,7.62897707475772,0.988313094502054,NA,NA,93.7023846558498,9.67999920743022
1,"poisson_glm","rolling_one_step",11,1,12,14,4.40124117844311,NA,4.73910565693936,7.83369331660227,0.997826992523267,NA,NA,92.1361709144162,9.59875882155689
1,"inad_unconstrained","rolling_one_step",12,1,1,8,4.46,0.27539503307508,2.63923433643048,2.25459633487352,0.844037138034272,1,1,12.5316,3.54
1,"inad_constrained_alpha","rolling_one_step",12,1,1,8,3.39,0.397948019548567,4.80402104473326,3.09319316715937,0.816150550517544,0,1,21.2521,4.61
1,"nb_glm","rolling_one_step",12,1,1,8,4.03292094376743,NA,3.16860698097101,2.3416549931472,0.81443378101176,NA,NA,15.7377162383991,3.96707905623257
1,"poisson_glm","rolling_one_step",12,1,1,8,4.13699958057301,NA,3.31506079587049,2.31516689914824,0.86776314355761,NA,NA,14.9227722404931,3.86300041942699
1,"inad_unconstrained","rolling_one_step",12,1,2,2,2.03,0.223134239615727,2.00115862328579,0.572194363839286,0.578831063629353,1,1,0.000899999999999988,0.0299999999999998
1,"inad_constrained_alpha","rolling_one_step",12,1,2,2,1.62,0.244445362716365,1.85381830869828,0.676075118906064,0.680293754722646,1,1,0.1444,0.38
1,"nb_glm","rolling_one_step",12,1,2,2,2.98710670983064,NA,1.71098915696284,0.693624926151002,0.352527859320844,NA,NA,0.974379656592678,0.987106709830643
1,"poisson_glm","rolling_one_step",12,1,2,2,3.00157705966447,NA,1.59165143161227,0.673762148253994,0.248808214769087,NA,NA,1.00315660644612,1.00157705966447
1,"inad_unconstrained","rolling_one_step",12,1,3,2,3.24,0.301886325518983,2.08789825169806,0.787414419821484,0.403680668490726,1,1,1.5376,1.24
1,"inad_constrained_alpha","rolling_one_step",12,1,3,2,2.11,0.254612004287451,1.66163129689142,0.572123171889838,0.595764521231107,1,1,0.0121,0.11
1,"nb_glm","rolling_one_step",12,1,3,2,3.41145719385133,NA,1.80488074740563,0.880308712522237,0.240670829381208,NA,NA,1.99221141007467,1.41145719385133
1,"poisson_glm","rolling_one_step",12,1,3,2,3.45944675433256,NA,1.76615126370242,0.926243378475236,0.154268529252586,NA,NA,2.12998482873185,1.45944675433256
1,"inad_unconstrained","rolling_one_step",12,1,4,2,2.82,0.39244892867246,1.85831628591713,0.951298301275696,0.556822666235011,1,1,0.6724,0.82
1,"inad_constrained_alpha","rolling_one_step",12,1,4,2,1.77,0.231313770895856,1.74840275878162,0.57714600921522,0.565867629235145,1,1,0.0529,0.23
1,"nb_glm","rolling_one_step",12,1,4,2,2.98710670983064,NA,1.76997247293891,0.866963582676356,0.387428274562292,NA,NA,0.974379656592678,0.987106709830643
1,"poisson_glm","rolling_one_step",12,1,4,2,3.00157705966447,NA,1.65024618333686,0.836403022223064,0.329315534129337,NA,NA,1.00315660644612,1.00157705966447
1,"inad_unconstrained","rolling_one_step",12,1,5,3,3.27,0.271864122329705,2.03624994309706,0.663518170332937,0.548464374749255,1,1,0.0729,0.27
1,"inad_constrained_alpha","rolling_one_step",12,1,5,3,2.19,0.236427536040073,2.07019867459866,0.800790967793367,0.755890625647153,1,1,0.6561,0.81
1,"nb_glm","rolling_one_step",12,1,5,3,3.74861688533509,NA,1.89515350200766,0.701418425181965,0.438863993614731,NA,NA,0.560427241008817,0.748616885335094
1,"poisson_glm","rolling_one_step",12,1,5,3,3.82607163421429,NA,1.68325707749821,0.633135512603554,0.368795827774313,NA,NA,0.682394344853467,0.826071634214289
1,"inad_unconstrained","rolling_one_step",12,1,6,2,4.1,0.323647145433842,1.61715995852801,1.08922856307984,0.187306550884476,1,1,4.41,2.1
1,"inad_constrained_alpha","rolling_one_step",12,1,6,2,3.02,0.33302409898542,2.31815279780742,0.951134073633419,0.388443236791328,1,1,1.0404,1.02
1,"nb_glm","rolling_one_step",12,1,6,2,4.03292094376743,NA,1.99869977038872,1.34863200664256,0.268055684196291,NA,NA,4.13276756360824,2.03292094376743
1,"poisson_glm","rolling_one_step",12,1,6,2,4.13699958057301,NA,2.11732710775917,1.50198031603903,0.180711148664468,NA,NA,4.56676720736922,2.13699958057301
1,"inad_unconstrained","rolling_one_step",12,1,7,9,6.08,0.468326054079092,3.02825546525955,2.0419755776,0.722509712784849,1,1,8.5264,2.92
1,"inad_constrained_alpha","rolling_one_step",12,1,7,9,3.36,0.375652966865898,4.08098877104054,3.70532264670574,0.856030524019113,0,1,31.8096,5.64
1,"nb_glm","rolling_one_step",12,1,7,9,5.31130663967411,NA,3.05933132963168,2.14468905826976,0.789087290970959,NA,NA,13.6064587065123,3.68869336032589
1,"poisson_glm","rolling_one_step",12,1,7,9,5.41125150711661,NA,3.0457730616246,2.04413664100264,0.843273876655997,NA,NA,12.8791157451728,3.58874849288339
1,"inad_unconstrained","rolling_one_step",12,1,8,6,5.4,0.421157615832526,3.26539584050309,1.36080598025712,0.559894574963008,1,1,0.36,0.6
1,"inad_constrained_alpha","rolling_one_step",12,1,8,6,3.91,0.430666619757948,3.03622363490873,1.67537775888133,0.714923609845943,1,1,4.3681,2.09
1,"nb_glm","rolling_one_step",12,1,8,6,5.31130663967411,NA,2.4761414617052,1.21060429319947,0.570036318343286,NA,NA,0.47429854455696,0.688693360325885
1,"poisson_glm","rolling_one_step",12,1,8,6,5.41125150711661,NA,2.06566378108635,0.902022421187367,0.536844812178835,NA,NA,0.346624787872466,0.588748492883393
1,"inad_unconstrained","rolling_one_step",12,1,9,8,5.31,0.39304432114437,2.59794685212005,1.73088882692824,0.757478569155696,1,1,7.2361,2.69
1,"inad_constrained_alpha","rolling_one_step",12,1,9,8,3.45,0.491004947618513,3.49658275226316,2.93419236248516,0.739085295309358,1,1,20.7025,4.55
1,"nb_glm","rolling_one_step",12,1,9,8,4.93688173665895,NA,2.96712452753071,1.80450132499441,0.719633966669995,NA,NA,9.38269349521349,3.06311826334105
1,"poisson_glm","rolling_one_step",12,1,9,8,5.00455354025212,NA,2.86074170884173,1.66215630122198,0.766338843729662,NA,NA,8.97269949321613,2.99544645974788
1,"inad_unconstrained","rolling_one_step",12,1,10,4,6.46,0.432147561778977,2.66146025784238,1.76883201183432,0.263870645439181,1,1,6.0516,2.46
1,"inad_constrained_alpha","rolling_one_step",12,1,10,4,5.76,0.546082466854651,2.21151220766524,1.48048915329608,0.411610749829434,1,1,3.0976,1.76
1,"nb_glm","rolling_one_step",12,1,10,4,5.93026805360279,NA,2.30750465289938,1.5704487636332,0.330373740414058,NA,NA,3.72593475875949,1.93026805360279
1,"poisson_glm","rolling_one_step",12,1,10,4,6.08784315097413,NA,2.21969953482065,1.61137546213277,0.143459692554722,NA,NA,4.3590890230696,2.08784315097413
1,"inad_unconstrained","rolling_one_step",12,1,11,3,8.8,0.546430104025994,2.55589952194162,4.45149730549171,0.099127755101438,1,1,33.64,5.8
1,"inad_constrained_alpha","rolling_one_step",12,1,11,3,7.04,0.624405980338776,2.27168072913169,2.72182295274122,0.209842282648192,1,1,16.3216,4.04
1,"nb_glm","rolling_one_step",12,1,11,3,6.66533059805004,NA,2.59113221310715,3.19147103317163,0.152167145665245,NA,NA,13.4346483930019,3.66533059805004
1,"poisson_glm","rolling_one_step",12,1,11,3,6.89765262907912,NA,3.07875636817857,3.57385428384818,0.0653069304636204,NA,NA,15.1916960169674,3.89765262907912
1,"inad_unconstrained","rolling_one_step",12,1,12,3,12.13,0.602629758859141,4.89783979995091,6.21217658164402,0.0287383335256782,0,0,83.3569,9.13
1,"inad_constrained_alpha","rolling_one_step",12,1,12,3,6.97,0.420786901128845,3.18661496264998,2.33128941816716,0.167759714562018,1,1,15.7609,3.97
1,"nb_glm","rolling_one_step",12,1,12,3,7.61221215943919,NA,2.7080810771706,3.20515388990737,0.169599395045929,NA,NA,21.2725010036787,4.61221215943919
1,"poisson_glm","rolling_one_step",12,1,12,3,7.94984154191552,NA,3.51577005205681,3.87975413415466,0.0569087381664418,NA,NA,24.5009312900726,4.94984154191552
1,"inad_unconstrained","recursive_multi_step",9,1,1,4,4.59,0.305205676635454,1.68694910487571,0.705098076388889,0.391804854555288,1,1,0.3481,0.59
1,"inad_constrained_alpha","recursive_multi_step",9,1,1,4,4.03,0.261871662607407,1.79106405890796,0.641332907372401,0.606626471479869,1,1,0.000900000000000015,0.0300000000000002
1,"nb_glm","recursive_multi_step",9,1,1,4,4.37207954809045,NA,2.08764107275876,0.804162266191576,0.492346340414551,NA,NA,0.138443190107197,0.372079548090454
1,"poisson_glm","recursive_multi_step",9,1,1,4,4.40824453357082,NA,1.77437649363493,0.629760593407056,0.341681363131886,NA,NA,0.166663599190456,0.408244533570819
1,"inad_unconstrained","recursive_multi_step",9,1,2,1,3.94,0.222392863776214,2.31155376297681,1.81492332589286,0.119136990238372,1,1,8.6436,2.94
1,"inad_constrained_alpha","recursive_multi_step",9,1,2,1,3.86,0.239957908766929,2.07019867459866,1.70700695153061,0.0997099194997073,1,1,8.1796,2.86
1,"nb_glm","recursive_multi_step",9,1,2,1,4.06386622661881,NA,2.11441773627972,1.6249674108667,0.156190764650244,NA,NA,9.38727625461538,3.06386622661881
1,"poisson_glm","recursive_multi_step",9,1,2,1,4.07693040284026,NA,2.63818157950485,1.99848836777762,0.0888989466294967,NA,NA,9.46750070392273,3.07693040284026
1,"inad_unconstrained","recursive_multi_step",9,1,3,3,7.63,0.331709681998149,2.69097001082967,2.90095749593955,0.115915208335285,1,1,21.4369,4.63
1,"inad_constrained_alpha","recursive_multi_step",9,1,3,3,5.9,0.326134383902765,1.95320945153692,1.70559064271566,0.22275287937296,1,1,8.41,2.9
1,"nb_glm","recursive_multi_step",9,1,3,3,5.82436940724251,NA,2.26074494178417,1.63460395902914,0.245020547070117,NA,NA,7.97706254856743,2.82436940724251
1,"poisson_glm","recursive_multi_step",9,1,3,3,5.98954800703176,NA,2.48722657185334,1.94946222331606,0.147599312612463,NA,NA,8.93739728634757,2.98954800703176
1,"inad_unconstrained","recursive_multi_step",9,1,4,0,3.51,0.226298720966582,2.63923433643048,2.3749593625186,0.0136720477584214,0,1,12.3201,3.51
1,"inad_constrained_alpha","recursive_multi_step",9,1,4,0,3.7,0.238471564067263,3.35116575240466,2.55384293383743,0.0152930051384939,0,1,13.69,3.7
1,"nb_glm","recursive_multi_step",9,1,4,0,3.69835224503315,NA,2.64682974813989,2.4066051355633,0.0536198739549999,NA,NA,13.6778093283417,3.69835224503315
1,"poisson_glm","recursive_multi_step",9,1,4,0,3.68626753446602,NA,3.48315158229184,2.71243432770351,0.00936502171916206,NA,NA,13.5885683356582,3.68626753446602
1,"inad_unconstrained","recursive_multi_step",9,1,5,4,4.54,0.304319077630866,1.96301207869458,0.731334790170132,0.552321304495284,1,1,0.2916,0.54
1,"inad_constrained_alpha","recursive_multi_step",9,1,5,4,4.25,0.286876244743234,1.99720344344286,0.754683758209166,0.452958057276952,1,1,0.0625,0.25
1,"nb_glm","recursive_multi_step",9,1,5,4,4.37207954809045,NA,2.07882560221779,0.784140752794707,0.434247370204511,NA,NA,0.138443190107197,0.372079548090454
1,"poisson_glm","recursive_multi_step",9,1,5,4,4.40824453357082,NA,1.76600760450729,0.611876793487067,0.369496225125677,NA,NA,0.166663599190456,0.408244533570819
1,"inad_unconstrained","recursive_multi_step",9,1,6,15,3.61,0.232637490573214,4.76217393479776,9.24064433486741,0.992831633147648,0,0,129.7321,11.39
1,"inad_constrained_alpha","recursive_multi_step",9,1,6,15,3.74,0.241049892149012,4.76217393479776,9.12621677259113,0.994707099351093,0,0,126.7876,11.26
1,"nb_glm","recursive_multi_step",9,1,6,15,3.69835224503315,NA,4.67300563773585,9.06060663353951,0.998480375213016,NA,NA,127.727241977347,11.3016477549669
1,"poisson_glm","recursive_multi_step",9,1,6,15,3.68626753446602,NA,4.76156207355881,9.34453808948446,0.993450211594804,NA,NA,128.000542301678,11.313732465534
1,"inad_unconstrained","recursive_multi_step",9,1,7,7,6.82,0.405113776261894,2.74812842466962,1.20783687326783,0.490725968312602,1,1,0.0323999999999999,0.18
1,"inad_constrained_alpha","recursive_multi_step",9,1,7,7,6.52,0.312526362524391,1.91959284073794,0.852873694207027,0.507788789619684,1,1,0.2304,0.48
1,"nb_glm","recursive_multi_step",9,1,7,7,6.42898882308121,NA,2.53168033349809,1.16787084202012,0.575336662932274,NA,NA,0.326053764166177,0.571011176918786
1,"poisson_glm","recursive_multi_step",9,1,7,7,6.48699637716695,NA,2.07914463905957,0.794299134005649,0.592138426956077,NA,NA,0.263172717039839,0.513003622833055
1,"inad_unconstrained","recursive_multi_step",9,1,8,1,5.31,0.303745973078848,2.80772888329261,2.76771066549784,0.0364265214908136,0,1,18.5761,4.31
1,"inad_constrained_alpha","recursive_multi_step",9,1,8,1,5.45,0.361918289790456,2.28509193554653,2.71612673540004,0.115882933548742,1,1,19.8025,4.45
1,"nb_glm","recursive_multi_step",9,1,8,1,5.75797429623391,NA,2.75247882773992,2.95981710974141,0.0702361373190571,NA,NA,22.6383194036225,4.75797429623391
1,"poisson_glm","recursive_multi_step",9,1,8,1,5.76604358096639,NA,3.74091968480355,3.49765838127784,0.0179106401541561,NA,NA,22.7151714156709,4.76604358096639
1,"inad_unconstrained","recursive_multi_step",9,1,9,3,5.89,0.269640613791878,2.56461043185246,1.75008413530595,0.141651324674219,1,1,8.3521,2.89
1,"inad_constrained_alpha","recursive_multi_step",9,1,9,3,6.61,0.337517676304785,2.29346018521705,2.08614336805556,0.155763197693528,1,1,13.0321,3.61
1,"nb_glm","recursive_multi_step",9,1,9,3,6.11237877580574,NA,2.30338415810564,1.73046301951227,0.208218324688728,NA,NA,9.68690164408606,3.11237877580574
1,"poisson_glm","recursive_multi_step",9,1,9,3,6.14614346832415,NA,2.5499241810286,2.02990353397626,0.0954097338505562,NA,NA,9.89821872327871,3.14614346832415
1,"inad_unconstrained","recursive_multi_step",9,1,10,2,7.75,0.362197278685068,2.97906522106878,3.68971902408022,0.0468278316672336,0,1,33.0625,5.75
1,"inad_constrained_alpha","recursive_multi_step",9,1,10,2,6.33,0.286058198500398,2.9448738563205,2.73806078638941,0.0762624660727932,0,1,18.7489,4.33
1,"nb_glm","recursive_multi_step",9,1,10,2,6.98070761169725,NA,2.67455389801112,2.81308670446261,0.0934203106883901,NA,NA,24.8074483132189,4.98070761169725
1,"poisson_glm","recursive_multi_step",9,1,10,2,7.08369488789106,NA,3.63927050180687,3.57884812210737,0.0325391933289494,NA,NA,25.8439537131697,5.08369488789106
1,"inad_unconstrained","recursive_multi_step",9,1,11,5,4.41,0.262888000886501,1.96301207869458,0.711504763705104,0.579448367231424,1,1,0.3481,0.59
1,"inad_constrained_alpha","recursive_multi_step",9,1,11,5,4.66,0.271628087983953,2.31155376297681,0.740236511479592,0.537458937258468,1,1,0.1156,0.34
1,"nb_glm","recursive_multi_step",9,1,11,5,4.87068383159236,NA,2.17793820222494,0.79017393341283,0.557523834209795,NA,NA,0.0167226714116329,0.129316168407639
1,"poisson_glm","recursive_multi_step",9,1,11,5,4.82168788345669,NA,1.81787124563459,0.562495546773716,0.607639905129776,NA,NA,0.0317952109061556,0.178312116543312
1,"inad_unconstrained","recursive_multi_step",9,1,12,4,4.61,0.272621023074564,1.87091274205759,0.717521969261707,0.450020321569409,1,1,0.3721,0.61
1,"inad_constrained_alpha","recursive_multi_step",9,1,12,4,4.7,0.298311747991759,1.96301207869458,0.768705935727788,0.380104655062699,1,1,0.49,0.7
1,"nb_glm","recursive_multi_step",9,1,12,4,4.87068383159236,NA,2.09716066371452,0.84838008684485,0.397501499602834,NA,NA,0.758090334596355,0.870683831592361
1,"poisson_glm","recursive_multi_step",9,1,12,4,4.82168788345669,NA,1.80964520297211,0.696950287878889,0.393330520579496,NA,NA,0.675170977819532,0.821687883456688
1,"inad_unconstrained","recursive_multi_step",10,2,1,2,3.88,0.289646248888104,2.03624994309706,1.11345856123662,0.26756659429705,1,1,3.5344,1.88
1,"inad_constrained_alpha","recursive_multi_step",10,2,1,2,3.45,0.297251721371947,1.88771986037397,0.957441326388889,0.261122621426204,1,1,2.1025,1.45
1,"nb_glm","recursive_multi_step",10,2,1,2,4.47309117541327,NA,2.081638835807,1.48158893290536,0.254736075706216,NA,NA,6.116179961907,2.47309117541327
1,"poisson_glm","recursive_multi_step",10,2,1,2,4.65952792276194,NA,2.35527558730565,1.77679151733313,0.14111334484153,NA,NA,7.07308877195044,2.65952792276194
1,"inad_unconstrained","recursive_multi_step",10,2,2,0,4.23,0.406476607350574,2.18001354060586,2.7556651328,0.00438007476786152,1,1,17.8929,4.23
1,"inad_constrained_alpha","recursive_multi_step",10,2,2,0,3.69,0.276958590056457,2.16206066487855,2.29529217451524,0.0857380540753927,1,1,13.6161,3.69
1,"nb_glm","recursive_multi_step",10,2,2,0,4.38733926495208,NA,3.03394170476965,3.2286644536418,0.0200685928727446,NA,NA,19.2487458257903,4.38733926495208
1,"poisson_glm","recursive_multi_step",10,2,2,0,4.55752121701503,NA,4.10595225411959,3.69774504831183,0.00505881367809804,NA,NA,20.7709996435422,4.55752121701503
1,"inad_unconstrained","recursive_multi_step",10,2,3,3,5.16,0.386311226391835,1.91241247296434,1.33255511930729,0.37038407999725,1,1,4.6656,2.16
1,"inad_constrained_alpha","recursive_multi_step",10,2,3,3,4.51,0.376183653836981,2.01387049592808,1.0363533706714,0.406127576928332,1,1,2.2801,1.51
1,"nb_glm","recursive_multi_step",10,2,3,3,4.83785638140045,NA,2.10480899306482,1.25519179805588,0.342104188569819,NA,NA,3.37771607865436,1.83785638140045
1,"poisson_glm","recursive_multi_step",10,2,3,3,5.09736036708925,NA,2.12920707867073,1.4239264030641,0.166277934591498,NA,NA,4.39892050943675,2.09736036708925
1,"inad_unconstrained","recursive_multi_step",10,2,4,3,3.96,0.304484993244513,2.01885820038519,0.817293274853801,0.47744331645428,1,1,0.9216,0.96
1,"inad_constrained_alpha","recursive_multi_step",10,2,4,3,3.76,0.324152352258544,1.83362367332675,0.814706972222222,0.449419138282809,1,1,0.5776,0.76
1,"nb_glm","recursive_multi_step",10,2,4,3,4.28096719087279,NA,1.99474992580872,0.949863729949764,0.402247172753795,NA,NA,1.64087694409252,1.28096719087279
1,"poisson_glm","recursive_multi_step",10,2,4,3,4.43152061784657,NA,1.87362912529908,0.971953977002738,0.213456412675976,NA,NA,2.04925127931983,1.43152061784657
1,"inad_unconstrained","recursive_multi_step",10,2,5,8,3.94,0.321869538788622,3.67386666172475,2.42534645858343,0.833906877691028,1,1,16.4836,4.06
1,"inad_constrained_alpha","recursive_multi_step",10,2,5,8,3.36,0.311568206777822,3.65691710341098,3.0883728248959,0.858334930598234,0,1,21.5296,4.64
1,"nb_glm","recursive_multi_step",10,2,5,8,4.47309117541327,NA,2.98422689007747,2.14746988863702,0.827236106462889,NA,NA,12.4390858569477,3.52690882458673
1,"poisson_glm","recursive_multi_step",10,2,5,8,4.65952792276194,NA,2.94311637069788,2.00780660316506,0.841078053555573,NA,NA,11.1587536988072,3.34047207723806
1,"inad_unconstrained","recursive_multi_step",10,2,6,8,3.76,0.34876984393781,2.57304930049833,2.64515429701292,0.802354045303288,1,1,17.9776,4.24
1,"inad_constrained_alpha","recursive_multi_step",10,2,6,8,4.12,0.378001122332789,4.12214684353405,2.42052981269511,0.784257450113317,1,1,15.0544,3.88
1,"nb_glm","recursive_multi_step",10,2,6,8,4.28096719087279,NA,3.09108198000046,2.14720479089323,0.769548571618869,NA,NA,13.8312050353647,3.71903280912721
1,"poisson_glm","recursive_multi_step",10,2,6,8,4.43152061784657,NA,3.12790214233334,2.05662280937869,0.848533157438983,NA,NA,12.7340451008541,3.56847938215343
1,"inad_unconstrained","recursive_multi_step",10,2,7,6,6.71,0.483943188918917,2.87386868579715,1.335932704,0.475898588386476,1,1,0.5041,0.71
1,"inad_constrained_alpha","recursive_multi_step",10,2,7,6,5.76,0.466259562687973,2.61420737299184,1.34567438865765,0.58211432261783,1,1,0.0576000000000001,0.24
1,"nb_glm","recursive_multi_step",10,2,7,6,6.55107663614394,NA,2.4119924328753,1.12563630908436,0.452103612375985,NA,NA,0.303685458903726,0.551076636143945
1,"poisson_glm","recursive_multi_step",10,2,7,6,6.82986849532318,NA,2.03153380099659,0.891818122004564,0.408421023273655,NA,NA,0.688681719529966,0.829868495323185
1,"inad_unconstrained","recursive_multi_step",10,2,8,4,6.6,0.528959336620481,2.25417595378636,1.6229363584,0.300435046977401,1,1,6.76,2.6
1,"inad_constrained_alpha","recursive_multi_step",10,2,8,4,5.42,0.554718966065819,2.475781742011,2.20894520640432,0.366569739548738,1,1,2.0164,1.42
1,"nb_glm","recursive_multi_step",10,2,8,4,6.35102190351381,NA,2.46459515636825,2.49643940565569,0.236010645752584,NA,NA,5.52730399080169,2.35102190351381
1,"poisson_glm","recursive_multi_step",10,2,8,4,6.59197504339815,NA,2.49351224145143,2.61645777463418,0.103235652459381,NA,NA,6.71833462559883,2.59197504339815
1,"inad_unconstrained","recursive_multi_step",10,2,9,2,5.83,0.472700174048471,2.06226703678993,2.26151008122016,0.121588131402927,1,1,14.6689,3.83
1,"inad_constrained_alpha","recursive_multi_step",10,2,9,2,5.45,0.44616774487367,2.42136862898401,2.035275616,0.193358186196797,1,1,11.9025,3.45
1,"nb_glm","recursive_multi_step",10,2,9,2,6.45826707156141,NA,2.6342828474672,2.91782201114804,0.0904090324797933,NA,NA,19.8761452813688,4.45826707156141
1,"poisson_glm","recursive_multi_step",10,2,9,2,6.71934410210867,NA,3.52169089945778,3.56114839480189,0.0473879830340356,NA,NA,22.2722087541079,4.71934410210867
1,"inad_unconstrained","recursive_multi_step",10,2,10,3,7.3,0.520392237459477,2.63020771433828,2.5620358276644,0.192536443277366,1,1,18.49,4.3
1,"inad_constrained_alpha","recursive_multi_step",10,2,10,3,7.14,0.654281933484984,3.18354834966559,3.53358468755864,0.209186186648695,1,1,17.1396,4.14
1,"nb_glm","recursive_multi_step",10,2,10,3,6.70664270826633,NA,2.6198516052814,3.42172755024419,0.171396340123326,NA,NA,13.739200166744,3.70664270826633
1,"poisson_glm","recursive_multi_step",10,2,10,3,7.0157307192145,NA,3.1561744542796,3.85259596847614,0.0715924708026971,NA,NA,16.126093209243,4.0157307192145
1,"inad_unconstrained","recursive_multi_step",10,2,11,11,5.56,0.558374263538192,3.25779124111787,3.29091022667677,0.752731353086881,1,1,29.5936,5.44
1,"inad_constrained_alpha","recursive_multi_step",10,2,11,11,5.33,0.570849977638343,3.10521650639568,3.32496133333333,0.750149451709352,1,1,32.1489,5.67
1,"nb_glm","recursive_multi_step",10,2,11,11,6.06481477215423,NA,3.40331173827037,2.69611283069183,0.764116332942998,NA,NA,24.3560532331471,4.93518522784577
1,"poisson_glm","recursive_multi_step",10,2,11,11,6.25397515361852,NA,3.57424376082475,2.62645269264194,0.799563963835522,NA,NA,22.5247518424704,4.74602484638148
1,"inad_unconstrained","recursive_multi_step",10,2,12,9,5.19,0.504063287673084,3.77754509119959,2.49465165863177,0.706107358383368,1,1,14.5161,3.81
1,"inad_constrained_alpha","recursive_multi_step",10,2,12,9,5.3,0.46525761301095,3.22678100437531,2.26124818649637,0.72924678130838,1,1,13.69,3.7
1,"nb_glm","recursive_multi_step",10,2,12,9,6.06481477215423,NA,2.95616795444849,1.8094595809696,0.706077704116465,NA,NA,8.61531232176405,2.93518522784577
1,"poisson_glm","recursive_multi_step",10,2,12,9,6.25397515361852,NA,2.70437116963574,1.53026954880012,0.757884806858021,NA,NA,7.54065245694444,2.74602484638148
1,"inad_unconstrained","recursive_multi_step",11,3,1,4,2.24,0.184292258013288,2.63034538901324,1.19932362882653,0.831050138917136,1,1,3.0976,1.76
1,"inad_constrained_alpha","recursive_multi_step",11,3,1,4,2.2,0.176955167523108,1.98314011778311,1.13406856198347,0.7796111392963,1,1,3.24,1.8
1,"nb_glm","recursive_multi_step",11,3,1,4,2.69243154994808,NA,2.15573228335062,0.905443789720975,0.708393823562321,NA,NA,1.70973525157117,1.30756845005192
1,"poisson_glm","recursive_multi_step",11,3,1,4,2.75677042304576,NA,1.91905206909146,0.765529116445921,0.796169512171066,NA,NA,1.54561978101382,1.24322957695424
1,"inad_unconstrained","recursive_multi_step",11,3,2,1,2.23,0.186328156267865,1.3766976995896,0.654466015625,0.154171063912051,1,1,1.5129,1.23
1,"inad_constrained_alpha","recursive_multi_step",11,3,2,1,2.49,0.172031826982537,1.42368189319151,0.760346898409225,0.211031959924843,1,1,2.2201,1.49
1,"nb_glm","recursive_multi_step",11,3,2,1,2.67853797064199,NA,1.63302591948395,0.889111646498369,0.206168498398374,NA,NA,2.81748971888691,1.67853797064199
1,"poisson_glm","recursive_multi_step",11,3,2,1,2.73926969290938,NA,1.78040634909306,1.03181146244286,0.104111675773306,NA,NA,3.02505906467309,1.73926969290938
1,"inad_unconstrained","recursive_multi_step",11,3,3,2,2.17,0.153777354468968,1.35867919408692,0.348748785123967,0.631483566572847,1,1,0.0289,0.17
1,"inad_constrained_alpha","recursive_multi_step",11,3,3,2,1.94,0.19375085532558,1.61795623338876,0.435730835459184,0.593988430643533,1,1,0.00360000000000001,0.0600000000000001
1,"nb_glm","recursive_multi_step",11,3,3,2,2.74994830189366,NA,1.63184466497058,0.543516930199231,0.342159501865669,NA,NA,0.562422455513178,0.749948301893656
1,"poisson_glm","recursive_multi_step",11,3,3,2,2.82964409080707,NA,1.50466682704494,0.536448909456271,0.371972470549308,NA,NA,0.688309317411089,0.829644090807069
1,"inad_unconstrained","recursive_multi_step",11,3,4,1,2.12,0.171316942972652,1.4720503281194,0.594596512396694,0.162476439386606,1,1,1.2544,1.12
1,"inad_constrained_alpha","recursive_multi_step",11,3,4,1,2.06,0.179122439925456,1.31657019367319,0.573985809382097,0.219889414379831,1,1,1.1236,1.06
1,"nb_glm","recursive_multi_step",11,3,4,1,2.66109529693657,NA,1.637346959637,0.904077888979453,0.282877211554453,NA,NA,2.75923758550478,1.66109529693657
1,"poisson_glm","recursive_multi_step",11,3,4,1,2.717361841771,NA,1.77624501652518,1.03544135977108,0.0789099061832545,NA,NA,2.94933169557109,1.717361841771
1,"inad_unconstrained","recursive_multi_step",11,3,5,3,2.14,0.151770693595119,1.64647918411445,0.585898231404959,0.742646756380627,1,1,0.7396,0.86
1,"inad_constrained_alpha","recursive_multi_step",11,3,5,3,1.97,0.150053862383351,1.5463339059594,0.630104864910361,0.652180801146245,1,1,1.0609,1.03
1,"nb_glm","recursive_multi_step",11,3,5,3,2.69243154994808,NA,1.79822366500434,0.544581016833483,0.614988649529038,NA,NA,0.0945983514673382,0.307568450051916
1,"poisson_glm","recursive_multi_step",11,3,5,3,2.75677042304576,NA,1.54600415969891,0.418638813014711,0.63725638117397,NA,NA,0.0591606271053394,0.243229576954242
1,"inad_unconstrained","recursive_multi_step",11,3,6,4,2.12,0.186016182634792,2.30258509299405,1.23338521223927,0.832833646505081,1,1,3.5344,1.88
1,"inad_constrained_alpha","recursive_multi_step",11,3,6,4,2.67,0.23357346950492,2.53012425578129,0.992611241920591,0.749159217989807,1,1,1.7689,1.33
1,"nb_glm","recursive_multi_step",11,3,6,4,2.66109529693657,NA,2.1848587074338,0.904336285419061,0.747651019770359,NA,NA,1.79266580388538,1.33890470306343
1,"poisson_glm","recursive_multi_step",11,3,6,4,2.717361841771,NA,1.95394466157044,0.77307303460434,0.772739449765616,NA,NA,1.64516064494507,1.282638158229
1,"inad_unconstrained","recursive_multi_step",11,3,7,4,3.72,0.247443494212887,1.95427839872583,0.664316943674977,0.564052796273578,1,1,0.0783999999999999,0.28
1,"inad_constrained_alpha","recursive_multi_step",11,3,7,4,4.49,0.269115648603407,2.33798702004496,0.763809822306238,0.45862593372729,1,1,0.2401,0.49
1,"nb_glm","recursive_multi_step",11,3,7,4,3.94020086928546,NA,2.03365456208691,0.687651026270855,0.583635829936643,NA,NA,0.00357593603421416,0.059799130714536
1,"poisson_glm","recursive_multi_step",11,3,7,4,4.03993166729991,NA,1.7133655673022,0.511169449552877,0.528032687937881,NA,NA,0.00159453805335032,0.0399316672999053
1,"inad_unconstrained","recursive_multi_step",11,3,8,4,3.88,0.244238664532308,1.83642656598642,0.591980240073869,0.568523176425227,1,1,0.0144,0.12
1,"inad_constrained_alpha","recursive_multi_step",11,3,8,4,4.2,0.290245455162392,1.47370306684314,0.583124977049644,0.415742200539533,1,1,0.0400000000000001,0.2
1,"nb_glm","recursive_multi_step",11,3,8,4,3.90569255629698,NA,2.07243530684141,0.74206652185705,0.541545299804391,NA,NA,0.00889389393779858,0.0943074437030216
1,"poisson_glm","recursive_multi_step",11,3,8,4,3.9965219920744,NA,1.74744399516851,0.55790614448983,0.555315552016149,NA,NA,1.20965391305306e-05,0.00347800792559916
1,"inad_unconstrained","recursive_multi_step",11,3,9,3,3.71,0.210959807555943,1.81872698888701,0.558521404655612,0.316643466934807,1,1,0.5041,0.71
1,"inad_constrained_alpha","recursive_multi_step",11,3,9,3,4.23,0.243648612687712,2.03624994309706,0.829223922413793,0.320074168537374,1,1,1.5129,1.23
1,"nb_glm","recursive_multi_step",11,3,9,3,3.92426917113445,NA,1.91329664329904,0.743772394650555,0.448903487760004,NA,NA,0.854273500709569,0.924269171134453
1,"poisson_glm","recursive_multi_step",11,3,9,3,4.0198718819687,NA,1.72665399256006,0.703789559248599,0.284185421256858,NA,NA,1.04013865563039,1.0198718819687
1,"inad_unconstrained","recursive_multi_step",11,3,10,6,4.23,0.26394635206359,2.25090057079825,1.17322080151229,0.790775809839287,1,1,3.1329,1.77
1,"inad_constrained_alpha","recursive_multi_step",11,3,10,6,4.59,0.256272818644033,2.25090057079825,1.03585774669187,0.687052659832508,1,1,1.9881,1.41
1,"nb_glm","recursive_multi_step",11,3,10,6,3.96661259788523,NA,2.51062682013833,1.33699774649779,0.745492883568073,NA,NA,4.13466432707905,2.03338740211477
1,"poisson_glm","recursive_multi_step",11,3,10,6,4.07325412531667,NA,2.26784967326764,1.14278332215555,0.810751191881596,NA,NA,3.71234966560923,1.92674587468333
1,"inad_unconstrained","recursive_multi_step",11,3,11,9,4.12,0.280072140778772,4.74493212836325,3.33762661625709,0.902552582982118,0,1,23.8144,4.88
1,"inad_constrained_alpha","recursive_multi_step",11,3,11,9,4.27,0.332986182866193,3.20287548352176,2.87867468132154,0.847761253421195,0,1,22.3729,4.73
1,"nb_glm","recursive_multi_step",11,3,11,9,3.8552077976831,NA,3.58487524671805,3.08035166930529,0.847092027435655,NA,NA,26.4688868050208,5.1447922023169
1,"poisson_glm","recursive_multi_step",11,3,11,9,3.93329778405901,NA,4.019225598481,3.15864565367587,0.888146982776717,NA,NA,25.6714713450213,5.06670221594099
1,"inad_unconstrained","recursive_multi_step",11,3,12,14,3.88,0.225755745365775,4.75359019110636,8.21408098989298,0.996128593083744,0,0,102.4144,10.12
1,"inad_constrained_alpha","recursive_multi_step",11,3,12,14,4.01,0.252860403856325,4.75359019110636,7.98600008174792,0.992129610749042,0,0,99.8001,9.99
1,"nb_glm","recursive_multi_step",11,3,12,14,3.8552077976831,NA,4.56658204833153,8.07695970834741,0.991906726749707,NA,NA,102.91680882819,10.1447922023169
1,"poisson_glm","recursive_multi_step",11,3,12,14,3.93329778405901,NA,4.74877568485554,8.27392458446257,0.999747090662292,NA,NA,101.338493504431,10.066702215941
1,"inad_unconstrained","recursive_multi_step",12,4,1,8,3.01,0.33799617474376,3.36840755883916,3.37218437431514,0.876421606517636,0,1,24.9001,4.99
1,"inad_constrained_alpha","recursive_multi_step",12,4,1,8,2.8,0.339637358595216,3.37691824850707,3.50459122378627,0.86039941168552,0,1,27.04,5.2
1,"nb_glm","recursive_multi_step",12,4,1,8,3.65163557684849,NA,3.30486001372259,2.74323250655117,0.869602412984702,NA,NA,18.9082731565298,4.34836442315151
1,"poisson_glm","recursive_multi_step",12,4,1,8,3.74294399273572,NA,3.58118727203371,2.76671921246048,0.916984411282852,NA,NA,18.1225258489849,4.25705600726428
1,"inad_unconstrained","recursive_multi_step",12,4,2,2,3.11,0.290208911167821,2.10528999440993,0.793401300535077,0.371996754662652,1,1,1.2321,1.11
1,"inad_constrained_alpha","recursive_multi_step",12,4,2,2,2.03,0.252844424558468,2.03624994309706,0.639721574019025,0.498430922363628,1,1,0.000899999999999988,0.0299999999999998
1,"nb_glm","recursive_multi_step",12,4,2,2,3.64712848978755,NA,1.84766989857274,0.956573494920524,0.318430554144014,NA,NA,2.71303226186982,1.64712848978755
1,"poisson_glm","recursive_multi_step",12,4,2,2,3.73682951912101,NA,1.87415725671671,1.06603316454391,0.209785817513627,NA,NA,3.01657677849011,1.73682951912101
1,"inad_unconstrained","recursive_multi_step",12,4,3,2,3.29,0.375861300444349,1.94491064872223,0.9320328125,0.394853902441915,1,1,1.6641,1.29
1,"inad_constrained_alpha","recursive_multi_step",12,4,3,2,2.26,0.242303757938483,1.50776841072148,0.541933748845799,0.533298060419937,1,1,0.0675999999999999,0.26
1,"nb_glm","recursive_multi_step",12,4,3,2,3.6701736795364,NA,1.8883295662199,1.07560712948323,0.266950720581366,NA,NA,2.78948011981616,1.6701736795364
1,"poisson_glm","recursive_multi_step",12,4,3,2,3.76820775266432,NA,1.92189226314728,1.17935836003438,0.139462715800544,NA,NA,3.12655865658222,1.76820775266432
1,"inad_unconstrained","recursive_multi_step",12,4,4,2,3.14,0.292678332065437,1.76549719214092,0.873039313415685,0.380134316495012,1,1,1.2996,1.14
1,"inad_constrained_alpha","recursive_multi_step",12,4,4,2,2.43,0.420498741875873,2.96553587432297,1.4672789120358,0.459784480938416,1,1,0.1849,0.43
1,"nb_glm","recursive_multi_step",12,4,4,2,3.64145383922331,NA,2.01439805641709,1.75594905227842,0.297563479360689,NA,NA,2.69437070630093,1.64145383922331
1,"poisson_glm","recursive_multi_step",12,4,4,2,3.72914899955309,NA,2.03719031573726,1.81577060855585,0.132357244500308,NA,NA,2.98995626265544,1.72914899955309
1,"inad_unconstrained","recursive_multi_step",12,4,5,3,2.6,0.268553927770964,2.01004757070304,0.760020972668181,0.677513226360429,1,1,0.16,0.4
1,"inad_constrained_alpha","recursive_multi_step",12,4,5,3,2.23,0.263563382444634,2.65677864608139,0.882412332703214,0.632045073419971,1,1,0.5929,0.77
1,"nb_glm","recursive_multi_step",12,4,5,3,3.65163557684849,NA,1.87628889024466,0.660697679654735,0.476290142978807,NA,NA,0.424628925014659,0.651635576848486
1,"poisson_glm","recursive_multi_step",12,4,5,3,3.74294399273572,NA,1.65813975982895,0.589682931626844,0.369442016837292,NA,NA,0.5519657763421,0.742943992735724
1,"inad_unconstrained","recursive_multi_step",12,4,6,2,2.75,0.304635897922471,1.96301207869458,0.699867803402647,0.501706109164303,1,1,0.5625,0.75
1,"inad_constrained_alpha","recursive_multi_step",12,4,6,2,2.47,0.336486600510678,2.06178324510223,0.804856330767601,0.490174730333163,1,1,0.2209,0.47
1,"nb_glm","recursive_multi_step",12,4,6,2,3.64145383922331,NA,1.87328299461402,1.03413749435685,0.217337002143605,NA,NA,2.69437070630093,1.64145383922331
1,"poisson_glm","recursive_multi_step",12,4,6,2,3.72914899955309,NA,1.89633280619273,1.13013098521723,0.133746573817755,NA,NA,2.98995626265544,1.72914899955309
1,"inad_unconstrained","recursive_multi_step",12,4,7,9,6.3,0.538704019106986,3.48143094724256,2.09488998310122,0.64898019448511,1,1,7.29,2.7
1,"inad_constrained_alpha","recursive_multi_step",12,4,7,9,4.35,0.519396502946186,3.54787604665071,2.88729448469388,0.707588576187662,1,1,21.6225,4.65
1,"nb_glm","recursive_multi_step",12,4,7,9,5.29041188432977,NA,3.17825948835638,2.15873215960138,0.680758205997242,NA,NA,13.7610439879218,3.70958811567023
1,"poisson_glm","recursive_multi_step",12,4,7,9,5.42634422007003,NA,3.15079806512774,2.02020657766337,0.750533412813421,NA,NA,12.7710156334269,3.57365577992997
1,"inad_unconstrained","recursive_multi_step",12,4,8,6,5.95,0.550183624076562,3.06747617841283,1.59211587573964,0.531257982826236,1,1,0.00249999999999998,0.0499999999999998
1,"inad_constrained_alpha","recursive_multi_step",12,4,8,6,4.58,0.48350153812965,3.42651518964645,1.6032165062435,0.663793545274436,1,1,2.0164,1.42
1,"nb_glm","recursive_multi_step",12,4,8,6,5.27827665694172,NA,2.46263006461457,1.1571806815044,0.515658403312924,NA,NA,0.520884583915223,0.721723343058282
1,"poisson_glm","recursive_multi_step",12,4,8,6,5.40993324388768,NA,2.05053133023011,0.84874508921289,0.583996112531835,NA,NA,0.348178776668916,0.59006675611232
1,"inad_unconstrained","recursive_multi_step",12,4,9,8,5.24,0.480344993865152,2.38116576563615,1.86003838937125,0.669970599891874,1,1,7.6176,2.76
1,"inad_constrained_alpha","recursive_multi_step",12,4,9,8,4.73,0.527210114708078,3.28786869635515,2.30031987379973,0.69181642384427,1,1,10.6929,3.27
1,"nb_glm","recursive_multi_step",12,4,9,8,5.28481643413151,NA,2.90573810236149,1.71839028619028,0.653367557761663,NA,NA,7.37222179636234,2.71518356586849
1,"poisson_glm","recursive_multi_step",12,4,9,8,5.41877210560374,NA,2.68021754541364,1.48960776714495,0.731219586104973,NA,NA,6.66273744280936,2.58122789439626
1,"inad_unconstrained","recursive_multi_step",12,4,10,4,6.63,0.538357959845764,2.21923425375915,1.89261916568047,0.32968635904943,1,1,6.9169,2.63
1,"inad_constrained_alpha","recursive_multi_step",12,4,10,4,4.06,0.452115118977546,2.44508515560133,1.17848634033203,0.514979428092993,1,1,0.00359999999999995,0.0599999999999996
1,"nb_glm","recursive_multi_step",12,4,10,4,5.29966140778703,NA,2.236065615814,1.33400637323815,0.309769307977369,NA,NA,1.68911977489097,1.29966140778703
1,"poisson_glm","recursive_multi_step",12,4,10,4,5.43887952104527,NA,2.03442395761033,1.26965162165242,0.219475192746281,NA,NA,2.07037427608346,1.43887952104527
1,"inad_unconstrained","recursive_multi_step",12,4,11,3,5.87,0.538920544733037,2.42136862898401,1.7419947072,0.332507783839814,1,1,8.2369,2.87
1,"inad_constrained_alpha","recursive_multi_step",12,4,11,3,4.01,0.356326657533066,2.19654684094972,1.00252310399311,0.461943835844049,1,1,1.0201,1.01
1,"nb_glm","recursive_multi_step",12,4,11,3,5.26041929214986,NA,2.1933475377689,1.51485466442888,0.308829542923528,NA,NA,5.10949537632327,2.26041929214986
1,"poisson_glm","recursive_multi_step",12,4,11,3,5.3858648226965,NA,2.25974235715926,1.66752003752558,0.115513649720466,NA,NA,5.69235095218062,2.3858648226965
1,"inad_unconstrained","recursive_multi_step",12,4,12,3,6.98,0.677484950818731,2.59700119762717,3.61633087698752,0.226696062437477,1,1,15.8404,3.98
1,"inad_constrained_alpha","recursive_multi_step",12,4,12,3,5,0.578224380620045,2.4372419781403,1.54350512741025,0.417862933088739,1,1,4,2
1,"nb_glm","recursive_multi_step",12,4,12,3,5.26041929214986,NA,2.36921890094748,2.83388024829736,0.201969416645901,NA,NA,5.10949537632327,2.26041929214986
1,"poisson_glm","recursive_multi_step",12,4,12,3,5.3858648226965,NA,2.43537492849365,2.91651809832865,0.143034576110524,NA,NA,5.69235095218062,2.3858648226965
2,"inad_unconstrained","rolling_one_step",2,1,1,8,3.39,0.353880365563439,4.08935702071106,3.07596049305556,0.822746101378405,1,1,21.2521,4.61
2,"inad_constrained_alpha","rolling_one_step",2,1,1,8,3.97,0.380179383497269,2.70763706331488,2.53745169728844,0.800515371098891,1,1,16.2409,4.03
2,"nb_glm","rolling_one_step",2,1,1,8,3.63086799831115,NA,3.3555119139037,2.65088616246548,0.858000791620841,NA,NA,19.0893144481816,4.36913200168885
2,"poisson_glm","rolling_one_step",2,1,1,8,3.578841428061,NA,3.73753188512656,2.78566210759556,0.886631086589828,NA,NA,19.5466431182297,4.421158571939
2,"inad_unconstrained","rolling_one_step",2,1,2,0,2.47,0.304330694668106,1.23004063109585,1.15716299630656,0.250755187787459,1,1,6.1009,2.47
2,"inad_constrained_alpha","rolling_one_step",2,1,2,0,2.82,0.340641106791831,1.31211496294564,1.53733213888889,0.202662283451355,1,1,7.9524,2.82
2,"nb_glm","rolling_one_step",2,1,2,0,2.12532166296657,NA,1.87549006304681,1.48472082958944,0.0601231736563236,NA,NA,4.51699217107498,2.12532166296657
2,"poisson_glm","rolling_one_step",2,1,2,0,2.06125213298412,NA,2.15871980368826,1.54187601889219,0.0397831037391385,NA,NA,4.24876035573158,2.06125213298412
2,"inad_unconstrained","rolling_one_step",2,1,3,3,9.52,0.477044774808107,3.73893025507181,4.25428150536301,0.0605822197463745,0,1,42.5104,6.52
2,"inad_constrained_alpha","rolling_one_step",2,1,3,3,9.17,0.465378091100954,3.47376807449699,4.14184316568047,0.0681599483891533,0,1,38.0689,6.17
2,"nb_glm","rolling_one_step",2,1,3,3,7.95687409040561,NA,2.77554885432337,3.23664197195723,0.0956372624966793,NA,NA,24.5706007481344,4.95687409040561
2,"poisson_glm","rolling_one_step",2,1,3,3,8.03094628973639,NA,3.52315807471057,3.76706602419635,0.0391075471607188,NA,NA,25.3104205702123,5.03094628973639
2,"inad_unconstrained","rolling_one_step",2,1,4,1,2.85,0.311521194376008,1.55906170510903,1.05930671527778,0.279433915458154,1,1,3.4225,1.85
2,"inad_constrained_alpha","rolling_one_step",2,1,4,1,3.78,0.405661948131219,1.7197389276987,1.59515284859521,0.177019918488504,1,1,7.7284,2.78
2,"nb_glm","rolling_one_step",2,1,4,1,2.97968232588282,NA,1.86075435084955,1.40130303706292,0.130033837967327,NA,NA,3.91914211141283,1.97968232588282
2,"poisson_glm","rolling_one_step",2,1,4,1,2.91950377049258,NA,1.9922987208475,1.45019778539701,0.133825068302901,NA,NA,3.68449472493521,1.91950377049258
2,"inad_unconstrained","rolling_one_step",2,1,5,1,3.42,0.271613212811412,2.17945240759042,1.38587681331748,0.165131608260603,1,1,5.8564,2.42
2,"inad_constrained_alpha","rolling_one_step",2,1,5,1,3.6,0.323491058062607,1.68219726671653,1.29962660818713,0.313964773931524,1,1,6.76,2.6
2,"nb_glm","rolling_one_step",2,1,5,1,3.63086799831115,NA,2.04544821570022,1.56088678420927,0.192285013832473,NA,NA,6.92146642453774,2.63086799831115
2,"poisson_glm","rolling_one_step",2,1,5,1,3.578841428061,NA,2.347747752102,1.71579566370767,0.111200508968953,NA,NA,6.65042311108368,2.578841428061
2,"inad_unconstrained","rolling_one_step",2,1,6,1,2.86,0.280338900243792,1.43951170209486,0.917939508506616,0.241711993007597,1,1,3.4596,1.86
2,"inad_constrained_alpha","rolling_one_step",2,1,6,1,2.84,0.316457666276952,1.92810353040585,1.00675419419707,0.288655803767506,1,1,3.3856,1.84
2,"nb_glm","rolling_one_step",2,1,6,1,2.97968232588282,NA,1.81110150153138,1.21762260259162,0.231366750372015,NA,NA,3.91914211141283,1.97968232588282
2,"poisson_glm","rolling_one_step",2,1,6,1,2.91950377049258,NA,1.94270176712665,1.28091080187761,0.144922777702262,NA,NA,3.68449472493521,1.91950377049258
2,"inad_unconstrained","rolling_one_step",2,1,7,5,6.56,0.447737296713918,2.60611016275922,1.24627975411461,0.354025215631487,1,1,2.4336,1.56
2,"inad_constrained_alpha","rolling_one_step",2,1,7,5,6.79,0.575649830428818,2.38877036502137,1.68289293503214,0.433015590290888,1,1,3.2041,1.79
2,"nb_glm","rolling_one_step",2,1,7,5,6.83648792688691,NA,2.40538239803677,1.6266196792337,0.332476802959276,NA,NA,3.37268790560137,1.83648792688691
2,"poisson_glm","rolling_one_step",2,1,7,5,6.73373672107018,NA,2.1836287816861,1.46569218824027,0.254375706035178,NA,NA,3.00584301798716,1.73373672107018
2,"inad_unconstrained","rolling_one_step",2,1,8,6,8.57,0.517814950761682,2.38116576563615,1.90527145853971,0.356387102287529,1,1,6.6049,2.57
2,"inad_constrained_alpha","rolling_one_step",2,1,8,6,7.69,0.578869500828899,2.78704384091929,1.60036693083154,0.399121371874397,1,1,2.8561,1.69
2,"nb_glm","rolling_one_step",2,1,8,6,8.33054752815632,NA,2.54255011170256,1.7794862786445,0.289533937556318,NA,NA,5.43145178099554,2.33054752815632
2,"poisson_glm","rolling_one_step",2,1,8,6,8.25447673217274,NA,2.34617491593511,1.65600023809401,0.26036644500902,NA,NA,5.08266533590829,2.25447673217274
2,"inad_unconstrained","rolling_one_step",2,1,9,6,5.64,0.434269385278192,2.57304930049833,1.22162350116517,0.57658861092104,1,1,0.1296,0.36
2,"inad_constrained_alpha","rolling_one_step",2,1,9,6,6.18,0.625934452953294,2.82450140345419,1.8211651384083,0.507558894008809,1,1,0.0323999999999999,0.18
2,"nb_glm","rolling_one_step",2,1,9,6,5.61038359321553,NA,2.45804115085786,1.32441614203158,0.457421126356853,NA,NA,0.151800944435639,0.389616406784467
2,"poisson_glm","rolling_one_step",2,1,9,6,5.49316591467981,NA,2.08777515770008,1.03082086393059,0.500448187489099,NA,NA,0.25688079004235,0.506834085320186
2,"inad_unconstrained","rolling_one_step",2,1,10,0,4.32,0.377894218537464,1.7823043104573,2.64430195833333,0.0241805884098285,1,1,18.6624,4.32
2,"inad_constrained_alpha","rolling_one_step",2,1,10,0,3.84,0.39815737206448,1.7823043104573,2.22204059722222,0.107621848853538,1,1,14.7456,3.84
2,"nb_glm","rolling_one_step",2,1,10,0,4.00172517876729,NA,2.91441323373884,2.81016894108788,0.0413531559276141,NA,NA,16.0138044063801,4.00172517876729
2,"poisson_glm","rolling_one_step",2,1,10,0,3.87833030835889,NA,3.65957347752165,2.9935815638453,0.0190786984614539,NA,NA,15.0414459807352,3.87833030835889
2,"inad_unconstrained","rolling_one_step",2,1,11,7,8.75,0.57671570994816,2.8021956459399,1.68813994572898,0.395313697962258,1,1,3.0625,1.75
2,"inad_constrained_alpha","rolling_one_step",2,1,11,7,7.67,0.433462684656821,2.49247621036774,1.13493321015856,0.512121095153957,1,1,0.4489,0.67
2,"nb_glm","rolling_one_step",2,1,11,7,8.76958991807681,NA,2.60294729634094,1.70287846032421,0.36475319698925,NA,NA,3.1314484781591,1.76958991807681
2,"poisson_glm","rolling_one_step",2,1,11,7,8.70300152336232,NA,2.28126450466217,1.44095360092961,0.327070443320398,NA,NA,2.9002141885744,1.70300152336232
2,"inad_unconstrained","rolling_one_step",2,1,12,14,6.1,0.468718433280546,4.10588632266227,5.27240557645794,0.874715066293529,0,1,62.41,7.9
2,"inad_constrained_alpha","rolling_one_step",2,1,12,14,5.94,0.435732287376809,4.10588632266227,5.27695749798441,0.895834795116432,0,1,64.9636,8.06
2,"nb_glm","rolling_one_step",2,1,12,14,6.83648792688691,NA,3.72319860606924,4.71634957800435,0.891489024189829,NA,NA,51.315905221637,7.16351207311309
2,"poisson_glm","rolling_one_step",2,1,12,14,6.73373672107018,NA,4.37006330349674,5.09750078913697,0.942996826976577,NA,NA,52.798582038724,7.26626327892982
2,"inad_unconstrained","rolling_one_step",3,1,1,2,4.65,0.260293152527156,2.01004757070304,1.47747747670139,0.21709289659746,1,1,7.0225,2.65
2,"inad_constrained_alpha","rolling_one_step",3,1,1,2,5.15,0.258736244937667,2.25090057079825,1.88199165973535,0.14382530559488,1,1,9.9225,3.15
2,"nb_glm","rolling_one_step",3,1,1,2,4.43197029799961,NA,2.02723460116073,1.30889658548109,0.215756456527606,NA,NA,5.91447953035229,2.43197029799961
2,"poisson_glm","rolling_one_step",3,1,1,2,4.45868451167991,NA,2.20920027921124,1.51186828280432,0.182015589507485,NA,NA,6.0451295279747,2.45868451167991
2,"inad_unconstrained","rolling_one_step",3,1,2,1,1.63,0.153514385862259,1.21597110239274,0.378269194512246,0.436383926905264,1,1,0.3969,0.63
2,"inad_constrained_alpha","rolling_one_step",3,1,2,1,1.21,0.113968806648525,0.999570761250927,0.228207869682942,0.332514983291833,1,1,0.0441,0.21
2,"nb_glm","rolling_one_step",3,1,2,1,1.51853658154932,NA,1.2195807877219,0.342605269723803,0.494232432062326,NA,NA,0.268880186404851,0.518536581549317
2,"poisson_glm","rolling_one_step",3,1,2,1,1.47905412716327,NA,1.134779831611,0.317520319262771,0.265507456901027,NA,NA,0.229492856752161,0.479054127163269
2,"inad_unconstrained","rolling_one_step",3,1,3,9,2.58,0.200090888439138,4.02036414922411,5.03593925382653,0.969236863330464,0,0,41.2164,6.42
2,"inad_constrained_alpha","rolling_one_step",3,1,3,9,2.57,0.194497539648431,4.70953020131233,5.1012507345183,0.998949093144253,0,0,41.3449,6.43
2,"nb_glm","rolling_one_step",3,1,3,9,2.98480422342883,NA,4.01171258748366,4.61945054174369,0.973129372499619,NA,NA,36.1825802304797,6.01519577657117
2,"poisson_glm","rolling_one_step",3,1,3,9,2.96715280429703,NA,4.49090777223821,4.76647691554895,0.980024890857606,NA,NA,36.3952452867012,6.03284719570297
2,"inad_unconstrained","rolling_one_step",3,1,4,5,1.87,0.159958959382926,3.07394180014587,2.2116879808097,0.949420903518181,0,1,9.7969,3.13
2,"inad_constrained_alpha","rolling_one_step",3,1,4,5,1.58,0.143674716782126,3.07394180014587,2.53053293493814,0.937789397077003,0,1,11.6964,3.42
2,"nb_glm","rolling_one_step",3,1,4,5,2.128974965104,NA,2.86712082396178,2.02806057479631,0.926615062480762,NA,NA,8.24278475099959,2.871025034896
2,"poisson_glm","rolling_one_step",3,1,4,5,2.09489369685423,NA,3.0452356490041,2.05957163574809,0.956674144616752,NA,NA,8.43964263257728,2.90510630314577
2,"inad_unconstrained","rolling_one_step",3,1,5,0,1.85,0.163531110931297,1.73747981277385,1.04051540274388,0.171974460767206,1,1,3.4225,1.85
2,"inad_constrained_alpha","rolling_one_step",3,1,5,0,1.65,0.138808057286588,1.58158858921788,0.94467289951989,0.0439458150470509,1,1,2.7225,1.65
2,"nb_glm","rolling_one_step",3,1,5,0,2.128974965104,NA,1.77278123362427,1.22162289030464,0.113172397725746,NA,NA,4.53253440203957,2.128974965104
2,"poisson_glm","rolling_one_step",3,1,5,0,2.09489369685423,NA,2.09239413797504,1.34109980193906,0.0719501217470463,NA,NA,4.38857960111959,2.09489369685423
2,"inad_unconstrained","rolling_one_step",3,1,6,9,1.97,0.160463344251841,4.70953020131233,5.81588578037497,0.992786780574468,0,0,49.4209,7.03
2,"inad_constrained_alpha","rolling_one_step",3,1,6,9,1.76,0.150500847341485,4.70953020131233,6.03344360035711,0.999448367906315,0,0,52.4176,7.24
2,"nb_glm","rolling_one_step",3,1,6,9,2.128974965104,NA,4.49062733893276,5.61381496351266,0.996733220438453,NA,NA,47.2109850301676,6.871025034896
2,"poisson_glm","rolling_one_step",3,1,6,9,2.09489369685423,NA,4.68319610832977,5.75360971789817,0.999696015007324,NA,NA,47.6804930577434,6.90510630314577
2,"inad_unconstrained","rolling_one_step",3,1,7,2,4.25,0.269070603929507,2.25955863354136,1.28984452288942,0.212273050504877,1,1,5.0625,2.25
2,"inad_constrained_alpha","rolling_one_step",3,1,7,2,4.89,0.251016116831352,2.63923433643048,1.72979317879239,0.138588115058909,1,1,8.3521,2.89
2,"nb_glm","rolling_one_step",3,1,7,2,4.88465213863551,NA,2.1571358983338,1.58041657886808,0.221551772534646,NA,NA,8.3212179609344,2.88465213863551
2,"poisson_glm","rolling_one_step",3,1,7,2,4.83180147113348,NA,2.4117363883506,1.79709963703505,0.0640837929728979,NA,NA,8.01909957191377,2.83180147113348
2,"inad_unconstrained","rolling_one_step",3,1,8,6,5.32,0.274829607450349,1.68219726671653,0.702198538011696,0.60066056169978,1,1,0.4624,0.68
2,"inad_constrained_alpha","rolling_one_step",3,1,8,6,5.66,0.304252686051737,2.2133539592661,0.859838486111111,0.538600028930853,1,1,0.1156,0.34
2,"nb_glm","rolling_one_step",3,1,8,6,5.26585240822454,NA,2.34639427012527,0.96100683684443,0.585128347113839,NA,NA,0.538972686509703,0.734147591775457
2,"poisson_glm","rolling_one_step",3,1,8,6,5.22071404189179,NA,1.99340729492239,0.711873470146936,0.611541503672551,NA,NA,0.607286604504634,0.779285958108212
2,"inad_unconstrained","rolling_one_step",3,1,9,16,5.11,0.270388796014371,4.77068462446567,8.66852724073542,0.996471365059379,0,0,118.5921,10.89
2,"inad_constrained_alpha","rolling_one_step",3,1,9,16,5.2,0.280691786106895,4.77068462446567,8.56292479172652,0.995105035964131,0,0,116.64,10.8
2,"nb_glm","rolling_one_step",3,1,9,16,5.26585240822454,NA,4.48467409321011,8.39859882283486,0.991283831090571,NA,NA,115.221924522019,10.7341475917755
2,"poisson_glm","rolling_one_step",3,1,9,16,5.22071404189179,NA,4.76274287270614,8.77179547780617,0.997187059768348,NA,NA,116.193005766669,10.7792859581082
2,"inad_unconstrained","rolling_one_step",3,1,10,5,2.71,0.214285281384844,2.50345600869913,1.52722135378622,0.777838837205944,1,1,5.2441,2.29
2,"inad_constrained_alpha","rolling_one_step",3,1,10,5,2.65,0.187150347382132,2.42465361402898,1.46187002923977,0.874614626077686,1,1,5.5225,2.35
2,"nb_glm","rolling_one_step",3,1,10,5,2.03940065035781,NA,2.99346804807042,1.91352007516187,0.874524291514862,NA,NA,8.76514850910174,2.96059934964219
2,"poisson_glm","rolling_one_step",3,1,10,5,1.96480665894561,NA,3.24219535713128,2.00686498849112,0.89290153037657,NA,NA,9.21239861758094,3.03519334105439
2,"inad_unconstrained","rolling_one_step",3,1,11,4,4.81,0.287691964897643,2.17079434484731,0.713043289224953,0.40007061169912,1,1,0.656099999999999,0.81
2,"inad_constrained_alpha","rolling_one_step",3,1,11,4,5.48,0.292146358781853,1.87091274205758,0.958023685722493,0.363132025804331,1,1,2.1904,1.48
2,"nb_glm","rolling_one_step",3,1,11,4,5.62002751052464,NA,2.14384209479132,1.0321318998625,0.313437440089818,NA,NA,2.62448913485666,1.62002751052464
2,"poisson_glm","rolling_one_step",3,1,11,4,5.58281952328532,NA,1.97460121528306,0.992237157285072,0.235134480632054,NA,NA,2.50531764329317,1.58281952328532
2,"inad_unconstrained","rolling_one_step",3,1,12,2,8.14,0.360700776967628,4.08098877104054,4.11401673610621,0.0457779853690627,0,1,37.6996,6.14
2,"inad_constrained_alpha","rolling_one_step",3,1,12,2,9.04,0.409463803114031,3.17008566069877,4.66495844444444,0.0399989992813207,0,1,49.5616,7.04
2,"nb_glm","rolling_one_step",3,1,12,2,7.63519916892867,NA,2.89686093410802,3.31005772599643,0.0682244548249547,NA,NA,31.7554696734943,5.63519916892867
2,"poisson_glm","rolling_one_step",3,1,12,2,7.65518031259213,NA,3.91106335895824,4.05114323854696,0.0255926218715803,NA,NA,31.9810643679296,5.65518031259213
2,"inad_unconstrained","rolling_one_step",4,1,1,1,4.09,0.395197176205509,1.7197389276987,1.79073196540062,0.180029732533524,1,1,9.5481,3.09
2,"inad_constrained_alpha","rolling_one_step",4,1,1,1,3.6,0.338743966363203,1.63410951684178,1.38690154650095,0.134725866751479,1,1,6.76,2.6
2,"nb_glm","rolling_one_step",4,1,1,1,3.65375105727952,NA,2.12209355865198,1.82956653799133,0.141971937461523,NA,NA,7.04239467401219,2.65375105727952
2,"poisson_glm","rolling_one_step",4,1,1,1,3.74865186716977,NA,2.52611620956993,2.06714304736391,0.106323928460432,NA,NA,7.55508708689588,2.74865186716977
2,"inad_unconstrained","rolling_one_step",4,1,2,5,3.66,0.32293477466335,2.8330466912769,1.13837426388889,0.662054656179738,1,1,1.7956,1.34
2,"inad_constrained_alpha","rolling_one_step",4,1,2,5,3.1,0.291807325390428,2.34664508278808,1.2735167508918,0.749597653359343,1,1,3.61,1.9
2,"nb_glm","rolling_one_step",4,1,2,5,2.9984613744194,NA,2.49046054269827,1.20362689936777,0.730687719656344,NA,NA,4.00615686969108,2.0015386255806
2,"poisson_glm","rolling_one_step",4,1,2,5,3.05802966699078,NA,2.33868029662574,1.09931714050254,0.739065739195303,NA,NA,3.77124877428793,1.94197033300922
2,"inad_unconstrained","rolling_one_step",4,1,3,7,6.52,0.401129717803419,2.30175898803174,1.0570292739567,0.590344595973503,1,1,0.2304,0.48
2,"inad_constrained_alpha","rolling_one_step",4,1,3,7,7.24,0.39520356600853,2.59794685212005,1.04504768879333,0.565335296688403,1,1,0.0576000000000001,0.24
2,"nb_glm","rolling_one_step",4,1,3,7,6.57098512870672,NA,2.45472120798278,1.06354770350122,0.578996879695548,NA,NA,0.184053759790791,0.429014871293282
2,"poisson_glm","rolling_one_step",4,1,3,7,6.86224089602353,NA,2.02963596592575,0.726389419675875,0.514122977591424,NA,NA,0.0189775707283989,0.137759103976467
2,"inad_unconstrained","rolling_one_step",4,1,4,14,4.94,0.370590574269468,4.10588632266227,6.15927569201827,0.93040396467439,0,0,82.0836,9.06
2,"inad_constrained_alpha","rolling_one_step",4,1,4,14,5.21,0.325450736392133,4.77068462446567,6.46950197500718,0.962645473235082,0,0,77.2641,8.79
2,"nb_glm","rolling_one_step",4,1,4,14,5.1225269276911,NA,4.28440345802157,6.13824502433014,0.93319079026776,NA,NA,78.8095281495695,8.8774730723089
2,"poisson_glm","rolling_one_step",4,1,4,14,5.30949275216615,NA,4.72608478782898,6.3128677120638,0.943603987256545,NA,NA,75.5249162246528,8.69050724783385
2,"inad_unconstrained","rolling_one_step",4,1,5,3,3.25,0.311196777527394,2.2133539592661,0.791378076388889,0.467670060965543,1,1,0.0625,0.25
2,"inad_constrained_alpha","rolling_one_step",4,1,5,3,3.59,0.423810277736573,2.40523924705413,1.0745114349924,0.521529209387103,1,1,0.3481,0.59
2,"nb_glm","rolling_one_step",4,1,5,3,2.13871621792231,NA,1.98430546794858,0.724518395252943,0.688911690293718,NA,NA,0.741809753270054,0.861283782077692
2,"poisson_glm","rolling_one_step",4,1,5,3,2.15905532903284,NA,1.78899732414759,0.633690843967036,0.549690729162932,NA,NA,0.707187939628065,0.84094467096716
2,"inad_unconstrained","rolling_one_step",4,1,6,4,6.77,0.394880112224335,2.32625000804004,1.70409988943809,0.258578556508254,1,1,7.6729,2.77
2,"inad_constrained_alpha","rolling_one_step",4,1,6,4,6.9,0.375916388726444,2.15572084803682,1.67581088417092,0.290336513166835,1,1,8.41,2.9
2,"nb_glm","rolling_one_step",4,1,6,4,6.57098512870672,NA,2.33090505128835,1.60362263098516,0.227035214691487,NA,NA,6.6099645320311,2.57098512870672
2,"poisson_glm","rolling_one_step",4,1,6,4,6.86224089602353,NA,2.44383783751815,1.87733692700561,0.159368789113519,NA,NA,8.1924229468696,2.86224089602353
2,"inad_unconstrained","rolling_one_step",4,1,7,7,4.87,0.41915137932241,2.47594690841653,1.56798670138889,0.692650972210492,1,1,4.5369,2.13
2,"inad_constrained_alpha","rolling_one_step",4,1,7,7,5.44,0.470400645914488,3.00396277269051,1.56700950013437,0.691687323520033,1,1,2.4336,1.56
2,"nb_glm","rolling_one_step",4,1,7,7,4.9070021578663,NA,2.61643367297448,1.35610606628629,0.712251614157932,NA,NA,4.38063996717634,2.0929978421337
2,"poisson_glm","rolling_one_step",4,1,7,7,4.97978810607179,NA,2.36486255773444,1.15642505269238,0.760178097671411,NA,NA,4.08125609636899,2.02021189392821
2,"inad_unconstrained","rolling_one_step",4,1,8,6,6.09,0.518563478089309,2.83910020287535,1.66800699957992,0.50404410243387,1,1,0.00809999999999998,0.0899999999999999
2,"inad_constrained_alpha","rolling_one_step",4,1,8,6,7.05,0.503598164324604,2.64595607130642,1.31080623168945,0.451271336371065,1,1,1.1025,1.05
2,"nb_glm","rolling_one_step",4,1,8,6,7.41645876924784,NA,2.52117605744375,1.78583150590571,0.332682174376364,NA,NA,2.00635544497911,1.41645876924784
2,"poisson_glm","rolling_one_step",4,1,8,6,7.62095873740717,NA,2.25530771695978,1.64126880108213,0.223306167825138,NA,NA,2.62750722837663,1.62095873740717
2,"inad_unconstrained","rolling_one_step",4,1,9,7,10.66,0.524205989275131,2.56365248883563,2.22400220266884,0.246425963168118,1,1,13.3956,3.66
2,"inad_constrained_alpha","rolling_one_step",4,1,9,7,10.45,0.55874589009403,2.69176560733771,2.17586044219203,0.268701249206883,1,1,11.9025,3.45
2,"nb_glm","rolling_one_step",4,1,9,7,11.4300045214499,NA,2.83523570226983,2.72627540294208,0.27426575307647,NA,NA,19.6249400600663,4.43000452144987
2,"poisson_glm","rolling_one_step",4,1,9,7,11.8996356987584,NA,3.17521941670184,3.32549278810605,0.117833198125761,NA,NA,24.0064299805477,4.8996356987584
2,"inad_unconstrained","rolling_one_step",4,1,10,5,6.74,0.515932029036634,2.29339666693964,1.61001431952663,0.401036479813548,1,1,3.0276,1.74
2,"inad_constrained_alpha","rolling_one_step",4,1,10,5,6.11,0.405242164786948,2.30175898803174,1.08383505908066,0.398451132605214,1,1,1.2321,1.11
2,"nb_glm","rolling_one_step",4,1,10,5,6.87957397585378,NA,2.39439825750766,1.55988587526127,0.320267678949625,NA,NA,3.5327983307068,1.87957397585378
2,"poisson_glm","rolling_one_step",4,1,10,5,7.05324201696906,NA,2.24993317031007,1.55208961204187,0.19399752811202,NA,NA,4.21580278024718,2.05324201696906
2,"inad_unconstrained","rolling_one_step",4,1,11,9,6.17,0.495036984640154,3.72305690591552,2.113862368,0.689190976784341,1,1,8.0089,2.83
2,"inad_constrained_alpha","rolling_one_step",4,1,11,9,6.11,0.465126245488711,2.88974203495344,1.96409627999256,0.709720761963298,1,1,8.3521,2.89
2,"nb_glm","rolling_one_step",4,1,11,9,6.29451804959171,NA,2.85468280928303,1.69836837718623,0.693868249198887,NA,NA,7.31963258398505,2.70548195040829
2,"poisson_glm","rolling_one_step",4,1,11,9,6.43611493415748,NA,2.59787059949366,1.43803522888886,0.775098733633666,NA,NA,6.5735066308503,2.56388506584252
2,"inad_unconstrained","rolling_one_step",4,1,12,4,5.2,0.410960933531265,2.22988326121731,1.14009287825853,0.40620844203307,1,1,1.44,1.2
2,"inad_constrained_alpha","rolling_one_step",4,1,12,4,4.93,0.521895341495541,2.60843609146261,1.63601403910704,0.442723423153855,1,1,0.864899999999999,0.93
2,"nb_glm","rolling_one_step",4,1,12,4,4.9070021578663,NA,2.22490295084188,1.49261236563606,0.39954987477004,NA,NA,0.82265291437412,0.907002157866297
2,"poisson_glm","rolling_one_step",4,1,12,4,4.97978810607179,NA,1.98647485671261,1.365804255758,0.282555494550203,NA,NA,0.959984732799751,0.979788106071793
2,"inad_unconstrained","rolling_one_step",5,1,1,6,3.45,0.34300366638203,2.97906522106878,1.71781872042935,0.739705736741361,1,1,6.5025,2.55
2,"inad_constrained_alpha","rolling_one_step",5,1,1,6,3.54,0.299973062763706,3.65691710341098,1.59478455694353,0.769365521844309,1,1,6.0516,2.46
2,"nb_glm","rolling_one_step",5,1,1,6,3.04519398802847,NA,2.86520013621883,1.75759851525817,0.832212753675758,NA,NA,8.7308785683831,2.95480601197153
2,"poisson_glm","rolling_one_step",5,1,1,6,2.96830539274604,NA,2.99895610185727,1.81713672177173,0.874019952889755,NA,NA,9.19117219165276,3.03169460725396
2,"inad_unconstrained","rolling_one_step",5,1,2,2,5.2,0.379260311446352,1.99370081289166,2.00665015117158,0.233420969974841,1,1,10.24,3.2
2,"inad_constrained_alpha","rolling_one_step",5,1,2,2,5.26,0.310301254729768,1.94491064872223,1.96524106944444,0.125831058666265,1,1,10.6276,3.26
2,"nb_glm","rolling_one_step",5,1,2,2,5.20236423146835,NA,2.33365549468414,2.136023986926,0.101500514112883,NA,NA,10.2551366709879,3.20236423146835
2,"poisson_glm","rolling_one_step",5,1,2,2,5.15370931129958,NA,2.66722413055995,2.32599761961938,0.0512980776253427,NA,NA,9.9458824201777,3.15370931129958
2,"inad_unconstrained","rolling_one_step",5,1,3,5,5.35,0.294863433549236,2.17945240759042,0.725642040725327,0.527554332897838,1,1,0.1225,0.35
2,"inad_constrained_alpha","rolling_one_step",5,1,3,5,6.97,0.436342697309064,2.1719813689086,1.33484691077003,0.42409838565952,1,1,3.8809,1.97
2,"nb_glm","rolling_one_step",5,1,3,5,5.9855705730539,NA,2.26914853676306,1.08206099336487,0.440518209264844,NA,NA,0.971349354469788,0.985570573053898
2,"poisson_glm","rolling_one_step",5,1,3,5,5.95476224185822,NA,1.96707062501109,0.889013517179698,0.321172189575336,NA,NA,0.911570938478126,0.954762241858216
2,"inad_unconstrained","rolling_one_step",5,1,4,9,8.09,0.370937932132789,2.03026430570375,1.04275691056911,0.598132997031922,1,1,0.8281,0.91
2,"inad_constrained_alpha","rolling_one_step",5,1,4,9,9.62,0.414090216101162,2.74812842466962,1.21654366339128,0.440034610672895,1,1,0.384399999999999,0.619999999999999
2,"nb_glm","rolling_one_step",5,1,4,9,8.13181490292718,NA,2.67738560298157,1.33400533693314,0.586740767652275,NA,NA,0.753745362779341,0.86818509707282
2,"poisson_glm","rolling_one_step",5,1,4,9,8.16518937965143,NA,2.21385848565054,0.897119209034589,0.548379697731063,NA,NA,0.696908771846764,0.83481062034857
2,"inad_unconstrained","rolling_one_step",5,1,5,3,4.61,0.331478170891807,1.91100909704655,0.912409311831153,0.334629980114465,1,1,2.5921,1.61
2,"inad_constrained_alpha","rolling_one_step",5,1,5,3,4.08,0.298033961863816,1.91100909704655,0.756439521403092,0.441932940311441,1,1,1.1664,1.08
2,"nb_glm","rolling_one_step",5,1,5,3,4.26933525551506,NA,1.93627884507359,0.836730132224372,0.30686979283862,NA,NA,1.61121199089349,1.26933525551506
2,"poisson_glm","rolling_one_step",5,1,5,3,4.20423035465806,NA,1.77400345834921,0.779778469448353,0.29078270605142,NA,NA,1.45017074707987,1.20423035465806
2,"inad_unconstrained","rolling_one_step",5,1,6,4,4.71,0.349399195734332,2.12238442776923,0.858081995116346,0.456218007688482,1,1,0.5041,0.71
2,"inad_constrained_alpha","rolling_one_step",5,1,6,4,4.58,0.329118811250879,1.87091274205759,0.726630393565068,0.528925996078968,1,1,0.3364,0.58
2,"nb_glm","rolling_one_step",5,1,6,4,4.75994235550957,NA,2.06141907885308,0.811607068346243,0.489941118783646,NA,NA,0.577512383697434,0.75994235550957
2,"poisson_glm","rolling_one_step",5,1,6,4,4.70278283163401,NA,1.79159765492185,0.662950001619766,0.34141538211795,NA,NA,0.493903708439513,0.702782831634007
2,"inad_unconstrained","rolling_one_step",5,1,7,5,7.29,0.447957203944368,2.50873673123952,1.52616361212279,0.343405160256079,1,1,5.2441,2.29
2,"inad_constrained_alpha","rolling_one_step",5,1,7,5,6.88,0.435838910098164,2.25417595378636,1.3744722688,0.384203858882785,1,1,3.5344,1.88
2,"nb_glm","rolling_one_step",5,1,7,5,8.03864501373704,NA,2.48583144004413,1.80833502130048,0.240816442163007,NA,NA,9.23336351950898,3.03864501373704
2,"poisson_glm","rolling_one_step",5,1,7,5,7.91043159974182,NA,2.47076613251082,1.87304927062811,0.197952973871317,NA,NA,8.47061209677573,2.91043159974182
2,"inad_unconstrained","rolling_one_step",5,1,8,1,6.38,0.393066165042236,3.68223491139527,3.472151125,0.037982563390513,0,1,28.9444,5.38
2,"inad_constrained_alpha","rolling_one_step",5,1,8,1,7.13,0.483182839684582,2.70763706331488,3.72245250324431,0.0171789960912621,0,1,37.5769,6.13
2,"nb_glm","rolling_one_step",5,1,8,1,7.53204821954649,NA,3.34823927232741,4.21182633025555,0.0341663391021625,NA,NA,42.6676539424805,6.53204821954649
2,"poisson_glm","rolling_one_step",5,1,8,1,7.39735561179201,NA,4.41871881468937,4.84168030504105,0.0106351586835892,NA,NA,40.9261588237267,6.39735561179201
2,"inad_unconstrained","rolling_one_step",5,1,9,4,7.76,0.446336377204639,2.03836151593637,2.1138941207076,0.220449249776016,1,1,14.1376,3.76
2,"inad_constrained_alpha","rolling_one_step",5,1,9,4,7.35,0.438863315966384,2.04639368763364,1.9348353472,0.197939681234285,1,1,11.2225,3.35
2,"nb_glm","rolling_one_step",5,1,9,4,8.03864501373704,NA,2.57287536054555,2.3426591842496,0.194700741213789,NA,NA,16.3106535469831,4.03864501373704
2,"poisson_glm","rolling_one_step",5,1,9,4,7.91043159974182,NA,2.87587898733514,2.62356820541062,0.115305777163481,NA,NA,15.2914752962594,3.91043159974182
2,"inad_unconstrained","rolling_one_step",5,1,10,17,6.55,0.481868207808909,3.77754509119959,6.39255848829201,0.868413489109159,0,1,109.2025,10.45
2,"inad_constrained_alpha","rolling_one_step",5,1,10,17,6.51,0.433798119037886,4.18466720051539,6.58788775826446,0.884962563857447,0,0,110.0401,10.49
2,"nb_glm","rolling_one_step",5,1,10,17,6.98679579139938,NA,4.28680845955149,6.13123143340954,0.881071391250274,NA,NA,100.264258523137,10.0132042086006
2,"poisson_glm","rolling_one_step",5,1,10,17,6.84629601252828,NA,4.83576522826778,6.66108537680091,0.894631144740922,NA,NA,103.097704665199,10.1537039874717
2,"inad_unconstrained","rolling_one_step",5,1,11,13,7.59,0.394429648321152,3.21090765521902,3.2234474304,0.827184626933336,1,1,29.2681,5.41
2,"inad_constrained_alpha","rolling_one_step",5,1,11,13,7.89,0.416307724180229,4.10588632266227,3.31078155737705,0.827079714299351,1,1,26.1121,5.11
2,"nb_glm","rolling_one_step",5,1,11,13,8.9623992007572,NA,3.13092868238079,2.58609573497971,0.761344625890654,NA,NA,16.3022202140461,4.0376007992428
2,"poisson_glm","rolling_one_step",5,1,11,13,8.84847850376806,NA,3.07949076626823,2.48179780325751,0.85407631318982,NA,NA,17.2351307336759,4.15152149623194
2,"inad_unconstrained","rolling_one_step",5,1,12,10,5.93,0.408558688587334,3.01212608332967,2.62041146804151,0.809650329359224,1,1,16.5649,4.07
2,"inad_constrained_alpha","rolling_one_step",5,1,12,10,6.11,0.426139589213381,3.44251553099289,2.34358225623583,0.774126594070704,1,1,15.1321,3.89
2,"nb_glm","rolling_one_step",5,1,12,10,6.39262145768508,NA,3.03360213612733,2.12569002955793,0.76109305838203,NA,NA,13.0131799475541,3.60737854231492
2,"poisson_glm","rolling_one_step",5,1,12,10,6.2472757781295,NA,3.064939353761,2.13536707427644,0.813530665417378,NA,NA,14.0829390854135,3.7527242218705
2,"inad_unconstrained","rolling_one_step",6,1,1,5,3.76,0.237886315264033,2.16206066487855,0.953171514312096,0.753789011560903,1,1,1.5376,1.24
2,"inad_constrained_alpha","rolling_one_step",6,1,1,5,4.38,0.208302421949191,2.0612300046159,0.659809155101047,0.626459686588643,1,1,0.3844,0.62
2,"nb_glm","rolling_one_step",6,1,1,5,4.26243168328933,NA,2.16790039578431,0.823844833669011,0.689948260537551,NA,NA,0.544007021815404,0.737568316710665
2,"poisson_glm","rolling_one_step",6,1,1,5,4.15977186194281,NA,1.88138015958927,0.655750243305797,0.678179717799945,NA,NA,0.70598332398305,0.840228138057189
2,"inad_unconstrained","rolling_one_step",6,1,2,8,3.2,0.202010100757563,3.10109278921182,3.50711957908163,0.932619384810096,0,1,23.04,4.8
2,"inad_constrained_alpha","rolling_one_step",6,1,2,8,2.46,0.171399468429099,4.01139547924135,4.3712359224089,0.963838048429367,0,0,30.6916,5.54
2,"nb_glm","rolling_one_step",6,1,2,8,2.82018172262821,NA,3.77584265749928,3.8398702633548,0.952864768299088,NA,NA,26.8305173865949,5.17981827737179
2,"poisson_glm","rolling_one_step",6,1,2,8,2.71813339447664,NA,4.31786294569515,4.05586088203241,0.978982355612925,NA,NA,27.8981148385429,5.28186660552336
2,"inad_unconstrained","rolling_one_step",6,1,3,6,3.61,0.238215164602224,3.10998173662906,1.58063571932023,0.802716428935693,1,1,5.7121,2.39
2,"inad_constrained_alpha","rolling_one_step",6,1,3,6,3.91,0.262888000886501,2.64804496611264,1.4030535164666,0.802776090418736,1,1,4.3681,2.09
2,"nb_glm","rolling_one_step",6,1,3,6,3.95387003347231,NA,2.4807421909415,1.34272080789706,0.758986585515576,NA,NA,4.18664783992262,2.04612996652769
2,"poisson_glm","rolling_one_step",6,1,3,6,3.84989325997096,NA,2.36386118626212,1.29118467850095,0.780063268994643,NA,NA,4.6229589935183,2.15010674002904
2,"inad_unconstrained","rolling_one_step",6,1,4,9,4.9,0.259175070505859,3.63094161700772,2.70728647276085,0.898419185467881,0,1,16.81,4.1
2,"inad_constrained_alpha","rolling_one_step",6,1,4,9,6.01,0.253658085308599,2.25090057079825,1.78803459357278,0.807320402464991,1,1,8.9401,2.99
2,"nb_glm","rolling_one_step",6,1,4,9,5.07187596229896,NA,3.01977857937083,2.62491200079069,0.850462434200502,NA,NA,15.4301584555647,3.92812403770104
2,"poisson_glm","rolling_one_step",6,1,4,9,4.97578510924981,NA,3.21999383414951,2.68683184532819,0.912010506727743,NA,NA,16.1943054869356,4.02421489075019
2,"inad_unconstrained","rolling_one_step",6,1,5,3,3.11,0.18743079530937,1.8578992717326,0.475366669421488,0.559929811829024,1,1,0.0121,0.11
2,"inad_constrained_alpha","rolling_one_step",6,1,5,3,2.89,0.185262576421203,1.64647918411445,0.454013099173554,0.626015927985649,1,1,0.0121,0.11
2,"nb_glm","rolling_one_step",6,1,5,3,3.24475488039087,NA,1.75360974840846,0.505253016795794,0.558406063837073,NA,NA,0.059904951475151,0.244754880390874
2,"poisson_glm","rolling_one_step",6,1,5,3,3.14061914013576,NA,1.53642119435957,0.410454309723903,0.420670218239817,NA,NA,0.0197737425725219,0.140619140135765
2,"inad_unconstrained","rolling_one_step",6,1,6,2,4.09,0.238723456930585,2.0790876220159,1.20419294384838,0.276972719295882,1,1,4.3681,2.09
2,"inad_constrained_alpha","rolling_one_step",6,1,6,2,3.61,0.1958637951808,1.70434276898759,0.902466220274328,0.222568460498236,1,1,2.5921,1.61
2,"nb_glm","rolling_one_step",6,1,6,2,3.61762318114219,NA,1.80132308322591,0.866296385422898,0.330556061029116,NA,NA,2.61670475616859,1.61762318114219
2,"poisson_glm","rolling_one_step",6,1,6,2,3.51304484459746,NA,1.75279341782122,0.876836076954748,0.213307431495059,NA,NA,2.28930470176295,1.51304484459746
2,"inad_unconstrained","rolling_one_step",6,1,7,7,4.76,0.287138441955244,2.66543670882451,1.55380331450654,0.816319224739162,1,1,5.0176,2.24
2,"inad_constrained_alpha","rolling_one_step",6,1,7,7,5.56,0.303288374956638,2.26814237723276,1.05462578712835,0.709850358192901,1,1,2.0736,1.44
2,"nb_glm","rolling_one_step",6,1,7,7,5.31006313293205,NA,2.50244348970136,1.25425139286368,0.699022315753533,NA,NA,2.85588661467544,1.68993686706795
2,"poisson_glm","rolling_one_step",6,1,7,7,5.11427930492888,NA,2.27532013276727,1.1258976706202,0.751274330350959,NA,NA,3.55594253981952,1.88572069507112
2,"inad_unconstrained","rolling_one_step",6,1,8,4,4.19,0.235999914398204,1.72220038638759,0.564241639909155,0.423107770037017,1,1,0.0361000000000001,0.19
2,"inad_constrained_alpha","rolling_one_step",6,1,8,4,3.54,0.233298698728224,1.88480672465252,0.616040426031796,0.642966678351642,1,1,0.2116,0.46
2,"nb_glm","rolling_one_step",6,1,8,4,3.10823533474363,NA,2.05055570257778,0.752329004807504,0.640295602815677,NA,NA,0.795244218199805,0.89176466525637
2,"poisson_glm","rolling_one_step",6,1,8,4,2.94559547771657,NA,1.85631052284148,0.679261844393239,0.627324068507059,NA,NA,1.11176889661175,1.05440452228343
2,"inad_unconstrained","rolling_one_step",6,1,9,3,5.02,0.294385166512558,1.73349056110408,1.16523729166667,0.320818111559221,1,1,4.0804,2.02
2,"inad_constrained_alpha","rolling_one_step",6,1,9,3,4.54,0.264162484433006,1.50776841072148,0.794635887965528,0.319139403807849,1,1,2.3716,1.54
2,"nb_glm","rolling_one_step",6,1,9,3,4.85848227695875,NA,2.0691870959504,1.16905865480028,0.249669874565667,NA,NA,3.4539563737698,1.85848227695875
2,"poisson_glm","rolling_one_step",6,1,9,3,4.66680277420143,NA,1.94920217644638,1.09400876677422,0.17190179095838,NA,NA,2.77823148808557,1.66680277420143
2,"inad_unconstrained","rolling_one_step",6,1,10,7,8.48,0.371042756663875,2.20498570959559,1.14286709978109,0.334892723116429,1,1,2.1904,1.48
2,"inad_constrained_alpha","rolling_one_step",6,1,10,7,10.86,0.357041717280751,3.00396277269051,2.1611451894652,0.136150530088181,1,1,14.8996,3.86
2,"nb_glm","rolling_one_step",6,1,10,7,9.07163307763176,NA,2.51250080555085,1.32000383646317,0.413872115435248,NA,NA,4.29166360833803,2.07163307763176
2,"poisson_glm","rolling_one_step",6,1,10,7,8.87964861661855,NA,2.22792534425596,1.18284274128003,0.331283445913575,NA,NA,3.53307892195601,1.87964861661855
2,"inad_unconstrained","rolling_one_step",6,1,11,16,7.04,0.32471277128931,4.07254990239468,6.82549702671646,0.996473184229384,0,0,80.2816,8.96
2,"inad_constrained_alpha","rolling_one_step",6,1,11,16,8.89,0.381622003473795,3.69876421334648,4.89516145525397,0.914683781791341,0,1,50.5521,7.11
2,"nb_glm","rolling_one_step",6,1,11,16,8.02564641720433,NA,3.76890905827717,5.49554579744078,0.917998437886918,NA,NA,63.5903150634461,7.97435358279567
2,"poisson_glm","rolling_one_step",6,1,11,16,7.82678112486669,NA,4.48053238093682,5.96403562052595,0.957512871292387,NA,NA,66.8015067808354,8.17321887513331
2,"inad_unconstrained","rolling_one_step",6,1,12,11,6.02,0.290933711079387,3.12752604627997,3.32070439319471,0.956171896145558,0,1,24.8004,4.98
2,"inad_constrained_alpha","rolling_one_step",6,1,12,11,7.45,0.308261662431858,3.38535711715294,2.23022486406327,0.82926976982195,1,1,12.6025,3.55
2,"nb_glm","rolling_one_step",6,1,12,11,7.13549184495414,NA,3.01607777580332,2.55218244096907,0.813240155020466,NA,NA,14.934423280416,3.86450815504586
2,"poisson_glm","rolling_one_step",6,1,12,11,6.93401643712975,NA,3.09405982921124,2.57533413686933,0.89129043179843,NA,NA,16.5322223335311,4.06598356287025
2,"inad_unconstrained","rolling_one_step",7,1,1,6,5.11,0.297088566191323,2.64804496611264,1.02404238996614,0.628622745881776,1,1,0.792099999999999,0.89
2,"inad_constrained_alpha","rolling_one_step",7,1,1,6,5.66,0.272370810818374,2.17945240759042,0.738714060642093,0.548669246075482,1,1,0.1156,0.34
2,"nb_glm","rolling_one_step",7,1,1,6,5.03606558676076,NA,2.32162298219672,0.972531525683713,0.685220809928504,NA,NA,0.929169553026873,0.963934413239238
2,"poisson_glm","rolling_one_step",7,1,1,6,4.96805583367532,NA,2.00148900206477,0.756376844058509,0.620188142565693,NA,NA,1.06490876241153,1.03194416632468
2,"inad_unconstrained","rolling_one_step",7,1,2,6,6.56,0.340029707555387,2.69097001082967,0.876320612951063,0.445241324448402,1,1,0.3136,0.56
2,"inad_constrained_alpha","rolling_one_step",7,1,2,6,6.67,0.317838342748656,2.46757865874601,0.849367071534496,0.43570520786234,1,1,0.4489,0.67
2,"nb_glm","rolling_one_step",7,1,2,6,6.13665732669947,NA,2.31177591156804,0.922158470306555,0.511634703450309,NA,NA,0.0186752249406444,0.136657326699465
2,"poisson_glm","rolling_one_step",7,1,2,6,6.09003633226258,NA,1.93345334726138,0.654615507835421,0.512715483430541,NA,NA,0.00810654112729685,0.0900363322625752
2,"inad_unconstrained","rolling_one_step",7,1,3,11,5.53,0.251643085389292,3.36840755883916,3.82259457228432,0.927505124529553,0,1,29.9209,5.47
2,"inad_constrained_alpha","rolling_one_step",7,1,3,11,5.87,0.342791570208575,3.38535711715294,3.35940358025563,0.858820366878865,1,1,26.3169,5.13
2,"nb_glm","rolling_one_step",7,1,3,11,5.42908222435443,NA,3.4737475505266,3.62575277168814,0.879911489090814,NA,NA,31.0351248630037,5.57091777564557
2,"poisson_glm","rolling_one_step",7,1,3,11,5.36793554261796,NA,3.96450345065657,3.8535899233456,0.936765246495851,NA,NA,31.720150052106,5.63206445738204
2,"inad_unconstrained","rolling_one_step",7,1,4,4,5.97,0.306645256169589,1.87935161070345,1.12692235717817,0.304784894750684,1,1,3.8809,1.97
2,"inad_constrained_alpha","rolling_one_step",7,1,4,4,6.65,0.312815497303978,2.56461043185246,1.57401850761276,0.177540396835134,1,1,7.0225,2.65
2,"nb_glm","rolling_one_step",7,1,4,4,6.46007576825219,NA,2.26401886586477,1.35912419166074,0.295122192429854,NA,NA,6.05197278554161,2.46007576825219
2,"poisson_glm","rolling_one_step",7,1,4,4,6.42095158744993,NA,2.24220798412881,1.46249699041072,0.173869235784822,NA,NA,5.86100658877634,2.42095158744993
2,"inad_unconstrained","rolling_one_step",7,1,5,4,4.42,0.27530699118246,2.01004757070304,0.722404839846503,0.524353985476464,1,1,0.1764,0.42
2,"inad_constrained_alpha","rolling_one_step",7,1,5,4,4.61,0.2628111431612,1.90235103430343,0.64885693005671,0.368510900642966,1,1,0.3721,0.61
2,"nb_glm","rolling_one_step",7,1,5,4,4.13286179168109,NA,2.00328967205536,0.674677687568628,0.569256187725897,NA,NA,0.0176522556887086,0.132861791681087
2,"poisson_glm","rolling_one_step",7,1,5,4,4.05278021672257,NA,1.71350318080712,0.511840734620329,0.420894909204638,NA,NA,0.00278575127728136,0.0527802167225691
2,"inad_unconstrained","rolling_one_step",7,1,6,0,3.41,0.233590767079194,2.33798702004496,2.28946426465028,0.0658804233096864,1,1,11.6281,3.41
2,"inad_constrained_alpha","rolling_one_step",7,1,6,0,3.94,0.229104537032528,3.12752604627997,2.78624603402647,0.0316887269857461,0,1,15.5236,3.94
2,"nb_glm","rolling_one_step",7,1,6,0,3.59208067071107,NA,2.67332672419127,2.36962811763477,0.0566970770902936,NA,NA,12.9030435448961,3.59208067071107
2,"poisson_glm","rolling_one_step",7,1,6,0,3.50758775770298,NA,3.3519232408028,2.56987077906229,0.0203632650817393,NA,NA,12.3031718779878,3.50758775770298
2,"inad_unconstrained","rolling_one_step",7,1,7,6,7.48,0.323952858523358,2.69933826050019,1.04821611111111,0.331653450860623,1,1,2.1904,1.48
2,"inad_constrained_alpha","rolling_one_step",7,1,7,6,8.18,0.414967444262776,2.2216527620808,1.25327265897138,0.313957474718779,1,1,4.7524,2.18
2,"nb_glm","rolling_one_step",7,1,7,6,7.78168188859028,NA,2.40176560736144,1.21276711403643,0.381450020928482,NA,NA,3.17439035213062,1.78168188859028
2,"poisson_glm","rolling_one_step",7,1,7,6,7.62547196246058,NA,2.12462449698556,1.06550331398119,0.355507570112829,NA,NA,2.64215910074545,1.62547196246058
2,"inad_unconstrained","rolling_one_step",7,1,8,8,6.44,0.301283449880204,2.11387373810132,1.0909131857696,0.699410008848366,1,1,2.4336,1.56
2,"inad_constrained_alpha","rolling_one_step",7,1,8,8,6.25,0.315067733618784,2.97062635242291,1.34565529301925,0.729834834898416,1,1,3.0625,1.75
2,"nb_glm","rolling_one_step",7,1,8,8,6.18827508029935,NA,2.59289008983094,1.38492792816082,0.674908945680424,NA,NA,3.28234718466431,1.81172491970065
2,"poisson_glm","rolling_one_step",7,1,8,8,6.02222845709714,NA,2.32765838293797,1.19400331891275,0.723899388897899,NA,NA,3.91158027591637,1.97777154290286
2,"inad_unconstrained","rolling_one_step",7,1,9,6,5.57,0.26562485888291,2.43338729399773,0.779214646502836,0.567546296430833,1,1,0.1849,0.43
2,"inad_constrained_alpha","rolling_one_step",7,1,9,6,5.49,0.307645013847867,2.26814237723276,0.869066834684783,0.568949263572044,1,1,0.2601,0.51
2,"nb_glm","rolling_one_step",7,1,9,6,5.55044977394878,NA,2.29920981477316,0.906879155617286,0.54570384831005,NA,NA,0.2020954057427,0.449550226051216
2,"poisson_glm","rolling_one_step",7,1,9,6,5.38379861211158,NA,1.9477800910384,0.667577957971374,0.538775318421221,NA,NA,0.379704150435612,0.616201387888418
2,"inad_unconstrained","rolling_one_step",7,1,10,8,6.7,0.339190956616631,2.46757865874601,1.0990148294612,0.649651923193342,1,1,1.69,1.3
2,"inad_constrained_alpha","rolling_one_step",7,1,10,8,7.17,0.32131516357532,2.11387373810132,0.962865490539849,0.608222306698211,1,1,0.6889,0.83
2,"nb_glm","rolling_one_step",7,1,10,8,7.78168188859028,NA,2.49619997738535,1.10098959806924,0.562664761903772,NA,NA,0.0476627977695076,0.218318111409721
2,"poisson_glm","rolling_one_step",7,1,10,8,7.62547196246058,NA,2.07218825196068,0.745359659241518,0.573576788748093,NA,NA,0.140271250903129,0.37452803753942
2,"inad_unconstrained","rolling_one_step",7,1,11,8,10.38,0.445579862809591,2.110973489293,1.4619126528,0.401340187968127,1,1,5.6644,2.38
2,"inad_constrained_alpha","rolling_one_step",7,1,11,8,11.19,0.415773588347885,2.50873673123952,1.83506547216441,0.264968461530591,1,1,10.1761,3.19
2,"nb_glm","rolling_one_step",7,1,11,8,11.2370814716125,NA,2.68780966530918,1.71491062986345,0.376368992184182,NA,NA,10.4786964538567,3.23708147161246
2,"poisson_glm","rolling_one_step",7,1,11,8,11.1344072421436,NA,2.56192473449047,1.83115095820576,0.192859213324659,NA,NA,9.8245087596024,3.13440724214362
2,"inad_unconstrained","rolling_one_step",7,1,12,5,7.86,0.370917508321996,2.30998948716826,1.59630338618651,0.262912871739999,1,1,8.1796,2.86
2,"inad_constrained_alpha","rolling_one_step",7,1,12,5,9.84,0.431516002723028,2.60611016275922,2.73338241787296,0.139927785251123,1,1,23.4256,4.84
2,"nb_glm","rolling_one_step",7,1,12,5,9.48230604883315,NA,2.64552855161325,2.29271778427426,0.226472626272053,NA,NA,20.0910675154063,4.48230604883315
2,"poisson_glm","rolling_one_step",7,1,12,5,9.34760052156641,NA,2.98154851899579,2.75637321939818,0.0811272286804343,NA,NA,18.9016302951245,4.34760052156641
2,"inad_unconstrained","rolling_one_step",8,1,1,1,4.08,0.256896787827251,2.25955863354136,1.89225490487515,0.11326837718539,1,1,9.4864,3.08
2,"inad_constrained_alpha","rolling_one_step",8,1,1,1,4.06,0.279906189191084,2.32925334007621,1.75456181902124,0.0905348166502734,1,1,9.3636,3.06
2,"nb_glm","rolling_one_step",8,1,1,1,4.26509311881924,NA,2.28307653254845,1.9556530603842,0.070417968594066,NA,NA,10.6608330745608,3.26509311881924
2,"poisson_glm","rolling_one_step",8,1,1,1,4.29652173418644,NA,2.82078826690889,2.26453141559876,0.0208280481012967,NA,NA,10.8670555439636,3.29652173418644
2,"inad_unconstrained","rolling_one_step",8,1,2,7,3.95,0.202197523189179,3.31576382535374,2.03550407434461,0.914731387987057,0,1,9.3025,3.05
2,"inad_constrained_alpha","rolling_one_step",8,1,2,7,4.51,0.207191415913601,3.11879236631122,1.64448604955371,0.853584620730396,1,1,6.2001,2.49
2,"nb_glm","rolling_one_step",8,1,2,7,4.26509311881924,NA,2.69155693656751,1.77790302633484,0.807655122800625,NA,NA,7.47971564872985,2.73490688118076
2,"poisson_glm","rolling_one_step",8,1,2,7,4.29652173418644,NA,2.61049326065389,1.67594833018222,0.854575810289492,NA,NA,7.30879473372628,2.70347826581356
2,"inad_unconstrained","rolling_one_step",8,1,3,5,6.26,0.274366119768399,2.02759188035395,0.848065164461248,0.351614248320136,1,1,1.5876,1.26
2,"inad_constrained_alpha","rolling_one_step",8,1,3,5,6.38,0.276259283860637,1.86240205238968,0.888333961574987,0.250277751491895,1,1,1.9044,1.38
2,"nb_glm","rolling_one_step",8,1,3,5,5.54675229544047,NA,2.17726062478391,0.828460428429709,0.471605094114839,NA,NA,0.298938072569426,0.546752295440473
2,"poisson_glm","rolling_one_step",8,1,3,5,5.63214868314807,NA,1.86711828285434,0.661490176849677,0.474033144989894,NA,NA,0.399611957605839,0.63214868314807
2,"inad_unconstrained","rolling_one_step",8,1,4,8,2.96,0.208370299750665,4.7361984483945,3.69940580178516,0.932662705690927,0,1,25.4016,5.04
2,"inad_constrained_alpha","rolling_one_step",8,1,4,8,3.92,0.237274081810445,2.52131362609914,2.66174126399875,0.89847818723583,0,1,16.6464,4.08
2,"nb_glm","rolling_one_step",8,1,4,8,3.61988200229957,NA,3.29768237461472,2.97006674595417,0.91951985177453,NA,NA,19.1854336737792,4.38011799770043
2,"poisson_glm","rolling_one_step",8,1,4,8,3.62853397468174,NA,3.63784638046469,3.0546297480808,0.934947367391496,NA,NA,19.1097152105118,4.37146602531826
2,"inad_unconstrained","rolling_one_step",8,1,5,3,3.17,0.203035051957125,1.70434276898759,0.515601712523334,0.409357448559179,1,1,0.0289,0.17
2,"inad_constrained_alpha","rolling_one_step",8,1,5,3,3.65,0.213378309652839,1.93657882162643,0.598644427614796,0.502366494019474,1,1,0.4225,0.65
2,"nb_glm","rolling_one_step",8,1,5,3,3.61988200229957,NA,1.81148371333748,0.582360295436025,0.387854958060122,NA,NA,0.384253696774929,0.619882002299574
2,"poisson_glm","rolling_one_step",8,1,5,3,3.62853397468174,NA,1.61020296712966,0.513282348966143,0.400348077644947,NA,NA,0.395054957329228,0.628533974681741
2,"inad_unconstrained","rolling_one_step",8,1,6,3,2.25,0.184431969883617,2.29353525747413,0.709583165289256,0.685664196244653,1,1,0.5625,0.75
2,"inad_constrained_alpha","rolling_one_step",8,1,6,3,1.57,0.132004744328575,2.47605703451102,0.982160296639232,0.821145170797007,1,1,2.0449,1.43
2,"nb_glm","rolling_one_step",8,1,6,3,1.6518187381726,NA,2.06553452912518,0.874470100338956,0.795599569014689,NA,NA,1.81759271474253,1.3481812618274
2,"poisson_glm","rolling_one_step",8,1,6,3,1.61698848967699,NA,1.98397166887744,0.852575188415825,0.803384831448093,NA,NA,1.91272083768594,1.38301151032301
2,"inad_unconstrained","rolling_one_step",8,1,7,11,5.01,0.299661425106686,3.63967529697647,4.19812136862004,0.938708566079848,0,1,35.8801,5.99
2,"inad_constrained_alpha","rolling_one_step",8,1,7,11,5.58,0.300228868927313,3.35982381514777,3.78585405766944,0.912209579897302,0,1,29.3764,5.42
2,"nb_glm","rolling_one_step",8,1,7,11,5.72803697062211,NA,3.33353881562502,3.66719200409731,0.907821612299054,NA,NA,27.7935941831273,5.27196302937789
2,"poisson_glm","rolling_one_step",8,1,7,11,5.70758997834984,NA,3.73781494678855,3.74812769848369,0.939569744734162,NA,NA,28.0096038372631,5.29241002165016
2,"inad_unconstrained","rolling_one_step",8,1,8,3,6.75,0.286876244743234,2.95353191906361,2.24242829221165,0.0930539545854995,1,1,14.0625,3.75
2,"inad_constrained_alpha","rolling_one_step",8,1,8,3,6.44,0.345042816842411,2.18803615128181,1.88197373073271,0.210915757955776,1,1,11.8336,3.44
2,"nb_glm","rolling_one_step",8,1,8,3,6.47457500011493,NA,2.33960306839409,1.77660937369127,0.221221623569521,NA,NA,12.0726714314236,3.47457500011493
2,"poisson_glm","rolling_one_step",8,1,8,3,6.47538146869327,NA,2.67643574073261,2.17839886268756,0.0856744533132297,NA,NA,12.0782763529366,3.47538146869327
2,"inad_unconstrained","rolling_one_step",8,1,9,3,5.22,0.292871537322659,2.35522882647947,1.32218036379575,0.252837667906076,1,1,4.9284,2.22
2,"inad_constrained_alpha","rolling_one_step",8,1,9,3,5.61,0.272991286352225,2.34664508278808,1.53589065844233,0.222661720628786,1,1,6.8121,2.61
2,"nb_glm","rolling_one_step",8,1,9,3,5.72803697062211,NA,2.19809883447728,1.44305880271401,0.279863702425075,NA,NA,7.44218571308104,2.72803697062211
2,"poisson_glm","rolling_one_step",8,1,9,3,5.70758997834984,NA,2.32888983007987,1.65145995621464,0.136332408174045,NA,NA,7.33104349086048,2.70758997834984
2,"inad_unconstrained","rolling_one_step",8,1,10,6,5.63,0.276944001195151,2.24216689082949,0.773892528470299,0.584259481355609,1,1,0.1369,0.37
2,"inad_constrained_alpha","rolling_one_step",8,1,10,6,6.4,0.305505046330389,1.9716701414377,0.735081183115339,0.507507507183232,1,1,0.16,0.4
2,"nb_glm","rolling_one_step",8,1,10,6,6.47457500011493,NA,2.2664916139485,0.863582689891645,0.568051037356536,NA,NA,0.225221430734083,0.474575000114927
2,"poisson_glm","rolling_one_step",8,1,10,6,6.47538146869327,NA,1.9217045247558,0.651352279408407,0.52054599594057,NA,NA,0.225987540776968,0.475381468693268
2,"inad_unconstrained","rolling_one_step",8,1,11,2,6.11,0.321893074661682,3.18661496264998,2.70459456463316,0.0716083728937341,0,1,16.8921,4.11
2,"inad_constrained_alpha","rolling_one_step",8,1,11,2,6.59,0.301208005581297,2.80772888329261,2.99364557674045,0.0992848692677963,1,1,21.0681,4.59
2,"nb_glm","rolling_one_step",8,1,11,2,6.47457500011493,NA,2.63777815879486,2.7457065671767,0.139516376126242,NA,NA,20.0218214316535,4.47457500011493
2,"poisson_glm","rolling_one_step",8,1,11,2,6.47538146869327,NA,3.35407478564591,3.20039539677881,0.0295749987297556,NA,NA,20.0290392903231,4.47538146869327
2,"inad_unconstrained","rolling_one_step",8,1,12,7,5.06,0.246109115982519,2.25090057079825,1.24445234026465,0.802847493315601,1,1,3.7636,1.94
2,"inad_constrained_alpha","rolling_one_step",8,1,12,7,5.23,0.277745250620824,2.32925334007621,1.12955391658972,0.751845188951896,1,1,3.1329,1.77
2,"nb_glm","rolling_one_step",8,1,12,7,5.31337870294891,NA,2.472978663268,1.28311141921774,0.727360213465528,NA,NA,2.8446913996663,1.68662129705109
2,"poisson_glm","rolling_one_step",8,1,12,7,5.28240800640065,NA,2.20356140690489,1.06644963448283,0.701018433590348,NA,NA,2.95012225647658,1.71759199359935
2,"inad_unconstrained","rolling_one_step",9,1,1,1,1.83,0.133374993491617,1.53711725085447,0.494376603223594,0.303258125865142,1,1,0.6889,0.83
2,"inad_constrained_alpha","rolling_one_step",9,1,1,1,1.68,0.129396423225043,1.10781336757036,0.358562180103066,0.259544175759254,1,1,0.4624,0.68
2,"nb_glm","rolling_one_step",9,1,1,1,2.18480161959066,NA,1.39932736086245,0.551487186172087,0.220797687352487,NA,NA,1.40375487778465,1.18480161959066
2,"poisson_glm","rolling_one_step",9,1,1,1,2.19878848600593,NA,1.43112269967522,0.623672469834964,0.181197171629263,NA,NA,1.43709383418039,1.19878848600593
2,"inad_unconstrained","rolling_one_step",9,1,2,8,4.4,0.243708718337977,2.93614017635175,2.33866006463527,0.872823685476364,0,1,12.96,3.6
2,"inad_constrained_alpha","rolling_one_step",9,1,2,8,4.48,0.242662004617222,3.35116575240466,2.2756759168242,0.90323315858764,0,1,12.3904,3.52
2,"nb_glm","rolling_one_step",9,1,2,8,4.29440105740156,NA,3.00233081233995,2.4030830581768,0.860390603030022,NA,NA,13.7314635233866,3.70559894259844
2,"poisson_glm","rolling_one_step",9,1,2,8,4.41102276278516,NA,3.0658882771757,2.32758541185044,0.889831344094551,NA,NA,12.8807576092463,3.58897723721484
2,"inad_unconstrained","rolling_one_step",9,1,3,3,3.9,0.218118677732462,1.86694910725252,0.608872396721045,0.433618115978148,1,1,0.81,0.9
2,"inad_constrained_alpha","rolling_one_step",9,1,3,3,3.81,0.225493846362766,1.77351974925705,0.611393805309735,0.364078960728799,1,1,0.6561,0.81
2,"nb_glm","rolling_one_step",9,1,3,3,3.73248267377911,NA,1.83621977412616,0.624968071770321,0.37174204276071,NA,NA,0.536530867386588,0.732482673779105
2,"poisson_glm","rolling_one_step",9,1,3,3,3.81763841469954,NA,1.65478517424287,0.582178228881861,0.374033577630505,NA,NA,0.668532577192381,0.817638414699542
2,"inad_unconstrained","rolling_one_step",9,1,4,10,5.26,0.253707857126414,3.11879236631122,3.23357753154817,0.920546188876033,0,1,22.4676,4.74
2,"inad_constrained_alpha","rolling_one_step",9,1,4,10,4.97,0.248004154412906,3.11879236631122,3.50216245767929,0.959566249742679,0,1,25.3009,5.03
2,"nb_glm","rolling_one_step",9,1,4,10,4.54818682406359,NA,3.49237277004942,3.92624619524328,0.928645431525613,NA,NA,29.7222669053139,5.45181317593641
2,"poisson_glm","rolling_one_step",9,1,4,10,4.67980985466536,NA,3.90165268370133,3.90509292425649,0.968225898780985,NA,NA,28.3044231825158,5.32019014533464
2,"inad_unconstrained","rolling_one_step",9,1,5,2,2.75,0.179435140641318,1.32357567669931,0.432136388429752,0.3337034473873,1,1,0.5625,0.75
2,"inad_constrained_alpha","rolling_one_step",9,1,5,2,2.59,0.170023765421428,1.4720503281194,0.452378123966942,0.452917445252988,1,1,0.3481,0.59
2,"nb_glm","rolling_one_step",9,1,5,2,3.06307270324796,NA,1.6362824318378,0.574866699296508,0.353271545302187,NA,NA,1.13012357239093,1.06307270324796
2,"poisson_glm","rolling_one_step",9,1,5,2,3.11430667441761,NA,1.57141563013873,0.620101500833703,0.226679993023779,NA,NA,1.24167936465164,1.11430667441761
2,"inad_unconstrained","rolling_one_step",9,1,6,3,2.53,0.205212380747657,1.7823303789392,0.554047453062481,0.618161193372584,1,1,0.2209,0.47
2,"inad_constrained_alpha","rolling_one_step",9,1,6,3,3.07,0.165910405418897,1.50375634740071,0.398079446174564,0.477589878548629,1,1,0.00489999999999998,0.0699999999999998
2,"nb_glm","rolling_one_step",9,1,6,3,3.06307270324796,NA,1.81056903149158,0.556196789187537,0.577345204323011,NA,NA,0.0039781658950056,0.063072703247963
2,"poisson_glm","rolling_one_step",9,1,6,3,3.11430667441761,NA,1.57576952723195,0.447781652307924,0.431201558577206,NA,NA,0.0130660158164137,0.114306674417611
2,"inad_unconstrained","rolling_one_step",9,1,7,8,7.83,0.322570170895443,1.93654239905171,0.767091356542617,0.501708571091842,1,1,0.0289,0.17
2,"inad_constrained_alpha","rolling_one_step",9,1,7,8,7.88,0.315677882108527,2.37217838479324,0.866133549890544,0.504720146053377,1,1,0.0144,0.12
2,"nb_glm","rolling_one_step",9,1,7,8,7.02781614436942,NA,2.52974334857996,1.18781172245553,0.599733637565386,NA,NA,0.945141449148737,0.972183855630578
2,"poisson_glm","rolling_one_step",9,1,7,8,7.18304303154286,NA,2.10589350914377,0.804557892301644,0.653906740588139,NA,NA,0.667418688310678,0.816956968457139
2,"inad_unconstrained","rolling_one_step",9,1,8,6,3.83,0.200532120402521,2.90947192926958,1.46778554500446,0.819530886634051,1,1,4.7089,2.17
2,"inad_constrained_alpha","rolling_one_step",9,1,8,6,4.02,0.246174775722494,2.93614017635175,1.42482726992921,0.808975964790402,1,1,3.9204,1.98
2,"nb_glm","rolling_one_step",9,1,8,6,4.11371878623016,NA,2.44112309847465,1.27187809780749,0.78085371570983,NA,NA,3.558056817421,1.88628121376984
2,"poisson_glm","rolling_one_step",9,1,8,6,4.13711058947541,NA,2.231831567687,1.12014789715499,0.747840349792902,NA,NA,3.47035695584467,1.86288941052459
2,"inad_unconstrained","rolling_one_step",9,1,9,3,3.56,0.207106082220994,1.5219386664839,0.507006752698645,0.42460043991209,1,1,0.3136,0.56
2,"inad_constrained_alpha","rolling_one_step",9,1,9,3,4.42,0.225263033681593,1.90235103430343,0.892133534971645,0.327222111878026,1,1,2.0164,1.42
2,"nb_glm","rolling_one_step",9,1,9,3,4.11371878623016,NA,1.90407692478714,0.764229673902148,0.422477215905281,NA,NA,1.24036953480199,1.11371878623016
2,"poisson_glm","rolling_one_step",9,1,9,3,4.13711058947541,NA,1.74739084905229,0.732804811554812,0.303013730375379,NA,NA,1.29302049269711,1.13711058947541
2,"inad_unconstrained","rolling_one_step",9,1,10,11,5.65,0.266050424323714,3.63967529697647,3.76463318714556,0.945940368659632,0,1,28.6225,5.35
2,"inad_constrained_alpha","rolling_one_step",9,1,10,11,5.33,0.223857368009456,4.02925309664136,4.3046201660271,0.983101926908346,0,0,32.1489,5.67
2,"nb_glm","rolling_one_step",9,1,10,11,5.40393525456621,NA,3.4305570379558,4.02771057351865,0.942544065250214,NA,NA,31.315940635087,5.59606474543379
2,"poisson_glm","rolling_one_step",9,1,10,11,5.47963170698294,NA,3.86328326737342,4.02711347188488,0.954135635256508,NA,NA,30.4744660905481,5.52036829301706
2,"inad_unconstrained","rolling_one_step",9,1,11,7,3.39,0.187968942201427,2.61232688351056,2.53656023966942,0.906450311301509,0,1,13.0321,3.61
2,"inad_constrained_alpha","rolling_one_step",9,1,11,7,3.49,0.17950267998337,3.30671398983382,2.50067101652893,0.937275493556126,0,1,12.3201,3.51
2,"nb_glm","rolling_one_step",9,1,11,7,3.57544250971619,NA,2.88097618673549,2.54773450816555,0.948418474132448,NA,NA,11.727594004259,3.42455749028381
2,"poisson_glm","rolling_one_step",9,1,11,7,3.58057374935629,NA,3.03899472365936,2.44713825100207,0.954173676599353,NA,NA,11.6924758835913,3.41942625064371
2,"inad_unconstrained","rolling_one_step",9,1,12,4,5.59,0.249482292240179,1.89361735433468,0.919430540166205,0.279971906724386,1,1,2.5281,1.59
2,"inad_constrained_alpha","rolling_one_step",9,1,12,4,5.92,0.246871331963544,2.16206066487855,1.11566477377655,0.27445632093439,1,1,3.6864,1.92
2,"nb_glm","rolling_one_step",9,1,12,4,5.76739764835069,NA,2.09105651019017,0.898112469815372,0.30744132294768,NA,NA,3.12369444739556,1.76739764835069
2,"poisson_glm","rolling_one_step",9,1,12,4,5.8596955567159,NA,2.01161680428562,1.02806088941523,0.274363593211944,NA,NA,3.45846756366886,1.8596955567159
2,"inad_unconstrained","rolling_one_step",10,1,1,0,1.39,0.181405845573071,1.01291756756323,0.711379647583872,0.0724767590174451,1,1,1.9321,1.39
2,"inad_constrained_alpha","rolling_one_step",10,1,1,0,1.94,0.246928607847972,1.07167405515227,0.949730767485822,0.243965105462617,1,1,3.7636,1.94
2,"nb_glm","rolling_one_step",10,1,1,0,2.13382265219639,NA,1.83845664153953,1.36259822096188,0.114058941664441,NA,NA,4.55319911102643,2.13382265219639
2,"poisson_glm","rolling_one_step",10,1,1,0,2.12999415641739,NA,2.1797799042556,1.47767736628741,0.0682878732049697,NA,NA,4.53687510637222,2.12999415641739
2,"inad_unconstrained","rolling_one_step",10,1,2,4,6.03,0.334076444406173,2.47594690841653,1.23224653472222,0.264057868243389,1,1,4.1209,2.03
2,"inad_constrained_alpha","rolling_one_step",10,1,2,4,5.71,0.374784786729179,2.1474903489003,1.07777407963937,0.346438387571084,1,1,2.9241,1.71
2,"nb_glm","rolling_one_step",10,1,2,4,4.44206191746889,NA,2.06896588248159,0.817557736242605,0.506977756894774,NA,NA,0.195418738876273,0.442061917468891
2,"poisson_glm","rolling_one_step",10,1,2,4,4.5333908682087,NA,1.79519584789696,0.67687096407241,0.469291480547615,NA,NA,0.284505818288432,0.533390868208701
2,"inad_unconstrained","rolling_one_step",10,1,3,3,2.62,0.244031791272193,2.1532500351964,0.702206797713212,0.616936113571303,1,1,0.1444,0.38
2,"inad_constrained_alpha","rolling_one_step",10,1,3,3,2.76,0.31046397341379,1.87935161070345,0.72129961160935,0.562175645343725,1,1,0.0576000000000001,0.24
2,"nb_glm","rolling_one_step",10,1,3,3,2.99160063820326,NA,1.85449840361036,0.620692996840931,0.532199559670544,NA,NA,7.05492785926016e-05,0.00839936179674394
2,"poisson_glm","rolling_one_step",10,1,3,3,3.01686817991792,NA,1.61672686649992,0.504864437419605,0.428712105335763,NA,NA,0.000284535493743177,0.0168681799179158
2,"inad_unconstrained","rolling_one_step",10,1,4,5,7.25,0.425541841169419,2.30175898803174,1.54576260501332,0.29656307645729,1,1,5.0625,2.25
2,"inad_constrained_alpha","rolling_one_step",10,1,4,5,6.5,0.517081944544322,2.30866413907043,1.43876264921947,0.398835319256354,1,1,2.25,1.5
2,"nb_glm","rolling_one_step",10,1,4,5,4.89855898719509,NA,2.29641552011386,1.12919853093824,0.497872368354122,NA,NA,0.0102902790788867,0.101441012804914
2,"poisson_glm","rolling_one_step",10,1,4,5,5.01406747916308,NA,1.95311040223814,0.906485013097822,0.389504693429946,NA,NA,0.000197893970003557,0.0140674791630753
2,"inad_unconstrained","rolling_one_step",10,1,5,0,2.01,0.198221893825882,1.53090733646666,1.09853266103316,0.127409309670288,1,1,4.0401,2.01
2,"inad_constrained_alpha","rolling_one_step",10,1,5,0,2.27,0.234350596372619,1.49006883362208,1.18271918845663,0.0643752137559932,1,1,5.1529,2.27
2,"nb_glm","rolling_one_step",10,1,5,0,2.60015247754165,NA,2.10223590990496,1.61369973078956,0.0376600600210139,NA,NA,6.76079290646599,2.60015247754165
2,"poisson_glm","rolling_one_step",10,1,5,0,2.61102979402155,NA,2.58788576569571,1.79653793383143,0.00948657103133247,NA,NA,6.81747658526824,2.61102979402155
2,"inad_unconstrained","rolling_one_step",10,1,6,8,2.48,0.191474871099647,4.01139547924135,4.2487702459216,0.972539547624482,0,0,30.4704,5.52
2,"inad_constrained_alpha","rolling_one_step",10,1,6,8,3.28,0.380079736450927,3.01212608332967,2.99292402670368,0.832819505319401,1,1,22.2784,4.72
2,"nb_glm","rolling_one_step",10,1,6,8,2.99160063820326,NA,3.75501612599329,3.07868048045002,0.855580918794608,NA,NA,25.084064167246,5.00839936179674
2,"poisson_glm","rolling_one_step",10,1,6,8,3.01686817991792,NA,4.20161631235744,3.16965281050429,0.888387360385324,NA,NA,24.8316027363146,4.98313182008208
2,"inad_unconstrained","rolling_one_step",10,1,7,7,7.31,0.452533831538448,2.51676890293678,1.0975944384,0.479061670487318,1,1,0.0960999999999998,0.31
2,"inad_constrained_alpha","rolling_one_step",10,1,7,7,5.71,0.463472837075778,2.63811289384539,1.37958790377581,0.665221658658207,1,1,1.6641,1.29
2,"nb_glm","rolling_one_step",10,1,7,7,5.96570676892944,NA,2.52624350824487,1.17247164060491,0.549276464709921,NA,NA,1.06976248783838,1.03429323107056
2,"poisson_glm","rolling_one_step",10,1,7,7,6.02225192565681,NA,2.1390497528098,0.860216650416015,0.552925845229522,NA,NA,0.955991296881812,0.977748074343188
2,"inad_unconstrained","rolling_one_step",10,1,8,3,6.02,0.414138999746596,2.01723131030186,1.91880253590529,0.112676232828896,1,1,9.1204,3.02
2,"inad_constrained_alpha","rolling_one_step",10,1,8,3,6.81,0.722746585092331,2.16136521188564,3.31461242736814,0.228124425463228,1,1,14.5161,3.81
2,"nb_glm","rolling_one_step",10,1,8,3,5.27784278160525,NA,2.36399067371557,2.83960515493381,0.183173760579525,NA,NA,5.18856773771114,2.27784278160525
2,"poisson_glm","rolling_one_step",10,1,8,3,5.30818839077804,NA,2.40385279912544,2.86614991215017,0.105016600843113,NA,NA,5.32773364732251,2.30818839077804
2,"inad_unconstrained","rolling_one_step",10,1,9,9,4.47,0.553493040113916,4.27859902034959,2.97053625208086,0.681975078284917,1,1,20.5209,4.53
2,"inad_constrained_alpha","rolling_one_step",10,1,9,9,3.98,0.446078309925352,3.69876421334648,3.24398837678044,0.792526226062671,1,1,25.2004,5.02
2,"nb_glm","rolling_one_step",10,1,9,9,4.01773151947241,NA,3.68394258465959,2.80147589388624,0.726081111894153,NA,NA,24.8229992120588,4.98226848052759
2,"poisson_glm","rolling_one_step",10,1,9,9,4.00767124083046,NA,4.12265718407614,2.88141059750936,0.743702788183318,NA,NA,24.9233464396313,4.99232875916954
2,"inad_unconstrained","rolling_one_step",10,1,10,6,9.89,0.625048684972506,2.70658069312285,2.52365301146194,0.256083608276334,1,1,15.1321,3.89
2,"inad_constrained_alpha","rolling_one_step",10,1,10,6,7.76,0.549034046155959,2.80968631766905,1.68128567609713,0.404408957753157,1,1,3.0976,1.76
2,"nb_glm","rolling_one_step",10,1,10,6,6.86383292188176,NA,2.47441649310972,1.53741543690616,0.40764106737254,NA,NA,0.746207316926771,0.863832921881755
2,"poisson_glm","rolling_one_step",10,1,10,6,6.95830443894714,NA,2.13150468849814,1.29247302275932,0.296783981866674,NA,NA,0.918347397705796,0.958304438947142
2,"inad_unconstrained","rolling_one_step",10,1,11,7,6.75,0.42530440672986,2.1474903489003,1.08419462468411,0.575405563035506,1,1,0.0625,0.25
2,"inad_constrained_alpha","rolling_one_step",10,1,11,7,6.04,0.744802868637946,3.87834979032156,2.43554818915369,0.5971564538338,1,1,0.9216,0.96
2,"nb_glm","rolling_one_step",10,1,11,7,5.63282434245935,NA,2.69398150938767,1.79768304524706,0.519218364387315,NA,NA,1.86916927857171,1.36717565754065
2,"poisson_glm","rolling_one_step",10,1,11,7,5.67636103864705,NA,2.34192923476747,1.51133838154445,0.581953557402351,NA,NA,1.75202010001151,1.32363896135295
2,"inad_unconstrained","rolling_one_step",10,1,12,13,4.58,0.392139946159196,3.7310250755647,5.28176950113379,0.890275949608675,0,1,70.8964,8.42
2,"inad_constrained_alpha","rolling_one_step",10,1,12,13,3.67,0.387703677328629,4.11404963330143,6.35931631304118,0.909559454758012,0,1,87.0489,9.33
2,"nb_glm","rolling_one_step",10,1,12,13,4.47942578599285,NA,4.36784846318908,5.50867800170699,0.90159972523534,NA,NA,72.6001849364036,8.52057421400715
2,"poisson_glm","rolling_one_step",10,1,12,13,4.48291504420759,NA,4.78356797211286,5.77294080802866,0.910466338674066,NA,NA,72.5407361441853,8.51708495579241
2,"inad_unconstrained","rolling_one_step",11,1,1,0,2.48,0.213428009294739,1.70434276898759,1.41041267754241,0.0379890428287153,1,1,6.1504,2.48
2,"inad_constrained_alpha","rolling_one_step",11,1,1,0,2.42,0.211860445777046,1.81872698888701,1.40680891262755,0.109372906403067,1,1,5.8564,2.42
2,"nb_glm","rolling_one_step",11,1,1,0,1.9651795417002,NA,1.69967597812904,1.18268874642306,0.120329823547963,NA,NA,3.86193063111702,1.9651795417002
2,"poisson_glm","rolling_one_step",11,1,1,0,1.93989257262767,NA,1.97664349446222,1.27312375004415,0.116423672224543,NA,NA,3.76318319333602,1.93989257262767
2,"inad_unconstrained","rolling_one_step",11,1,2,1,3.68,0.284934867623952,2.13919154608561,1.67752420833333,0.151486222134146,1,1,7.1824,2.68
2,"inad_constrained_alpha","rolling_one_step",11,1,2,1,4.05,0.279022463886934,2.02759188035395,1.7889413610586,0.133775324349697,1,1,9.3025,3.05
2,"nb_glm","rolling_one_step",11,1,2,1,4.30659726148753,NA,2.33540169273857,2.11675800902284,0.123264349112299,NA,NA,10.9335854496768,3.30659726148753
2,"poisson_glm","rolling_one_step",11,1,2,1,4.35313309398906,NA,2.89183154009067,2.41317557631223,0.0581833926554063,NA,NA,11.2435015460047,3.35313309398906
2,"inad_unconstrained","rolling_one_step",11,1,3,4,3.85,0.235434264560817,1.81872698888701,0.574718662308674,0.563397749026127,1,1,0.0225,0.15
2,"inad_constrained_alpha","rolling_one_step",11,1,3,4,3.59,0.271953278815656,1.7823303789392,0.68430633271776,0.552062886403629,1,1,0.1681,0.41
2,"nb_glm","rolling_one_step",11,1,3,4,3.86271642522969,NA,1.99375077939914,0.658240071598068,0.586765598544674,NA,NA,0.0188467799017157,0.137283574770311
2,"poisson_glm","rolling_one_step",11,1,3,4,3.89164776406577,NA,1.70575292313494,0.49889072937322,0.482094401717203,NA,NA,0.0117402070319475,0.108352235934232
2,"inad_unconstrained","rolling_one_step",11,1,4,2,4.39,0.25540421517922,2.16206066487855,1.39461513542629,0.165155851683465,1,1,5.7121,2.39
2,"inad_constrained_alpha","rolling_one_step",11,1,4,2,4.56,0.276091040467203,1.91959284073794,1.41190618744978,0.111703754890567,1,1,6.5536,2.56
2,"nb_glm","rolling_one_step",11,1,4,2,4.70688211729483,NA,2.12180206769028,1.52387428285776,0.160083163383595,NA,NA,7.32721079693055,2.70688211729483
2,"poisson_glm","rolling_one_step",11,1,4,2,4.77053339756765,NA,2.38805978242821,1.77784874795568,0.0827329811750269,NA,NA,7.67585530703775,2.77053339756765
2,"inad_unconstrained","rolling_one_step",11,1,5,2,2.31,0.202855872605417,1.57348489502535,0.499925900829082,0.491011612705562,1,1,0.0961,0.31
2,"inad_constrained_alpha","rolling_one_step",11,1,5,2,2.14,0.216967157594756,1.65552901963437,0.522580472364256,0.533503726312874,1,1,0.0196,0.14
2,"nb_glm","rolling_one_step",11,1,5,2,1.9651795417002,NA,1.54674745816868,0.415970750688822,0.593241414749269,NA,NA,0.00121246431620795,0.0348204582997977
2,"poisson_glm","rolling_one_step",11,1,5,2,1.93989257262767,NA,1.37518838155287,0.347953649848926,0.456303323431063,NA,NA,0.00361290282531935,0.0601074273723252
2,"inad_unconstrained","rolling_one_step",11,1,6,5,6.16,0.301082223072876,2.32925334007621,0.915202477685441,0.351530029234035,1,1,1.3456,1.16
2,"inad_constrained_alpha","rolling_one_step",11,1,6,5,6.28,0.328166008740895,2.20498570959559,0.917361852976484,0.339828795554633,1,1,1.6384,1.28
2,"nb_glm","rolling_one_step",11,1,6,5,5.73553345034705,NA,2.20836567467715,0.901463791365465,0.412453954631033,NA,NA,0.541009456579444,0.735533450347055
2,"poisson_glm","rolling_one_step",11,1,6,5,5.84790563715667,NA,1.91049311337932,0.748378689218818,0.339467909478907,NA,NA,0.718943969522058,0.84790563715667
2,"inad_unconstrained","rolling_one_step",11,1,7,6,6.38,0.446033019568568,2.54826756999615,1.25347286821705,0.483131528359661,1,1,0.1444,0.38
2,"inad_constrained_alpha","rolling_one_step",11,1,7,6,6.67,0.346134498293786,2.12238442776923,0.876619441252514,0.476051042472146,1,1,0.4489,0.67
2,"nb_glm","rolling_one_step",11,1,7,6,7.27303064125536,NA,2.44383218690814,1.370427557394,0.392127735190899,NA,NA,1.62060701357502,1.27303064125536
2,"poisson_glm","rolling_one_step",11,1,7,6,7.32229465348462,NA,2.1330272183798,1.16464325480628,0.337622087257688,NA,NA,1.74846315063402,1.32229465348462
2,"inad_unconstrained","rolling_one_step",11,1,8,3,4.68,0.281008285581861,2.10528999440993,1.08649845422117,0.33766442882704,1,1,2.8224,1.68
2,"inad_constrained_alpha","rolling_one_step",11,1,8,3,4.76,0.323840589291595,1.85381830869828,0.98752055588585,0.400272640537848,1,1,3.0976,1.76
2,"nb_glm","rolling_one_step",11,1,8,3,5.18764347561778,NA,2.08550287689474,1.17168374821212,0.339875303217867,NA,NA,4.78578397641302,2.18764347561778
2,"poisson_glm","rolling_one_step",11,1,8,3,5.16974686773119,NA,2.0983328222573,1.28713459724144,0.162405349822104,NA,NA,4.7078014700293,2.16974686773119
2,"inad_unconstrained","rolling_one_step",11,1,9,20,7.84,0.373549720839668,4.10588632266227,9.4158372480516,0.988348957108941,0,0,147.8656,12.16
2,"inad_constrained_alpha","rolling_one_step",11,1,9,20,7.23,0.342850498973626,4.80402104473326,10.0088946721311,0.998228758793004,0,0,163.0729,12.77
2,"nb_glm","rolling_one_step",11,1,9,20,8.10880489123213,NA,4.31723604167943,9.13045867622538,0.995434200986732,NA,NA,141.400521114785,11.8911951087679
2,"poisson_glm","rolling_one_step",11,1,9,20,8.19059820221808,NA,4.78288600554839,9.47450751350913,0.995160066009989,NA,NA,139.461970821455,11.8094017977819
2,"inad_unconstrained","rolling_one_step",11,1,10,4,6.06,0.318715857747615,1.85381830869828,1.10555001486326,0.329852401906512,1,1,4.2436,2.06
2,"inad_constrained_alpha","rolling_one_step",11,1,10,4,6.67,0.399508536463329,3.00396277269051,1.62224166218758,0.257743895763062,1,1,7.1289,2.67
2,"nb_glm","rolling_one_step",11,1,10,4,6.81468299676884,NA,2.34907124077323,1.63054574737214,0.274422400454589,NA,NA,7.92244037229964,2.81468299676884
2,"poisson_glm","rolling_one_step",11,1,10,4,6.8473656289395,NA,2.4219481202616,1.80739239661591,0.165472707450533,NA,NA,8.10749102486606,2.8473656289395
2,"inad_unconstrained","rolling_one_step",11,1,11,7,7.43,0.45421816499799,2.48424571123122,1.07634006556929,0.533627025555561,1,1,0.1849,0.43
2,"inad_constrained_alpha","rolling_one_step",11,1,11,7,6.76,0.346736589684825,2.28509193554653,0.89961122802062,0.60818211822162,1,1,0.0576000000000001,0.24
2,"nb_glm","rolling_one_step",11,1,11,7,7.27303064125536,NA,2.43669256546197,1.04980943150416,0.521375003395428,NA,NA,0.0745457310643108,0.273030641255356
2,"poisson_glm","rolling_one_step",11,1,11,7,7.32229465348462,NA,2.02680828969229,0.740225354729127,0.50007621781854,NA,NA,0.103873843664773,0.322294653484622
2,"inad_unconstrained","rolling_one_step",11,1,12,9,9.41,0.436722180140032,2.04639368763364,1.0883953088,0.40524848498432,1,1,0.1681,0.41
2,"inad_constrained_alpha","rolling_one_step",11,1,12,9,9.7,0.437047023797327,1.8903190170033,1.05741009362019,0.42283191871987,1,1,0.489999999999999,0.699999999999999
2,"nb_glm","rolling_one_step",11,1,12,9,9.55412577577709,NA,2.67153203507953,1.36537181919613,0.482866614089013,NA,NA,0.307055375380567,0.554125775777095
2,"poisson_glm","rolling_one_step",11,1,12,9,9.69843012008865,NA,2.20735915373647,0.958181187383365,0.424583389465916,NA,NA,0.487804632647046,0.69843012008865
2,"inad_unconstrained","rolling_one_step",12,1,1,4,0.74,0.0836297757616233,4.66343909411207,2.73523775364899,0.993329658568397,0,0,10.6276,3.26
2,"inad_constrained_alpha","rolling_one_step",12,1,1,4,0.8,0.0852802865422442,4.66343909411207,2.6644388750445,0.996306036678055,0,0,10.24,3.2
2,"nb_glm","rolling_one_step",12,1,1,4,1.50812338369661,NA,2.76058174562332,1.96257696361423,0.948948951286212,NA,NA,6.20944907087964,2.49187661630339
2,"poisson_glm","rolling_one_step",12,1,1,4,1.55565587748864,NA,2.81808182889077,1.86904311226381,0.995989891863511,NA,NA,5.97481818925582,2.44434412251136
2,"inad_unconstrained","rolling_one_step",12,1,2,4,1.51,0.146676996881384,3.3247324953365,1.70986558514031,0.885480463983487,0,1,6.2001,2.49
2,"inad_constrained_alpha","rolling_one_step",12,1,2,4,1.35,0.134370962471642,2.88207295508147,1.90952722050754,0.937569893873555,0,1,7.0225,2.65
2,"nb_glm","rolling_one_step",12,1,2,4,2.11437575307022,NA,2.37390641356764,1.19075525275641,0.780611739429762,NA,NA,3.55557880060951,1.88562424692978
2,"poisson_glm","rolling_one_step",12,1,2,4,2.20339041849376,NA,2.23745086068604,1.09131209725089,0.808785725901636,NA,NA,3.22780598836004,1.79660958150624
2,"inad_unconstrained","rolling_one_step",12,1,3,2,3.04,0.180302775655537,1.40410977504395,0.58520194789384,0.216032951877847,1,1,1.0816,1.04
2,"inad_constrained_alpha","rolling_one_step",12,1,3,2,2.93,0.198099556646234,1.56451622504259,0.586601241782323,0.435647007470346,1,1,0.8649,0.93
2,"nb_glm","rolling_one_step",12,1,3,2,3.30498048468079,NA,1.7022082306508,0.683710899418333,0.311638184638472,NA,NA,1.70297406539771,1.30498048468079
2,"poisson_glm","rolling_one_step",12,1,3,2,3.49090314520945,NA,1.72322250301353,0.825022842350872,0.19359130286182,NA,NA,2.22279218839543,1.49090314520945
2,"inad_unconstrained","rolling_one_step",12,1,4,2,1.87,0.169166106880698,1.97400763421984,0.492651148893191,0.553813797760832,1,1,0.0169,0.13
2,"inad_constrained_alpha","rolling_one_step",12,1,4,2,1.76,0.146418522866418,1.50375634740071,0.394139382206885,0.534794298691756,1,1,0.0576,0.24
2,"nb_glm","rolling_one_step",12,1,4,2,2.57645561459413,NA,1.54386993221025,0.438180229167138,0.468862473319215,NA,NA,0.332301075597096,0.57645561459413
2,"poisson_glm","rolling_one_step",12,1,4,2,2.70100179064597,NA,1.43733093539455,0.445786839264325,0.42292245145869,NA,NA,0.491403510488859,0.701001790645972
2,"inad_unconstrained","rolling_one_step",12,1,5,3,2.08,0.170370955935167,2.05218016909598,0.682292297520661,0.717703456849452,1,1,0.8464,0.92
2,"inad_constrained_alpha","rolling_one_step",12,1,5,3,1.78,0.131487219488773,1.84876678816933,0.746446561737228,0.872676956203911,1,1,1.4884,1.22
2,"nb_glm","rolling_one_step",12,1,5,3,2.57645561459413,NA,1.7859583365,0.54814802307517,0.643325746767136,NA,NA,0.179389846408836,0.42354438540587
2,"poisson_glm","rolling_one_step",12,1,5,3,2.70100179064597,NA,1.55156489491199,0.424998778267537,0.575836560040808,NA,NA,0.0893999291969154,0.298998209354028
2,"inad_unconstrained","rolling_one_step",12,1,6,1,3.97,0.277963372341818,2.32044271039405,1.6764092332994,0.143856925262278,1,1,8.8209,2.97
2,"inad_constrained_alpha","rolling_one_step",12,1,6,1,2.9,0.22315460962745,1.48110016363932,0.95738018018018,0.204028128745152,1,1,3.61,1.9
2,"nb_glm","rolling_one_step",12,1,6,1,3.61216816823481,NA,2.00584155309944,1.45512529901409,0.18588573406626,NA,NA,6.82342253913918,2.61216816823481
2,"poisson_glm","rolling_one_step",12,1,6,1,3.825628503041,NA,2.48345144010725,1.83438228161731,0.0387533248314659,NA,NA,7.98417643719775,2.825628503041
2,"inad_unconstrained","rolling_one_step",12,1,7,4,6.34,0.290669724754555,2.95353191906361,1.41884366825208,0.236660005421546,1,1,5.4756,2.34
2,"inad_constrained_alpha","rolling_one_step",12,1,7,4,4.54,0.222211110833319,1.7823303789392,0.576140120036935,0.506453645736665,1,1,0.2916,0.54
2,"nb_glm","rolling_one_step",12,1,7,4,5.22974240359491,NA,2.07770715228773,0.861255840818576,0.439802414381462,NA,NA,1.5122663791994,1.22974240359491
2,"poisson_glm","rolling_one_step",12,1,7,4,5.49110024765166,NA,1.93313621588512,0.9082021251923,0.280231295473641,NA,NA,2.22337994854686,1.49110024765166
2,"inad_unconstrained","rolling_one_step",12,1,8,0,3.37,0.195739984198787,2.76405381978994,2.35486187021684,0.0315258843729056,0,1,11.3569,3.37
2,"inad_constrained_alpha","rolling_one_step",12,1,8,0,3.68,0.199433541245542,3.30671398983382,2.5490146446281,0.00908304051519371,0,1,13.5424,3.68
2,"nb_glm","rolling_one_step",12,1,8,0,3.98111534638286,NA,2.8147103116486,2.49898678390061,0.0467284128073782,NA,NA,15.8492794012051,3.98111534638286
2,"poisson_glm","rolling_one_step",12,1,8,0,4.1457693139269,NA,3.76004657835779,3.00352106648597,0.022440358843484,NA,NA,17.1874032042979,4.1457693139269
2,"inad_unconstrained","rolling_one_step",12,1,9,13,14.63,0.534970026536935,2.7355682299961,1.6405284744898,0.416064793918481,1,1,2.6569,1.63
2,"inad_constrained_alpha","rolling_one_step",12,1,9,13,10.89,0.39103462865593,2.49247621036774,1.45710040983607,0.68126743689126,1,1,4.4521,2.11
2,"nb_glm","rolling_one_step",12,1,9,13,8.93441433524895,NA,3.25737077554226,2.42364622010852,0.692408607496433,NA,NA,16.5289867974293,4.06558566475105
2,"poisson_glm","rolling_one_step",12,1,9,13,9.53390259127663,NA,2.95237997488195,1.93765890973708,0.74254431569788,NA,NA,12.0138312467588,3.46609740872337
2,"inad_unconstrained","rolling_one_step",12,1,10,2,4.49,0.212486482041811,2.07019867459866,1.41869417251275,0.0666067867379128,1,1,6.2001,2.49
2,"inad_constrained_alpha","rolling_one_step",12,1,10,2,4.15,0.246746506325497,1.7166834427877,1.25104726371732,0.0783388372430167,1,1,4.6225,2.15
2,"nb_glm","rolling_one_step",12,1,10,2,4.4386018959129,NA,2.06073199916526,1.4133323271499,0.147476812404855,NA,NA,5.94677920674998,2.4386018959129
2,"poisson_glm","rolling_one_step",12,1,10,2,4.6373892743173,NA,2.32695044077202,1.70831153318702,0.160316847551575,NA,NA,6.95582218428395,2.6373892743173
2,"inad_unconstrained","rolling_one_step",12,1,11,7,6.77,0.330244782186814,2.30998948716826,0.826679635850578,0.512741033519412,1,1,0.0529000000000002,0.23
2,"inad_constrained_alpha","rolling_one_step",12,1,11,7,5.47,0.301663736801443,2.6740204525159,1.15133979837826,0.679230322158541,1,1,2.3409,1.53
2,"nb_glm","rolling_one_step",12,1,11,7,5.58148878902407,NA,2.5186083441273,1.17626797808707,0.619793288291123,NA,NA,2.01217405566441,1.41851121097593
2,"poisson_glm","rolling_one_step",12,1,11,7,5.87195954823798,NA,2.1236985392647,0.839588069920936,0.580587866268205,NA,NA,1.27247526081147,1.12804045176202
2,"inad_unconstrained","rolling_one_step",12,1,12,3,7.04,0.327191909213149,2.9874334707393,2.48349630555556,0.10040555777717,1,1,16.3216,4.04
2,"inad_constrained_alpha","rolling_one_step",12,1,12,3,5.5,0.25524794837866,2.17945240759042,1.52224710166469,0.146636489135823,1,1,6.25,2.5
2,"nb_glm","rolling_one_step",12,1,12,3,6.22288091790353,NA,2.33059573799677,1.81024463825128,0.177294986455528,NA,NA,10.3869614109867,3.22288091790353
2,"poisson_glm","rolling_one_step",12,1,12,3,6.56827724030572,NA,2.74645675400235,2.32988827701695,0.115993282078311,NA,NA,12.7326024636838,3.56827724030572
2,"inad_unconstrained","recursive_multi_step",9,1,1,1,1.98,0.161420462322983,1.21597110239274,0.482750340880397,0.402739104313943,1,1,0.9604,0.98
2,"inad_constrained_alpha","recursive_multi_step",9,1,1,1,1.93,0.13944695961352,1.38592745596076,0.509299713828802,0.355705961197692,1,1,0.8649,0.93
2,"nb_glm","recursive_multi_step",9,1,1,1,2.18480161959066,NA,1.42120426260271,0.584782681332753,0.322475108321191,NA,NA,1.40375487778465,1.18480161959066
2,"poisson_glm","recursive_multi_step",9,1,1,1,2.19878848600593,NA,1.44549372530462,0.644602515321136,0.29132050576471,NA,NA,1.43709383418039,1.19878848600593
2,"inad_unconstrained","recursive_multi_step",9,1,2,8,4.46,0.233731262415414,3.10998173662906,2.29853991698645,0.900040666013132,0,1,12.5316,3.54
2,"inad_constrained_alpha","recursive_multi_step",9,1,2,8,4.53,0.273198414595279,4.03806372632351,2.30166481224992,0.864911636680042,1,1,12.0409,3.47
2,"nb_glm","recursive_multi_step",9,1,2,8,4.29440105740156,NA,2.98917036823905,2.46056976120459,0.857051835082548,NA,NA,13.7314635233866,3.70559894259844
2,"poisson_glm","recursive_multi_step",9,1,2,8,4.41102276278516,NA,3.05673935726975,2.36761004799642,0.887726372787918,NA,NA,12.8807576092463,3.58897723721484
2,"inad_unconstrained","recursive_multi_step",9,1,3,3,3.93,0.200632837176608,1.71331143897035,0.605919905931123,0.365590442656872,1,1,0.8649,0.93
2,"inad_constrained_alpha","recursive_multi_step",9,1,3,3,3.53,0.209113086219593,1.86694910725252,0.543489221654087,0.386721456344953,1,1,0.2809,0.53
2,"nb_glm","recursive_multi_step",9,1,3,3,3.73248267377911,NA,1.82035793695895,0.599916113687812,0.506284143755707,NA,NA,0.536530867386588,0.732482673779105
2,"poisson_glm","recursive_multi_step",9,1,3,3,3.81763841469954,NA,1.64464328452516,0.566166010172798,0.304369760401413,NA,NA,0.668532577192381,0.817638414699542
2,"inad_unconstrained","recursive_multi_step",9,1,4,10,5.06,0.263549968428353,4.75359019110636,3.36586786563615,0.927085395463148,0,1,24.4036,4.94
2,"inad_constrained_alpha","recursive_multi_step",9,1,4,10,5.46,0.272444971739731,2.7904870768581,2.95385779962193,0.901639233061801,0,1,20.6116,4.54
2,"nb_glm","recursive_multi_step",9,1,4,10,4.54818682406359,NA,3.51901238810507,3.72776660790231,0.92644112145049,NA,NA,29.7222669053139,5.45181317593641
2,"poisson_glm","recursive_multi_step",9,1,4,10,4.67980985466536,NA,3.91995641882402,3.76703389813764,0.945496600160997,NA,NA,28.3044231825158,5.32019014533464
2,"inad_unconstrained","recursive_multi_step",9,1,5,2,2.5,0.17950549357115,1.3766976995896,0.417925398596939,0.286938658657455,1,1,0.25,0.5
2,"inad_constrained_alpha","recursive_multi_step",9,1,5,2,2.3,0.164838457805565,1.43281437675478,0.365463867768595,0.418330586633941,1,1,0.0899999999999999,0.3
2,"nb_glm","recursive_multi_step",9,1,5,2,3.06307270324796,NA,1.67026061273349,0.63268436988773,0.380086755948137,NA,NA,1.13012357239093,1.06307270324796
2,"poisson_glm","recursive_multi_step",9,1,5,2,3.11430667441761,NA,1.59351146588079,0.656415479489582,0.276743275753547,NA,NA,1.24167936465164,1.11430667441761
2,"inad_unconstrained","recursive_multi_step",9,1,6,3,2.58,0.178761169037226,1.54860691356606,0.446129932286857,0.535622406456775,1,1,0.1764,0.42
2,"inad_constrained_alpha","recursive_multi_step",9,1,6,3,2.58,0.18267374460961,1.48110016363932,0.467565846928009,0.607634358225088,1,1,0.1764,0.42
2,"nb_glm","recursive_multi_step",9,1,6,3,3.06307270324796,NA,1.81056903149158,0.556196789187537,0.450186987981709,NA,NA,0.0039781658950056,0.063072703247963
2,"poisson_glm","recursive_multi_step",9,1,6,3,3.11430667441761,NA,1.57576952723195,0.447781652307924,0.404413238237218,NA,NA,0.0130660158164137,0.114306674417611
2,"inad_unconstrained","recursive_multi_step",9,1,7,8,7.26,0.281633044434015,2.34664508278808,0.842453730677765,0.663084321414956,1,1,0.5476,0.74
2,"inad_constrained_alpha","recursive_multi_step",9,1,7,8,8,0.343481874310418,2.39707593641497,0.914760104810535,0.570074290937523,1,1,0,0
2,"nb_glm","recursive_multi_step",9,1,7,8,7.02781614436942,NA,2.56610338724143,1.20372858359043,0.588034563912096,NA,NA,0.945141449148737,0.972183855630578
2,"poisson_glm","recursive_multi_step",9,1,7,8,7.18304303154286,NA,2.13118650320157,0.819341315358729,0.551576205443082,NA,NA,0.667418688310678,0.816956968457139
2,"inad_unconstrained","recursive_multi_step",9,1,8,6,4.01,0.249644191244704,2.00115862328579,1.22184653220663,0.823642466307751,1,1,3.9601,1.99
2,"inad_constrained_alpha","recursive_multi_step",9,1,8,6,4.36,0.241844761962894,2.45062910043224,1.07677386222514,0.774080535967985,1,1,2.6896,1.64
2,"nb_glm","recursive_multi_step",9,1,8,6,4.11371878623016,NA,2.47400196959914,1.23260934497755,0.69571537084742,NA,NA,3.558056817421,1.88628121376984
2,"poisson_glm","recursive_multi_step",9,1,8,6,4.13711058947541,NA,2.25813267292445,1.08717392646106,0.790925087221617,NA,NA,3.47035695584467,1.86288941052459
2,"inad_unconstrained","recursive_multi_step",9,1,9,3,4.15,0.243864095286077,1.77351974925705,0.756530386091315,0.378272088736675,1,1,1.3225,1.15
2,"inad_constrained_alpha","recursive_multi_step",9,1,9,3,4.04,0.223344640147975,1.77351974925705,0.63874029289686,0.33488497119059,1,1,1.0816,1.04
2,"nb_glm","recursive_multi_step",9,1,9,3,4.11371878623016,NA,1.87678523663499,0.707933538337976,0.396324315438933,NA,NA,1.24036953480199,1.11371878623016
2,"poisson_glm","recursive_multi_step",9,1,9,3,4.13711058947541,NA,1.72885676804547,0.697027417175836,0.275556145328004,NA,NA,1.29302049269711,1.13711058947541
2,"inad_unconstrained","recursive_multi_step",9,1,10,11,5.67,0.294753792138113,4.06403921272677,3.54009412667105,0.92045829545999,0,1,28.4089,5.33
2,"inad_constrained_alpha","recursive_multi_step",9,1,10,11,5.6,0.233981782939345,3.63094161700772,4.01177814712219,0.956369966554553,0,1,29.16,5.4
2,"nb_glm","recursive_multi_step",9,1,10,11,5.40393525456621,NA,3.46044397356924,3.80053731405388,0.909743301818476,NA,NA,31.315940635087,5.59606474543379
2,"poisson_glm","recursive_multi_step",9,1,10,11,5.47963170698294,NA,3.88179135443109,3.88317104333043,0.956181547341371,NA,NA,30.4744660905481,5.52036829301706
2,"inad_unconstrained","recursive_multi_step",9,1,11,7,3.63,0.194185686414012,3.09212411922906,2.3161383248113,0.932015916862869,0,1,11.3569,3.37
2,"inad_constrained_alpha","recursive_multi_step",9,1,11,7,3.32,0.189032625050104,3.10109278921182,2.5169544005102,0.94429998460442,0,1,13.5424,3.68
2,"nb_glm","recursive_multi_step",9,1,11,7,3.57544250971619,NA,2.92717282184373,2.33067586314599,0.880204234920218,NA,NA,11.727594004259,3.42455749028381
2,"poisson_glm","recursive_multi_step",9,1,11,7,3.58057374935629,NA,3.06634733985806,2.31983922848535,0.91135383004796,NA,NA,11.6924758835913,3.41942625064371
2,"inad_unconstrained","recursive_multi_step",9,1,12,4,5.66,0.285055372965615,1.98025388512909,1.03217389144569,0.304807058423638,1,1,2.7556,1.66
2,"inad_constrained_alpha","recursive_multi_step",9,1,12,4,5.94,0.276639283055196,2.32925334007621,1.13520574022776,0.32311791331687,1,1,3.7636,1.94
2,"nb_glm","recursive_multi_step",9,1,12,4,5.76739764835069,NA,2.14825427897493,1.04049031900114,0.328428713232709,NA,NA,3.12369444739556,1.76739764835069
2,"poisson_glm","recursive_multi_step",9,1,12,4,5.8596955567159,NA,2.0437870886086,1.10472079324279,0.296082576495685,NA,NA,3.45846756366886,1.8596955567159
2,"inad_unconstrained","recursive_multi_step",10,2,1,0,2.18,0.295549479697554,1.23900557784171,1.27383801397474,0.170611824993098,1,1,4.7524,2.18
2,"inad_constrained_alpha","recursive_multi_step",10,2,1,0,2.52,0.26760441179495,1.51650209069024,1.36950280529301,0.0454622331295648,1,1,6.3504,2.52
2,"nb_glm","recursive_multi_step",10,2,1,0,2.67703641599957,NA,2.23585613119218,1.93923802907013,0.0376414223645321,NA,NA,7.16652397258781,2.67703641599957
2,"poisson_glm","recursive_multi_step",10,2,1,0,2.69653042349636,NA,2.74844345418807,2.10386146190539,0.0325102615826093,NA,NA,7.27127632484147,2.69653042349636
2,"inad_unconstrained","recursive_multi_step",10,2,2,4,3.8,0.300840573236142,1.7823303789392,0.745566143428747,0.583671096032363,1,1,0.0400000000000001,0.2
2,"inad_constrained_alpha","recursive_multi_step",10,2,2,4,4.12,0.38724095283887,2.42136862898401,1.0229750272,0.537362579444014,1,1,0.0144,0.12
2,"nb_glm","recursive_multi_step",10,2,2,4,3.42970935465718,NA,2.11449720745429,0.824341854347983,0.524724793963851,NA,NA,0.325231420165533,0.570290645342823
2,"poisson_glm","recursive_multi_step",10,2,2,4,3.51119531903662,NA,1.82758523946975,0.660254103028266,0.522384900832715,NA,NA,0.238930016131709,0.488804680963378
2,"inad_unconstrained","recursive_multi_step",10,2,3,3,3.49,0.295246857850693,1.74840275878162,0.687121365933413,0.478470191501787,1,1,0.2401,0.49
2,"inad_constrained_alpha","recursive_multi_step",10,2,3,3,2.78,0.291835016349438,2.54751599849316,0.815718475029727,0.589212731910741,1,1,0.0484000000000001,0.22
2,"nb_glm","recursive_multi_step",10,2,3,3,3.24715947773646,NA,1.8339759629062,0.599861805562201,0.488636073251264,NA,NA,0.0610878074349612,0.247159477736463
2,"poisson_glm","recursive_multi_step",10,2,3,3,3.31223635195107,NA,1.6057007131154,0.499064337671084,0.415780086777625,NA,NA,0.0974915394797144,0.312236351951073
2,"inad_unconstrained","recursive_multi_step",10,2,4,5,4.18,0.334959668912512,2.58971635298354,1.07543897274776,0.603359628298035,1,1,0.6724,0.82
2,"inad_constrained_alpha","recursive_multi_step",10,2,4,5,3.53,0.306645256169589,2.30175898803174,1.09496637524759,0.631572454359078,1,1,2.1609,1.47
2,"nb_glm","recursive_multi_step",10,2,4,5,3.50889036469173,NA,2.34954993562223,1.01436948321222,0.668328404892004,NA,NA,2.22340794450915,1.49110963530827
2,"poisson_glm","recursive_multi_step",10,2,4,5,3.59773004209507,NA,2.09487206667224,0.847853319577773,0.636750756528702,NA,NA,1.9663610348427,1.40226995790493
2,"inad_unconstrained","recursive_multi_step",10,2,5,0,2.87,0.355236441392109,1.49037011932835,1.62800980124308,0.0784679495638298,1,1,8.2369,2.87
2,"inad_constrained_alpha","recursive_multi_step",10,2,5,0,3.2,0.465800061152526,1.47198429754723,2.1871987144169,0.0736333616584483,1,1,10.24,3.2
2,"nb_glm","recursive_multi_step",10,2,5,0,3.01450377233304,NA,2.5084710676766,2.5895570877168,0.0210360300282097,NA,NA,9.08723299341013,3.01450377233304
2,"poisson_glm","recursive_multi_step",10,2,5,0,3.05986042225167,NA,3.13598433691572,2.77841288131777,0.0343066267391341,NA,NA,9.36274580366216,3.05986042225167
2,"inad_unconstrained","recursive_multi_step",10,2,6,8,2.6,0.262081797702299,3.62213098732556,3.81233446628553,0.943803195923286,0,1,29.16,5.4
2,"inad_constrained_alpha","recursive_multi_step",10,2,6,8,3.16,0.356956834670779,2.96211566275501,3.19366545401417,0.84517272269606,1,1,23.4256,4.84
2,"nb_glm","recursive_multi_step",10,2,6,8,3.01450377233304,NA,3.68952207083158,3.32930379290256,0.913103754829208,NA,NA,24.8551726360815,4.98549622766696
2,"poisson_glm","recursive_multi_step",10,2,6,8,3.05986042225167,NA,4.11891096321748,3.41403717021557,0.93153815799945,NA,NA,24.4049790476355,4.94013957774833
2,"inad_unconstrained","recursive_multi_step",10,2,7,7,6.82,0.584890562154126,2.59372994407291,1.55019831001372,0.529424473654496,1,1,0.0323999999999999,0.18
2,"inad_constrained_alpha","recursive_multi_step",10,2,7,7,5.79,0.418099355066557,2.35015552889359,1.24292824725649,0.579860155225482,1,1,1.4641,1.21
2,"nb_glm","recursive_multi_step",10,2,7,7,5.64236330419684,NA,2.61469605416123,1.37212934418753,0.548332947331977,NA,NA,1.84317739779131,1.35763669580316
2,"poisson_glm","recursive_multi_step",10,2,7,7,5.74121843414774,NA,2.24996517694833,1.07680554675341,0.593694294427509,NA,NA,1.58453103052946,1.25878156585226
2,"inad_unconstrained","recursive_multi_step",10,2,8,3,5.04,0.474590732775476,3.01212608332967,1.5125205763765,0.420666198352166,1,1,4.1616,2.04
2,"inad_constrained_alpha","recursive_multi_step",10,2,8,3,5.31,0.653459326132156,1.96611285637283,1.9171060312217,0.311123542859572,1,1,5.3361,2.31
2,"nb_glm","recursive_multi_step",10,2,8,3,4.52880329005436,NA,2.14648089467385,1.70132107580668,0.307577398744283,NA,NA,2.33723949968102,1.52880329005436
2,"poisson_glm","recursive_multi_step",10,2,8,3,4.54423557540301,NA,2.04141938828336,1.65917561819355,0.26558977264817,NA,NA,2.38466351234027,1.54423557540301
2,"inad_unconstrained","recursive_multi_step",10,2,9,9,4.77,0.416540586985303,3.21090765521902,2.4931078336,0.756504658355713,1,1,17.8929,4.23
2,"inad_constrained_alpha","recursive_multi_step",10,2,9,9,4.44,0.427895956390043,2.88183685544633,2.74779680020156,0.784150243570496,1,1,20.7936,4.56
2,"nb_glm","recursive_multi_step",10,2,9,9,4.52880329005436,NA,3.31736291682206,2.5600885317172,0.824360689334804,NA,NA,19.9916000190288,4.47119670994564
2,"poisson_glm","recursive_multi_step",10,2,9,9,4.54423557540301,NA,3.59953681257443,2.62726059395791,0.858082563707282,NA,NA,19.8538366075041,4.45576442459699
2,"inad_unconstrained","recursive_multi_step",10,2,10,6,5.56,0.521326978183384,2.33113699492249,1.46275626886145,0.506733783124774,1,1,0.1936,0.44
2,"inad_constrained_alpha","recursive_multi_step",10,2,10,6,5.72,0.820332526811813,3.54164921713125,4.47972676707623,0.417653629132707,1,1,0.0784000000000001,0.28
2,"nb_glm","recursive_multi_step",10,2,10,6,5.05376345678231,NA,2.73494873783714,4.00776303897969,0.411896952222486,NA,NA,0.895363595720559,0.946236543217688
2,"poisson_glm","recursive_multi_step",10,2,10,6,5.10620904294251,NA,2.38238451061802,3.75778287523926,0.456377863050813,NA,NA,0.798862274917736,0.893790957057486
2,"inad_unconstrained","recursive_multi_step",10,2,11,7,4.93,0.552543247541801,2.96553587432297,1.94816874100911,0.63687655554979,1,1,4.2849,2.07
2,"inad_constrained_alpha","recursive_multi_step",10,2,11,7,4.97,0.65542876705777,3.80001794705165,2.40222433470508,0.629570975360254,1,1,4.1209,2.03
2,"nb_glm","recursive_multi_step",10,2,11,7,4.28979442199795,NA,2.87837124354275,1.69551235562057,0.666258581445657,NA,NA,7.34521427503344,2.71020557800205
2,"poisson_glm","recursive_multi_step",10,2,11,7,4.28994429473171,NA,2.7983964505954,1.60093234594986,0.741156104943648,NA,NA,7.3444019256572,2.71005570526829
2,"inad_unconstrained","recursive_multi_step",10,2,12,13,7.11,0.57346985689544,4.17706260113017,3.4656018122487,0.776037904178734,1,1,34.6921,5.89
2,"inad_constrained_alpha","recursive_multi_step",10,2,12,13,5.7,0.613237805472401,4.27167857750502,4.21482255015432,0.725823150933251,0,1,53.29,7.3
2,"nb_glm","recursive_multi_step",10,2,12,13,5.19161004834153,NA,4.23258442446106,4.16210684710512,0.778974781051521,NA,NA,60.970953637161,7.80838995165847
2,"poisson_glm","recursive_multi_step",10,2,12,13,5.25448751316601,NA,4.78981492548098,4.33707049044546,0.794568652700928,NA,NA,59.9929636837013,7.74551248683399
2,"inad_unconstrained","recursive_multi_step",11,3,1,0,3.09,0.272695115949344,2.28509193554653,2.00753114186851,0.0384542770581046,1,1,9.5481,3.09
2,"inad_constrained_alpha","recursive_multi_step",11,3,1,0,3.26,0.263473303805493,2.42465361402898,2.00941694367498,0.0746883203119464,0,1,10.6276,3.26
2,"nb_glm","recursive_multi_step",11,3,1,0,3.70740175405485,NA,2.76632811150262,2.57215023155479,0.0428850499643905,NA,NA,13.7448277659689,3.70740175405485
2,"poisson_glm","recursive_multi_step",11,3,1,0,3.74046170116391,NA,3.55591962252833,2.85525776774607,0.0139690065174417,NA,NA,13.991053737874,3.74046170116391
2,"inad_unconstrained","recursive_multi_step",11,3,2,1,3.47,0.227616104239333,2.00115862328579,1.43518860809949,0.0869743183058952,1,1,6.1009,2.47
2,"inad_constrained_alpha","recursive_multi_step",11,3,2,1,4.39,0.379232345293979,1.86641349614974,2.05536694198751,0.186678186812956,1,1,11.4921,3.39
2,"nb_glm","recursive_multi_step",11,3,2,1,4.05971457737814,NA,2.27650787126488,2.09557900779553,0.150511021347487,NA,NA,9.3618532950203,3.05971457737814
2,"poisson_glm","recursive_multi_step",11,3,2,1,4.133941901437,NA,2.78053812242151,2.3649424287233,0.0327847706874438,NA,NA,9.82159184158256,3.133941901437
2,"inad_unconstrained","recursive_multi_step",11,3,3,4,3.77,0.333894981372674,2.27665306690066,0.884453411376041,0.544742783480008,1,1,0.0529,0.23
2,"inad_constrained_alpha","recursive_multi_step",11,3,3,4,3.5,0.269117525301201,2.17945240759042,0.79584420332937,0.625298413823134,1,1,0.25,0.5
2,"nb_glm","recursive_multi_step",11,3,3,4,3.97727886402747,NA,2.03228562963687,0.710745726531337,0.587959290208722,NA,NA,0.000516250019882414,0.0227211359725348
2,"poisson_glm","recursive_multi_step",11,3,3,4,4.04135212721639,NA,1.73920483065211,0.54690839244509,0.410316356250008,NA,NA,0.00170999842532022,0.0413521272163866
2,"inad_unconstrained","recursive_multi_step",11,3,4,2,3.96,0.313958113400015,2.02759188035395,1.06386111153119,0.338770120202928,1,1,3.8416,1.96
2,"inad_constrained_alpha","recursive_multi_step",11,3,4,2,3.79,0.306921830603511,2.45913979010015,1.16531332232117,0.32326664605979,1,1,3.2041,1.79
2,"nb_glm","recursive_multi_step",11,3,4,2,4.09492892151092,NA,1.97102516681052,1.23320211140375,0.204496388262043,NA,NA,4.38872718618292,2.09492892151092
2,"poisson_glm","recursive_multi_step",11,3,4,2,4.17357727792646,NA,2.09350488164479,1.38959474957176,0.149624195485727,NA,NA,4.72443818311821,2.17357727792646
2,"inad_unconstrained","recursive_multi_step",11,3,5,2,3.33,0.288869268953024,2.03624994309706,0.875965197681332,0.370781961116289,1,1,1.7689,1.33
2,"inad_constrained_alpha","recursive_multi_step",11,3,5,2,4.04,0.315882601897949,2.10528999440993,1.16636796967895,0.295674512566665,1,1,4.1616,2.04
2,"nb_glm","recursive_multi_step",11,3,5,2,3.86953769511287,NA,1.89531065460899,1.06484024897217,0.256334608763908,NA,NA,3.49517119344793,1.86953769511287
2,"poisson_glm","recursive_multi_step",11,3,5,2,3.920787341509,NA,1.95685518526104,1.1794517898067,0.225273795895595,NA,NA,3.68942401130119,1.920787341509
2,"inad_unconstrained","recursive_multi_step",11,3,6,5,3.41,0.234884454723396,2.07019867459866,1.02507277582908,0.821728506830113,1,1,2.5281,1.59
2,"inad_constrained_alpha","recursive_multi_step",11,3,6,5,3.83,0.311417417754383,2.48424571123122,1.07016373881565,0.630497157466213,1,1,1.3689,1.17
2,"nb_glm","recursive_multi_step",11,3,6,5,3.86953769511287,NA,2.28287321499751,0.927242150996208,0.600478128632611,NA,NA,1.27794502277073,1.13046230488713
2,"poisson_glm","recursive_multi_step",11,3,6,5,3.920787341509,NA,1.99481242964797,0.743104900459572,0.639645981331257,NA,NA,1.16469996224722,1.079212658491
2,"inad_unconstrained","recursive_multi_step",11,3,7,6,6.7,0.380987552488943,2.39707593641497,1.06156466003762,0.513813928634684,1,1,0.49,0.7
2,"inad_constrained_alpha","recursive_multi_step",11,3,7,6,5.7,0.389897681475797,2.36373951614738,1.03999876472278,0.568590899781143,1,1,0.0899999999999999,0.3
2,"nb_glm","recursive_multi_step",11,3,7,6,6.64267738060654,NA,2.35260951674227,1.03312706171553,0.443218124683748,NA,NA,0.413034215543285,0.642677380606541
2,"poisson_glm","recursive_multi_step",11,3,7,6,6.71904688179504,NA,1.99533592603889,0.797466405846527,0.446549356151853,NA,NA,0.517028418219167,0.719046881795038
2,"inad_unconstrained","recursive_multi_step",11,3,8,3,6.29,0.4468283289537,2.29346018521705,1.84004424305556,0.25024687485587,1,1,10.8241,3.29
2,"inad_constrained_alpha","recursive_multi_step",11,3,8,3,6.66,0.449066371553923,2.31815279780742,2.12677067882874,0.14102426654451,1,1,13.3956,3.66
2,"nb_glm","recursive_multi_step",11,3,8,3,6.0742878357753,NA,2.32913431262067,1.85549766177909,0.17313890072819,NA,NA,9.451245697196,3.0742878357753
2,"poisson_glm","recursive_multi_step",11,3,8,3,6.09077211266161,NA,2.54938940885862,2.07968668247632,0.110589691497623,NA,NA,9.55287225240671,3.09077211266161
2,"inad_unconstrained","recursive_multi_step",11,3,9,20,6.32,0.433421902370595,4.80402104473326,10.3516316984682,0.992006013248131,0,0,187.1424,13.68
2,"inad_constrained_alpha","recursive_multi_step",11,3,9,20,5.69,0.368369324993219,4.80402104473326,11.1293703775867,0.996041407245669,0,0,204.7761,14.31
2,"nb_glm","recursive_multi_step",11,3,9,20,6.0742878357753,NA,4.67800211965027,10.8666194752191,0.993397297766985,NA,NA,193.925459280836,13.9257121642247
2,"poisson_glm","recursive_multi_step",11,3,9,20,6.09077211266161,NA,4.80355570337462,11.2970815221413,0.996076804875086,NA,NA,193.466620421912,13.9092278873384
2,"inad_unconstrained","recursive_multi_step",11,3,10,4,6.13,0.458071274944514,2.55598961609007,1.65221526035503,0.300948070828194,1,1,4.5369,2.13
2,"inad_constrained_alpha","recursive_multi_step",11,3,10,4,6.19,0.542291248297258,2.85348894032745,2.17207394387755,0.31308763741163,1,1,4.7961,2.19
2,"nb_glm","recursive_multi_step",11,3,10,4,6.34891042495169,NA,2.42077264286849,2.24313942495398,0.258146448216269,NA,NA,5.51738018444674,2.34891042495169
2,"poisson_glm","recursive_multi_step",11,3,10,4,6.39336773123928,NA,2.3952905955665,2.25852531359676,0.142196650239604,NA,NA,5.72820909693746,2.39336773123928
2,"inad_unconstrained","recursive_multi_step",11,3,11,7,5.58,0.399792875667318,2.58971635298354,1.27561035448398,0.680083001594729,1,1,2.0164,1.42
2,"inad_constrained_alpha","recursive_multi_step",11,3,11,7,5.26,0.381019366405118,2.46757865874601,1.33216168349693,0.653124702294678,1,1,3.0276,1.74
2,"nb_glm","recursive_multi_step",11,3,11,7,5.94483130180384,NA,2.47679393877781,1.10821298427202,0.651748776486989,NA,NA,1.11338098165297,1.05516869819616
2,"poisson_glm","recursive_multi_step",11,3,11,7,5.94883822185558,NA,2.10225608871084,0.816293656483149,0.575246280176278,NA,NA,1.10494108383173,1.05116177814442
2,"inad_unconstrained","recursive_multi_step",11,3,12,9,6.5,0.429587540025842,2.73212808332318,1.67489144120708,0.71768045886906,1,1,6.25,2.5
2,"inad_constrained_alpha","recursive_multi_step",11,3,12,9,6.38,0.495388838196927,2.9359040767166,1.90116521001753,0.651756821638218,1,1,6.8644,2.62
2,"nb_glm","recursive_multi_step",11,3,12,9,6.41897708982908,NA,2.88188619834686,1.6890046525811,0.667877390426596,NA,NA,6.66167926282719,2.58102291017092
2,"poisson_glm","recursive_multi_step",11,3,12,9,6.47086981549095,NA,2.63176040405818,1.44296285629284,0.695251387904698,NA,NA,6.39649949019476,2.52913018450905
2,"inad_unconstrained","recursive_multi_step",12,4,1,4,2.87,0.279485457961807,2.79914513960121,1.05615413941736,0.679520938658589,1,1,1.2769,1.13
2,"inad_constrained_alpha","recursive_multi_step",12,4,1,4,2.29,0.199643621880529,2.92732954666959,1.15775525882998,0.768212120157287,1,1,2.9241,1.71
2,"nb_glm","recursive_multi_step",12,4,1,4,3.20924211483174,NA,2.06429289678835,0.736963071002865,0.60872794200685,NA,NA,0.625298032955774,0.790757885168257
2,"poisson_glm","recursive_multi_step",12,4,1,4,3.39869458216534,NA,1.76972773535723,0.557439233616557,0.579980235020276,NA,NA,0.361568205517315,0.60130541783466
2,"inad_unconstrained","recursive_multi_step",12,4,2,4,2.83,0.216050405641317,2.90042209374967,0.963144008264463,0.719490047960436,1,1,1.3689,1.17
2,"inad_constrained_alpha","recursive_multi_step",12,4,2,4,3.12,0.263342922725284,1.84516024595517,0.802654155009452,0.68814013019769,1,1,0.7744,0.88
2,"nb_glm","recursive_multi_step",12,4,2,4,3.32416321594763,NA,2.04057332037224,0.713082148807614,0.671181943384869,NA,NA,0.456755358678244,0.675836784052366
2,"poisson_glm","recursive_multi_step",12,4,2,4,3.53755788848549,NA,1.74080417329204,0.530508160251421,0.506452652464469,NA,NA,0.213852706501995,0.462442111514506
2,"inad_unconstrained","recursive_multi_step",12,4,3,2,3.14,0.347289650018685,1.85831628591713,0.954632255932315,0.439767740072372,1,1,1.2996,1.14
2,"inad_constrained_alpha","recursive_multi_step",12,4,3,2,2.53,0.227171896825005,1.53979628388391,0.532166833737959,0.367290164470504,1,1,0.2809,0.53
2,"nb_glm","recursive_multi_step",12,4,3,2,3.29765072123894,NA,1.81936676426935,0.992798423700525,0.35279046751625,NA,NA,1.68389739433193,1.29765072123894
2,"poisson_glm","recursive_multi_step",12,4,3,2,3.50537262822151,NA,1.83472561891729,1.10442760480352,0.198253037372458,NA,NA,2.26614674979855,1.50537262822151
2,"inad_unconstrained","recursive_multi_step",12,4,4,2,3.2,0.292326094378428,1.70817275311979,0.801452713857842,0.455393453805079,1,1,1.44,1.2
2,"inad_constrained_alpha","recursive_multi_step",12,4,4,2,2.58,0.200090888439138,1.55546638952267,0.494046049586777,0.476228355311577,1,1,0.3364,0.58
2,"nb_glm","recursive_multi_step",12,4,4,2,3.33542112640194,NA,1.77746221695089,0.848387611960266,0.289117250769725,NA,NA,1.78334958484063,1.33542112640194
2,"poisson_glm","recursive_multi_step",12,4,4,2,3.55124721472167,NA,1.80356330224709,0.978262094670772,0.22720633210696,NA,NA,2.40636792118175,1.55124721472167
2,"inad_unconstrained","recursive_multi_step",12,4,5,3,2.78,0.285890421898554,1.90424916232518,0.745096089760817,0.531590083380264,1,1,0.0484000000000001,0.22
2,"inad_constrained_alpha","recursive_multi_step",12,4,5,3,2.84,0.245657230195805,1.91100909704655,0.644767568370987,0.604437499989691,1,1,0.0256,0.16
2,"nb_glm","recursive_multi_step",12,4,5,3,3.26265799794117,NA,1.88559531178087,0.71411128607308,0.384443347317151,NA,NA,0.0689892238824632,0.262657997941169
2,"poisson_glm","recursive_multi_step",12,4,5,3,3.46301858822229,NA,1.6726185382434,0.643112061624292,0.42814887204344,NA,NA,0.214386213039366,0.463018588222293
2,"inad_unconstrained","recursive_multi_step",12,4,6,1,2.95,0.300966456736973,1.37668550201325,0.944661585909631,0.360927134699927,1,1,3.8025,1.95
2,"inad_constrained_alpha","recursive_multi_step",12,4,6,1,2.55,0.238841902825812,1.35048312961923,0.761287062416791,0.241494904916107,1,1,2.4025,1.55
2,"nb_glm","recursive_multi_step",12,4,6,1,3.26265799794117,NA,1.9035670574681,1.3351448989322,0.17193708976458,NA,NA,5.11962121564714,2.26265799794117
2,"poisson_glm","recursive_multi_step",12,4,6,1,3.46301858822229,NA,2.27202807389176,1.62919969864474,0.133506579866267,NA,NA,6.06646056592854,2.46301858822229
2,"inad_unconstrained","recursive_multi_step",12,4,7,4,6.12,0.382252758939908,1.80830586534246,1.24206117320476,0.294939668407648,1,1,4.4944,2.12
2,"inad_constrained_alpha","recursive_multi_step",12,4,7,4,4.68,0.31394524389074,1.79972212165107,0.736581762782402,0.450727992565291,1,1,0.4624,0.68
2,"nb_glm","recursive_multi_step",12,4,7,4,5.45853793211701,NA,2.11378165149375,0.951985457783105,0.40217033417341,NA,NA,2.12733289942416,1.45853793211701
2,"poisson_glm","recursive_multi_step",12,4,7,4,5.76747484554276,NA,2.01694634662095,1.0586274754202,0.222504157998414,NA,NA,3.12396732962641,1.76747484554276
2,"inad_unconstrained","recursive_multi_step",12,4,8,0,5.69,0.354963364164515,2.97062635242291,3.86867415254237,0.0500645794633429,0,1,32.3761,5.69
2,"inad_constrained_alpha","recursive_multi_step",12,4,8,0,5.4,0.32875645709371,4.06403921272677,3.69642165242165,2.65229302339065e-06,0,0,29.16,5.4
2,"nb_glm","recursive_multi_step",12,4,8,0,5.25672464136695,NA,3.4035086388547,3.58946984835495,0.0115687018096914,NA,NA,27.6331539551545,5.25672464136695
2,"poisson_glm","recursive_multi_step",12,4,8,0,5.52674514916776,NA,4.43281966570052,4.25702122524017,0.010537171846021,NA,NA,30.5449119438493,5.52674514916776
2,"inad_unconstrained","recursive_multi_step",12,4,9,13,5.97,0.434254266158397,4.85203026391962,4.26190855102539,0.83946964145849,0,1,49.4209,7.03
2,"inad_constrained_alpha","recursive_multi_step",12,4,9,13,4.79,0.290348101770995,4.04679740629227,6.26016566351607,0.983713948484611,0,0,67.4041,8.21
2,"nb_glm","recursive_multi_step",12,4,9,13,5.25672464136695,NA,4.09032047207543,4.73428259741061,0.869025971776823,NA,NA,59.9583132796138,7.74327535863305
2,"poisson_glm","recursive_multi_step",12,4,9,13,5.52674514916776,NA,4.59764114056076,4.80642870389531,0.888922236468386,NA,NA,55.8495380654876,7.47325485083224
2,"inad_unconstrained","recursive_multi_step",12,4,10,2,5.16,0.399929286678826,1.7823043104573,1.646955,0.225872731857176,1,1,9.9856,3.16
2,"inad_constrained_alpha","recursive_multi_step",12,4,10,2,4.82,0.316349123085188,2.32625000804004,1.84390126170656,0.122988576378444,1,1,7.9524,2.82
2,"nb_glm","recursive_multi_step",12,4,10,2,5.35523106344251,NA,2.35884801138961,2.1489525234273,0.101950082158729,NA,NA,11.2575754890895,3.35523106344251
2,"poisson_glm","recursive_multi_step",12,4,10,2,5.64395829030833,NA,2.91926272715751,2.62644785005229,0.0704690954799695,NA,NA,13.2784320215068,3.64395829030833
2,"inad_unconstrained","recursive_multi_step",12,4,11,7,5.75,0.362476052848859,2.39707593641497,1.12473549449073,0.636247301982204,1,1,1.5625,1.25
2,"inad_constrained_alpha","recursive_multi_step",12,4,11,7,4.4,0.342598507547446,2.50873673123952,1.63810206815817,0.739688209508688,1,1,6.76,2.6
2,"nb_glm","recursive_multi_step",12,4,11,7,5.20960937328401,NA,2.58243556709861,1.26874012847886,0.632398116381985,NA,NA,3.20549859623248,1.79039062671599
2,"poisson_glm","recursive_multi_step",12,4,11,7,5.47090831976274,NA,2.22737062280229,0.96402330635997,0.680698625274434,NA,NA,2.33812136657081,1.52909168023726
2,"inad_unconstrained","recursive_multi_step",12,4,12,3,6.08,0.400171680329048,2.30175898803174,1.79768062290827,0.208002136687821,1,1,9.4864,3.08
2,"inad_constrained_alpha","recursive_multi_step",12,4,12,3,5.24,0.421905250505419,2.46825221488286,1.68356985024183,0.267251364473389,1,1,5.0176,2.24
2,"nb_glm","recursive_multi_step",12,4,12,3,5.38006032524817,NA,2.25485880830624,1.82141611858925,0.243137145048643,NA,NA,5.66468715182044,2.38006032524817
2,"poisson_glm","recursive_multi_step",12,4,12,3,5.67359327930259,NA,2.42749806437185,2.08131868752769,0.0980753682794211,NA,NA,7.14810102313195,2.67359327930259
3,"inad_unconstrained","rolling_one_step",2,1,1,2,6.94,0.423744729713062,2.75603360417673,3.28826910533821,0.127474589275955,1,1,24.4036,4.94
3,"inad_constrained_alpha","rolling_one_step",2,1,1,2,5.17,0.442229201508298,2.34225034938648,1.93756159611993,0.203499818363852,1,1,10.0489,3.17
3,"nb_glm","rolling_one_step",2,1,1,2,5.5371663144099,NA,2.39150532230846,2.33913263861569,0.134296499857782,NA,NA,12.5115455357961,3.5371663144099
3,"poisson_glm","rolling_one_step",2,1,1,2,5.58275011834398,NA,2.90955762425132,2.6853447123193,0.0775587523596921,NA,NA,12.8360984104938,3.58275011834398
3,"inad_unconstrained","rolling_one_step",2,1,2,3,5.37,0.388640468995979,2.3342821797373,1.5328804288,0.303128433596659,1,1,5.6169,2.37
3,"inad_constrained_alpha","rolling_one_step",2,1,2,3,4.95,0.416181535759422,1.99720344344286,1.19677988136431,0.348292982561529,1,1,3.8025,1.95
3,"nb_glm","rolling_one_step",2,1,2,3,4.8236467140734,NA,2.12934914504464,1.31908617552578,0.321506710682057,NA,NA,3.32568733775072,1.8236467140734
3,"poisson_glm","rolling_one_step",2,1,2,3,4.85762513968594,NA,2.05634872129968,1.34256017403254,0.136855249639199,NA,NA,3.45077115959322,1.85762513968594
3,"inad_unconstrained","rolling_one_step",2,1,3,8,11.2,0.498887651569859,2.38877036502137,1.9416952020202,0.267367690673299,1,1,10.24,3.2
3,"inad_constrained_alpha","rolling_one_step",2,1,3,8,7.2,0.398228400024231,2.72403087309056,1.10114843016723,0.646960057825308,1,1,0.64,0.8
3,"nb_glm","rolling_one_step",2,1,3,8,7.13696185628981,NA,2.71033716413927,1.42465139228509,0.521296494151605,NA,NA,0.744834837498726,0.863038143710187
3,"poisson_glm","rolling_one_step",2,1,3,8,7.21134352674085,NA,2.20704564361278,0.961247822357429,0.496395485035748,NA,NA,0.621979032813564,0.788656473259152
3,"inad_unconstrained","rolling_one_step",2,1,4,0,2.09,0.326008923469616,1.03889305396649,0.931582621082621,0.279508924770814,1,1,4.3681,2.09
3,"inad_constrained_alpha","rolling_one_step",2,1,4,0,2.7,0.359432774231732,1.28426195813544,1.58029304110302,0.117423658962418,1,1,7.29,2.7
3,"nb_glm","rolling_one_step",2,1,4,0,2.49344500528646,NA,2.0610340921094,1.84881375017976,0.00351712896564253,NA,NA,6.21726799438801,2.49344500528646
3,"poisson_glm","rolling_one_step",2,1,4,0,2.49688596812325,NA,2.58850074304662,2.00803828283821,0.0338603153174441,NA,NA,6.23443953781079,2.49688596812325
3,"inad_unconstrained","rolling_one_step",2,1,5,2,4.29,0.378272255115147,2.22988326121731,1.34500590567052,0.288474425691806,1,1,5.2441,2.29
3,"inad_constrained_alpha","rolling_one_step",2,1,5,2,3.81,0.383944177339794,2.03026430570375,1.17861138872364,0.321288998530292,1,1,3.2761,1.81
3,"nb_glm","rolling_one_step",2,1,5,2,4.40192526396779,NA,2.0870645328345,1.53713897110515,0.22177599856934,NA,NA,5.76924497368673,2.40192526396779
3,"poisson_glm","rolling_one_step",2,1,5,2,4.42946772778817,NA,2.26184960686443,1.70206398227354,0.103134135122226,NA,NA,5.9023134403642,2.42946772778817
3,"inad_unconstrained","rolling_one_step",2,1,6,0,2.35,0.286523924997477,1.25601611749911,1.22301362407773,0.0760823108725505,1,1,5.5225,2.35
3,"inad_constrained_alpha","rolling_one_step",2,1,6,0,2.82,0.388568988193678,1.23466501699606,1.33447143062338,0.0493703574623115,1,1,7.9524,2.82
3,"nb_glm","rolling_one_step",2,1,6,0,2.49344500528646,NA,2.0114115552221,1.65937650972991,0.0535780070810627,NA,NA,6.21726799438801,2.49344500528646
3,"poisson_glm","rolling_one_step",2,1,6,0,2.49688596812325,NA,2.53890380059793,1.83498784764215,0.0518653311668339,NA,NA,6.23443953781079,2.49688596812325
3,"inad_unconstrained","rolling_one_step",2,1,7,2,3.38,0.464666710143035,2.67672772997317,1.51450695592286,0.388566580371734,1,1,1.9044,1.38
3,"inad_constrained_alpha","rolling_one_step",2,1,7,2,4.25,0.673656538091282,2.69240147157994,2.89492626908698,0.380277764601852,1,1,5.0625,2.25
3,"nb_glm","rolling_one_step",2,1,7,2,3.26464983125531,NA,2.02527808252203,2.35563692989277,0.288666471457715,NA,NA,1.59933919569408,1.26464983125531
3,"poisson_glm","rolling_one_step",2,1,7,2,3.298791006207,NA,1.94555038008948,2.32976837877799,0.20902688513329,NA,NA,1.68685807780418,1.298791006207
3,"inad_unconstrained","rolling_one_step",2,1,8,4,9.58,0.540329117812057,3.090290856179,3.57610967267794,0.120173241358541,1,1,31.1364,5.58
3,"inad_constrained_alpha","rolling_one_step",2,1,8,4,8.04,0.52144321867585,2.53264225209307,2.38033253146506,0.243586251055052,1,1,16.3216,4.04
3,"nb_glm","rolling_one_step",2,1,8,4,8.03661750874332,NA,2.63045230931577,2.6992369571209,0.222209963337684,NA,NA,16.2942809118931,4.03661750874332
3,"poisson_glm","rolling_one_step",2,1,8,4,8.18343631067912,NA,3.05453191570467,3.12878812099235,0.0832677401006952,NA,NA,17.5011393655085,4.18343631067912
3,"inad_unconstrained","rolling_one_step",2,1,9,9,10.58,0.62783578886344,2.721179492544,1.81667859693342,0.386901717593934,1,1,2.4964,1.58
3,"inad_constrained_alpha","rolling_one_step",2,1,9,9,6.16,0.383160698939911,2.48424571123122,1.81136138241923,0.711712385887638,1,1,8.0656,2.84
3,"nb_glm","rolling_one_step",2,1,9,9,8.03661750874332,NA,2.84236673321261,1.6846470959114,0.556169082997284,NA,NA,0.928105824459936,0.963382491256684
3,"poisson_glm","rolling_one_step",2,1,9,9,8.18343631067912,NA,2.30312221915801,1.14476021689171,0.502806986378664,NA,NA,0.666776258717323,0.816563689320878
3,"inad_unconstrained","rolling_one_step",2,1,10,1,4.46,0.604431446681403,1.883063983802,3.16077625258022,0.264388094424678,1,1,11.9716,3.46
3,"inad_constrained_alpha","rolling_one_step",2,1,10,1,3.29,0.506781286875584,1.8903190170033,1.42447291834584,0.380928674140564,1,1,5.2441,2.29
3,"nb_glm","rolling_one_step",2,1,10,1,3.26464983125531,NA,2.10535781118062,2.74722637129281,0.188508600743227,NA,NA,5.1286388582047,2.26464983125531
3,"poisson_glm","rolling_one_step",2,1,10,1,3.298791006207,NA,2.39557782118725,2.86441359447782,0.0390261098251365,NA,NA,5.28444009021818,2.298791006207
3,"inad_unconstrained","rolling_one_step",2,1,11,1,4.44,0.470829914173694,1.9696032613126,1.92233490647102,0.251795713448579,1,1,11.8336,3.44
3,"inad_constrained_alpha","rolling_one_step",2,1,11,1,5.35,0.553660910702936,1.96004052195359,2.60569585361457,0.23586501245432,1,1,18.9225,4.35
3,"nb_glm","rolling_one_step",2,1,11,1,4.33768530114663,NA,2.35110384890798,2.44498805817303,0.0609387495022828,NA,NA,11.1401431694903,3.33768530114663
3,"poisson_glm","rolling_one_step",2,1,11,1,4.39370827807276,NA,2.99068534529241,2.75310745553935,0.0293356319196561,NA,NA,11.5172558766595,3.39370827807276
3,"inad_unconstrained","rolling_one_step",2,1,12,5,13.73,0.783395226439427,3.68140743927524,7.15015016015625,0.0670932090775022,0,1,76.2129,8.73
3,"inad_constrained_alpha","rolling_one_step",2,1,12,5,8.48,0.744878811918049,2.84378181463634,3.63550230111769,0.296931932593147,1,1,12.1104,3.48
3,"nb_glm","rolling_one_step",2,1,12,5,9.34437345536534,NA,2.91416480522251,4.68968103071361,0.180178641825811,NA,NA,18.873580719683,4.34437345536534
3,"poisson_glm","rolling_one_step",2,1,12,5,9.52735346042342,NA,3.31525123849893,4.97789166902252,0.0924015567827622,NA,NA,20.4969293556079,4.52735346042342
3,"inad_unconstrained","rolling_one_step",3,1,1,4,2.4,0.16575508280215,1.90942783256048,0.986993350728053,0.855212590624386,1,1,2.56,1.6
3,"inad_constrained_alpha","rolling_one_step",3,1,1,4,2.69,0.229929721366501,3.11879236631122,1.02539816097261,0.774890763673016,1,1,1.7161,1.31
3,"nb_glm","rolling_one_step",3,1,1,4,3.06786648496575,NA,2.11304643475122,0.790220317779595,0.686739084449974,NA,NA,0.86887288985011,0.932133515034252
3,"poisson_glm","rolling_one_step",3,1,1,4,3.07808708990071,NA,1.8240724833521,0.630859761128162,0.659150251667774,NA,NA,0.849923413807733,0.921912910099286
3,"inad_unconstrained","rolling_one_step",3,1,2,0,2.95,0.246746506325497,2.25090057079825,1.83977331568998,0.0931317155604332,1,1,8.7025,2.95
3,"inad_constrained_alpha","rolling_one_step",3,1,2,0,3.18,0.242203687549604,2.53012425578129,2.03943405663281,0.00448421164440285,0,1,10.1124,3.18
3,"nb_glm","rolling_one_step",3,1,2,0,3.45192204057449,NA,2.47977565367372,2.22088645993127,0.0222722771468435,NA,NA,11.9157657742039,3.45192204057449
3,"poisson_glm","rolling_one_step",3,1,2,0,3.46691571886522,NA,3.32119998156669,2.5374266396555,0.0020749500396882,NA,NA,12.0195046017148,3.46691571886522
3,"inad_unconstrained","rolling_one_step",3,1,3,10,6.5,0.366942045351122,3.20287548352176,2.13591171956296,0.784286861184744,1,1,12.25,3.5
3,"inad_constrained_alpha","rolling_one_step",3,1,3,10,4.65,0.231104069434294,3.61324203990832,3.96286979432398,0.978641231434345,0,0,28.6225,5.35
3,"nb_glm","rolling_one_step",3,1,3,10,4.81343156821057,NA,3.45696489050268,3.08608137223032,0.82518465983842,NA,NA,26.9004920976347,5.18656843178943
3,"poisson_glm","rolling_one_step",3,1,3,10,4.84809761745307,NA,3.87796407382416,3.20535644617373,0.873829367328304,NA,NA,26.5420981592927,5.15190238254693
3,"inad_unconstrained","rolling_one_step",3,1,4,1,2.02,0.22606873005144,1.4418642122747,0.563617076535996,0.428487378118501,1,1,1.0404,1.02
3,"inad_constrained_alpha","rolling_one_step",3,1,4,1,2.16,0.224607401588828,1.53979628388391,0.639140261570992,0.251717889983767,1,1,1.3456,1.16
3,"nb_glm","rolling_one_step",3,1,4,1,1.95532119574207,NA,1.39707936349373,0.559044756965762,0.403501790130795,NA,NA,0.912638587034051,0.955321195742066
3,"poisson_glm","rolling_one_step",3,1,4,1,1.95429648505941,NA,1.36139463996157,0.572955759725898,0.390522132387768,NA,NA,0.910681781396747,0.954296485059411
3,"inad_unconstrained","rolling_one_step",3,1,5,6,2.51,0.25800125283542,2.97062635242291,2.2634936440678,0.875939997825673,0,1,12.1801,3.49
3,"inad_constrained_alpha","rolling_one_step",3,1,5,6,2.89,0.258548786010445,2.96211566275501,1.96551409891153,0.814630432507266,1,1,9.6721,3.11
3,"nb_glm","rolling_one_step",3,1,5,6,3.06786648496575,NA,2.85227718265384,1.77128195369773,0.836588787679047,NA,NA,8.59740694998712,2.93213351503425
3,"poisson_glm","rolling_one_step",3,1,5,6,3.07808708990071,NA,2.89982656402675,1.75471233089191,0.844641961993217,NA,NA,8.53757505420488,2.92191291009929
3,"inad_unconstrained","rolling_one_step",3,1,6,10,1.86,0.230511070309765,4.7361984483945,6.35414646044937,0.96586147881644,0,0,66.2596,8.14
3,"inad_constrained_alpha","rolling_one_step",3,1,6,10,2.38,0.306752293711016,3.64833335971959,5.52372656064209,0.931809590568421,0,1,58.0644,7.62
3,"nb_glm","rolling_one_step",3,1,6,10,1.95532119574207,NA,4.66607622348949,6.1989398431406,0.956515030712527,NA,NA,64.7168570636769,8.04467880425793
3,"poisson_glm","rolling_one_step",3,1,6,10,1.95429648505941,NA,4.75039108866508,6.32029466221111,0.961020859534175,NA,NA,64.7333450503274,8.04570351494059
3,"inad_unconstrained","rolling_one_step",3,1,7,0,3.95,0.36080017693561,2.15572084803682,2.5295732397205,0.0605608643225173,1,1,15.6025,3.95
3,"inad_constrained_alpha","rolling_one_step",3,1,7,0,4.52,0.395039954506586,2.47594690841653,2.808915125,0.0217470290250106,0,1,20.4304,4.52
3,"nb_glm","rolling_one_step",3,1,7,0,4.01673579374036,NA,2.79374435957837,2.83382430139792,0.0214032868551706,NA,NA,16.134166436715,4.01673579374036
3,"poisson_glm","rolling_one_step",3,1,7,0,4.06665187682496,NA,3.79949937894974,3.20408767519844,0.0170848224009379,NA,NA,16.537657487284,4.06665187682496
3,"inad_unconstrained","rolling_one_step",3,1,8,4,4.77,0.333289391043007,2.19654684094972,0.901199217178971,0.423023013685972,1,1,0.592899999999999,0.77
3,"inad_constrained_alpha","rolling_one_step",3,1,8,4,4.37,0.364776117860827,2.30175898803174,0.943824390410491,0.473774939438074,1,1,0.1369,0.37
3,"nb_glm","rolling_one_step",3,1,8,4,4.95256994570761,NA,2.15103528475308,0.953095797963681,0.371920790177521,NA,NA,0.907389501465393,0.952569945707607
3,"poisson_glm","rolling_one_step",3,1,8,4,5.02310009932677,NA,1.87049300638155,0.82578245550859,0.272574038065191,NA,NA,1.04673381324245,1.02310009932677
3,"inad_unconstrained","rolling_one_step",3,1,9,5,8,0.367079657223708,2.38054663446376,1.66567001388889,0.254723159938895,1,1,9,3
3,"inad_constrained_alpha","rolling_one_step",3,1,9,5,6.76,0.403800130577673,2.60611016275922,1.23778664815916,0.330782213374836,1,1,3.0976,1.76
3,"nb_glm","rolling_one_step",3,1,9,5,6.58039635697652,NA,2.35341512270429,1.23196819784561,0.409878017240194,NA,NA,2.49765264514465,1.58039635697652
3,"poisson_glm","rolling_one_step",3,1,9,5,6.6903409298962,NA,2.10268120217171,1.15227592121255,0.208888649162644,NA,NA,2.85725245928234,1.6903409298962
3,"inad_unconstrained","rolling_one_step",3,1,10,2,3.85,0.362476052848859,2.12238442776923,1.03826251795461,0.338361704162543,1,1,3.4225,1.85
3,"inad_constrained_alpha","rolling_one_step",3,1,10,2,4.07,0.36216381136528,2.00557169311338,1.23117517361111,0.310648229552258,1,1,4.2849,2.07
3,"nb_glm","rolling_one_step",3,1,10,2,3.40154605046779,NA,1.83650634961072,0.954093923259873,0.36211476729897,NA,NA,1.96433133158187,1.40154605046779
3,"poisson_glm","rolling_one_step",3,1,10,2,3.43892702904171,NA,1.78327754217603,0.984579035720502,0.164716528761415,NA,NA,2.07051099490679,1.43892702904171
3,"inad_unconstrained","rolling_one_step",3,1,11,0,3.81,0.366720381740419,2.40523924705413,2.44530738978121,0.0212614833348908,1,1,14.5161,3.81
3,"inad_constrained_alpha","rolling_one_step",3,1,11,0,4.14,0.377396718094213,2.26814237723276,2.39516920154869,0.0918048384321185,1,1,17.1396,4.14
3,"nb_glm","rolling_one_step",3,1,11,0,3.40154605046779,NA,2.5256517912111,2.44669837425292,0.0445984092694466,NA,NA,11.570515533453,3.40154605046779
3,"poisson_glm","rolling_one_step",3,1,11,0,3.43892702904171,NA,3.36714715714097,2.73064939930058,0.0122670143673934,NA,NA,11.8262191110736,3.43892702904171
3,"inad_unconstrained","rolling_one_step",3,1,12,4,5.72,0.393913285848138,2.00557169311338,1.11249911111111,0.373992912179829,1,1,2.9584,1.72
3,"inad_constrained_alpha","rolling_one_step",3,1,12,4,5.7,0.389379200287023,2.07845029758744,1.12072167201694,0.388077418754331,1,1,2.89,1.7
3,"nb_glm","rolling_one_step",3,1,12,4,5.33696926521444,NA,2.18396230337581,1.05435788207999,0.406744292260113,NA,NA,1.78748681612803,1.33696926521444
3,"poisson_glm","rolling_one_step",3,1,12,4,5.41643346960331,NA,1.95712141243682,0.985457895826777,0.229401119800028,NA,NA,2.00628377381246,1.41643346960331
3,"inad_unconstrained","rolling_one_step",4,1,1,2,5.47,0.338879615703562,2.2216527620808,2.10774860323748,0.108245245878361,1,1,12.0409,3.47
3,"inad_constrained_alpha","rolling_one_step",4,1,1,2,5.76,0.29580228176772,2.95353191906361,2.30567288941736,0.0747487712834143,1,1,14.1376,3.76
3,"nb_glm","rolling_one_step",4,1,1,2,5.7009291257038,NA,2.37898051488685,2.17999694446531,0.12191886485511,NA,NA,13.6968763934827,3.7009291257038
3,"poisson_glm","rolling_one_step",4,1,1,2,5.49271455609315,NA,2.81175051959344,2.41791866196173,0.0683118941460219,NA,NA,12.199054970345,3.49271455609315
3,"inad_unconstrained","rolling_one_step",4,1,2,7,4.12,0.236250167013997,2.53012425578129,1.76939389042782,0.811624983480658,1,1,8.2944,2.88
3,"inad_constrained_alpha","rolling_one_step",4,1,2,7,3.84,0.276967707704547,2.41584298434682,1.97208862087869,0.772532322958289,1,1,9.9856,3.16
3,"nb_glm","rolling_one_step",4,1,2,7,2.94693083813641,NA,3.27249478211233,2.71556028007064,0.892194236186613,NA,NA,16.4273696308497,4.0530691618636
3,"poisson_glm","rolling_one_step",4,1,2,7,2.82333064154515,NA,3.74204401694935,2.917108554158,0.925702280647024,NA,NA,17.4445669298557,4.17666935845485
3,"inad_unconstrained","rolling_one_step",4,1,3,9,7.4,0.371456320419774,2.110973489293,1.223488384,0.692014469331801,1,1,2.56,1.6
3,"inad_constrained_alpha","rolling_one_step",4,1,3,9,7.29,0.347078717820088,2.27665306690066,1.28959983481758,0.726433046869717,1,1,2.9241,1.71
3,"nb_glm","rolling_one_step",4,1,3,9,7.8765849184794,NA,2.74293498205896,1.42128735065828,0.585934327519369,NA,NA,1.26206144538795,1.1234150815206
3,"poisson_glm","rolling_one_step",4,1,3,9,7.60990776117605,NA,2.27854901664071,0.998547627803352,0.644418843706076,NA,NA,1.93235643243859,1.39009223882395
3,"inad_unconstrained","rolling_one_step",4,1,4,7,4.71,0.296884496126699,2.37217838479324,1.46133056281336,0.764379005280378,1,1,5.2441,2.29
3,"inad_constrained_alpha","rolling_one_step",4,1,4,7,4.46,0.254026165835909,2.7904870768581,1.62085203780718,0.793373706640635,1,1,6.4516,2.54
3,"nb_glm","rolling_one_step",4,1,4,7,3.91553742079737,NA,2.87564344097946,1.86323683349243,0.776373324879059,NA,NA,9.51390940250131,3.08446257920263
3,"poisson_glm","rolling_one_step",4,1,4,7,3.76043562267278,NA,2.99416822994559,1.94471167478437,0.866778004467598,NA,NA,10.4947773548475,3.23956437732722
3,"inad_unconstrained","rolling_one_step",4,1,5,5,6.02,0.311068539655871,2.13082329641509,0.826287112492055,0.421361391363771,1,1,1.0404,1.02
3,"inad_constrained_alpha","rolling_one_step",4,1,5,5,6.53,0.371580027950531,2.06178324510223,0.980160730174422,0.385712087452686,1,1,2.3409,1.53
3,"nb_glm","rolling_one_step",4,1,5,5,6.54421739129151,NA,2.30544739932381,1.07739988352553,0.438115931963759,NA,NA,2.38460735156717,1.54421739129151
3,"poisson_glm","rolling_one_step",4,1,5,5,6.31264289776821,NA,1.98795714956634,0.899851280184845,0.358327924451121,NA,NA,1.72303137706131,1.31264289776821
3,"inad_unconstrained","rolling_one_step",4,1,6,7,6.81,0.327739425936416,2.55609974218455,0.851261560376945,0.56837946298373,1,1,0.0361000000000001,0.19
3,"inad_constrained_alpha","rolling_one_step",4,1,6,7,7.42,0.314684385736348,2.46757865874601,0.870915274345032,0.420488869904153,1,1,0.1764,0.42
3,"nb_glm","rolling_one_step",4,1,6,7,7.8765849184794,NA,2.46987173051202,1.06794833775352,0.467313027217731,NA,NA,0.768401119305528,0.876584918479395
3,"poisson_glm","rolling_one_step",4,1,6,7,7.60990776117605,NA,2.02620931233908,0.748073684526278,0.449613864476912,NA,NA,0.371987477142776,0.609907761176046
3,"inad_unconstrained","rolling_one_step",4,1,7,0,6.65,0.394245219285273,3.17838446351346,4.66639967898368,0.0294545256605079,0,1,44.2225,6.65
3,"inad_constrained_alpha","rolling_one_step",4,1,7,0,5.6,0.309773459094862,3.14476785271448,3.97429449923296,0.00144705735720121,0,1,31.36,5.6
3,"nb_glm","rolling_one_step",4,1,7,0,3.85839561050908,NA,2.71743696080151,2.68989970597637,0.0136320114665137,NA,NA,14.8872166871958,3.85839561050908
3,"poisson_glm","rolling_one_step",4,1,7,0,3.73007732302576,NA,3.56524716798743,2.90330221159623,0.0239560972149992,NA,NA,13.913476835751,3.73007732302576
3,"inad_unconstrained","rolling_one_step",4,1,8,3,6.72,0.374726836535899,2.15572084803682,2.15626912120398,0.197039363569271,1,1,13.8384,3.72
3,"inad_constrained_alpha","rolling_one_step",4,1,8,3,6.93,0.370709121178927,2.87386868579715,2.4957798464,0.131652515603639,1,1,15.4449,3.93
3,"nb_glm","rolling_one_step",4,1,8,3,7.46418600320771,NA,2.59088931803247,2.63027021550342,0.157782077773137,NA,NA,19.9289566712356,4.46418600320771
3,"poisson_glm","rolling_one_step",4,1,8,3,7.25676607126815,NA,3.11675229172554,2.99416539768005,0.0831281951126275,NA,NA,18.1200573854997,4.25676607126815
3,"inad_unconstrained","rolling_one_step",4,1,9,3,7.4,0.373084332546837,2.58141755016884,2.58017434722222,0.136533344274464,1,1,19.36,4.4
3,"inad_constrained_alpha","rolling_one_step",4,1,9,3,7.2,0.377123616632825,2.84134549409159,2.54757233795506,0.0825017702657237,1,1,17.64,4.2
3,"nb_glm","rolling_one_step",4,1,9,3,8.04352724457517,NA,2.64311059753312,2.67842602438499,0.117025723132306,NA,NA,25.437167066772,5.04352724457517
3,"poisson_glm","rolling_one_step",4,1,9,3,7.82500644069716,NA,3.35507317833507,3.29029428420458,0.0690459674651179,NA,NA,23.280687152769,4.82500644069716
3,"inad_unconstrained","rolling_one_step",4,1,10,2,5.88,0.367706514503185,2.49247621036774,2.3613255307713,0.0877630805047267,1,1,15.0544,3.88
3,"inad_constrained_alpha","rolling_one_step",4,1,10,2,6.31,0.380774065410039,2.77165892207981,2.99965432966769,0.0743599014622953,1,1,18.5761,4.31
3,"nb_glm","rolling_one_step",4,1,10,2,6.05375863822081,NA,2.52955615732666,2.74005840509857,0.109169278719912,NA,NA,16.4329590969498,4.05375863822081
3,"poisson_glm","rolling_one_step",4,1,10,2,5.87500562996098,NA,3.08556880969532,2.98578766217655,0.0534489383973041,NA,NA,15.0156686322293,3.87500562996098
3,"inad_unconstrained","rolling_one_step",4,1,11,7,5.98,0.31236471819288,2.17945240759042,0.975749450059453,0.66278582068674,1,1,1.0404,1.02
3,"inad_constrained_alpha","rolling_one_step",4,1,11,7,4.88,0.298913858744447,2.66543670882451,1.44906835612366,0.749604380894733,1,1,4.4944,2.12
3,"nb_glm","rolling_one_step",4,1,11,7,3.85839561050908,NA,2.8671724247185,1.97185457495332,0.851444403249715,NA,NA,9.8696781400686,3.14160438949092
3,"poisson_glm","rolling_one_step",4,1,11,7,3.73007732302576,NA,2.99053381492319,2.04972243236067,0.868103684045503,NA,NA,10.6923943133904,3.26992267697424
3,"inad_unconstrained","rolling_one_step",4,1,12,6,7.12,0.335833051357126,2.27665306690066,0.980808876759552,0.369916488913172,1,1,1.2544,1.12
3,"inad_constrained_alpha","rolling_one_step",4,1,12,6,7.02,0.375507737078826,2.49247621036774,1.13412940069874,0.415787656225863,1,1,1.0404,1.02
3,"nb_glm","rolling_one_step",4,1,12,6,7.46418600320771,NA,2.44361967819327,1.20674858059531,0.454673837248916,NA,NA,2.14384065198936,1.46418600320771
3,"poisson_glm","rolling_one_step",4,1,12,6,7.25676607126815,NA,2.06637834740029,0.951722899505492,0.310568819779423,NA,NA,1.57946095789079,1.25676607126815
3,"inad_unconstrained","rolling_one_step",5,1,1,1,3.42,0.254328190106461,1.72220038638759,1.31002261727622,0.239044647469325,1,1,5.8564,2.42
3,"inad_constrained_alpha","rolling_one_step",5,1,1,1,3.46,0.243468206706271,1.87091274205759,1.51133348175812,0.0725398490086821,1,1,6.0516,2.46
3,"nb_glm","rolling_one_step",5,1,1,1,3.5891708654007,NA,2.00603918172057,1.55984747577925,0.163405224282432,NA,NA,6.7038057702398,2.5891708654007
3,"poisson_glm","rolling_one_step",5,1,1,1,3.53571401852198,NA,2.33660037770699,1.731548523542,0.0536801325907739,NA,NA,6.42984558372889,2.53571401852198
3,"inad_unconstrained","rolling_one_step",5,1,2,4,5.6,0.315588275441214,1.87935161070345,0.964136261563449,0.298941622401388,1,1,2.56,1.6
3,"inad_constrained_alpha","rolling_one_step",5,1,2,4,5.32,0.31362333452662,2.17945240759042,0.899935151605232,0.335494642487631,1,1,1.7424,1.32
3,"nb_glm","rolling_one_step",5,1,2,4,5.36586933737864,NA,2.16703297600651,1.00183429051673,0.414048389324952,NA,NA,1.86559904679116,1.36586933737864
3,"poisson_glm","rolling_one_step",5,1,2,4,5.30415159181957,NA,1.91359901024124,0.891070352956077,0.348498840028443,NA,NA,1.70081137444551,1.30415159181957
3,"inad_unconstrained","rolling_one_step",5,1,3,1,5.46,0.297945829257127,3.64833335971959,2.89266230677765,0.017703012374575,0,1,19.8916,4.46
3,"inad_constrained_alpha","rolling_one_step",5,1,3,1,6.23,0.310377743136236,3.38535711715294,3.61215171951133,0.0377423190926554,0,1,27.3529,5.23
3,"nb_glm","rolling_one_step",5,1,3,1,5.87994035456734,NA,2.73776717152805,2.99185613293977,0.0505552512682548,NA,NA,23.8138178641348,4.87994035456734
3,"poisson_glm","rolling_one_step",5,1,3,1,5.81685694547184,NA,3.76786658852153,3.53777181870219,0.030480545685915,NA,NA,23.2021108331403,4.81685694547184
3,"inad_unconstrained","rolling_one_step",5,1,4,1,4.64,0.287981480886069,2.17079434484731,2.17667520604915,0.0186918814046227,1,1,13.2496,3.64
3,"inad_constrained_alpha","rolling_one_step",5,1,4,1,5.1,0.288325013017104,2.79914513960121,2.63250624256837,0.0641893535839586,0,1,16.81,4.1
3,"nb_glm","rolling_one_step",5,1,4,1,5.36586933737864,NA,2.55267498701147,2.53206453302775,0.0960960747407369,NA,NA,19.060815071063,4.36586933737864
3,"poisson_glm","rolling_one_step",5,1,4,1,5.30415159181957,NA,3.45494193533276,3.0516946791766,0.0379121679308996,NA,NA,18.5257209253629,4.30415159181957
3,"inad_unconstrained","rolling_one_step",5,1,5,5,4.37,0.291167971931646,2.42465361402898,0.865335864881502,0.654847834946367,1,1,0.3969,0.63
3,"inad_constrained_alpha","rolling_one_step",5,1,5,5,4.11,0.242001335667071,1.7823303789392,0.703168536472761,0.710435898021239,1,1,0.792099999999999,0.89
3,"nb_glm","rolling_one_step",5,1,5,5,4.76887093895945,NA,2.18612393483166,0.800368577944571,0.639643028576209,NA,NA,0.0534206428574841,0.231129061040545
3,"poisson_glm","rolling_one_step",5,1,5,5,4.70926952415218,NA,1.81374452425239,0.561870679008999,0.610559612523087,NA,NA,0.0845242095867002,0.290730475847821
3,"inad_unconstrained","rolling_one_step",5,1,6,4,5.16,0.28309972544221,1.59118447212475,0.777114265927978,0.421503885373669,1,1,1.3456,1.16
3,"inad_constrained_alpha","rolling_one_step",5,1,6,4,5.42,0.330649804066618,2.26814237723276,1.05534434947768,0.425446641527765,1,1,2.0164,1.42
3,"nb_glm","rolling_one_step",5,1,6,4,5.36586933737864,NA,2.14335077603988,0.936875149674908,0.370994373553827,NA,NA,1.86559904679116,1.36586933737864
3,"poisson_glm","rolling_one_step",5,1,6,4,5.30415159181957,NA,1.89654365446682,0.849503907537078,0.30606571719662,NA,NA,1.70081137444551,1.30415159181957
3,"inad_unconstrained","rolling_one_step",5,1,7,1,4.76,0.314022453034972,2.26814237723276,2.27854499232961,0.0662695893047887,1,1,14.1376,3.76
3,"inad_constrained_alpha","rolling_one_step",5,1,7,1,3.84,0.30607320706133,1.84192247614145,1.72081131070282,0.114977425424043,1,1,8.0656,2.84
3,"nb_glm","rolling_one_step",5,1,7,1,2.99510876608652,NA,1.8219312888466,1.29509386777165,0.195090954194875,NA,NA,3.98045898851527,1.99510876608652
3,"poisson_glm","rolling_one_step",5,1,7,1,2.96580621594258,NA,1.99654117359882,1.39223011654513,0.096466490548985,NA,NA,3.86439407863849,1.96580621594258
3,"inad_unconstrained","rolling_one_step",5,1,8,6,5.51,0.382045266766369,3.18661496264998,1.13478830287557,0.578808272548295,1,1,0.2401,0.49
3,"inad_constrained_alpha","rolling_one_step",5,1,8,6,5.48,0.287616467406218,2.10528999440993,0.794477229488704,0.590252074317481,1,1,0.2704,0.52
3,"nb_glm","rolling_one_step",5,1,8,6,5.28756195457094,NA,2.42188135061656,1.03131340144809,0.569816626048634,NA,NA,0.50756796857478,0.71243804542906
3,"poisson_glm","rolling_one_step",5,1,8,6,5.26133074882286,NA,2.00441531554458,0.722970060918916,0.530213013058886,NA,NA,0.545632262634593,0.738669251177138
3,"inad_unconstrained","rolling_one_step",5,1,9,6,5.44,0.335243014525104,2.46757865874601,0.938689414589365,0.629418284332266,1,1,0.3136,0.56
3,"inad_constrained_alpha","rolling_one_step",5,1,9,6,5.06,0.355283355402786,2.56461043185246,1.06645722493536,0.654129507581356,1,1,0.883600000000001,0.94
3,"nb_glm","rolling_one_step",5,1,9,6,5.28756195457094,NA,2.39349309243291,0.999072055354649,0.612273055388397,NA,NA,0.50756796857478,0.71243804542906
3,"poisson_glm","rolling_one_step",5,1,9,6,5.26133074882286,NA,1.97950889982812,0.698270807015586,0.571887772278484,NA,NA,0.545632262634593,0.738669251177138
3,"inad_unconstrained","rolling_one_step",5,1,10,4,4.76,0.326326353347211,1.86240205238968,0.814790371831398,0.390966569984025,1,1,0.5776,0.76
3,"inad_constrained_alpha","rolling_one_step",5,1,10,4,5.17,0.340841205362156,1.92810353040585,0.885553066647515,0.469331829962242,1,1,1.3689,1.17
3,"nb_glm","rolling_one_step",5,1,10,4,4.69927591554428,NA,2.10578378898109,0.826208456230166,0.458377824587705,NA,NA,0.488986806060297,0.699275915544284
3,"poisson_glm","rolling_one_step",5,1,10,4,4.67125121199951,NA,1.78721099045954,0.654555443171011,0.451794026601044,NA,NA,0.450578189610808,0.671251211999508
3,"inad_unconstrained","rolling_one_step",5,1,11,6,6.02,0.357878146408478,2.45062910043224,0.947528687267149,0.583581360921097,1,1,0.000399999999999983,0.0199999999999996
3,"inad_constrained_alpha","rolling_one_step",5,1,11,6,7.36,0.375921762760779,1.88771986037397,1.043021625,0.431562454218472,1,1,1.8496,1.36
3,"nb_glm","rolling_one_step",5,1,11,6,7.0254946027168,NA,2.39905212530738,1.0646064456047,0.440722911540572,NA,NA,1.05163918020129,1.0254946027168
3,"poisson_glm","rolling_one_step",5,1,11,6,7.00764383717711,NA,2.01274416315805,0.831862535585702,0.432834199286691,NA,NA,1.01534610260101,1.00764383717711
3,"inad_unconstrained","rolling_one_step",5,1,12,6,6.63,0.329571193700499,2.06178324510223,0.834540519737306,0.427773595970171,1,1,0.3969,0.63
3,"inad_constrained_alpha","rolling_one_step",5,1,12,6,6.08,0.336854133224912,2.05334437645636,0.824759379488653,0.472528943291163,1,1,0.00640000000000001,0.0800000000000001
3,"nb_glm","rolling_one_step",5,1,12,6,6.65120559403023,NA,2.37491199387438,0.994745418371972,0.512337982395669,NA,NA,0.424068725696264,0.651205594030229
3,"poisson_glm","rolling_one_step",5,1,12,6,6.63120191086814,NA,1.96193178564757,0.724015385507484,0.39555724552018,NA,NA,0.398415852283591,0.63120191086814
3,"inad_unconstrained","rolling_one_step",6,1,1,3,3.85,0.415452777221443,1.80581122268371,1.09007753740761,0.483676125621929,1,1,0.7225,0.85
3,"inad_constrained_alpha","rolling_one_step",6,1,1,3,3.5,0.295932015124686,2.03624994309706,0.739576664684899,0.464164884551629,1,1,0.25,0.5
3,"nb_glm","rolling_one_step",6,1,1,3,3.28792560285392,NA,1.9876740270465,0.943463925775718,0.456090776356781,NA,NA,0.0829011527787933,0.28792560285392
3,"poisson_glm","rolling_one_step",6,1,1,3,3.3638456061444,NA,1.71692540538963,0.81678124403858,0.453092014648474,NA,NA,0.132383625110586,0.363845606144401
3,"inad_unconstrained","rolling_one_step",6,1,2,0,5.14,0.388475393446137,3.41025466877466,3.46821298038162,0.0234006346453966,0,1,26.4196,5.14
3,"inad_constrained_alpha","rolling_one_step",6,1,2,0,4.78,0.330160658780026,2.82467844160638,3.23163673469388,0.0300178891070923,0,1,22.8484,4.78
3,"nb_glm","rolling_one_step",6,1,2,0,4.78714128305789,NA,3.09613773062392,3.35496608811901,0.0134754210056347,NA,NA,22.9167216639572,4.78714128305789
3,"poisson_glm","rolling_one_step",6,1,2,0,4.91343173485492,NA,4.24894672734897,3.88417813528099,0.0116195956277539,NA,NA,24.1418114130794,4.91343173485492
3,"inad_unconstrained","rolling_one_step",6,1,3,7,3.56,0.306271154701223,2.8330466912769,2.04106298611111,0.798436106873793,1,1,11.8336,3.44
3,"inad_constrained_alpha","rolling_one_step",6,1,3,7,2.96,0.284949047368051,3.63967529697647,2.69552564083176,0.866732374012794,0,1,16.3216,4.04
3,"nb_glm","rolling_one_step",6,1,3,7,3.28792560285392,NA,3.14020274068623,2.23425243385673,0.834603247580246,NA,NA,13.7794963299474,3.71207439714608
3,"poisson_glm","rolling_one_step",6,1,3,7,3.3638456061444,NA,3.31057284498184,2.22374028635808,0.869183824970328,NA,NA,13.2216187759554,3.6361543938556
3,"inad_unconstrained","rolling_one_step",6,1,4,2,3.16,0.273665725462524,1.77351974925705,0.698263544521889,0.479105100847031,1,1,1.3456,1.16
3,"inad_constrained_alpha","rolling_one_step",6,1,4,2,3.52,0.29558365477424,1.7397446960385,0.841296060491494,0.305150118849625,1,1,2.3104,1.52
3,"nb_glm","rolling_one_step",6,1,4,2,3.28792560285392,NA,1.76905360057716,0.782468109293125,0.33460658816743,NA,NA,1.65875235848663,1.28792560285392
3,"poisson_glm","rolling_one_step",6,1,4,2,3.3638456061444,NA,1.71128642993309,0.833413392944789,0.156448799896426,NA,NA,1.86007483739939,1.3638456061444
3,"inad_unconstrained","rolling_one_step",6,1,5,8,5.48,0.391959593877128,2.14247215635237,1.50067298840214,0.725664177432281,1,1,6.3504,2.52
3,"inad_constrained_alpha","rolling_one_step",6,1,5,8,5.16,0.333248474046837,2.84957599322811,1.78597671324913,0.781421260376705,1,1,8.0656,2.84
3,"nb_glm","rolling_one_step",6,1,5,8,5.15870066975275,NA,2.9005656382715,1.719102761166,0.723883772858269,NA,NA,8.07298188406347,2.84129933024725
3,"poisson_glm","rolling_one_step",6,1,5,8,5.29817753439676,NA,2.68761339446594,1.49375774305628,0.736485197539373,NA,NA,7.29984463563839,2.70182246560324
3,"inad_unconstrained","rolling_one_step",6,1,6,2,5.05,0.349133125603887,2.02210099506459,1.78950633566246,0.108016673777764,1,1,9.3025,3.05
3,"inad_constrained_alpha","rolling_one_step",6,1,6,2,4.44,0.369908533603002,1.92050968319696,1.50024376951093,0.30568129080789,1,1,5.9536,2.44
3,"nb_glm","rolling_one_step",6,1,6,2,4.78714128305789,NA,2.18728444989948,1.78431208026127,0.137866789113497,NA,NA,7.76815653172559,2.78714128305789
3,"poisson_glm","rolling_one_step",6,1,6,2,4.91343173485492,NA,2.52195941165423,2.08028350581807,0.0980716137095211,NA,NA,8.48808447365974,2.91343173485492
3,"inad_unconstrained","rolling_one_step",6,1,7,1,5.37,0.44690970321563,2.110973489293,2.6748889024,0.148733293732516,1,1,19.0969,4.37
3,"inad_constrained_alpha","rolling_one_step",6,1,7,1,5.19,0.471553418249329,1.84192247614145,2.23391766272796,0.13140053645573,1,1,17.5561,4.19
3,"nb_glm","rolling_one_step",6,1,7,1,4.30485763342668,NA,2.30865090969249,2.25316550853899,0.0762858473767516,NA,NA,10.9220839772186,3.30485763342668
3,"poisson_glm","rolling_one_step",6,1,7,1,4.44418518646195,NA,2.99211584150276,2.64161485361176,0.029183938684893,NA,NA,11.862411598644,3.44418518646195
3,"inad_unconstrained","rolling_one_step",6,1,8,9,6.57,0.455993753279914,3.02825546525955,1.787398048,0.690644664892796,1,1,5.9049,2.43
3,"inad_constrained_alpha","rolling_one_step",6,1,8,9,5.87,0.381028644963641,2.7158675624514,1.8983180932545,0.738354194466593,1,1,9.7969,3.13
3,"nb_glm","rolling_one_step",6,1,8,9,7.19490613014442,NA,2.78514369516494,1.52466465797804,0.668910590165942,NA,NA,3.25836387899018,1.80509386985558
3,"poisson_glm","rolling_one_step",6,1,8,9,7.46045322104081,NA,2.3053086207859,1.03991527855789,0.697980627305163,NA,NA,2.37020428460363,1.53954677895919
3,"inad_unconstrained","rolling_one_step",6,1,9,10,7.76,0.53221853186127,3.05975413231892,1.83227479117841,0.690460286237166,1,1,5.0176,2.24
3,"inad_constrained_alpha","rolling_one_step",6,1,9,10,7.69,0.486316810735595,2.79464844030451,1.83684836432507,0.664881416656938,1,1,5.3361,2.31
3,"nb_glm","rolling_one_step",6,1,9,10,7.19490613014442,NA,2.99568790592199,1.87285730866464,0.64793023578815,NA,NA,7.86855161870133,2.80509386985558
3,"poisson_glm","rolling_one_step",6,1,9,10,7.46045322104081,NA,2.62582645424213,1.45223024382899,0.686723242639147,NA,NA,6.44929784252202,2.53954677895919
3,"inad_unconstrained","rolling_one_step",6,1,10,2,6.57,0.45687895972389,2.56365248883563,3.11819014626187,0.109980194484033,1,1,20.8849,4.57
3,"inad_constrained_alpha","rolling_one_step",6,1,10,2,6.27,0.507092125991347,2.4332221275922,3.25200405902121,0.121601622383012,1,1,18.2329,4.27
3,"nb_glm","rolling_one_step",6,1,10,2,6.26777007264886,NA,2.64714902072727,3.35531980267559,0.117243163787683,NA,NA,18.2138613929973,4.26777007264886
3,"poisson_glm","rolling_one_step",6,1,10,2,6.49143958653997,NA,3.48579973074508,3.88330424406279,0.0435662834750246,NA,NA,20.1730295595383,4.49143958653997
3,"inad_unconstrained","rolling_one_step",6,1,11,6,6.55,0.421487265705045,2.6222395446891,1.1501133888,0.476261763667837,1,1,0.3025,0.55
3,"inad_constrained_alpha","rolling_one_step",6,1,11,6,6.31,0.37570002002995,2.29346018521705,0.920117951388889,0.497950930566915,1,1,0.0960999999999998,0.31
3,"nb_glm","rolling_one_step",6,1,11,6,7.19490613014442,NA,2.46121817148033,1.25823039865086,0.453859561964978,NA,NA,1.42780065985672,1.19490613014442
3,"poisson_glm","rolling_one_step",6,1,11,6,7.46045322104081,NA,2.12580946442208,1.10035014739094,0.279823761782644,NA,NA,2.13292361084846,1.46045322104081
3,"inad_unconstrained","rolling_one_step",6,1,12,4,6.99,0.432865715058062,3.02022329356229,1.8759115569719,0.289142315197781,1,1,8.9401,2.99
3,"inad_constrained_alpha","rolling_one_step",6,1,12,4,7.7,0.486068540704525,2.74016025502044,2.2680965632,0.236603844673131,1,1,13.69,3.7
3,"nb_glm","rolling_one_step",6,1,12,4,7.19490613014442,NA,2.44478981757938,1.90344075143958,0.213183162248078,NA,NA,10.2074251804344,3.19490613014442
3,"poisson_glm","rolling_one_step",6,1,12,4,7.46045322104081,NA,2.68809212695686,2.30903707401064,0.116148656009407,NA,NA,11.9747364950117,3.46045322104081
3,"inad_unconstrained","rolling_one_step",7,1,1,6,4.03,0.228059446441298,2.16206066487855,1.2327803862727,0.834007365402292,1,1,3.8809,1.97
3,"inad_constrained_alpha","rolling_one_step",7,1,1,6,4.13,0.264252328143562,2.23335626114734,1.23427429712585,0.750364848460273,1,1,3.4969,1.87
3,"nb_glm","rolling_one_step",7,1,1,6,4.10956764017498,NA,2.48120972765951,1.3108511454926,0.762588566200226,NA,NA,3.5737345070736,1.89043235982502
3,"poisson_glm","rolling_one_step",7,1,1,6,4.06630056097883,NA,2.26193453678441,1.16019145603683,0.768784016479106,NA,NA,3.73919352047077,1.93369943902117
3,"inad_unconstrained","rolling_one_step",7,1,2,2,2.59,0.18645821694596,1.48110016363932,0.48149599058518,0.413071107431609,1,1,0.3481,0.59
3,"inad_constrained_alpha","rolling_one_step",7,1,2,2,2.45,0.201195919391517,1.80975831890425,0.558769474880286,0.547226733663266,1,1,0.2025,0.45
3,"nb_glm","rolling_one_step",7,1,2,2,2.32784072691066,NA,1.58485335150105,0.448307878115311,0.573136898440169,NA,NA,0.10747954222131,0.327840726910659
3,"poisson_glm","rolling_one_step",7,1,2,2,2.29216904531996,NA,1.38398156607681,0.372259183254966,0.560988469237573,NA,NA,0.0853627510431751,0.292169045319957
3,"inad_unconstrained","rolling_one_step",7,1,3,4,5.06,0.240714424876106,2.0790876220159,0.721738836244029,0.363496874959241,1,1,1.1236,1.06
3,"inad_constrained_alpha","rolling_one_step",7,1,3,4,5.3,0.295590489315433,2.36373951614738,0.936152441827061,0.350956553483019,1,1,1.69,1.3
3,"nb_glm","rolling_one_step",7,1,3,4,5.46031337762202,NA,2.16453402000311,0.994478947656659,0.432883077365958,NA,NA,2.13251516086184,1.46031337762202
3,"poisson_glm","rolling_one_step",7,1,3,4,5.41596554685875,NA,1.93185624890524,0.917162409786422,0.333816722667293,NA,NA,2.00495842989099,1.41596554685875
3,"inad_unconstrained","rolling_one_step",7,1,4,3,3.72,0.250687942359509,1.83642656598642,0.675201600492459,0.462596923575242,1,1,0.5184,0.72
3,"inad_constrained_alpha","rolling_one_step",7,1,4,3,3.51,0.219040607830575,1.73101101606975,0.531954285934134,0.529240139012057,1,1,0.2601,0.51
3,"nb_glm","rolling_one_step",7,1,4,3,3.65234344310232,NA,1.88209792158626,0.647402378904717,0.499761872050519,NA,NA,0.425551967758584,0.652343443102316
3,"poisson_glm","rolling_one_step",7,1,4,3,3.61024849617683,NA,1.62604184858935,0.536655575065923,0.313269794220332,NA,NA,0.372403227086082,0.61024849617683
3,"inad_unconstrained","rolling_one_step",7,1,5,7,5.8,0.302514712890384,2.25955863354136,1.04439582342449,0.618734134709069,1,1,1.44,1.2
3,"inad_constrained_alpha","rolling_one_step",7,1,5,7,5.55,0.280106401139988,2.9448738563205,1.12525095652174,0.654312573217159,1,1,2.1025,1.45
3,"nb_glm","rolling_one_step",7,1,5,7,5.73046620937672,NA,2.48867509040815,1.20546169215047,0.695481093172859,NA,NA,1.61171604553431,1.26953379062328
3,"poisson_glm","rolling_one_step",7,1,5,7,5.68627092786156,NA,2.10905125936954,0.892214050948015,0.739906282055108,NA,NA,1.72588407498172,1.31372907213844
3,"inad_unconstrained","rolling_one_step",7,1,6,3,3.57,0.210461253901851,1.81872698888701,0.560647042410714,0.46553063450641,1,1,0.3249,0.57
3,"inad_constrained_alpha","rolling_one_step",7,1,6,3,3.03,0.198710489370487,1.69529293346767,0.472840834710744,0.515511459084651,1,1,0.000899999999999988,0.0299999999999998
3,"nb_glm","rolling_one_step",7,1,6,3,3.65234344310232,NA,1.85227624949403,0.600284185078921,0.410686852441327,NA,NA,0.425551967758584,0.652343443102316
3,"poisson_glm","rolling_one_step",7,1,6,3,3.61024849617683,NA,1.60726058403042,0.508732964967344,0.480671198967477,NA,NA,0.372403227086082,0.61024849617683
3,"inad_unconstrained","rolling_one_step",7,1,7,2,4.66,0.287173617988643,2.10528999440993,1.50203834720571,0.11736977703203,1,1,7.0756,2.66
3,"inad_constrained_alpha","rolling_one_step",7,1,7,2,5.07,0.314387331073302,2.28509193554653,1.80728614504625,0.12906868170577,1,1,9.4249,3.07
3,"nb_glm","rolling_one_step",7,1,7,2,4.0495942293184,NA,1.97067818003065,1.2251564220323,0.293408917864948,NA,NA,4.20083650485529,2.0495942293184
3,"poisson_glm","rolling_one_step",7,1,7,2,4.03347298905053,NA,2.03490829193035,1.32223319123491,0.166694452368814,NA,NA,4.13501239719809,2.03347298905053
3,"inad_unconstrained","rolling_one_step",7,1,8,10,7.25,0.361080029742421,2.45913979010015,1.77998769750072,0.75342338858486,1,1,7.5625,2.75
3,"inad_constrained_alpha","rolling_one_step",7,1,8,10,7.09,0.333664986524393,2.35522882647947,1.79687577617065,0.788464524681147,1,1,8.4681,2.91
3,"nb_glm","rolling_one_step",7,1,8,10,7.83406566263456,NA,2.77215817344885,1.84973307680552,0.759935476826124,NA,NA,4.69127155377867,2.16593433736544
3,"poisson_glm","rolling_one_step",7,1,8,10,7.8470142577568,NA,2.40423778801355,1.36228085304497,0.733468822699368,NA,NA,4.6353476063025,2.1529857422432
3,"inad_unconstrained","rolling_one_step",7,1,9,16,7.68,0.348120494639254,3.37691824850707,6.17870387819592,0.97552942494775,0,1,69.2224,8.32
3,"inad_constrained_alpha","rolling_one_step",7,1,9,16,7.84,0.354400902933387,4.08935702071106,5.87775381944444,0.957610388994333,0,1,66.5856,8.16
3,"nb_glm","rolling_one_step",7,1,9,16,8.14625667046106,NA,3.67419884665265,5.78406609251829,0.95497392419459,NA,NA,61.6812842862774,7.85374332953894
3,"poisson_glm","rolling_one_step",7,1,9,16,8.16244724914428,NA,4.35861708147383,5.87057212128942,0.977336159274437,NA,NA,61.4272331224461,7.83755275085572
3,"inad_unconstrained","rolling_one_step",7,1,10,7,4.89,0.270388796014371,2.45062910043224,1.28966899700489,0.725309531615199,1,1,4.4521,2.11
3,"inad_constrained_alpha","rolling_one_step",7,1,10,7,5.41,0.346146171027749,2.50873673123952,1.16566497788762,0.672737393519661,1,1,2.5281,1.59
3,"nb_glm","rolling_one_step",7,1,10,7,4.78198732273245,NA,2.69963407647409,1.43444916457729,0.707911524410734,NA,NA,4.91958023651956,2.21801267726755
3,"poisson_glm","rolling_one_step",7,1,10,7,4.76972333594875,NA,2.46441569442332,1.25180016387862,0.720757278497255,NA,NA,4.97413399821158,2.23027666405125
3,"inad_unconstrained","rolling_one_step",7,1,11,6,6.85,0.350288481400717,1.988764574797,0.928671725079,0.518723609124022,1,1,0.722499999999999,0.85
3,"inad_constrained_alpha","rolling_one_step",7,1,11,6,6.37,0.302399494949073,2.36373951614738,0.809156025567365,0.52126313489258,1,1,0.1369,0.37
3,"nb_glm","rolling_one_step",7,1,11,6,6.76827268778404,NA,2.36149413543109,0.973002458916976,0.449639993398236,NA,NA,0.590242922794912,0.768272687784039
3,"poisson_glm","rolling_one_step",7,1,11,6,6.7709906969694,NA,1.96682148575671,0.735886010805527,0.451043662091506,NA,NA,0.594426654813361,0.7709906969694
3,"inad_unconstrained","rolling_one_step",7,1,12,7,5.84,0.301752457246905,2.11387373810132,0.946805391190007,0.622374746512928,1,1,1.3456,1.16
3,"inad_constrained_alpha","rolling_one_step",7,1,12,7,5.82,0.330405321942121,2.49247621036774,1.04086491534534,0.598302833616493,1,1,1.3924,1.18
3,"nb_glm","rolling_one_step",7,1,12,7,5.8961126425659,NA,2.54878265413159,1.17893779503326,0.594465761161088,NA,NA,1.21856729790283,1.1038873574341
3,"poisson_glm","rolling_one_step",7,1,12,7,5.8915290731183,NA,2.12023242808533,0.834911823571374,0.590164066655594,NA,NA,1.22870779574197,1.1084709268817
3,"inad_unconstrained","rolling_one_step",8,1,1,2,4.13,0.439617602426969,1.9696032613126,1.25360734351246,0.304179474705058,1,1,4.5369,2.13
3,"inad_constrained_alpha","rolling_one_step",8,1,1,2,4.59,0.340853059368415,2.55609974218455,1.43402968076558,0.233775497404779,1,1,6.7081,2.59
3,"nb_glm","rolling_one_step",8,1,1,2,4.41430217478565,NA,2.09000061828227,1.54375275424642,0.253970643168369,NA,NA,5.82885499117474,2.41430217478565
3,"poisson_glm","rolling_one_step",8,1,1,2,4.21601225040204,NA,2.15566644107987,1.55521788658628,0.118364103841315,NA,NA,4.9107102939319,2.21601225040204
3,"inad_unconstrained","rolling_one_step",8,1,2,5,4.16,0.413587409690558,3.00396277269051,1.24845189465198,0.602438543806707,1,1,0.7056,0.84
3,"inad_constrained_alpha","rolling_one_step",8,1,2,5,3.54,0.25362821752966,2.41584298434682,1.05559312397212,0.682963475548885,1,1,2.1316,1.46
3,"nb_glm","rolling_one_step",8,1,2,5,3.11883666812581,NA,2.49809268234131,1.17415516471963,0.715519839878786,NA,NA,3.53877548118801,1.88116333187419
3,"poisson_glm","rolling_one_step",8,1,2,5,2.96990690363657,NA,2.40813483252946,1.14374533626512,0.808008984976531,NA,NA,4.12127797990247,2.03009309636343
3,"inad_unconstrained","rolling_one_step",8,1,3,1,4.1,0.340973057971779,1.98025388512909,1.69969819563153,0.129610613358911,1,1,9.61,3.1
3,"inad_constrained_alpha","rolling_one_step",8,1,3,1,4,0.268553927770964,2.44204535674085,1.86090557372176,0.123892019271473,1,1,9,3
3,"nb_glm","rolling_one_step",8,1,3,1,3.84547491826623,NA,2.08536578916439,1.68333456144062,0.175639951580032,NA,NA,8.09672751048219,2.84547491826623
3,"poisson_glm","rolling_one_step",8,1,3,1,3.6684083404492,NA,2.41515877112615,1.80695936435343,0.0734981033105595,NA,NA,7.12040307137888,2.6684083404492
3,"inad_unconstrained","rolling_one_step",8,1,4,2,4.47,0.36802914904319,2.2216527620808,1.44515245543337,0.220346451030413,1,1,6.1009,2.47
3,"inad_constrained_alpha","rolling_one_step",8,1,4,2,3.42,0.302908460353182,1.72512231143356,0.873556443753973,0.416271712304633,1,1,2.0164,1.42
3,"nb_glm","rolling_one_step",8,1,4,2,3.50927300402891,NA,1.86744942788829,1.02977708641771,0.2992103989621,NA,NA,2.27790500069046,1.50927300402891
3,"poisson_glm","rolling_one_step",8,1,4,2,3.34507004742223,NA,1.7549379760948,0.958142465136411,0.317271293783988,NA,NA,1.80921343247245,1.34507004742223
3,"inad_unconstrained","rolling_one_step",8,1,5,1,4.14,0.341423046922285,2.1474903489003,1.90713806433987,0.138306483311813,1,1,9.8596,3.14
3,"inad_constrained_alpha","rolling_one_step",8,1,5,1,4.97,0.284429253066558,2.96211566275501,2.56751684564249,0.0567210899940771,0,1,15.7609,3.97
3,"nb_glm","rolling_one_step",8,1,5,1,4.662711994883,NA,2.39265129782697,2.32841743872896,0.134088304896877,NA,NA,13.4154591574598,3.662711994883
3,"poisson_glm","rolling_one_step",8,1,5,1,4.45534801399603,NA,2.96686209541564,2.52201853081674,0.0304146973465469,NA,NA,11.9394298978263,3.45534801399603
3,"inad_unconstrained","rolling_one_step",8,1,6,4,4.36,0.356050161033129,1.93654239905171,0.836742602923522,0.500993355430757,1,1,0.1296,0.36
3,"inad_constrained_alpha","rolling_one_step",8,1,6,4,3.62,0.261996992811796,1.63565581048816,0.677789827639274,0.643608491428058,1,1,0.1444,0.38
3,"nb_glm","rolling_one_step",8,1,6,4,3.50927300402891,NA,2.10957922586671,0.758448715412146,0.61781443067786,NA,NA,0.240812984574806,0.490726995971086
3,"poisson_glm","rolling_one_step",8,1,6,4,3.34507004742223,NA,1.80474632065412,0.589168592758458,0.527711056375213,NA,NA,0.428933242783514,0.654929952577765
3,"inad_unconstrained","rolling_one_step",8,1,7,5,5.32,0.517156170852195,2.56365248883563,1.41775729852573,0.519397316916583,1,1,0.1024,0.32
3,"inad_constrained_alpha","rolling_one_step",8,1,7,5,4.63,0.341315044491097,2.110973489293,0.9349377216,0.495501610000767,1,1,0.1369,0.37
3,"nb_glm","rolling_one_step",8,1,7,5,4.08347069244466,NA,2.38767184652237,1.11333108853605,0.527039528168938,NA,NA,0.840025971607868,0.916529307555338
3,"poisson_glm","rolling_one_step",8,1,7,5,3.92372831922005,NA,2.07346017780619,0.904719611300157,0.622814363114378,NA,NA,1.1583607308489,1.07627168077995
3,"inad_unconstrained","rolling_one_step",8,1,8,4,7.4,0.570486235990445,2.18049955194161,2.31014307195366,0.311781424587009,1,1,11.56,3.4
3,"inad_constrained_alpha","rolling_one_step",8,1,8,4,8.14,0.484511625403886,2.74812842466962,2.44705308641975,0.196466430193164,1,1,17.1396,4.14
3,"nb_glm","rolling_one_step",8,1,8,4,6.9563129556671,NA,2.48472125538727,2.21406468185472,0.244242045548147,NA,NA,8.73978629184515,2.9563129556671
3,"poisson_glm","rolling_one_step",8,1,8,4,6.71469248210319,NA,2.46626926784678,2.16081135929685,0.129210348795059,NA,NA,7.36955527238755,2.71469248210319
3,"inad_unconstrained","rolling_one_step",8,1,9,14,6.36,0.420322146776383,4.78749174278205,5.10764669444444,0.91373689906563,0,1,58.3696,7.64
3,"inad_constrained_alpha","rolling_one_step",8,1,9,14,10.2,0.481160213977789,2.92835687108122,2.34387928145087,0.734189382790814,1,1,14.44,3.8
3,"nb_glm","rolling_one_step",8,1,9,14,8.31556240487806,NA,3.46634590722587,3.25518379488897,0.785093315608776,NA,NA,32.3128307728357,5.68443759512194
3,"poisson_glm","rolling_one_step",8,1,9,14,8.03898473182464,NA,3.86767328987434,3.50516328296041,0.851023513482529,NA,NA,35.5337030274197,5.96101526817536
3,"inad_unconstrained","rolling_one_step",8,1,10,4,5.36,0.391969901957286,2.15572084803682,1.08962137866165,0.41496346798693,1,1,1.8496,1.36
3,"inad_constrained_alpha","rolling_one_step",8,1,10,4,5.63,0.313228544695596,2.04483368678845,1.05570366717803,0.279207773602042,1,1,2.6569,1.63
3,"nb_glm","rolling_one_step",8,1,10,4,6.10485568962371,NA,2.27597399191572,1.33792183682003,0.33495629857529,NA,NA,4.43041747414132,2.10485568962371
3,"poisson_glm","rolling_one_step",8,1,10,4,5.88623675479232,NA,2.09387903859747,1.24082696304039,0.250598836940813,NA,NA,3.55788909512947,1.88623675479232
3,"inad_unconstrained","rolling_one_step",8,1,11,16,4.84,0.379452023823616,4.77068462446567,8.41731331513933,0.996546197585935,0,0,124.5456,11.16
3,"inad_constrained_alpha","rolling_one_step",8,1,11,16,6.03,0.376441337804552,4.80402104473326,7.06461214055362,0.952982484760053,0,0,99.4009,9.97
3,"nb_glm","rolling_one_step",8,1,11,16,5.77961447694664,NA,4.31354451845675,7.27939079290832,0.958039775414944,NA,NA,104.456280239839,10.2203855230534
3,"poisson_glm","rolling_one_step",8,1,11,16,5.57003542462065,NA,4.78835362604419,7.90850130963047,0.965686527142203,NA,NA,108.784161043668,10.4299645753793
3,"inad_unconstrained","rolling_one_step",8,1,12,11,6.04,0.494396887963792,3.73893025507181,2.98560362080724,0.76731447477902,1,1,24.6016,4.96
3,"inad_constrained_alpha","rolling_one_step",8,1,12,11,7.4,0.504124403437697,2.920752271696,2.29318489598508,0.684436940711617,1,1,12.96,3.6
3,"nb_glm","rolling_one_step",8,1,12,11,6.10485568962371,NA,3.36477566608378,2.73748755350517,0.772581513685095,NA,NA,23.9624378194093,4.89514431037629
3,"poisson_glm","rolling_one_step",8,1,12,11,5.88623675479232,NA,3.75499392234129,2.93740161165082,0.835144983956456,NA,NA,26.150574528037,5.11376324520768
3,"inad_unconstrained","rolling_one_step",9,1,1,6,2.91,0.260959767013998,3.10998173662906,2.03413355000392,0.840114946033871,1,1,9.5481,3.09
3,"inad_constrained_alpha","rolling_one_step",9,1,1,6,2.33,0.196461114974363,3.09212411922906,2.53419831994156,0.915472308103633,0,1,13.4689,3.67
3,"nb_glm","rolling_one_step",9,1,1,6,3.00172728835668,NA,2.8360925223456,1.94919648283823,0.879838976591136,NA,NA,8.98963925338499,2.99827271164332
3,"poisson_glm","rolling_one_step",9,1,1,6,2.95485238578424,NA,2.95862656450539,1.98701419330087,0.920036313260787,NA,NA,9.27292399236395,3.04514761421576
3,"inad_unconstrained","rolling_one_step",9,1,2,6,3.41,0.278921081485372,3.12752604627997,1.73577361814745,0.817236274721344,1,1,6.7081,2.59
3,"inad_constrained_alpha","rolling_one_step",9,1,2,6,3.92,0.239814743314733,2.22446731373009,1.2835198182398,0.776651891320507,1,1,4.3264,2.08
3,"nb_glm","rolling_one_step",9,1,2,6,3.98834454222274,NA,2.5209573794817,1.34165782005603,0.754287022087368,NA,NA,4.04675768080505,2.01165545777726
3,"poisson_glm","rolling_one_step",9,1,2,6,3.93561136897576,NA,2.33053926442,1.22254678200926,0.815776217061813,NA,NA,4.26170041990214,2.06438863102424
3,"inad_unconstrained","rolling_one_step",9,1,3,1,2.86,0.225639383337952,1.626845180806,1.01515070874775,0.269823234479965,1,1,3.4596,1.86
3,"inad_constrained_alpha","rolling_one_step",9,1,3,1,2.21,0.199643621880529,1.5219386664839,0.654449857966074,0.325430485474172,1,1,1.4641,1.21
3,"nb_glm","rolling_one_step",9,1,3,1,2.54199283363447,NA,1.59214777008152,0.836081466598452,0.255941738746989,NA,NA,2.37774189898007,1.54199283363447
3,"poisson_glm","rolling_one_step",9,1,3,1,2.49874394073667,NA,1.64812680123043,0.891997750216706,0.179283128936921,NA,NA,2.24623339989489,1.49874394073667
3,"inad_unconstrained","rolling_one_step",9,1,4,3,2.85,0.250806779023296,1.72220038638759,0.617615639439267,0.51936403318879,1,1,0.0225,0.15
3,"inad_constrained_alpha","rolling_one_step",9,1,4,3,2.53,0.203233954850169,1.86694910725252,0.588402702702703,0.600011084605898,1,1,0.2209,0.47
3,"nb_glm","rolling_one_step",9,1,4,3,3.00172728835668,NA,1.84479424521321,0.564885695779862,0.591662220984089,NA,NA,2.98352506711965e-06,0.00172728835667924
3,"poisson_glm","rolling_one_step",9,1,4,3,2.95485238578424,NA,1.56521917815831,0.429753973291343,0.54139246308209,NA,NA,0.00203830706937526,0.0451476142157619
3,"inad_unconstrained","rolling_one_step",9,1,5,4,2.23,0.192723699223589,2.76405381978994,1.18800541294643,0.817535995776873,1,1,3.1329,1.77
3,"inad_constrained_alpha","rolling_one_step",9,1,5,4,2.07,0.163456972375552,2.89128961018639,1.34803200909014,0.838512567012152,1,1,3.7249,1.93
3,"nb_glm","rolling_one_step",9,1,5,4,2.54199283363447,NA,2.21588651608854,0.977798314946972,0.784620915786139,NA,NA,2.12578489717324,1.45800716636553
3,"poisson_glm","rolling_one_step",9,1,5,4,2.49874394073667,NA,2.04542531589244,0.902207284934481,0.791345122602349,NA,NA,2.25376975547486,1.50125605926333
3,"inad_unconstrained","rolling_one_step",9,1,6,4,3.65,0.269070603929507,1.89361735433468,0.686490158510311,0.609097609000869,1,1,0.1225,0.35
3,"inad_constrained_alpha","rolling_one_step",9,1,6,4,3.2,0.242462118253303,1.95427839872583,0.753905093875039,0.676749057521647,1,1,0.64,0.8
3,"nb_glm","rolling_one_step",9,1,6,4,3.70108095650531,NA,2.05011942510809,0.696976199747039,0.533004498934792,NA,NA,0.0893525945637797,0.298919043494689
3,"poisson_glm","rolling_one_step",9,1,6,4,3.64981310475906,NA,1.71991144683695,0.511826107222698,0.623236895613751,NA,NA,0.122630861598492,0.350186895240945
3,"inad_unconstrained","rolling_one_step",9,1,7,1,4.71,0.30328004859995,2.45062910043224,2.29683330411279,0.0798545227237802,1,1,13.7641,3.71
3,"inad_constrained_alpha","rolling_one_step",9,1,7,1,5.42,0.317560143035055,2.80772888329261,2.83664137628753,0.066720005807021,0,1,19.5364,4.42
3,"nb_glm","rolling_one_step",9,1,7,1,5.22191117476024,NA,2.52516426030908,2.50466251769143,0.0477231231298936,NA,NA,17.8245339675654,4.22191117476024
3,"poisson_glm","rolling_one_step",9,1,7,1,5.19958041882927,NA,3.40154534919405,2.99611544032646,0.0404589788369329,NA,NA,17.6364756942142,4.19958041882927
3,"inad_unconstrained","rolling_one_step",9,1,8,0,4.96,0.354742757843517,3.68223491139527,3.32527341666667,0.0118802386858345,0,0,24.6016,4.96
3,"inad_constrained_alpha","rolling_one_step",9,1,8,0,5.52,0.380717026865695,3.69053371420996,3.79310253397992,0.0173705294137544,0,0,30.4704,5.52
3,"nb_glm","rolling_one_step",9,1,8,0,4.84579900278537,NA,3.10868238977456,3.35469538411999,0.0201006600768572,NA,NA,23.4817679753957,4.84579900278537
3,"poisson_glm","rolling_one_step",9,1,8,0,4.82199459567842,NA,4.20074014123353,3.78025434132628,0.00583463952351272,NA,NA,23.2516318807519,4.82199459567842
3,"inad_unconstrained","rolling_one_step",9,1,9,11,7.35,0.339451429113611,3.67386666172475,2.30986515782784,0.793139758801612,1,1,13.3225,3.65
3,"inad_constrained_alpha","rolling_one_step",9,1,9,11,9.58,0.40804535299524,2.50873673123952,1.27191292924037,0.66636771258162,1,1,2.0164,1.42
3,"nb_glm","rolling_one_step",9,1,9,11,7.60297816333125,NA,3.03549030702603,2.20818395740482,0.764219736720839,NA,NA,11.5397573588043,3.39702183666875
3,"poisson_glm","rolling_one_step",9,1,9,11,7.5948145156069,NA,2.8500085017719,1.97551879371188,0.830958428509015,NA,NA,11.5952881831215,3.4051854843931
3,"inad_unconstrained","rolling_one_step",9,1,10,7,4.73,0.372774202514882,2.56461043185246,1.65987610600402,0.743296122175594,1,1,5.1529,2.27
3,"inad_constrained_alpha","rolling_one_step",9,1,10,7,4.93,0.334318241902363,2.2133539592661,1.30048820138889,0.746150551843147,1,1,4.2849,2.07
3,"nb_glm","rolling_one_step",9,1,10,7,4.84579900278537,NA,2.65401430200077,1.42722256977159,0.744620249808493,NA,NA,4.6405819364005,2.15420099721463
3,"poisson_glm","rolling_one_step",9,1,10,7,4.82199459567842,NA,2.40985410073737,1.2464378783583,0.798142217623697,NA,NA,4.743707541254,2.17800540432158
3,"inad_unconstrained","rolling_one_step",9,1,11,10,7.46,0.361372244354625,2.60611016275922,1.56388764624232,0.735839863499263,1,1,6.4516,2.54
3,"inad_constrained_alpha","rolling_one_step",9,1,11,10,9.95,0.411544270849063,2.32625000804004,1.13172171566077,0.481874045333205,1,1,0.00250000000000007,0.0500000000000007
3,"nb_glm","rolling_one_step",9,1,11,10,8.00332086763464,NA,2.84996657842582,1.67418473086951,0.67481785156153,NA,NA,3.98672755762327,1.99667913236536
3,"poisson_glm","rolling_one_step",9,1,11,10,7.9982349564658,NA,2.42047072087293,1.23536040056755,0.730817562369289,NA,NA,4.00706328951547,2.0017650435342
3,"inad_unconstrained","rolling_one_step",9,1,12,3,6.32,0.376287017038748,2.00160599239878,2.06613895467791,0.191805184084159,1,1,11.0224,3.32
3,"inad_constrained_alpha","rolling_one_step",9,1,12,3,7.51,0.40364375732604,2.76387678163776,2.94773157348633,0.10201433837743,1,1,20.3401,4.51
3,"nb_glm","rolling_one_step",9,1,12,3,6.93826551619509,NA,2.5225480344806,2.49506764448202,0.205167200070661,NA,NA,15.5099352760514,3.93826551619509
3,"poisson_glm","rolling_one_step",9,1,12,3,6.92539766409247,NA,2.98124192167082,2.85579027464106,0.0897465362503304,NA,NA,15.4087468212626,3.92539766409247
3,"inad_unconstrained","rolling_one_step",10,1,1,1,5.96,0.273000536500009,4.75359019110636,3.4695692627824,0.0251738629885146,0,0,24.6016,4.96
3,"inad_constrained_alpha","rolling_one_step",10,1,1,1,4.92,0.272911722138878,3.14476785271448,2.65342181313463,0.0526645704213944,0,1,15.3664,3.92
3,"nb_glm","rolling_one_step",10,1,1,1,5.22867618764066,NA,2.52715805462155,2.50858945726896,0.0799169404260863,NA,NA,17.8817022999191,4.22867618764066
3,"poisson_glm","rolling_one_step",10,1,1,1,5.33310577278251,NA,3.48080136854711,3.10112559654218,0.0153719460899067,NA,NA,18.7758056381211,4.33310577278251
3,"inad_unconstrained","rolling_one_step",10,1,2,8,5.64,0.277986991920067,1.9716701414377,1.41952431629013,0.700870660002733,1,1,5.5696,2.36
3,"inad_constrained_alpha","rolling_one_step",10,1,2,8,4.64,0.276164202362773,3.35116575240466,2.15477070699433,0.839555539282484,1,1,11.2896,3.36
3,"nb_glm","rolling_one_step",10,1,2,8,5.22867618764066,NA,2.7647814549124,1.85643942967475,0.770202306260131,NA,NA,7.68023567294991,2.77132381235934
3,"poisson_glm","rolling_one_step",10,1,2,8,5.33310577278251,NA,2.56536403169987,1.61615172832052,0.797387130200949,NA,NA,7.11232481916597,2.66689422721749
3,"inad_unconstrained","rolling_one_step",10,1,3,0,2.43,0.217076535402199,1.91100909704655,1.5487002303805,0.0662476324024289,1,1,5.9049,2.43
3,"inad_constrained_alpha","rolling_one_step",10,1,3,0,3.27,0.233919177961496,2.44204535674085,2.22745535820452,0.0399686763663214,0,1,10.6929,3.27
3,"nb_glm","rolling_one_step",10,1,3,0,3.12842255227997,NA,2.33280197299027,2.03606153864094,0.0171980964508316,NA,NA,9.78702766561392,3.12842255227997
3,"poisson_glm","rolling_one_step",10,1,3,0,3.1769262497873,NA,3.10241792988262,2.32892680383483,0.0348964997284576,NA,NA,10.0928603965876,3.1769262497873
3,"inad_unconstrained","rolling_one_step",10,1,4,3,3.57,0.261021691114595,1.72512231143356,0.659985671915825,0.381921599121342,1,1,0.3249,0.57
3,"inad_constrained_alpha","rolling_one_step",10,1,4,3,4.16,0.275505045875807,1.90235103430343,0.748702079395085,0.414591918710052,1,1,1.3456,1.16
3,"nb_glm","rolling_one_step",10,1,4,3,4.15668240767572,NA,1.98438687799569,0.887967521195167,0.344360337030126,NA,NA,1.33791419222649,1.15668240767572
3,"poisson_glm","rolling_one_step",10,1,4,3,4.23139481593494,NA,1.80700975876556,0.853638226090736,0.305961351273147,NA,NA,1.51633319271145,1.23139481593494
3,"inad_unconstrained","rolling_one_step",10,1,5,4,4.09,0.23098165566236,1.88480672465252,0.598737778996006,0.487859791548906,1,1,0.00809999999999998,0.0899999999999999
3,"inad_constrained_alpha","rolling_one_step",10,1,5,4,4.18,0.268696817617887,2.08789825169806,0.683088519544475,0.487575388483421,1,1,0.0323999999999999,0.18
3,"nb_glm","rolling_one_step",10,1,5,4,4.55490864448679,NA,2.0475564949173,0.711352147663085,0.482765688831741,NA,NA,0.307923603726172,0.554908644486795
3,"poisson_glm","rolling_one_step",10,1,5,4,4.64040627384504,NA,1.74766932534698,0.583535053938763,0.335091588741346,NA,NA,0.41012019558009,0.640406273845041
3,"inad_unconstrained","rolling_one_step",10,1,6,6,4.74,0.294604682909011,2.56461043185246,1.06529663889687,0.704656235136139,1,1,1.5876,1.26
3,"inad_constrained_alpha","rolling_one_step",10,1,6,6,4.46,0.268335686042763,2.09663193166681,1.05225678638941,0.719743383737443,1,1,2.3716,1.54
3,"nb_glm","rolling_one_step",10,1,6,6,4.55490864448679,NA,2.4516291679855,1.12440678305767,0.661527984858866,NA,NA,2.08828902577899,1.44509135551321
3,"poisson_glm","rolling_one_step",10,1,6,6,4.64040627384504,NA,2.09505364705718,0.860681179479904,0.691642462586598,NA,NA,1.84849510019992,1.35959372615496
3,"inad_unconstrained","rolling_one_step",10,1,7,5,3.92,0.250526717863856,1.96301207869458,0.800955251417769,0.620221385812063,1,1,1.1664,1.08
3,"inad_constrained_alpha","rolling_one_step",10,1,7,5,4.99,0.335897711702942,2.31815279780742,0.910227939718422,0.512115554528886,1,1,9.99999999999957e-05,0.00999999999999979
3,"nb_glm","rolling_one_step",10,1,7,5,4.09602142246677,NA,2.32332396520421,0.952610232049258,0.622047916154436,NA,NA,0.817177268639011,0.903978577533235
3,"poisson_glm","rolling_one_step",10,1,7,5,4.1972344247897,NA,1.95077247646845,0.70324441550954,0.606308892559498,NA,NA,0.644432568742725,0.802765575210301
3,"inad_unconstrained","rolling_one_step",10,1,8,0,3.3,0.264193072956086,2.25090057079825,2.05873291493384,0.0555131583550702,1,1,10.89,3.3
3,"inad_constrained_alpha","rolling_one_step",10,1,8,0,3.95,0.321415744493142,2.6740204525159,2.48753450946015,0.00919938205651796,0,1,15.6025,3.95
3,"nb_glm","rolling_one_step",10,1,8,0,3.08276758623763,NA,2.31874292502344,2.03402595289472,0.0651575567614465,NA,NA,9.50345599075741,3.08276758623763
3,"poisson_glm","rolling_one_step",10,1,8,0,3.15127866830338,NA,3.09022418873743,2.33211064368231,0.0283927624006807,NA,NA,9.93055724530393,3.15127866830338
3,"inad_unconstrained","rolling_one_step",10,1,9,5,10.72,0.498093334322966,2.77165892207981,3.38983100775194,0.0802337675775192,1,1,32.7184,5.72
3,"inad_constrained_alpha","rolling_one_step",10,1,9,5,8.63,0.441223047650253,2.5006395210069,2.06809557141913,0.251036284527972,1,1,13.1769,3.63
3,"nb_glm","rolling_one_step",10,1,9,5,8.53890145848159,NA,2.60058980755379,2.18778970242606,0.259677902611227,NA,NA,12.5238235328432,3.53890145848159
3,"poisson_glm","rolling_one_step",10,1,9,5,8.80501489991993,NA,2.82110306232274,2.59188713350916,0.116456747366624,NA,NA,14.4781383886127,3.80501489991993
3,"inad_unconstrained","rolling_one_step",10,1,10,10,8.01,0.397084068650151,3.01212608332967,1.46234222354419,0.685236324674442,1,1,3.9601,1.99
3,"inad_constrained_alpha","rolling_one_step",10,1,10,10,7.24,0.410990427276757,2.38116576563615,1.63850901462619,0.655976080168661,1,1,7.6176,2.76
3,"nb_glm","rolling_one_step",10,1,10,10,7.23111203298358,NA,2.98379955171602,1.85889021436418,0.686503328654792,NA,NA,7.66674057388834,2.76888796701642
3,"poisson_glm","rolling_one_step",10,1,10,10,7.445880455863,NA,2.6226791726211,1.45386830550793,0.723412280415134,NA,NA,6.52352664574259,2.554119544137
3,"inad_unconstrained","rolling_one_step",10,1,11,4,9.56,0.415196193127874,3.7310250755647,3.68068958175863,0.118731040585498,1,1,30.9136,5.56
3,"inad_constrained_alpha","rolling_one_step",10,1,11,4,7.73,0.406725033069336,2.48424571123122,2.10321139949457,0.220939716964071,1,1,13.9129,3.73
3,"nb_glm","rolling_one_step",10,1,11,4,8.23965067747971,NA,2.600117752535,2.43264887616667,0.206255615972835,NA,NA,17.9746378670542,4.23965067747971
3,"poisson_glm","rolling_one_step",10,1,11,4,8.49384752981896,NA,3.1343856601782,3.07799384227357,0.0778161030070607,NA,NA,20.19466562126,4.49384752981896
3,"inad_unconstrained","rolling_one_step",10,1,12,2,5.28,0.300867432802575,2.03624994309706,1.8823675980975,0.103349601037816,1,1,10.7584,3.28
3,"inad_constrained_alpha","rolling_one_step",10,1,12,2,5.34,0.335514078646034,2.27665306690066,1.91890577420281,0.0969718389595085,1,1,11.1556,3.34
3,"nb_glm","rolling_one_step",10,1,12,2,5.44231474607615,NA,2.28688627857894,1.90680071570173,0.130649247483533,NA,NA,11.8495308110533,3.44231474607615
3,"poisson_glm","rolling_one_step",10,1,12,2,5.59035828656957,NA,2.84016675688774,2.40695976031233,0.0924458937571713,NA,NA,12.8906726259387,3.59035828656957
3,"inad_unconstrained","rolling_one_step",11,1,1,6,3.52,0.298643397361935,2.65677864608139,1.57933550094518,0.742467019777765,1,1,6.1504,2.48
3,"inad_constrained_alpha","rolling_one_step",11,1,1,6,3.03,0.291791748071162,2.68253114218381,1.89443453748923,0.827287638245912,1,1,8.8209,2.97
3,"nb_glm","rolling_one_step",11,1,1,6,2.83248820741445,NA,2.9686980607502,1.92625555075032,0.822187975902386,NA,NA,10.0331309561685,3.16751179258555
3,"poisson_glm","rolling_one_step",11,1,1,6,2.7379219505219,NA,3.1972034866261,2.02162621087835,0.866502632918234,NA,NA,10.6411532008868,3.2620780494781
3,"inad_unconstrained","rolling_one_step",11,1,2,6,6.18,0.421488463961382,2.8330466912769,1.17467793055556,0.524345710219233,1,1,0.0323999999999999,0.18
3,"inad_constrained_alpha","rolling_one_step",11,1,2,6,5.95,0.331319675348035,2.03624994309706,0.806056651307967,0.537183247155205,1,1,0.00249999999999998,0.0499999999999998
3,"nb_glm","rolling_one_step",11,1,2,6,5.24787363320215,NA,2.40579299462684,1.01231452873464,0.605359913034619,NA,NA,0.565694071632535,0.75212636679785
3,"poisson_glm","rolling_one_step",11,1,2,6,5.09947599787719,NA,2.0119294390516,0.734935086410127,0.555784930905731,NA,NA,0.81094347839928,0.900524002122808
3,"inad_unconstrained","rolling_one_step",11,1,3,1,2.92,0.217738607073025,1.5823738424426,1.02314433393375,0.241604912836368,1,1,3.6864,1.92
3,"inad_constrained_alpha","rolling_one_step",11,1,3,1,3.14,0.275615014764501,1.59118447212475,1.0984674976916,0.340464961693557,1,1,4.5796,2.14
3,"nb_glm","rolling_one_step",11,1,3,1,2.13180106586429,NA,1.46254903637513,0.65601387492493,0.336933643434248,NA,NA,1.28097365269154,1.13180106586429
3,"poisson_glm","rolling_one_step",11,1,3,1,2.0556285794286,NA,1.41918966540252,0.643941971205566,0.149530341176006,NA,NA,1.11435169770644,1.0556285794286
3,"inad_unconstrained","rolling_one_step",11,1,4,15,3.47,0.273567896397574,4.76217393479776,9.22893810358682,0.993117883234309,0,0,132.9409,11.53
3,"inad_constrained_alpha","rolling_one_step",11,1,4,15,3.62,0.252974227137785,4.76217393479776,9.1550994228943,0.997768597790781,0,0,129.5044,11.38
3,"nb_glm","rolling_one_step",11,1,4,15,3.76347942292129,NA,4.64752466756875,8.9789548930962,0.995575839761461,NA,NA,126.259394679113,11.2365205770787
3,"poisson_glm","rolling_one_step",11,1,4,15,3.64667853043441,NA,4.76163254987199,9.38118886820923,0.999697377015919,NA,NA,128.897908391299,11.3533214695656
3,"inad_unconstrained","rolling_one_step",11,1,5,1,4.46,0.318271848734646,2.06178324510223,2.11353952404491,0.0984295508980814,1,1,11.9716,3.46
3,"inad_constrained_alpha","rolling_one_step",11,1,5,1,4.16,0.263894683615271,2.66543670882451,1.98154563020214,0.101899423034749,1,1,9.9856,3.16
3,"nb_glm","rolling_one_step",11,1,5,1,4.12403529438704,NA,2.19800998182565,1.91969980980419,0.14573610627509,NA,NA,9.75959652057591,3.12403529438704
3,"poisson_glm","rolling_one_step",11,1,5,1,3.99917064406217,NA,2.65040098220963,2.11080162098183,0.0486069081987552,NA,NA,8.99502455220428,2.99917064406217
3,"inad_unconstrained","rolling_one_step",11,1,6,3,4.98,0.375238644603725,1.98025388512909,1.1451289648623,0.343723932506007,1,1,3.9204,1.98
3,"inad_constrained_alpha","rolling_one_step",11,1,6,3,4.66,0.314054617909533,1.87935161070345,1.03245321658075,0.299455395882515,1,1,2.7556,1.66
3,"nb_glm","rolling_one_step",11,1,6,3,4.73406753543807,NA,2.06408750634227,1.0880753421969,0.272560558665708,NA,NA,3.00699021746025,1.73406753543807
3,"poisson_glm","rolling_one_step",11,1,6,3,4.59614930020296,NA,1.91738511515785,1.03220606880581,0.286281643885465,NA,NA,2.54769258853839,1.59614930020296
3,"inad_unconstrained","rolling_one_step",11,1,7,9,5.56,0.40435008334238,2.48424571123122,2.04095512601598,0.723975388043318,1,1,11.8336,3.44
3,"inad_constrained_alpha","rolling_one_step",11,1,7,9,6.71,0.439994260752285,3.01212608332967,1.66172288320444,0.659704766694581,1,1,5.2441,2.29
3,"nb_glm","rolling_one_step",11,1,7,9,5.81866385576168,NA,2.94279647130517,1.95684684946535,0.751392669149949,NA,NA,10.1208996626371,3.18133614423832
3,"poisson_glm","rolling_one_step",11,1,7,9,5.69728059371282,NA,2.87984116057751,1.89530167826029,0.83166550044378,NA,NA,10.9079554766659,3.30271940628718
3,"inad_unconstrained","rolling_one_step",11,1,8,0,4.17,0.346717653593138,2.47594690841653,2.67285199305556,0.0606341571529629,0,1,17.3889,4.17
3,"inad_constrained_alpha","rolling_one_step",11,1,8,0,4.16,0.382633089013589,2.29346018521705,2.55127955555556,0.0722048001931786,1,1,17.3056,4.16
3,"nb_glm","rolling_one_step",11,1,8,0,2.79115199059471,NA,2.19245175688252,1.92322469246202,0.0103818325417244,NA,NA,7.79052943460078,2.79115199059471
3,"poisson_glm","rolling_one_step",11,1,8,0,2.71581848610332,NA,2.74871211437925,2.06147199482012,0.0171389736538526,NA,NA,7.37567004946055,2.71581848610332
3,"inad_unconstrained","rolling_one_step",11,1,9,2,5.97,0.453149472519217,2.27004930294265,2.46328339636679,0.187593158334494,1,1,15.7609,3.97
3,"inad_constrained_alpha","rolling_one_step",11,1,9,2,5.63,0.409151622879649,2.39707593641497,2.14363334453104,0.151938726903229,1,1,13.1769,3.63
3,"nb_glm","rolling_one_step",11,1,9,2,5.81866385576168,NA,2.45838253681981,2.50629891310474,0.106678696952099,NA,NA,14.5821936433007,3.81866385576168
3,"poisson_glm","rolling_one_step",11,1,9,2,5.69728059371282,NA,2.97245040560461,2.77254661940538,0.0575046242657204,NA,NA,13.6698837886454,3.69728059371282
3,"inad_unconstrained","rolling_one_step",11,1,10,5,6.75,0.35544111163227,2.46757865874601,1.15370869995057,0.352184784699274,1,1,3.0625,1.75
3,"inad_constrained_alpha","rolling_one_step",11,1,10,5,8.38,0.484044409015319,2.18798171025504,1.91392200806248,0.247565971268156,1,1,11.4244,3.38
3,"nb_glm","rolling_one_step",11,1,10,5,7.46021772543696,NA,2.45931067097218,1.62491901607571,0.291947096911308,NA,NA,6.05267125655419,2.46021772543696
3,"poisson_glm","rolling_one_step",11,1,10,5,7.32012321590234,NA,2.29371003518779,1.55979289497264,0.200257877417842,NA,NA,5.382971736969,2.32012321590234
3,"inad_unconstrained","rolling_one_step",11,1,11,2,5.99,0.497365788200925,2.08561440078692,2.4952799704142,0.101234442432089,1,1,15.9201,3.99
3,"inad_constrained_alpha","rolling_one_step",11,1,11,2,5.43,0.347648667420998,2.45913979010015,2.01164167624246,0.192094645942502,1,1,11.7649,3.43
3,"nb_glm","rolling_one_step",11,1,11,2,5.39957011258198,NA,2.3820766432319,2.39378991170517,0.184367609790401,NA,NA,11.5570769503606,3.39957011258198
3,"poisson_glm","rolling_one_step",11,1,11,2,5.28355252155757,NA,2.76907272422533,2.57731795384199,0.0504023677580058,NA,NA,10.7817171618271,3.28355252155757
3,"inad_unconstrained","rolling_one_step",11,1,12,2,4.48,0.35970807467987,2.1474903489003,1.48975153336521,0.216586815347887,1,1,6.1504,2.48
3,"inad_constrained_alpha","rolling_one_step",11,1,12,2,4.48,0.352617914943915,2.05334437645636,1.34803671358805,0.193802993928824,1,1,6.1504,2.48
3,"nb_glm","rolling_one_step",11,1,12,2,4.37927112181752,NA,2.06497883455913,1.45627732971967,0.176020556214258,NA,NA,5.66093107111479,2.37927112181752
3,"poisson_glm","rolling_one_step",11,1,12,2,4.2775115672043,NA,2.16948986137836,1.5382884139192,0.0989426130334876,NA,NA,5.1870589387494,2.2775115672043
3,"inad_unconstrained","rolling_one_step",12,1,1,2,3.25,0.227580599553058,2.00115862328579,0.771387555803571,0.311851212457197,1,1,1.5625,1.25
3,"inad_constrained_alpha","rolling_one_step",12,1,1,2,2.99,0.217652767666132,1.3766976995896,0.605421946747449,0.343620602790948,1,1,0.9801,0.99
3,"nb_glm","rolling_one_step",12,1,1,2,3.2881461223967,NA,1.73331871571269,0.703884229418522,0.318057592002878,NA,NA,1.65932043264564,1.2881461223967
3,"poisson_glm","rolling_one_step",12,1,1,2,3.45020224465242,NA,1.71795707385749,0.823884185897628,0.316366369071236,NA,NA,2.10308655039493,1.45020224465242
3,"inad_unconstrained","rolling_one_step",12,1,2,2,3.07,0.218468036170701,1.94546776904368,0.721870287414833,0.333978359626041,1,1,1.1449,1.07
3,"inad_constrained_alpha","rolling_one_step",12,1,2,2,2.95,0.209074439404058,1.55734059353482,0.60773136483932,0.280677875279834,1,1,0.9025,0.95
3,"nb_glm","rolling_one_step",12,1,2,2,3.2881461223967,NA,1.7690969578245,0.782551477949033,0.295118786589649,NA,NA,1.65932043264564,1.2881461223967
3,"poisson_glm","rolling_one_step",12,1,2,2,3.45020224465242,NA,1.74519752013754,0.880126424171893,0.20474543696906,NA,NA,2.10308655039493,1.45020224465242
3,"inad_unconstrained","rolling_one_step",12,1,3,1,0.54,0.0809289500086029,1.59995916847956,0.421543365079365,0.672214867078477,1,1,0.2116,0.46
3,"inad_constrained_alpha","rolling_one_step",12,1,3,1,0.95,0.108595254467814,1.23851312957811,0.272309953703704,0.51508078923298,1,1,0.0025,0.05
3,"nb_glm","rolling_one_step",12,1,3,1,1.96736422668764,NA,1.33780787440245,0.463505978209809,0.35227086723209,NA,NA,0.93579354707498,0.967364226687642
3,"poisson_glm","rolling_one_step",12,1,3,1,2.05528233361712,NA,1.3600422613879,0.548998778011795,0.29161978736848,NA,NA,1.11362080364439,1.05528233361712
3,"inad_unconstrained","rolling_one_step",12,1,4,9,8.62,0.369487769921025,2.24614378208909,1.00820998959417,0.559200220589917,1,1,0.144400000000001,0.380000000000001
3,"inad_constrained_alpha","rolling_one_step",12,1,4,9,5.98,0.295070613017743,3.13618410902309,1.97985172413793,0.83799504716158,1,1,9.1204,3.02
3,"nb_glm","rolling_one_step",12,1,4,9,4.61475954151472,NA,3.26103676237532,2.56152110612669,0.795176096928793,NA,NA,19.2303338787362,4.38524045848528
3,"poisson_glm","rolling_one_step",12,1,4,9,4.85624667633706,NA,3.37276298034355,2.4524908218838,0.852269622142063,NA,NA,17.1706916073676,4.14375332366294
3,"inad_unconstrained","rolling_one_step",12,1,5,0,0.58,0.0944735546343659,0.519900948140908,0.194487011966111,0.463949426497185,1,1,0.3364,0.58
3,"inad_constrained_alpha","rolling_one_step",12,1,5,0,0.75,0.0998736575616788,0.760355930253395,0.32867161351166,0.37540192727407,1,1,0.5625,0.75
3,"nb_glm","rolling_one_step",12,1,5,0,1.96736422668764,NA,1.59000155230047,1.05565538784854,0.102093851275497,NA,NA,3.87052200045026,1.96736422668764
3,"poisson_glm","rolling_one_step",12,1,5,0,2.05528233361712,NA,2.04291003539773,1.28969703250211,0.116252621350078,NA,NA,4.22418547087862,2.05528233361712
3,"inad_unconstrained","rolling_one_step",12,1,6,3,1.43,0.145820562211357,2.10799344360828,1.03409424725652,0.811621906616622,1,1,2.4649,1.57
3,"inad_constrained_alpha","rolling_one_step",12,1,6,3,1.78,0.174413881386207,1.98314011778311,0.83768705785124,0.764001495410942,1,1,1.4884,1.22
3,"nb_glm","rolling_one_step",12,1,6,3,2.61400374594641,NA,1.82309810562354,0.564649109698934,0.680248712992749,NA,NA,0.148993108143405,0.385996254053592
3,"poisson_glm","rolling_one_step",12,1,6,3,2.73746078063109,NA,1.54779735874243,0.420684218353833,0.509965616661039,NA,NA,0.0689268417068387,0.262539219368914
3,"inad_unconstrained","rolling_one_step",12,1,7,13,5.87,0.27839910309852,4.76217393479776,5.25538596683469,0.97180407291334,0,0,50.8369,7.13
3,"inad_constrained_alpha","rolling_one_step",12,1,7,13,5.59,0.300200269853646,4.05545546903538,5.45632618162901,0.976113328799396,0,0,54.9081,7.41
3,"nb_glm","rolling_one_step",12,1,7,13,4.98307335008238,NA,4.0248574208808,5.90396655509045,0.961930894105026,NA,NA,64.2711129101593,8.01692664991762
3,"poisson_glm","rolling_one_step",12,1,7,13,5.2826625709368,NA,4.57513530558622,5.91975634934957,0.974607185556909,NA,NA,59.5572969940198,7.7173374290632
3,"inad_unconstrained","rolling_one_step",12,1,8,6,1.51,0.158589107603596,3.99321316015816,3.50028877198889,0.964586985468215,0,1,20.1601,4.49
3,"inad_constrained_alpha","rolling_one_step",12,1,8,6,2.13,0.218190445957358,3.30671398983382,2.7130602892562,0.913879464289046,0,1,14.9769,3.87
3,"nb_glm","rolling_one_step",12,1,8,6,1.93865328835968,NA,3.5522765369657,3.02280179835215,0.953043901911651,NA,NA,16.4945371121517,4.06134671164032
3,"poisson_glm","rolling_one_step",12,1,8,6,2.03868987380555,NA,3.86241715130665,2.98584502487458,0.968149598917377,NA,NA,15.6919779158907,3.96131012619445
3,"inad_unconstrained","rolling_one_step",12,1,9,2,2.61,0.204936550910251,1.80975831890425,0.549788418147878,0.332489965510248,1,1,0.3721,0.61
3,"inad_constrained_alpha","rolling_one_step",12,1,9,2,2.69,0.245646950403265,1.88480672465252,0.633731592137208,0.49844427769163,1,1,0.4761,0.69
3,"nb_glm","rolling_one_step",12,1,9,2,3.04171481507934,NA,1.70217401601569,0.650405775101165,0.415411437977845,NA,NA,1.08516975595578,1.04171481507934
3,"poisson_glm","rolling_one_step",12,1,9,2,3.21100970546002,NA,1.63659646018561,0.719067973891676,0.285211821620846,NA,NA,1.46654450671837,1.21100970546002
3,"inad_unconstrained","rolling_one_step",12,1,10,2,4.44,0.272036836483665,2.17079434484731,1.35882387901701,0.19184504390346,1,1,5.9536,2.44
3,"inad_constrained_alpha","rolling_one_step",12,1,10,2,4.6,0.303181780321958,1.9716701414377,1.45038243162901,0.196773436976243,1,1,6.76,2.6
3,"nb_glm","rolling_one_step",12,1,10,2,4.04147529616561,NA,1.94024360379029,1.12957659108918,0.25216813528654,NA,NA,4.16762138485448,2.04147529616561
3,"poisson_glm","rolling_one_step",12,1,10,2,4.27679107203385,NA,2.12689698252689,1.41134075660079,0.142608915336206,NA,NA,5.18377758569307,2.27679107203385
3,"inad_unconstrained","rolling_one_step",12,1,11,3,2.86,0.197979694908239,1.7646308018398,0.501804719387755,0.502302023940553,1,1,0.0196,0.14
3,"inad_constrained_alpha","rolling_one_step",12,1,11,3,3.01,0.236342073608521,2.09663193166681,0.59323997731569,0.538814053523253,1,1,9.99999999999957e-05,0.00999999999999979
3,"nb_glm","rolling_one_step",12,1,11,3,3.04171481507934,NA,1.86513774861409,0.590635757860108,0.58080788712777,NA,NA,0.0017401257971033,0.0417148150793372
3,"poisson_glm","rolling_one_step",12,1,11,3,3.21100970546002,NA,1.58927304671963,0.470061042963278,0.440777301770367,NA,NA,0.0445250957983255,0.211009705460023
3,"inad_unconstrained","rolling_one_step",12,1,12,3,2.35,0.200693242979872,2.14436108777915,0.697059845344388,0.621780083811443,1,1,0.4225,0.65
3,"inad_constrained_alpha","rolling_one_step",12,1,12,3,3.1,0.238894761496997,1.70817275311979,0.586349360800643,0.556253564778047,1,1,0.01,0.1
3,"nb_glm","rolling_one_step",12,1,12,3,3.04171481507934,NA,1.88319799471187,0.617945182897781,0.544609184644827,NA,NA,0.0017401257971033,0.0417148150793372
3,"poisson_glm","rolling_one_step",12,1,12,3,3.21100970546002,NA,1.60652096596666,0.497066836314008,0.457927033635238,NA,NA,0.0445250957983255,0.211009705460023
3,"inad_unconstrained","recursive_multi_step",9,1,1,6,2.67,0.225655050952116,3.61324203990832,2.24604482621173,0.880807274194251,0,1,11.0889,3.33
3,"inad_constrained_alpha","recursive_multi_step",9,1,1,6,2.94,0.221026073693864,2.76405381978994,2.02733522002551,0.852491889633737,1,1,9.3636,3.06
3,"nb_glm","recursive_multi_step",9,1,1,6,3.00172728835668,NA,2.82385859296885,1.99145219902375,0.88766347624075,NA,NA,8.98963925338499,2.99827271164332
3,"poisson_glm","recursive_multi_step",9,1,1,6,2.95485238578424,NA,2.94956066983196,2.02057962078352,0.926202746164551,NA,NA,9.27292399236395,3.04514761421576
3,"inad_unconstrained","recursive_multi_step",9,1,2,6,3.89,0.316513519586144,3.00396277269051,1.40216822762698,0.739181062834601,1,1,4.4521,2.11
3,"inad_constrained_alpha","recursive_multi_step",9,1,2,6,4.04,0.256991136898618,3.12752604627997,1.3480978147448,0.737400402910521,1,1,3.8416,1.96
3,"nb_glm","recursive_multi_step",9,1,2,6,3.98834454222274,NA,2.58584116604624,1.28908428469494,0.688978365895122,NA,NA,4.04675768080505,2.01165545777726
3,"poisson_glm","recursive_multi_step",9,1,2,6,3.93561136897576,NA,2.38968483169509,1.16226718090537,0.757636303596999,NA,NA,4.26170041990214,2.06438863102424
3,"inad_unconstrained","recursive_multi_step",9,1,3,1,2.92,0.274019832652435,2.04483368678845,1.1380292935934,0.229702212076443,1,1,3.6864,1.92
3,"inad_constrained_alpha","recursive_multi_step",9,1,3,1,2.7,0.277979724571285,1.24743237380772,0.829845392390012,0.206512805151849,1,1,2.89,1.7
3,"nb_glm","recursive_multi_step",9,1,3,1,2.54199283363447,NA,1.62826306006958,0.928081798083189,0.272239207085353,NA,NA,2.37774189898007,1.54199283363447
3,"poisson_glm","recursive_multi_step",9,1,3,1,2.49874394073667,NA,1.68292411385577,0.971407682787296,0.0960447460523897,NA,NA,2.24623339989489,1.49874394073667
3,"inad_unconstrained","recursive_multi_step",9,1,4,3,2.47,0.209113086219593,1.99218995330303,0.637390284879474,0.68026658585358,1,1,0.2809,0.53
3,"inad_constrained_alpha","recursive_multi_step",9,1,4,3,2.56,0.195567033639273,1.64647918411445,0.521209818181818,0.545587748495354,1,1,0.1936,0.44
3,"nb_glm","recursive_multi_step",9,1,4,3,3.00172728835668,NA,1.81744631618802,0.541012978095455,0.48882481020422,NA,NA,2.98352506711965e-06,0.00172728835667924
3,"poisson_glm","recursive_multi_step",9,1,4,3,2.95485238578424,NA,1.54651944445666,0.41443160195771,0.489787771915899,NA,NA,0.00203830706937526,0.0451476142157619
3,"inad_unconstrained","recursive_multi_step",9,1,5,4,2.4,0.218350103450325,2.13539241779639,1.13317544030517,0.807201348510277,1,1,2.56,1.6
3,"inad_constrained_alpha","recursive_multi_step",9,1,5,4,2.7,0.248022481874429,2.65677864608139,1.00736836294896,0.688707102811997,1,1,1.69,1.3
3,"nb_glm","recursive_multi_step",9,1,5,4,2.54199283363447,NA,2.24490448394223,0.955310027890785,0.779181122163096,NA,NA,2.12578489717324,1.45800716636553
3,"poisson_glm","recursive_multi_step",9,1,5,4,2.49874394073667,NA,2.07191353823126,0.878171035465536,0.712912980367812,NA,NA,2.25376975547486,1.50125605926333
3,"inad_unconstrained","recursive_multi_step",9,1,6,4,3.44,0.277186441285145,2.10528999440993,0.800889699762188,0.682858831676863,1,1,0.3136,0.56
3,"inad_constrained_alpha","recursive_multi_step",9,1,6,4,3.76,0.265953592063189,1.89361735433468,0.690922314558326,0.602610122297008,1,1,0.0576000000000001,0.24
3,"nb_glm","recursive_multi_step",9,1,6,4,3.70108095650531,NA,2.07198112221608,0.716701581278059,0.600543522858861,NA,NA,0.0893525945637797,0.298919043494689
3,"poisson_glm","recursive_multi_step",9,1,6,4,3.64981310475906,NA,1.73739839932462,0.525714484521091,0.519226425748998,NA,NA,0.122630861598492,0.350186895240945
3,"inad_unconstrained","recursive_multi_step",9,1,7,1,4.91,0.293049104720997,2.43338729399773,2.39900274480151,0.0562968858987214,1,1,15.2881,3.91
3,"inad_constrained_alpha","recursive_multi_step",9,1,7,1,4.86,0.310105879605106,2.55609974218455,2.33345936153116,0.038844298157427,0,1,14.8996,3.86
3,"nb_glm","recursive_multi_step",9,1,7,1,5.22191117476024,NA,2.52516426030908,2.50466251769143,0.0960623285368076,NA,NA,17.8245339675654,4.22191117476024
3,"poisson_glm","recursive_multi_step",9,1,7,1,5.19958041882927,NA,3.40154534919405,2.99611544032646,0.0300988947434823,NA,NA,17.6364756942142,4.19958041882927
3,"inad_unconstrained","recursive_multi_step",9,1,8,0,4.47,0.3471252793963,2.84957599322811,3.02634612335394,0.0455808122527068,0,1,19.9809,4.47
3,"inad_constrained_alpha","recursive_multi_step",9,1,8,0,5.41,0.372025577484977,3.37691824850707,3.55242316144786,0.0209234108565912,0,1,29.2681,5.41
3,"nb_glm","recursive_multi_step",9,1,8,0,4.84579900278537,NA,3.11732297848915,3.39418882055144,0.0178817658550998,NA,NA,23.4817679753957,4.84579900278537
3,"poisson_glm","recursive_multi_step",9,1,8,0,4.82199459567842,NA,4.20897076825586,3.81085416389824,0.00553571448775917,NA,NA,23.2516318807519,4.82199459567842
3,"inad_unconstrained","recursive_multi_step",9,1,9,11,7.57,0.41469350980056,3.50407342399232,2.13934930385386,0.76734500573948,1,1,11.7649,3.43
3,"inad_constrained_alpha","recursive_multi_step",9,1,9,11,7.92,0.34220910377585,3.37691824850707,2.04541578569377,0.777488429954579,1,1,9.4864,3.08
3,"nb_glm","recursive_multi_step",9,1,9,11,7.60297816333125,NA,3.12001018310482,2.12276909063327,0.675839373432005,NA,NA,11.5397573588043,3.39702183666875
3,"poisson_glm","recursive_multi_step",9,1,9,11,7.5948145156069,NA,2.92757084495518,1.86756165277561,0.742874466895093,NA,NA,11.5952881831215,3.4051854843931
3,"inad_unconstrained","recursive_multi_step",9,1,10,7,4.53,0.370491074607252,3.05975413231892,1.58412549125654,0.713034383002217,1,1,6.1009,2.47
3,"inad_constrained_alpha","recursive_multi_step",9,1,10,7,4.97,0.326430031793286,2.68253114218381,1.37394107296754,0.722152106784722,1,1,4.1209,2.03
3,"nb_glm","recursive_multi_step",9,1,10,7,4.84579900278537,NA,2.72805044150767,1.44134957573933,0.691836864828801,NA,NA,4.6405819364005,2.15420099721463
3,"poisson_glm","recursive_multi_step",9,1,10,7,4.82199459567842,NA,2.48217546223218,1.24417751784473,0.7441620950932,NA,NA,4.743707541254,2.17800540432158
3,"inad_unconstrained","recursive_multi_step",9,1,11,10,7.93,0.357673458660694,2.48424571123122,1.37616320606516,0.6764815639371,1,1,4.2849,2.07
3,"inad_constrained_alpha","recursive_multi_step",9,1,11,10,9.71,0.445016172671729,2.5404854295541,1.1951760925293,0.49061101821364,1,1,0.0840999999999995,0.289999999999999
3,"nb_glm","recursive_multi_step",9,1,11,10,8.00332086763464,NA,2.88862462368371,1.67757417126926,0.646490942376405,NA,NA,3.98672755762327,1.99667913236536
3,"poisson_glm","recursive_multi_step",9,1,11,10,7.9982349564658,NA,2.45222857962343,1.23196531166133,0.662382839666612,NA,NA,4.00706328951547,2.0017650435342
3,"inad_unconstrained","recursive_multi_step",9,1,12,3,6.53,0.381770199005219,2.32625000804004,2.05305857830385,0.138021704133416,1,1,12.4609,3.53
3,"inad_constrained_alpha","recursive_multi_step",9,1,12,3,7.16,0.344867124170068,2.48424571123122,2.55146581517656,0.135636260648054,1,1,17.3056,4.16
3,"nb_glm","recursive_multi_step",9,1,12,3,6.93826551619509,NA,2.4877465178247,2.30514733408594,0.186443079048192,NA,NA,15.5099352760514,3.93826551619509
3,"poisson_glm","recursive_multi_step",9,1,12,3,6.92539766409247,NA,2.94949230292744,2.71403967090331,0.0586283723563604,NA,NA,15.4087468212626,3.92539766409247
3,"inad_unconstrained","recursive_multi_step",10,2,1,1,3.55,0.275378527364305,1.90235103430343,1.40395303591682,0.180430977640997,1,1,6.5025,2.55
3,"inad_constrained_alpha","recursive_multi_step",10,2,1,1,3.88,0.257525128714058,2.41584298434682,1.6949046753857,0.0694244062618468,1,1,8.2944,2.88
3,"nb_glm","recursive_multi_step",10,2,1,1,4.15741823718996,NA,2.1685039849035,1.79687948499708,0.165753674791861,NA,NA,9.96928992453975,3.15741823718996
3,"poisson_glm","recursive_multi_step",10,2,1,1,4.2115804869297,NA,2.75622911986712,2.17491190124065,0.0405012674728529,NA,NA,10.3142492240276,3.2115804869297
3,"inad_unconstrained","recursive_multi_step",10,2,2,8,4.57,0.391901605874317,3.23462418183634,2.0025770690918,0.730087222482107,1,1,11.7649,3.43
3,"inad_constrained_alpha","recursive_multi_step",10,2,2,8,4.55,0.296911713572512,2.95353191906361,2.27862554250892,0.834594090315132,1,1,11.9025,3.45
3,"nb_glm","recursive_multi_step",10,2,2,8,4.55055233482835,NA,3.04117980430456,1.96734288433745,0.728370589539685,NA,NA,11.8986891947582,3.44944766517165
3,"poisson_glm","recursive_multi_step",10,2,2,8,4.61560233277077,NA,3.04272661924166,1.88307816484414,0.796140397246136,NA,NA,11.4541475699466,3.38439766722923
3,"inad_unconstrained","recursive_multi_step",10,2,3,0,3.75,0.24797156891446,2.95353191906361,2.57483350921522,0.0404639892211858,0,1,14.0625,3.75
3,"inad_constrained_alpha","recursive_multi_step",10,2,3,0,4,0.283199611938329,2.7904870768581,2.62407783742911,0.0293418826455169,0,1,16,4
3,"nb_glm","recursive_multi_step",10,2,3,0,3.95452154834992,NA,2.71363234083702,2.58267772461978,0.00148544873906672,NA,NA,15.6382406763639,3.95452154834992
3,"poisson_glm","recursive_multi_step",10,2,3,0,4.00349529050291,NA,3.70856337092855,2.98943234711096,0.00678387928318356,NA,NA,16.027974541079,4.00349529050291
3,"inad_unconstrained","recursive_multi_step",10,2,4,3,3.21,0.24465807928122,1.87591777723528,0.612842721619898,0.562876907627797,1,1,0.0441,0.21
3,"inad_constrained_alpha","recursive_multi_step",10,2,4,3,3.51,0.241834320111597,1.94546776904368,0.640487563630668,0.408781926948454,1,1,0.2601,0.51
3,"nb_glm","recursive_multi_step",10,2,4,3,4.15741823718996,NA,1.91376534182362,0.721372125118231,0.339389026425259,NA,NA,1.33961697577991,1.15741823718996
3,"poisson_glm","recursive_multi_step",10,2,4,3,4.2115804869297,NA,1.7485771070404,0.72740397003241,0.309976783515548,NA,NA,1.46792727630882,1.2115804869297
3,"inad_unconstrained","recursive_multi_step",10,2,5,4,3.36,0.259961147058167,2.53012425578129,0.832196414281317,0.655417356620167,1,1,0.4096,0.64
3,"inad_constrained_alpha","recursive_multi_step",10,2,5,4,3.8,0.298819225105965,2.17945240759042,0.759036548751486,0.534498893603169,1,1,0.0400000000000001,0.2
3,"nb_glm","recursive_multi_step",10,2,5,4,3.95452154834992,NA,2.06545951894032,0.714281424701378,0.495668411717305,NA,NA,0.00206828956448839,0.045478451650077
3,"poisson_glm","recursive_multi_step",10,2,5,4,4.00349529050291,NA,1.72189338697471,0.520067591037714,0.552222278771723,NA,NA,1.22170556997249e-05,0.00349529050290887
3,"inad_unconstrained","recursive_multi_step",10,2,6,6,4.21,0.327924295279175,2.70763706331488,1.32428446827402,0.699806948232711,1,1,3.2041,1.79
3,"inad_constrained_alpha","recursive_multi_step",10,2,6,6,4.26,0.271776794930373,3.35116575240466,1.22889261247637,0.713369978188983,1,1,3.0276,1.74
3,"nb_glm","recursive_multi_step",10,2,6,6,4.44122847148896,NA,2.49487623936415,1.15481027035089,0.647731228891415,NA,NA,2.42976867809663,1.55877152851104
3,"poisson_glm","recursive_multi_step",10,2,6,6,4.50315019939065,NA,2.16004502083326,0.911436167800061,0.721310181726232,NA,NA,2.24055932558426,1.49684980060935
3,"inad_unconstrained","recursive_multi_step",10,2,7,5,6.51,0.323645584932754,2.33798702004496,1.0306449073724,0.377875933892822,1,1,2.2801,1.51
3,"inad_constrained_alpha","recursive_multi_step",10,2,7,5,6.05,0.364144216075184,2.82467844160638,1.09345247510769,0.396639162737039,1,1,1.1025,1.05
3,"nb_glm","recursive_multi_step",10,2,7,5,6.52299835771096,NA,2.30402966417916,1.07294121287208,0.41174833705475,NA,NA,2.31952399759029,1.52299835771096
3,"poisson_glm","recursive_multi_step",10,2,7,5,6.70085115371165,NA,2.07192195419043,1.05902414386343,0.264676687618878,NA,NA,2.89289464708226,1.70085115371165
3,"inad_unconstrained","recursive_multi_step",10,2,8,0,6.56,0.383582264364965,3.37691824850707,4.4982289715599,0.00631728732926866,0,1,43.0336,6.56
3,"inad_constrained_alpha","recursive_multi_step",10,2,8,0,5.81,0.358079896281838,3.69053371420996,4.11105489379141,0.0234751140396688,0,0,33.7561,5.81
3,"nb_glm","recursive_multi_step",10,2,8,0,6.35835213852654,NA,3.57280124052896,4.3242586956436,0.00672925750536588,NA,NA,40.428641917505,6.35835213852654
3,"poisson_glm","recursive_multi_step",10,2,8,0,6.52897946683894,NA,4.65818183726996,5.14044224307786,0.00929503851947744,NA,NA,42.6275728784044,6.52897946683894
3,"inad_unconstrained","recursive_multi_step",10,2,9,5,8.28,0.508926380340085,2.81712129615657,2.39628854869685,0.260472050806818,1,1,10.7584,3.28
3,"inad_constrained_alpha","recursive_multi_step",10,2,9,5,7.33,0.339356193788512,2.80772888329261,1.43038352691942,0.334019657552887,1,1,5.4289,2.33
3,"nb_glm","recursive_multi_step",10,2,9,5,7.44979155719016,NA,2.53045865339053,2.02574965924444,0.266036849598116,NA,NA,6.00147867368017,2.44979155719016
3,"poisson_glm","recursive_multi_step",10,2,9,5,7.66999708901629,NA,2.46946527866411,2.10700593010632,0.129542201161866,NA,NA,7.12888445535548,2.66999708901629
3,"inad_unconstrained","recursive_multi_step",10,2,10,10,5.91,0.428314762007493,2.89758521241447,2.41044946899414,0.748474352097765,1,1,16.7281,4.09
3,"inad_constrained_alpha","recursive_multi_step",10,2,10,10,5.99,0.34829889636937,2.33798702004496,2.39044734215501,0.816402211373186,1,1,16.0801,4.01
3,"nb_glm","recursive_multi_step",10,2,10,10,6.35835213852654,NA,3.08630677248711,2.15431500427167,0.739091358451978,NA,NA,13.2615991469742,3.64164786147346
3,"poisson_glm","recursive_multi_step",10,2,10,10,6.52897946683894,NA,2.94671556397253,1.93054094344001,0.804028009451675,NA,NA,12.0479835416257,3.47102053316106
3,"inad_unconstrained","recursive_multi_step",10,2,11,4,7.81,0.368643431784672,2.97906522106878,2.26297515006002,0.173136187198771,1,1,14.5161,3.81
3,"inad_constrained_alpha","recursive_multi_step",10,2,11,4,7.27,0.36149381430085,2.13919154608561,1.82525400694444,0.199972727901011,1,1,10.6929,3.27
3,"nb_glm","recursive_multi_step",10,2,11,4,7.59002431182571,NA,2.4392105316566,1.80370935240377,0.20576104668726,NA,NA,12.8882745594996,3.59002431182571
3,"poisson_glm","recursive_multi_step",10,2,11,4,7.8168628530312,NA,2.7950667995216,2.40000703203278,0.0806373052254313,NA,NA,14.5684420388495,3.8168628530312
3,"inad_unconstrained","recursive_multi_step",10,2,12,2,7.1,0.422235512815808,3.18661496264998,3.21158891427036,0.0977360815304469,1,1,26.01,5.1
3,"inad_constrained_alpha","recursive_multi_step",10,2,12,2,7.15,0.435629116649389,2.89758521241447,3.44794826049805,0.103153145167998,1,1,26.5225,5.15
3,"nb_glm","recursive_multi_step",10,2,12,2,7.20818143742772,NA,2.78313667266187,3.39162473274843,0.120396314379838,NA,NA,27.1251538851667,5.20818143742772
3,"poisson_glm","recursive_multi_step",10,2,12,2,7.41709005610456,NA,3.870181139696,4.14226799808006,0.036837033777779,NA,NA,29.3448646759469,5.41709005610456
3,"inad_unconstrained","recursive_multi_step",11,3,1,6,3.78,0.314491733603684,2.99573227355399,1.43123850829861,0.726764523092184,1,1,4.9284,2.22
3,"inad_constrained_alpha","recursive_multi_step",11,3,1,6,3.92,0.294282211834185,2.80772888329261,1.40651683833735,0.776255812313145,1,1,4.3264,2.08
3,"nb_glm","recursive_multi_step",11,3,1,6,4.17678285233324,NA,2.53905762128898,1.22822279676999,0.683001645628195,NA,NA,3.32412076754611,1.82321714766676
3,"poisson_glm","recursive_multi_step",11,3,1,6,4.06829781108616,NA,2.32094030634768,1.09846805096944,0.696139794724459,NA,NA,3.73147334665451,1.93170218891384
3,"inad_unconstrained","recursive_multi_step",11,3,2,6,4.24,0.344398172193322,2.6740204525159,1.35267525750603,0.726270481994193,1,1,3.0976,1.76
3,"inad_constrained_alpha","recursive_multi_step",11,3,2,6,4.92,0.337453326364917,2.29346018521705,1.03521236111111,0.588439926990929,1,1,1.1664,1.08
3,"nb_glm","recursive_multi_step",11,3,2,6,4.30449675121369,NA,2.50778954950669,1.19052893620036,0.708512387655964,NA,NA,2.87473126664493,1.69550324878631
3,"poisson_glm","recursive_multi_step",11,3,2,6,4.19586313989037,NA,2.25968953884519,1.04051419285926,0.701472161856255,NA,NA,3.25490981000622,1.80413686010963
3,"inad_unconstrained","recursive_multi_step",11,3,3,1,3.99,0.322707923733527,1.92810353040585,1.69470680120655,0.145074636468395,1,1,8.9401,2.99
3,"inad_constrained_alpha","recursive_multi_step",11,3,3,1,4.19,0.35524781505452,2.1719813689086,2.02565286810614,0.149512707750546,1,1,10.1761,3.19
3,"nb_glm","recursive_multi_step",11,3,3,1,4.10861444653098,NA,2.23479986002263,2.08823988985095,0.0634477760420225,NA,NA,9.66348377718113,3.10861444653098
3,"poisson_glm","recursive_multi_step",11,3,3,1,4.00032641430214,NA,2.69232289379526,2.26115496056415,0.0399476335709394,NA,NA,9.00195859235912,3.00032641430214
3,"inad_unconstrained","recursive_multi_step",11,3,4,15,4.29,0.370992390131325,4.08935702071106,7.83796290972222,0.951008496537436,0,1,114.7041,10.71
3,"inad_constrained_alpha","recursive_multi_step",11,3,4,15,4.2,0.321297873059134,4.06403921272677,8.36749420702754,0.994097891687774,0,0,116.64,10.8
3,"nb_glm","recursive_multi_step",11,3,4,15,4.17678285233324,NA,4.59536773621488,8.11460072672958,0.969216921442012,NA,NA,117.142029425548,10.8232171476668
3,"poisson_glm","recursive_multi_step",11,3,4,15,4.06829781108616,NA,4.78566452608054,8.54787593781217,0.974043759821298,NA,NA,119.502112747104,10.9317021889138
3,"inad_unconstrained","recursive_multi_step",11,3,5,1,3.66,0.287525141632357,2.25955863354136,1.57147332045184,0.151176973313398,1,1,7.0756,2.66
3,"inad_constrained_alpha","recursive_multi_step",11,3,5,1,3.7,0.342745893446949,1.85831628591713,1.62398802300218,0.0945115334215021,1,1,7.29,2.7
3,"nb_glm","recursive_multi_step",11,3,5,1,4.10861444653098,NA,2.22666059084953,2.05068827754337,0.078309416449505,NA,NA,9.66348377718113,3.10861444653098
3,"poisson_glm","recursive_multi_step",11,3,5,1,4.00032641430214,NA,2.68422568332651,2.22861750099659,0.0630382141788852,NA,NA,9.00195859235912,3.00032641430214
3,"inad_unconstrained","recursive_multi_step",11,3,6,3,4.28,0.33031359449328,1.54225458679265,0.806969434070669,0.467198661178808,1,1,1.6384,1.28
3,"inad_constrained_alpha","recursive_multi_step",11,3,6,3,4.46,0.331638113587444,1.85381830869828,1.01709698275862,0.334755126574009,1,1,2.1316,1.46
3,"nb_glm","recursive_multi_step",11,3,6,3,4.26953246996468,NA,1.9895037647042,0.897428279916009,0.324033590412896,NA,NA,1.61171269229463,1.26953246996468
3,"poisson_glm","recursive_multi_step",11,3,6,3,4.16091371596134,NA,1.77949836255911,0.800869659828486,0.220702673764786,NA,NA,1.34772065590716,1.16091371596134
3,"inad_unconstrained","recursive_multi_step",11,3,7,9,5.68,0.423520598046538,3.41025466877466,2.11046220102123,0.739679851919836,1,1,11.0224,3.32
3,"inad_constrained_alpha","recursive_multi_step",11,3,7,9,5.79,0.412260337479348,3.40202416963815,1.96130923434192,0.727815801567159,1,1,10.3041,3.21
3,"nb_glm","recursive_multi_step",11,3,7,9,6.38412337029578,NA,2.84282443201211,1.75497520055639,0.730772998798088,NA,NA,6.84281054183272,2.61587662970422
3,"poisson_glm","recursive_multi_step",11,3,7,9,6.31663840535931,NA,2.60154979919086,1.54036760920664,0.750067217290477,NA,NA,7.20042944759261,2.68336159464069
3,"inad_unconstrained","recursive_multi_step",11,3,8,0,5.79,0.410787615011048,3.75455557297489,4.28863055705787,0.0220154612849994,0,0,33.5241,5.79
3,"inad_constrained_alpha","recursive_multi_step",11,3,8,0,6.6,0.392093577781343,4.10588632266227,4.71228950550927,0.0151472586142586,0,0,43.56,6.6
3,"nb_glm","recursive_multi_step",11,3,8,0,6.3264639067976,NA,3.63477758527135,4.69549680390419,0.009742600593552,NA,NA,40.0241455640128,6.3264639067976
3,"poisson_glm","recursive_multi_step",11,3,8,0,6.25795762266234,NA,4.68298048770376,5.20952004088305,0.00830304961708138,NA,NA,39.1620336070376,6.25795762266234
3,"inad_unconstrained","recursive_multi_step",11,3,9,2,6.88,0.505381144296165,2.5006395210069,2.75645783594421,0.16368299880296,1,1,23.8144,4.88
3,"inad_constrained_alpha","recursive_multi_step",11,3,9,2,6.86,0.424030683090293,2.49247621036774,2.89808990862671,0.0594188701920211,1,1,23.6196,4.86
3,"nb_glm","recursive_multi_step",11,3,9,2,6.69557205544396,NA,2.62572984217484,2.83841904096363,0.123829226073938,NA,NA,22.0483969278662,4.69557205544396
3,"poisson_glm","recursive_multi_step",11,3,9,2,6.63396500591135,NA,3.44547272802286,3.35517801274218,0.0337071356901951,NA,NA,21.4736316760109,4.63396500591135
3,"inad_unconstrained","recursive_multi_step",11,3,10,5,6.01,0.378592555701143,3.66542779307889,1.12200638465958,0.43694003739856,1,1,1.0201,1.01
3,"inad_constrained_alpha","recursive_multi_step",11,3,10,5,6.93,0.401324826246292,2.23804657185647,1.34258858483707,0.330345451671297,1,1,3.7249,1.93
3,"nb_glm","recursive_multi_step",11,3,10,5,6.3264639067976,NA,2.33484723888936,1.16649604559504,0.403978925013791,NA,NA,1.75950649603676,1.3264639067976
3,"poisson_glm","recursive_multi_step",11,3,10,5,6.25795762266234,NA,2.01060761990085,0.970661716708576,0.342188208453474,NA,NA,1.58245738041428,1.25795762266234
3,"inad_unconstrained","recursive_multi_step",11,3,11,2,6.5,0.409606857581484,2.50873673123952,2.80504474505723,0.0795418846586178,1,1,20.25,4.5
3,"inad_constrained_alpha","recursive_multi_step",11,3,11,2,6.49,0.419594561403739,3.03622363490873,2.87363107205845,0.0941366767043817,1,1,20.1601,4.49
3,"nb_glm","recursive_multi_step",11,3,11,2,6.74090971659987,NA,2.66300715819997,3.01133360382848,0.137937484555595,NA,NA,22.4762249409511,4.74090971659987
3,"poisson_glm","recursive_multi_step",11,3,11,2,6.68020402089801,NA,3.49357248273147,3.49399475761954,0.0384771295341282,NA,NA,21.9043096772299,4.68020402089801
3,"inad_unconstrained","recursive_multi_step",11,3,12,2,5.93,0.381452566652868,2.58141755016884,2.32162588194444,0.157628812439507,1,1,15.4449,3.93
3,"inad_constrained_alpha","recursive_multi_step",11,3,12,2,6.7,0.472795255406982,2.61420737299184,2.76482735431842,0.108206085162763,1,1,22.09,4.7
3,"nb_glm","recursive_multi_step",11,3,12,2,6.61640550863254,NA,2.6174426577278,2.84149609624343,0.141168452720305,NA,NA,21.3111998201329,4.61640550863254
3,"poisson_glm","recursive_multi_step",11,3,12,2,6.5532508728505,NA,3.41137820509863,3.32575023505201,0.043517262255431,NA,NA,20.7320935111138,4.5532508728505
3,"inad_unconstrained","recursive_multi_step",12,4,1,2,2.16,0.268072054236592,1.79106405890796,0.644551879017013,0.567598474141494,1,1,0.0256,0.16
3,"inad_constrained_alpha","recursive_multi_step",12,4,1,2,2.41,0.204047429622021,1.608987563406,0.501382850417986,0.405644658738579,1,1,0.1681,0.41
3,"nb_glm","recursive_multi_step",12,4,1,2,2.90553336505164,NA,1.69905189227368,0.648949083909445,0.374419386281251,NA,NA,0.819990675221748,0.905533365051641
3,"poisson_glm","recursive_multi_step",12,4,1,2,3.01895586338391,NA,1.58857550904182,0.663335394848018,0.329736373839762,NA,NA,1.03827105152445,1.01895586338391
3,"inad_unconstrained","recursive_multi_step",12,4,2,2,2.25,0.244691106037259,2.01004757070304,0.628365596366199,0.500558781560131,1,1,0.0625,0.25
3,"inad_constrained_alpha","recursive_multi_step",12,4,2,2,2.73,0.248573709166695,1.94546776904368,0.654458383585246,0.495231900110293,1,1,0.5329,0.73
3,"nb_glm","recursive_multi_step",12,4,2,2,2.93471123577364,NA,1.68398949724887,0.617477962267604,0.378044303245848,NA,NA,0.873685094281487,0.934711235773641
3,"poisson_glm","recursive_multi_step",12,4,2,2,3.05014688015914,NA,1.58113849404081,0.643493362584038,0.245246397223093,NA,NA,1.10280846990798,1.05014688015914
3,"inad_unconstrained","recursive_multi_step",12,4,3,1,2.48,0.306982709347585,1.68694910487571,0.908855291666666,0.302720491075132,1,1,2.1904,1.48
3,"inad_constrained_alpha","recursive_multi_step",12,4,3,1,2.16,0.183523317539783,1.30522653803111,0.576178463648834,0.439111596395227,1,1,1.3456,1.16
3,"nb_glm","recursive_multi_step",12,4,3,1,2.88978536156142,NA,1.77624217112929,1.20329024404269,0.207176939334571,NA,NA,3.57128871277184,1.88978536156142
3,"poisson_glm","recursive_multi_step",12,4,3,1,3.00214790561068,NA,2.01091773099159,1.39073392129208,0.0939884670381494,NA,NA,4.00859623594124,2.00214790561068
3,"inad_unconstrained","recursive_multi_step",12,4,4,9,2.3,0.269492602173534,4.7361984483945,4.92678090181594,0.937274038665356,0,1,44.89,6.7
3,"inad_constrained_alpha","recursive_multi_step",12,4,4,9,2.23,0.191144876040044,4.71849887129509,5.37233833705357,0.981911365537422,0,0,45.8329,6.77
3,"nb_glm","recursive_multi_step",12,4,4,9,2.90553336505164,NA,4.01139424041409,4.484558657202,0.96029091418674,NA,NA,37.1425235644988,6.09446663494836
3,"poisson_glm","recursive_multi_step",12,4,4,9,3.01895586338391,NA,4.48679568860873,4.54935124383276,0.969089100376185,NA,NA,35.7728889641497,5.98104413661609
3,"inad_unconstrained","recursive_multi_step",12,4,5,0,2.3,0.240159879406964,1.26591210376623,1.13319673727782,0.0538932938470614,1,1,5.29,2.3
3,"inad_constrained_alpha","recursive_multi_step",12,4,5,0,2.23,0.246533543110847,1.67014198655933,1.33670483338121,0.111280278683032,1,1,4.9729,2.23
3,"nb_glm","recursive_multi_step",12,4,5,0,2.88978536156142,NA,2.22790950916065,1.93136085101616,0.0900032039960427,NA,NA,8.35085943589469,2.88978536156142
3,"poisson_glm","recursive_multi_step",12,4,5,0,3.00214790561068,NA,2.97597868722478,2.23760778641958,0.04903906086349,NA,NA,9.01289204716261,3.00214790561068
3,"inad_unconstrained","recursive_multi_step",12,4,6,3,2.49,0.327677779644466,2.58141755016884,0.919802381944444,0.590236013344412,1,1,0.2601,0.51
3,"inad_constrained_alpha","recursive_multi_step",12,4,6,3,2.49,0.228961202659386,1.96301207869458,0.656697761814745,0.612880111040203,1,1,0.2601,0.51
3,"nb_glm","recursive_multi_step",12,4,6,3,2.92676478442529,NA,1.90911670687854,0.657639507609843,0.452442335110538,NA,NA,0.0053633968002749,0.0732352155747145
3,"poisson_glm","recursive_multi_step",12,4,6,3,3.04164648260792,NA,1.62532417297441,0.524142277568639,0.564123750752635,NA,NA,0.00173442951361155,0.0416464826079173
3,"inad_unconstrained","recursive_multi_step",12,4,7,13,4.5,0.359994388283984,4.77912349311153,5.96849119412471,0.933172231962936,0,1,72.25,8.5
3,"inad_constrained_alpha","recursive_multi_step",12,4,7,13,3.85,0.274643938453578,4.74493212836325,7.15447197731569,0.992281886554607,0,0,83.7225,9.15
3,"nb_glm","recursive_multi_step",12,4,7,13,4.40048175319987,NA,4.26260252390653,6.18476622634731,0.945690670549745,NA,NA,73.9517140770484,8.59951824680013
3,"poisson_glm","recursive_multi_step",12,4,7,13,4.64243127320988,NA,4.70894052992597,6.2957421955449,0.957218384261728,NA,NA,69.8489550230202,8.35756872679012
3,"inad_unconstrained","recursive_multi_step",12,4,8,6,5.06,0.378945906429928,2.81623957296051,1.24565461074404,0.571291441588023,1,1,0.883600000000001,0.94
3,"inad_constrained_alpha","recursive_multi_step",12,4,8,6,4.99,0.309282323380363,2.55609974218455,1.01657744904668,0.669504078346997,1,1,1.0201,1.01
3,"nb_glm","recursive_multi_step",12,4,8,6,4.38636105684468,NA,2.47626875955403,1.17065565502027,0.701308403629447,NA,NA,2.60383063886743,1.61363894315532
3,"poisson_glm","recursive_multi_step",12,4,8,6,4.62699893753142,NA,2.09873445656186,0.865559341135933,0.703869155741002,NA,NA,1.88513191753984,1.37300106246858
3,"inad_unconstrained","recursive_multi_step",12,4,9,2,5.2,0.425452818782648,2.27004930294265,2.00923300886602,0.178871860971718,1,1,10.24,3.2
3,"inad_constrained_alpha","recursive_multi_step",12,4,9,2,4.9,0.296273147243853,1.98025388512909,1.64002939586529,0.18861694034179,1,1,8.41,2.9
3,"nb_glm","recursive_multi_step",12,4,9,2,4.47565269731602,NA,2.13676849291048,1.72908832489087,0.191954033084609,NA,NA,6.12885627772809,2.47565269731602
3,"poisson_glm","recursive_multi_step",12,4,9,2,4.72465242170341,NA,2.44599743207028,2.04725176926041,0.065643370262651,NA,NA,7.42373081909424,2.72465242170341
3,"inad_unconstrained","recursive_multi_step",12,4,10,2,4.99,0.363344453541253,2.10528999440993,1.55733839922711,0.222980188012007,1,1,8.9401,2.99
3,"inad_constrained_alpha","recursive_multi_step",12,4,10,2,4.71,0.334330327186703,2.31815279780742,1.70714801374843,0.136907623412345,1,1,7.3441,2.71
3,"nb_glm","recursive_multi_step",12,4,10,2,4.38636105684468,NA,2.08337486389265,1.52883478632208,0.249028582463653,NA,NA,5.69471909362484,2.38636105684468
3,"poisson_glm","recursive_multi_step",12,4,10,2,4.62699893753142,NA,2.36306391354529,1.84138933830645,0.0981479156342171,NA,NA,6.90112341779123,2.62699893753142
3,"inad_unconstrained","recursive_multi_step",12,4,11,3,5.07,0.420738888292029,2.1474903489003,1.28759578580698,0.343304296129572,1,1,4.2849,2.07
3,"inad_constrained_alpha","recursive_multi_step",12,4,11,3,4.61,0.311040937251778,1.58309308963723,0.876419627980466,0.365991314348579,1,1,2.5921,1.61
3,"nb_glm","recursive_multi_step",12,4,11,3,4.48644470652231,NA,2.04580215832777,1.05555646090816,0.313568104535686,NA,NA,2.2095178655482,1.48644470652231
3,"poisson_glm","recursive_multi_step",12,4,11,3,4.73646476223073,NA,1.98121965166165,1.15767651845599,0.259351190902387,NA,NA,3.01530987046903,1.73646476223073
3,"inad_unconstrained","recursive_multi_step",12,4,12,3,4.39,0.276666666666667,1.91100909704655,0.944006339179548,0.267047026685423,1,1,1.9321,1.39
3,"inad_constrained_alpha","recursive_multi_step",12,4,12,3,5.19,0.356383348248892,2.13082329641509,1.29729916672551,0.257747793708098,1,1,4.7961,2.19
3,"nb_glm","recursive_multi_step",12,4,12,3,4.45671787692818,NA,2.02394361217601,0.987280798290145,0.348644789609202,NA,NA,2.12202697296215,1.45671787692818
3,"poisson_glm","recursive_multi_step",12,4,12,3,4.70393199909665,NA,1.95340134453127,1.08972986367798,0.223799214373931,NA,NA,2.9033842575455,1.70393199909665
4,"inad_unconstrained","rolling_one_step",2,1,1,1,3.05,0.182228073323159,1.80975831890425,1.19306242188134,0.111967832235565,1,1,4.2025,2.05
4,"inad_constrained_alpha","rolling_one_step",2,1,1,1,3.44,0.204652945942218,2.13539241779639,1.48900201282363,0.0779433265851961,1,1,5.9536,2.44
4,"nb_glm","rolling_one_step",2,1,1,1,3.49620440567336,NA,1.90093980665029,1.27336419470987,0.0895552000673357,NA,NA,6.23103643490309,2.49620440567336
4,"poisson_glm","rolling_one_step",2,1,1,1,3.63444140148474,NA,2.33626982232917,1.64305511715342,0.0847300383252848,NA,NA,6.9402814978569,2.63444140148474
4,"inad_unconstrained","rolling_one_step",2,1,2,4,1.43,0.156511851295548,3.3247324953365,1.77862674585459,0.904691441729374,0,1,6.6049,2.57
4,"inad_constrained_alpha","rolling_one_step",2,1,2,4,1.27,0.123791124173918,2.87277056241916,1.9991986287012,0.946630585529149,0,1,7.4529,2.73
4,"nb_glm","rolling_one_step",2,1,2,4,1.80102681937064,NA,2.58614550428989,1.41327126461283,0.845622061618583,NA,NA,4.83548304912721,2.19897318062936
4,"poisson_glm","rolling_one_step",2,1,2,4,1.76032304755844,NA,2.64533222184533,1.43580607103004,0.89574616991956,NA,NA,5.0161528512979,2.23967695244156
4,"inad_unconstrained","rolling_one_step",2,1,3,1,1.61,0.168711695989449,1.32357567669931,0.40330167768595,0.462605132888325,1,1,0.3721,0.61
4,"inad_constrained_alpha","rolling_one_step",2,1,3,1,1.57,0.145820562211357,1.38592745596076,0.376077644979379,0.416278487902536,1,1,0.3249,0.57
4,"nb_glm","rolling_one_step",2,1,3,1,1.80102681937064,NA,1.31719164887916,0.449126708280961,0.246206020900248,NA,NA,0.641643965351041,0.801026819370638
4,"poisson_glm","rolling_one_step",2,1,3,1,1.76032304755844,NA,1.24792072360032,0.436919450299735,0.280536637838065,NA,NA,0.57809113664856,0.760323047558444
4,"inad_unconstrained","rolling_one_step",2,1,4,5,2.81,0.19053089041418,2.28440277391086,1.36053876778049,0.856948847362319,1,1,4.7961,2.19
4,"inad_constrained_alpha","rolling_one_step",2,1,4,5,2.77,0.206879167387608,2.24216689082949,1.39230313173284,0.771355172664952,1,1,4.9729,2.23
4,"nb_glm","rolling_one_step",2,1,4,5,3.26801021468018,NA,2.37298863127112,1.14274760115438,0.722043353229978,NA,NA,2.99978861645218,1.73198978531982
4,"poisson_glm","rolling_one_step",2,1,4,5,3.37598415493399,NA,2.12480086856513,0.967193092353035,0.724912006616685,NA,NA,2.63742746502547,1.62401584506601
4,"inad_unconstrained","rolling_one_step",2,1,5,3,4.61,0.260494867046504,1.74840275878162,0.936694047265161,0.369017840521189,1,1,2.5921,1.61
4,"inad_constrained_alpha","rolling_one_step",2,1,5,3,4.79,0.27091129414059,1.96301207869458,0.978775115311909,0.321043872523466,1,1,3.2041,1.79
4,"nb_glm","rolling_one_step",2,1,5,3,4.22402675685637,NA,1.95192682677043,0.827555242411181,0.34314492049815,NA,NA,1.49824150150032,1.22402675685637
4,"poisson_glm","rolling_one_step",2,1,5,3,4.46888507505611,NA,1.85117968575545,0.90218149072779,0.279854232499057,NA,NA,2.1576233637226,1.46888507505611
4,"inad_unconstrained","rolling_one_step",2,1,6,1,2.06,0.161945245766162,1.27488077374899,0.569843893494898,0.154395299173235,1,1,1.1236,1.06
4,"inad_constrained_alpha","rolling_one_step",2,1,6,1,2.07,0.173644825009343,1.42368189319151,0.554009704570323,0.39764682774338,1,1,1.1449,1.07
4,"nb_glm","rolling_one_step",2,1,6,1,2.70491461537371,NA,1.64157526728304,0.901378491119907,0.236210842952763,NA,NA,2.90673384571489,1.70491461537371
4,"poisson_glm","rolling_one_step",2,1,6,1,2.74561023104728,NA,1.78421862576581,1.03606601224387,0.16526440645642,NA,NA,3.04715507873696,1.74561023104728
4,"inad_unconstrained","rolling_one_step",2,1,7,11,5.9,0.281948487307433,4.07254990239468,3.40758546394714,0.906658898953613,0,1,26.01,5.1
4,"inad_constrained_alpha","rolling_one_step",2,1,7,11,6.64,0.348596029695107,3.41025466877466,2.67331666218758,0.858300163997547,1,1,19.0096,4.36
4,"nb_glm","rolling_one_step",2,1,7,11,6.08876114256703,NA,3.29313288326652,3.01141866930914,0.841915419370208,NA,NA,24.1202671147595,4.91123885743297
4,"poisson_glm","rolling_one_step",2,1,7,11,6.20629095529921,NA,3.49972014694651,3.00883270619659,0.882181452706697,NA,NA,22.9796464052462,4.79370904470079
4,"inad_unconstrained","rolling_one_step",2,1,8,3,5.02,0.297796622349597,1.7823303789392,1.08880887965528,0.316565894680384,1,1,4.0804,2.02
4,"inad_constrained_alpha","rolling_one_step",2,1,8,3,5.39,0.316832492466963,2.25955863354136,1.35128493608799,0.295338695422758,1,1,5.7121,2.39
4,"nb_glm","rolling_one_step",2,1,8,3,5.03963510581036,NA,2.0702094333365,1.10200657200794,0.31371712409669,NA,NA,4.16011136485402,2.03963510581036
4,"poisson_glm","rolling_one_step",2,1,8,3,5.04743362578339,NA,2.05137879037696,1.21464450381047,0.226667978871627,NA,NA,4.19198445198851,2.04743362578339
4,"inad_unconstrained","rolling_one_step",2,1,9,7,4.13,0.309334574187689,2.9448738563205,1.95040682797732,0.77564090504888,1,1,8.2369,2.87
4,"inad_constrained_alpha","rolling_one_step",2,1,9,7,4.02,0.237401760649739,2.9448738563205,1.86722788657845,0.840885003591908,1,1,8.8804,2.98
4,"nb_glm","rolling_one_step",2,1,9,7,3.89902336137335,NA,2.83740973142515,1.97310463430144,0.824312650337381,NA,NA,9.61605611330821,3.10097663862665
4,"poisson_glm","rolling_one_step",2,1,9,7,3.81304411671669,NA,2.92264693317526,2.01440044084793,0.903073733505874,NA,NA,10.1566878019941,3.18695588328331
4,"inad_unconstrained","rolling_one_step",2,1,10,13,8.37,0.377834071860368,3.69053371420996,2.94907445529677,0.850841071222031,1,1,21.4369,4.63
4,"inad_constrained_alpha","rolling_one_step",2,1,10,13,8.82,0.400852626638305,3.71502473421826,2.52980231529657,0.809043825731628,1,1,17.4724,4.18
4,"nb_glm","rolling_one_step",2,1,10,13,6.89646415309109,NA,3.5140097652415,3.77008189284275,0.848148088207238,NA,NA,37.253149834502,6.10353584690891
4,"poisson_glm","rolling_one_step",2,1,10,13,7.11142329909342,NA,3.87479181708216,3.80086210941839,0.903649919381956,NA,NA,34.6753355624598,5.88857670090658
4,"inad_unconstrained","rolling_one_step",2,1,11,11,5.48,0.311555238547945,3.17838446351346,3.49555683354962,0.891495625662256,0,1,30.4704,5.52
4,"inad_constrained_alpha","rolling_one_step",2,1,11,11,5.59,0.277104436425815,4.76217393479776,3.72652172547301,0.917150993803993,0,1,29.2681,5.41
4,"nb_glm","rolling_one_step",2,1,11,11,5.33559955814546,NA,3.50708275852563,3.56958210463678,0.880633846915806,NA,NA,32.0854323656819,5.66440044185454
4,"poisson_glm","rolling_one_step",2,1,11,11,5.37226891574658,NA,3.9786475102101,3.73168883232537,0.923123551886638,NA,NA,31.6713571566721,5.62773108425342
4,"inad_unconstrained","rolling_one_step",2,1,12,2,3.91,0.315938556870116,2.11387373810132,1.06764072613047,0.325240483423377,1,1,3.6481,1.91
4,"inad_constrained_alpha","rolling_one_step",2,1,12,2,3.83,0.208919780651509,1.77351974925705,1.00163293131804,0.218327058327912,1,1,3.3489,1.83
4,"nb_glm","rolling_one_step",2,1,12,2,3.35556543405058,NA,1.79442521141982,0.856996433392855,0.305292107196025,NA,NA,1.83755764599273,1.35556543405058
4,"poisson_glm","rolling_one_step",2,1,12,2,3.23611619814618,NA,1.68059574396125,0.806621903932417,0.326237777869966,NA,NA,1.52798325531935,1.23611619814618
4,"inad_unconstrained","rolling_one_step",3,1,1,2,0.67,0.094339811320566,2.35189425974655,0.988328595585618,0.842289868521104,1,1,1.7689,1.33
4,"inad_constrained_alpha","rolling_one_step",3,1,1,2,0.51,0.0915577865767204,2.45736490149887,1.16642873798505,0.92040372466361,1,1,2.2201,1.49
4,"nb_glm","rolling_one_step",3,1,1,2,2.05675101624083,NA,1.42252962554102,0.365502704092757,0.541643126518223,NA,NA,0.00322067784436733,0.0567510162408333
4,"poisson_glm","rolling_one_step",3,1,1,2,2.17311387073257,NA,1.2574408982271,0.287851907339334,0.65849231329109,NA,NA,0.029968412240014,0.173113870732573
4,"inad_unconstrained","rolling_one_step",3,1,2,7,2.39,0.196892525674965,3.09212411922906,3.42788100803506,0.915378898801366,0,1,21.2521,4.61
4,"inad_constrained_alpha","rolling_one_step",3,1,2,7,1.58,0.153201524374619,4.70048036579242,4.34469312396694,0.980995936367999,0,0,29.3764,5.42
4,"nb_glm","rolling_one_step",3,1,2,7,2.88736501920578,NA,3.2834372122862,2.96195444706924,0.937090660414117,NA,NA,16.9137664852522,4.11263498079422
4,"poisson_glm","rolling_one_step",3,1,2,7,3.14841317977729,NA,3.41680317430639,2.76414860190863,0.941793669939373,NA,NA,14.8347210337133,3.85158682022271
4,"inad_unconstrained","rolling_one_step",3,1,3,2,0.82,0.110444464768407,1.96479097911492,0.824666512345679,0.868322319393822,1,1,1.3924,1.18
4,"inad_constrained_alpha","rolling_one_step",3,1,3,2,0.35,0.0687184270936277,3.26967271815348,1.35270344428622,0.946521977082725,0,1,2.7225,1.65
4,"nb_glm","rolling_one_step",3,1,3,2,2.05675101624083,NA,1.51451650571838,0.388212911801402,0.637194733107413,NA,NA,0.00322067784436733,0.0567510162408333
4,"poisson_glm","rolling_one_step",3,1,3,2,2.17311387073257,NA,1.33820164741245,0.327276181544788,0.52719202013432,NA,NA,0.029968412240014,0.173113870732573
4,"inad_unconstrained","rolling_one_step",3,1,4,3,3.21,0.223061797842135,1.88480672465252,0.550135711488762,0.423922588326927,1,1,0.0441,0.21
4,"inad_constrained_alpha","rolling_one_step",3,1,4,3,2.09,0.176437816327178,1.92761015164367,0.680742983524065,0.685641559282326,1,1,0.8281,0.91
4,"nb_glm","rolling_one_step",3,1,4,3,3.08898003304507,NA,1.82979497815618,0.55995487410377,0.489550858790349,NA,NA,0.00791744628070089,0.0889800330450652
4,"poisson_glm","rolling_one_step",3,1,4,3,3.38944813850483,NA,1.58703894724937,0.474175449122975,0.490211760137471,NA,NA,0.151669852584878,0.389448138504831
4,"inad_unconstrained","rolling_one_step",3,1,5,4,2.16,0.191073522260649,2.3889355314269,1.23279480991736,0.831788861351342,1,1,3.3856,1.84
4,"inad_constrained_alpha","rolling_one_step",3,1,5,4,1.17,0.123136616254574,3.07394180014587,2.08809737395842,0.921453540804839,0,1,8.0089,2.83
4,"nb_glm","rolling_one_step",3,1,5,4,2.65842844853011,NA,2.14002389207259,0.949141023740682,0.808875795901193,NA,NA,1.79981422771332,1.34157155146989
4,"poisson_glm","rolling_one_step",3,1,5,4,2.87661188489912,NA,1.8511172948485,0.725080042740702,0.709221549957012,NA,NA,1.26200085714992,1.12338811510088
4,"inad_unconstrained","rolling_one_step",3,1,6,1,0.65,0.0925235432774062,1.35801866784368,0.354742408330367,0.749273436555402,1,1,0.1225,0.35
4,"inad_constrained_alpha","rolling_one_step",3,1,6,1,0.51,0.0893240610294218,1.44439879678889,0.424018543104201,0.704074612688621,1,1,0.2401,0.49
4,"nb_glm","rolling_one_step",3,1,6,1,2.05675101624083,NA,1.32822322015668,0.453691646927013,0.419488906216498,NA,NA,1.11672271032603,1.05675101624083
4,"poisson_glm","rolling_one_step",3,1,6,1,2.17311387073257,NA,1.39283429266633,0.576122273787215,0.206903778184382,NA,NA,1.37619615370516,1.17311387073257
4,"inad_unconstrained","rolling_one_step",3,1,7,4,9.21,0.394736838561049,2.7158675624514,3.11161844262295,0.11171086452159,1,1,27.1441,5.21
4,"inad_constrained_alpha","rolling_one_step",3,1,7,4,6.78,0.312881686097077,2.44204535674085,1.60216587395957,0.252690193690781,1,1,7.7284,2.78
4,"nb_glm","rolling_one_step",3,1,7,4,5.75520281756856,NA,2.22357846460557,1.21264645303751,0.342330548036166,NA,NA,3.0807369308006,1.75520281756856
4,"poisson_glm","rolling_one_step",3,1,7,4,6.23104267083552,NA,2.20274571107379,1.4314974150728,0.220396159230586,NA,NA,4.97755139908888,2.23104267083552
4,"inad_unconstrained","rolling_one_step",3,1,8,7,3.52,0.182286266153769,2.90042209374967,2.43116214876033,0.965408165641404,0,1,12.1104,3.48
4,"inad_constrained_alpha","rolling_one_step",3,1,8,7,3.19,0.168591910610303,3.07394180014587,2.81575553404596,0.969862963892349,0,1,14.5161,3.81
4,"nb_glm","rolling_one_step",3,1,8,7,3.83201546046819,NA,2.76272586291528,2.41684833591465,0.938276406670251,NA,NA,10.0361260427126,3.16798453953181
4,"poisson_glm","rolling_one_step",3,1,8,7,3.99497638075453,NA,2.73619620447838,2.11129912875408,0.912702176069545,NA,NA,9.03016695222316,3.00502361924547
4,"inad_unconstrained","rolling_one_step",3,1,9,5,6,0.302514712890384,1.79972212165107,0.782356212841855,0.35318669891587,1,1,1,1
4,"inad_constrained_alpha","rolling_one_step",3,1,9,5,4.68,0.282084592226724,1.83642656598642,0.72422730070791,0.533677195011834,1,1,0.1024,0.32
4,"nb_glm","rolling_one_step",3,1,9,5,4.95302486050796,NA,2.19467105982799,0.805421098035848,0.513765411587611,NA,NA,0.00220666373029644,0.0469751394920381
4,"poisson_glm","rolling_one_step",3,1,9,5,5.28826247512547,NA,1.83110328025479,0.591469946032264,0.503847283994931,NA,NA,0.0830952545654638,0.288262475125473
4,"inad_unconstrained","rolling_one_step",3,1,10,3,11.29,0.441369539849626,4.83628190695148,5.69460655706727,0.0335087465188126,0,0,68.7241,8.29
4,"inad_constrained_alpha","rolling_one_step",3,1,10,3,6.88,0.277899771191491,2.58141755016884,2.53403979166667,0.0828305296573477,1,1,15.0544,3.88
4,"nb_glm","rolling_one_step",3,1,10,3,6.09319067070008,NA,2.35423282472531,1.9672642460721,0.220503146739786,NA,NA,9.56782852530601,3.09319067070008
4,"poisson_glm","rolling_one_step",3,1,10,3,6.63205092628132,NA,2.82549401323467,2.56679319260942,0.0706386581473765,NA,NA,13.191793931101,3.63205092628132
4,"inad_unconstrained","rolling_one_step",3,1,11,17,8.85,0.389606120707734,4.09765582352576,5.73284631514241,0.963767266691574,0,1,66.4225,8.15
4,"inad_constrained_alpha","rolling_one_step",3,1,11,17,6.12,0.274608996593522,4.77912349311153,8.70520338959113,0.998763931230368,0,0,118.3744,10.88
4,"nb_glm","rolling_one_step",3,1,11,17,5.75520281756856,NA,4.45669520305891,8.38793829862908,0.974188974514696,NA,NA,126.445463674018,11.2447971824314
4,"poisson_glm","rolling_one_step",3,1,11,17,6.23104267083552,NA,4.77796741039464,8.41165794861396,0.979616454135635,NA,NA,115.970441957365,10.7689573291645
4,"inad_unconstrained","rolling_one_step",3,1,12,7,3.41,0.193894170863772,2.90042209374967,2.49442404132231,0.951660103560997,0,1,12.8881,3.59
4,"inad_constrained_alpha","rolling_one_step",3,1,12,7,2.95,0.174873691791556,3.33362144275375,2.91864030855979,0.941092374664649,0,1,16.4025,4.05
4,"nb_glm","rolling_one_step",3,1,12,7,3.44488019410836,NA,3.00020037390037,2.3723259495943,0.861367241620906,NA,NA,12.638876834243,3.55511980589164
4,"poisson_glm","rolling_one_step",3,1,12,7,3.55601146249391,NA,3.09508568263497,2.29871338325358,0.910188419508449,NA,NA,11.8610570464733,3.44398853750609
4,"inad_unconstrained","rolling_one_step",4,1,1,0,3,0.203007687569021,2.50345600869913,1.9418328544761,0.0454328496962249,0,1,9,3
4,"inad_constrained_alpha","rolling_one_step",4,1,1,0,2.84,0.196288799806033,2.62137671903048,1.82541029137245,0.0378137773517645,0,1,8.0656,2.84
4,"nb_glm","rolling_one_step",4,1,1,0,3.03903479544385,NA,2.26647621095196,1.83492054496226,0.0520332621405108,NA,NA,9.23573248791845,3.03903479544385
4,"poisson_glm","rolling_one_step",4,1,1,0,3.03513215375921,NA,2.94115822485701,2.10961875119843,0.0177289309317766,NA,NA,9.21202719078302,3.03513215375921
4,"inad_unconstrained","rolling_one_step",4,1,2,3,4.45,0.262611207804706,1.64438949045691,0.825114593572779,0.297655022633626,1,1,2.1025,1.45
4,"inad_constrained_alpha","rolling_one_step",4,1,2,3,4.88,0.259867876297385,1.626845180806,0.989822272691675,0.244655351183229,1,1,3.5344,1.88
4,"nb_glm","rolling_one_step",4,1,2,3,4.36950315994317,NA,1.95904323557783,0.842032751366685,0.309812445860585,NA,NA,1.87553890509434,1.36950315994317
4,"poisson_glm","rolling_one_step",4,1,2,3,4.51364559565141,NA,1.85639369836634,0.904105005973703,0.302445330985182,NA,NA,2.29112298923493,1.51364559565141
4,"inad_unconstrained","rolling_one_step",4,1,3,2,2.69,0.184607144985772,1.32357567669931,0.433820834710744,0.409343055331572,1,1,0.4761,0.69
4,"inad_constrained_alpha","rolling_one_step",4,1,3,2,3.02,0.19998989873481,1.56451622504259,0.603218164110056,0.267393884846798,1,1,1.0404,1.02
4,"nb_glm","rolling_one_step",4,1,3,2,3.03903479544385,NA,1.6660694397297,0.598796059628783,0.292877621287556,NA,NA,1.07959330614305,1.03903479544385
4,"poisson_glm","rolling_one_step",4,1,3,2,3.03513215375921,NA,1.55733771563776,0.604665207570314,0.199873622233321,NA,NA,1.07149857574618,1.03513215375921
4,"inad_unconstrained","rolling_one_step",4,1,4,9,3.03,0.206683772508104,4.02036414922411,4.59681872608418,0.981541395364683,0,0,35.6409,5.97
4,"inad_constrained_alpha","rolling_one_step",4,1,4,9,3.15,0.189829801494269,4.01139547924135,4.60015760896031,0.994457310167066,0,0,34.2225,5.85
4,"nb_glm","rolling_one_step",4,1,4,9,3.38056119947471,NA,3.72131647164678,4.2479549485298,0.95973356917967,NA,NA,31.5780924328491,5.61943880052529
4,"poisson_glm","rolling_one_step",4,1,4,9,3.40979813890502,NA,4.26467816401707,4.3272473884137,0.982350748445452,NA,NA,31.2503568477897,5.59020186109498
4,"inad_unconstrained","rolling_one_step",4,1,5,2,3.47,0.186111186491768,1.8578992717326,0.831789214876033,0.283746040723371,1,1,2.1609,1.47
4,"inad_constrained_alpha","rolling_one_step",4,1,5,2,3.61,0.198934027945818,1.36772902960684,0.780553047642237,0.342138738165366,1,1,2.5921,1.61
4,"nb_glm","rolling_one_step",4,1,5,2,3.67168586314391,NA,1.78216532805635,0.796878147661789,0.345550283179522,NA,NA,2.79453362503521,1.67168586314391
4,"poisson_glm","rolling_one_step",4,1,5,2,3.73197839349299,NA,1.82329247668635,0.957358983612497,0.196916335296912,NA,NA,2.99974915552655,1.73197839349299
4,"inad_unconstrained","rolling_one_step",4,1,6,8,2.82,0.19352132970426,4.71849887129509,3.91851100127551,0.958229509828961,0,0,26.8324,5.18
4,"inad_constrained_alpha","rolling_one_step",4,1,6,8,2.71,0.193476958145753,4.02036414922411,4.00945206473214,0.962502440582258,0,1,27.9841,5.29
4,"nb_glm","rolling_one_step",4,1,6,8,2.61544473251795,NA,3.87902936833386,4.03240442406317,0.959417239462058,NA,NA,28.9934354285687,5.38455526748205
4,"poisson_glm","rolling_one_step",4,1,6,8,2.57590524149297,NA,4.4040282169209,4.19862838791164,0.969398280021581,NA,NA,29.4208039492634,5.42409475850703
4,"inad_unconstrained","rolling_one_step",4,1,7,3,5.44,0.267166198793518,2.03624994309706,1.37703858501784,0.154262466428496,1,1,5.9536,2.44
4,"inad_constrained_alpha","rolling_one_step",4,1,7,3,5.95,0.308261662431858,2.44204535674085,1.6122786637931,0.207771268560981,1,1,8.7025,2.95
4,"nb_glm","rolling_one_step",4,1,7,3,5.29258442194654,NA,2.11053029296614,1.1965439987491,0.22746670315474,NA,NA,5.25594333175193,2.29258442194654
4,"poisson_glm","rolling_one_step",4,1,7,3,5.18289089110594,NA,2.10346220887593,1.29503778742794,0.205447184567603,NA,NA,4.76501264247328,2.18289089110594
4,"inad_unconstrained","rolling_one_step",4,1,8,14,6.46,0.292471184801843,3.68223491139527,5.44471876388889,0.94195076972025,0,1,56.8516,7.54
4,"inad_constrained_alpha","rolling_one_step",4,1,8,14,6.59,0.288883255578331,4.77912349311153,5.44301074076689,0.953660301228422,0,0,54.9081,7.41
4,"nb_glm","rolling_one_step",4,1,8,14,6.29845940473774,NA,3.83018792881929,5.33096308823231,0.930397246203126,NA,NA,59.3137275404725,7.70154059526226
4,"poisson_glm","rolling_one_step",4,1,8,14,6.26845339838276,NA,4.51169584579809,5.67441168876062,0.957552408145462,NA,NA,59.7768128529791,7.73154660161724
4,"inad_unconstrained","rolling_one_step",4,1,9,8,5.59,0.294767499544775,2.6740204525159,1.55363248593761,0.785396880908913,1,1,5.8081,2.41
4,"inad_constrained_alpha","rolling_one_step",4,1,9,8,6.2,0.323491058062607,2.17945240759042,1.21507887931034,0.636883359790362,1,1,3.24,1.8
4,"nb_glm","rolling_one_step",4,1,9,8,5.66214783854907,NA,2.6860603569301,1.62212843163264,0.775608311012348,NA,NA,5.46555272880081,2.33785216145093
4,"poisson_glm","rolling_one_step",4,1,9,8,5.57968058187818,NA,2.47138039756302,1.44337599428327,0.792556724035593,NA,NA,5.85794608573755,2.42031941812182
4,"inad_unconstrained","rolling_one_step",4,1,10,4,5.02,0.264376529773256,2.32925334007621,0.760870021545091,0.429476715882774,1,1,1.0404,1.02
4,"inad_constrained_alpha","rolling_one_step",4,1,10,4,5.55,0.302639900031224,2.44204535674085,1.03606672859691,0.384943686273603,1,1,2.4025,1.55
4,"nb_glm","rolling_one_step",4,1,10,4,4.87294017208124,NA,2.07782447440113,0.799022790626724,0.446594112920325,NA,NA,0.76202454403322,0.872940172081237
4,"poisson_glm","rolling_one_step",4,1,10,4,4.73545392048745,NA,1.77912480398388,0.637962254587792,0.463843281887664,NA,NA,0.540892469160357,0.735453920487448
4,"inad_unconstrained","rolling_one_step",4,1,11,13,8.56,0.380143513569666,3.44251553099289,2.74202029478458,0.816257371815413,1,1,19.7136,4.44
4,"inad_constrained_alpha","rolling_one_step",4,1,11,13,10.44,0.383318840305735,2.50873673123952,1.60227864203954,0.709538562655798,1,1,6.5536,2.56
4,"nb_glm","rolling_one_step",4,1,11,13,8.50383030289911,NA,3.22651842011757,2.79289875138352,0.762379309062647,NA,NA,20.2155419451283,4.49616969710089
4,"poisson_glm","rolling_one_step",4,1,11,13,8.702736757795,NA,3.14506613107107,2.54731717617001,0.833736264918725,NA,NA,18.4664713728062,4.297263242205
4,"inad_unconstrained","rolling_one_step",4,1,12,6,6.34,0.271628087983953,2.08789825169806,0.699332363804247,0.431966408632099,1,1,0.1156,0.34
4,"inad_constrained_alpha","rolling_one_step",4,1,12,6,6.27,0.302132153839737,2.09663193166681,0.756593701323252,0.470839438944772,1,1,0.0728999999999998,0.27
4,"nb_glm","rolling_one_step",4,1,12,6,6.29845940473774,NA,2.27920078080889,0.867046840684098,0.568728130804678,NA,NA,0.0890780162764074,0.298459404737742
4,"poisson_glm","rolling_one_step",4,1,12,6,6.26845339838276,NA,1.89955242823501,0.615642244064473,0.515518420673234,NA,NA,0.0720672271032527,0.26845339838276
4,"inad_unconstrained","rolling_one_step",5,1,1,3,3.88,0.257917064424229,1.87591777723528,0.731689221938776,0.4185146470017,1,1,0.7744,0.88
4,"inad_constrained_alpha","rolling_one_step",5,1,1,3,3.33,0.237007863314126,1.80975831890425,0.569143762681601,0.487092658100998,1,1,0.1089,0.33
4,"nb_glm","rolling_one_step",5,1,1,3,2.6666692169827,NA,1.83205409612095,0.560427748838637,0.658658264020229,NA,NA,0.111109410906924,0.333330783017296
4,"poisson_glm","rolling_one_step",5,1,1,3,2.48528768649539,NA,1.60379776154335,0.466563770657468,0.610149863038174,NA,NA,0.264928765673268,0.51471231350461
4,"inad_unconstrained","rolling_one_step",5,1,2,3,4.58,0.33700403138793,2.6740204525159,1.04667886624297,0.317501246565495,1,1,2.4964,1.58
4,"inad_constrained_alpha","rolling_one_step",5,1,2,3,4.71,0.285436047782577,1.95427839872583,1.06682218374885,0.385646572255881,1,1,2.9241,1.71
4,"nb_glm","rolling_one_step",5,1,2,3,4.45508154894615,NA,1.99381498897887,0.928307602298901,0.330780959550776,NA,NA,2.11726231408354,1.45508154894615
4,"poisson_glm","rolling_one_step",5,1,2,3,4.35486043484073,NA,1.8252942582012,0.867811810311278,0.224489192756291,NA,NA,1.83564679789682,1.35486043484073
4,"inad_unconstrained","rolling_one_step",5,1,3,4,3.98,0.332112917392549,2.18803615128181,0.85619528088246,0.516841327626354,1,1,0.000400000000000001,0.02
4,"inad_constrained_alpha","rolling_one_step",5,1,3,4,4.29,0.321704739464527,2.19654684094972,0.836527010916403,0.487185169695798,1,1,0.0841,0.29
4,"nb_glm","rolling_one_step",5,1,3,4,4.0050000709619,NA,2.06686991308106,0.733961148779588,0.563195077833542,NA,NA,2.50007096239937e-05,0.00500007096189581
4,"poisson_glm","rolling_one_step",5,1,3,4,3.87635173475795,NA,1.74086047504415,0.539370992214315,0.457275649235434,NA,NA,0.0152888934973678,0.123648265242048
4,"inad_unconstrained","rolling_one_step",5,1,4,3,5.18,0.349423768076772,2.03836151593637,1.43386538761707,0.222990375067513,1,1,4.7524,2.18
4,"inad_constrained_alpha","rolling_one_step",5,1,4,3,6.46,0.353173205568193,2.39707593641497,2.12495667831228,0.166518027380826,1,1,11.9716,3.46
4,"nb_glm","rolling_one_step",5,1,4,3,6.2542556296615,NA,2.36753992105021,1.96720883280811,0.224601633793048,NA,NA,10.5901797031836,3.2542556296615
4,"poisson_glm","rolling_one_step",5,1,4,3,6.30933342877296,NA,2.65793415613763,2.2660232787129,0.0968418854731766,NA,NA,10.9516877427942,3.30933342877296
4,"inad_unconstrained","rolling_one_step",5,1,5,5,4.73,0.317774775715141,2.44204535674085,0.834173506242568,0.595679349202406,1,1,0.0728999999999998,0.27
4,"inad_constrained_alpha","rolling_one_step",5,1,5,5,4.44,0.323590962653643,2.45913979010015,0.970628971559897,0.579415812063252,1,1,0.3136,0.56
4,"nb_glm","rolling_one_step",5,1,5,5,4.0050000709619,NA,2.27281584790852,0.908113582010002,0.665040051257947,NA,NA,0.990024858785832,0.994999929038104
4,"poisson_glm","rolling_one_step",5,1,5,5,3.87635173475795,NA,1.98149330099585,0.741927457262757,0.615846603280726,NA,NA,1.26258542398146,1.12364826524205
4,"inad_unconstrained","rolling_one_step",5,1,6,6,5.03,0.339177555480038,2.37217838479324,1.05612001271097,0.625339117789985,1,1,0.9409,0.97
4,"inad_constrained_alpha","rolling_one_step",5,1,6,6,6.63,0.326182386855804,2.36373951614738,0.899462675955185,0.463288703453096,1,1,0.3969,0.63
4,"nb_glm","rolling_one_step",5,1,6,6,6.01500383559152,NA,2.35129304964876,0.950588328559241,0.563855231445252,NA,NA,0.000225115082457298,0.0150038355915179
4,"poisson_glm","rolling_one_step",5,1,6,6,6.04602149409509,NA,1.93299372515071,0.652212235988966,0.426084191722825,NA,NA,0.00211797791874431,0.0460214940950889
4,"inad_unconstrained","rolling_one_step",5,1,7,10,6.23,0.352152113597393,2.97062635242291,2.37745013645504,0.82763306308441,1,1,14.2129,3.77
4,"inad_constrained_alpha","rolling_one_step",5,1,7,10,6.9,0.365286659261385,2.46757865874601,1.78707892098016,0.792077565994485,1,1,9.61,3.1
4,"nb_glm","rolling_one_step",5,1,7,10,6.42181713886171,NA,2.97864115178928,2.32490738717522,0.82374368923199,NA,NA,12.8033925877438,3.57818286113829
4,"poisson_glm","rolling_one_step",5,1,7,10,6.04793600068202,NA,3.11028619307141,2.47085546586558,0.88128899821055,NA,NA,15.6188098547053,3.95206399931798
4,"inad_unconstrained","rolling_one_step",5,1,8,11,8.28,0.459265993216624,3.25012836837231,1.91792287573964,0.689306716186066,1,1,7.3984,2.72
4,"inad_constrained_alpha","rolling_one_step",5,1,8,11,11.08,0.482351144149805,2.77938096817372,1.24317474556213,0.520610639886913,1,1,0.00640000000000001,0.0800000000000001
4,"nb_glm","rolling_one_step",5,1,8,11,10.4753376453364,NA,2.88732514149232,1.62726989638948,0.56108200798894,NA,NA,0.275270586401106,0.524662354663555
4,"poisson_glm","rolling_one_step",5,1,8,11,10.3243839614577,NA,2.31815974042253,1.00076068869487,0.595765676027728,NA,NA,0.456457031535583,0.675616038542294
4,"inad_unconstrained","rolling_one_step",5,1,9,11,6.68,0.331778190477867,2.45913979010015,2.59961302786556,0.85526631741161,1,1,18.6624,4.32
4,"inad_constrained_alpha","rolling_one_step",5,1,9,11,8.27,0.439433749502721,2.6222395446891,1.8369889344,0.689109895380586,1,1,7.4529,2.73
4,"nb_glm","rolling_one_step",5,1,9,11,8.67038106875009,NA,2.91847888507196,1.83325502448035,0.658324407834298,NA,NA,5.42712436483797,2.32961893124991
4,"poisson_glm","rolling_one_step",5,1,9,11,8.39658390943871,NA,2.59289360736533,1.52502053859397,0.715508941379484,NA,NA,6.77777534059342,2.60341609056129
4,"inad_unconstrained","rolling_one_step",5,1,10,20,6.44,0.364960216456478,4.10588632266227,10.5552046492878,0.998658556596349,0,0,183.8736,13.56
4,"inad_constrained_alpha","rolling_one_step",5,1,10,20,7.17,0.393650360168267,4.80402104473326,9.85090065170653,0.996923136442793,0,0,164.6089,12.83
4,"nb_glm","rolling_one_step",5,1,10,20,6.97484642730848,NA,4.49561803802425,10.038554853743,0.994290490010271,NA,NA,169.654625592199,13.0251535726915
4,"poisson_glm","rolling_one_step",5,1,10,20,6.61938494899342,NA,4.80257205602779,10.8411446432196,0.99537339772364,NA,NA,179.040859143224,13.3806150510066
4,"inad_unconstrained","rolling_one_step",5,1,11,4,9.13,0.457188377062685,2.63020771433828,3.01340696019148,0.121738968500794,1,1,26.3169,5.13
4,"inad_constrained_alpha","rolling_one_step",5,1,11,4,10.49,0.49999898989797,3.22678100437531,3.95824133548267,0.0668079929471779,0,1,42.1201,6.49
4,"nb_glm","rolling_one_step",5,1,11,4,10.2111686873709,NA,2.90283083336123,3.48293186862498,0.125849925324163,NA,NA,38.5786164629771,6.21116868737093
4,"poisson_glm","rolling_one_step",5,1,11,4,10.0401643796046,NA,3.79159381717026,4.25984543937704,0.0411324675425648,NA,NA,36.4835857326442,6.0401643796046
4,"inad_unconstrained","rolling_one_step",5,1,12,13,7.52,0.438426940114521,3.17838446351346,3.33228463902739,0.810687862650976,1,1,30.0304,5.48
4,"inad_constrained_alpha","rolling_one_step",5,1,12,13,8.21,0.414215822337519,2.7158675624514,2.90439838081161,0.835892487295434,1,1,22.9441,4.79
4,"nb_glm","rolling_one_step",5,1,12,13,7.90009284860345,NA,3.2797085129068,3.29882256477769,0.824340885344202,NA,NA,26.0090529528656,5.09990715139655
4,"poisson_glm","rolling_one_step",5,1,12,13,7.58476337815695,NA,3.6204068372346,3.53363011138527,0.912322773812055,NA,NA,29.3247876705501,5.41523662184305
4,"inad_unconstrained","rolling_one_step",6,1,1,5,5.15,0.372915079563239,2.2216527620808,0.99602072945837,0.580412700157151,1,1,0.0225000000000001,0.15
4,"inad_constrained_alpha","rolling_one_step",6,1,1,5,5.65,0.407350393929285,2.59794685212005,1.09848209486697,0.479503354020951,1,1,0.4225,0.65
4,"nb_glm","rolling_one_step",6,1,1,5,4.7652348332638,NA,2.25768015976167,0.896877395950806,0.505701997792383,NA,NA,0.0551146835126772,0.234765166736203
4,"poisson_glm","rolling_one_step",6,1,1,5,4.79623241557852,NA,1.87835083711281,0.643457477498409,0.465844264097241,NA,NA,0.041521228460965,0.20376758442148
4,"inad_unconstrained","rolling_one_step",6,1,2,2,4.76,0.35565276448931,2.45062910043224,1.53876082986339,0.268107335547137,1,1,7.6176,2.76
4,"inad_constrained_alpha","rolling_one_step",6,1,2,2,5.37,0.416249488124173,2.84134549409159,1.98410379755481,0.217283494405233,1,1,11.3569,3.37
4,"nb_glm","rolling_one_step",6,1,2,2,4.7652348332638,NA,2.16202610541851,1.67224286656605,0.146303751486837,NA,NA,7.64652368309546,2.7652348332638
4,"poisson_glm","rolling_one_step",6,1,2,2,4.79623241557852,NA,2.43526313592766,1.90291390297534,0.0786884637710325,NA,NA,7.81891572193208,2.79623241557852
4,"inad_unconstrained","rolling_one_step",6,1,3,4,4.83,0.322256877272611,2.18803615128181,0.862451245525604,0.445928462052192,1,1,0.6889,0.83
4,"inad_constrained_alpha","rolling_one_step",6,1,3,4,5.15,0.383333333333333,2.53264225209307,1.22278386136772,0.359606275099465,1,1,1.3225,1.15
4,"nb_glm","rolling_one_step",6,1,3,4,5.17560379459313,NA,2.20397525611131,1.18580328770647,0.371382476936659,NA,NA,1.38204428186177,1.17560379459313
4,"poisson_glm","rolling_one_step",6,1,3,4,5.24941213993909,NA,1.96617775507417,1.07989494877741,0.272854328527216,NA,NA,1.56103069542717,1.24941213993909
4,"inad_unconstrained","rolling_one_step",6,1,4,3,4.73,0.372774202514882,2.10294131759573,1.21887582596254,0.351360620187836,1,1,2.9929,1.73
4,"inad_constrained_alpha","rolling_one_step",6,1,4,3,5.15,0.413503142049548,2.39707593641497,1.36408073770492,0.339014002040342,1,1,4.6225,2.15
4,"nb_glm","rolling_one_step",6,1,4,3,4.7652348332638,NA,2.10315708285477,1.25805950077103,0.329950380185666,NA,NA,3.11605401656787,1.7652348332638
4,"poisson_glm","rolling_one_step",6,1,4,3,4.79623241557852,NA,2.02651815275442,1.27610486342902,0.192927590545966,NA,NA,3.22645089077504,1.79623241557852
4,"inad_unconstrained","rolling_one_step",6,1,5,2,6.11,0.426139589213381,2.72403087309056,2.45141567188843,0.083031958869329,1,1,16.8921,4.11
4,"inad_constrained_alpha","rolling_one_step",6,1,5,2,5.64,0.426761353129887,2.87386868579715,2.2731243136,0.215778455431126,1,1,13.2496,3.64
4,"nb_glm","rolling_one_step",6,1,5,2,5.53699884639042,NA,2.38798935933392,2.26863239826716,0.153600030936204,NA,NA,12.5103608393671,3.53699884639042
4,"poisson_glm","rolling_one_step",6,1,5,2,5.65129453791062,NA,2.93132377361831,2.66585793848229,0.0463063361509018,NA,NA,13.3319518025759,3.65129453791062
4,"inad_unconstrained","rolling_one_step",6,1,6,8,6.59,0.455958309276166,2.39707593641497,1.4355391494222,0.634011224308509,1,1,1.9881,1.41
4,"inad_constrained_alpha","rolling_one_step",6,1,6,8,5.64,0.421042477283193,3.03622363490873,1.68818919123205,0.716032983814958,1,1,5.5696,2.36
4,"nb_glm","rolling_one_step",6,1,6,8,5.86217215690701,NA,2.74567958066968,1.48366686707373,0.699295239896533,NA,NA,4.57030788670361,2.13782784309299
4,"poisson_glm","rolling_one_step",6,1,6,8,6.01499221795781,NA,2.39558681189159,1.16379064870133,0.730051497115254,NA,NA,3.94025589476805,1.98500778204219
4,"inad_unconstrained","rolling_one_step",6,1,7,11,9.83,0.599840887993717,3.09778152790816,1.66761923034083,0.548466400530697,1,1,1.3689,1.17
4,"inad_constrained_alpha","rolling_one_step",6,1,7,11,10.83,0.695592908926978,3.28043371786763,2.0435702996213,0.541753254763143,1,1,0.0289,0.17
4,"nb_glm","rolling_one_step",6,1,7,11,9.98919278762046,NA,2.93303067684078,1.72712969933746,0.561820124526823,NA,NA,1.0217312205985,1.01080721237954
4,"poisson_glm","rolling_one_step",6,1,7,11,10.0297513340836,NA,2.37042907770841,1.09511405671407,0.587018865691129,NA,NA,0.941382473712583,0.970248665916415
4,"inad_unconstrained","rolling_one_step",6,1,8,8,10.34,0.578612062777747,2.23450172588993,1.76638855601469,0.405839255986414,1,1,5.4756,2.34
4,"inad_constrained_alpha","rolling_one_step",6,1,8,8,9.68,0.557026738926228,2.40380824238591,1.70532421474716,0.409025950030695,1,1,2.8224,1.68
4,"nb_glm","rolling_one_step",6,1,8,8,10.316205032315,NA,2.76090332852593,1.95675886343083,0.346370217556619,NA,NA,5.36480575172118,2.31620503231497
4,"poisson_glm","rolling_one_step",6,1,8,8,10.3891418225724,NA,2.45906198279477,1.75731536657997,0.233252661980418,NA,NA,5.70799864836461,2.38914182257241
4,"inad_unconstrained","rolling_one_step",6,1,9,15,9.58,0.594109128498845,4.24350770053832,3.26040732653061,0.709157122509837,1,1,29.3764,5.42
4,"inad_constrained_alpha","rolling_one_step",6,1,9,15,9.84,0.527184248933172,4.17706260113017,3.17571362974186,0.787959623841057,1,1,26.6256,5.16
4,"nb_glm","rolling_one_step",6,1,9,15,10.316205032315,NA,3.39122169656298,2.79834281458012,0.703604017469685,NA,NA,21.9379352993116,4.68379496768503
4,"poisson_glm","rolling_one_step",6,1,9,15,10.3891418225724,NA,3.2905269973218,2.51855072370803,0.767922567152549,NA,NA,21.2600131323509,4.61085817742759
4,"inad_unconstrained","rolling_one_step",6,1,10,23,15.09,0.64166686343956,3.82199685377043,4.6160993121193,0.82888990586087,1,1,62.5681,7.91
4,"inad_constrained_alpha","rolling_one_step",6,1,10,23,14.87,0.705913692609898,3.85758779887313,4.81902303780136,0.790882044880801,1,1,66.0969,8.13
4,"nb_glm","rolling_one_step",6,1,10,23,12.6909527067232,NA,4.01231450376437,5.78457457441507,0.804255886540831,NA,NA,106.276456095018,10.3090472932768
4,"poisson_glm","rolling_one_step",6,1,10,23,13.0291032209071,NA,4.64290460828727,6.04806990348089,0.868262709332349,NA,NA,99.4187825793254,9.97089677909291
4,"inad_unconstrained","rolling_one_step",6,1,11,2,7.92,0.636226247795419,2.61570885079169,4.0948804557866,0.124849198668304,1,1,35.0464,5.92
4,"inad_constrained_alpha","rolling_one_step",6,1,11,2,7.96,0.620836841560151,2.71390673321492,4.06369461345836,0.120319979835274,1,1,35.5216,5.96
4,"nb_glm","rolling_one_step",6,1,11,2,7.46042037321136,NA,2.94582525454441,4.13111283930035,0.0673134191930489,NA,NA,29.8161906521817,5.46042037321136
4,"poisson_glm","rolling_one_step",6,1,11,2,7.29027006458266,NA,3.88667400433949,4.50183880448585,0.0290166498324317,NA,NA,27.9869573562194,5.29027006458266
4,"inad_unconstrained","rolling_one_step",6,1,12,3,12.05,0.587990070691949,4.91265488573605,6.36683242322664,0.0377376545510282,0,0,81.9025,9.05
4,"inad_constrained_alpha","rolling_one_step",6,1,12,3,10.48,0.568975687822716,3.26539584050309,4.89600789715335,0.0712144779045643,0,1,55.9504,7.48
4,"nb_glm","rolling_one_step",6,1,12,3,10.9220484928952,NA,3.29977215043095,5.27903047968846,0.0764210487084412,NA,NA,62.7588523237829,7.92204849289519
4,"poisson_glm","rolling_one_step",6,1,12,3,11.0577508913802,NA,4.60605419948006,6.33825449794631,0.0282024412820863,NA,NA,64.9273494275381,8.05775089138018
4,"inad_unconstrained","rolling_one_step",7,1,1,6,5.01,0.347136918814523,2.2133539592661,1.02693246527778,0.704786116993676,1,1,0.9801,0.99
4,"inad_constrained_alpha","rolling_one_step",7,1,1,6,4.92,0.374349267045327,2.68253114218381,1.23079475725366,0.628015482266793,1,1,1.1664,1.08
4,"nb_glm","rolling_one_step",7,1,1,6,5.01858232262139,NA,2.40265147726882,1.02296009012218,0.583962928448193,NA,NA,0.963180657471218,0.981417677378606
4,"poisson_glm","rolling_one_step",7,1,1,6,5.03918822390869,NA,2.02230528070899,0.747988877986643,0.56291273010406,NA,NA,0.923159269075732,0.960811776091307
4,"inad_unconstrained","rolling_one_step",7,1,2,3,3.74,0.328639681724591,2.02759188035395,0.791168665406427,0.530614738087453,1,1,0.5476,0.74
4,"inad_constrained_alpha","rolling_one_step",7,1,2,3,3.93,0.370709121178927,2.02210099506459,0.936854266326256,0.46397544431252,1,1,0.8649,0.93
4,"nb_glm","rolling_one_step",7,1,2,3,3.88273541755356,NA,1.96463181453666,0.876638378238269,0.358655028068936,NA,NA,0.77922181740346,0.882735417553561
4,"poisson_glm","rolling_one_step",7,1,2,3,3.80681519258628,NA,1.72976972340491,0.750504909422687,0.400487411321238,NA,NA,0.650950754988041,0.806815192586283
4,"inad_unconstrained","rolling_one_step",7,1,3,4,3.95,0.293489971951962,2.02759188035395,0.74947202268431,0.50507680107807,1,1,0.00249999999999998,0.0499999999999998
4,"inad_constrained_alpha","rolling_one_step",7,1,3,4,4.54,0.358847763225183,2.27665306690066,0.893780896294168,0.428518702719692,1,1,0.2916,0.54
4,"nb_glm","rolling_one_step",7,1,3,4,4.6910238620277,NA,2.08887899250785,0.815798791625063,0.474524038768424,NA,NA,0.477513977891683,0.691023862027704
4,"poisson_glm","rolling_one_step",7,1,3,4,4.68083474690109,NA,1.7885261662795,0.657078766152335,0.341850828298671,NA,NA,0.463535952587875,0.680834746901093
4,"inad_unconstrained","rolling_one_step",7,1,4,1,4.83,0.412936026057502,2.29339666693964,2.64010690532544,0.122036273455964,1,1,14.6689,3.83
4,"inad_constrained_alpha","rolling_one_step",7,1,4,1,4.32,0.376555360330907,2.03026430570375,2.00002125718818,0.17235230287448,1,1,11.0224,3.32
4,"nb_glm","rolling_one_step",7,1,4,1,4.31907680691454,NA,2.37466164171165,2.49235631352343,0.139588382513484,NA,NA,11.016270850198,3.31907680691454
4,"poisson_glm","rolling_one_step",7,1,4,1,4.27674008947482,NA,2.92178542822257,2.7031702284036,0.0232825231119933,NA,NA,10.7370256139715,3.27674008947482
4,"inad_unconstrained","rolling_one_step",7,1,5,1,3.46,0.311211383552282,1.988764574797,1.3771900459638,0.163591104892923,1,1,6.0516,2.46
4,"inad_constrained_alpha","rolling_one_step",7,1,5,1,4.62,0.465535425422419,2.30105953968521,2.42920354291708,0.083448559861943,1,1,13.1044,3.62
4,"nb_glm","rolling_one_step",7,1,5,1,3.88273541755356,NA,2.22958587819487,2.25219255414036,0.114169974007935,NA,NA,8.31016348761771,2.88273541755356
4,"poisson_glm","rolling_one_step",7,1,5,1,3.80681519258628,NA,2.6194019348384,2.38179996092787,0.0767206571307921,NA,NA,7.87821152533317,2.80681519258628
4,"inad_unconstrained","rolling_one_step",7,1,6,6,6.53,0.387807877040874,2.48424571123122,1.00467441431596,0.512901308094363,1,1,0.2809,0.53
4,"inad_constrained_alpha","rolling_one_step",7,1,6,6,5.61,0.443788784049896,2.64595607130642,1.2356862487793,0.553751234563315,1,1,0.1521,0.39
4,"nb_glm","rolling_one_step",7,1,6,6,5.8313777816145,NA,2.43397171029908,1.12844996638305,0.540372276632422,NA,NA,0.0284334525332466,0.168622218385498
4,"poisson_glm","rolling_one_step",7,1,6,6,5.93756399143216,NA,2.00609633692063,0.80795742142333,0.456110676668628,NA,NA,0.00389825516588335,0.0624360085678397
4,"inad_unconstrained","rolling_one_step",7,1,7,8,9.69,0.615079037378305,2.82450140345419,1.80581044009516,0.447217437162848,1,1,2.8561,1.69
4,"inad_constrained_alpha","rolling_one_step",7,1,7,8,9.19,0.550058766373782,2.88183685544633,1.43328252078609,0.434490630419385,1,1,1.4161,1.19
4,"nb_glm","rolling_one_step",7,1,7,8,9.35032237643765,NA,2.73095239156688,1.79910511023978,0.409973647158833,NA,NA,1.82337052030823,1.35032237643765
4,"poisson_glm","rolling_one_step",7,1,7,8,9.26386702686,NA,2.28225473866736,1.37267333390872,0.369685342546858,NA,NA,1.59735986158394,1.26386702686
4,"inad_unconstrained","rolling_one_step",7,1,8,7,7.27,0.59064337460061,2.70658069312285,1.6748760759083,0.511292047128629,1,1,0.0728999999999998,0.27
4,"inad_constrained_alpha","rolling_one_step",7,1,8,7,9.58,0.613843661207021,3.09778152790816,2.12746920249499,0.366482885626941,1,1,6.6564,2.58
4,"nb_glm","rolling_one_step",7,1,8,7,8.40569165114558,NA,2.64333468108849,1.76501687836246,0.389203629109725,NA,NA,1.97596901810038,1.40569165114558
4,"poisson_glm","rolling_one_step",7,1,8,7,8.24596047506838,NA,2.22977676023602,1.38017022290396,0.344881912750988,NA,NA,1.55241750543261,1.24596047506838
4,"inad_unconstrained","rolling_one_step",7,1,9,12,10.96,0.529516646374671,2.41124322087343,1.48704819753086,0.572935726704369,1,1,1.0816,1.04
4,"inad_constrained_alpha","rolling_one_step",7,1,9,12,11.74,0.766814215050843,2.94228443911058,2.55323711393054,0.462979604927245,1,1,0.0675999999999999,0.26
4,"nb_glm","rolling_one_step",7,1,9,12,10.4011106012193,NA,3.14733494080517,2.47079592764326,0.526275502455796,NA,NA,2.55644730953338,1.59888939878072
4,"poisson_glm","rolling_one_step",7,1,9,12,10.4074270730278,NA,2.60693731789827,1.80346796448899,0.520972999057952,NA,NA,2.53628852772475,1.59257292697218
4,"inad_unconstrained","rolling_one_step",7,1,10,12,12.98,0.556863510832744,2.79464844030451,1.49225895316804,0.463489739417529,1,1,0.960400000000001,0.98
4,"inad_constrained_alpha","rolling_one_step",7,1,10,12,14.49,0.746506341012397,2.94228443911058,2.89257062241018,0.331298528864821,1,1,6.2001,2.49
4,"nb_glm","rolling_one_step",7,1,10,12,12.0856451812439,NA,3.12003208929015,2.61188799022593,0.450200874354165,NA,NA,0.00733509707030342,0.0856451812439172
4,"poisson_glm","rolling_one_step",7,1,10,12,12.2628410542551,NA,2.50323573004224,1.8565357240978,0.409964940278085,NA,NA,0.0690854198019118,0.262841054255061
4,"inad_unconstrained","rolling_one_step",7,1,11,1,6.29,0.592596580373788,2.42594936826312,3.72819122489211,0.157640491527842,1,1,27.9841,5.29
4,"inad_constrained_alpha","rolling_one_step",7,1,11,1,6.31,0.709487651247523,2.50318071619911,4.37450341033601,0.175670121249969,1,1,28.1961,5.31
4,"nb_glm","rolling_one_step",7,1,11,1,5.5968036894878,NA,2.91982343253853,4.46367696283912,0.042689165587171,NA,NA,21.1306041596886,4.5968036894878
4,"poisson_glm","rolling_one_step",7,1,11,1,5.28682261938616,NA,3.68868712640942,4.52946637908506,0.0184398840522452,NA,NA,18.3768481700808,4.28682261938616
4,"inad_unconstrained","rolling_one_step",7,1,12,3,6.61,0.606012801144922,2.50570977741776,2.46393380730969,0.201993409464485,1,1,13.0321,3.61
4,"inad_constrained_alpha","rolling_one_step",7,1,12,3,6.12,0.598361398852202,2.14533363548854,2.38849576769586,0.360083929059008,1,1,9.7344,3.12
4,"nb_glm","rolling_one_step",7,1,12,3,6.22577188722054,NA,2.47075257218955,2.62900237150611,0.191310734289553,NA,NA,10.4056042683824,3.22577188722054
4,"poisson_glm","rolling_one_step",7,1,12,3,5.93944415434309,NA,2.59623912960024,2.59703384190882,0.114758190585174,NA,NA,8.64033193650176,2.93944415434309
4,"inad_unconstrained","rolling_one_step",8,1,1,1,5.44,0.354571871587711,2.70763706331488,2.87174911549757,0.084483468760159,0,1,19.7136,4.44
4,"inad_constrained_alpha","rolling_one_step",8,1,1,1,4.91,0.276374434929912,3.12752604627997,2.5205845973535,0.0782388827311604,0,1,15.2881,3.91
4,"nb_glm","rolling_one_step",8,1,1,1,5.23307241785293,NA,2.60378494336891,2.71229327248646,0.0956080346245041,NA,NA,17.9189020947872,4.23307241785293
4,"poisson_glm","rolling_one_step",8,1,1,1,5.27608705511346,NA,3.48090609143745,3.1688520828399,0.0160820745238527,NA,NA,18.2849205029089,4.27608705511346
4,"inad_unconstrained","rolling_one_step",8,1,2,7,5.03,0.327048323739178,2.36373951614738,1.3204612683137,0.654589253498746,1,1,3.8809,1.97
4,"inad_constrained_alpha","rolling_one_step",8,1,2,7,4.4,0.289548586317364,2.7904870768581,1.65714635916824,0.801213088620899,1,1,6.76,2.6
4,"nb_glm","rolling_one_step",8,1,2,7,4.25385306045019,NA,2.7559669899958,1.69385545980539,0.753031650158095,NA,NA,7.5413230135988,2.74614693954981
4,"poisson_glm","rolling_one_step",8,1,2,7,4.20704447224388,NA,2.69620316651691,1.6468702878249,0.846550532025186,NA,NA,7.80060058002345,2.79295552775612
4,"inad_unconstrained","rolling_one_step",8,1,3,5,4.26,0.28871712065199,2.25955863354136,0.851422919143876,0.588424357096343,1,1,0.5476,0.74
4,"inad_constrained_alpha","rolling_one_step",8,1,3,5,4.63,0.305721534350553,1.72512231143356,0.741476640067792,0.568474270792036,1,1,0.1369,0.37
4,"nb_glm","rolling_one_step",8,1,3,5,4.62018322530986,NA,2.23567836036674,0.852642262786577,0.608406104997345,NA,NA,0.144260782336024,0.379816774690144
4,"poisson_glm","rolling_one_step",8,1,3,5,4.6045538273184,NA,1.86503726521234,0.609256889956837,0.604781183148007,NA,NA,0.156377675488523,0.395446172681597
4,"inad_unconstrained","rolling_one_step",8,1,4,1,3.56,0.261433499665737,2.23335626114734,1.44932177930926,0.125186603858663,1,1,6.5536,2.56
4,"inad_constrained_alpha","rolling_one_step",8,1,4,1,3.09,0.231854621814114,1.56451622504259,1.08098611314017,0.141619926639707,1,1,4.3681,2.09
4,"nb_glm","rolling_one_step",8,1,4,1,3.29108598347179,NA,1.86272507886492,1.24668539148038,0.170032333515196,NA,NA,5.24907498366088,2.29108598347179
4,"poisson_glm","rolling_one_step",8,1,4,1,3.17817872665245,NA,2.06191634283057,1.35652287719139,0.0557498779978906,NA,NA,4.74446256524129,2.17817872665245
4,"inad_unconstrained","rolling_one_step",8,1,5,2,3.7,0.32767932094311,1.85381830869828,0.964980454815696,0.379099582117151,1,1,2.89,1.7
4,"inad_constrained_alpha","rolling_one_step",8,1,5,2,3.62,0.290168881512094,1.96301207869458,0.947081436672968,0.372555218032905,1,1,2.6244,1.62
4,"nb_glm","rolling_one_step",8,1,5,2,3.29108598347179,NA,1.77201832673145,0.807117341584721,0.263788485431199,NA,NA,1.66690301671731,1.29108598347179
4,"poisson_glm","rolling_one_step",8,1,5,2,3.17817872665245,NA,1.65119512307326,0.757319511219358,0.28657804573922,NA,NA,1.38810511193639,1.17817872665245
4,"inad_unconstrained","rolling_one_step",8,1,6,3,5.14,0.31366842172568,2.11387373810132,1.21703087150267,0.266304127613389,1,1,4.5796,2.14
4,"inad_constrained_alpha","rolling_one_step",8,1,6,3,5.01,0.308628441903068,1.61715995852801,1.06433708086785,0.241400576641019,1,1,4.0401,2.01
4,"nb_glm","rolling_one_step",8,1,6,3,5.23307241785293,NA,2.11453899526718,1.21605870349746,0.266673613665952,NA,NA,4.98661242337552,2.23307241785293
4,"poisson_glm","rolling_one_step",8,1,6,3,5.27608705511346,NA,2.1490934938488,1.37542919741819,0.143833690835089,NA,NA,5.18057228245505,2.27608705511346
4,"inad_unconstrained","rolling_one_step",8,1,7,16,7.85,0.448876262448683,3.74677343253284,5.06856431274414,0.8817498014597,0,1,66.4225,8.15
4,"inad_constrained_alpha","rolling_one_step",8,1,7,16,8.67,0.426887963443962,3.4504207105,4.59308952197904,0.882601275289171,0,1,53.7289,7.33
4,"nb_glm","rolling_one_step",8,1,7,16,8.27875463992269,NA,3.75002718070759,4.74153112358299,0.860070442095094,NA,NA,59.6176299105154,7.72124536007731
4,"poisson_glm","rolling_one_step",8,1,7,16,8.11158071549725,NA,4.44069390789393,5.21634542464708,0.906782195599814,NA,NA,62.2271588081148,7.88841928450275
4,"inad_unconstrained","rolling_one_step",8,1,8,4,6.89,0.438522542410331,2.6222395446891,1.825698464,0.256971899507195,1,1,8.3521,2.89
4,"inad_constrained_alpha","rolling_one_step",8,1,8,4,8.04,0.503506893616355,3.02825546525955,2.3489159552,0.217526451467592,1,1,16.3216,4.04
4,"nb_glm","rolling_one_step",8,1,8,4,7.92552456057536,NA,2.54789113588789,2.2508829676693,0.246034061129132,NA,NA,15.4097430756803,3.92552456057536
4,"poisson_glm","rolling_one_step",8,1,8,4,7.73408311720565,NA,2.80149954452369,2.49916416684563,0.125239460534664,NA,NA,13.9433767262002,3.73408311720565
4,"inad_unconstrained","rolling_one_step",8,1,9,5,8.02,0.395167781780822,2.70763706331488,1.75302404207363,0.209807444761165,1,1,9.1204,3.02
4,"inad_constrained_alpha","rolling_one_step",8,1,9,5,8.67,0.427597233315879,2.36578084679667,2.31417342106845,0.150745848205623,1,1,13.4689,3.67
4,"nb_glm","rolling_one_step",8,1,9,5,9.48609126029771,NA,2.70944138726823,2.61900324969086,0.205947904064965,NA,NA,20.1250147957195,4.48609126029771
4,"poisson_glm","rolling_one_step",8,1,9,5,9.41285877434345,NA,3.0549389160036,3.01224256322804,0.0814881694859402,NA,NA,19.4733225623,4.41285877434345
4,"inad_unconstrained","rolling_one_step",8,1,10,1,9.16,0.445112629033655,4.82028156560504,5.72099102497399,0.00813131936217448,0,0,66.5856,8.16
4,"inad_constrained_alpha","rolling_one_step",8,1,10,1,9.36,0.42391155929157,4.11404963330143,5.93651645184744,0.0192148245211948,0,0,69.8896,8.36
4,"nb_glm","rolling_one_step",8,1,10,1,9.48609126029771,NA,3.66353978011964,5.41585471403268,0.0193581597318264,NA,NA,72.0137448781011,8.48609126029771
4,"poisson_glm","rolling_one_step",8,1,10,1,9.41285877434345,NA,4.74540358059366,6.50530204338423,0.0150676890041093,NA,NA,70.7761927570476,8.41285877434345
4,"inad_unconstrained","rolling_one_step",8,1,11,4,5.64,0.339791974388133,2.13082329641509,1.04301910882,0.364392181731811,1,1,2.6896,1.64
4,"inad_constrained_alpha","rolling_one_step",8,1,11,4,5.64,0.365015566293225,1.7823043104573,1.03421288888889,0.342934900587289,1,1,2.6896,1.64
4,"nb_glm","rolling_one_step",8,1,11,4,4.74396532183032,NA,2.11099816974453,0.872208288237185,0.487813381254135,NA,NA,0.553484400086098,0.743965321830324
4,"poisson_glm","rolling_one_step",8,1,11,4,4.41378588938087,NA,1.77486745069032,0.630872102168926,0.452677432102375,NA,NA,0.171218762250721,0.413785889380875
4,"inad_unconstrained","rolling_one_step",8,1,12,12,6.45,0.439783004343154,4.13814718488049,3.21904855757118,0.820840886981145,1,1,30.8025,5.55
4,"inad_constrained_alpha","rolling_one_step",8,1,12,12,6.07,0.398039386914604,3.69876421334648,3.78405379602258,0.859142013566691,0,1,35.1649,5.93
4,"nb_glm","rolling_one_step",8,1,12,12,6.13175453460786,NA,3.53078177051171,3.47830491036101,0.820928315232901,NA,NA,34.4363048420955,5.86824546539214
4,"poisson_glm","rolling_one_step",8,1,12,12,5.84265238825836,NA,4.15926643583629,3.89124837741458,0.891882510215335,NA,NA,37.9129296118205,6.15734761174164
4,"inad_unconstrained","rolling_one_step",9,1,1,2,2.12,0.177684318868372,1.5219386664839,0.426833357682006,0.512328379788323,1,1,0.0144,0.12
4,"inad_constrained_alpha","rolling_one_step",9,1,1,2,1.8,0.144250063459538,1.62813004544625,0.403580332647462,0.681914872068015,1,1,0.04,0.2
4,"nb_glm","rolling_one_step",9,1,1,2,2.36688685899281,NA,1.57654240868998,0.449616603311324,0.393341831638592,NA,NA,0.134605967301607,0.366886858992806
4,"poisson_glm","rolling_one_step",9,1,1,2,2.30050197774837,NA,1.38501447932227,0.373713959100616,0.554991446341708,NA,NA,0.0903014386306792,0.300501977748366
4,"inad_unconstrained","rolling_one_step",9,1,2,1,3.96,0.223344640147975,2.31155376297681,1.82887523915816,0.0934604662379882,1,1,8.7616,2.96
4,"inad_constrained_alpha","rolling_one_step",9,1,2,1,3.96,0.242845089251847,2.64804496611264,1.82408985841797,0.0714890455913305,1,1,8.7616,2.96
4,"nb_glm","rolling_one_step",9,1,2,1,3.95424895850904,NA,2.10743947419312,1.65857287695597,0.128123453486886,NA,NA,8.72758690885173,2.95424895850904
4,"poisson_glm","rolling_one_step",9,1,2,1,4.0310685550036,NA,2.62828835792098,2.01306983960886,0.0311439728370633,NA,NA,9.18737658513161,3.0310685550036
4,"inad_unconstrained","rolling_one_step",9,1,3,6,3.52,0.236335662680319,3.10998173662906,1.56109302216305,0.799922142319249,1,1,6.1504,2.48
4,"inad_constrained_alpha","rolling_one_step",9,1,3,6,3.02,0.190681923526054,3.10109278921182,2.05369956951531,0.904191705616623,0,1,8.8804,2.98
4,"nb_glm","rolling_one_step",9,1,3,6,3.55476486466917,NA,2.60660859220778,1.59350675674494,0.794231125723067,NA,NA,5.97917486705638,2.44523513533083
4,"poisson_glm","rolling_one_step",9,1,3,6,3.58813785652075,NA,2.49948243816706,1.48814622120553,0.840232898090921,NA,NA,5.81707899914834,2.41186214347925
4,"inad_unconstrained","rolling_one_step",9,1,4,10,2.48,0.207184102974269,4.7361984483945,5.8962378270237,0.96930878366793,0,0,56.5504,7.52
4,"inad_constrained_alpha","rolling_one_step",9,1,4,10,1.69,0.141916891314614,4.71849887129509,7.01351102519133,0.9968075198059,0,0,69.0561,8.31
4,"nb_glm","rolling_one_step",9,1,4,10,2.36688685899281,NA,4.53855466872006,5.98280370646499,0.976562213667302,NA,NA,58.2644162234167,7.63311314100719
4,"poisson_glm","rolling_one_step",9,1,4,10,2.30050197774837,NA,4.72468463513347,6.19911533893735,0.981746508855548,NA,NA,59.2822697946568,7.69949802225163
4,"inad_unconstrained","rolling_one_step",9,1,5,4,2.92,0.225934646848297,1.87591777723528,0.760902790178571,0.618351199536451,1,1,1.1664,1.08
4,"inad_constrained_alpha","rolling_one_step",9,1,5,4,2.32,0.198417985499543,2.40695403692958,1.13037083864796,0.833576142903891,1,1,2.8224,1.68
4,"nb_glm","rolling_one_step",9,1,5,4,2.75022118874331,NA,2.14300796148271,0.88506622606043,0.714146796156328,NA,NA,1.56194707706618,1.24977881125669
4,"poisson_glm","rolling_one_step",9,1,5,4,2.71063058142768,NA,1.93913005400212,0.787975840499526,0.714148409386228,NA,NA,1.66247349754951,1.28936941857232
4,"inad_unconstrained","rolling_one_step",9,1,6,2,2.61,0.189574217230044,1.5219386664839,0.468931036441847,0.330702066458153,1,1,0.3721,0.61
4,"inad_constrained_alpha","rolling_one_step",9,1,6,2,2.96,0.206910901627056,1.57348489502535,0.607165130739796,0.273958741062545,1,1,0.9216,0.96
4,"nb_glm","rolling_one_step",9,1,6,2,3.05929075066118,NA,1.68468375150128,0.631691281195805,0.311671477963039,NA,NA,1.12209689443632,1.05929075066118
4,"poisson_glm","rolling_one_step",9,1,6,2,3.04523910115857,NA,1.57041081988515,0.625265758863351,0.201507683140214,NA,NA,1.09252477859077,1.04523910115857
4,"inad_unconstrained","rolling_one_step",9,1,7,9,7.45,0.3685557397916,2.84134549409159,1.28319574482617,0.648992156554321,1,1,2.4025,1.55
4,"inad_constrained_alpha","rolling_one_step",9,1,7,9,9.38,0.376528534607588,2.40523924705413,1.09662691519598,0.474212315683291,1,1,0.144400000000001,0.380000000000001
4,"nb_glm","rolling_one_step",9,1,7,9,7.53453899097874,NA,2.72079632590363,1.43232408380442,0.638499951045905,NA,NA,2.14757596896161,1.46546100902126
4,"poisson_glm","rolling_one_step",9,1,7,9,7.59459788839831,NA,2.26500291185154,0.996472551686019,0.68239417328844,NA,NA,1.9751550952945,1.40540211160169
4,"inad_unconstrained","rolling_one_step",9,1,8,1,4.61,0.289511954359698,2.45913979010015,2.31731478741741,0.0839574930585834,1,1,13.0321,3.61
4,"inad_constrained_alpha","rolling_one_step",9,1,8,1,5.04,0.305147753580379,2.9874334707393,2.69794965277778,0.0755961008233717,0,1,16.3216,4.04
4,"nb_glm","rolling_one_step",9,1,8,1,4.78960551628836,NA,2.45216966583393,2.3913574667192,0.0505521294077069,NA,NA,14.3611099690832,3.78960551628836
4,"poisson_glm","rolling_one_step",9,1,8,1,4.62876139750101,NA,3.070805763169,2.62906277656639,0.029550546077861,NA,NA,13.1679092799935,3.62876139750101
4,"inad_unconstrained","rolling_one_step",9,1,9,6,5.27,0.279196176640199,2.16206066487855,0.874597206832872,0.576654146435229,1,1,0.532900000000001,0.73
4,"inad_constrained_alpha","rolling_one_step",9,1,9,6,5.45,0.358553491212408,2.2133539592661,1.03571665972222,0.649269752490024,1,1,0.3025,0.55
4,"nb_glm","rolling_one_step",9,1,9,6,5.12404760311422,NA,2.39449113675384,1.00908202560843,0.625783630606584,NA,NA,0.767292601609942,0.875952396885779
4,"poisson_glm","rolling_one_step",9,1,9,6,4.98312826382356,NA,2.03266818348551,0.761074490350052,0.621033021291722,NA,NA,1.03402812783448,1.01687173617644
4,"inad_unconstrained","rolling_one_step",9,1,10,14,4.3,0.273584511346101,4.75359019110636,7.61595172413793,0.993419806697759,0,0,94.09,9.7
4,"inad_constrained_alpha","rolling_one_step",9,1,10,14,4.26,0.299028730757066,4.75359019110636,7.56827095719382,0.997261336689478,0,0,94.8676,9.74
4,"nb_glm","rolling_one_step",9,1,10,14,3.4117702290819,NA,4.65193316461381,8.51787077669136,0.999499335667212,NA,NA,112.110609681756,10.5882297709181
4,"poisson_glm","rolling_one_step",9,1,10,14,3.1948873997321,NA,4.75304110308179,8.96943328200557,0.995308407029909,NA,NA,116.750458304468,10.8051126002679
4,"inad_unconstrained","rolling_one_step",9,1,11,13,4.66,0.294124278000118,4.77068462446567,6.10755736857225,0.958737288808955,0,0,69.5556,8.34
4,"inad_constrained_alpha","rolling_one_step",9,1,11,13,5.64,0.314472461899177,3.63967529697647,5.39102114177694,0.996544116897225,0,0,54.1696,7.36
4,"nb_glm","rolling_one_step",9,1,11,13,4.78960551628836,NA,4.13239486890602,5.95287642227377,0.957903795472061,NA,NA,67.4105775781626,8.21039448371164
4,"poisson_glm","rolling_one_step",9,1,11,13,4.62876139750101,NA,4.70214952563838,6.41424568962705,0.968660965484465,NA,NA,70.0776357399692,8.37123860249899
4,"inad_unconstrained","rolling_one_step",9,1,12,6,7,0.303514764255731,2.37217838479324,0.879329002189111,0.407040317710606,1,1,1,1
4,"inad_constrained_alpha","rolling_one_step",9,1,12,6,7.79,0.342390585634759,2.22988326121731,1.1466770424617,0.285255492509144,1,1,3.2041,1.79
4,"nb_glm","rolling_one_step",9,1,12,6,6.82221760840167,NA,2.39714084548214,1.08651247397072,0.455721017609494,NA,NA,0.676041795565763,0.822217608401671
4,"poisson_glm","rolling_one_step",9,1,12,6,6.81343061201956,NA,2.00537398929472,0.820202940961328,0.402391475025132,NA,NA,0.66166936057052,0.813430612019562
4,"inad_unconstrained","rolling_one_step",10,1,1,3,2.46,0.17432119431635,1.48110016363932,0.484983653924194,0.552332554090986,1,1,0.2916,0.54
4,"inad_constrained_alpha","rolling_one_step",10,1,1,3,1.98,0.144934677030932,2.04304768553271,0.696782206884942,0.745455684607289,1,1,1.0404,1.02
4,"nb_glm","rolling_one_step",10,1,1,3,2.57356993509779,NA,1.82854668728955,0.56645846290249,0.594852781411495,NA,NA,0.181842600252504,0.426430064902211
4,"poisson_glm","rolling_one_step",10,1,1,3,2.6087253694568,NA,1.57351451512887,0.441478618662029,0.58295436737499,NA,NA,0.153095836506717,0.391274630543199
4,"inad_unconstrained","rolling_one_step",10,1,2,7,1.82,0.156592503400425,4.70048036579242,4.11935628099174,0.975775515068068,0,0,26.8324,5.18
4,"inad_constrained_alpha","rolling_one_step",10,1,2,7,1.68,0.150339682725554,4.69134788222914,4.30006959010184,0.99092763101195,0,0,28.3024,5.32
4,"nb_glm","rolling_one_step",10,1,2,7,2.21485780307922,NA,3.77967779742644,3.67926526137756,0.962705793727488,NA,NA,22.8975858447519,4.78514219692078
4,"poisson_glm","rolling_one_step",10,1,2,7,2.21401540769041,NA,4.24832998070118,3.75763177465997,0.98556981151318,NA,NA,22.9056485178248,4.78598459230959
4,"inad_unconstrained","rolling_one_step",10,1,3,2,3.32,0.210281197015287,1.49006883362208,0.678072863520408,0.307105639034417,1,1,1.7424,1.32
4,"inad_constrained_alpha","rolling_one_step",10,1,3,2,3.73,0.247759658711519,1.59118447212475,0.884282248384118,0.238127082447856,1,1,2.9929,1.73
4,"nb_glm","rolling_one_step",10,1,3,2,3.52178926256229,NA,1.8004235386659,0.84958133695969,0.359050814393787,NA,NA,2.31584255964987,1.52178926256229
4,"poisson_glm","rolling_one_step",10,1,3,2,3.67548178910661,NA,1.82998924464617,0.988610010049033,0.139303932545594,NA,NA,2.80723922562789,1.67548178910661
4,"inad_unconstrained","rolling_one_step",10,1,4,8,4.62,0.242370448577037,2.78175339688935,2.11309961526624,0.900407573613175,1,1,11.4244,3.38
4,"inad_constrained_alpha","rolling_one_step",10,1,4,8,5.32,0.249395228097852,2.53885793575005,1.71662697920605,0.840384126197466,1,1,7.1824,2.68
4,"nb_glm","rolling_one_step",10,1,4,8,4.16325406478602,NA,3.0521808766781,2.50418564649734,0.852726694775655,NA,NA,14.720619371381,3.83674593521398
4,"poisson_glm","rolling_one_step",10,1,4,8,4.41302538549458,NA,3.06456253850079,2.32594715879917,0.885699954337927,NA,NA,12.8663868851063,3.58697461450542
4,"inad_unconstrained","rolling_one_step",10,1,5,3,2.84,0.173915107585467,1.31444319313603,0.393724400303005,0.514347571480438,1,1,0.0256,0.16
4,"inad_constrained_alpha","rolling_one_step",10,1,5,3,2.53,0.174341473823498,1.99218995330303,0.540789002516029,0.591608872991601,1,1,0.2209,0.47
4,"nb_glm","rolling_one_step",10,1,5,3,3.10932285562419,NA,1.80185966750754,0.533369954476748,0.533352082387998,NA,NA,0.0119514867618274,0.109322855624189
4,"poisson_glm","rolling_one_step",10,1,5,3,3.20767143575989,NA,1.55203674993897,0.426422682981817,0.405940428537243,NA,NA,0.0431274252305724,0.207671435759886
4,"inad_unconstrained","rolling_one_step",10,1,6,1,2.26,0.166132477258361,1.4720503281194,0.670692082644628,0.164584572272714,1,1,1.5876,1.26
4,"inad_constrained_alpha","rolling_one_step",10,1,6,1,2.03,0.143867924840736,1.34033005541872,0.55899789951989,0.371232770686447,1,1,1.0609,1.03
4,"nb_glm","rolling_one_step",10,1,6,1,2.57356993509779,NA,1.56806325318706,0.779034446306506,0.297491618826217,NA,NA,2.47612234064366,1.57356993509779
4,"poisson_glm","rolling_one_step",10,1,6,1,2.6087253694568,NA,1.68356348483586,0.909629244340918,0.233974062079858,NA,NA,2.58799731433392,1.6087253694568
4,"inad_unconstrained","rolling_one_step",10,1,7,3,6.17,0.268198253220082,2.45913979010015,1.95251645360529,0.0998287484151217,1,1,10.0489,3.17
4,"inad_constrained_alpha","rolling_one_step",10,1,7,3,6.96,0.260504560924807,3.35982381514777,2.53634384661118,0.0736285245063482,0,1,15.6816,3.96
4,"nb_glm","rolling_one_step",10,1,7,3,5.79310434770867,NA,2.22245457837381,1.49222553059726,0.245147839064222,NA,NA,7.80143189718909,2.79310434770867
4,"poisson_glm","rolling_one_step",10,1,7,3,5.89687075107657,NA,2.42057638808738,1.80393855385009,0.151270067956604,NA,NA,8.39186014844296,2.89687075107657
4,"inad_unconstrained","rolling_one_step",10,1,8,2,3.39,0.192219886714369,1.61795623338876,0.743161662946429,0.341828044790288,1,1,1.9321,1.39
4,"inad_constrained_alpha","rolling_one_step",10,1,8,2,3.85,0.171372946723475,1.64647918411445,1.0265489338843,0.186020178337158,1,1,3.4225,1.85
4,"nb_glm","rolling_one_step",10,1,8,2,3.19262658689609,NA,1.7089289073343,0.674080544187321,0.415481214453234,NA,NA,1.42235817577142,1.19262658689609
4,"poisson_glm","rolling_one_step",10,1,8,2,3.07477672145542,NA,1.58017633398452,0.638436654845945,0.284051332815998,NA,NA,1.15514500098245,1.07477672145542
4,"inad_unconstrained","rolling_one_step",10,1,9,3,5.31,0.263118439360135,2.44204535674085,1.34673333085612,0.203216128009552,1,1,5.3361,2.31
4,"inad_constrained_alpha","rolling_one_step",10,1,9,3,5.59,0.264420464068464,2.45062910043224,1.51460273942582,0.187661972392597,1,1,6.7081,2.59
4,"nb_glm","rolling_one_step",10,1,9,3,5.07651462656874,NA,2.08897242389551,1.15468853252515,0.291650180349282,NA,NA,4.3119129943539,2.07651462656874
4,"poisson_glm","rolling_one_step",10,1,9,3,5.10442962863906,NA,2.08183365437237,1.2712746481238,0.161353191336445,NA,NA,4.42862406189393,2.10442962863906
4,"inad_unconstrained","rolling_one_step",10,1,10,5,7.81,0.323083314770089,2.97906522106878,1.69266683850011,0.212530831281182,1,1,7.8961,2.81
4,"inad_constrained_alpha","rolling_one_step",10,1,10,5,8,0.313017248693739,2.29346018521705,1.74332218055556,0.183777771982946,1,1,9,3
4,"nb_glm","rolling_one_step",10,1,10,5,6.73133921257612,NA,2.31795467195668,1.15630187084189,0.348997154888948,NA,NA,2.99753546900369,1.73133921257612
4,"poisson_glm","rolling_one_step",10,1,10,5,6.94815233683881,NA,2.14192059142842,1.19800787827769,0.204492255761197,NA,NA,3.7952975275305,1.94815233683881
4,"inad_unconstrained","rolling_one_step",10,1,11,5,7.17,0.308811668278008,2.44204535674085,1.26673362812128,0.315656766620031,1,1,4.7089,2.17
4,"inad_constrained_alpha","rolling_one_step",10,1,11,5,8.03,0.327665448994316,2.69097001082967,1.75778013558365,0.225718449133726,1,1,9.1809,3.03
4,"nb_glm","rolling_one_step",10,1,11,5,6.56158708374709,NA,2.29201458193148,1.07693414389593,0.427909322503242,NA,NA,2.43855422012575,1.56158708374709
4,"poisson_glm","rolling_one_step",10,1,11,5,6.7568769097334,NA,2.08533043108029,1.08415972728995,0.260534279385727,NA,NA,3.08661647595439,1.7568769097334
4,"inad_unconstrained","rolling_one_step",10,1,12,6,5.58,0.273835458963697,2.02759188035395,0.687321829867675,0.598619602270465,1,1,0.1764,0.42
4,"inad_constrained_alpha","rolling_one_step",10,1,12,6,6.02,0.262459232043471,1.95427839872583,0.662023915050785,0.481824138060768,1,1,0.000399999999999983,0.0199999999999996
4,"nb_glm","rolling_one_step",10,1,12,6,5.07651462656874,NA,2.33859048906442,0.997311216019021,0.632662055649384,NA,NA,0.85282523494148,0.923485373431263
4,"poisson_glm","rolling_one_step",10,1,12,6,5.10442962863906,NA,1.9678087398502,0.719767256665317,0.587473001189164,NA,NA,0.802046290059574,0.895570371360941
4,"inad_unconstrained","rolling_one_step",11,1,1,0,2.82,0.268320628345939,1.91100909704655,1.6675906510107,0.129559547730786,1,1,7.9524,2.82
4,"inad_constrained_alpha","rolling_one_step",11,1,1,0,2.65,0.224452195085697,1.80975831890425,1.51648276113952,0.147516383790109,1,1,7.0225,2.65
4,"nb_glm","rolling_one_step",11,1,1,0,2.5479942581917,NA,2.05299651893841,1.65437445090413,0.019996160834766,NA,NA,6.49227473977785,2.5479942581917
4,"poisson_glm","rolling_one_step",11,1,1,0,2.56817181317137,NA,2.58519547324377,1.84455895948637,0.0187624295904894,NA,NA,6.59550646196793,2.56817181317137
4,"inad_unconstrained","rolling_one_step",11,1,2,11,3.65,0.256776835860136,3.63094161700772,5.58357393813481,0.974105310740374,0,1,54.0225,7.35
4,"inad_constrained_alpha","rolling_one_step",11,1,2,11,4.09,0.266702649087524,4.05545546903538,5.06245547711058,0.95027357209508,0,1,47.7481,6.91
4,"nb_glm","rolling_one_step",11,1,2,11,3.29337891129309,NA,4.33803904486922,5.75679320602657,0.968080891665392,NA,NA,59.3920086049021,7.70662108870691
4,"poisson_glm","rolling_one_step",11,1,2,11,3.399561182563,NA,4.69606274313088,5.88042527997922,0.968394402187679,NA,NA,57.7666702176032,7.600438817437
4,"inad_unconstrained","rolling_one_step",11,1,3,6,2.32,0.208835153200129,2.75508514980718,2.44541324567811,0.889463447239753,0,1,13.5424,3.68
4,"inad_constrained_alpha","rolling_one_step",11,1,3,6,2.18,0.211478680540693,4.02036414922411,2.77038893494898,0.904083081423222,0,1,14.5924,3.82
4,"nb_glm","rolling_one_step",11,1,3,6,2.29057921224409,NA,3.27866048752171,2.5685796354919,0.910201917090056,NA,NA,13.7598025806357,3.70942078775591
4,"poisson_glm","rolling_one_step",11,1,3,6,2.28598307846975,NA,3.60815003126034,2.63784652703709,0.931442863060532,NA,NA,13.7939216934131,3.71401692153025
4,"inad_unconstrained","rolling_one_step",11,1,4,4,3.66,0.241719429976746,2.00115862328579,0.655418016581633,0.621527602727541,1,1,0.1156,0.34
4,"inad_constrained_alpha","rolling_one_step",11,1,4,4,4.61,0.281013677369424,2.03624994309706,0.731702147740785,0.423165019505079,1,1,0.3721,0.61
4,"nb_glm","rolling_one_step",11,1,4,4,3.44016042528192,NA,2.07114429598678,0.724394706493717,0.664147335738293,NA,NA,0.313420349420524,0.559839574718083
4,"poisson_glm","rolling_one_step",11,1,4,4,3.56549244580582,NA,1.74612292252186,0.533726044562233,0.637961076467755,NA,NA,0.188796814651811,0.434507554194183
4,"inad_unconstrained","rolling_one_step",11,1,5,2,2.89,0.26126924074911,1.83642656598642,0.695304378270237,0.476367446720404,1,1,0.7921,0.89
4,"inad_constrained_alpha","rolling_one_step",11,1,5,2,2.44,0.165340175811488,1.46291784455613,0.399955744465954,0.3501200759275,1,1,0.1936,0.44
4,"nb_glm","rolling_one_step",11,1,5,2,2.5479942581917,NA,1.62644356056967,0.528661976084266,0.449370025064264,NA,NA,0.300297707011068,0.547994258191697
4,"poisson_glm","rolling_one_step",11,1,5,2,2.56817181317137,NA,1.45759625286767,0.475203304824112,0.359456600495516,NA,NA,0.322819209282443,0.568171813171371
4,"inad_unconstrained","rolling_one_step",11,1,6,4,1.83,0.195430113577538,2.77294276720719,1.51045874383272,0.852964326444914,1,1,4.7089,2.17
4,"inad_constrained_alpha","rolling_one_step",11,1,6,4,1.98,0.212716912464629,3.31576382535374,1.40183330898466,0.788199978371923,1,1,4.0804,2.02
4,"nb_glm","rolling_one_step",11,1,6,4,1.9713112018528,NA,2.47860832171463,1.2743538455502,0.849709182655007,NA,NA,4.11557823972792,2.0286887981472
4,"poisson_glm","rolling_one_step",11,1,6,4,1.94010523940488,NA,2.46905586707416,1.26991060129557,0.851613914302121,NA,NA,4.24316642472722,2.05989476059512
4,"inad_unconstrained","rolling_one_step",11,1,7,3,3.58,0.343240646506415,2.04639368763364,0.9762104448,0.489058723571431,1,1,0.3364,0.58
4,"inad_constrained_alpha","rolling_one_step",11,1,7,3,4.59,0.377951683085913,2.20498570959559,1.12219921615705,0.338559706892286,1,1,2.5281,1.59
4,"nb_glm","rolling_one_step",11,1,7,3,3.67282910923309,NA,1.96777104290059,0.901265892464285,0.410215119541415,NA,NA,0.452699010231394,0.67282910923309
4,"poisson_glm","rolling_one_step",11,1,7,3,3.56662147896916,NA,1.71141264442631,0.749456300739963,0.401349905756846,NA,NA,0.321059900429201,0.566621478969162
4,"inad_unconstrained","rolling_one_step",11,1,8,1,4.44,0.424816062394876,1.95320945153692,1.88361853698518,0.152474132669966,1,1,11.8336,3.44
4,"inad_constrained_alpha","rolling_one_step",11,1,8,1,4.14,0.392356259467635,1.73573926904514,1.94353227513228,0.2238907676029,1,1,9.8596,3.14
4,"nb_glm","rolling_one_step",11,1,8,1,3.30177588928513,NA,1.98108177817675,1.66290093254488,0.162730768263448,NA,NA,5.29817224449434,2.30177588928513
4,"poisson_glm","rolling_one_step",11,1,8,1,3.17472386637638,NA,2.16871627588593,1.70398165435046,0.128370338932821,NA,NA,4.72942389498702,2.17472386637638
4,"inad_unconstrained","rolling_one_step",11,1,9,1,4.34,0.400812306510797,2.1719813689086,2.05173511966701,0.165572021469106,1,1,11.1556,3.34
4,"inad_constrained_alpha","rolling_one_step",11,1,9,1,4.66,0.468658088632218,2.10842907855309,2.5555892701679,0.097988038373887,1,1,13.3956,3.66
4,"nb_glm","rolling_one_step",11,1,9,1,3.67282910923309,NA,2.16968560168251,2.2132407588839,0.0878347988613971,NA,NA,7.14401544716375,2.67282910923309
4,"poisson_glm","rolling_one_step",11,1,9,1,3.56662147896916,NA,2.47650236988808,2.29019830383873,0.0487177753938255,NA,NA,6.58754581630585,2.56662147896916
4,"inad_unconstrained","rolling_one_step",11,1,10,2,4.46,0.369389340464076,1.81681655501037,1.32752190462511,0.267324148792166,1,1,6.0516,2.46
4,"inad_constrained_alpha","rolling_one_step",11,1,10,2,5.46,0.479355628090271,1.95225838151154,2.04856256103516,0.255925725259094,1,1,11.9716,3.46
4,"nb_glm","rolling_one_step",11,1,10,2,4.26767016786955,NA,2.09575805756985,1.66041165635166,0.235838266402632,NA,NA,5.14232799024553,2.26767016786955
4,"poisson_glm","rolling_one_step",11,1,10,2,4.20247117663123,NA,2.18890247293042,1.71742988648436,0.175231720573649,NA,NA,4.85087928389136,2.20247117663123
4,"inad_unconstrained","rolling_one_step",11,1,11,4,5.07,0.409052860183427,2.7158675624514,1.08606086401505,0.423379073098367,1,1,1.1449,1.07
4,"inad_constrained_alpha","rolling_one_step",11,1,11,4,5.09,0.393147105374879,2.20498570959559,1.00470672268908,0.38986695383151,1,1,1.1881,1.09
4,"nb_glm","rolling_one_step",11,1,11,4,4.26767016786955,NA,2.10502287196848,0.833985287703526,0.440592034164505,NA,NA,0.0716473187673155,0.267670167869555
4,"poisson_glm","rolling_one_step",11,1,11,4,4.20247117663123,NA,1.77705832393749,0.632332050031705,0.393025386226514,NA,NA,0.040994577366435,0.202471176631231
4,"inad_unconstrained","rolling_one_step",11,1,12,4,5.02,0.370088714453246,2.58141755016884,0.999846236111111,0.404319438545189,1,1,1.0404,1.02
4,"inad_constrained_alpha","rolling_one_step",11,1,12,4,6.01,0.420556389521877,2.27004930294265,1.39484267468535,0.342842078591426,1,1,4.0401,2.01
4,"nb_glm","rolling_one_step",11,1,12,4,4.51829915934636,NA,2.15543373168763,1.01039462510689,0.408745963082993,NA,NA,0.268634018579145,0.518299159346362
4,"poisson_glm","rolling_one_step",11,1,12,4,4.47292761933702,NA,1.83717245138353,0.810513569444648,0.382315898946101,NA,NA,0.223660533131784,0.472927619337023
4,"inad_unconstrained","rolling_one_step",12,1,1,1,1.44,0.181642339210712,1.41307844502671,0.415944499362245,0.400957474184605,1,1,0.1936,0.44
4,"inad_constrained_alpha","rolling_one_step",12,1,1,1,1.56,0.170749979664876,1.48110016363932,0.425722279035793,0.437722525328801,1,1,0.3136,0.56
4,"nb_glm","rolling_one_step",12,1,1,1,1.87115320683801,NA,1.35810766983272,0.507757927040811,0.252773759616693,NA,NA,0.758907909784147,0.871153206838009
4,"poisson_glm","rolling_one_step",12,1,1,1,1.88216948959034,NA,1.31915287391752,0.521097683496079,0.394980001306062,NA,NA,0.778223008364083,0.882169489590341
4,"inad_unconstrained","rolling_one_step",12,1,2,5,6.11,0.357571777070808,2.27665306690066,0.962697091353059,0.451415945172085,1,1,1.2321,1.11
4,"inad_constrained_alpha","rolling_one_step",12,1,2,5,6.02,0.313977416674859,2.12238442776923,0.820401264004597,0.369542307555478,1,1,1.0404,1.02
4,"nb_glm","rolling_one_step",12,1,2,5,4.69493127299755,NA,2.22347328575225,0.837794223534373,0.57326494305727,NA,NA,0.0930669281948925,0.305068727002445
4,"poisson_glm","rolling_one_step",12,1,2,5,5.14402193260172,NA,1.84287671895336,0.602841811969951,0.530788892768735,NA,NA,0.0207423170703343,0.14402193260172
4,"inad_unconstrained","rolling_one_step",12,1,3,1,4.57,0.290681887285671,2.56461043185246,2.27140490519966,0.105315457987204,1,1,12.7449,3.57
4,"inad_constrained_alpha","rolling_one_step",12,1,3,1,3.87,0.207756170215535,2.05218016909598,1.75410405785124,0.1154411405181,1,1,8.2369,2.87
4,"nb_glm","rolling_one_step",12,1,3,1,3.84565321985769,NA,2.11112094217618,1.72911165988953,0.132465283642532,NA,NA,8.09774224768644,2.84565321985769
4,"poisson_glm","rolling_one_step",12,1,3,1,4.13610116002112,NA,2.73236367073325,2.19030524128955,0.0318934763116805,NA,NA,9.8351304858858,3.13610116002112
4,"inad_unconstrained","rolling_one_step",12,1,4,3,3.42,0.234490636456679,2.01004757070304,0.576001487978699,0.539110555311096,1,1,0.1764,0.42
4,"inad_constrained_alpha","rolling_one_step",12,1,4,3,2.86,0.214155612260399,2.00115862328579,0.570514349489796,0.524401044538078,1,1,0.0196,0.14
4,"nb_glm","rolling_one_step",12,1,4,3,3.39525637675681,NA,1.83903592854545,0.584442847045122,0.530432950438475,NA,NA,0.156227603366922,0.39525637675681
4,"poisson_glm","rolling_one_step",12,1,4,3,3.60966379584155,NA,1.61688902885073,0.522533449151546,0.418137924823388,NA,NA,0.371689943959931,0.609663795841553
4,"inad_unconstrained","rolling_one_step",12,1,5,3,2.46,0.200715890469262,1.80975831890425,0.583408035062089,0.630168764633357,1,1,0.2916,0.54
4,"inad_constrained_alpha","rolling_one_step",12,1,5,3,2.11,0.191693673986558,1.99218995330303,0.707507450693937,0.675703794589635,1,1,0.7921,0.89
4,"nb_glm","rolling_one_step",12,1,5,3,2.81023558469172,NA,1.80976982279227,0.541732564376773,0.523362032269094,NA,NA,0.0360105333172927,0.189764415308278
4,"poisson_glm","rolling_one_step",12,1,5,3,2.93565650597591,NA,1.54690346143143,0.414570105905628,0.635435456168603,NA,NA,0.00414008522322818,0.0643434940240906
4,"inad_unconstrained","rolling_one_step",12,1,6,1,3.44,0.287560270362422,1.80830586534246,1.36776684929505,0.260385601668555,1,1,5.9536,2.44
4,"inad_constrained_alpha","rolling_one_step",12,1,6,1,3.5,0.205234529553904,2.63034538901324,1.53784000318878,0.0791710364239823,1,1,6.25,2.5
4,"nb_glm","rolling_one_step",12,1,6,1,3.39525637675681,NA,1.94049419722536,1.42403361352172,0.221776151516494,NA,NA,5.73725311039416,2.39525637675681
4,"poisson_glm","rolling_one_step",12,1,6,1,3.60966379584155,NA,2.3765551286399,1.76259603268626,0.0950122612566422,NA,NA,6.81034512732614,2.60966379584155
4,"inad_unconstrained","rolling_one_step",12,1,7,1,4.92,0.310971108469951,2.9874334707393,2.53855481944444,0.0431465585454522,0,1,15.3664,3.92
4,"inad_constrained_alpha","rolling_one_step",12,1,7,1,4.59,0.323832791371839,2.9448738563205,2.1233953194707,0.131993381653345,1,1,12.8881,3.59
4,"nb_glm","rolling_one_step",12,1,7,1,4.50607209045017,NA,2.35769238341879,2.21126144111052,0.086321593844849,NA,NA,12.2925415034337,3.50607209045017
4,"poisson_glm","rolling_one_step",12,1,7,1,4.58025067976364,NA,3.03954791155565,2.59098280205317,0.0255863806690144,NA,NA,12.818194929948,3.58025067976364
4,"inad_unconstrained","rolling_one_step",12,1,8,3,3.76,0.286434014119211,2.08789825169806,0.696189642967067,0.470733850998089,1,1,0.5776,0.76
4,"inad_constrained_alpha","rolling_one_step",12,1,8,3,4.34,0.336115660708836,1.66163129689142,0.876940726130469,0.405765940060672,1,1,1.7956,1.34
4,"nb_glm","rolling_one_step",12,1,8,3,3.4862207242825,NA,1.88573512388973,0.668371671347844,0.518259080344524,NA,NA,0.236410592721799,0.4862207242825
4,"poisson_glm","rolling_one_step",12,1,8,3,3.4601144269331,NA,1.63040040432435,0.544685460516156,0.463765282918048,NA,NA,0.211705285871979,0.460114426933104
4,"inad_unconstrained","rolling_one_step",12,1,9,1,3.25,0.32948536547259,1.9716701414377,1.16975737960761,0.208275403274476,1,1,5.0625,2.25
4,"inad_constrained_alpha","rolling_one_step",12,1,9,1,4.14,0.31366842172568,2.01885820038519,1.71198731917513,0.162088498932456,1,1,9.8596,3.14
4,"nb_glm","rolling_one_step",12,1,9,1,3.4862207242825,NA,1.96426508148917,1.44972036911504,0.134215213884356,NA,NA,6.1812934898518,2.4862207242825
4,"poisson_glm","rolling_one_step",12,1,9,1,3.4601144269331,NA,2.27013543089093,1.6270378261214,0.046344330968874,NA,NA,6.0521629936044,2.4601144269331
4,"inad_unconstrained","rolling_one_step",12,1,10,0,5.14,0.427352668214793,3.24240632227839,3.72691797367947,0.0323920572705047,0,1,26.4196,5.14
4,"inad_constrained_alpha","rolling_one_step",12,1,10,0,4.44,0.353716201940414,2.69097001082967,2.84698371583928,0.0264182717380106,0,1,19.7136,4.44
4,"nb_glm","rolling_one_step",12,1,10,0,4.05083921444296,NA,2.91279236213559,3.16134267444446,0.000311824361389289,NA,NA,16.4092983412689,4.05083921444296
4,"poisson_glm","rolling_one_step",12,1,10,0,4.07697627370173,NA,3.86182175769252,3.46361732111283,0.00904584005605706,NA,NA,16.6217355363269,4.07697627370173
4,"inad_unconstrained","rolling_one_step",12,1,11,1,5.14,0.369826604196774,2.70763706331488,2.60397252919882,0.100516345489535,1,1,17.1396,4.14
4,"inad_constrained_alpha","rolling_one_step",12,1,11,1,4.51,0.290069653773717,2.44204535674085,2.13166979042806,0.0559729675211791,1,1,12.3201,3.51
4,"nb_glm","rolling_one_step",12,1,11,1,4.89412266678801,NA,2.49522866397604,2.49580564193016,0.119936109304811,NA,NA,15.1641913439922,3.89412266678801
4,"poisson_glm","rolling_one_step",12,1,11,1,5.01302302286687,NA,3.32162570125656,2.96093768137621,0.0176980790185627,NA,NA,16.1043537820596,4.01302302286687
4,"inad_unconstrained","rolling_one_step",12,1,12,2,5.2,0.341121146168977,2.13082329641509,1.86299840406751,0.129790607425893,1,1,10.24,3.2
4,"inad_constrained_alpha","rolling_one_step",12,1,12,2,4.92,0.33474851105952,2.37217838479324,1.7053411199774,0.162235202006683,1,1,8.5264,2.92
4,"nb_glm","rolling_one_step",12,1,12,2,4.89412266678801,NA,2.17588631346442,1.67149876351222,0.136070591793347,NA,NA,8.37594601041615,2.89412266678801
4,"poisson_glm","rolling_one_step",12,1,12,2,5.01302302286687,NA,2.53412138802469,2.00481956824452,0.05884614335607,NA,NA,9.07830773632582,3.01302302286687
4,"inad_unconstrained","recursive_multi_step",9,1,1,2,2.3,0.181742408453016,1.48110016363932,0.425767697427157,0.392940668619011,1,1,0.0899999999999999,0.3
4,"inad_constrained_alpha","recursive_multi_step",9,1,1,2,1.83,0.155735465946378,1.49453969229579,0.401374854252401,0.620728052886186,1,1,0.0289,0.17
4,"nb_glm","recursive_multi_step",9,1,1,2,2.36688685899281,NA,1.57654240868998,0.449616603311324,0.463951022120327,NA,NA,0.134605967301607,0.366886858992806
4,"poisson_glm","recursive_multi_step",9,1,1,2,2.30050197774837,NA,1.38501447932227,0.373713959100616,0.43145998650018,NA,NA,0.0903014386306792,0.300501977748366
4,"inad_unconstrained","recursive_multi_step",9,1,2,1,4.18,0.22535269775141,2.53012425578129,2.0650676515851,0.10738963118885,1,1,10.1124,3.18
4,"inad_constrained_alpha","recursive_multi_step",9,1,2,1,3.58,0.208980207849278,2.07019867459866,1.6008329559949,0.103898620495269,1,1,6.6564,2.58
4,"nb_glm","recursive_multi_step",9,1,2,1,3.95424895850904,NA,2.10743947419312,1.65857287695597,0.157277920108288,NA,NA,8.72758690885173,2.95424895850904
4,"poisson_glm","recursive_multi_step",9,1,2,1,4.0310685550036,NA,2.62828835792098,2.01306983960886,0.0792064304284731,NA,NA,9.18737658513161,3.0310685550036
4,"inad_unconstrained","recursive_multi_step",9,1,3,6,3.21,0.233244571861877,2.53012425578129,1.75459351338873,0.799924746750723,1,1,7.7841,2.79
4,"inad_constrained_alpha","recursive_multi_step",9,1,3,6,3.32,0.210761006877937,2.62137671903048,1.68264150637124,0.88083107057168,1,1,7.1824,2.68
4,"nb_glm","recursive_multi_step",9,1,3,6,3.55476486466917,NA,2.61912582494475,1.56386544596205,0.777881761741966,NA,NA,5.97917486705638,2.44523513533083
4,"poisson_glm","recursive_multi_step",9,1,3,6,3.58813785652075,NA,2.50852885321744,1.46619391673542,0.820257405263827,NA,NA,5.81707899914834,2.41186214347925
4,"inad_unconstrained","recursive_multi_step",9,1,4,10,2.26,0.195721921886821,4.02036414922411,6.30077260841837,0.994681382956499,0,0,59.9076,7.74
4,"inad_constrained_alpha","recursive_multi_step",9,1,4,10,1.95,0.170190030450219,4.71849887129509,6.64626684470663,0.998526638693875,0,0,64.8025,8.05
4,"nb_glm","recursive_multi_step",9,1,4,10,2.36688685899281,NA,4.51951710336373,6.21453491448527,0.996474905589625,NA,NA,58.2644162234167,7.63311314100719
4,"poisson_glm","recursive_multi_step",9,1,4,10,2.30050197774837,NA,4.70695927488935,6.42242065331567,0.99882598519987,NA,NA,59.2822697946568,7.69949802225163
4,"inad_unconstrained","recursive_multi_step",9,1,5,4,2.26,0.181809090681807,2.50345600869913,1.1234844898953,0.804088254814447,1,1,3.0276,1.74
4,"inad_constrained_alpha","recursive_multi_step",9,1,5,4,2.63,0.203333333333333,2.00115862328579,0.86934010682398,0.715340469080797,1,1,1.8769,1.37
4,"nb_glm","recursive_multi_step",9,1,5,4,2.75022118874331,NA,2.14300796148271,0.88506622606043,0.76307639773098,NA,NA,1.56194707706618,1.24977881125669
4,"poisson_glm","recursive_multi_step",9,1,5,4,2.71063058142768,NA,1.93913005400212,0.787975840499526,0.802111307390656,NA,NA,1.66247349754951,1.28936941857232
4,"inad_unconstrained","recursive_multi_step",9,1,6,2,3.25,0.210038476513618,1.7646308018398,0.717162858737245,0.341581405137341,1,1,1.5625,1.25
4,"inad_constrained_alpha","recursive_multi_step",9,1,6,2,2.72,0.183721352470352,1.66449768961713,0.545368654336735,0.392513352443763,1,1,0.5184,0.72
4,"nb_glm","recursive_multi_step",9,1,6,2,3.05929075066118,NA,1.68468375150128,0.631691281195805,0.433598729700087,NA,NA,1.12209689443632,1.05929075066118
4,"poisson_glm","recursive_multi_step",9,1,6,2,3.04523910115857,NA,1.57041081988515,0.625265758863351,0.335938747272899,NA,NA,1.09252477859077,1.04523910115857
4,"inad_unconstrained","recursive_multi_step",9,1,7,9,7.92,0.330497023932566,2.19654684094972,1.08072698937087,0.630708124526477,1,1,1.1664,1.08
4,"inad_constrained_alpha","recursive_multi_step",9,1,7,9,9.84,0.361456090072508,2.39707593641497,1.02789338887396,0.458109862590361,1,1,0.7056,0.84
4,"nb_glm","recursive_multi_step",9,1,7,9,7.53453899097874,NA,2.70947900132171,1.43108426685094,0.616428391405385,NA,NA,2.14757596896161,1.46546100902126
4,"poisson_glm","recursive_multi_step",9,1,7,9,7.59459788839831,NA,2.25681426530213,0.995663519428888,0.648159930091819,NA,NA,1.9751550952945,1.40540211160169
4,"inad_unconstrained","recursive_multi_step",9,1,8,1,4.64,0.298656926248094,2.33798702004496,2.18862719092628,0.119838544310233,1,1,13.2496,3.64
4,"inad_constrained_alpha","recursive_multi_step",9,1,8,1,5.05,0.251209196897846,2.92732954666959,2.63805673897721,0.0574434150097916,0,1,16.4025,4.05
4,"nb_glm","recursive_multi_step",9,1,8,1,4.78960551628836,NA,2.39679445010012,2.18288528449555,0.072049922568787,NA,NA,14.3611099690832,3.78960551628836
4,"poisson_glm","recursive_multi_step",9,1,8,1,4.62876139750101,NA,3.02795479576804,2.49815096262565,0.0316721212668086,NA,NA,13.1679092799935,3.62876139750101
4,"inad_unconstrained","recursive_multi_step",9,1,9,6,5.29,0.30986963697528,2.11387373810132,0.842955431368252,0.645389503630188,1,1,0.5041,0.71
4,"inad_constrained_alpha","recursive_multi_step",9,1,9,6,4.96,0.262820751606009,2.08789825169806,0.906097922437673,0.680366102409643,1,1,1.0816,1.04
4,"nb_glm","recursive_multi_step",9,1,9,6,5.12404760311422,NA,2.36301978785993,0.990784334042633,0.618593264611629,NA,NA,0.767292601609942,0.875952396885779
4,"poisson_glm","recursive_multi_step",9,1,9,6,4.98312826382356,NA,2.00729417855615,0.752383702402587,0.6108341381994,NA,NA,1.03402812783448,1.01687173617644
4,"inad_unconstrained","recursive_multi_step",9,1,10,14,4.47,0.282290415685476,4.75359019110636,7.46290024524376,0.994585573922136,0,0,90.8209,9.53
4,"inad_constrained_alpha","recursive_multi_step",9,1,10,14,4.18,0.278299308390274,4.76217393479776,7.6176090729783,0.976298908257347,0,0,96.4324,9.82
4,"nb_glm","recursive_multi_step",9,1,10,14,3.4117702290819,NA,4.66102118846935,8.36452992950531,0.988073542859992,NA,NA,112.110609681756,10.5882297709181
4,"poisson_glm","recursive_multi_step",9,1,10,14,3.1948873997321,NA,4.76162585506138,8.81682015419753,0.989073596844458,NA,NA,116.750458304468,10.8051126002679
4,"inad_unconstrained","recursive_multi_step",9,1,11,13,5.41,0.337577525701261,3.67386666172475,5.26271009815691,0.926262304915757,0,1,57.6081,7.59
4,"inad_constrained_alpha","recursive_multi_step",9,1,11,13,4.99,0.284798351487682,4.74493212836325,6.11467678638941,0.996994849749962,0,0,64.1601,8.01
4,"nb_glm","recursive_multi_step",9,1,11,13,4.78960551628836,NA,4.14216512553926,5.83938263092937,0.940379157029034,NA,NA,67.4105775781626,8.21039448371164
4,"poisson_glm","recursive_multi_step",9,1,11,13,4.62876139750101,NA,4.71059323892517,6.3079720030313,0.965097674449579,NA,NA,70.0776357399692,8.37123860249899
4,"inad_unconstrained","recursive_multi_step",9,1,12,6,6.91,0.319119685599892,2.00557169311338,0.873315673611111,0.437412346703718,1,1,0.8281,0.91
4,"inad_constrained_alpha","recursive_multi_step",9,1,12,6,8.59,0.37607623340665,2.7158675624514,1.5545639545821,0.240818281114411,1,1,6.7081,2.59
4,"nb_glm","recursive_multi_step",9,1,12,6,6.82221760840167,NA,2.39714084548214,1.08651247397072,0.449160762605007,NA,NA,0.676041795565763,0.822217608401671
4,"poisson_glm","recursive_multi_step",9,1,12,6,6.81343061201956,NA,2.00537398929472,0.820202940961328,0.445511189147225,NA,NA,0.66166936057052,0.813430612019562
4,"inad_unconstrained","recursive_multi_step",10,2,1,3,2.05,0.155942879985531,2.04304768553271,0.664918028785456,0.729594537810115,1,1,0.9025,0.95
4,"inad_constrained_alpha","recursive_multi_step",10,2,1,3,1.82,0.159785209363424,1.97400763421984,0.814870852621833,0.828926498024733,1,1,1.3924,1.18
4,"nb_glm","recursive_multi_step",10,2,1,3,2.68587631645179,NA,1.77932990674991,0.543405053011326,0.627037643565638,NA,NA,0.0986736885658957,0.31412368354821
4,"poisson_glm","recursive_multi_step",10,2,1,3,2.71145781029536,NA,1.53680456845804,0.419681844380607,0.535872311636655,NA,NA,0.0832565952395493,0.288542189704641
4,"inad_unconstrained","recursive_multi_step",10,2,2,7,2.94,0.203911250253138,3.61324203990832,2.88168002232143,0.941229309011126,0,1,16.4836,4.06
4,"inad_constrained_alpha","recursive_multi_step",10,2,2,7,2.81,0.194206492209096,4.01139547924135,3.0545048048048,0.937828550781606,0,1,17.5561,4.19
4,"nb_glm","recursive_multi_step",10,2,2,7,3.09875962842298,NA,3.1682184976844,2.70498030379162,0.919793031708772,NA,NA,15.2196764368224,3.90124037157702
4,"poisson_glm","recursive_multi_step",10,2,2,7,3.21572100542228,NA,3.36752971705878,2.6480454069935,0.944296827635642,NA,NA,14.3207675088021,3.78427899457772
4,"inad_unconstrained","recursive_multi_step",10,2,3,2,2.52,0.175510798539692,1.33262551221922,0.401398506614723,0.501335962686251,1,1,0.2704,0.52
4,"inad_constrained_alpha","recursive_multi_step",10,2,3,2,2.5,0.186677488863775,1.65552901963437,0.466564450937424,0.471735385401628,1,1,0.25,0.5
4,"nb_glm","recursive_multi_step",10,2,3,2,3.00379963517833,NA,1.66021132426524,0.588954120803747,0.350249322527707,NA,NA,1.00761370758414,1.00379963517833
4,"poisson_glm","recursive_multi_step",10,2,3,2,3.09802180241236,NA,1.57808719282688,0.632264568781386,0.3528166998971,NA,NA,1.20565187857288,1.09802180241236
4,"inad_unconstrained","recursive_multi_step",10,2,4,8,2.29,0.174248748238334,4.00234564372143,4.54358685123967,0.993418517598247,0,0,32.6041,5.71
4,"inad_constrained_alpha","recursive_multi_step",10,2,4,8,2.12,0.17825189304391,4.02036414922411,4.60678123405612,0.964490987062205,0,0,34.5744,5.88
4,"nb_glm","recursive_multi_step",10,2,4,8,2.68587631645179,NA,3.82857432593238,3.96303065592436,0.95011936192368,NA,NA,28.239910524048,5.31412368354821
4,"poisson_glm","recursive_multi_step",10,2,4,8,2.71145781029536,NA,4.32213579519078,4.0625426413114,0.969787200935477,NA,NA,27.968678492286,5.28854218970464
4,"inad_unconstrained","recursive_multi_step",10,2,5,3,2.33,0.146373674290333,1.67694379479947,0.509155752743484,0.705189768485919,1,1,0.4489,0.67
4,"inad_constrained_alpha","recursive_multi_step",10,2,5,3,2.2,0.158273513420613,1.90942783256048,0.591341301237269,0.618671592590762,1,1,0.64,0.8
4,"nb_glm","recursive_multi_step",10,2,5,3,2.7952597584147,NA,1.768851051391,0.52846331015234,0.55961162048242,NA,NA,0.041918566524407,0.2047402415853
4,"poisson_glm","recursive_multi_step",10,2,5,3,2.84304856354959,NA,1.52474180358735,0.404986991889459,0.606386566408942,NA,NA,0.0246337534038471,0.15695143645041
4,"inad_unconstrained","recursive_multi_step",10,2,6,1,2.69,0.200350702620191,1.53090733646666,0.898635770089286,0.246606581979223,1,1,2.8561,1.69
4,"inad_constrained_alpha","recursive_multi_step",10,2,6,1,2.2,0.143548112513055,1.53711725085447,0.659229835390947,0.269261735761969,1,1,1.44,1.2
4,"nb_glm","recursive_multi_step",10,2,6,1,2.87842412472448,NA,1.70332796867989,0.992112532984645,0.147392489453879,NA,NA,3.52847719234693,1.87842412472448
4,"poisson_glm","recursive_multi_step",10,2,6,1,2.94412068192716,NA,1.90554451088431,1.17163426081439,0.0983335470060578,NA,NA,3.77960522589691,1.94412068192716
4,"inad_unconstrained","recursive_multi_step",10,2,7,3,5.76,0.282885564184959,2.19654684094972,1.54242120080437,0.124025276820412,1,1,7.6176,2.76
4,"inad_constrained_alpha","recursive_multi_step",10,2,7,3,7.46,0.348856718583733,2.82467844160638,2.73199200621425,0.0970858478211962,1,1,19.8916,4.46
4,"nb_glm","recursive_multi_step",10,2,7,3,5.4630322716001,NA,2.17648703353703,1.38985260390242,0.277875036623823,NA,NA,6.06652797094355,2.4630322716001
4,"poisson_glm","recursive_multi_step",10,2,7,3,5.54636981269204,NA,2.27720298357724,1.59682026473331,0.121820367803548,NA,NA,6.48399922298931,2.54636981269204
4,"inad_unconstrained","recursive_multi_step",10,2,8,2,4.83,0.239129312889132,2.32044271039405,1.65722567937975,0.159954620792069,1,1,8.0089,2.83
4,"inad_constrained_alpha","recursive_multi_step",10,2,8,2,4.86,0.266295195813089,2.01885820038519,1.60751172668513,0.196078254650633,1,1,8.1796,2.86
4,"nb_glm","recursive_multi_step",10,2,8,2,4.73197523486622,NA,2.07393919647778,1.37923131329158,0.182335248398448,NA,NA,7.46368868392236,2.73197523486622
4,"poisson_glm","recursive_multi_step",10,2,8,2,4.67344293137624,NA,2.31023506153782,1.63658607038266,0.124236876257889,NA,NA,7.1472971073256,2.67344293137624
4,"inad_unconstrained","recursive_multi_step",10,2,9,3,5.05,0.272057257788046,2.42465361402898,1.21403535703293,0.27165717989094,1,1,4.2025,2.05
4,"inad_constrained_alpha","recursive_multi_step",10,2,9,3,5.04,0.226041919773633,2.18803615128181,1.21952322302579,0.237369567705398,1,1,4.1616,2.04
4,"nb_glm","recursive_multi_step",10,2,9,3,4.83138498507422,NA,2.05002121309389,1.06165358625734,0.310725091182314,NA,NA,3.35397096355532,1.83138498507422
4,"poisson_glm","recursive_multi_step",10,2,9,3,4.79032837429383,NA,1.96630028361335,1.09096615157577,0.278002182543689,NA,NA,3.20527568780157,1.79032837429383
4,"inad_unconstrained","recursive_multi_step",10,2,10,5,4.37,0.190509683202559,1.48110016363932,0.536014682249817,0.739868083709666,1,1,0.3969,0.63
4,"inad_constrained_alpha","recursive_multi_step",10,2,10,5,4.8,0.255840859626733,2.01004757070304,0.704985731067429,0.591239090031137,1,1,0.0400000000000001,0.2
4,"nb_glm","recursive_multi_step",10,2,10,5,4.27902415870057,NA,2.18348424760784,0.84682588471412,0.701842247421432,NA,NA,0.519806163737422,0.720975841299431
4,"poisson_glm","recursive_multi_step",10,2,10,5,4.14926980694686,NA,1.87382148881037,0.659138406616808,0.633514592581228,NA,NA,0.723741861372241,0.850730193053145
4,"inad_unconstrained","recursive_multi_step",10,2,11,5,5.08,0.261186105714262,2.25955863354136,0.628508353151011,0.519712260711802,1,1,0.00640000000000001,0.0800000000000001
4,"inad_constrained_alpha","recursive_multi_step",10,2,11,5,5.26,0.262705427074017,1.84516024595517,0.642966049149338,0.567466252923376,1,1,0.0675999999999999,0.26
4,"nb_glm","recursive_multi_step",10,2,11,5,4.73197523486622,NA,2.20012007840639,0.812113888523431,0.593344333608083,NA,NA,0.071837274725016,0.268024765133776
4,"poisson_glm","recursive_multi_step",10,2,11,5,4.67344293137624,NA,1.83433695076394,0.578066147326983,0.622153216196795,NA,NA,0.106639519068141,0.326557068623758
4,"inad_unconstrained","recursive_multi_step",10,2,12,6,6.16,0.294981595043049,2.18803615128181,0.76156148732559,0.459211742116345,1,1,0.0256,0.16
4,"inad_constrained_alpha","recursive_multi_step",10,2,12,6,6.45,0.329178653406605,2.25955863354136,0.879560872473246,0.488179017992746,1,1,0.2025,0.45
4,"nb_glm","recursive_multi_step",10,2,12,6,5.28958239630545,NA,2.35126158264643,0.967047432596864,0.599865247118797,NA,NA,0.504693171639102,0.710417603694546
4,"poisson_glm","recursive_multi_step",10,2,12,6,5.33660003885654,NA,1.95308815901519,0.675108254267609,0.6341737863729,NA,NA,0.440099508445142,0.663399961143458
4,"inad_unconstrained","recursive_multi_step",11,3,1,0,1.9,0.20572610996962,1.42196739244395,1.05041661837262,0.046794840300876,1,1,3.61,1.9
4,"inad_constrained_alpha","recursive_multi_step",11,3,1,0,1.76,0.148473716342134,1.53711725085447,0.993144067215364,0.0152736896194983,1,1,3.0976,1.76
4,"nb_glm","recursive_multi_step",11,3,1,0,2.47200300643196,NA,1.98176967675952,1.52898724947844,0.0680213378722921,NA,NA,6.11079886380865,2.47200300643196
4,"poisson_glm","recursive_multi_step",11,3,1,0,2.49154133864825,NA,2.49082378194739,1.72171111264875,0.0273197262582651,NA,NA,6.2077782421931,2.49154133864825
4,"inad_unconstrained","recursive_multi_step",11,3,2,11,2.21,0.206605562814409,4.72738781871234,7.12828085989506,0.991242126023924,0,0,77.2641,8.79
4,"inad_constrained_alpha","recursive_multi_step",11,3,2,11,2.74,0.268787024698858,4.75359019110636,6.19361269322235,0.950968833150631,0,0,68.2276,8.26
4,"nb_glm","recursive_multi_step",11,3,2,11,2.57110517092692,NA,4.60602935455551,6.49277163928383,0.966963476352508,NA,NA,71.046268039575,8.42889482907308
4,"poisson_glm","recursive_multi_step",11,3,2,11,2.62333596448655,NA,4.7461829680183,6.61322480585436,0.970533274741069,NA,NA,70.1685003638645,8.37666403551345
4,"inad_unconstrained","recursive_multi_step",11,3,3,6,2.29,0.221699131821721,3.09212411922906,2.5932654086519,0.8858215624584,0,1,13.7641,3.71
4,"inad_constrained_alpha","recursive_multi_step",11,3,3,6,2.44,0.227999645578317,3.35116575240466,2.3159076899811,0.872622489894882,0,1,12.6736,3.56
4,"nb_glm","recursive_multi_step",11,3,3,6,2.54889002406024,NA,3.11699080226989,2.22311371483387,0.890208017497545,NA,NA,11.910160066031,3.45110997593976
4,"poisson_glm","recursive_multi_step",11,3,3,6,2.59345204334303,NA,3.31197555319021,2.23406158163817,0.900029812128518,NA,NA,11.6045689810038,3.40654795665697
4,"inad_unconstrained","recursive_multi_step",11,3,4,4,2.11,0.193789951892624,2.13539241779639,1.21078583718854,0.788217775222954,1,1,3.5721,1.89
4,"inad_constrained_alpha","recursive_multi_step",11,3,4,4,2.19,0.213529739134739,2.1532500351964,1.18140392356488,0.7521092208554,1,1,3.2761,1.81
4,"nb_glm","recursive_multi_step",11,3,4,4,2.47200300643196,NA,2.23860598562776,0.992596509961227,0.760849330291102,NA,NA,2.33477481235297,1.52799699356804
4,"poisson_glm","recursive_multi_step",11,3,4,4,2.49154133864825,NA,2.05840217111037,0.896894981841124,0.722276875735533,NA,NA,2.27544753300712,1.50845866135175
4,"inad_unconstrained","recursive_multi_step",11,3,5,2,2.59,0.254691336263479,1.82761593630426,0.597082410525491,0.510719347168007,1,1,0.3481,0.59
4,"inad_constrained_alpha","recursive_multi_step",11,3,5,2,2.34,0.224382429676378,2.14436108777915,0.581383721301021,0.527578938479668,1,1,0.1156,0.34
4,"nb_glm","recursive_multi_step",11,3,5,2,2.49891160374172,NA,1.61108924357579,0.502246328023825,0.439221685855817,NA,NA,0.24891278834813,0.498911603741715
4,"poisson_glm","recursive_multi_step",11,3,5,2,2.52691330567038,NA,1.44024166723602,0.449268820283098,0.321737361440548,NA,NA,0.27763763169249,0.526913305670382
4,"inad_unconstrained","recursive_multi_step",11,3,6,4,2.08,0.202848403364371,3.3247324953365,1.32301320153061,0.809850589910389,1,1,3.6864,1.92
4,"inad_constrained_alpha","recursive_multi_step",11,3,6,4,2.15,0.178871321052173,2.49440617317921,1.28496840495868,0.858208567081443,1,1,3.4225,1.85
4,"nb_glm","recursive_multi_step",11,3,6,4,2.51904508976156,NA,2.21208459960275,0.980990022729056,0.747507467493896,NA,NA,2.19322744615934,1.48095491023844
4,"poisson_glm","recursive_multi_step",11,3,6,4,2.55359494450179,NA,2.01558601615093,0.870890036984678,0.736001892000152,NA,NA,2.09208758457079,1.44640505549821
4,"inad_unconstrained","recursive_multi_step",11,3,7,3,5.3,0.395300678297706,1.92854185489422,1.4704375424,0.262880789934024,1,1,5.29,2.3
4,"inad_constrained_alpha","recursive_multi_step",11,3,7,3,6.31,0.45564805663489,2.77165892207981,2.1441409951325,0.20606932506911,1,1,10.9561,3.31
4,"nb_glm","recursive_multi_step",11,3,7,3,4.38675107033302,NA,2.08510673104254,1.28333302172551,0.322515428797046,NA,NA,1.92307853106978,1.38675107033302
4,"poisson_glm","recursive_multi_step",11,3,7,3,4.35330225702337,NA,1.92248568966393,1.20550160028548,0.284443613474359,NA,NA,1.83142699886455,1.35330225702337
4,"inad_unconstrained","recursive_multi_step",11,3,8,1,4.93,0.413962131679513,2.22988326121731,2.30397968959957,0.142446783330963,1,1,15.4449,3.93
4,"inad_constrained_alpha","recursive_multi_step",11,3,8,1,5.5,0.394533351767079,2.82467844160638,2.75565018007203,0.157795156186893,1,1,20.25,4.5
4,"nb_glm","recursive_multi_step",11,3,8,1,4.19607632649973,NA,2.2684287845142,2.08438482125797,0.0765738271051741,NA,NA,10.214903884812,3.19607632649973
4,"poisson_glm","recursive_multi_step",11,3,8,1,4.10838327960108,NA,2.74741728596985,2.28124897467864,0.0724321169414084,NA,NA,9.66204661290359,3.10838327960108
4,"inad_unconstrained","recursive_multi_step",11,3,9,1,4.99,0.388598881765106,2.05334437645636,2.26413383366849,0.201962488675372,1,1,15.9201,3.99
4,"inad_constrained_alpha","recursive_multi_step",11,3,9,1,5.47,0.419584931988167,2.50873673123952,2.8074412135796,0.0975374682795166,1,1,19.9809,4.47
4,"nb_glm","recursive_multi_step",11,3,9,1,4.22287146424378,NA,2.29409976785335,2.17558893059694,0.0638988166211942,NA,NA,10.3869004750368,3.22287146424378
4,"poisson_glm","recursive_multi_step",11,3,9,1,4.14242214177248,NA,2.78613032586842,2.37154521372082,0.061760689067363,NA,NA,9.87481691710192,3.14242214177248
4,"inad_unconstrained","recursive_multi_step",11,3,10,2,4.48,0.445058162128016,2.04639368763364,1.4298554368,0.256108480214085,1,1,6.1504,2.48
4,"inad_constrained_alpha","recursive_multi_step",11,3,10,2,6.05,0.489356410982524,2.53264225209307,2.46908201996404,0.156576618974676,1,1,16.4025,4.05
4,"nb_glm","recursive_multi_step",11,3,10,2,4.07012975724412,NA,2.03997894262926,1.51319391766687,0.1842205115517,NA,NA,4.28543721182762,2.07012975724412
4,"poisson_glm","recursive_multi_step",11,3,10,2,3.95035917602861,NA,2.06111630685831,1.51185439052324,0.136349868845869,NA,NA,3.80390091551902,1.95035917602861
4,"inad_unconstrained","recursive_multi_step",11,3,11,4,5.21,0.403593705089511,2.51676890293678,1.2812641856,0.405857290463224,1,1,1.4641,1.21
4,"inad_constrained_alpha","recursive_multi_step",11,3,11,4,5.17,0.448579126044929,1.9677625680475,1.24755308284024,0.393244578894747,1,1,1.3689,1.17
4,"nb_glm","recursive_multi_step",11,3,11,4,4.19607632649973,NA,2.16691240888235,1.04382795521172,0.490786337754445,NA,NA,0.0384459258136274,0.196076326499727
4,"poisson_glm","recursive_multi_step",11,3,11,4,4.10838327960108,NA,1.83722647091616,0.827793987557496,0.413217179512345,NA,NA,0.0117469352970868,0.108383279601084
4,"inad_unconstrained","recursive_multi_step",11,3,12,4,5.62,0.459419924107201,2.48340401990347,1.60037518231669,0.360716004397867,1,1,2.6244,1.62
4,"inad_constrained_alpha","recursive_multi_step",11,3,12,4,5.54,0.402622714839899,2.03026430570375,1.18397646903298,0.418467512189418,1,1,2.3716,1.54
4,"nb_glm","recursive_multi_step",11,3,12,4,4.34279352113564,NA,2.19396278621241,1.1834728156627,0.4634097897587,NA,NA,0.117507398132572,0.342793521135643
4,"poisson_glm","recursive_multi_step",11,3,12,4,4.29631352080159,NA,1.86862289508596,0.972521670492197,0.323879324852905,NA,NA,0.0878017026098316,0.296313520801585
4,"inad_unconstrained","recursive_multi_step",12,4,1,1,2.36,0.209144481498829,1.48110016363932,0.683098904309715,0.219985472524354,1,1,1.8496,1.36
4,"inad_constrained_alpha","recursive_multi_step",12,4,1,1,2.15,0.202197523189179,1.69093094668528,0.704251001890359,0.231864651331759,1,1,1.3225,1.15
4,"nb_glm","recursive_multi_step",12,4,1,1,2.96644022646868,NA,1.76627235933267,1.11906563160164,0.261136364141126,NA,NA,3.86688716427419,1.96644022646868
4,"poisson_glm","recursive_multi_step",12,4,1,1,3.1215276200162,NA,2.04354147871295,1.35696429052445,0.0802291829081358,NA,NA,4.50087944249161,2.1215276200162
4,"inad_unconstrained","recursive_multi_step",12,4,2,5,2.53,0.228059446441298,2.41584298434682,1.53984814002663,0.801696475431863,1,1,6.1009,2.47
4,"inad_constrained_alpha","recursive_multi_step",12,4,2,5,2.45,0.219905856808285,2.52131362609914,1.57452936800063,0.847015940174213,1,1,6.5025,2.55
4,"nb_glm","recursive_multi_step",12,4,2,5,2.99750881025712,NA,2.44659330237048,1.28734588953169,0.760682605091858,NA,NA,4.00997096499788,2.00249118974288
4,"poisson_glm","recursive_multi_step",12,4,2,5,3.16867632291194,NA,2.21702200187787,1.09709481963327,0.827981822123363,NA,NA,3.35374641026332,1.83132367708806
4,"inad_unconstrained","recursive_multi_step",12,4,3,1,2.8,0.22428337054501,1.71331143897035,0.948521428571429,0.241280731731926,1,1,3.24,1.8
4,"inad_constrained_alpha","recursive_multi_step",12,4,3,1,2.42,0.215172000731949,1.43951170209486,0.772397172022684,0.265153825413436,1,1,2.0164,1.42
4,"nb_glm","recursive_multi_step",12,4,3,1,2.99059203241835,NA,1.77506698470424,1.13278768710724,0.17257302679877,NA,NA,3.96245663952741,1.99059203241835
4,"poisson_glm","recursive_multi_step",12,4,3,1,3.15807622815162,NA,2.06675769144016,1.38329188544449,0.157339910475542,NA,NA,4.65729300651314,2.15807622815162
4,"inad_unconstrained","recursive_multi_step",12,4,4,3,2.44,0.207593230850501,1.81872698888701,0.59943912627551,0.69601619589683,1,1,0.3136,0.56
4,"inad_constrained_alpha","recursive_multi_step",12,4,4,3,2.42,0.217506530727449,1.92761015164367,0.657332067202337,0.682360858395612,1,1,0.3364,0.58
4,"nb_glm","recursive_multi_step",12,4,4,3,2.96644022646868,NA,1.8182089990046,0.545721677459145,0.52587177571992,NA,NA,0.00112625839947353,0.0335597735313207
4,"poisson_glm","recursive_multi_step",12,4,4,3,3.1215276200162,NA,1.5579863630121,0.428749370708192,0.508182333010563,NA,NA,0.0147689624268025,0.121527620016202
4,"inad_unconstrained","recursive_multi_step",12,4,5,3,2.91,0.231854621814114,1.99218995330303,0.597037829721613,0.571629076773796,1,1,0.00809999999999998,0.0899999999999999
4,"inad_constrained_alpha","recursive_multi_step",12,4,5,3,2.13,0.170948039834425,1.79157599982106,0.633831689251747,0.636020777568674,1,1,0.7569,0.87
4,"nb_glm","recursive_multi_step",12,4,5,3,2.97493073777004,NA,1.80353941339893,0.534272219960975,0.580722496466084,NA,NA,0.000628467908754554,0.0250692622299611
4,"poisson_glm","recursive_multi_step",12,4,5,3,3.13428430001566,NA,1.54850178301142,0.420370250065048,0.418649031618994,NA,NA,0.0180322732306966,0.134284300015663
4,"inad_unconstrained","recursive_multi_step",12,4,6,1,2.23,0.188484117702958,1.53090733646666,0.681255492665816,0.174049296683619,1,1,1.5129,1.23
4,"inad_constrained_alpha","recursive_multi_step",12,4,6,1,2.56,0.229764921587085,1.36772902960684,0.735962210859508,0.253496936008477,1,1,2.4336,1.56
4,"nb_glm","recursive_multi_step",12,4,6,1,2.98125662855545,NA,1.73989025514391,1.04652993128709,0.258822053783657,NA,NA,3.92537782819491,1.98125662855545
4,"poisson_glm","recursive_multi_step",12,4,6,1,3.14385654998728,NA,2.03089852855256,1.31201967648013,0.13345592485834,NA,NA,4.59612090692335,2.14385654998728
4,"inad_unconstrained","recursive_multi_step",12,4,7,1,5.71,0.390362431956289,2.47594690841653,2.87987800694444,0.0927775781106708,1,1,22.1841,4.71
4,"inad_constrained_alpha","recursive_multi_step",12,4,7,1,6,0.363206817005397,3.16171741102825,3.21703210225267,0.063406468560027,0,1,25,5
4,"nb_glm","recursive_multi_step",12,4,7,1,5.03099151965546,NA,2.53052316328016,2.54430669768573,0.047408886798352,NA,NA,16.2488926315343,4.03099151965546
4,"poisson_glm","recursive_multi_step",12,4,7,1,5.15343738335808,NA,3.39914377343729,3.04243699766135,0.0308064269274864,NA,NA,17.2510420974764,4.15343738335808
4,"inad_unconstrained","recursive_multi_step",12,4,8,3,5.34,0.339107563162397,1.88771986037397,1.32542188888889,0.259089966860774,1,1,5.4756,2.34
4,"inad_constrained_alpha","recursive_multi_step",12,4,8,3,5.74,0.431726625062526,2.26214412343553,1.70005210380448,0.215867645090062,1,1,7.5076,2.74
4,"nb_glm","recursive_multi_step",12,4,8,3,4.96431511763219,NA,2.15189276719285,1.41551623616425,0.252463667681308,NA,NA,3.85853388135835,1.96431511763219
4,"poisson_glm","recursive_multi_step",12,4,8,3,5.05670935914177,NA,2.13780236787714,1.49392362924987,0.127282262931406,NA,NA,4.23005338798135,2.05670935914177
4,"inad_unconstrained","recursive_multi_step",12,4,9,1,6.01,0.428644798914397,2.61420737299184,3.22311506893861,0.0654446965343349,1,1,25.1001,5.01
4,"inad_constrained_alpha","recursive_multi_step",12,4,9,1,5.71,0.373975367848707,2.69097001082967,2.9854652990608,0.0867618477277794,1,1,22.1841,4.71
4,"nb_glm","recursive_multi_step",12,4,9,1,4.97377705340144,NA,2.54640526273664,2.6645591362931,0.102260778033399,NA,NA,15.7909040701398,3.97377705340144
4,"poisson_glm","recursive_multi_step",12,4,9,1,5.07031545237863,NA,3.38134154529099,3.10133046782154,0.0428125407328739,NA,NA,16.5674678818723,4.07031545237863
4,"inad_unconstrained","recursive_multi_step",12,4,10,0,4.7,0.375378596764774,2.50873673123952,3.19209171436004,0.0427608792217553,0,1,22.09,4.7
4,"inad_constrained_alpha","recursive_multi_step",12,4,10,0,5.89,0.409704254014497,2.86583651409989,4.10452253511967,0.00179216642383366,0,1,34.6921,5.89
4,"nb_glm","recursive_multi_step",12,4,10,0,4.91942399594137,NA,3.21840665473701,3.54905546024816,0.00276407147108901,NA,NA,24.2007324518438,4.91942399594137
4,"poisson_glm","recursive_multi_step",12,4,10,0,4.99282586007716,NA,4.29825939172966,4.01283763714887,0.00291256290538008,NA,NA,24.9283100690553,4.99282586007716
4,"inad_unconstrained","recursive_multi_step",12,4,11,1,4.73,0.33810374356718,2.73212808332318,2.48835189255983,0.0474229801538768,0,1,13.9129,3.73
4,"inad_constrained_alpha","recursive_multi_step",12,4,11,1,5.98,0.407995840739346,2.69097001082967,3.01947265023656,0.0539793284457889,1,1,24.8004,4.98
4,"nb_glm","recursive_multi_step",12,4,11,1,4.96431511763219,NA,2.54333347102515,2.65838519589312,0.0990974281032393,NA,NA,15.7157943518871,3.96431511763219
4,"poisson_glm","recursive_multi_step",12,4,11,1,5.05670935914177,NA,3.37300153430719,3.09056294279726,0.0272876697468986,NA,NA,16.4568908245484,4.05670935914177
4,"inad_unconstrained","recursive_multi_step",12,4,12,2,5.73,0.408954073635946,2.60611016275922,2.24286525877454,0.115353247120568,1,1,13.9129,3.73
4,"inad_constrained_alpha","recursive_multi_step",12,4,12,2,5.89,0.369792461586854,2.30998948716826,2.35987676027949,0.12880595018778,1,1,15.1321,3.89
4,"nb_glm","recursive_multi_step",12,4,12,2,5.01575367004078,NA,2.24147317542469,1.88574785568993,0.161108448589294,NA,NA,9.09477019836445,3.01575367004078
4,"poisson_glm","recursive_multi_step",12,4,12,2,5.13116947435681,NA,2.63091749081746,2.20855868462758,0.0479147182782853,NA,NA,9.80422227714392,3.13116947435681
5,"inad_unconstrained","rolling_one_step",2,1,1,2,3.57,0.328219869642718,1.81681655501037,0.963249490089055,0.345243980135942,1,1,2.4649,1.57
5,"inad_constrained_alpha","rolling_one_step",2,1,1,2,3.15,0.407102349824124,2.13469001591031,1.11747559204102,0.401580411437171,1,1,1.3225,1.15
5,"nb_glm","rolling_one_step",2,1,1,2,3.59027354707025,NA,1.93057050565539,1.30642967360149,0.276285007306042,NA,NA,2.52896995451139,1.59027354707025
5,"poisson_glm","rolling_one_step",2,1,1,2,3.65319821869953,NA,1.93635916634044,1.36023757078504,0.163181464805528,NA,NA,2.7330643503113,1.65319821869953
5,"inad_unconstrained","rolling_one_step",2,1,2,9,2.14,0.249046667161483,4.71849887129509,5.20797098214286,0.972931783060277,0,0,47.0596,6.86
5,"inad_constrained_alpha","rolling_one_step",2,1,2,9,2.26,0.281991474905168,4.79579054559674,4.6466033604262,0.888133814010215,0,1,45.4276,6.74
5,"nb_glm","rolling_one_step",2,1,2,9,2.69085434759084,NA,4.25569414478865,4.206845701191,0.901025268126752,NA,NA,39.8053188633134,6.30914565240916
5,"poisson_glm","rolling_one_step",2,1,2,9,2.71365485084157,NA,4.65843187620437,4.32743501893297,0.909334234330553,NA,NA,39.5181353343478,6.28634514915843
5,"inad_unconstrained","rolling_one_step",2,1,3,8,4.2,0.302848430270278,3.15327854238239,2.41807523700086,0.82937420628223,1,1,14.44,3.8
5,"inad_constrained_alpha","rolling_one_step",2,1,3,8,3.42,0.268621621910031,3.64833335971959,3.08237492568371,0.894850558012379,0,1,20.9764,4.58
5,"nb_glm","rolling_one_step",2,1,3,8,3.87188214622067,NA,3.2064478354668,2.5781074059822,0.840372378736686,NA,NA,17.0413570146916,4.12811785377933
5,"poisson_glm","rolling_one_step",2,1,3,8,3.94897311981472,NA,3.42122596022046,2.59421019856805,0.912660797335564,NA,NA,16.4108187839837,4.05102688018528
5,"inad_unconstrained","rolling_one_step",2,1,4,1,1.99,0.210576409510715,1.65552901963437,0.583899870140411,0.342323318746713,1,1,0.9801,0.99
5,"inad_constrained_alpha","rolling_one_step",2,1,4,1,2.26,0.301384012901022,1.63410951684178,0.785673031565568,0.299609938953502,1,1,1.5876,1.26
5,"nb_glm","rolling_one_step",2,1,4,1,2.69085434759084,NA,1.70468339616053,1.0705924014961,0.201484586594269,NA,NA,2.85898842476684,1.69085434759084
5,"poisson_glm","rolling_one_step",2,1,4,1,2.71365485084157,NA,1.82578625895636,1.16225838317259,0.0859244311367909,NA,NA,2.93661294781283,1.71365485084157
5,"inad_unconstrained","rolling_one_step",2,1,5,1,4.68,0.358132078790194,2.74812842466962,2.51658321995465,0.0589666608474698,1,1,13.5424,3.68
5,"inad_constrained_alpha","rolling_one_step",2,1,5,1,3.59,0.298174581089805,1.74840275878162,1.38992326843044,0.196455457557197,1,1,6.7081,2.59
5,"nb_glm","rolling_one_step",2,1,5,1,4.10543887267284,NA,2.29189210456152,2.19221621175597,0.0699713411880742,NA,NA,9.64375059190759,3.10543887267284
5,"poisson_glm","rolling_one_step",2,1,5,1,4.1947876465397,NA,2.83663723431855,2.48186974644409,0.0650519555096031,NA,NA,10.2066681064827,3.1947876465397
5,"inad_unconstrained","rolling_one_step",2,1,6,1,2.65,0.248378580380675,1.94546776904368,0.918891040801942,0.287646279139403,1,1,2.7225,1.65
5,"inad_constrained_alpha","rolling_one_step",2,1,6,1,3.43,0.486225412247397,2.18793453042913,1.92428207956104,0.300968400057405,1,1,5.9049,2.43
5,"nb_glm","rolling_one_step",2,1,6,1,3.2277966024081,NA,2.03375622638545,2.03633580907212,0.1188338183623,NA,NA,4.96307770170106,2.2277966024081
5,"poisson_glm","rolling_one_step",2,1,6,1,3.27355312503527,NA,2.3009972838003,2.16908542147251,0.036967805765828,NA,NA,5.16904381235763,2.27355312503527
5,"inad_unconstrained","rolling_one_step",2,1,7,1,4.54,0.409093602684735,1.95320945153692,1.96639976777543,0.171912443531477,1,1,12.5316,3.54
5,"inad_constrained_alpha","rolling_one_step",2,1,7,1,4.68,0.40473959704252,2.40523924705413,2.21441176548351,0.104197578634082,1,1,13.5424,3.68
5,"nb_glm","rolling_one_step",2,1,7,1,5.33271249700062,NA,2.69205709305478,2.88382107371006,0.0835712361225472,NA,NA,18.7723975816654,4.33271249700062
5,"poisson_glm","rolling_one_step",2,1,7,1,5.37453964917293,NA,3.55515838199234,3.30924955227558,0.0189894758747831,NA,NA,19.136597142186,4.37453964917293
5,"inad_unconstrained","rolling_one_step",2,1,8,5,4.61,0.434821454127665,2.4372419781403,1.25389847479695,0.587737250570391,1,1,0.1521,0.39
5,"inad_constrained_alpha","rolling_one_step",2,1,8,5,4.22,0.450942895441867,2.5404854295541,1.33820520019531,0.590594236457109,1,1,0.6084,0.78
5,"nb_glm","rolling_one_step",2,1,8,5,4.9448552122901,NA,2.28191540011442,1.0247717765925,0.49203053669492,NA,NA,0.00304094761157036,0.0551447877099038
5,"poisson_glm","rolling_one_step",2,1,8,5,4.97199096498529,NA,1.92239458494553,0.780824680715176,0.475816279693151,NA,NA,0.000784506042455361,0.028009035014712
5,"inad_unconstrained","rolling_one_step",2,1,9,3,3.82,0.375884142906945,1.84192247614145,0.948233440338774,0.51425638595977,1,1,0.6724,0.82
5,"inad_constrained_alpha","rolling_one_step",2,1,9,3,3.3,0.4260459500044,2.49247621036774,1.0701703305563,0.611120487745015,1,1,0.0899999999999999,0.3
5,"nb_glm","rolling_one_step",2,1,9,3,4.44561859824149,NA,2.0257449376403,1.06300857542616,0.294021138036055,NA,NA,2.08981313158169,1.44561859824149
5,"poisson_glm","rolling_one_step",2,1,9,3,4.45529521988782,NA,1.89746095770954,1.03483523764686,0.175740491227926,NA,NA,2.11788417702833,1.45529521988782
5,"inad_unconstrained","rolling_one_step",2,1,10,20,11.29,0.582799755967309,4.22911896308622,5.05197832913254,0.838995226899219,0,1,75.8641,8.71
5,"inad_constrained_alpha","rolling_one_step",2,1,10,20,7.09,0.468415554089669,4.88280192258637,8.44791860078053,0.911516606543199,0,0,166.6681,12.91
5,"nb_glm","rolling_one_step",2,1,10,20,7.40897401416994,NA,4.57191226211874,7.52193874505712,0.872797377221111,NA,NA,158.533935375848,12.5910259858301
5,"poisson_glm","rolling_one_step",2,1,10,20,7.54357217547541,NA,4.91945696673071,7.9242765992828,0.879459356810091,NA,NA,155.16259414759,12.4564278245246
5,"inad_unconstrained","rolling_one_step",2,1,11,5,3.94,0.421833420135762,2.86583651409989,1.34642683402706,0.625043316749525,1,1,1.1236,1.06
5,"inad_constrained_alpha","rolling_one_step",2,1,11,5,4.2,0.44834150043254,2.39707593641497,1.29499305294276,0.63495025111599,1,1,0.64,0.8
5,"nb_glm","rolling_one_step",2,1,11,5,3.70609229958424,NA,2.34770623702861,0.997731180970588,0.598795148121562,NA,NA,1.67419713719521,1.29390770041576
5,"poisson_glm","rolling_one_step",2,1,11,5,3.69327547884214,NA,2.08620043715176,0.836599944976286,0.662337595206258,NA,NA,1.70752897419523,1.30672452115786
5,"inad_unconstrained","rolling_one_step",2,1,12,13,3.92,0.389685187625275,4.11404963330143,6.07330185736004,0.906551995181793,0,1,82.4464,9.08
5,"inad_constrained_alpha","rolling_one_step",2,1,12,13,3.51,0.407132123095888,4.08935702071106,6.60986620138889,0.917044906545062,0,1,90.0601,9.49
5,"nb_glm","rolling_one_step",2,1,12,13,4.44561859824149,NA,4.33380927228594,5.77806507903304,0.921507914294487,NA,NA,73.1774411667519,8.55438140175851
5,"poisson_glm","rolling_one_step",2,1,12,13,4.45529521988782,NA,4.76211100912331,6.0611347081112,0.927472945847975,NA,NA,73.011979779272,8.54470478011218
5,"inad_unconstrained","rolling_one_step",3,1,1,3,4.43,0.343850742813409,1.89601866318866,0.999041110579878,0.421580387693868,1,1,2.0449,1.43
5,"inad_constrained_alpha","rolling_one_step",3,1,1,3,4.71,0.385414639634309,2.22988326121731,1.19578585729643,0.354829916397079,1,1,2.9241,1.71
5,"nb_glm","rolling_one_step",3,1,1,3,4.48473485381797,NA,2.03176059100725,1.07809613789416,0.311688870162601,NA,NA,2.20443758614186,1.48473485381797
5,"poisson_glm","rolling_one_step",3,1,1,3,4.55076949339539,NA,1.92755784140133,1.08413288835961,0.176885926474767,NA,NA,2.40488602164579,1.55076949339539
5,"inad_unconstrained","rolling_one_step",3,1,2,5,7.08,0.351240226867164,1.85831628591713,1.22074435851676,0.260790016695562,1,1,4.3264,2.08
5,"inad_constrained_alpha","rolling_one_step",3,1,2,5,6.29,0.41445960922238,2.87386868579715,1.2241112256,0.393844681670479,1,1,1.6641,1.29
5,"nb_glm","rolling_one_step",3,1,2,5,6.15155331327597,NA,2.30390462050216,1.16267229683045,0.366443218001683,NA,NA,1.32607503331686,1.15155331327597
5,"poisson_glm","rolling_one_step",3,1,2,5,6.30356688715406,NA,2.03547085069235,1.04109254550666,0.348606036896459,NA,NA,1.69928662928453,1.30356688715406
5,"inad_unconstrained","rolling_one_step",3,1,3,4,6,0.412188051620847,2.03026430570375,1.16848165774341,0.311105133282263,1,1,4,2
5,"inad_constrained_alpha","rolling_one_step",3,1,3,4,5.92,0.339839534325995,2.05334437645636,1.12478394139615,0.294721203554516,1,1,3.6864,1.92
5,"nb_glm","rolling_one_step",3,1,3,4,5.98375936835914,NA,2.24748514528887,1.32605615461099,0.343514523720921,NA,NA,3.93530123155264,1.98375936835914
5,"poisson_glm","rolling_one_step",3,1,3,4,6.1263734412755,NA,2.176695741394,1.40006692418417,0.256587612644682,NA,NA,4.5214640117618,2.1263734412755
5,"inad_unconstrained","rolling_one_step",3,1,4,2,4.23,0.321566556882165,2.68253114218381,1.38422306090204,0.282306435048774,1,1,4.9729,2.23
5,"inad_constrained_alpha","rolling_one_step",3,1,4,2,4.07,0.342968326128336,1.88771986037397,1.20077978472222,0.232009388505268,1,1,4.2849,2.07
5,"nb_glm","rolling_one_step",3,1,4,2,4.03195236632246,NA,1.97263338554934,1.25596576703671,0.175214713210835,NA,NA,4.12883041900343,2.03195236632246
5,"poisson_glm","rolling_one_step",3,1,4,2,4.07784762955533,NA,2.06430682391021,1.37718618503569,0.142424582266355,NA,NA,4.31745077164871,2.07784762955533
5,"inad_unconstrained","rolling_one_step",3,1,5,3,3.72,0.270457898290057,2.01004757070304,0.73592936016916,0.524711122108722,1,1,0.5184,0.72
5,"inad_constrained_alpha","rolling_one_step",3,1,5,3,3.93,0.322945722055486,2.27665306690066,0.906803770468256,0.49315579107197,1,1,0.8649,0.93
5,"nb_glm","rolling_one_step",3,1,5,3,4.03195236632246,NA,1.93349009208012,0.815315848488949,0.329250562406982,NA,NA,1.06492568635852,1.03195236632246
5,"poisson_glm","rolling_one_step",3,1,5,3,4.07784762955533,NA,1.75805038611342,0.765741503957529,0.269269087854352,NA,NA,1.16175551253805,1.07784762955533
5,"inad_unconstrained","rolling_one_step",3,1,6,5,3.97,0.344203076069575,2.57304930049833,1.132958089118,0.657892560283066,1,1,1.0609,1.03
5,"inad_constrained_alpha","rolling_one_step",3,1,6,5,3.8,0.275973941091575,2.32925334007621,1.02474815327793,0.702389239277731,1,1,1.44,1.2
5,"nb_glm","rolling_one_step",3,1,6,5,4.03195236632246,NA,2.25896436122901,0.894619018733711,0.635839591218206,NA,NA,0.937116221068693,0.968047633677545
5,"poisson_glm","rolling_one_step",3,1,6,5,4.07784762955533,NA,1.94116662006432,0.689982295055234,0.677290429969793,NA,NA,0.850364994316723,0.922152370444669
5,"inad_unconstrained","rolling_one_step",3,1,7,5,5.08,0.33474851105952,2.34664508278808,0.862428136147444,0.533968188567729,1,1,0.00640000000000001,0.0800000000000001
5,"inad_constrained_alpha","rolling_one_step",3,1,7,5,5.07,0.364942225952038,2.36373951614738,0.959898628267739,0.513327253099168,1,1,0.00490000000000004,0.0700000000000003
5,"nb_glm","rolling_one_step",3,1,7,5,5.55317593852547,NA,2.20505288074466,0.862237725408514,0.459093199293056,NA,NA,0.306003618963532,0.553175938525468
5,"poisson_glm","rolling_one_step",3,1,7,5,5.54993744028303,NA,1.86758171703779,0.660613117514163,0.397376538289676,NA,NA,0.302431188225046,0.549937440283025
5,"inad_unconstrained","rolling_one_step",3,1,8,1,7.51,0.426992063418306,3.71502473421826,4.44581807362123,0.0306896112373685,0,1,42.3801,6.51
5,"inad_constrained_alpha","rolling_one_step",3,1,8,1,6.08,0.412109625505573,3.17008566069877,3.18987295833333,0.0712471521926733,0,1,25.8064,5.08
5,"nb_glm","rolling_one_step",3,1,8,1,7.40932733582003,NA,3.29991768372785,4.26783418645731,0.0504353271252978,NA,NA,41.0794768976899,6.40932733582003
5,"poisson_glm","rolling_one_step",3,1,8,1,7.47148133612056,NA,4.46299392417507,4.9989951726275,0.0131412036406691,NA,NA,41.8800706837567,6.47148133612056
5,"inad_unconstrained","rolling_one_step",3,1,9,7,5.85,0.429322934186123,2.50873673123952,1.30335104708637,0.5821048202268,1,1,1.3225,1.15
5,"inad_constrained_alpha","rolling_one_step",3,1,9,7,5.96,0.446743548335953,2.63020771433828,1.33651326530612,0.628093980689873,1,1,1.0816,1.04
5,"nb_glm","rolling_one_step",3,1,9,7,6.66127560675849,NA,2.50630699385558,1.14913718702483,0.526950172737938,NA,NA,0.114734214576826,0.338724393241506
5,"poisson_glm","rolling_one_step",3,1,9,7,6.69503531215638,NA,2.06703269604037,0.788367127387126,0.511470974822813,NA,NA,0.0930034608315578,0.304964687843622
5,"inad_unconstrained","rolling_one_step",3,1,10,15,13.74,0.5636497228785,2.96553587432297,1.73663857424477,0.594839737232074,1,1,1.5876,1.26
5,"inad_constrained_alpha","rolling_one_step",3,1,10,15,10.65,0.473835627639166,2.35799870635462,2.58237858276367,0.737010024629726,1,1,18.9225,4.35
5,"nb_glm","rolling_one_step",3,1,10,15,10.2941071217407,NA,3.35678142884351,2.79623615815182,0.700326884318329,NA,NA,22.1454277816518,4.70589287825932
5,"poisson_glm","rolling_one_step",3,1,10,15,10.4867881522497,NA,3.23423430922288,2.49390413934078,0.794404668861097,NA,NA,20.3690811826738,4.51321184775032
5,"inad_unconstrained","rolling_one_step",3,1,11,8,7.82,0.53661490433602,3.2188758248682,1.38661932476694,0.537105109078277,1,1,0.0323999999999999,0.18
5,"inad_constrained_alpha","rolling_one_step",3,1,11,8,6.7,0.417423554968361,2.84957599322811,1.30224072829884,0.593664571693831,1,1,1.69,1.3
5,"nb_glm","rolling_one_step",3,1,11,8,7.40932733582003,NA,2.60627279681013,1.24564629765213,0.566726877071197,NA,NA,0.348894196209461,0.590672664179968
5,"poisson_glm","rolling_one_step",3,1,11,8,7.47148133612056,NA,2.13875058358845,0.830634374505551,0.499398596489161,NA,NA,0.279331978068914,0.528518663879445
5,"inad_unconstrained","rolling_one_step",3,1,12,9,10.21,0.483316614130892,2.79464844030451,1.49859480601469,0.402325854346925,1,1,1.4641,1.21
5,"inad_constrained_alpha","rolling_one_step",3,1,12,9,8.78,0.433118828027505,2.51676890293678,1.0868549376,0.534147376725283,1,1,0.0484000000000003,0.220000000000001
5,"nb_glm","rolling_one_step",3,1,12,9,9.25480567337099,NA,2.73267325937843,1.50715223530688,0.520995180076386,NA,NA,0.0649259311820447,0.254805673370992
5,"poisson_glm","rolling_one_step",3,1,12,9,9.39698753592415,NA,2.22994000527028,1.03008449079233,0.380207195197151,NA,NA,0.157599103679126,0.396987535924147
5,"inad_unconstrained","rolling_one_step",4,1,1,4,3.77,0.219206558185459,1.61795623338876,0.517746739477041,0.660879093621271,1,1,0.0529,0.23
5,"inad_constrained_alpha","rolling_one_step",4,1,1,4,3.41,0.211342510077023,1.99218995330303,0.628710729648567,0.624566721738996,1,1,0.3481,0.59
5,"nb_glm","rolling_one_step",4,1,1,4,3.60183745258207,NA,1.99226782367434,0.668874531952512,0.580267809193247,NA,NA,0.158533414166337,0.398162547417932
5,"poisson_glm","rolling_one_step",4,1,1,4,3.5780165643377,NA,1.70851522930614,0.511167839181058,0.592333761633958,NA,NA,0.178070019973361,0.421983435662303
5,"inad_unconstrained","rolling_one_step",4,1,2,4,3.7,0.201258665664489,1.608987563406,0.47525483321159,0.569719120692294,1,1,0.0899999999999999,0.3
5,"inad_constrained_alpha","rolling_one_step",4,1,2,4,3.66,0.225280969350532,2.00115862328579,0.61854303252551,0.536189440913399,1,1,0.1156,0.34
5,"nb_glm","rolling_one_step",4,1,2,4,4.00631865006757,NA,1.97223931428127,0.63666943977908,0.600249934684101,NA,NA,3.99253386763776e-05,0.00631865006756804
5,"poisson_glm","rolling_one_step",4,1,2,4,3.99297131894723,NA,1.68429333498992,0.481906307954408,0.53817568327538,NA,NA,4.94023573416272e-05,0.00702868105277421
5,"inad_unconstrained","rolling_one_step",4,1,3,5,3.53,0.232880512996114,2.22446731373009,1.00732531090561,0.762433762763602,1,1,2.1609,1.47
5,"inad_constrained_alpha","rolling_one_step",4,1,3,5,3.63,0.234264376249992,2.01885820038519,0.930550654047399,0.654131026619089,1,1,1.8769,1.37
5,"nb_glm","rolling_one_step",4,1,3,5,3.819104748659,NA,2.23894620016778,0.935516771583496,0.691364323298925,NA,NA,1.39451359463973,1.180895251341
5,"poisson_glm","rolling_one_step",4,1,3,5,3.80073989561681,NA,1.96831803094248,0.772289653778087,0.70287130608265,NA,NA,1.43822479796518,1.19926010438319
5,"inad_unconstrained","rolling_one_step",4,1,4,4,3.29,0.190848715801895,2.05218016909598,0.618383429752066,0.701017937896244,1,1,0.5041,0.71
5,"inad_constrained_alpha","rolling_one_step",4,1,4,4,2.74,0.217710770973739,2.62137671903048,0.961813992370749,0.74098749375126,1,1,1.5876,1.26
5,"nb_glm","rolling_one_step",4,1,4,4,3.33986966506063,NA,2.00060170021025,0.710923474228398,0.697640441466942,NA,NA,0.435772059107161,0.660130334939367
5,"poisson_glm","rolling_one_step",4,1,4,4,3.31002600998438,NA,1.73983004794427,0.564645472490715,0.687273894921059,NA,NA,0.476064106898075,0.68997399001562
5,"inad_unconstrained","rolling_one_step",4,1,5,7,4.03,0.233746387645614,3.12752604627997,1.87964038563327,0.843438960830479,1,1,8.8209,2.97
5,"inad_constrained_alpha","rolling_one_step",4,1,5,7,3.35,0.203194189847738,3.09212411922906,2.52280263777291,0.915692931947273,0,1,13.3225,3.65
5,"nb_glm","rolling_one_step",4,1,5,7,3.60183745258207,NA,2.95231370143515,2.1635486829562,0.866669018608937,NA,NA,11.5475086986739,3.39816254741793
5,"poisson_glm","rolling_one_step",4,1,5,7,3.5780165643377,NA,3.09583408938156,2.20591442571233,0.88351094342723,NA,NA,11.7099706339472,3.4219834356623
5,"inad_unconstrained","rolling_one_step",4,1,6,4,3.97,0.231575630685253,1.95427839872583,0.598764088950446,0.560549547856657,1,1,0.000899999999999988,0.0299999999999998
5,"inad_constrained_alpha","rolling_one_step",4,1,6,4,4.11,0.236512967590329,1.72220038638759,0.57177016994283,0.54127049131766,1,1,0.0121000000000001,0.11
5,"nb_glm","rolling_one_step",4,1,6,4,4.00631865006757,NA,2.00543034249183,0.665284322443427,0.565846087475383,NA,NA,3.99253386763776e-05,0.00631865006756804
5,"poisson_glm","rolling_one_step",4,1,6,4,3.99297131894723,NA,1.70428503772643,0.499683559515345,0.578281019173765,NA,NA,4.94023573416272e-05,0.00702868105277421
5,"inad_unconstrained","rolling_one_step",4,1,7,6,5.67,0.30750051326228,2.02759188035395,0.799005300567108,0.539554835081465,1,1,0.1089,0.33
5,"inad_constrained_alpha","rolling_one_step",4,1,7,6,5.47,0.248004154412906,2.17945240759042,0.705290836801427,0.652590644677523,1,1,0.2809,0.53
5,"nb_glm","rolling_one_step",4,1,7,6,5.51787082492576,NA,2.30276650437564,0.914802679401868,0.564126211627851,NA,NA,0.232448541457769,0.482129175074242
5,"poisson_glm","rolling_one_step",4,1,7,6,5.4344210559476,NA,1.9336709737129,0.655353862351126,0.631075661329427,NA,NA,0.319879541955426,0.565578944052398
5,"inad_unconstrained","rolling_one_step",4,1,8,2,4.71,0.253976456397124,2.02759188035395,1.55193053308129,0.1857058372534,1,1,7.3441,2.71
5,"inad_constrained_alpha","rolling_one_step",4,1,8,2,4.27,0.246942924743367,1.85381830869828,1.28520885107015,0.105452942756559,1,1,5.1529,2.27
5,"nb_glm","rolling_one_step",4,1,8,2,4.13555861525156,NA,1.96177390487474,1.18855643792344,0.236858477045441,NA,NA,4.56061059917514,2.13555861525156
5,"poisson_glm","rolling_one_step",4,1,8,2,4.03677604584989,NA,2.01091468673261,1.25335048107816,0.152404951223639,NA,NA,4.14845666094792,2.03677604584989
5,"inad_unconstrained","rolling_one_step",4,1,9,6,5.17,0.288869268953024,1.76549719214092,0.776349159724217,0.549441673915431,1,1,0.6889,0.83
5,"inad_constrained_alpha","rolling_one_step",4,1,9,6,5.94,0.257736848021937,1.74840275878162,0.645584794887039,0.443287359440623,1,1,0.00359999999999995,0.0599999999999996
5,"nb_glm","rolling_one_step",4,1,9,6,5.95067346598589,NA,2.31747635105609,0.915188901037048,0.543472108934916,NA,NA,0.00243310695784471,0.0493265340141056
5,"poisson_glm","rolling_one_step",4,1,9,6,5.87440959591065,NA,1.92558085775004,0.637000449292605,0.494808622747567,NA,NA,0.0157729495993267,0.125590404089352
5,"inad_unconstrained","rolling_one_step",4,1,10,8,6.57,0.28893919530908,2.17945240759042,1.02787084571938,0.687248345508144,1,1,2.0449,1.43
5,"inad_constrained_alpha","rolling_one_step",4,1,10,8,8.03,0.297957694780296,2.04483368678845,0.733575052962233,0.56477245677963,1,1,0.000899999999999962,0.0299999999999994
5,"nb_glm","rolling_one_step",4,1,10,8,7.13809114668213,NA,2.50373108405959,1.19268591161714,0.680636281885619,NA,NA,0.742886871427729,0.861908853317872
5,"poisson_glm","rolling_one_step",4,1,10,8,7.08645459626774,NA,2.0979187310871,0.82172827657268,0.587471374894258,NA,NA,0.834565204680335,0.913545403732258
5,"inad_unconstrained","rolling_one_step",4,1,11,3,6.14,0.276347022360793,2.34664508278808,1.82372639714625,0.129616820346042,1,1,9.8596,3.14
5,"inad_constrained_alpha","rolling_one_step",4,1,11,3,6.91,0.272324449986787,3.12752604627997,2.41305606805293,0.0930723883597099,0,1,15.2881,3.91
5,"nb_glm","rolling_one_step",4,1,11,3,6.13751983136171,NA,2.25413620788836,1.54863668341115,0.181234859057668,NA,NA,9.84403069218802,3.13751983136171
5,"poisson_glm","rolling_one_step",4,1,11,3,6.06466935557587,NA,2.47759358570931,1.86452563288529,0.0916579949159606,NA,NA,9.39219825900579,3.06466935557587
5,"inad_unconstrained","rolling_one_step",4,1,12,5,5.77,0.257750564568448,1.96301207869458,0.750508710775047,0.436157592063304,1,1,0.592899999999999,0.77
5,"inad_constrained_alpha","rolling_one_step",4,1,12,5,5.64,0.285515659674197,2.03624994309706,0.746698469084423,0.438336814503659,1,1,0.4096,0.64
5,"nb_glm","rolling_one_step",4,1,12,5,6.30962545946484,NA,2.20965127124273,0.902185442563576,0.450900442481567,NA,NA,1.7151188440785,1.30962545946484
5,"poisson_glm","rolling_one_step",4,1,12,5,6.24007813069044,NA,1.94688945306438,0.81213323170908,0.314219871700632,NA,NA,1.5377937702167,1.24007813069044
5,"inad_unconstrained","rolling_one_step",5,1,1,2,4.82,0.359679992451202,1.87935161070345,1.53287582797825,0.218333216114263,1,1,7.9524,2.82
5,"inad_constrained_alpha","rolling_one_step",5,1,1,2,6.03,0.360262250157977,2.22988326121731,2.4531232934695,0.0820124687681921,1,1,16.2409,4.03
5,"nb_glm","rolling_one_step",5,1,1,2,4.81529953781098,NA,2.19025621409913,1.74712719094791,0.123003607231832,NA,NA,7.9259114875987,2.81529953781098
5,"poisson_glm","rolling_one_step",5,1,1,2,4.72508587575349,NA,2.40605861915706,1.88105268094628,0.129571237876336,NA,NA,7.42609303023117,2.72508587575349
5,"inad_unconstrained","rolling_one_step",5,1,2,5,4.71,0.350841700756764,2.53885793575005,0.97970424952741,0.594961013258799,1,1,0.0841,0.29
5,"inad_constrained_alpha","rolling_one_step",5,1,2,5,5.17,0.352782589643474,2.45913979010015,0.938842696064349,0.53212797954643,1,1,0.0289,0.17
5,"nb_glm","rolling_one_step",5,1,2,5,4.81529953781098,NA,2.19898668268653,0.820106120607918,0.557745391942525,NA,NA,0.0341142607328388,0.184700462189023
5,"poisson_glm","rolling_one_step",5,1,2,5,4.72508587575349,NA,1.84839210043315,0.592577297289339,0.494502552622965,NA,NA,0.0755777757102255,0.27491412424651
5,"inad_unconstrained","rolling_one_step",5,1,3,6,5.52,0.38283366644225,2.41333645728675,1.01379979188345,0.53507218573141,1,1,0.2304,0.48
5,"inad_constrained_alpha","rolling_one_step",5,1,3,6,4.81,0.295998566745097,2.42465361402898,1.07412427670052,0.668304927969972,1,1,1.4161,1.19
5,"nb_glm","rolling_one_step",5,1,3,6,5.05134726947925,NA,2.4127048762146,1.04059130535689,0.581157178165319,NA,NA,0.899942003124472,0.948652730520749
5,"poisson_glm","rolling_one_step",5,1,3,6,4.96406828659988,NA,2.06914185623772,0.797351031988993,0.577739988194736,NA,NA,1.07315451482812,1.03593171340012
5,"inad_unconstrained","rolling_one_step",5,1,4,3,5.06,0.365651487212906,1.74178936391877,1.21344656785739,0.32969743196306,1,1,4.2436,2.06
5,"inad_constrained_alpha","rolling_one_step",5,1,4,3,5.07,0.322945722055486,1.91100909704655,1.07550749851367,0.258816972755875,1,1,4.2849,2.07
5,"nb_glm","rolling_one_step",5,1,4,3,4.81529953781098,NA,2.07692280010864,1.18137686889166,0.289531291511429,NA,NA,3.29531241197675,1.81529953781098
5,"poisson_glm","rolling_one_step",5,1,4,3,4.72508587575349,NA,1.9773056467892,1.15138588766538,0.249015930067427,NA,NA,2.97592127872419,1.72508587575349
5,"inad_unconstrained","rolling_one_step",5,1,5,5,5.29,0.35370906266323,2.39707593641497,0.94320375571083,0.480409910614205,1,1,0.0841,0.29
5,"inad_constrained_alpha","rolling_one_step",5,1,5,5,5.67,0.367369849144709,1.82525542365624,0.84031271096674,0.527142916295967,1,1,0.4489,0.67
5,"nb_glm","rolling_one_step",5,1,5,5,5.44755742163915,NA,2.24073676801698,0.938932465555721,0.478368028114274,NA,NA,0.200307645664288,0.447557421639154
5,"poisson_glm","rolling_one_step",5,1,5,5,5.36597552477892,NA,1.8863983108793,0.697081638861856,0.465449219410855,NA,NA,0.133938084737205,0.365975524778919
5,"inad_unconstrained","rolling_one_step",5,1,6,4,4.95,0.309569593683445,2.30175898803174,0.886016877262482,0.364352566196895,1,1,0.9025,0.95
5,"inad_constrained_alpha","rolling_one_step",5,1,6,4,5.9,0.384681424011867,2.1474903489003,1.27599856567174,0.275398972640276,1,1,3.61,1.9
5,"nb_glm","rolling_one_step",5,1,6,4,4.81529953781098,NA,2.1064216148919,0.901470134655239,0.461213549143585,NA,NA,0.664713336354792,0.815299537810977
5,"poisson_glm","rolling_one_step",5,1,6,4,4.72508587575349,NA,1.81991716175729,0.727932944046228,0.396597155247084,NA,NA,0.525749527217206,0.72508587575349
5,"inad_unconstrained","rolling_one_step",5,1,7,5,5.78,0.377011105588912,2.07015149477274,0.965762458333333,0.436017753561765,1,1,0.6084,0.78
5,"inad_constrained_alpha","rolling_one_step",5,1,7,5,7.1,0.435194139889245,2.23804657185647,1.34459603410668,0.322404965669886,1,1,4.41,2.1
5,"nb_glm","rolling_one_step",5,1,7,5,7.24445667817534,NA,2.38385543459618,1.42414358082273,0.337926689897065,NA,NA,5.0375857802059,2.24445667817534
5,"poisson_glm","rolling_one_step",5,1,7,5,7.04388069096435,NA,2.1920565544419,1.32365040248742,0.243391494173816,NA,NA,4.17744827889693,2.04388069096435
5,"inad_unconstrained","rolling_one_step",5,1,8,5,6.37,0.403683794647006,2.38884543727845,1.24240250665938,0.350905546798325,1,1,1.8769,1.37
5,"inad_constrained_alpha","rolling_one_step",5,1,8,5,5.68,0.414602158092489,2.13919154608561,1.05940769444444,0.490951111343476,1,1,0.4624,0.68
5,"nb_glm","rolling_one_step",5,1,8,5,5.79985715456057,NA,2.24684318062843,0.972233616431537,0.405304073572964,NA,NA,0.639771467701739,0.799857154560574
5,"poisson_glm","rolling_one_step",5,1,8,5,5.60054197318082,NA,1.89768013859077,0.724379577066116,0.44609276336467,NA,NA,0.360650661551909,0.600541973180817
5,"inad_unconstrained","rolling_one_step",5,1,9,4,7.3,0.402391838783035,2.38884543727845,1.89230068984359,0.256797139433921,1,1,10.89,3.3
5,"inad_constrained_alpha","rolling_one_step",5,1,9,4,6.4,0.351044617153323,2.03026430570375,1.55823257320378,0.26243326660452,1,1,5.76,2.4
5,"nb_glm","rolling_one_step",5,1,9,4,7.24445667817534,NA,2.42662225884601,1.85601892105385,0.233964267245227,NA,NA,10.5264991365566,3.24445667817534
5,"poisson_glm","rolling_one_step",5,1,9,4,7.04388069096435,NA,2.50545563340204,1.96476062632585,0.177510275555484,NA,NA,9.26520966082564,3.04388069096435
5,"inad_unconstrained","rolling_one_step",5,1,10,6,7.23,0.453684133433486,2.27789248040367,1.2826749206543,0.442115183164715,1,1,1.5129,1.23
5,"inad_constrained_alpha","rolling_one_step",5,1,10,6,7.76,0.398512385268164,1.96143995067344,1.24604505509272,0.308110130508736,1,1,3.0976,1.76
5,"nb_glm","rolling_one_step",5,1,10,6,7.73846185225453,NA,2.48277518139064,1.47388212164653,0.353698177286519,NA,NA,3.02224961174424,1.73846185225453
5,"poisson_glm","rolling_one_step",5,1,10,6,7.53960657665474,NA,2.1642881406226,1.21897857789388,0.27503198484801,NA,NA,2.37038841087853,1.53960657665474
5,"inad_unconstrained","rolling_one_step",5,1,11,6,6.24,0.493005624161171,3.0751390511584,1.31314520132859,0.531093139316823,1,1,0.0576000000000001,0.24
5,"inad_constrained_alpha","rolling_one_step",5,1,11,6,5.97,0.361102408597547,2.57304930049833,1.03500280347433,0.535953530504235,1,1,0.000900000000000015,0.0300000000000002
5,"nb_glm","rolling_one_step",5,1,11,6,6.25477782485356,NA,2.43489469072957,1.24074601268919,0.438289222749992,NA,NA,0.0649117400371129,0.254777824853563
5,"poisson_glm","rolling_one_step",5,1,11,6,6.0539802070631,NA,2.02918262588361,0.901458579023381,0.45643513298537,NA,NA,0.00291386275457536,0.0539802070631019
5,"inad_unconstrained","rolling_one_step",5,1,12,2,6.63,0.429388806881068,2.41333645728675,2.83413807882414,0.142044366604288,1,1,21.4369,4.63
5,"inad_constrained_alpha","rolling_one_step",5,1,12,2,6.9,0.336800153554513,2.66543670882451,3.02139479785969,0.0503960071229135,1,1,24.01,4.9
5,"nb_glm","rolling_one_step",5,1,12,2,6.95718043405206,NA,2.75272138099496,3.10596841116253,0.115004065713377,NA,NA,24.5736378557486,4.95718043405206
5,"poisson_glm","rolling_one_step",5,1,12,2,6.75608088939961,NA,3.51666781491713,3.48308210332359,0.0253375774608618,NA,NA,22.6203054265122,4.75608088939961
5,"inad_unconstrained","rolling_one_step",6,1,1,3,5.43,0.249547064446243,2.32925334007621,1.41631202677747,0.143307173570348,1,1,5.9049,2.43
5,"inad_constrained_alpha","rolling_one_step",6,1,1,3,5.74,0.235539355265289,2.08789825169806,1.57038831948292,0.138296804745588,1,1,7.5076,2.74
5,"nb_glm","rolling_one_step",6,1,1,3,5.11464229691079,NA,2.04294310946789,1.04428873660938,0.355651357927065,NA,NA,4.47171204388413,2.11464229691079
5,"poisson_glm","rolling_one_step",6,1,1,3,5.05386514301609,NA,2.03467960740668,1.17153046357248,0.143171439151626,NA,NA,4.2183620256965,2.05386514301609
5,"inad_unconstrained","rolling_one_step",6,1,2,3,6.16,0.273296375919823,2.6740204525159,1.9031387975747,0.0878790540927344,1,1,9.9856,3.16
5,"inad_constrained_alpha","rolling_one_step",6,1,2,3,6.49,0.312854243662728,2.30998948716826,2.15742203036818,0.130136056110171,1,1,12.1801,3.49
5,"nb_glm","rolling_one_step",6,1,2,3,6.13523546649121,NA,2.32992118096543,1.83751871478832,0.212763540875264,NA,NA,9.82970143034436,3.13523546649121
5,"poisson_glm","rolling_one_step",6,1,2,3,6.09661026983458,NA,2.54388009177195,2.05324533116717,0.118827036925495,NA,NA,9.58899516324502,3.09661026983458
5,"inad_unconstrained","rolling_one_step",6,1,3,13,6.36,0.262282136623749,4.77912349311153,4.79829054445308,0.95084629159139,0,0,44.0896,6.64
5,"inad_constrained_alpha","rolling_one_step",6,1,3,13,6.47,0.256414673621626,3.63967529697647,4.96512648015123,0.9847387953712,0,0,42.6409,6.53
5,"nb_glm","rolling_one_step",6,1,3,13,6.38857191770626,NA,3.60863537287076,4.52585141695016,0.912962237349761,NA,NA,43.7109812873422,6.61142808229374
5,"poisson_glm","rolling_one_step",6,1,3,13,6.35631752535738,NA,4.20331414991419,4.76806643661903,0.95077957726459,NA,NA,44.1385168238734,6.64368247464262
5,"inad_unconstrained","rolling_one_step",6,1,4,1,5.44,0.247949163900159,4.02925309664136,3.02422097266818,0.0277703431609655,0,0,19.7136,4.44
5,"inad_constrained_alpha","rolling_one_step",6,1,4,1,5.46,0.237588898832595,4.03806372632351,3.14555626346568,0.0412779086057848,0,1,19.8916,4.46
5,"nb_glm","rolling_one_step",6,1,4,1,5.51581709139516,NA,2.63747297291104,2.550476511757,0.0666878140573306,NA,NA,20.3926040029366,4.51581709139516
5,"poisson_glm","rolling_one_step",6,1,4,1,5.4630426289991,NA,3.52653379428505,3.11678240796977,0.0163877304259824,NA,NA,19.9187495082632,4.4630426289991
5,"inad_unconstrained","rolling_one_step",6,1,5,5,6.41,0.259795957231708,1.7397446960385,0.807028998109641,0.304992516694732,1,1,1.9881,1.41
5,"inad_constrained_alpha","rolling_one_step",6,1,5,5,6.51,0.280149671396984,2.17079434484731,0.963990253308128,0.348001864023831,1,1,2.2801,1.51
5,"nb_glm","rolling_one_step",6,1,5,5,6.13523546649121,NA,2.17881575086488,0.836013196350781,0.46349426188329,NA,NA,1.28875956437952,1.13523546649121
5,"poisson_glm","rolling_one_step",6,1,5,5,6.09661026983458,NA,1.91079309801099,0.744586617576367,0.427779432914709,NA,NA,1.20255408390668,1.09661026983458
5,"inad_unconstrained","rolling_one_step",6,1,6,9,6.1,0.257219004277709,2.53885793575005,1.79489648393195,0.811761706552914,1,1,8.41,2.9
5,"inad_constrained_alpha","rolling_one_step",6,1,6,9,5.5,0.250050499950015,4.04679740629227,2.31300624574669,0.879571399407927,0,1,12.25,3.5
5,"nb_glm","rolling_one_step",6,1,6,9,5.84853800978175,NA,2.81343961813254,2.19894218852416,0.822296694850933,NA,NA,9.9317126757904,3.15146199021825
5,"poisson_glm","rolling_one_step",6,1,6,9,5.80310451283102,NA,2.75883124850837,2.03703666863628,0.880154408723607,NA,NA,10.2201407558814,3.19689548716898
5,"inad_unconstrained","rolling_one_step",6,1,7,12,7.83,0.306183743605837,3.40202416963815,2.63086258452292,0.875246939132364,0,1,17.3889,4.17
5,"inad_constrained_alpha","rolling_one_step",6,1,7,12,7.35,0.285110292321899,3.13618410902309,3.06668191884661,0.913236987760837,0,1,21.6225,4.65
5,"nb_glm","rolling_one_step",6,1,7,12,8.45001103045827,NA,3.01019039657958,2.45349564200502,0.783016256942114,NA,NA,12.602421683868,3.54998896954173
5,"poisson_glm","rolling_one_step",6,1,7,12,8.29746686711259,NA,2.90917246886058,2.27582652812116,0.850782236928935,NA,NA,13.7087516001291,3.70253313288741
5,"inad_unconstrained","rolling_one_step",6,1,8,6,7.8,0.273399844088241,2.26814237723276,1.06184779019651,0.257250841879087,1,1,3.24,1.8
5,"inad_constrained_alpha","rolling_one_step",6,1,8,6,7.83,0.2916532464445,2.26814237723276,1.17648784425451,0.325487118539854,1,1,3.3489,1.83
5,"nb_glm","rolling_one_step",6,1,8,6,8.45001103045827,NA,2.37326063026535,1.11138106142629,0.402897085412338,NA,NA,6.00255404936719,2.45001103045827
5,"poisson_glm","rolling_one_step",6,1,8,6,8.29746686711259,NA,2.23423531514546,1.24737337771676,0.271149762339057,NA,NA,5.27835400548013,2.29746686711259
5,"inad_unconstrained","rolling_one_step",6,1,9,1,7.6,0.290940654853296,4.09765582352576,4.96833279147599,0.023325849750237,0,0,43.56,6.6
5,"inad_constrained_alpha","rolling_one_step",6,1,9,1,7.22,0.309310082720766,3.37691824850707,4.44783231829934,0.0114258575897616,0,1,38.6884,6.22
5,"nb_glm","rolling_one_step",6,1,9,1,8.0551449026901,NA,3.41734774375,4.46860700712086,0.0364767183246011,NA,NA,49.7750695979541,7.0551449026901
5,"poisson_glm","rolling_one_step",6,1,9,1,7.89800648072479,NA,4.53607238540514,5.23222791699089,0.0184793698296212,NA,NA,47.5824934081213,6.89800648072479
5,"inad_unconstrained","rolling_one_step",6,1,10,2,8.41,0.32069841712655,3.67386666172475,4.48189110232328,0.0193732447608398,0,0,41.0881,6.41
5,"inad_constrained_alpha","rolling_one_step",6,1,10,2,7.78,0.303374955519343,3.14476785271448,3.93757169990503,0.0284094714890752,0,1,33.4084,5.78
5,"nb_glm","rolling_one_step",6,1,10,2,8.79892931059212,NA,3.07953455186177,3.76184828414684,0.050462150968812,NA,NA,46.2254397704287,6.79892931059212
5,"poisson_glm","rolling_one_step",6,1,10,2,8.65092760225445,NA,4.26850070086385,4.7775547138833,0.0226390231493688,NA,NA,44.2348379704301,6.65092760225445
5,"inad_unconstrained","rolling_one_step",6,1,11,7,7.76,0.324463815666351,2.84957599322811,1.00726701155603,0.431894083072729,1,1,0.5776,0.76
5,"inad_constrained_alpha","rolling_one_step",6,1,11,7,7.19,0.323395807772532,2.18001354060586,0.819244256,0.466395258898102,1,1,0.0361000000000001,0.19
5,"nb_glm","rolling_one_step",6,1,11,7,8.79892931059212,NA,2.54974166424365,1.40303244211764,0.41212777692467,NA,NA,3.23614666450745,1.79892931059212
5,"poisson_glm","rolling_one_step",6,1,11,7,8.65092760225445,NA,2.20989174486956,1.16813111746872,0.339455164802858,NA,NA,2.72556194788563,1.65092760225445
5,"inad_unconstrained","rolling_one_step",6,1,12,12,6.86,0.28920650760383,3.37691824850707,3.4595073111175,0.913558413207796,0,1,26.4196,5.14
5,"inad_constrained_alpha","rolling_one_step",6,1,12,12,6.37,0.264252328143562,3.35982381514777,4.0109103225327,0.955018717116789,0,1,31.6969,5.63
5,"nb_glm","rolling_one_step",6,1,12,12,7.0443561721131,NA,3.21505637815879,3.40317721325417,0.859292608190849,NA,NA,24.5584057488735,4.9556438278869
5,"poisson_glm","rolling_one_step",6,1,12,12,6.87829412067191,NA,3.53590662211112,3.49436036292059,0.924112379349653,NA,NA,26.2318711143439,5.12170587932809
5,"inad_unconstrained","rolling_one_step",7,1,1,6,2.85,0.15200677815828,3.58609105084237,2.24682785119098,0.967660296931777,0,1,9.9225,3.15
5,"inad_constrained_alpha","rolling_one_step",7,1,1,6,2.91,0.19699510325658,2.76405381978994,2.03134736128827,0.888753287808088,0,1,9.5481,3.09
5,"nb_glm","rolling_one_step",7,1,1,6,3.40428028128513,NA,2.63927779979885,1.7114180454146,0.834341491183168,NA,NA,6.7377608581252,2.59571971871487
5,"poisson_glm","rolling_one_step",7,1,1,6,3.40342237777458,NA,2.6074307223216,1.65170371807538,0.903878853142446,NA,NA,6.74221534824184,2.59657762222542
5,"inad_unconstrained","rolling_one_step",7,1,2,15,2.89,0.201456815434099,4.76217393479776,9.96224281539923,0.994219358178636,0,0,146.6521,12.11
5,"inad_constrained_alpha","rolling_one_step",7,1,2,15,3.03,0.181717396308697,4.76217393479776,9.92455208561619,0.994846706139322,0,0,143.2809,11.97
5,"nb_glm","rolling_one_step",7,1,2,15,3.40428028128513,NA,4.71503543497828,9.36926465738384,0.998911373592558,NA,NA,134.460715794993,11.5957197187149
5,"poisson_glm","rolling_one_step",7,1,2,15,3.40342237777458,NA,4.76192880176929,9.60645895847462,0.992921466673213,NA,NA,134.480612548299,11.5965776222254
5,"inad_unconstrained","rolling_one_step",7,1,3,6,6.31,0.275862284482674,2.35522882647947,0.736690357221127,0.516670588753107,1,1,0.0960999999999998,0.31
5,"inad_constrained_alpha","rolling_one_step",7,1,3,6,6.28,0.257446669970283,1.86240205238968,0.637364467820878,0.546094022141371,1,1,0.0784000000000001,0.28
5,"nb_glm","rolling_one_step",7,1,3,6,4.72971759778516,NA,2.38219422676993,1.05123147042265,0.684501047784672,NA,NA,1.61361738137671,1.27028240221484
5,"poisson_glm","rolling_one_step",7,1,3,6,4.77696026567066,NA,2.0515885917582,0.814594649565412,0.729468315303119,NA,NA,1.49582619174837,1.22303973432934
5,"inad_unconstrained","rolling_one_step",7,1,4,3,2.1,0.139624315557676,1.43281437675478,0.554763520661157,0.706731513972881,1,1,0.81,0.9
5,"inad_constrained_alpha","rolling_one_step",7,1,4,3,2.14,0.171752699830279,1.8578992717326,0.657644958677686,0.685779693377289,1,1,0.7396,0.86
5,"nb_glm","rolling_one_step",7,1,4,3,2.83798005998263,NA,1.77491819247057,0.522974700964053,0.507907622212144,NA,NA,0.0262504609632319,0.162019940017369
5,"poisson_glm","rolling_one_step",7,1,4,3,2.82131167332475,NA,1.54099587717074,0.412988704737984,0.625718576216657,NA,NA,0.0319295180900012,0.178688326675251
5,"inad_unconstrained","rolling_one_step",7,1,5,5,3.63,0.205802199829218,2.1532500351964,0.900117667789177,0.816169557115805,1,1,1.8769,1.37
5,"inad_constrained_alpha","rolling_one_step",7,1,5,5,3.1,0.193583954590114,2.63034538901324,1.22953416772959,0.827032760824784,1,1,3.61,1.9
5,"nb_glm","rolling_one_step",7,1,5,5,3.78657609082073,NA,2.23098514301896,0.951825092516777,0.661023852868381,NA,NA,1.47239758336791,1.21342390917927
5,"poisson_glm","rolling_one_step",7,1,5,5,3.79812885053889,NA,1.9599032441038,0.778082168324943,0.682561695495537,NA,NA,1.44449425990697,1.20187114946111
5,"inad_unconstrained","rolling_one_step",7,1,6,10,4.54,0.234593997012591,3.33362144275375,3.99376402224137,0.972053344531615,0,1,29.8116,5.46
5,"inad_constrained_alpha","rolling_one_step",7,1,6,10,4.82,0.231542914407073,4.77912349311153,3.56132960949086,0.924605355842681,0,0,26.8324,5.18
5,"nb_glm","rolling_one_step",7,1,6,10,4.32990870299411,NA,3.63367686441071,3.69945061629983,0.908654930856464,NA,NA,32.149935316382,5.67009129700589
5,"poisson_glm","rolling_one_step",7,1,6,10,4.36120435531094,NA,4.1455922062841,3.86311897293586,0.926981817611146,NA,NA,31.7960163225643,5.63879564468906
5,"inad_unconstrained","rolling_one_step",7,1,7,5,6.58,0.262151163116306,1.85381830869828,0.945897250297266,0.357598996324252,1,1,2.4964,1.58
5,"inad_constrained_alpha","rolling_one_step",7,1,7,5,7.22,0.290447234381042,1.98025388512909,1.22712554605888,0.228161490626542,1,1,4.9284,2.22
5,"nb_glm","rolling_one_step",7,1,7,5,6.38871099802284,NA,2.23325517821726,0.957575364644244,0.391525468798662,NA,NA,1.92851823602959,1.38871099802284
5,"poisson_glm","rolling_one_step",7,1,7,5,6.37233939297424,NA,1.98213387298171,0.880473381204817,0.371307142075724,NA,NA,1.8833154095089,1.37233939297424
5,"inad_unconstrained","rolling_one_step",7,1,8,0,5.07,0.274599800628206,4.05545546903538,3.63518789387634,0.00539052697641229,0,0,25.7049,5.07
5,"inad_constrained_alpha","rolling_one_step",7,1,8,0,5.48,0.251251413383632,4.03806372632351,4.04079770698677,0.0126978516161417,0,0,30.0304,5.48
5,"nb_glm","rolling_one_step",7,1,8,0,5.43056831873554,NA,3.38313633867387,3.57160919328819,0.0241129377777913,NA,NA,29.4910722644542,5.43056831873554
5,"poisson_glm","rolling_one_step",7,1,8,0,5.38944368358605,NA,4.37403310603059,4.09334710781349,0.000817047930766192,NA,NA,29.0461032185456,5.38944368358605
5,"inad_unconstrained","rolling_one_step",7,1,9,4,4,0.186406745445208,1.5219386664839,0.41503355247139,0.550535808379074,1,1,0,0
5,"inad_constrained_alpha","rolling_one_step",7,1,9,4,3.55,0.184431969883617,1.92761015164367,0.534098133268404,0.61150304946524,1,1,0.2025,0.45
5,"nb_glm","rolling_one_step",7,1,9,4,3.90872737355405,NA,1.95159514489221,0.629668712076545,0.653377400511646,NA,NA,0.0083306923383419,0.0912726264459498
5,"poisson_glm","rolling_one_step",7,1,9,4,3.83979606619093,NA,1.67531484499031,0.478243964496101,0.581400833554806,NA,NA,0.0256653004078999,0.160203933809067
5,"inad_unconstrained","rolling_one_step",7,1,10,9,4,0.207437467759089,3.31576382535374,3.74494476097719,0.978763679590114,0,1,25,5
5,"inad_constrained_alpha","rolling_one_step",7,1,10,9,4.03,0.18719352056472,3.60427336992556,3.82844088142196,0.999666212814365,0,0,24.7009,4.97
5,"nb_glm","rolling_one_step",7,1,10,9,4.34767187049855,NA,3.20493943950064,3.68964871819287,0.999719476154365,NA,NA,21.6441570245505,4.65232812950145
5,"poisson_glm","rolling_one_step",7,1,10,9,4.28511028029431,NA,3.64459852806659,3.60955174177174,0.978893714373951,NA,NA,22.2301850689864,4.71488971970569
5,"inad_unconstrained","rolling_one_step",7,1,11,13,5.22,0.245599657815706,4.77068462446567,5.8925675093364,0.958867155025413,0,0,60.5284,7.78
5,"inad_constrained_alpha","rolling_one_step",7,1,11,13,5.44,0.249977776790036,3.63967529697647,5.92355882041588,0.9917382130782,0,0,57.1536,7.56
5,"nb_glm","rolling_one_step",7,1,11,13,5.62428499545424,NA,3.84919959996823,5.23894587526564,0.946483610726709,NA,NA,54.4011718282815,7.37571500454576
5,"poisson_glm","rolling_one_step",7,1,11,13,5.58775978686303,NA,4.49728543748048,5.54269752522427,0.967062616295831,NA,NA,54.9413049772448,7.41224021313697
5,"inad_unconstrained","rolling_one_step",7,1,12,12,6.98,0.31009285022002,3.65691710341098,3.38119916721455,0.909269543201703,0,1,25.2004,5.02
5,"inad_constrained_alpha","rolling_one_step",7,1,12,12,6.99,0.263425377086053,3.63967529697647,3.58314889224953,0.929375883247015,0,1,25.1001,5.01
5,"nb_glm","rolling_one_step",7,1,12,12,6.38871099802284,NA,3.36811131907393,3.93350346624964,0.923706768512513,NA,NA,31.4865642637098,5.61128900197716
5,"poisson_glm","rolling_one_step",7,1,12,12,6.37233939297424,NA,3.80019443112313,3.9964238341863,0.942785621616406,NA,NA,31.6705639078696,5.62766060702576
5,"inad_unconstrained","rolling_one_step",8,1,1,4,3.77,0.255388395044161,2.17945240759042,0.703152534185493,0.51096835931185,1,1,0.0529,0.23
5,"inad_constrained_alpha","rolling_one_step",8,1,1,4,4.32,0.292630010819675,2.53012425578129,0.85361189596799,0.511855855287674,1,1,0.1024,0.32
5,"nb_glm","rolling_one_step",8,1,1,4,3.87759671678016,NA,2.02969303563128,0.69039244991698,0.566998206811271,NA,NA,0.0149825637429973,0.122403283219844
5,"poisson_glm","rolling_one_step",8,1,1,4,3.99675714731201,NA,1.72189351711625,0.51976698284056,0.543867560744823,NA,NA,1.05160935559908e-05,0.00324285268798796
5,"inad_unconstrained","rolling_one_step",8,1,2,13,7.87,0.305060020588762,4.05545546903538,3.49042303061831,0.94937865080061,0,1,26.3169,5.13
5,"inad_constrained_alpha","rolling_one_step",8,1,2,13,6.06,0.34489641249734,3.66542779307889,4.837150876185,0.930420197261245,0,1,48.1636,6.94
5,"nb_glm","rolling_one_step",8,1,2,13,4.81726620224359,NA,4.15042954925122,5.93914368223421,0.961075334538315,NA,NA,66.957132404945,8.18273379775641
5,"poisson_glm","rolling_one_step",8,1,2,13,4.99880659655148,NA,4.64566410817999,6.0776462284143,0.967706186603296,NA,NA,64.0190958793881,8.00119340344852
5,"inad_unconstrained","rolling_one_step",8,1,3,6,4.29,0.264114682773536,2.53012425578129,1.18295651738997,0.767692061999012,1,1,2.9241,1.71
5,"inad_constrained_alpha","rolling_one_step",8,1,3,6,4.36,0.307653222070735,2.96211566275501,1.20280952589671,0.741547551428139,1,1,2.6896,1.64
5,"nb_glm","rolling_one_step",8,1,3,6,3.87759671678016,NA,2.54240595724283,1.33951185150092,0.713168830720193,NA,NA,4.50459569662237,2.12240328321984
5,"poisson_glm","rolling_one_step",8,1,3,6,3.99675714731201,NA,2.31924126172768,1.16250143569726,0.78954059284655,NA,NA,4.01298192684551,2.00324285268799
5,"inad_unconstrained","rolling_one_step",8,1,4,5,2.66,0.214249924861201,2.9448738563205,1.44892848393195,0.793664552935723,1,1,5.4756,2.34
5,"inad_constrained_alpha","rolling_one_step",8,1,4,5,3.38,0.276259283860637,2.45913979010015,1.13391617351336,0.747208419287127,1,1,2.6244,1.62
5,"nb_glm","rolling_one_step",8,1,4,5,3.34787093570559,NA,2.37466789020407,1.07333470930609,0.673643153895686,NA,NA,2.72953044508632,1.65212906429441
5,"poisson_glm","rolling_one_step",8,1,4,5,3.43507928709001,NA,2.13366971281592,0.913689438955186,0.705476995579983,NA,NA,2.44897683769472,1.56492071290999
5,"inad_unconstrained","rolling_one_step",8,1,5,2,3.14,0.215565968716509,1.61795623338876,0.665095200892857,0.30620304868411,1,1,1.2996,1.14
5,"inad_constrained_alpha","rolling_one_step",8,1,5,2,4.17,0.258220405424857,2.0790876220159,1.25728656120291,0.264685456471897,1,1,4.7089,2.17
5,"nb_glm","rolling_one_step",8,1,5,2,3.7238320563637,NA,1.82791626420668,0.905904079571967,0.347631736141048,NA,NA,2.9715969585471,1.7238320563637
5,"poisson_glm","rolling_one_step",8,1,5,2,3.83345711933533,NA,1.89034575845633,1.06273462390904,0.237623543954493,NA,NA,3.36156500844141,1.83345711933533
5,"inad_unconstrained","rolling_one_step",8,1,6,3,5.65,0.311521194376008,1.988764574797,1.46705782102844,0.248197891992,1,1,7.0225,2.65
5,"inad_constrained_alpha","rolling_one_step",8,1,6,3,5.23,0.274820418867053,1.80830586534246,1.2509402805172,0.228942416555917,1,1,4.9729,2.23
5,"nb_glm","rolling_one_step",8,1,6,3,4.36603397946686,NA,1.97904251257221,0.923110284262609,0.3939514230416,NA,NA,1.86604883305807,1.36603397946686
5,"poisson_glm","rolling_one_step",8,1,6,3,4.51678114305532,NA,1.88336278777447,0.968414329651764,0.231225530955808,NA,NA,2.30062503592819,1.51678114305532
5,"inad_unconstrained","rolling_one_step",8,1,7,8,4.66,0.322308591698745,2.96211566275501,2.14705193951348,0.806588990720781,1,1,11.1556,3.34
5,"inad_constrained_alpha","rolling_one_step",8,1,7,8,5.18,0.417636447188463,2.73212808332318,1.79832094172737,0.740228515497706,1,1,7.9524,2.82
5,"nb_glm","rolling_one_step",8,1,7,8,5.12880428529718,NA,2.84260582270407,1.71918404386559,0.752570056682103,NA,NA,8.24376483212786,2.87119571470282
5,"poisson_glm","rolling_one_step",8,1,7,8,5.21732274597976,NA,2.68536044523485,1.55675243153472,0.799144791522286,NA,NA,7.74329270004163,2.78267725402024
5,"inad_unconstrained","rolling_one_step",8,1,8,3,2.56,0.232821950438657,1.80975831890425,0.660588069150231,0.673785214424826,1,1,0.1936,0.44
5,"inad_constrained_alpha","rolling_one_step",8,1,8,3,4.16,0.449628353827532,2.04639368763364,1.1180254336,0.385584283479247,1,1,1.3456,1.16
5,"nb_glm","rolling_one_step",8,1,8,3,3.20451868787672,NA,1.92036544686578,0.785704984747651,0.519994687674592,NA,NA,0.0418278936908139,0.204518687876717
5,"poisson_glm","rolling_one_step",8,1,8,3,3.21265648409461,NA,1.67276501293635,0.660483210541628,0.466324918469348,NA,NA,0.0452227802274804,0.212656484094608
5,"inad_unconstrained","rolling_one_step",8,1,9,10,4.54,0.352600727065718,3.38535711715294,3.57484667749453,0.874050545897902,0,1,29.8116,5.46
5,"inad_constrained_alpha","rolling_one_step",8,1,9,10,5.43,0.438375098828306,4.12214684353405,2.84047671045786,0.782953536771294,1,1,20.8849,4.57
5,"nb_glm","rolling_one_step",8,1,9,10,4.88913701374969,NA,3.44392490546362,3.03631722095154,0.851568616971823,NA,NA,26.1209204642234,5.11086298625031
5,"poisson_glm","rolling_one_step",8,1,9,10,4.9661480449057,NA,3.80141805327939,3.1132673277188,0.887666915983314,NA,NA,25.3396655058067,5.0338519550943
5,"inad_unconstrained","rolling_one_step",8,1,10,15,6.67,0.353926032333928,4.08935702071106,5.91417803472222,0.946627349993777,0,1,69.3889,8.33
5,"inad_constrained_alpha","rolling_one_step",8,1,10,15,6.3,0.419595765065147,3.69053371420996,5.94726339730893,0.922794688481237,0,1,75.69,8.7
5,"nb_glm","rolling_one_step",8,1,10,15,5.86473208994683,NA,4.18154887320714,6.46084739867385,0.94886818953229,NA,NA,83.4531197884473,9.13526791005317
5,"poisson_glm","rolling_one_step",8,1,10,15,5.99079483035479,NA,4.7107277279083,6.7385974470829,0.965338321089432,NA,NA,81.165777788762,9.00920516964521
5,"inad_unconstrained","rolling_one_step",8,1,11,13,8.15,0.380954410167756,3.74677343253284,2.96009227905273,0.828615180629859,0,1,23.5225,4.85
5,"inad_constrained_alpha","rolling_one_step",8,1,11,13,7.7,0.402140736207079,4.09765582352576,3.43907518612117,0.827067029714403,1,1,28.09,5.3
5,"nb_glm","rolling_one_step",8,1,11,13,6.40626130360111,NA,3.68718014782621,3.88634274517564,0.834615928294699,NA,NA,43.4773899963881,6.59373869639889
5,"poisson_glm","rolling_one_step",8,1,11,13,6.56190045979849,NA,4.17980960756991,4.01329107256727,0.880253452887848,NA,NA,41.4491256895429,6.43809954020151
5,"inad_unconstrained","rolling_one_step",8,1,12,7,7.95,0.36745782414483,1.9696032613126,0.917826525216472,0.431973375110637,1,1,0.9025,0.95
5,"inad_constrained_alpha","rolling_one_step",8,1,12,7,7.03,0.365826861956982,2.82467844160638,0.978543287903397,0.53626502102014,1,1,0.000900000000000015,0.0300000000000002
5,"nb_glm","rolling_one_step",8,1,12,7,6.2828492661095,NA,2.49259634087655,1.10878111270238,0.599110415518779,NA,NA,0.514305175119687,0.717150733890503
5,"poisson_glm","rolling_one_step",8,1,12,7,6.43161166303037,NA,2.05938770527849,0.755912505946721,0.619629053063086,NA,NA,0.3230653016031,0.568388336969629
5,"inad_unconstrained","rolling_one_step",9,1,1,2,3.91,0.274908616588763,1.84516024595517,1.06123167485822,0.193773558298207,1,1,3.6481,1.91
5,"inad_constrained_alpha","rolling_one_step",9,1,1,2,4.78,0.321794212427003,2.03624994309706,1.48380190249703,0.113706530108887,1,1,7.7284,2.78
5,"nb_glm","rolling_one_step",9,1,1,2,4.34680435254968,NA,2.01434299433125,1.29306125694139,0.207173140630851,NA,NA,5.50749066914614,2.34680435254968
5,"poisson_glm","rolling_one_step",9,1,1,2,4.31441448216135,NA,2.1455316651156,1.43666250238166,0.191231808261661,NA,NA,5.35651439523817,2.31441448216135
5,"inad_unconstrained","rolling_one_step",9,1,2,15,5.97,0.366654269762884,4.77068462446567,6.65870592502155,0.950705506766168,0,1,81.5409,9.03
5,"inad_constrained_alpha","rolling_one_step",9,1,2,15,6.53,0.332257354312812,4.07254990239468,6.27658152111462,0.968463081812498,0,0,71.7409,8.47
5,"nb_glm","rolling_one_step",9,1,2,15,5.69564003621715,NA,4.20292928755611,7.03346079968412,0.98245343006894,NA,NA,86.5711143356452,9.30435996378285
5,"poisson_glm","rolling_one_step",9,1,2,15,5.70074796769241,NA,4.71576983512207,7.3504614406847,0.986452625998573,NA,NA,86.4760883603769,9.29925203230759
5,"inad_unconstrained","rolling_one_step",9,1,3,9,4.23,0.282075639973867,3.67386666172475,3.07088702069063,0.884750384806788,0,1,22.7529,4.77
5,"inad_constrained_alpha","rolling_one_step",9,1,3,9,5.06,0.316489583660595,2.79914513960121,2.51694264268728,0.844063784162321,1,1,15.5236,3.94
5,"nb_glm","rolling_one_step",9,1,3,9,4.74817333357787,NA,3.17456621485102,2.63325572078997,0.829880633269474,NA,NA,18.0780300012983,4.25182666642213
5,"poisson_glm","rolling_one_step",9,1,3,9,4.72570988924673,NA,3.41812060262526,2.72113690279505,0.887128732321169,NA,NA,18.2695559508832,4.27429011075327
5,"inad_unconstrained","rolling_one_step",9,1,4,9,4.25,0.291764053005614,4.06403921272677,3.10552217839141,0.882490510282835,0,1,22.5625,4.75
5,"inad_constrained_alpha","rolling_one_step",9,1,4,9,3.99,0.277977907704402,3.15327854238239,3.26309660298765,0.884690296794998,0,1,25.1001,5.01
5,"nb_glm","rolling_one_step",9,1,4,9,4.5598862801366,NA,3.23403787557963,2.8070217442856,0.848116131132479,NA,NA,19.7146098453192,4.4401137198634
5,"poisson_glm","rolling_one_step",9,1,4,9,4.53262621448739,NA,3.54202046265372,2.92296308344027,0.910351530874406,NA,NA,19.9574285394853,4.46737378551261
5,"inad_unconstrained","rolling_one_step",9,1,5,4,3.69,0.252940285203421,2.64804496611264,0.702777923976608,0.596262593761581,1,1,0.0961,0.31
5,"inad_constrained_alpha","rolling_one_step",9,1,5,4,4.64,0.336806151722892,1.92810353040585,0.834794110887676,0.489555341174858,1,1,0.4096,0.64
5,"nb_glm","rolling_one_step",9,1,5,4,3.80135161313181,NA,2.04995867377526,0.715199119420738,0.582003074238089,NA,NA,0.039461181605336,0.198648386868195
5,"poisson_glm","rolling_one_step",9,1,5,4,3.7573800223153,NA,1.74630199074192,0.539727646949062,0.484501584734243,NA,NA,0.0588644535717225,0.242619977684696
5,"inad_unconstrained","rolling_one_step",9,1,6,3,4.58,0.3091794287981,1.81681655501037,0.946402240735421,0.33957143758834,1,1,2.4964,1.58
5,"inad_constrained_alpha","rolling_one_step",9,1,6,3,4.18,0.307607253201582,2.04483368678845,0.885669121192198,0.294761885943082,1,1,1.3924,1.18
5,"nb_glm","rolling_one_step",9,1,6,3,4.09951644336481,NA,1.9421188372212,0.835814610674898,0.405808397791379,NA,NA,1.20893640922961,1.09951644336481
5,"poisson_glm","rolling_one_step",9,1,6,3,4.06158982370629,NA,1.75398678847309,0.75905752720799,0.325752015163953,NA,NA,1.12697295379676,1.06158982370629
5,"inad_unconstrained","rolling_one_step",9,1,7,2,6.02,0.451927409921531,2.27004930294265,2.53936997953996,0.170421661839593,1,1,16.1604,4.02
5,"inad_constrained_alpha","rolling_one_step",9,1,7,2,6.53,0.377245465730393,2.69097001082967,2.72486911235082,0.124888401135564,1,1,20.5209,4.53
5,"nb_glm","rolling_one_step",9,1,7,2,6.98556328579119,NA,2.78545890974676,3.26662780773495,0.103825798600635,NA,NA,24.8558412766291,4.98556328579119
5,"poisson_glm","rolling_one_step",9,1,7,2,6.88431674248267,NA,3.60576998376349,3.68941497807669,0.0388949074114797,NA,NA,23.8565500408965,4.88431674248267
5,"inad_unconstrained","rolling_one_step",9,1,8,9,5.6,0.371999782773913,2.9874334707393,2.05737956944444,0.803415424686216,1,1,11.56,3.4
5,"inad_constrained_alpha","rolling_one_step",9,1,8,9,5.07,0.322006022906216,3.36840755883916,2.49121138870626,0.839409703181153,1,1,15.4449,3.93
5,"nb_glm","rolling_one_step",9,1,8,9,5.64623140467486,NA,2.9285051883967,2.07208168708365,0.771877825609127,NA,NA,11.2477637909891,3.35376859532514
5,"poisson_glm","rolling_one_step",9,1,8,9,5.52781061908341,NA,2.94196972737207,2.07817902520988,0.863709300267718,NA,NA,12.0560990969499,3.47218938091659
5,"inad_unconstrained","rolling_one_step",9,1,9,5,6.32,0.395397766735466,1.85831628591713,1.01712077467116,0.339093289445344,1,1,1.7424,1.32
5,"inad_constrained_alpha","rolling_one_step",9,1,9,5,7.09,0.390827922040461,2.08668079672395,1.19827286347756,0.316136788368134,1,1,4.3681,2.09
5,"nb_glm","rolling_one_step",9,1,9,5,7.36337769351549,NA,2.39624878339591,1.46456798125375,0.33788450506932,NA,NA,5.58555412220659,2.36337769351549
5,"poisson_glm","rolling_one_step",9,1,9,5,7.2685107620349,NA,2.2546398036554,1.44174148127777,0.234411911138228,NA,NA,5.14614107746817,2.2685107620349
5,"inad_unconstrained","rolling_one_step",9,1,10,17,7.17,0.390559039885602,4.80402104473326,7.0130357094867,0.966267462585152,0,0,96.6289,9.83
5,"inad_constrained_alpha","rolling_one_step",9,1,10,17,9.24,0.400534995759775,3.00396277269051,5.38798818865896,0.934165412110685,0,1,60.2176,7.76
5,"nb_glm","rolling_one_step",9,1,10,17,8.12438718162655,NA,3.89104984566507,6.29708651354226,0.948082788892227,NA,NA,78.7765029016751,8.87561281837345
5,"poisson_glm","rolling_one_step",9,1,10,17,8.04419749232923,NA,4.60068910784481,6.70474938577187,0.970645384650706,NA,NA,80.2063985564021,8.95580250767077
5,"inad_unconstrained","rolling_one_step",9,1,11,14,7.06,0.402723054450398,4.08935702071106,4.53197755555556,0.912657710671405,0,1,48.1636,6.94
5,"inad_constrained_alpha","rolling_one_step",9,1,11,14,8.3,0.412310562561766,3.7622776190688,3.41283906508876,0.842961858147863,0,1,32.49,5.7
5,"nb_glm","rolling_one_step",9,1,11,14,7.84455973929873,NA,3.53519275891595,3.55507878187523,0.817358515662609,NA,NA,37.8894448030621,6.15544026070127
5,"poisson_glm","rolling_one_step",9,1,11,14,7.75869955370636,NA,3.98496974450849,3.78705757887872,0.880949927735734,NA,NA,38.9538312609052,6.24130044629364
5,"inad_unconstrained","rolling_one_step",9,1,12,4,5.52,0.374295297455057,2.68253114218381,1.11327092789428,0.409164564861971,1,1,2.3104,1.52
5,"inad_constrained_alpha","rolling_one_step",9,1,12,4,6.74,0.411604399658436,2.40523924705413,1.69000456077732,0.28851798395755,1,1,7.5076,2.74
5,"nb_glm","rolling_one_step",9,1,12,4,6.77289967802844,NA,2.35669953160164,1.64804457897526,0.237555406068794,NA,NA,7.68897262441022,2.77289967802844
5,"poisson_glm","rolling_one_step",9,1,12,4,6.6683431465471,NA,2.36359399964458,1.72354325455224,0.164676144266937,NA,NA,7.12005514772487,2.6683431465471
5,"inad_unconstrained","rolling_one_step",10,1,1,4,2.45,0.157874134753741,2.30258509299405,0.97813744825907,0.881955959067873,1,1,2.4025,1.55
5,"inad_constrained_alpha","rolling_one_step",10,1,1,4,2.82,0.197141184090607,2.0612300046159,0.830160685009334,0.81226085834461,1,1,1.3924,1.18
5,"nb_glm","rolling_one_step",10,1,1,4,3.4065956170362,NA,1.99231023945037,0.697498842561877,0.662014263134708,NA,NA,0.352128761720645,0.593404382963797
5,"poisson_glm","rolling_one_step",10,1,1,4,3.4666760399838,NA,1.71217160176614,0.528085851053443,0.619005181854945,NA,NA,0.284434446327359,0.533323960016198
5,"inad_unconstrained","rolling_one_step",10,1,2,9,8.68,0.339898974890059,2.2216527620808,0.888197513831022,0.544407434775071,1,1,0.1024,0.32
5,"inad_constrained_alpha","rolling_one_step",10,1,2,9,6.14,0.290252415401603,3.17838446351346,1.78535151970494,0.783980411967524,1,1,8.1796,2.86
5,"nb_glm","rolling_one_step",10,1,2,9,5.286242873975,NA,3.02675699297442,2.23614779094939,0.785255188482327,NA,NA,13.7919919911015,3.713757126025
5,"poisson_glm","rolling_one_step",10,1,2,9,5.45322940332636,NA,2.99026319433678,2.10408797379396,0.836877302674032,NA,NA,12.5795816654287,3.54677059667364
5,"inad_unconstrained","rolling_one_step",10,1,3,8,6.15,0.300630650265052,2.18803615128181,1.22052358097743,0.755061222851022,1,1,3.4225,1.85
5,"inad_constrained_alpha","rolling_one_step",10,1,3,8,4.65,0.298607881119482,2.58971635298354,1.95119640051909,0.813602570500071,1,1,11.2225,3.35
5,"nb_glm","rolling_one_step",10,1,3,8,4.67270758206145,NA,2.93578928332054,1.98028819591276,0.777276998780238,NA,NA,11.0708748344714,3.32729241793855
5,"poisson_glm","rolling_one_step",10,1,3,8,4.80191851638433,NA,2.87642323633669,1.86122594545191,0.808711846057512,NA,NA,10.2277251758454,3.19808148361567
5,"inad_unconstrained","rolling_one_step",10,1,4,1,5.52,0.271352765293305,3.3424320724359,3.02458630347799,0.0460481941057859,0,1,20.4304,4.52
5,"inad_constrained_alpha","rolling_one_step",10,1,4,1,5.08,0.257681974534503,3.35982381514777,2.76821673602854,0.0528648485928565,0,1,16.6464,4.08
5,"nb_glm","rolling_one_step",10,1,4,1,4.67270758206145,NA,2.4045229296518,2.18876751764603,0.069092117493521,NA,NA,13.4887809833317,3.67270758206145
5,"poisson_glm","rolling_one_step",10,1,4,1,4.80191851638433,NA,3.14728361138459,2.65826598967322,0.0334495111829184,NA,NA,14.454584405226,3.80191851638433
5,"inad_unconstrained","rolling_one_step",10,1,5,4,3.9,0.243086217402199,1.66449768961713,0.579835491071429,0.532632425449057,1,1,0.01,0.1
5,"inad_constrained_alpha","rolling_one_step",10,1,5,4,3.54,0.214344195963955,1.71331143897035,0.551176419005102,0.698790267418808,1,1,0.2116,0.46
5,"nb_glm","rolling_one_step",10,1,5,4,3.89540515125092,NA,1.97574465828495,0.642128378621736,0.611859614845121,NA,NA,0.0109400823848424,0.104594848749077
5,"poisson_glm","rolling_one_step",10,1,5,4,3.98061341228177,NA,1.68439027515607,0.481897965928281,0.501502841323794,NA,NA,0.000375839783356729,0.0193865877182327
5,"inad_unconstrained","rolling_one_step",10,1,6,5,3.11,0.199441138376133,2.16206066487855,1.17797733918129,0.829207173711375,1,1,3.5721,1.89
5,"inad_constrained_alpha","rolling_one_step",10,1,6,5,3.42,0.22793761329705,2.42465361402898,1.01256380424746,0.725805381757142,1,1,2.4964,1.58
5,"nb_glm","rolling_one_step",10,1,6,5,3.67379715669838,NA,2.26446420092262,0.979246179625567,0.713699623269193,NA,NA,1.75881398158131,1.32620284330162
5,"poisson_glm","rolling_one_step",10,1,6,5,3.74734949418515,NA,1.98458321060032,0.793408661754136,0.68820960842495,NA,NA,1.5691332897182,1.25265050581485
5,"inad_unconstrained","rolling_one_step",10,1,7,0,3.97,0.286904411632414,2.53885793575005,2.53766995085066,0.0422088394463062,0,1,15.7609,3.97
5,"inad_constrained_alpha","rolling_one_step",10,1,7,0,4.29,0.27899350124577,2.43338729399773,2.88088818903592,0.0444522340859327,0,1,18.4041,4.29
5,"nb_glm","rolling_one_step",10,1,7,0,4.69187705956614,NA,3.1101024501747,3.06648135602198,0.0412086782653791,NA,NA,22.0137103420831,4.69187705956614
5,"poisson_glm","rolling_one_step",10,1,7,0,4.718134882773,NA,4.10161468373715,3.53460306250327,0.0129110994077686,NA,NA,22.2607967720394,4.718134882773
5,"inad_unconstrained","rolling_one_step",10,1,8,10,6.89,0.312337230336932,3.15327854238239,2.06268904768745,0.782181281395635,1,1,9.6721,3.11
5,"inad_constrained_alpha","rolling_one_step",10,1,8,10,6.42,0.346462643926244,2.47594690841653,2.12287048611111,0.762208828490674,1,1,12.8164,3.58
5,"nb_glm","rolling_one_step",10,1,8,10,6.43568300290627,NA,2.97762702748227,2.25857601185894,0.788863400308356,NA,NA,12.7043556557712,3.56431699709373
5,"poisson_glm","rolling_one_step",10,1,8,10,6.53539557636091,NA,2.87923123626336,2.0877459842393,0.858616553876591,NA,NA,12.0034838122995,3.46460442363909
5,"inad_unconstrained","rolling_one_step",10,1,9,1,5.08,0.261186105714262,2.25090057079825,2.67411605293006,0.0663244404387255,1,1,16.6464,4.08
5,"inad_constrained_alpha","rolling_one_step",10,1,9,1,5.16,0.282385222951581,4.06403921272677,2.76563813280736,0.0357381280049936,0,1,17.3056,4.16
5,"nb_glm","rolling_one_step",10,1,9,1,5.62811021166683,NA,2.72536492386282,2.81039074649548,0.058424313840829,NA,NA,21.4194041313348,4.62811021166683
5,"poisson_glm","rolling_one_step",10,1,9,1,5.69161003841354,NA,3.68363529336241,3.38306931480849,0.023144829306408,NA,NA,22.0112047525427,4.69161003841354
5,"inad_unconstrained","rolling_one_step",10,1,10,7,10.65,0.396034637807647,2.86583651409989,2.09756601847034,0.178784456461022,1,1,13.3225,3.65
5,"inad_constrained_alpha","rolling_one_step",10,1,10,7,8.51,0.327369374057359,2.47594690841653,1.09092722916667,0.341131694993489,1,1,2.2801,1.51
5,"nb_glm","rolling_one_step",10,1,10,7,7.50930842133261,NA,2.48942005006441,1.15612620184694,0.496636136423757,NA,NA,0.259395068040318,0.509308421332612
5,"poisson_glm","rolling_one_step",10,1,10,7,7.66220495853276,NA,2.07222795030131,0.848512795743611,0.453464714238862,NA,NA,0.438515407105371,0.662204958532757
5,"inad_unconstrained","rolling_one_step",10,1,11,11,9.92,0.39509109037913,2.86583651409989,1.26896096514048,0.618724345965311,1,1,1.1664,1.08
5,"inad_constrained_alpha","rolling_one_step",10,1,11,11,8.04,0.342574919919097,2.45913979010015,1.80485241309968,0.809699632021109,1,1,8.7616,2.96
5,"nb_glm","rolling_one_step",10,1,11,11,7.15840100501558,NA,3.07717822464919,2.35389045895381,0.762389524150744,NA,NA,14.7578828382653,3.84159899498442
5,"poisson_glm","rolling_one_step",10,1,11,11,7.29332763701559,NA,2.97271131499828,2.16446145249422,0.815974811716518,NA,NA,13.7394200065125,3.70667236298441
5,"inad_unconstrained","rolling_one_step",10,1,12,2,4.99,0.270985854489369,2.24216689082949,1.68175170052324,0.103536147232118,1,1,8.9401,2.99
5,"inad_constrained_alpha","rolling_one_step",10,1,12,2,4.4,0.240789945761442,1.5823738424426,1.29518786122641,0.172045342597896,1,1,5.76,2.4
5,"nb_glm","rolling_one_step",10,1,12,2,5.36511054481162,NA,2.23273955966148,1.69333000675405,0.197547391062543,NA,NA,11.3239689788024,3.36511054481162
5,"poisson_glm","rolling_one_step",10,1,12,2,5.4176019849286,NA,2.70750010574509,2.16775934480608,0.0702185791956061,NA,NA,11.6800033273879,3.4176019849286
5,"inad_unconstrained","rolling_one_step",11,1,1,4,3.06,0.239452236860243,2.17079434484731,0.802260083175803,0.701429991694896,1,1,0.8836,0.94
5,"inad_constrained_alpha","rolling_one_step",11,1,1,4,2.65,0.215732250811982,2.13539241779639,0.915427440954468,0.772439007413414,1,1,1.8225,1.35
5,"nb_glm","rolling_one_step",11,1,1,4,3.11166270461405,NA,2.08300892843316,0.761101322277169,0.692142764517225,NA,NA,0.789143150373622,0.888337295385949
5,"poisson_glm","rolling_one_step",11,1,1,4,3.16370064084818,NA,1.80999299986718,0.606281700422009,0.610593743770079,NA,NA,0.699396618117741,0.836299359151818
5,"inad_unconstrained","rolling_one_step",11,1,2,3,4.19,0.282018338826296,1.96301207869458,0.796193081285444,0.408153025238208,1,1,1.4161,1.19
5,"inad_constrained_alpha","rolling_one_step",11,1,2,3,4.44,0.292091033270745,1.9716701414377,0.911950698573127,0.352703657131803,1,1,2.0736,1.44
5,"nb_glm","rolling_one_step",11,1,2,3,3.73257449433694,NA,1.88133282329403,0.692548108734682,0.433739595966808,NA,NA,0.536665389753019,0.732574494336937
5,"poisson_glm","rolling_one_step",11,1,2,3,3.81645518268944,NA,1.68128643366727,0.62989294640828,0.316468871173808,NA,NA,0.666599065340455,0.816455182689445
5,"inad_unconstrained","rolling_one_step",11,1,3,9,4.1,0.24515507357795,3.33362144275375,3.41994500743989,0.950401604130093,0,1,24.01,4.9
5,"inad_constrained_alpha","rolling_one_step",11,1,3,9,4.7,0.334392257413628,2.68253114218381,2.71083391266877,0.787750306604134,1,1,18.49,4.3
5,"nb_glm","rolling_one_step",11,1,3,9,3.63076225810888,NA,3.66531904482589,3.54289220661203,0.909227650603786,NA,NA,28.8287139289481,5.36923774189112
5,"poisson_glm","rolling_one_step",11,1,3,9,3.70917451811207,NA,4.12562106989389,3.63595781079059,0.935356631633804,NA,NA,27.9928342797947,5.29082548188793
5,"inad_unconstrained","rolling_one_step",11,1,4,0,2.58,0.233627520172214,1.82761593630426,1.49178084423212,0.0751673874769368,1,1,6.6564,2.58
5,"inad_constrained_alpha","rolling_one_step",11,1,4,0,2.23,0.230876677912777,1.43951170209486,1.26873420793951,0.094097743547643,1,1,4.9729,2.23
5,"nb_glm","rolling_one_step",11,1,4,0,2.44646543702018,NA,2.01476946893887,1.57152670127883,0.0525736541694335,NA,NA,5.98519313453436,2.44646543702018
5,"poisson_glm","rolling_one_step",11,1,4,0,2.46890736604219,NA,2.48813829872565,1.74427035241918,0.0821415790347788,NA,NA,6.09550358209739,2.46890736604219
5,"inad_unconstrained","rolling_one_step",11,1,5,1,2.77,0.244062833439806,1.79972212165107,1.00299028686088,0.137908228389309,1,1,3.1329,1.77
5,"inad_constrained_alpha","rolling_one_step",11,1,5,1,3,0.244536254567661,1.87591777723528,1.03587225765306,0.241411570044916,1,1,4,2
5,"nb_glm","rolling_one_step",11,1,5,1,3.11166270461405,NA,1.83763040371602,1.23746306800338,0.223663349886885,NA,NA,4.45911937805793,2.11166270461405
5,"poisson_glm","rolling_one_step",11,1,5,1,3.16370064084818,NA,2.0790003941844,1.40922159612602,0.0644832590830734,NA,NA,4.68160046320683,2.16370064084818
5,"inad_unconstrained","rolling_one_step",11,1,6,1,3.67,0.294067607151413,2.11387373810132,1.53592531959968,0.155100518200411,1,1,7.1289,2.67
5,"inad_constrained_alpha","rolling_one_step",11,1,6,1,2.82,0.241786281787462,1.36802743927014,0.928205232514178,0.107633935071204,1,1,3.3124,1.82
5,"nb_glm","rolling_one_step",11,1,6,1,3.26419754016757,NA,1.904116854557,1.35554179061244,0.2181881329027,NA,NA,5.12659050090086,2.26419754016757
5,"poisson_glm","rolling_one_step",11,1,6,1,3.32371229486401,NA,2.19022161599564,1.54923923988618,0.0551233366759796,NA,NA,5.39963882930217,2.32371229486401
5,"inad_unconstrained","rolling_one_step",11,1,7,2,3.33,0.316564576845122,2.03624994309706,0.965965985434007,0.330152476383494,1,1,1.7689,1.33
5,"inad_constrained_alpha","rolling_one_step",11,1,7,2,3.1,0.433799283288733,1.97542544079307,1.32357711089097,0.411751878453003,1,1,1.21,1.1
5,"nb_glm","rolling_one_step",11,1,7,2,2.80898328927392,NA,1.79305419079509,1.07907158010599,0.25886258042204,NA,NA,0.654453962324455,0.808983289273923
5,"poisson_glm","rolling_one_step",11,1,7,2,2.78546114458983,NA,1.6493266475527,1.01385843229359,0.336505618864381,NA,NA,0.616949209660373,0.785461144589835
5,"inad_unconstrained","rolling_one_step",11,1,8,5,5.37,0.338342662955409,2.06178324510223,0.814593764564649,0.453695642578282,1,1,0.1369,0.37
5,"inad_constrained_alpha","rolling_one_step",11,1,8,5,6.04,0.398968366635448,2.30175898803174,0.955072303804385,0.451262310044013,1,1,1.0816,1.04
5,"nb_glm","rolling_one_step",11,1,8,5,5.27107868000997,NA,2.22727708229933,0.895270257386988,0.511142907241513,NA,NA,0.0734836507559493,0.271078680009973
5,"poisson_glm","rolling_one_step",11,1,8,5,5.32989870373835,NA,1.87594697507249,0.672356159128954,0.505779078277705,NA,NA,0.108833154728244,0.329898703738351
5,"inad_unconstrained","rolling_one_step",11,1,9,10,3.56,0.453787651135674,3.7622776190688,3.90572061538462,0.797987155675208,0,1,41.4736,6.44
5,"inad_constrained_alpha","rolling_one_step",11,1,9,10,3.02,0.319715782873135,3.64833335971959,4.85742079369798,0.93276180050934,0,1,48.7204,6.98
5,"nb_glm","rolling_one_step",11,1,9,10,3.36949739604343,NA,4.21145985729941,3.92734228306961,0.844922978423818,NA,NA,43.9635647810748,6.63050260395657
5,"poisson_glm","rolling_one_step",11,1,9,10,3.36017494329043,NA,4.70425421693299,4.09446900879563,0.859087808387168,NA,NA,44.0872767837082,6.63982505670957
5,"inad_unconstrained","rolling_one_step",11,1,10,11,5.85,0.456020334474841,3.41025466877466,3.33478319672131,0.81748333743302,1,1,26.5225,5.15
5,"inad_constrained_alpha","rolling_one_step",11,1,10,11,5.23,0.432482848378308,3.78509229683498,3.32260961614563,0.776377704238267,0,1,33.2929,5.77
5,"nb_glm","rolling_one_step",11,1,10,11,4.84838461106532,NA,3.79731638566078,3.42793838982023,0.806885287359637,NA,NA,37.842371893378,6.15161538893468
5,"poisson_glm","rolling_one_step",11,1,10,11,4.88980406805006,NA,4.3437477703719,3.57653230360238,0.844558455195412,NA,NA,37.3344943268176,6.11019593194994
5,"inad_unconstrained","rolling_one_step",11,1,11,5,6.3,0.341860624917066,1.988764574797,0.943436440677966,0.372632908877814,1,1,1.69,1.3
5,"inad_constrained_alpha","rolling_one_step",11,1,11,5,6.68,0.478609095887935,2.17300888021245,1.59169350443779,0.391638777118974,1,1,2.8224,1.68
5,"nb_glm","rolling_one_step",11,1,11,5,5.39285127264332,NA,2.32635084405183,1.25703557482794,0.400989100369635,NA,NA,0.154332122417474,0.392851272643317
5,"poisson_glm","rolling_one_step",11,1,11,5,5.45689128261749,NA,1.97926217546401,1.02562993899842,0.337536644856829,NA,NA,0.208749644131855,0.45689128261749
5,"inad_unconstrained","rolling_one_step",11,1,12,1,3.24,0.267468491488986,1.89361735433468,1.20382426900585,0.247093765408683,1,1,5.0176,2.24
5,"inad_constrained_alpha","rolling_one_step",11,1,12,1,2.66,0.257501593601031,1.7823303789392,0.884073314866113,0.3015981756241,1,1,2.7556,1.66
5,"nb_glm","rolling_one_step",11,1,12,1,3.74788713728478,NA,2.05466426636699,1.55727701903803,0.125660593667163,NA,NA,7.55088371925515,2.74788713728478
5,"poisson_glm","rolling_one_step",11,1,12,1,3.74986586393497,NA,2.44270204724717,1.79957288377989,0.0712352000453017,NA,NA,7.56176226963483,2.74986586393497
5,"inad_unconstrained","rolling_one_step",12,1,1,0,3.01,0.24015777642158,2.08789825169806,1.86031759772238,0.0357270794836682,1,1,9.0601,3.01
5,"inad_constrained_alpha","rolling_one_step",12,1,1,0,3.49,0.247612845410171,2.53885793575005,2.30296809829868,0.00548253681211044,0,1,12.1801,3.49
5,"nb_glm","rolling_one_step",12,1,1,0,3.25512151344116,NA,2.46772364256691,2.12628870065172,0.0124118943287275,NA,NA,10.5958160672675,3.25512151344116
5,"poisson_glm","rolling_one_step",12,1,1,0,3.2740822465341,NA,3.1715258572531,2.38366566222882,0.0138325262346485,NA,NA,10.7196145570698,3.2740822465341
5,"inad_unconstrained","rolling_one_step",12,1,2,9,2.94,0.229545004500009,4.02925309664136,4.48873841334482,0.963003344513966,0,0,36.7236,6.06
5,"inad_constrained_alpha","rolling_one_step",12,1,2,9,2.87,0.25011310572732,4.72738781871234,4.53513640065784,0.953457572767593,0,1,37.5769,6.13
5,"nb_glm","rolling_one_step",12,1,2,9,3.06993899131329,NA,3.94877605754317,4.42747562472248,0.957714313603371,NA,NA,35.1656235667464,5.93006100868671
5,"poisson_glm","rolling_one_step",12,1,2,9,3.08222104980479,NA,4.44934418359602,4.567635557248,0.972475218199893,NA,NA,35.0201077033735,5.91777895019521
5,"inad_unconstrained","rolling_one_step",12,1,3,5,4.96,0.248193472919817,1.95427839872583,0.633582209910742,0.437087174937162,1,1,0.0016,0.04
5,"inad_constrained_alpha","rolling_one_step",12,1,3,5,4.79,0.296884496126699,2.35522882647947,0.789499459419972,0.509008252385916,1,1,0.0441,0.21
5,"nb_glm","rolling_one_step",12,1,3,5,3.90465956320446,NA,2.25740951534822,0.910938489066837,0.69454042934078,NA,NA,1.19977067247944,1.09534043679554
5,"poisson_glm","rolling_one_step",12,1,3,5,3.94961141297698,NA,1.9538648177902,0.717396984921285,0.633329345505701,NA,NA,1.10331618374821,1.05038858702302
5,"inad_unconstrained","rolling_one_step",12,1,4,1,1.99,0.170261237188295,1.59080524432281,0.57821876104705,0.315940902731381,1,1,0.9801,0.99
5,"inad_constrained_alpha","rolling_one_step",12,1,4,1,1.82,0.214325345060619,1.53979628388391,0.550449463544522,0.375041820838083,1,1,0.6724,0.82
5,"nb_glm","rolling_one_step",12,1,4,1,2.13352534236542,NA,1.45011301303668,0.641069597202581,0.396470396631661,NA,NA,1.28487970178463,1.13352534236542
5,"poisson_glm","rolling_one_step",12,1,4,1,2.11804027259654,NA,1.44168200750822,0.661914587589596,0.132909302235364,NA,NA,1.25001405114774,1.11804027259654
5,"inad_unconstrained","rolling_one_step",12,1,5,0,2.57,0.281143049249691,1.49450794576012,1.43867507487764,0.0815740901341017,1,1,6.6049,2.57
5,"inad_constrained_alpha","rolling_one_step",12,1,5,0,2.64,0.234206159723704,1.63565581048816,1.5447594336719,0.0164304875218097,1,1,6.9696,2.64
5,"nb_glm","rolling_one_step",12,1,5,0,2.55925626647326,NA,2.09963288941193,1.70017965926259,0.0833407597059204,NA,NA,6.54979263748263,2.55925626647326
5,"poisson_glm","rolling_one_step",12,1,5,0,2.55504761453311,NA,2.58214729446668,1.85707935388003,0.000533750180563574,NA,NA,6.52826831253132,2.55504761453311
5,"inad_unconstrained","rolling_one_step",12,1,6,2,2.51,0.217188183542998,1.86694910725252,0.542709155101047,0.487850942764817,1,1,0.2601,0.51
5,"inad_constrained_alpha","rolling_one_step",12,1,6,2,2.41,0.19441442769756,1.45083288225746,0.463820655293367,0.564660030747369,1,1,0.1681,0.41
5,"nb_glm","rolling_one_step",12,1,6,2,2.55925626647326,NA,1.59615004616022,0.495595820493982,0.499157911111582,NA,NA,0.312767571589605,0.559256266473255
5,"poisson_glm","rolling_one_step",12,1,6,2,2.55504761453311,NA,1.43706321234643,0.444424388449519,0.332896752133418,NA,NA,0.308077854398893,0.555047614533108
5,"inad_unconstrained","rolling_one_step",12,1,7,1,4.33,0.384301806901657,1.82312630497756,2.056519392,0.10603081510473,1,1,11.0889,3.33
5,"inad_constrained_alpha","rolling_one_step",12,1,7,1,4.06,0.327777948981294,2.55609974218455,1.74945668785156,0.122953581159107,1,1,9.3636,3.06
5,"nb_glm","rolling_one_step",12,1,7,1,3.92067817390197,NA,2.21626568815276,2.03166746227382,0.0997930681347443,NA,NA,8.53036099550737,2.92067817390197
5,"poisson_glm","rolling_one_step",12,1,7,1,3.88069879098998,NA,2.62130949785485,2.20259497507498,0.0324000334926886,NA,NA,8.29842552441111,2.88069879098998
5,"inad_unconstrained","rolling_one_step",12,1,8,9,4.68,0.347248928265903,3.18661496264998,2.61933282719699,0.834783455075116,1,1,18.6624,4.32
5,"inad_constrained_alpha","rolling_one_step",12,1,8,9,4.57,0.339713188594512,3.38535711715294,2.7804255419815,0.850371677015356,1,1,19.6249,4.43
5,"nb_glm","rolling_one_step",12,1,8,9,4.70302366985664,NA,3.21665147889385,2.55807830896403,0.811052581934566,NA,NA,18.4640055818123,4.29697633014336
5,"poisson_glm","rolling_one_step",12,1,8,9,4.68138888430344,NA,3.47296792164167,2.64488159367019,0.872487609542671,NA,NA,18.6504019686179,4.31861111569656
5,"inad_unconstrained","rolling_one_step",12,1,9,9,6.32,0.392834815054867,2.84134549409159,1.73904645857523,0.744472151550711,1,1,7.1824,2.68
5,"inad_constrained_alpha","rolling_one_step",12,1,9,9,6.01,0.386252390401547,3.48143094724256,1.90346905774722,0.734369174032934,1,1,8.9401,2.99
5,"nb_glm","rolling_one_step",12,1,9,9,5.51409430877556,NA,3.04998053118184,1.99187662015967,0.722050666044132,NA,NA,12.151538488111,3.48590569122444
5,"poisson_glm","rolling_one_step",12,1,9,9,5.51585902168557,NA,3.03601557918339,1.91429708687289,0.775836871351834,NA,NA,12.1392383567698,3.48414097831443
5,"inad_unconstrained","rolling_one_step",12,1,10,3,6.7,0.416211873007394,2.39707593641497,2.12485217683418,0.127537968332276,1,1,13.69,3.7
5,"inad_constrained_alpha","rolling_one_step",12,1,10,3,6.28,0.360437444662942,2.46757865874601,1.88405845632371,0.186676895028986,1,1,10.7584,3.28
5,"nb_glm","rolling_one_step",12,1,10,3,5.64148105459493,NA,2.23488202302686,1.59155094135598,0.193620166835396,NA,NA,6.97742216178396,2.64148105459493
5,"poisson_glm","rolling_one_step",12,1,10,3,5.64728237526756,NA,2.34501863198252,1.74613932230896,0.137201506664864,NA,NA,7.00810397440226,2.64728237526756
5,"inad_unconstrained","rolling_one_step",12,1,11,14,4.68,0.370606927821776,4.77912349311153,6.77994590777488,0.935557253367557,0,1,86.8624,9.32
5,"inad_constrained_alpha","rolling_one_step",12,1,11,14,5.33,0.357899314321667,4.08098877104054,6.17935430407457,0.952386187878222,0,1,75.1689,8.67
5,"nb_glm","rolling_one_step",12,1,11,14,4.70302366985664,NA,4.3748894298763,6.84555525444989,0.967201624886868,NA,NA,86.4337688832458,9.29697633014336
5,"poisson_glm","rolling_one_step",12,1,11,14,4.68138888430344,NA,4.7533905038378,7.19303573555649,0.972420147936587,NA,NA,86.8365131255835,9.31861111569656
5,"inad_unconstrained","rolling_one_step",12,1,12,6,3.12,0.290690574496336,2.52131362609914,1.9145764116219,0.791886380395102,1,1,8.2944,2.88
5,"inad_constrained_alpha","rolling_one_step",12,1,12,6,3.27,0.319043709997375,3.65691710341098,1.84803860764117,0.775474411885803,1,1,7.4529,2.73
5,"nb_glm","rolling_one_step",12,1,12,6,3.5248433087176,NA,2.6495847558196,1.51201887057286,0.792496077389432,NA,NA,6.12640064640003,2.4751566912824
5,"poisson_glm","rolling_one_step",12,1,12,6,3.47741154299809,NA,2.60330366796216,1.48573261335089,0.805104455740025,NA,NA,6.36345252339926,2.52258845700191
5,"inad_unconstrained","recursive_multi_step",9,1,1,2,4.01,0.278703709296732,2.16206066487855,1.09864845337027,0.293522266039069,1,1,4.0401,2.01
5,"inad_constrained_alpha","recursive_multi_step",9,1,1,2,4.13,0.261562901641558,1.73101101606975,1.09583668051708,0.209301248928389,1,1,4.5369,2.13
5,"nb_glm","recursive_multi_step",9,1,1,2,4.34680435254968,NA,1.98892957538216,1.21825452988721,0.24568820556079,NA,NA,5.50749066914614,2.34680435254968
5,"poisson_glm","recursive_multi_step",9,1,1,2,4.31441448216135,NA,2.12769235044834,1.39148172533684,0.188726554041098,NA,NA,5.35651439523817,2.31441448216135
5,"inad_unconstrained","recursive_multi_step",9,1,2,15,5.55,0.30891632027022,4.76217393479776,7.26032569946673,0.997999798852759,0,0,89.3025,9.45
5,"inad_constrained_alpha","recursive_multi_step",9,1,2,15,7.66,0.373143891329288,4.09765582352576,5.10053695785807,0.925779826180732,0,1,53.8756,7.34
5,"nb_glm","recursive_multi_step",9,1,2,15,5.69564003621715,NA,4.23428076901218,6.60914212969352,0.951871806853619,NA,NA,86.5711143356452,9.30435996378285
5,"poisson_glm","recursive_multi_step",9,1,2,15,5.70074796769241,NA,4.74095637974378,6.99136601357861,0.962171892049854,NA,NA,86.4760883603769,9.29925203230759
5,"inad_unconstrained","recursive_multi_step",9,1,3,9,4.94,0.361763358112354,3.70692752398564,2.60891916187455,0.799144574865298,1,1,16.4836,4.06
5,"inad_constrained_alpha","recursive_multi_step",9,1,3,9,5.41,0.292358918751827,3.14476785271448,2.18363986412448,0.864318327493488,1,1,12.8881,3.59
5,"nb_glm","recursive_multi_step",9,1,3,9,4.74817333357787,NA,3.20907731424021,2.50009653467932,0.815398404984857,NA,NA,18.0780300012983,4.25182666642213
5,"poisson_glm","recursive_multi_step",9,1,3,9,4.72570988924673,NA,3.45118360944866,2.57851171207412,0.858871432522106,NA,NA,18.2695559508832,4.27429011075327
5,"inad_unconstrained","recursive_multi_step",9,1,4,9,4.8,0.344949125219791,2.68253114218381,2.68402437517955,0.794191462740468,1,1,17.64,4.2
5,"inad_constrained_alpha","recursive_multi_step",9,1,4,9,4.18,0.264910886484074,2.93614017635175,3.23869755309326,0.928595368862254,0,1,23.2324,4.82
5,"nb_glm","recursive_multi_step",9,1,4,9,4.5598862801366,NA,3.23403787557963,2.8070217442856,0.865730446446129,NA,NA,19.7146098453192,4.4401137198634
5,"poisson_glm","recursive_multi_step",9,1,4,9,4.53262621448739,NA,3.54202046265372,2.92296308344027,0.913749592826207,NA,NA,19.9574285394853,4.46737378551261
5,"inad_unconstrained","recursive_multi_step",9,1,5,4,4.24,0.318810922084555,2.6740204525159,0.841812243407115,0.523483990871618,1,1,0.0576000000000001,0.24
5,"inad_constrained_alpha","recursive_multi_step",9,1,5,4,3.61,0.26738350621147,1.94546776904368,0.723327911347796,0.60621490901777,1,1,0.1521,0.39
5,"nb_glm","recursive_multi_step",9,1,5,4,3.80135161313181,NA,2.04098417135104,0.70254520152743,0.593306057954804,NA,NA,0.039461181605336,0.198648386868195
5,"poisson_glm","recursive_multi_step",9,1,5,4,3.7573800223153,NA,1.73778977739921,0.528882216436007,0.482667737748885,NA,NA,0.0588644535717225,0.242619977684696
5,"inad_unconstrained","recursive_multi_step",9,1,6,3,4.19,0.286988895713103,1.70817275311979,0.745047519906494,0.399715099130144,1,1,1.4161,1.19
5,"inad_constrained_alpha","recursive_multi_step",9,1,6,3,3.88,0.249961613214526,1.72220038638759,0.664252502153654,0.3573120250584,1,1,0.7744,0.88
5,"nb_glm","recursive_multi_step",9,1,6,3,4.09951644336481,NA,1.93285437615979,0.811818826712811,0.374706026567931,NA,NA,1.20893640922961,1.09951644336481
5,"poisson_glm","recursive_multi_step",9,1,6,3,4.06158982370629,NA,1.74547219167783,0.739145995375891,0.333032035219156,NA,NA,1.12697295379676,1.06158982370629
5,"inad_unconstrained","recursive_multi_step",9,1,7,2,5.38,0.325290856640855,2.35522882647947,1.9290108408211,0.122304275917033,1,1,11.4244,3.38
5,"inad_constrained_alpha","recursive_multi_step",9,1,7,2,6.88,0.360773579627965,2.97906522106878,3.05169872184168,0.0594749226804799,0,1,23.8144,4.88
5,"nb_glm","recursive_multi_step",9,1,7,2,6.98556328579119,NA,2.70321720753234,2.85182449439478,0.0908407644814924,NA,NA,24.8558412766291,4.98556328579119
5,"poisson_glm","recursive_multi_step",9,1,7,2,6.88431674248267,NA,3.54045324843858,3.42507108599771,0.0344875786201226,NA,NA,23.8565500408965,4.88431674248267
5,"inad_unconstrained","recursive_multi_step",9,1,8,9,5.57,0.407072574374743,3.16171741102825,2.14729583362757,0.760919156072959,1,1,11.7649,3.43
5,"inad_constrained_alpha","recursive_multi_step",9,1,8,9,5.61,0.339606129556466,2.68253114218381,2.20272426745188,0.786472864393342,1,1,11.4921,3.39
5,"nb_glm","recursive_multi_step",9,1,8,9,5.64623140467486,NA,2.91825874650681,2.10112625923142,0.787457085679319,NA,NA,11.2477637909891,3.35376859532514
5,"poisson_glm","recursive_multi_step",9,1,8,9,5.52781061908341,NA,2.9335891993314,2.10614962080108,0.881427748386798,NA,NA,12.0560990969499,3.47218938091659
5,"inad_unconstrained","recursive_multi_step",9,1,9,5,6.04,0.366506852224174,2.07845029758744,0.987592910320333,0.384913560737209,1,1,1.0816,1.04
5,"inad_constrained_alpha","recursive_multi_step",9,1,9,5,7.62,0.431530047410585,2.2216527620808,1.48041993033263,0.346474707903079,1,1,6.8644,2.62
5,"nb_glm","recursive_multi_step",9,1,9,5,7.36337769351549,NA,2.37379661445446,1.37816354532334,0.288897663685535,NA,NA,5.58555412220659,2.36337769351549
5,"poisson_glm","recursive_multi_step",9,1,9,5,7.2685107620349,NA,2.23819134094738,1.38729759790813,0.247045990711019,NA,NA,5.14614107746817,2.2685107620349
5,"inad_unconstrained","recursive_multi_step",9,1,10,17,6.6,0.365148371670111,4.85203026391962,7.06462604980469,0.92128923128992,0,0,108.16,10.4
5,"inad_constrained_alpha","recursive_multi_step",9,1,10,17,7.75,0.321415744493142,4.80402104473326,6.8726942958882,0.963266654182531,0,0,85.5625,9.25
5,"nb_glm","recursive_multi_step",9,1,10,17,8.12438718162655,NA,3.95209772251791,5.60207323823818,0.88225136710399,NA,NA,78.7765029016751,8.87561281837345
5,"poisson_glm","recursive_multi_step",9,1,10,17,8.04419749232923,NA,4.64878204581498,6.10664666681196,0.922329328021662,NA,NA,80.2063985564021,8.95580250767077
5,"inad_unconstrained","recursive_multi_step",9,1,11,14,6.39,0.346962286542541,4.09765582352576,5.24433417799331,0.938849689008164,0,1,57.9121,7.61
5,"inad_constrained_alpha","recursive_multi_step",9,1,11,14,9.09,0.419257400264763,2.66146025784238,2.69145463313609,0.813430735240404,1,1,24.1081,4.91
5,"nb_glm","recursive_multi_step",9,1,11,14,7.84455973929873,NA,3.53519275891595,3.55507878187523,0.81540550881995,NA,NA,37.8894448030621,6.15544026070127
5,"poisson_glm","recursive_multi_step",9,1,11,14,7.75869955370636,NA,3.98496974450849,3.78705757887872,0.875859003357148,NA,NA,38.9538312609052,6.24130044629364
5,"inad_unconstrained","recursive_multi_step",9,1,12,4,5.64,0.372412283754053,2.5006395210069,1.28290292815123,0.323632505234554,1,1,2.6896,1.64
5,"inad_constrained_alpha","recursive_multi_step",9,1,12,4,7.18,0.45335561442571,2.54826756999615,2.06117754942612,0.219586619308034,1,1,10.1124,3.18
5,"nb_glm","recursive_multi_step",9,1,12,4,6.77289967802844,NA,2.40745511466565,1.89594716948661,0.221361973686271,NA,NA,7.68897262441022,2.77289967802844
5,"poisson_glm","recursive_multi_step",9,1,12,4,6.6683431465471,NA,2.41122379363216,1.92477314658008,0.176164094239127,NA,NA,7.12005514772487,2.6683431465471
5,"inad_unconstrained","recursive_multi_step",10,2,1,4,3.45,0.27938424357067,2.17079434484731,0.801788877126654,0.667754942219542,1,1,0.3025,0.55
5,"inad_constrained_alpha","recursive_multi_step",10,2,1,4,3.45,0.241784192948166,2.32925334007621,0.724510487842413,0.583988436168558,1,1,0.3025,0.55
5,"nb_glm","recursive_multi_step",10,2,1,4,3.96458135197146,NA,2.01794274615101,0.678407932240719,0.485815254698005,NA,NA,0.00125448062816977,0.0354186480285423
5,"poisson_glm","recursive_multi_step",10,2,1,4,4.04685356788246,NA,1.71343494371567,0.511524176273326,0.429619021879584,NA,NA,0.00219525682331668,0.0468535678824642
5,"inad_unconstrained","recursive_multi_step",10,2,2,9,4.6,0.314626602482846,3.68223491139527,2.75867727777778,0.880379514374227,0,1,19.36,4.4
5,"inad_constrained_alpha","recursive_multi_step",10,2,2,9,4.77,0.273346267247573,3.64833335971959,2.80762613703924,0.88993660992168,0,1,17.8929,4.23
5,"nb_glm","recursive_multi_step",10,2,2,9,4.20573183818973,NA,3.39772117012005,2.9789575255352,0.85622952540138,NA,NA,22.9850072073476,4.79426816181027
5,"poisson_glm","recursive_multi_step",10,2,2,9,4.3088387536697,NA,3.71712731112809,3.02048273872436,0.894194776078903,NA,NA,22.0069938390712,4.6911612463303
5,"inad_unconstrained","recursive_multi_step",10,2,3,8,4.05,0.270568051896507,2.93614017635175,2.49243481840566,0.880044592512473,0,1,15.6025,3.95
5,"inad_constrained_alpha","recursive_multi_step",10,2,3,8,3.98,0.279963922639682,3.35116575240466,2.68072982986767,0.88031714074676,1,1,16.1604,4.02
5,"nb_glm","recursive_multi_step",10,2,3,8,4.04062651263924,NA,3.10329836696178,2.58608893238838,0.863307581023366,NA,NA,15.6766384124153,3.95937348736076
5,"poisson_glm","recursive_multi_step",10,2,3,8,4.12931985485611,NA,3.26143829377161,2.56320022897796,0.904217286936307,NA,NA,14.9821647860111,3.87068014514389
5,"inad_unconstrained","recursive_multi_step",10,2,4,1,4.44,0.321084022484691,2.30175898803174,2.16457113585138,0.122802032187816,1,1,11.8336,3.44
5,"inad_constrained_alpha","recursive_multi_step",10,2,4,1,3.62,0.280252411481889,1.92810353040585,1.55551844297616,0.115334015147824,1,1,6.8644,2.62
5,"nb_glm","recursive_multi_step",10,2,4,1,4.00545756190821,NA,2.21476171127953,1.94273108591417,0.135333141395514,NA,NA,9.03277515643127,3.00545756190821
5,"poisson_glm","recursive_multi_step",10,2,4,1,4.09116337520786,NA,2.72782272163809,2.23797960336147,0.0616587979451596,NA,NA,9.55529101222645,3.09116337520786
5,"inad_unconstrained","recursive_multi_step",10,2,5,4,3.73,0.285634151821642,2.13919154608561,0.793452034722222,0.546190721194881,1,1,0.0729,0.27
5,"inad_constrained_alpha","recursive_multi_step",10,2,5,4,3.37,0.213037199767666,1.7646308018398,0.636585993303571,0.557372545985688,1,1,0.3969,0.63
5,"nb_glm","recursive_multi_step",10,2,5,4,3.85417284705046,NA,2.0659385793897,0.74550096120297,0.491768579364972,NA,NA,0.0212655585373695,0.145827152949543
5,"poisson_glm","recursive_multi_step",10,2,5,4,3.92738992900869,NA,1.75644590532018,0.568978809573292,0.532151303664717,NA,NA,0.00527222240936324,0.0726100709913111
5,"inad_unconstrained","recursive_multi_step",10,2,6,5,3.75,0.268694937981663,2.41584298434682,1.01410236510298,0.696689547837539,1,1,1.5625,1.25
5,"inad_constrained_alpha","recursive_multi_step",10,2,6,5,3.47,0.215769705140841,2.14436108777915,0.996795352359694,0.775853682765737,1,1,2.3409,1.53
5,"nb_glm","recursive_multi_step",10,2,6,5,3.91560833631233,NA,2.21002423211094,0.914758305805407,0.634626699380991,NA,NA,1.17590528027531,1.08439166368767
5,"poisson_glm","recursive_multi_step",10,2,6,5,3.99382355618446,NA,1.90751401028139,0.706545440903989,0.704839578780135,NA,NA,1.0123910360893,1.00617644381554
5,"inad_unconstrained","recursive_multi_step",10,2,7,0,5.15,0.35544111163227,3.66542779307889,3.41634589916691,0.0130710109867455,0,0,26.5225,5.15
5,"inad_constrained_alpha","recursive_multi_step",10,2,7,0,5.94,0.333581725633716,3.39372536682345,4.287656125,0.0109074003376882,0,1,35.2836,5.94
5,"nb_glm","recursive_multi_step",10,2,7,0,6.06668271391744,NA,3.62624597898146,4.17448881927351,0.0177891525272876,NA,NA,36.8046391513447,6.06668271391744
5,"poisson_glm","recursive_multi_step",10,2,7,0,6.12821727206719,NA,4.58843525045741,4.7924548331961,0.00551991726033092,NA,NA,37.5550469336627,6.12821727206719
5,"inad_unconstrained","recursive_multi_step",10,2,8,10,5.55,0.40034707164881,3.16171741102825,2.85625175481958,0.802492121043576,1,1,19.8025,4.45
5,"inad_constrained_alpha","recursive_multi_step",10,2,8,10,5.09,0.321955828578325,3.68223491139527,3.09651259027778,0.882375114205449,0,1,24.1081,4.91
5,"nb_glm","recursive_multi_step",10,2,8,10,5.78127060489428,NA,3.12727719176676,2.61400822825857,0.830945360174931,NA,NA,17.7976777091291,4.21872939510572
5,"poisson_glm","recursive_multi_step",10,2,8,10,5.82296586750948,NA,3.24188173857808,2.60501111152568,0.893197978593424,NA,NA,17.4476141439908,4.17703413249052
5,"inad_unconstrained","recursive_multi_step",10,2,9,1,5.79,0.319182984787375,3.38535711715294,3.23873201751289,0.0367866077906836,0,1,22.9441,4.79
5,"inad_constrained_alpha","recursive_multi_step",10,2,9,1,5.89,0.327184191166833,3.15327854238239,3.21907998419994,0.0327000036049571,0,1,23.9121,4.89
5,"nb_glm","recursive_multi_step",10,2,9,1,6.14074380560537,NA,2.90345896345261,3.22358828697493,0.0521532271581462,NA,NA,26.42724687487,5.14074380560537
5,"poisson_glm","recursive_multi_step",10,2,9,1,6.20763312327036,NA,3.9624829317332,3.84599941125103,0.0213777216655342,NA,NA,27.1194427465826,5.20763312327036
5,"inad_unconstrained","recursive_multi_step",10,2,10,7,6.31,0.342803356771986,2.19654684094972,0.931772299626544,0.586654168098407,1,1,0.476100000000001,0.69
5,"inad_constrained_alpha","recursive_multi_step",10,2,10,7,5.79,0.306921830603511,2.28509193554653,1.02648494456606,0.706481060741994,1,1,1.4641,1.21
5,"nb_glm","recursive_multi_step",10,2,10,7,6.28273438259563,NA,2.45147067556631,1.06669578708251,0.644432712768224,NA,NA,0.514469965910473,0.717265617404371
5,"poisson_glm","recursive_multi_step",10,2,10,7,6.36011154538874,NA,2.03255161892936,0.729342965863852,0.640386755772781,NA,NA,0.409457234344792,0.639888454611264
5,"inad_unconstrained","recursive_multi_step",10,2,11,11,6.47,0.330122413781325,3.65691710341098,2.99457312440646,0.872506203462417,1,1,20.5209,4.53
5,"inad_constrained_alpha","recursive_multi_step",10,2,11,11,6.06,0.313281749461175,3.15327854238239,3.21199044814708,0.886278446599746,0,1,24.4036,4.94
5,"nb_glm","recursive_multi_step",10,2,11,11,6.23157651777478,NA,3.21095170243735,3.14836229951503,0.850377247119706,NA,NA,22.7378625058369,4.76842348222522
5,"poisson_glm","recursive_multi_step",10,2,11,11,6.30514216562655,NA,3.41094674975914,3.1168003531209,0.919119733062875,NA,NA,22.0416900849778,4.69485783437345
5,"inad_unconstrained","recursive_multi_step",10,2,12,2,5.85,0.379360173732222,2.2133539592661,2.21583259027778,0.10583550812987,1,1,14.8225,3.85
5,"inad_constrained_alpha","recursive_multi_step",10,2,12,2,6.06,0.380807223426948,2.59794685212005,2.50671694436979,0.0810380897919846,1,1,16.4836,4.06
5,"nb_glm","recursive_multi_step",10,2,12,2,6.02385208180177,NA,2.50316098496212,2.4545772826509,0.134027472813759,NA,NA,16.1913855762204,4.02385208180177
5,"poisson_glm","recursive_multi_step",10,2,12,2,6.08232738025812,NA,3.14295574518231,2.89739807183305,0.0666809885608995,NA,NA,16.6653968396051,4.08232738025812
5,"inad_unconstrained","recursive_multi_step",11,3,1,4,3,0.264001836540903,2.78175339688935,0.965607186826716,0.656861274629676,1,1,1,1
5,"inad_constrained_alpha","recursive_multi_step",11,3,1,4,2.56,0.210971777517968,2.23335626114734,0.963593061320385,0.744142535212779,1,1,2.0736,1.44
5,"nb_glm","recursive_multi_step",11,3,1,4,3.10586177988189,NA,2.07432025205343,0.76089202254761,0.693925655736894,NA,NA,0.799483156675987,0.894138220118113
5,"poisson_glm","recursive_multi_step",11,3,1,4,3.17169621171935,NA,1.7992502081394,0.602541812399403,0.588020991843874,NA,NA,0.686087165680083,0.828303788280654
5,"inad_unconstrained","recursive_multi_step",11,3,2,3,2.81,0.23770578538193,1.66449768961713,0.570275215242347,0.6288095858748,1,1,0.0361,0.19
5,"inad_constrained_alpha","recursive_multi_step",11,3,2,3,3.16,0.251347881581997,1.7397446960385,0.562099901701323,0.563024380811166,1,1,0.0256,0.16
5,"nb_glm","recursive_multi_step",11,3,2,3,3.14477155668618,NA,1.83420475663413,0.581170924498561,0.443836481207129,NA,NA,0.0209588036253412,0.144771556686185
5,"poisson_glm","recursive_multi_step",11,3,2,3,3.21543324732575,NA,1.58955397429409,0.470655189238897,0.532899001780907,NA,NA,0.0464114840533184,0.215433247325751
5,"inad_unconstrained","recursive_multi_step",11,3,3,9,2.75,0.224901774294486,4.03806372632351,4.66479408279471,0.941995416429474,0,1,39.0625,6.25
5,"inad_constrained_alpha","recursive_multi_step",11,3,3,9,3.47,0.276871045357899,3.33362144275375,3.859237661524,0.929826478463107,0,1,30.5809,5.53
5,"nb_glm","recursive_multi_step",11,3,3,9,3.11827938335377,NA,3.92919569871138,4.29028445409304,0.962060926391567,NA,NA,34.5946374122813,5.88172061664623
5,"poisson_glm","recursive_multi_step",11,3,3,9,3.18563856148699,NA,4.40767056147741,4.38794827063174,0.969600674485465,NA,NA,33.806798937667,5.81436143851301
5,"inad_unconstrained","recursive_multi_step",11,3,4,0,3.34,0.256715855184346,2.1532500351964,2.07578848774375,0.0393301706358922,1,1,11.1556,3.34
5,"inad_constrained_alpha","recursive_multi_step",11,3,4,0,2.66,0.232778561267696,1.7823303789392,1.5811446137273,0.116724455711562,1,1,7.0756,2.66
5,"nb_glm","recursive_multi_step",11,3,4,0,3.11255385613424,NA,2.38328535275684,2.00125441757789,0.064717886851084,NA,NA,9.68799150733614,3.11255385613424
5,"poisson_glm","recursive_multi_step",11,3,4,0,3.17920803073455,NA,3.08684520128265,2.2862703052565,0.0284385621507592,NA,NA,10.107363702687,3.17920803073455
5,"inad_unconstrained","recursive_multi_step",11,3,5,1,2.76,0.297844105382516,1.79972212165107,0.924429310344828,0.278541164342033,1,1,3.0976,1.76
5,"inad_constrained_alpha","recursive_multi_step",11,3,5,1,3.01,0.275422540394892,1.84516024595517,1.08804489224953,0.209868543927416,1,1,4.0401,2.01
5,"nb_glm","recursive_multi_step",11,3,5,1,3.08758076093984,NA,1.82852907555085,1.22323187302278,0.18364359627851,NA,NA,4.35799343344615,2.08758076093984
5,"poisson_glm","recursive_multi_step",11,3,5,1,3.15120105303769,NA,2.07104605075855,1.40017448182833,0.0538876720170868,NA,NA,4.62766597059047,2.15120105303769
5,"inad_unconstrained","recursive_multi_step",11,3,6,1,2.61,0.260494867046504,1.50776841072148,0.786067720837181,0.204354597294393,1,1,2.5921,1.61
5,"inad_constrained_alpha","recursive_multi_step",11,3,6,1,2.64,0.265725612258399,1.67014198655933,0.969895432347027,0.319579963378956,1,1,2.6896,1.64
5,"nb_glm","recursive_multi_step",11,3,6,1,3.09779040686887,NA,1.84980838869119,1.2826699258073,0.178590139536625,NA,NA,4.40072459115107,2.09779040686887
5,"poisson_glm","recursive_multi_step",11,3,6,1,3.16264255779977,NA,2.09542218270703,1.45532990962526,0.144867949818587,NA,NA,4.67702283280673,2.16264255779977
5,"inad_unconstrained","recursive_multi_step",11,3,7,2,4.68,0.43966929720995,2.41333645728675,1.58687675598335,0.234672667685738,1,1,7.1824,2.68
5,"inad_constrained_alpha","recursive_multi_step",11,3,7,2,5.29,0.394992647930556,1.96143995067344,1.89491439801129,0.161313599429903,1,1,10.8241,3.29
5,"nb_glm","recursive_multi_step",11,3,7,2,4.69305694317676,NA,2.17490087654447,1.7498044559956,0.162648507837904,NA,NA,7.25255569919253,2.69305694317676
5,"poisson_glm","recursive_multi_step",11,3,7,2,4.73948263485857,NA,2.42987296214237,1.95390120374019,0.104450651325563,NA,NA,7.50476510669166,2.73948263485857
5,"inad_unconstrained","recursive_multi_step",11,3,8,5,5.46,0.429333521550872,2.51676890293678,1.1887822336,0.469713121171556,1,1,0.2116,0.46
5,"inad_constrained_alpha","recursive_multi_step",11,3,8,5,4.16,0.364239903182926,2.16388415867598,1.07290343049772,0.600960010271614,1,1,0.7056,0.84
5,"nb_glm","recursive_multi_step",11,3,8,5,4.64254529819967,NA,2.26404284804157,0.933920007092715,0.53027378238421,NA,NA,0.127773863839161,0.357454701800328
5,"poisson_glm","recursive_multi_step",11,3,8,5,4.68367834038406,NA,1.90849168656625,0.696534925531647,0.475879778115214,NA,NA,0.100059392342184,0.316321659615942
5,"inad_unconstrained","recursive_multi_step",11,3,9,10,5.7,0.444381308646918,2.75603360417673,2.48175397110794,0.771758634680699,1,1,18.49,4.3
5,"inad_constrained_alpha","recursive_multi_step",11,3,9,10,5.3,0.410838020134309,3.41025466877466,2.92684592851384,0.806921735193664,1,1,22.09,4.7
5,"nb_glm","recursive_multi_step",11,3,9,10,4.70591762307741,NA,3.53887153900185,3.05806260539401,0.835807117914429,NA,NA,28.0273082136424,5.29408237692259
5,"poisson_glm","recursive_multi_step",11,3,9,10,4.75371445639428,NA,3.96299922265657,3.16352112752776,0.874082436138135,NA,NA,27.5235120050464,5.24628554360572
5,"inad_unconstrained","recursive_multi_step",11,3,10,11,4.93,0.382510315434945,3.43454736134371,3.7727694784,0.829144388027936,0,1,36.8449,6.07
5,"inad_constrained_alpha","recursive_multi_step",11,3,10,11,4.3,0.373490226773003,4.79579054559674,4.37924923160986,0.881098607324587,0,1,44.89,6.7
5,"nb_glm","recursive_multi_step",11,3,10,11,4.73030166582471,NA,3.78384163683039,3.81826035336059,0.870101382434685,NA,NA,39.3091172015604,6.26969833417529
5,"poisson_glm","recursive_multi_step",11,3,10,11,4.78072205296362,NA,4.3379402783847,3.99294054438232,0.891944650245173,NA,NA,38.6794181824931,6.21927794703638
5,"inad_unconstrained","recursive_multi_step",11,3,11,5,4.83,0.298837816221509,2.45062910043224,0.81318934180729,0.580650495342536,1,1,0.0289,0.17
5,"inad_constrained_alpha","recursive_multi_step",11,3,11,5,4.95,0.401103276456125,2.49247621036774,1.01876918167159,0.586514844569324,1,1,0.00249999999999998,0.0499999999999998
5,"nb_glm","recursive_multi_step",11,3,11,5,4.72155706507515,NA,2.23705096617943,0.879604967795581,0.576214321453969,NA,NA,0.077530468009564,0.27844293492485
5,"poisson_glm","recursive_multi_step",11,3,11,5,4.77103310860032,NA,1.8794295227007,0.643237043800804,0.457197670643511,NA,NA,0.0524258373572341,0.228966891399683
5,"inad_unconstrained","recursive_multi_step",11,3,12,1,4.33,0.306513466344474,2.26814237723276,1.96982763532763,0.117485702248016,1,1,11.0889,3.33
5,"inad_constrained_alpha","recursive_multi_step",11,3,12,1,4.87,0.379966771540285,2.16388415867598,2.43922004759072,0.108957931161044,1,1,14.9769,3.87
5,"nb_glm","recursive_multi_step",11,3,12,1,4.68557399393157,NA,2.47417287651264,2.45798015107994,0.0704492358034995,NA,NA,13.5834556647447,3.68557399393157
5,"poisson_glm","recursive_multi_step",11,3,12,1,4.7312060835592,NA,3.1610938153455,2.80054106903052,0.0550011992141286,NA,NA,13.9218988379891,3.7312060835592
5,"inad_unconstrained","recursive_multi_step",12,4,1,0,2.76,0.217478664923642,2.41584298434682,1.73417451640692,0.0759141978796209,0,1,7.6176,2.76
5,"inad_constrained_alpha","recursive_multi_step",12,4,1,0,2.86,0.250260470370978,2.02759188035395,1.74636836294896,0.0393629014851606,1,1,8.1796,2.86
5,"nb_glm","recursive_multi_step",12,4,1,0,3.09106022315005,NA,2.38144926733933,2.01457131791201,0.0628970874493315,NA,NA,9.55465330314045,3.09106022315005
5,"poisson_glm","recursive_multi_step",12,4,1,0,3.11747748927825,NA,3.04544084448234,2.25890289373362,0.011457088673418,NA,NA,9.7186658961566,3.11747748927825
5,"inad_unconstrained","recursive_multi_step",12,4,2,9,2.9,0.258003210378585,3.33362144275375,4.43510218497925,0.958295239926897,0,1,37.21,6.1
5,"inad_constrained_alpha","recursive_multi_step",12,4,2,9,2.66,0.219374685242515,4.01139547924135,4.90706366366366,0.983137296363082,0,0,40.1956,6.34
5,"nb_glm","recursive_multi_step",12,4,2,9,3.09872244905132,NA,3.93081152870423,4.39958036533987,0.972333632919121,NA,NA,34.8250767333309,5.90127755094868
5,"poisson_glm","recursive_multi_step",12,4,2,9,3.12628892002969,NA,4.42836851149617,4.5242740208048,0.971825359699937,NA,NA,34.500481850966,5.87371107997031
5,"inad_unconstrained","recursive_multi_step",12,4,3,5,3.15,0.280826701657154,2.43338729399773,1.22905702079395,0.729567033058781,1,1,3.4225,1.85
5,"inad_constrained_alpha","recursive_multi_step",12,4,3,5,3.5,0.295248568449903,2.33798702004496,1.16148973913043,0.736955039086347,1,1,2.25,1.5
5,"nb_glm","recursive_multi_step",12,4,3,5,3.09351133008079,NA,2.42247769912603,1.20149770258778,0.77907236753917,NA,NA,3.6346990485303,1.90648866991921
5,"poisson_glm","recursive_multi_step",12,4,3,5,3.12029365445631,NA,2.26086832656697,1.10143945934104,0.794164731117335,NA,NA,3.53329594547721,1.87970634554369
5,"inad_unconstrained","recursive_multi_step",12,4,4,1,3.18,0.265672388820928,1.67338663703437,1.12032865533714,0.270374673117216,1,1,4.7524,2.18
5,"inad_constrained_alpha","recursive_multi_step",12,4,4,1,2.52,0.243077906620221,1.63565581048816,0.81955486303478,0.267109681512944,1,1,2.3104,1.52
5,"nb_glm","recursive_multi_step",12,4,4,1,3.09238184821385,NA,1.81166076093906,1.1741357148676,0.228190448217074,NA,NA,4.37806179873481,2.09238184821385
5,"poisson_glm","recursive_multi_step",12,4,4,1,3.11899562610163,NA,2.03318602539441,1.33428192586435,0.154975202823335,NA,NA,4.49014246343785,2.11899562610163
5,"inad_unconstrained","recursive_multi_step",12,4,5,0,3.12,0.281152031197473,2.09663193166681,1.85174897542533,0.0907004919594113,1,1,9.7344,3.12
5,"inad_constrained_alpha","recursive_multi_step",12,4,5,0,3.15,0.282976602523526,1.7823303789392,1.79984505232379,0.0463067336187273,1,1,9.9225,3.15
5,"nb_glm","recursive_multi_step",12,4,5,0,3.08744177004007,NA,2.37951505025885,2.01210107308742,0.0334891550017873,NA,NA,9.53229668338814,3.08744177004007
5,"poisson_glm","recursive_multi_step",12,4,5,0,3.11332525636264,NA,3.04204632671753,2.25559667009923,0.0117216245533262,NA,NA,9.6927941519055,3.11332525636264
5,"inad_unconstrained","recursive_multi_step",12,4,6,2,2.93,0.305919709542992,1.9716701414377,0.729920518727705,0.400934171259387,1,1,0.8649,0.93
5,"inad_constrained_alpha","recursive_multi_step",12,4,6,2,3.23,0.275187722888,1.64438949045691,0.731963274102079,0.341536082788128,1,1,1.5129,1.23
5,"nb_glm","recursive_multi_step",12,4,6,2,3.08946408407629,NA,1.72282193595034,0.728731569749787,0.306206496719958,NA,NA,1.18693199049219,1.08946408407629
5,"poisson_glm","recursive_multi_step",12,4,6,2,3.11564509593329,NA,1.62941902908653,0.726842471701513,0.18441911477182,NA,NA,1.24466398008,1.11564509593329
5,"inad_unconstrained","recursive_multi_step",12,4,7,1,4.96,0.417767031884151,2.19654684094972,2.16002708991669,0.19974269403492,1,1,15.6816,3.96
5,"inad_constrained_alpha","recursive_multi_step",12,4,7,1,4,0.268929790694955,2.23335626114734,1.76107790743206,0.159474404890119,1,1,9,3
5,"nb_glm","recursive_multi_step",12,4,7,1,4.63864349587569,NA,2.4141588684876,2.24517677291856,0.133365678268166,NA,NA,13.2397264900785,3.63864349587569
5,"poisson_glm","recursive_multi_step",12,4,7,1,4.62548809804883,NA,3.05188724241797,2.57164428825693,0.0588479280308829,NA,NA,13.1441639490937,3.62548809804883
5,"inad_unconstrained","recursive_multi_step",12,4,8,9,5.39,0.407727131966238,3.16171741102825,2.29239605253866,0.810348583590083,1,1,13.0321,3.61
5,"inad_constrained_alpha","recursive_multi_step",12,4,8,9,4.45,0.332233032491936,2.78175339688934,2.85695936441982,0.871209546047867,1,1,20.7025,4.55
5,"nb_glm","recursive_multi_step",12,4,8,9,4.6278050251647,NA,3.21785576064484,2.71545663741836,0.838506609124332,NA,NA,19.1160888979751,4.3721949748353
5,"poisson_glm","recursive_multi_step",12,4,8,9,4.61327408290804,NA,3.49461218253336,2.81266012790425,0.904796923267504,NA,NA,19.2433642716863,4.38672591709196
5,"inad_unconstrained","recursive_multi_step",12,4,9,9,5.08,0.442371935471645,3.51888850977746,2.26843265570934,0.73460293627404,1,1,15.3664,3.92
5,"inad_constrained_alpha","recursive_multi_step",12,4,9,9,4.62,0.338678358185211,3.12752604627997,2.79377846502836,0.842900573924832,1,1,19.1844,4.38
5,"nb_glm","recursive_multi_step",12,4,9,9,4.6413917256545,NA,3.34778472847892,2.39216682994257,0.727541695329042,NA,NA,18.997466089193,4.3586082743455
5,"poisson_glm","recursive_multi_step",12,4,9,9,4.62858917898948,NA,3.61762770947747,2.43763515924997,0.790681471800934,NA,NA,19.1092325660479,4.37141082101052
5,"inad_unconstrained","recursive_multi_step",12,4,10,3,4.67,0.35364051826907,2.20498570959559,1.1115222159452,0.375076628447581,1,1,2.7889,1.67
5,"inad_constrained_alpha","recursive_multi_step",12,4,10,3,4.78,0.414285316216159,2.39707593641497,1.30205232464391,0.388787903057862,1,1,3.1684,1.78
5,"nb_glm","recursive_multi_step",12,4,10,3,4.64658989348866,NA,2.05744156613226,1.1424586413377,0.311745157674368,NA,NA,2.71125827733901,1.64658989348866
5,"poisson_glm","recursive_multi_step",12,4,10,3,4.63445872268027,NA,1.95492046365382,1.12868226393102,0.171879316230044,NA,NA,2.67145531614563,1.63445872268027
5,"inad_unconstrained","recursive_multi_step",12,4,11,14,4.83,0.398495909513498,3.69876421334648,6.15238877317925,0.919790836012441,0,1,84.0889,9.17
5,"inad_constrained_alpha","recursive_multi_step",12,4,11,14,4.63,0.396106046406767,3.72305690591552,6.112628512,0.911141394948922,0,1,87.7969,9.37
5,"nb_glm","recursive_multi_step",12,4,11,14,4.64472760703528,NA,4.44409494582941,6.25575154711494,0.91369946909177,NA,NA,87.5211215465679,9.35527239296472
5,"poisson_glm","recursive_multi_step",12,4,11,14,4.63235533575867,NA,4.80496556304682,6.57622368029562,0.926423801522615,NA,NA,87.752766555489,9.36764466424133
5,"inad_unconstrained","recursive_multi_step",12,4,12,6,4.22,0.344533061262675,2.45062910043224,1.40197039959091,0.701643224407513,1,1,3.1684,1.78
5,"inad_constrained_alpha","recursive_multi_step",12,4,12,6,4.33,0.306513466344474,2.56461043185246,1.16510196064349,0.660392687399398,1,1,2.7889,1.67
5,"nb_glm","recursive_multi_step",12,4,12,6,4.63704233865594,NA,2.40434518988836,1.07298080051875,0.627069504085618,NA,NA,1.85765358661648,1.36295766134406
5,"poisson_glm","recursive_multi_step",12,4,12,6,4.62368207663187,NA,2.09965212613991,0.866774266458961,0.641115952984791,NA,NA,1.89425102618436,1.37631792336813
