"rep","model","task","time","horizon","subject_index","observed","mean","mc_se","log_score","rps","pit","cover80","cover95","squared_error","absolute_error","fold","heldout_subject","heldout_group"
1,"cgfm_independent","rolling_one_step",2,1,1,0,5.01724896195748,NA,2.56851566657113,3.06267541044668,0.0403607532388723,NA,NA,25.1727871462634,5.01724896195748,1,24,1
1,"cgfm_shared","rolling_one_step",2,1,1,0,4.96662966648576,NA,4.15739867765439,3.68225064044506,0.0079738064352361,NA,NA,24.6674102440165,4.96662966648576,1,24,1
1,"cgfm_time_varying","rolling_one_step",2,1,1,0,4.9661884926161,NA,3.37622524777824,3.56141984311579,0.0194884360150047,NA,NA,24.6630281441926,4.9661884926161,1,24,1
1,"cgfm_independent","rolling_one_step",2,1,2,11,7.09560398169307,NA,3.30565839251817,2.7921404851561,0.759516568291268,NA,NA,15.244308267771,3.90439601830693,1,63,2
1,"cgfm_shared","rolling_one_step",2,1,2,11,7.30558376910084,NA,2.95885468370746,2.27797219706682,0.816989126010144,NA,NA,13.6487112871311,3.69441623089916,1,63,2
1,"cgfm_time_varying","rolling_one_step",2,1,2,11,7.3341059240882,NA,3.03914586076553,2.32332360276198,0.753602828591638,NA,NA,13.4387793758052,3.6658940759118,1,63,2
1,"cgfm_independent","rolling_one_step",3,1,1,0,5.59422261921071,NA,2.72563141512866,3.43387283460077,0.0506293799503689,NA,NA,31.2953267132887,5.59422261921071,1,24,1
1,"cgfm_shared","rolling_one_step",3,1,1,0,3.98134735466702,NA,3.46955852698554,2.88434608719255,0.0196229860776797,NA,NA,15.8511267585141,3.98134735466702,1,24,1
1,"cgfm_time_varying","rolling_one_step",3,1,1,0,2.1838475866489,NA,1.55234007493219,1.36016729930353,0.0237770671366171,NA,NA,4.76919028171223,2.1838475866489,1,24,1
1,"cgfm_independent","rolling_one_step",3,1,2,7,7.91130489548109,NA,2.741297982421,1.50220294104216,0.525600925703271,NA,NA,0.830476612527792,0.911304895481085,1,63,2
1,"cgfm_shared","rolling_one_step",3,1,2,7,9.56997200829589,NA,2.35718344833128,1.5691260343162,0.209848617016352,NA,NA,6.60475612342441,2.56997200829589,1,63,2
1,"cgfm_time_varying","rolling_one_step",3,1,2,7,10.8048199426075,NA,2.68305185946799,2.33380740788308,0.225312740787141,NA,NA,14.4766547956639,3.80481994260752,1,63,2
1,"cgfm_independent","rolling_one_step",4,1,1,1,6.03445157249128,NA,2.42823965893228,2.8340367375055,0.142409435033714,NA,NA,25.3457026357599,5.03445157249128,1,24,1
1,"cgfm_shared","rolling_one_step",4,1,1,1,3.27920976563578,NA,2.00586434442857,1.42650750897209,0.186481804122539,NA,NA,5.1947971557695,2.27920976563578,1,24,1
1,"cgfm_time_varying","rolling_one_step",4,1,1,1,2.25328720016339,NA,1.52429822897584,0.814633312460413,0.240634912680392,NA,NA,1.57072880609338,1.25328720016339,1,24,1
1,"cgfm_independent","rolling_one_step",4,1,2,6,8.53384902562357,NA,2.68768037457232,1.74324926187077,0.421115512062819,NA,NA,6.42039088465352,2.53384902562357,1,63,2
1,"cgfm_shared","rolling_one_step",4,1,2,6,9.74541364645727,NA,2.626571225156,2.31287564189504,0.171338457015644,NA,NA,14.0281233830683,3.74541364645727,1,63,2
1,"cgfm_time_varying","rolling_one_step",4,1,2,6,7.90277086874691,NA,2.44927537550238,1.47906803406731,0.347067369247158,NA,NA,3.62053697895189,1.90277086874691,1,63,2
1,"cgfm_independent","rolling_one_step",5,1,1,16,7.0226473872259,NA,4.18602702392056,6.18710731826074,0.885939915584852,NA,NA,80.592859934082,8.9773526127741,1,24,1
1,"cgfm_shared","rolling_one_step",5,1,1,16,3.18895947816556,NA,6.95904532718689,10.662926013305,0.958243681521356,NA,NA,164.122759252084,12.8110405218344,1,24,1
1,"cgfm_time_varying","rolling_one_step",5,1,1,16,3.24977176495925,NA,6.41453322371606,9.95051040211166,0.938909442163328,NA,NA,162.56832004563,12.7502282350408,1,24,1
1,"cgfm_independent","rolling_one_step",5,1,2,9,9.93157165162673,NA,2.97194188642457,1.90301030139823,0.5290354986519,NA,NA,0.867825742114546,0.931571651626726,1,63,2
1,"cgfm_shared","rolling_one_step",5,1,2,9,10.1776529522945,NA,2.23580218914944,1.04371492607444,0.361107811063418,NA,NA,1.38686647604801,1.17765295229453,1,63,2
1,"cgfm_time_varying","rolling_one_step",5,1,2,9,7.84985418301133,NA,2.71707987502295,1.48417920244755,0.588587383941675,NA,NA,1.32283540033654,1.15014581698867,1,63,2
1,"cgfm_independent","rolling_one_step",6,1,1,8,5.27594134819569,NA,2.99374220599376,2.01728533307204,0.747334885657562,NA,NA,7.42049553846993,2.72405865180431,1,24,1
1,"cgfm_shared","rolling_one_step",6,1,1,8,4.30430661707857,NA,3.19266337701729,2.41553427827275,0.888121777910337,NA,NA,13.6581495805692,3.69569338292143,1,24,1
1,"cgfm_time_varying","rolling_one_step",6,1,1,8,9.74930999367024,NA,2.47408730675665,1.46030120074785,0.353670003931118,NA,NA,3.06008545395457,1.74930999367024,1,24,1
1,"cgfm_independent","rolling_one_step",6,1,2,3,7.46129465045153,NA,2.48213475595117,2.31272664480764,0.247026441321282,NA,NA,19.9031499581474,4.46129465045153,1,63,2
1,"cgfm_shared","rolling_one_step",6,1,2,3,7.50508097985242,NA,3.13287911357329,3.09867830099797,0.0458285969178388,NA,NA,20.295754635028,4.50508097985242,1,63,2
1,"cgfm_time_varying","rolling_one_step",6,1,2,3,6.97206235426327,NA,2.51245764871662,2.44346569196078,0.148652941171412,NA,NA,15.7772793461554,3.97206235426327,1,63,2
1,"cgfm_independent","rolling_one_step",7,1,1,7,4.33119309359193,NA,2.92128596123008,1.90196738133383,0.756208338659641,NA,NA,7.12253030369142,2.66880690640807,1,24,1
1,"cgfm_shared","rolling_one_step",7,1,1,7,3.97030975256682,NA,2.86374691220497,1.92909886653546,0.890440974022613,NA,NA,9.17902299539171,3.02969024743318,1,24,1
1,"cgfm_time_varying","rolling_one_step",7,1,1,7,5.73087319893327,NA,2.44899112732213,1.19650210684822,0.662203817743505,NA,NA,1.61068283718587,1.26912680106673,1,24,1
1,"cgfm_independent","rolling_one_step",7,1,2,4,6.12550001466729,NA,2.37052262899743,1.34350162697399,0.347472234613886,NA,NA,4.51775031235066,2.12550001466729,1,63,2
1,"cgfm_shared","rolling_one_step",7,1,2,4,5.73648573821498,NA,1.99016470311882,1.09280751299144,0.227220707884232,NA,NA,3.01538271902403,1.73648573821498,1,63,2
1,"cgfm_time_varying","rolling_one_step",7,1,2,4,3.68013339131818,NA,2.14714349353644,0.882005788389312,0.557836583228448,NA,NA,0.102314647349608,0.319866608681819,1,63,2
1,"cgfm_independent","rolling_one_step",8,1,1,3,3.92636661801663,NA,2.06979945324555,0.861434649229557,0.50221092184513,NA,NA,0.858155110975562,0.926366618016626,1,24,1
1,"cgfm_shared","rolling_one_step",8,1,1,3,3.83448710726489,NA,1.67399209309737,0.657060117363916,0.367819150051004,NA,NA,0.696368732191325,0.834487107264891,1,24,1
1,"cgfm_time_varying","rolling_one_step",8,1,1,3,5.33362093643553,NA,2.14206341492682,1.47882364031125,0.223938269391003,NA,NA,5.44578667497022,2.33362093643553,1,24,1
1,"cgfm_independent","rolling_one_step",8,1,2,6,5.55298238244988,NA,2.59946012940566,1.24435116877238,0.592445857184506,NA,NA,0.199824750400189,0.447017617550124,1,63,2
1,"cgfm_shared","rolling_one_step",8,1,2,6,5.00447863512673,NA,2.01668324864932,0.789676781698782,0.70121372414655,NA,NA,0.991062787919134,0.995521364873268,1,63,2
1,"cgfm_time_varying","rolling_one_step",8,1,2,6,4.31998852166067,NA,2.51765122417239,1.31064459148303,0.706340468864066,NA,NA,2.82243856735191,1.68001147833933,1,63,2
1,"cgfm_independent","rolling_one_step",9,1,1,7,3.91479684240465,NA,3.01547022617058,2.11142955790225,0.777787484832844,NA,NA,9.51847852363632,3.08520315759535,1,24,1
1,"cgfm_shared","rolling_one_step",9,1,1,7,3.68094702394226,NA,3.08557181815773,2.17229121075608,0.891078110023781,NA,NA,11.0161126578777,3.31905297605774,1,24,1
1,"cgfm_time_varying","rolling_one_step",9,1,1,7,3.36845935619853,NA,3.17317141614576,2.39065350086751,0.837048570026486,NA,NA,13.188087447582,3.63154064380147,1,24,1
1,"cgfm_independent","rolling_one_step",9,1,2,6,5.53661974360788,NA,2.59981441260757,1.24494124045432,0.582298702801481,NA,NA,0.214721262014023,0.463380256392116,1,63,2
1,"cgfm_shared","rolling_one_step",9,1,2,6,4.96892768769577,NA,2.01935132457355,0.797271490280602,0.67158142108282,NA,NA,1.06311011320038,1.03107231230423,1,63,2
1,"cgfm_time_varying","rolling_one_step",9,1,2,6,5.7830262393194,NA,2.33573190494908,1.04715400202497,0.522690686214032,NA,NA,0.047077612823881,0.216973760680597,1,63,2
1,"cgfm_independent","rolling_one_step",10,1,1,5,4.68403864507505,NA,2.44337054504709,1.07128965855966,0.562546452399232,NA,NA,0.0998315778060117,0.315961354924952,1,24,1
1,"cgfm_shared","rolling_one_step",10,1,1,5,4.74029268789287,NA,1.84424532097237,0.619422913039196,0.625890329059914,NA,NA,0.0674478879619126,0.259707312107134,1,24,1
1,"cgfm_time_varying","rolling_one_step",10,1,1,5,6.73921644935971,NA,2.27475343894518,1.30984943410387,0.383751922529834,NA,NA,3.02487385772339,1.73921644935971,1,24,1
1,"cgfm_independent","rolling_one_step",10,1,2,6,6.62446908580492,NA,2.60212563917236,1.29359759831427,0.533347681801375,NA,NA,0.389961639126029,0.624469085804917,1,63,2
1,"cgfm_shared","rolling_one_step",10,1,2,6,6.09857690559861,NA,1.92444296301335,0.67662192906278,0.527515688352087,NA,NA,0.00971740631739689,0.0985769055986081,1,63,2
1,"cgfm_time_varying","rolling_one_step",10,1,2,6,6.95837002706866,NA,2.37019617924374,1.19990906921547,0.445286840760501,NA,NA,0.918473108783575,0.958370027068655,1,63,2
1,"cgfm_independent","rolling_one_step",11,1,1,6,3.98806062701328,NA,2.7274212443141,1.53818937308239,0.732062355162332,NA,NA,4.0479000405742,2.01193937298672,1,24,1
1,"cgfm_shared","rolling_one_step",11,1,1,6,4.1378871760215,NA,2.26738241145357,1.15038956974047,0.815982081839277,NA,NA,3.4674641692252,1.8621128239785,1,24,1
1,"cgfm_time_varying","rolling_one_step",11,1,1,6,4.14765054644593,NA,2.50983497687743,1.33621858033208,0.68644660110729,NA,NA,3.43119849808205,1.85234945355407,1,24,1
1,"cgfm_independent","rolling_one_step",11,1,2,6,5.6402333727152,NA,2.59781188394453,1.24195416620858,0.585270677744259,NA,NA,0.129432026107882,0.359766627284802,1,63,2
1,"cgfm_shared","rolling_one_step",11,1,2,6,5.2931123856867,NA,1.96224372474137,0.71760959154186,0.58282739399184,NA,NA,0.499690099269542,0.706887614313295,1,63,2
1,"cgfm_time_varying","rolling_one_step",11,1,2,6,5.30138510520628,NA,2.36271287889906,1.07299018130249,0.58340727161979,NA,NA,0.488062771227647,0.698614894793725,1,63,2
1,"cgfm_independent","rolling_one_step",12,1,1,5,3.90606990559034,NA,2.48515227729586,1.15067015252832,0.663469210233899,NA,NA,1.19668305145514,1.09393009440966,1,24,1
1,"cgfm_shared","rolling_one_step",12,1,1,5,4.1642010606089,NA,1.90396242968664,0.700428175468121,0.696424202454338,NA,NA,0.698559867087288,0.835798939391101,1,24,1
1,"cgfm_time_varying","rolling_one_step",12,1,1,5,5.00151409379628,NA,2.17551025627671,0.919825712842541,0.472872351726486,NA,NA,2.29248002392915e-06,0.00151409379627854,1,24,1
1,"cgfm_independent","rolling_one_step",12,1,2,0,5.52427760258915,NA,2.70724848414913,3.38888734814123,0.00248974254694587,NA,NA,30.5176430304681,5.52427760258915,1,63,2
1,"cgfm_shared","rolling_one_step",12,1,2,0,5.22043955962858,NA,4.97064055396778,4.06835453182081,0.00163754784810763,NA,NA,27.252989195735,5.22043955962858,1,63,2
1,"cgfm_time_varying","rolling_one_step",12,1,2,0,5.73109356866598,NA,3.63618967966317,4.11105206507755,0.00681318240132173,NA,NA,32.8454334928046,5.73109356866598,1,63,2
2,"cgfm_independent","rolling_one_step",2,1,1,6,4.94376742322228,NA,2.6261780512737,1.30096437135403,0.61392413379085,NA,NA,1.1156272562465,1.05623257677772,2,13,1
2,"cgfm_shared","rolling_one_step",2,1,1,6,11.1706326298953,NA,3.04375835568117,3.32992144969293,0.106112482940333,NA,NA,26.7354417933376,5.17063262989527,2,13,1
2,"cgfm_time_varying","rolling_one_step",2,1,1,6,11.4020218506421,NA,2.94519679506818,3.41539144693794,0.11245228037613,NA,NA,29.1818400748149,5.40202185064212,2,13,1
2,"cgfm_independent","rolling_one_step",2,1,2,13,6.88187035252964,NA,3.67973453177681,4.1147036431558,0.824024061605746,NA,NA,37.4315103832558,6.11812964747036,2,39,2
2,"cgfm_shared","rolling_one_step",2,1,2,13,10.0539794325949,NA,2.74855828569654,1.8277519439398,0.758878037459526,NA,NA,8.67903718357395,2.94602056740511,2,39,2
2,"cgfm_time_varying","rolling_one_step",2,1,2,13,10.0793591950767,NA,2.92869036885712,2.00995292401757,0.727497689635172,NA,NA,8.53014271138301,2.9206408049233,2,39,2
2,"cgfm_independent","rolling_one_step",3,1,1,8,5.48692482032991,NA,2.96831060778793,1.94177353362343,0.710582514650808,NA,NA,6.31554685867385,2.51307517967009,2,13,1
2,"cgfm_shared","rolling_one_step",3,1,1,8,10.8790016226855,NA,2.4494805254061,1.74422540166885,0.209661719635573,NA,NA,8.28865034342547,2.87900162268545,2,13,1
2,"cgfm_time_varying","rolling_one_step",3,1,1,8,6.19616503113659,NA,2.63810893578992,1.45428254466767,0.668918494426896,NA,NA,3.25382059489445,1.80383496886341,2,13,1
2,"cgfm_independent","rolling_one_step",3,1,2,10,7.63760259434048,NA,3.1091191411406,2.15507356677794,0.702647215600281,NA,NA,5.58092150226684,2.36239740565952,2,39,2
2,"cgfm_shared","rolling_one_step",3,1,2,10,12.3579214201941,NA,2.43400584179618,1.51171078079054,0.286742424927659,NA,NA,5.55979342381008,2.35792142019408,2,39,2
2,"cgfm_time_varying","rolling_one_step",3,1,2,10,12.1210857000035,NA,2.68762035549297,1.75431822675039,0.375753216445502,NA,NA,4.49900454675951,2.12108570000354,2,39,2
2,"cgfm_independent","rolling_one_step",4,1,1,7,5.93057379510938,NA,2.75248112212411,1.46178835964457,0.664524773148555,NA,NA,1.14367240770676,1.06942620489062,2,13,1
2,"cgfm_shared","rolling_one_step",4,1,1,7,11.1351825500323,NA,2.74473042571013,2.56602741543077,0.146131125003388,NA,NA,17.0997347220919,4.13518255003234,2,13,1
2,"cgfm_time_varying","rolling_one_step",4,1,1,7,7.65482455044487,NA,2.4202739175659,1.20073995803989,0.505026260167606,NA,NA,0.428795191865325,0.654824550444869,2,13,1
2,"cgfm_independent","rolling_one_step",4,1,2,12,8.25512027224277,NA,3.34206841290554,2.82924207300899,0.729338361467361,NA,NA,14.0241241753671,3.74487972775723,2,39,2
2,"cgfm_shared","rolling_one_step",4,1,2,12,12.8624613981362,NA,2.35895092066442,1.08572679882197,0.449630714808029,NA,NA,0.743839663275008,0.862461398136176,2,39,2
2,"cgfm_time_varying","rolling_one_step",4,1,2,12,10.0248340908947,NA,2.86863963791901,1.77057402099924,0.619319365958295,NA,NA,3.90128036849195,1.97516590910535,2,39,2
2,"cgfm_independent","rolling_one_step",5,1,1,7,7.08058472190618,NA,2.73080013063963,1.42023742676443,0.593728333495583,NA,NA,0.00649389740469711,0.0805847219061846,2,13,1
2,"cgfm_shared","rolling_one_step",5,1,1,7,11.9478475655173,NA,3.00754097483806,3.18016728030378,0.0729896812274029,NA,NA,24.4811955315956,4.94784756551732,2,13,1
2,"cgfm_time_varying","rolling_one_step",5,1,1,7,7.83147085845375,NA,2.4598818788368,1.26406790024775,0.49366577253025,NA,NA,0.691343788457816,0.83147085845375,2,13,1
2,"cgfm_independent","rolling_one_step",5,1,2,21,9.85622289867986,NA,4.34791413357044,7.47249632459097,0.869966902903203,NA,NA,124.183768083907,11.1437771013201,2,39,2
2,"cgfm_shared","rolling_one_step",5,1,2,21,14.7645724124794,NA,3.52839735627179,3.95760456211194,0.883628146588793,NA,NA,38.8805571992127,6.23542758752058,2,39,2
2,"cgfm_time_varying","rolling_one_step",5,1,2,21,12.8263102525723,NA,3.83447441540509,5.10668223917147,0.853296746621446,NA,NA,66.8092040872054,8.17368974742774,2,39,2
2,"cgfm_independent","rolling_one_step",6,1,1,4,5.32489293319478,NA,2.31057836681977,1.10858047610065,0.493856917811464,NA,NA,1.75534128442947,1.32489293319478,2,13,1
2,"cgfm_shared","rolling_one_step",6,1,1,4,8.30439820319149,NA,2.94207527517373,2.86789380448998,0.0896408073124567,NA,NA,18.5278438916381,4.30439820319149,2,13,1
2,"cgfm_time_varying","rolling_one_step",6,1,1,4,5.28495040188379,NA,2.12478048672947,1.08649742748718,0.354045023170078,NA,NA,1.6510975353013,1.28495040188379,2,13,1
2,"cgfm_independent","rolling_one_step",6,1,2,8,7.41220077121413,NA,2.85237428235761,1.5880024695065,0.612090598795383,NA,NA,0.345507933361261,0.587799228785868,2,39,2
2,"cgfm_shared","rolling_one_step",6,1,2,8,12.1539095041488,NA,2.77304097415335,2.58803908610594,0.106617683135099,NA,NA,17.2549641686574,4.15390950414877,2,39,2
2,"cgfm_time_varying","rolling_one_step",6,1,2,8,13.3624659917774,NA,2.92733905420909,3.25671203166221,0.201267455252195,NA,NA,28.7560415129688,5.36246599177736,2,39,2
2,"cgfm_independent","rolling_one_step",7,1,1,1,4.41535014863592,NA,2.06439040581328,1.85650599272755,0.211208460597269,NA,NA,11.6646166377874,3.41535014863592,2,13,1
2,"cgfm_shared","rolling_one_step",7,1,1,1,6.4823357870333,NA,4.36785379484245,4.15328585096779,0.0108713374613663,NA,NA,30.056005681786,5.4823357870333,2,13,1
2,"cgfm_time_varying","rolling_one_step",7,1,1,1,3.74244327426311,NA,2.03995541242009,1.72156754881166,0.151671647444688,NA,NA,7.52099511255099,2.74244327426311,2,13,1
2,"cgfm_independent","rolling_one_step",7,1,2,8,6.14639400819265,NA,2.90543544513086,1.75234550623907,0.657746723484794,NA,NA,3.43585517286412,1.85360599180735,2,39,2
2,"cgfm_shared","rolling_one_step",7,1,2,8,9.70972915349724,NA,2.20900573282368,1.16835306688662,0.269176438144948,NA,NA,2.9231737783184,1.70972915349724,2,39,2
2,"cgfm_time_varying","rolling_one_step",7,1,2,8,6.49382782819322,NA,2.59045030803979,1.36492482559886,0.66117891428706,NA,NA,2.26855461112514,1.50617217180678,2,39,2
2,"cgfm_independent","rolling_one_step",8,1,1,4,3.84033335007312,NA,2.25929168683458,0.899914165317182,0.530908963862895,NA,NA,0.0254934390988728,0.15966664992688,2,13,1
2,"cgfm_shared","rolling_one_step",8,1,1,4,5.13677342033718,NA,1.84464638952047,0.815264839426423,0.303592585153846,NA,NA,1.2922538091851,1.13677342033718,2,13,1
2,"cgfm_time_varying","rolling_one_step",8,1,1,4,2.09827186395387,NA,2.52700019566085,1.3420281281412,0.810764877213346,NA,NA,3.61656990342949,1.90172813604613,2,13,1
2,"cgfm_independent","rolling_one_step",8,1,2,15,5.34596391237103,NA,4.56308437214548,6.9540138464743,0.919055777790051,NA,NA,93.2004127812425,9.65403608762897,2,39,2
2,"cgfm_shared","rolling_one_step",8,1,2,15,8.24623925401672,NA,4.33937395062714,4.72954720218372,0.937264708836726,NA,NA,45.6132842139846,6.75376074598328,2,39,2
2,"cgfm_time_varying","rolling_one_step",8,1,2,15,6.3857135168625,NA,4.52926502941374,5.94560119653259,0.919005809505219,NA,NA,74.2059316135655,8.61428648313751,2,39,2
2,"cgfm_independent","rolling_one_step",9,1,1,2,4.07064998325518,NA,1.97316646397262,1.13817057709691,0.28581317907692,NA,NA,4.28759135315469,2.07064998325518,2,13,1
2,"cgfm_shared","rolling_one_step",9,1,1,2,5.25328093772994,NA,2.61283239743452,2.17654240123653,0.0751109386846204,NA,NA,10.583836859797,3.25328093772994,2,13,1
2,"cgfm_time_varying","rolling_one_step",9,1,1,2,4.13526270372257,NA,1.97777763418867,1.33633484937469,0.205932534953429,NA,NA,4.55934681390862,2.13526270372257,2,13,1
2,"cgfm_independent","rolling_one_step",9,1,2,2,5.66657258251799,NA,2.24391478453953,1.92631192956545,0.183411964492297,NA,NA,13.4437545028727,3.66657258251799,2,39,2
2,"cgfm_shared","rolling_one_step",9,1,2,2,9.14916871181678,NA,5.0956691315163,5.53534676994035,0.00520545082714764,NA,NA,51.11061327002,7.14916871181678,2,39,2
2,"cgfm_time_varying","rolling_one_step",9,1,2,2,11.9347862624738,NA,4.6954489397522,7.31978960537578,0.00953432300590906,NA,NA,98.6999780810382,9.9347862624738,2,39,2
2,"cgfm_independent","rolling_one_step",10,1,1,3,4.77885929761498,NA,2.15379716243682,1.11396990060674,0.363340519588109,NA,NA,3.16434040071126,1.77885929761498,2,13,1
2,"cgfm_shared","rolling_one_step",10,1,1,3,5.93952542879948,NA,2.3965981066246,1.87908547283139,0.0880498641672522,NA,NA,8.64080974655879,2.93952542879948,2,13,1
2,"cgfm_time_varying","rolling_one_step",10,1,1,3,3.37686923872404,NA,1.95507159635184,0.794541897000999,0.545096911617969,NA,NA,0.142030423096441,0.376869238724044,2,13,1
2,"cgfm_independent","rolling_one_step",10,1,2,4,6.65235965436712,NA,2.41884116649979,1.53144164071827,0.337077452996255,NA,NA,7.03501173611449,2.65235965436712,2,39,2
2,"cgfm_shared","rolling_one_step",10,1,2,4,10.1972701921581,NA,3.95237214851196,4.50395985988729,0.027033214948856,NA,NA,38.4061578346113,6.1972701921581,2,39,2
2,"cgfm_time_varying","rolling_one_step",10,1,2,4,3.93323625149096,NA,2.17188048046423,0.90748129175215,0.585688167084327,NA,NA,0.00445739811497858,0.0667637485090418,2,39,2
2,"cgfm_independent","rolling_one_step",11,1,1,2,4.07464532705558,NA,1.97383348093111,1.13992669743299,0.331491338546681,NA,NA,4.30415323307356,2.07464532705558,2,13,1
2,"cgfm_shared","rolling_one_step",11,1,1,2,4.94383651407507,NA,2.44394088608279,1.93540814913582,0.130477026967395,NA,NA,8.66617342160168,2.94383651407507,2,13,1
2,"cgfm_time_varying","rolling_one_step",11,1,1,2,3.16209258117724,NA,1.77483449827807,0.873085400244053,0.379702434636231,NA,NA,1.35045916722718,1.16209258117724,2,13,1
2,"cgfm_independent","rolling_one_step",11,1,2,7,5.67213419525858,NA,2.76603390402054,1.49937923209468,0.64457230280534,NA,NA,1.76322759540158,1.32786580474142,2,39,2
2,"cgfm_shared","rolling_one_step",11,1,2,7,8.39678571049422,NA,2.10007012822496,1.0138005930968,0.387716126770689,NA,NA,1.95101032104083,1.39678571049422,2,39,2
2,"cgfm_time_varying","rolling_one_step",11,1,2,7,4.19545924327413,NA,2.83650992540226,1.85240159429347,0.750600135519058,NA,NA,7.86544885613651,2.80454075672587,2,39,2
2,"cgfm_independent","rolling_one_step",12,1,1,2,3.97655391807694,NA,1.95751580030294,1.09723728315032,0.350164478946239,NA,NA,3.90676539106531,1.97655391807694,2,13,1
2,"cgfm_shared","rolling_one_step",12,1,1,2,4.62672586944226,NA,2.27394809027842,1.69404617610279,0.0958254860458005,NA,NA,6.89968879319719,2.62672586944226,2,13,1
2,"cgfm_time_varying","rolling_one_step",12,1,1,2,2.80557316248448,NA,1.73324281334538,0.753795896607288,0.348127435768221,NA,NA,0.648948120115243,0.805573162484478,2,13,1
2,"cgfm_independent","rolling_one_step",12,1,2,1,5.53558816065591,NA,2.31971044670427,2.52601284580663,0.125814201003095,NA,NA,20.5715599630821,4.53558816065591,2,39,2
2,"cgfm_shared","rolling_one_step",12,1,2,1,8.09097935375945,NA,5.57971291618682,5.59951270819757,0.00159352778813198,NA,NA,50.2819881954428,7.09097935375945,2,39,2
2,"cgfm_time_varying","rolling_one_step",12,1,2,1,6.33018637399705,NA,3.07024911625676,3.63603452497575,0.0442317495785251,NA,NA,28.4108867815438,5.33018637399705,2,39,2
3,"cgfm_independent","rolling_one_step",2,1,1,1,5.12756619243723,NA,2.24429809144769,2.2962953593703,0.166125978881542,NA,NA,17.0368026729508,4.12756619243723,3,20,1
3,"cgfm_shared","rolling_one_step",2,1,1,1,4.20674740379224,NA,2.48148641200578,2.0993888205974,0.0296297645493161,NA,NA,10.2832289117283,3.20674740379224,3,20,1
3,"cgfm_time_varying","rolling_one_step",2,1,1,1,4.17904581886547,NA,2.22119273087227,2.03377551320089,0.146154361998556,NA,NA,10.106332318446,3.17904581886547,3,20,1
3,"cgfm_independent","rolling_one_step",2,1,2,1,7.22793666731135,NA,2.68453709801612,3.59652863210553,0.07270424098205,NA,NA,38.7871951320411,6.22793666731135,3,34,2
3,"cgfm_shared","rolling_one_step",2,1,2,1,2.85257932294374,NA,1.73226273124114,1.09310866730995,0.140686695241835,NA,NA,3.43205014779868,1.85257932294374,3,34,2
3,"cgfm_time_varying","rolling_one_step",2,1,2,1,2.933138242942,NA,1.72449986419915,1.17715614857982,0.209057042339239,NA,NA,3.73702346632488,1.933138242942,3,34,2
3,"cgfm_independent","rolling_one_step",3,1,1,3,5.61732677916063,NA,2.24490793333391,1.43941007859562,0.309859143470872,NA,NA,6.85039946891133,2.61732677916063,3,20,1
3,"cgfm_shared","rolling_one_step",3,1,1,3,3.63940366646221,NA,1.71485099893795,0.627791377370562,0.379724988965739,NA,NA,0.408837048685314,0.639403666462207,3,20,1
3,"cgfm_time_varying","rolling_one_step",3,1,1,3,2.8916331268646,NA,1.98851087249337,0.772240202460756,0.588962844259451,NA,NA,0.0117433791931431,0.108366873135397,3,20,1
3,"cgfm_independent","rolling_one_step",3,1,2,2,7.91803978674898,NA,2.61609365464209,3.23153993417228,0.103861774964157,NA,NA,35.0231949175439,5.91803978674898,3,34,2
3,"cgfm_shared","rolling_one_step",3,1,2,2,2.52729423224195,NA,1.52980764086811,0.523218575252643,0.407908878678575,NA,NA,0.278039207355625,0.527294232241947,3,34,2
3,"cgfm_time_varying","rolling_one_step",3,1,2,2,3.43449969716979,NA,1.86881176366219,0.990777225960635,0.273934874897497,NA,NA,2.05778938118021,1.43449969716979,3,34,2
3,"cgfm_independent","rolling_one_step",4,1,1,6,6.04092437595423,NA,2.58230761133866,1.23267779126217,0.526088130970081,NA,NA,0.00167480454724344,0.0409243759542335,3,20,1
3,"cgfm_shared","rolling_one_step",4,1,1,6,3.80565597361567,NA,2.46294616336927,1.37307061339787,0.791432347689951,NA,NA,4.81514570612858,2.19434402638433,3,20,1
3,"cgfm_time_varying","rolling_one_step",4,1,1,6,4.31683498843597,NA,2.54391139079789,1.33403408080712,0.695206863372226,NA,NA,2.83304445615332,1.68316501156403,3,20,1
3,"cgfm_independent","rolling_one_step",4,1,2,0,8.51513061659275,NA,3.42531103857872,5.38314714343056,0.0197416460368031,NA,NA,72.5074494176352,8.51513061659275,3,34,2
3,"cgfm_shared","rolling_one_step",4,1,2,0,2.6129005592401,NA,2.3524631333039,1.77233597472504,0.0859173988978251,NA,NA,6.82724933247722,2.6129005592401,3,34,2
3,"cgfm_time_varying","rolling_one_step",4,1,2,0,4.26675629862022,NA,2.57862755714815,2.83911108282519,0.0384302179641469,NA,NA,18.2052093118154,4.26675629862022,3,34,2
3,"cgfm_independent","rolling_one_step",5,1,1,6,7.25779609965211,NA,2.60908704925282,1.37946131548381,0.453039739159714,NA,NA,1.58205102830006,1.25779609965211,3,20,1
3,"cgfm_shared","rolling_one_step",5,1,1,6,5.00606749550157,NA,2.08402600449796,0.831558896443363,0.599537820219778,NA,NA,0.987901823498516,0.993932504498427,3,20,1
3,"cgfm_time_varying","rolling_one_step",5,1,1,6,7.17664072212053,NA,2.39136312922459,1.25889856392974,0.387325424303992,NA,NA,1.38448338895232,1.17664072212053,3,20,1
3,"cgfm_independent","rolling_one_step",5,1,2,3,10.2306743357517,NA,2.84185485629549,4.01621703931017,0.162032317857038,NA,NA,52.2826513496977,7.23067433575166,3,34,2
3,"cgfm_shared","rolling_one_step",5,1,2,3,2.39443738887325,NA,1.74683253756334,0.588634110192377,0.601840812795654,NA,NA,0.366706075994653,0.605562611126754,3,34,2
3,"cgfm_time_varying","rolling_one_step",5,1,2,3,3.25082354926466,NA,2.04144763327263,0.83194350445612,0.458221830272053,NA,NA,0.0629124528657215,0.25082354926466,3,34,2
3,"cgfm_independent","rolling_one_step",6,1,1,3,5.34973975085607,NA,2.21182099067031,1.32794825476639,0.317377409742362,NA,NA,5.52127689675314,2.34973975085607,3,20,1
3,"cgfm_shared","rolling_one_step",6,1,1,3,3.85269829044667,NA,1.69428624240781,0.669583098049789,0.430766335122811,NA,NA,0.727094374530665,0.852698290446665,3,20,1
3,"cgfm_time_varying","rolling_one_step",6,1,1,3,4.73626892340128,NA,2.04822786162911,1.18677024684425,0.309661703263804,NA,NA,3.01462977436904,1.73626892340128,3,20,1
3,"cgfm_independent","rolling_one_step",6,1,2,4,7.54098905585666,NA,2.49665597361528,1.89340242276291,0.280194693923806,NA,NA,12.5386034936966,3.54098905585666,3,34,2
3,"cgfm_shared","rolling_one_step",6,1,2,4,1.86485627022559,NA,2.58580312573276,1.41149317520764,0.854092394401801,NA,NA,4.55883874679496,2.13514372977441,3,34,2
3,"cgfm_time_varying","rolling_one_step",6,1,2,4,3.78997803066523,NA,2.16097736577837,0.893785559659949,0.544021839242142,NA,NA,0.0441092276032558,0.210021969334772,3,34,2
3,"cgfm_independent","rolling_one_step",7,1,1,0,4.43340810134576,NA,2.42516049972057,2.70282593085722,0.0425068958025513,NA,NA,19.6551073930782,4.43340810134576,3,20,1
3,"cgfm_shared","rolling_one_step",7,1,1,0,3.1335062651058,NA,3.01683478591537,2.26210489528975,0.000216920017594622,NA,NA,9.81886151345731,3.1335062651058,3,20,1
3,"cgfm_time_varying","rolling_one_step",7,1,1,0,3.25017046004745,NA,2.29632842264753,2.19153792419849,0.0204919211379973,NA,NA,10.563608019365,3.25017046004745,3,20,1
3,"cgfm_independent","rolling_one_step",7,1,2,5,6.24957689089719,NA,2.46328970762571,1.22811695432992,0.492923403782448,NA,NA,1.5614424062643,1.24957689089719,3,34,2
3,"cgfm_shared","rolling_one_step",7,1,2,5,1.79583112219538,NA,3.54866942258897,2.27968551103971,0.912954390729329,NA,NA,10.2666981974917,3.20416887780462,3,34,2
3,"cgfm_time_varying","rolling_one_step",7,1,2,5,4.31231664226819,NA,2.29498980696521,1.00938195613444,0.59124724399346,NA,NA,0.472908400501296,0.687683357731809,3,34,2
3,"cgfm_independent","rolling_one_step",8,1,1,0,4.01424990061889,NA,2.28795133094464,2.4312878281305,0.0341823824019767,NA,NA,16.1142022646188,4.01424990061889,3,20,1
3,"cgfm_shared","rolling_one_step",8,1,1,0,2.55113356556233,NA,2.49387234066191,1.78636385667247,0.0010696259587826,NA,NA,6.50828246933877,2.55113356556233,3,20,1
3,"cgfm_time_varying","rolling_one_step",8,1,1,0,1.69876529159851,NA,1.31518897162256,1.05457573937087,0.228084560452188,NA,NA,2.88580351593978,1.69876529159851,3,20,1
3,"cgfm_independent","rolling_one_step",8,1,2,3,5.65872671574321,NA,2.25009137155575,1.45713913796747,0.324206404913381,NA,NA,7.06882774900667,2.65872671574321,3,34,2
3,"cgfm_shared","rolling_one_step",8,1,2,3,1.90460597303173,NA,1.85751960301961,0.736626459759184,0.764663202199586,NA,NA,1.19988807431776,1.09539402696827,3,34,2
3,"cgfm_time_varying","rolling_one_step",8,1,2,3,4.94588629474443,NA,2.09243803743781,1.28258711278606,0.241832238154778,NA,NA,3.78647347207419,1.94588629474443,3,34,2
3,"cgfm_independent","rolling_one_step",9,1,1,2,4.06725989932536,NA,1.96798319021989,1.13841594281299,0.294456762384414,NA,NA,4.2735634913587,2.06725989932536,3,20,1
3,"cgfm_shared","rolling_one_step",9,1,1,2,2.3317727342129,NA,1.418352172845,0.446897791021722,0.406213365363259,NA,NA,0.110073147167102,0.331772734212897,3,20,1
3,"cgfm_time_varying","rolling_one_step",9,1,1,2,1.78462970321498,NA,1.74310980697836,0.625772026994084,0.608700688395547,NA,NA,0.0463843647372688,0.215370296785023,3,20,1
3,"cgfm_independent","rolling_one_step",9,1,2,0,5.73345148641526,NA,2.79946359364544,3.5451437885492,0.0394282456392474,NA,NA,32.8724659470773,5.73345148641526,3,34,2
3,"cgfm_shared","rolling_one_step",9,1,2,0,1.9815777852828,NA,1.9574406150128,1.32633730062655,0.0811092583406017,NA,NA,3.92665051912629,1.9815777852828,3,34,2
3,"cgfm_time_varying","rolling_one_step",9,1,2,0,4.04233539865031,NA,2.64108321413478,2.75030381711745,0.0567302654641175,NA,NA,16.3404754751813,4.04233539865031,3,34,2
3,"cgfm_independent","rolling_one_step",10,1,1,6,4.71238664229253,NA,2.62854494110218,1.32555089875167,0.676472642735028,NA,NA,1.65794815894671,1.28761335770747,3,20,1
3,"cgfm_shared","rolling_one_step",10,1,1,6,2.70437006994943,NA,3.28154795962118,2.24027052257165,0.899326481719829,NA,NA,10.8611766358451,3.29562993005057,3,20,1
3,"cgfm_time_varying","rolling_one_step",10,1,1,6,3.35529760866071,NA,2.80472053941937,1.77007517514027,0.810346777528765,NA,NA,6.99445073875574,2.64470239133929,3,20,1
3,"cgfm_independent","rolling_one_step",10,1,2,3,6.64280542008943,NA,2.37621168789459,1.91026634452464,0.264245959964234,NA,NA,13.2700313286329,3.64280542008943,3,34,2
3,"cgfm_shared","rolling_one_step",10,1,2,3,2.14756637232294,NA,1.7450259463969,0.629117861013135,0.776213426977099,NA,NA,0.726643089594678,0.852433627677063,3,34,2
3,"cgfm_time_varying","rolling_one_step",10,1,2,3,2.50420359466287,NA,2.05759676546373,0.813293314496779,0.583483708427862,NA,NA,0.24581407554522,0.49579640533713,3,34,2
3,"cgfm_independent","rolling_one_step",11,1,1,3,4.02957397410926,NA,2.06906680138737,0.881652483977817,0.480579332396801,NA,NA,1.06002256816314,1.02957397410926,3,20,1
3,"cgfm_shared","rolling_one_step",11,1,1,3,2.58013506531611,NA,1.61938304902442,0.510246146441556,0.547644376615943,NA,NA,0.176286563377105,0.419864934683887,3,20,1
3,"cgfm_time_varying","rolling_one_step",11,1,1,3,4.67233887357735,NA,2.01990635823369,1.15396964629308,0.359038168022014,NA,NA,2.79671730807797,1.67233887357735,3,20,1
3,"cgfm_independent","rolling_one_step",11,1,2,7,5.68032809735968,NA,2.75085365537562,1.48030350431904,0.661959191703026,NA,NA,1.74153393061833,1.31967190264032,3,34,2
3,"cgfm_shared","rolling_one_step",11,1,2,7,1.92813209463016,NA,5.38501911679275,3.90444787328163,0.946209100203717,NA,NA,25.7238440495206,5.07186790536984,3,34,2
3,"cgfm_time_varying","rolling_one_step",11,1,2,7,3.6701274844437,NA,3.03315653916646,2.18082082908908,0.839692917941316,NA,NA,11.0880509698572,3.3298725155563,3,34,2
3,"cgfm_independent","rolling_one_step",12,1,1,1,3.93865119418834,NA,1.95461729234837,1.59058127738761,0.133185659623753,NA,NA,8.63567084110455,2.93865119418834,3,20,1
3,"cgfm_shared","rolling_one_step",12,1,1,1,2.54085926983398,NA,1.6468753191418,0.948665178425026,0.120480756131517,NA,NA,2.37424728943332,1.54085926983398,3,20,1
3,"cgfm_time_varying","rolling_one_step",12,1,1,1,3.36397639105273,NA,1.89560237405345,1.46958543318261,0.237925066965653,NA,NA,5.58838437745468,2.36397639105273,3,20,1
3,"cgfm_independent","rolling_one_step",12,1,2,3,5.55215971483981,NA,2.2367808289313,1.4117578406873,0.333209441190368,NA,NA,6.51351921005123,2.55215971483981,3,34,2
3,"cgfm_shared","rolling_one_step",12,1,2,3,2.20486624995915,NA,1.71205397776829,0.603303613395854,0.696010417738712,NA,NA,0.632237680454019,0.795133750040846,3,34,2
3,"cgfm_time_varying","rolling_one_step",12,1,2,3,6.33922765810336,NA,2.36873216367437,2.05155016067333,0.2262200963385,NA,NA,11.1504413526425,3.33922765810336,3,34,2
4,"cgfm_independent","rolling_one_step",2,1,1,12,4.77327254237877,NA,4.07906215144846,5.04465044659587,0.907145051338543,NA,NA,52.2255897467366,7.22672745762123,4,14,1
4,"cgfm_shared","rolling_one_step",2,1,1,12,7.55271511348278,NA,3.20649061710046,2.79826965777037,0.85816099025628,NA,NA,19.7783428618445,4.44728488651722,4,14,1
4,"cgfm_time_varying","rolling_one_step",2,1,1,12,7.63717313535172,NA,3.17778872935801,2.69994902345082,0.828498102020362,NA,NA,19.0342582508967,4.36282686464828,4,14,1
4,"cgfm_independent","rolling_one_step",2,1,2,22,6.57135735217951,NA,5.44755642830144,11.7493724326451,0.949154949474431,NA,NA,238.043013954145,15.4286426478205,4,42,2
4,"cgfm_shared","rolling_one_step",2,1,2,22,13.50794430757,NA,4.20926245513258,5.79168528276244,0.927723516585015,NA,NA,72.1150098833324,8.49205569242998,4,42,2
4,"cgfm_time_varying","rolling_one_step",2,1,2,22,13.471954894961,NA,3.93509426757542,5.39615274020618,0.864640067953122,NA,NA,72.7275533135789,8.52804510503896,4,42,2
4,"cgfm_independent","rolling_one_step",3,1,1,8,5.46201753028041,NA,2.96809536512432,1.94634789489216,0.736365810496049,NA,NA,6.44135501660393,2.53798246971959,4,14,1
4,"cgfm_shared","rolling_one_step",3,1,1,8,10.2080429828428,NA,2.33129458916683,1.40536810651062,0.294266319822952,NA,NA,4.87545381408145,2.20804298284283,4,14,1
4,"cgfm_time_varying","rolling_one_step",3,1,1,8,10.3663412037762,NA,2.55560117979098,1.70154011861217,0.31430864952876,NA,NA,5.59957069268884,2.36634120377617,4,14,1
4,"cgfm_independent","rolling_one_step",3,1,2,15,7.51923554840752,NA,3.89618130043485,5.04553223766639,0.855797299955434,NA,NA,55.9618367802097,7.48076445159248,4,42,2
4,"cgfm_shared","rolling_one_step",3,1,2,15,18.629700935756,NA,2.73338482492512,2.17078558986519,0.260253444711285,NA,NA,13.1747288830278,3.62970093575597,4,42,2
4,"cgfm_time_varying","rolling_one_step",3,1,2,15,18.9272425135859,NA,2.9703801713049,2.56797388727391,0.300856268426217,NA,NA,15.4232337605163,3.92724251358588,4,42,2
4,"cgfm_independent","rolling_one_step",4,1,1,9,5.79804714901827,NA,3.11929212806139,2.30747405148708,0.744055162756428,NA,NA,10.25250205991,3.20195285098173,4,14,1
4,"cgfm_shared","rolling_one_step",4,1,1,9,10.3862632910559,NA,2.25792265307444,1.1067815952412,0.392933143514797,NA,NA,1.92172591212924,1.38626329105594,4,14,1
4,"cgfm_time_varying","rolling_one_step",4,1,1,9,7.48312373323147,NA,2.65040810643532,1.43435669180323,0.653160450511416,NA,NA,2.30091360868562,1.51687626676853,4,14,1
4,"cgfm_independent","rolling_one_step",4,1,2,24,7.9817102690995,NA,5.23957974503979,11.9198133278916,0.943502687085098,NA,NA,256.585605903073,16.0182897309005,4,42,2
4,"cgfm_shared","rolling_one_step",4,1,2,24,19.0102842047979,NA,3.16309423308308,3.02689709550612,0.797520435273583,NA,NA,24.897263716889,4.98971579520206,4,42,2
4,"cgfm_time_varying","rolling_one_step",4,1,2,24,13.3201412852249,NA,4.30586498666084,6.98854794070389,0.896910411600713,NA,NA,114.059382167558,10.6798587147751,4,42,2
4,"cgfm_independent","rolling_one_step",5,1,1,12,6.97426520057731,NA,3.48765262247783,3.41720987277391,0.816836230552674,NA,NA,25.2580102741282,5.02573479942269,4,14,1
4,"cgfm_shared","rolling_one_step",5,1,1,12,11.8845209105802,NA,2.32961636945574,0.981793231526398,0.513261256532973,NA,NA,0.0133354200932278,0.115479089419807,4,14,1
4,"cgfm_time_varying","rolling_one_step",5,1,1,12,9.32080239285048,NA,2.92460688908497,1.9538131423025,0.707467922289616,NA,NA,7.17809981815572,2.67919760714952,4,14,1
4,"cgfm_independent","rolling_one_step",5,1,2,27,9.60117404288445,NA,5.19126776212713,12.557943428569,0.925563024755411,NA,NA,302.719144685998,17.3988259571156,4,42,2
4,"cgfm_shared","rolling_one_step",5,1,2,27,23.6571897298743,NA,2.91811053308352,2.16960780693885,0.713210706025761,NA,NA,11.1743805020578,3.34281027012569,4,42,2
4,"cgfm_time_varying","rolling_one_step",5,1,2,27,22.4388714185616,NA,3.42186711373552,3.24482386532849,0.673179459783281,NA,NA,20.8038939364144,4.56112858143842,4,42,2
4,"cgfm_independent","rolling_one_step",6,1,1,7,5.28835718402029,NA,2.79065248786878,1.5731627168347,0.688196597182559,NA,NA,2.92972112949496,1.71164281597971,4,14,1
4,"cgfm_shared","rolling_one_step",6,1,1,7,9.09494249390931,NA,2.23948274597861,1.32539085158455,0.236591271406878,NA,NA,4.38878405278697,2.09494249390931,4,14,1
4,"cgfm_time_varying","rolling_one_step",6,1,1,7,7.78561461849783,NA,2.37566135015509,1.17738621645932,0.432108229460725,NA,NA,0.617190328797496,0.785614618497833,4,14,1
4,"cgfm_independent","rolling_one_step",6,1,2,10,7.28028478756887,NA,3.13083593511499,2.24589986232922,0.725627645133837,NA,NA,7.39685083672932,2.71971521243113,4,42,2
4,"cgfm_shared","rolling_one_step",6,1,2,10,18.5907273917833,NA,4.22779475447331,6.09649999222852,0.0307009905967499,NA,NA,73.8005971199361,8.59072739178331,4,42,2
4,"cgfm_time_varying","rolling_one_step",6,1,2,10,16.5072158777092,NA,3.13161766826167,3.95913724949153,0.153331167941874,NA,NA,42.3438584791107,6.5072158777092,4,42,2
4,"cgfm_independent","rolling_one_step",7,1,1,2,4.47723888245153,NA,2.04102928965031,1.32474178152798,0.300789918302235,NA,NA,6.13671248072973,2.47723888245153,4,14,1
4,"cgfm_shared","rolling_one_step",7,1,1,2,7.54443876696559,NA,4.00592591105818,4.10073907145184,0.0232839816413167,NA,NA,30.7408012406309,5.54443876696559,4,14,1
4,"cgfm_time_varying","rolling_one_step",7,1,1,2,5.36659159554875,NA,2.33091436145928,2.11420266735726,0.108168553698416,NA,NA,11.3339389712195,3.36659159554875,4,14,1
4,"cgfm_independent","rolling_one_step",7,1,2,4,6.16384547399337,NA,2.37284153041249,1.35594899570711,0.41979084560112,NA,NA,4.68222723532158,2.16384547399337,4,42,2
4,"cgfm_shared","rolling_one_step",7,1,2,4,14.9107278389293,NA,6.25621422208473,8.68700153120439,0.00493792575467399,NA,NA,119.043981975188,10.9107278389293,4,42,2
4,"cgfm_time_varying","rolling_one_step",7,1,2,4,7.6997341138523,NA,2.50607860537,2.26553493372337,0.20178902903957,NA,NA,13.6880325132024,3.6997341138523,4,42,2
4,"cgfm_independent","rolling_one_step",8,1,1,4,3.93709706391419,NA,2.25484020663957,0.898669915948612,0.533924124939553,NA,NA,0.00395677936821544,0.0629029360858095,4,14,1
4,"cgfm_shared","rolling_one_step",8,1,1,4,6.10947537291289,NA,2.09795613734926,1.30311105728901,0.214250093351866,NA,NA,4.44988634892598,2.10947537291289,4,14,1
4,"cgfm_time_varying","rolling_one_step",8,1,1,4,2.67253335032853,NA,2.28837443378716,1.06229153961205,0.7177956455803,NA,NA,1.76216770599,1.32746664967147,4,14,1
4,"cgfm_independent","rolling_one_step",8,1,2,9,5.42024977679142,NA,3.17872281090805,2.48188028075196,0.762587480002406,NA,NA,12.8146116605618,3.57975022320858,4,42,2
4,"cgfm_shared","rolling_one_step",8,1,2,9,12.0544082763008,NA,2.49937479888263,1.86223523527049,0.21505818462952,NA,NA,9.32940991833502,3.05440827630083,4,42,2
4,"cgfm_time_varying","rolling_one_step",8,1,2,9,4.22046743744949,NA,3.50070710193016,3.14213052044116,0.860601925283113,NA,NA,22.8439315164807,4.77953256255051,4,42,2
4,"cgfm_independent","rolling_one_step",9,1,1,2,4.05765348654416,NA,1.96977412971192,1.13289278911871,0.270238469068575,NA,NA,4.23393787068734,2.05765348654416,4,14,1
4,"cgfm_shared","rolling_one_step",9,1,1,2,5.99783942758868,NA,3.05801386904017,2.78863130173555,0.0370593046508823,NA,NA,15.9827200887826,3.99783942758868,4,14,1
4,"cgfm_time_varying","rolling_one_step",9,1,1,2,4.06325204922637,NA,1.96045648454671,1.29685516261442,0.255956515529187,NA,NA,4.2570090186368,2.06325204922637,4,14,1
4,"cgfm_independent","rolling_one_step",9,1,2,5,5.58621889300473,NA,2.44760158246561,1.12253843454981,0.528357170502662,NA,NA,0.343652590515689,0.586218893004729,4,42,2
4,"cgfm_shared","rolling_one_step",9,1,2,5,11.9190233662317,NA,4.17166401644293,5.06074597750813,0.0258448805743924,NA,NA,47.8728843424601,6.91902336623169,4,42,2
4,"cgfm_time_varying","rolling_one_step",9,1,2,5,7.80592752212687,NA,2.41447296774271,1.77796376384286,0.291003994183736,NA,NA,7.87322925942905,2.80592752212687,4,42,2
4,"cgfm_independent","rolling_one_step",10,1,1,2,4.76306540253282,NA,2.09009541542562,1.46287663157911,0.300137174100969,NA,NA,7.63453041867386,2.76306540253282,4,14,1
4,"cgfm_shared","rolling_one_step",10,1,1,2,6.74784875071805,NA,3.52225390435039,3.42271506054383,0.0213265073594165,NA,NA,22.5420677596949,4.74784875071805,4,14,1
4,"cgfm_time_varying","rolling_one_step",10,1,1,2,3.38648690187647,NA,1.83487886042515,0.967685466860639,0.353966073852728,NA,NA,1.92234592907502,1.38648690187647,4,14,1
4,"cgfm_independent","rolling_one_step",10,1,2,9,6.55730706613262,NA,3.03465851195337,2.03644095316625,0.6927496916908,NA,NA,5.96674876916563,2.44269293386738,4,42,2
4,"cgfm_shared","rolling_one_step",10,1,2,9,13.4880912923276,NA,2.88229874802657,2.82454406281388,0.0963762641201113,NA,NA,20.1429634482669,4.4880912923276,4,42,2
4,"cgfm_time_varying","rolling_one_step",10,1,2,9,6.11582469607412,NA,2.89181803133691,1.94257925284327,0.767657599207415,NA,NA,8.31846718377595,2.88417530392588,4,42,2
4,"cgfm_independent","rolling_one_step",11,1,1,2,4.10214095517176,NA,1.97725310388789,1.15253533185963,0.353915468732335,NA,NA,4.41899659541046,2.10214095517176,4,14,1
4,"cgfm_shared","rolling_one_step",11,1,1,2,5.5779811193823,NA,2.81123408412235,2.44426345759386,0.0802696525203842,NA,NA,12.8019488906562,3.5779811193823,4,14,1
4,"cgfm_time_varying","rolling_one_step",11,1,1,2,2.68751521770591,NA,1.72084860921281,0.720674026207213,0.373339659767661,NA,NA,0.472677174577199,0.687515217705906,4,14,1
4,"cgfm_independent","rolling_one_step",11,1,2,7,5.64746416069702,NA,2.76376068468494,1.4990089203278,0.678253902660398,NA,NA,1.829353196599,1.35253583930298,4,42,2
4,"cgfm_shared","rolling_one_step",11,1,2,7,11.5044991936731,NA,2.93271695157936,2.91493535879849,0.0860756450368191,NA,NA,20.2905129858017,4.50449919367311,4,42,2
4,"cgfm_time_varying","rolling_one_step",11,1,2,7,7.01344430909615,NA,2.40091563870257,1.12062762165857,0.507408590842456,NA,NA,0.000180749447072948,0.0134443090961547,4,42,2
4,"cgfm_independent","rolling_one_step",12,1,1,3,3.85613463504597,NA,2.06328720593146,0.844738145709916,0.473186019017429,NA,NA,0.732966513325299,0.856134635045972,4,14,1
4,"cgfm_shared","rolling_one_step",12,1,1,3,4.99816257709395,NA,2.0095470650392,1.23673380523237,0.20579920711858,NA,NA,3.99265368449875,1.99816257709395,4,14,1
4,"cgfm_time_varying","rolling_one_step",12,1,1,3,2.72693230183944,NA,1.94718805741409,0.743719305669962,0.5504050250894,NA,NA,0.0745659677787071,0.273067698160561,4,14,1
4,"cgfm_independent","rolling_one_step",12,1,2,12,5.30878890026887,NA,3.87701072020599,4.57351590159998,0.87515077948759,NA,NA,44.772305981165,6.69121109973113,4,42,2
4,"cgfm_shared","rolling_one_step",12,1,2,12,10.4847503850862,NA,2.3510361639468,1.11585533024729,0.696975487710655,NA,NA,2.29598139549632,1.51524961491377,4,42,2
4,"cgfm_time_varying","rolling_one_step",12,1,2,12,6.08686905066057,NA,3.68599988363838,3.83071159498815,0.869685216136794,NA,NA,34.9651176240358,5.91313094933943,4,42,2
5,"cgfm_independent","rolling_one_step",2,1,1,6,5.11953963525363,NA,2.61289709702266,1.27435900058036,0.633039165939295,NA,NA,0.775210453889304,0.880460364746366,5,15,1
5,"cgfm_shared","rolling_one_step",2,1,1,6,6.41941156455625,NA,2.05906936888762,0.79528787681372,0.434342296444532,NA,NA,0.175906060483521,0.41941156455625,5,15,1
5,"cgfm_time_varying","rolling_one_step",2,1,1,6,6.42122277688938,NA,2.26980231753594,1.03512957132369,0.462571750140839,NA,NA,0.177428627770403,0.421222776889383,5,15,1
5,"cgfm_independent","rolling_one_step",2,1,2,0,7.07066793514813,NA,3.08244625357561,4.38506871077275,0.0140602535564104,NA,NA,49.9943450491319,7.07066793514813,5,62,2
5,"cgfm_shared","rolling_one_step",2,1,2,0,13.5978742423829,NA,6.95373682084971,11.2025614085496,9.76221567269392e-05,NA,NA,184.90218391166,13.5978742423829,5,62,2
5,"cgfm_time_varying","rolling_one_step",2,1,2,0,13.4989790867876,NA,6.7015733607039,10.6523744306075,6.38373147636937e-05,NA,NA,182.222436385528,13.4989790867876,5,62,2
5,"cgfm_independent","rolling_one_step",3,1,1,8,5.47587475737593,NA,2.96642572583275,1.94148815447635,0.716482134746043,NA,NA,6.37120824045201,2.52412524262407,5,15,1
5,"cgfm_shared","rolling_one_step",3,1,1,8,6.79988166259847,NA,2.25566529734714,0.984791142343509,0.599552851430518,NA,NA,1.4402840237674,1.20011833740153,5,15,1
5,"cgfm_time_varying","rolling_one_step",3,1,1,8,6.05423357869107,NA,2.65465398753369,1.49385644814888,0.708949856053017,NA,NA,3.78600696629338,1.94576642130893,5,15,1
5,"cgfm_independent","rolling_one_step",3,1,2,13,7.56257944380457,NA,3.56282879544126,3.69452735187666,0.812645838734543,NA,NA,29.5655423049366,5.43742055619543,5,62,2
5,"cgfm_shared","rolling_one_step",3,1,2,13,10.0131229841644,NA,2.733447997119,1.82857034587016,0.767177429777747,NA,NA,8.92143430772684,2.98687701583558,5,62,2
5,"cgfm_time_varying","rolling_one_step",3,1,2,13,2.54693163738069,NA,6.10140366225274,8.11400610840703,0.936026495467323,NA,NA,109.266638193593,10.4530683626193,5,62,2
5,"cgfm_independent","rolling_one_step",4,1,1,8,6.00316057336906,NA,2.912923662977,1.78203127059819,0.669472900392107,NA,NA,3.98736769574777,1.99683942663094,5,15,1
5,"cgfm_shared","rolling_one_step",4,1,1,8,7.89160603791859,NA,2.14275691584561,0.822807232165238,0.508381359136029,NA,NA,0.011749251015707,0.108393962081414,5,15,1
5,"cgfm_time_varying","rolling_one_step",4,1,1,8,7.7596034132999,NA,2.50275243855027,1.21574290714005,0.580269988631589,NA,NA,0.0577905188970602,0.240396586700103,5,15,1
5,"cgfm_independent","rolling_one_step",4,1,2,7,8.29069730408504,NA,2.75195668098931,1.57053734610271,0.460707569042488,NA,NA,1.6658995307724,1.29069730408504,5,62,2
5,"cgfm_shared","rolling_one_step",4,1,2,7,11.9922488314422,NA,3.00693405119415,3.19863903207169,0.0948346993532133,NA,NA,24.9225483950362,4.99224883144221,5,62,2
5,"cgfm_time_varying","rolling_one_step",4,1,2,7,12.362058409083,NA,2.89801453628013,3.23254173382138,0.195168445146873,NA,NA,28.7516703824181,5.36205840908304,5,62,2
5,"cgfm_independent","rolling_one_step",5,1,1,0,7.35960788274516,NA,3.14451982330019,4.57041091744286,0.0413033722034495,NA,NA,54.1638281877648,7.35960788274516,5,15,1
5,"cgfm_shared","rolling_one_step",5,1,1,0,9.46696277434198,NA,6.77073161687933,7.68998031069362,0.000130883595695989,NA,NA,89.6233841707769,9.46696277434198,5,15,1
5,"cgfm_time_varying","rolling_one_step",5,1,1,0,8.84853570578772,NA,4.91423356865174,6.5540226454858,0.000155483086000003,NA,NA,78.2965841366002,8.84853570578772,5,15,1
5,"cgfm_independent","rolling_one_step",5,1,2,9,10.1645104163477,NA,2.97635207073042,1.94614265515913,0.493841871037867,NA,NA,1.35608450978235,1.16451041634772,5,62,2
5,"cgfm_shared","rolling_one_step",5,1,2,9,13.0206576775777,NA,2.71981792107326,2.443963812969,0.177486377831352,NA,NA,16.1656881602648,4.02065767757774,5,62,2
5,"cgfm_time_varying","rolling_one_step",5,1,2,9,9.00783153271208,NA,2.66628958720335,1.41826346167397,0.55581419777166,NA,NA,6.13329046204371e-05,0.0078315327120837,5,62,2
5,"cgfm_independent","rolling_one_step",6,1,1,3,5.23235733758572,NA,2.203324564399,1.28150272372241,0.351533968535597,NA,NA,4.98341928267279,2.23235733758572,5,15,1
5,"cgfm_shared","rolling_one_step",6,1,1,3,5.38195955221537,NA,2.14662027862826,1.47178412398642,0.115409188967176,NA,NA,5.67373130839007,2.38195955221537,5,15,1
5,"cgfm_time_varying","rolling_one_step",6,1,1,3,1.72432638487271,NA,2.23404510612654,1.00768591291796,0.791061264925613,NA,NA,1.62734317233192,1.27567361512729,5,15,1
5,"cgfm_independent","rolling_one_step",6,1,2,19,7.22642747172268,NA,4.66396185607101,8.42919666122562,0.919759241691077,NA,NA,138.617010078606,11.7735725282773,5,62,2
5,"cgfm_shared","rolling_one_step",6,1,2,19,8.68923657891625,NA,5.94640831544655,7.87250475153219,0.958712375533364,NA,NA,106.311842325559,10.3107634210838,5,62,2
5,"cgfm_time_varying","rolling_one_step",6,1,2,19,6.63868029341486,NA,5.57948281171654,9.07620198435531,0.935236105617847,NA,NA,152.80222488841,12.3613197065851,5,62,2
5,"cgfm_independent","rolling_one_step",7,1,1,3,4.45361737599523,NA,2.1170068375192,1.0057720306965,0.432251169040998,NA,NA,2.11300347579526,1.45361737599523,5,15,1
5,"cgfm_shared","rolling_one_step",7,1,1,3,4.38752132748808,NA,1.81071413002606,0.891478983243898,0.331816399493225,NA,NA,1.92521543423428,1.38752132748808,5,15,1
5,"cgfm_time_varying","rolling_one_step",7,1,1,3,3.2953670886852,NA,1.92032860301917,0.764105381288212,0.509369136827469,NA,NA,0.0872417170783691,0.295367088685197,5,15,1
5,"cgfm_independent","rolling_one_step",7,1,2,4,6.15108624776483,NA,2.37177273306028,1.35165536086186,0.344038958216716,NA,NA,4.62717204532298,2.15108624776483,5,62,2
5,"cgfm_shared","rolling_one_step",7,1,2,4,8.66261290051107,NA,3.13805638448864,3.17979836051789,0.049229197367608,NA,NA,21.7399590600122,4.66261290051107,5,62,2
5,"cgfm_time_varying","rolling_one_step",7,1,2,4,12.9006352865211,NA,3.93779558981305,6.22419770719291,0.0330339018198982,NA,NA,79.2213085036638,8.90063528652106,5,62,2
5,"cgfm_independent","rolling_one_step",8,1,1,2,4.0077436237913,NA,1.96142604047506,1.11106846070552,0.353007688177209,NA,NA,4.03103445887462,2.0077436237913,5,15,1
5,"cgfm_shared","rolling_one_step",8,1,1,2,3.80327550550775,NA,1.86540229071679,1.11174430334748,0.214267486583371,NA,NA,3.25180254876423,1.80327550550775,5,15,1
5,"cgfm_time_varying","rolling_one_step",8,1,1,2,3.24169958864953,NA,1.78685595105056,0.90405048630072,0.341464226837108,NA,NA,1.5418178684524,1.24169958864953,5,15,1
5,"cgfm_independent","rolling_one_step",8,1,2,5,5.53528993612178,NA,2.44628219034958,1.11620178035502,0.504210842939796,NA,NA,0.286535315713259,0.53528993612178,5,62,2
5,"cgfm_shared","rolling_one_step",8,1,2,5,7.32944240560174,NA,2.20701483938193,1.43615177855623,0.206674374040748,NA,NA,5.42630192101563,2.32944240560174,5,62,2
5,"cgfm_time_varying","rolling_one_step",8,1,2,5,4.29776927687208,NA,2.28328832917953,1.0005945938268,0.614041741480686,NA,NA,0.493127988504757,0.702230723127917,5,62,2
5,"cgfm_independent","rolling_one_step",9,1,1,1,3.9936643157531,NA,1.96310611916628,1.61480727468009,0.173927200970266,NA,NA,8.96202603541349,2.9936643157531,5,15,1
5,"cgfm_shared","rolling_one_step",9,1,1,1,3.56148322602779,NA,2.28356826060073,1.69713579725195,0.114529536335224,NA,NA,6.56119631722175,2.56148322602779,5,15,1
5,"cgfm_time_varying","rolling_one_step",9,1,1,1,2.83752161461561,NA,1.70212387141286,1.13725699168434,0.304901869847053,NA,NA,3.37648568417954,1.83752161461561,5,15,1
5,"cgfm_independent","rolling_one_step",9,1,2,11,5.51584460785071,NA,3.5892265533022,3.68828288584329,0.835536516802287,NA,NA,30.0759603652402,5.48415539214929,5,62,2
5,"cgfm_shared","rolling_one_step",9,1,2,11,6.94982390957514,NA,3.13681704938894,2.55804032716535,0.882035355350722,NA,NA,16.4039263634492,4.05017609042486,5,62,2
5,"cgfm_time_varying","rolling_one_step",9,1,2,11,5.14899242319308,NA,3.75977217797036,3.85806014430218,0.883250595259872,NA,NA,34.234289663852,5.85100757680692,5,62,2
5,"cgfm_independent","rolling_one_step",10,1,1,2,4.74279556703554,NA,2.08661547056159,1.45289214950559,0.210470703838909,NA,NA,7.52292752254983,2.74279556703554,5,15,1
5,"cgfm_shared","rolling_one_step",10,1,1,2,4.0534033622342,NA,1.97845235715248,1.27649733435165,0.219505700736566,NA,NA,4.21646536803473,2.0534033622342,5,15,1
5,"cgfm_time_varying","rolling_one_step",10,1,1,2,2.71733422465153,NA,1.75132177793252,0.739707443463413,0.445190218536359,NA,NA,0.514568389856411,0.71733422465153,5,15,1
5,"cgfm_independent","rolling_one_step",10,1,2,10,6.55044523597255,NA,3.20347995760108,2.50478185543999,0.756673339980297,NA,NA,11.8994280700245,3.44955476402745,5,62,2
5,"cgfm_shared","rolling_one_step",10,1,2,10,8.7124771260941,NA,2.26069551397851,1.00310384729178,0.647392786035947,NA,NA,1.6577151508309,1.2875228739059,5,62,2
5,"cgfm_time_varying","rolling_one_step",10,1,2,10,10.6024938092975,NA,2.62077280373967,1.41031376945726,0.48089756692513,NA,NA,0.362998790241854,0.602493809297535,5,62,2
5,"cgfm_independent","rolling_one_step",11,1,1,2,4.10612799044268,NA,1.97793647987719,1.15429934793599,0.244487871853735,NA,NA,4.43577511212614,2.10612799044268,5,15,1
5,"cgfm_shared","rolling_one_step",11,1,1,2,3.43141660050125,NA,1.71290777188284,0.889359428020747,0.262175596230863,NA,NA,2.04895348419057,1.43141660050125,5,15,1
5,"cgfm_time_varying","rolling_one_step",11,1,1,2,2.68373021446865,NA,1.71742586051768,0.718447524329731,0.465476185853235,NA,NA,0.467487006177352,0.683730214468655,5,15,1
5,"cgfm_independent","rolling_one_step",11,1,2,6,5.67117088355085,NA,2.59596762064564,1.23993060077178,0.604460575755838,NA,NA,0.108128587824728,0.328829116449149,5,62,2
5,"cgfm_shared","rolling_one_step",11,1,2,6,7.78390700792554,NA,2.11549398285462,1.15426773369441,0.225087337876018,NA,NA,3.18232421292586,1.78390700792554,5,62,2
5,"cgfm_time_varying","rolling_one_step",11,1,2,6,7.63105120695138,NA,2.35365756797125,1.33438513657027,0.387632319652095,NA,NA,2.66032803969756,1.63105120695138,5,62,2
5,"cgfm_independent","rolling_one_step",12,1,1,4,3.86975454640511,NA,2.25544178082676,0.897446443113527,0.539793876493413,NA,NA,0.016963878182138,0.130245453594887,5,15,1
5,"cgfm_shared","rolling_one_step",12,1,1,4,3.13553500919368,NA,1.82721350742603,0.66652067835106,0.695061848975048,NA,NA,0.747299720329766,0.864464990806317,5,15,1
5,"cgfm_time_varying","rolling_one_step",12,1,1,4,2.72450807334676,NA,2.26996287288156,1.04123234644217,0.714672150576048,NA,NA,1.6268796549576,1.27549192665324,5,15,1
5,"cgfm_independent","rolling_one_step",12,1,2,9,5.34470876818149,NA,3.19232663636329,2.52014927693268,0.790938859228137,NA,NA,13.3611539894092,3.65529123181851,5,62,2
5,"cgfm_shared","rolling_one_step",12,1,2,9,7.20229997236426,NA,2.30912511548486,1.1486721144387,0.734787313114634,NA,NA,3.23172538936153,1.79770002763574,5,62,2
5,"cgfm_time_varying","rolling_one_step",12,1,2,9,5.52771141679011,NA,3.00309300654592,2.21687266372402,0.793281654709502,NA,NA,12.0567880050898,3.47228858320989,5,62,2
6,"cgfm_independent","rolling_one_step",2,1,1,6,5.00945136144753,NA,2.6076325195711,1.27617560943495,0.622795146264301,NA,NA,0.981186605338143,0.990548638552466,6,21,1
6,"cgfm_shared","rolling_one_step",2,1,1,6,6.98328541125607,NA,2.08285474395558,0.901173786747961,0.356381604945689,NA,NA,0.966850199989027,0.983285411256074,6,21,1
6,"cgfm_time_varying","rolling_one_step",2,1,1,6,7.04221430422655,NA,2.28032765156557,1.14122406458107,0.447284044829838,NA,NA,1.08621065593444,1.04221430422655,6,21,1
6,"cgfm_independent","rolling_one_step",2,1,2,1,7.17372527920648,NA,2.67460842504291,3.56300175937755,0.0575898664623063,NA,NA,38.1148838231131,6.17372527920648,6,53,2
6,"cgfm_shared","rolling_one_step",2,1,2,1,1.93633173400097,NA,1.3649811819829,0.576814041059065,0.389300927524527,NA,NA,0.876717116097258,0.936331734000967,6,53,2
6,"cgfm_time_varying","rolling_one_step",2,1,2,1,2.03332382726817,NA,1.46426627232408,0.719226014145627,0.405189254489257,NA,NA,1.06775813200015,1.03332382726817,6,53,2
6,"cgfm_independent","rolling_one_step",3,1,1,7,5.53000350766091,NA,2.76062912389668,1.50757133921293,0.677883727808209,NA,NA,2.16088968748923,1.46999649233909,6,21,1
6,"cgfm_shared","rolling_one_step",3,1,1,7,7.5012205667607,NA,2.10038081435049,0.833710474931145,0.445724194669902,NA,NA,0.251222056543919,0.501220566760701,6,21,1
6,"cgfm_time_varying","rolling_one_step",3,1,1,7,6.18343853836465,NA,2.46199584343081,1.17473477359466,0.602251485643042,NA,NA,0.666772620628059,0.81656146163535,6,21,1
6,"cgfm_independent","rolling_one_step",3,1,2,0,7.91888219359004,NA,3.30503526196095,4.9656655900544,0.000998436444693667,NA,NA,62.7086951959574,7.91888219359004,6,53,2
6,"cgfm_shared","rolling_one_step",3,1,2,0,1.84271799635958,NA,1.63613663153109,1.14679757648116,0.131387966035008,NA,NA,3.39560961410748,1.84271799635958,6,53,2
6,"cgfm_time_varying","rolling_one_step",3,1,2,0,3.4538814239651,NA,2.18875172629407,2.24226114852845,0.034448284948617,NA,NA,11.9292968908112,3.4538814239651,6,53,2
6,"cgfm_independent","rolling_one_step",4,1,1,10,5.89971292727008,NA,3.29163871849007,2.80026550319454,0.774962792461016,NA,NA,16.8123540787961,4.10028707272992,6,21,1
6,"cgfm_shared","rolling_one_step",4,1,1,10,7.99555176059128,NA,2.45097446526783,1.30403909500284,0.724469557479808,NA,NA,4.01781274446873,2.00444823940872,6,21,1
6,"cgfm_time_varying","rolling_one_step",4,1,1,10,6.89330535799876,NA,2.92532724088213,2.03869091224858,0.738881259864742,NA,NA,9.65155159863919,3.10669464200124,6,21,1
6,"cgfm_independent","rolling_one_step",4,1,2,2,8.44823707104002,NA,2.69943317716105,3.57288916418916,0.128656384820586,NA,NA,41.5797613243348,6.44823707104002,6,53,2
6,"cgfm_shared","rolling_one_step",4,1,2,2,1.48221096931778,NA,1.58769425739076,0.507303684373889,0.571339094867304,NA,NA,0.268105480294832,0.517789030682219,6,53,2
6,"cgfm_time_varying","rolling_one_step",4,1,2,2,2.80358817992865,NA,1.79333779375317,0.776518876760543,0.447150018159175,NA,NA,0.645753962921038,0.803588179928649,6,53,2
6,"cgfm_independent","rolling_one_step",5,1,1,5,7.20039155110577,NA,2.51974875553708,1.47778721292862,0.387026939897608,NA,NA,4.84172297817765,2.20039155110577,6,21,1
6,"cgfm_shared","rolling_one_step",5,1,1,5,9.99944672610987,NA,3.1136464795467,3.3243056336429,0.0538669577502479,NA,NA,24.9944675672107,4.99944672610987,6,21,1
6,"cgfm_time_varying","rolling_one_step",5,1,1,5,10.2509432579294,NA,2.83740574346483,3.22041080096478,0.162306520821113,NA,NA,27.5724050979947,5.25094325792945,6,21,1
6,"cgfm_independent","rolling_one_step",5,1,2,4,10.3110409802441,NA,2.79634039780621,3.4085598541496,0.205269191582729,NA,NA,39.82923825432,6.31104098024407,6,53,2
6,"cgfm_shared","rolling_one_step",5,1,2,4,1.89581049758952,NA,2.56042085918997,1.39118131403946,0.860433761098686,NA,NA,4.42761346205447,2.10418950241048,6,53,2
6,"cgfm_time_varying","rolling_one_step",5,1,2,4,4.93644008664956,NA,2.22541038901137,1.07031479112242,0.425368028138123,NA,NA,0.87692003588424,0.936440086649562,6,53,2
6,"cgfm_independent","rolling_one_step",6,1,1,4,5.29946077903734,NA,2.29644631261942,1.093968814718,0.409769346710342,NA,NA,1.68859831625634,1.29946077903734,6,21,1
6,"cgfm_shared","rolling_one_step",6,1,1,4,6.66912346096296,NA,2.27984564643808,1.64857171927166,0.210951021621218,NA,NA,7.12422004986287,2.66912346096296,6,21,1
6,"cgfm_time_varying","rolling_one_step",6,1,1,4,4.23520480548175,NA,2.08203102605956,0.865986470271689,0.556414839315114,NA,NA,0.0553213005217079,0.23520480548175,6,21,1
6,"cgfm_independent","rolling_one_step",6,1,2,3,7.58885842652237,NA,2.49880645659037,2.38988113489776,0.260973961447683,NA,NA,21.0576216586654,4.58885842652237,6,53,2
6,"cgfm_shared","rolling_one_step",6,1,2,3,1.7248417110221,NA,1.99217206968903,0.846025590682444,0.721204172200909,NA,NA,1.62602866194904,1.2751582889779,6,53,2
6,"cgfm_time_varying","rolling_one_step",6,1,2,3,4.32037569774444,NA,2.03191094790407,1.03775966869163,0.39444720215602,NA,NA,1.74339198319411,1.32037569774444,6,53,2
6,"cgfm_independent","rolling_one_step",7,1,1,3,4.35914762885922,NA,2.09977619139746,0.973363779285584,0.369998719819833,NA,NA,1.84728227703364,1.35914762885922,6,21,1
6,"cgfm_shared","rolling_one_step",7,1,1,3,5.26452060378138,NA,2.1066744958633,1.40085750567228,0.155026043387646,NA,NA,5.1280535649504,2.26452060378138,6,21,1
6,"cgfm_time_varying","rolling_one_step",7,1,1,3,3.71860193941497,NA,1.92344641757038,0.833882694439035,0.437272649999768,NA,NA,0.516388747330961,0.718601939414973,6,21,1
6,"cgfm_independent","rolling_one_step",7,1,2,4,6.24259273909832,NA,2.37197878720889,1.3796104691673,0.408221556188472,NA,NA,5.0292221934565,2.24259273909832,6,53,2
6,"cgfm_shared","rolling_one_step",7,1,2,4,1.57568379071891,NA,2.92471655465072,1.66752084751193,0.909111502257268,NA,NA,5.87730908258305,2.42431620928109,6,53,2
6,"cgfm_time_varying","rolling_one_step",7,1,2,4,3.74764970040086,NA,2.14237586157997,0.879468057252174,0.514926942965428,NA,NA,0.0636806737077735,0.252350299599136,6,53,2
6,"cgfm_independent","rolling_one_step",8,1,1,2,3.86664410588842,NA,1.93386445316998,1.05123532975838,0.289623890794888,NA,NA,3.48436021804798,1.86664410588842,6,21,1
6,"cgfm_shared","rolling_one_step",8,1,1,2,4.44113328939067,NA,2.16889077410448,1.55072320732602,0.160134877765539,NA,NA,5.95913173657131,2.44113328939067,6,21,1
6,"cgfm_time_varying","rolling_one_step",8,1,1,2,3.16736044661946,NA,1.77026879521324,0.873594482924434,0.358800299246668,NA,NA,1.36273041233158,1.16736044661946,6,21,1
6,"cgfm_independent","rolling_one_step",8,1,2,10,5.53731372104411,NA,3.36237797915117,3.00604027019563,0.813149619051314,NA,NA,19.9155688243812,4.46268627895589,6,53,2
6,"cgfm_shared","rolling_one_step",8,1,2,10,1.59843109425126,NA,6.94484084445321,6.96484644089113,0.952350784964432,NA,NA,70.5863600780441,8.40156890574874,6,53,2
6,"cgfm_time_varying","rolling_one_step",8,1,2,10,4.26651686011835,NA,3.84934235007125,3.85791455794247,0.888250996219134,NA,NA,32.8728289153072,5.73348313988165,6,53,2
6,"cgfm_independent","rolling_one_step",9,1,1,4,3.96898402169553,NA,2.24442544712383,0.891636139960416,0.601090312635358,NA,NA,0.000961990910183265,0.0310159783044686,6,21,1
6,"cgfm_shared","rolling_one_step",9,1,1,4,4.27833736244969,NA,1.73093327511378,0.580936479307519,0.475266748490437,NA,NA,0.0774716873354513,0.278337362449692,6,21,1
6,"cgfm_time_varying","rolling_one_step",9,1,1,4,2.8987120582595,NA,2.22885682226698,0.987461553452025,0.673846748683191,NA,NA,1.21283513062302,1.1012879417405,6,21,1
6,"cgfm_independent","rolling_one_step",9,1,2,3,5.68386980563455,NA,2.25315187817345,1.46799188148027,0.310926841918858,NA,NA,7.20315713359684,2.68386980563455,6,53,2
6,"cgfm_shared","rolling_one_step",9,1,2,3,2.28810815815477,NA,1.69313986976613,0.579760920437476,0.679601755780577,NA,NA,0.50678999448579,0.711891841845227,6,53,2
6,"cgfm_time_varying","rolling_one_step",9,1,2,3,8.46449330509763,NA,2.94062300491048,3.54496718693269,0.0986137337812155,NA,NA,29.8606870814568,5.46449330509763,6,53,2
6,"cgfm_independent","rolling_one_step",10,1,1,5,4.72156002075563,NA,2.43039893039436,1.05927739826817,0.55574928295063,NA,NA,0.077528822041607,0.278439979244373,6,21,1
6,"cgfm_shared","rolling_one_step",10,1,1,5,5.12928790010176,NA,1.83629161932911,0.625431567375934,0.464438404015798,NA,NA,0.0167153611127215,0.129287900101756,6,21,1
6,"cgfm_time_varying","rolling_one_step",10,1,1,5,4.72718837323541,NA,2.237564118085,0.958111940092214,0.516791163217889,NA,NA,0.0744261836979426,0.272811626764591,6,21,1
6,"cgfm_independent","rolling_one_step",10,1,2,0,6.76153949125994,NA,3.05335421042084,4.21071397709564,0.00362521042940173,NA,NA,45.7184162918677,6.76153949125994,6,53,2
6,"cgfm_shared","rolling_one_step",10,1,2,0,2.82043064364262,NA,2.74493423359933,2.00764165721015,0.014113691962443,NA,NA,7.95482901559834,2.82043064364262,6,53,2
6,"cgfm_time_varying","rolling_one_step",10,1,2,0,4.77350473533746,NA,2.93119222401389,3.27150708048105,0.0361799579007257,NA,NA,22.7863474582891,4.77350473533746,6,53,2
6,"cgfm_independent","rolling_one_step",11,1,1,2,4.08744785908815,NA,1.97137157185245,1.14743202017092,0.351451674130711,NA,NA,4.35743856441171,2.08744785908815,6,21,1
6,"cgfm_shared","rolling_one_step",11,1,1,2,4.51579358663296,NA,2.21263514735423,1.60932591451189,0.162474307082855,NA,NA,6.32921737054352,2.51579358663296,6,21,1
6,"cgfm_time_varying","rolling_one_step",11,1,1,2,4.22862644350251,NA,2.00083314696939,1.39423041485336,0.197587677538505,NA,NA,4.96677582467866,2.22862644350251,6,21,1
6,"cgfm_independent","rolling_one_step",11,1,2,0,5.85351500306134,NA,2.83145972110763,3.6232927133302,0.0063464859025539,NA,NA,34.2636378910642,5.85351500306134,6,53,2
6,"cgfm_shared","rolling_one_step",11,1,2,0,2.28254358110149,NA,2.2533269606938,1.57160573107622,0.0410631921683665,NA,NA,5.21000519962761,2.28254358110149,6,53,2
6,"cgfm_time_varying","rolling_one_step",11,1,2,0,2.06522441320663,NA,1.50800565438431,1.28994485936775,0.00489035694185228,NA,NA,4.26515187690467,2.06522441320663,6,53,2
6,"cgfm_independent","rolling_one_step",12,1,1,3,3.8953702183067,NA,2.05774110251117,0.848903426422881,0.411210050109878,NA,NA,0.801687827830588,0.8953702183067,6,21,1
6,"cgfm_shared","rolling_one_step",12,1,1,3,4.13222891908248,NA,1.73457277337339,0.771754302413018,0.24910162455518,NA,NA,1.28194232520668,1.13222891908248,6,21,1
6,"cgfm_time_varying","rolling_one_step",12,1,1,3,2.76899670925109,NA,1.93846612599731,0.73903546770612,0.630241115332379,NA,NA,0.0533625203368261,0.231003290748911,6,21,1
6,"cgfm_independent","rolling_one_step",12,1,2,1,5.57845108698863,NA,2.34640267684209,2.57186205436455,0.113330006834376,NA,NA,20.9622143559474,4.57845108698863,6,53,2
6,"cgfm_shared","rolling_one_step",12,1,2,1,2.02173558391303,NA,1.37318888541896,0.631246290863187,0.135067151981457,NA,NA,1.04394360343411,1.02173558391303,6,53,2
6,"cgfm_time_varying","rolling_one_step",12,1,2,1,2.08905683065708,NA,1.47861987964049,0.742794444339808,0.225766778983071,NA,NA,1.18604478040085,1.08905683065708,6,53,2
7,"cgfm_independent","rolling_one_step",2,1,1,4,5.01735710366843,NA,2.29190483823513,1.03772273561581,0.51098827442307,NA,NA,1.03501547638461,1.01735710366843,7,7,1
7,"cgfm_shared","rolling_one_step",2,1,1,4,2.44754478480002,NA,2.22017888915598,1.03307038736102,0.808200549103253,NA,NA,2.41011719520163,1.55245521519998,7,7,1
7,"cgfm_time_varying","rolling_one_step",2,1,1,4,2.39569865520434,NA,2.39053517090474,1.18389530249355,0.704393898993775,NA,NA,2.57378280491316,1.60430134479566,7,7,1
7,"cgfm_independent","rolling_one_step",2,1,2,10,6.96434542870968,NA,3.16256288553295,2.35392111620404,0.733795101347359,NA,NA,9.21519867619579,3.03565457129032,7,51,2
7,"cgfm_shared","rolling_one_step",2,1,2,10,2.24457816075829,NA,6.15847955358657,6.15986523288073,0.950746254789375,NA,NA,60.1465679045872,7.75542183924171,7,51,2
7,"cgfm_time_varying","rolling_one_step",2,1,2,10,2.3483715564955,NA,5.30805074026844,5.76775620052761,0.926905805698444,NA,NA,58.5474178374471,7.6516284435045,7,51,2
7,"cgfm_independent","rolling_one_step",3,1,1,7,5.51103471692789,NA,2.77727704877311,1.52960077127965,0.691327163949316,NA,NA,2.217017614194,1.48896528307211,7,7,1
7,"cgfm_shared","rolling_one_step",3,1,1,7,3.22137715673277,NA,3.36460638336988,2.55174590569753,0.90541048728652,NA,NA,14.2779905916609,3.77862284326723,7,7,1
7,"cgfm_time_varying","rolling_one_step",3,1,1,7,4.83030997448309,NA,2.67527673218697,1.55101893422755,0.735028993153201,NA,NA,4.70755480682758,2.16969002551691,7,7,1
7,"cgfm_independent","rolling_one_step",3,1,2,10,7.6492468234494,NA,3.10907760401485,2.15335969041251,0.705858192184034,NA,NA,5.52604049706273,2.3507531765506,7,51,2
7,"cgfm_shared","rolling_one_step",3,1,2,10,5.14153972811741,NA,3.61101484568635,3.25821772108046,0.897421486935322,NA,NA,23.6046362134615,4.85846027188259,7,51,2
7,"cgfm_time_varying","rolling_one_step",3,1,2,10,9.85466723491054,NA,2.66143426383371,1.4067806897843,0.561724477866686,NA,NA,0.0211216126085477,0.145332765089458,7,51,2
7,"cgfm_independent","rolling_one_step",4,1,1,4,5.97465646825245,NA,2.36016611191212,1.29528898411074,0.374233580325723,NA,NA,3.89926816761123,1.97465646825245,7,7,1
7,"cgfm_shared","rolling_one_step",4,1,1,4,4.5382236093889,NA,1.81876650865967,0.66286629641108,0.408113672728556,NA,NA,0.289684653703616,0.538223609388901,7,7,1
7,"cgfm_time_varying","rolling_one_step",4,1,1,4,7.00788961535186,NA,2.37719486245039,1.85547119215883,0.235712155668032,NA,NA,9.04739993814155,3.00788961535186,7,7,1
7,"cgfm_independent","rolling_one_step",4,1,2,13,8.29281288159217,NA,3.47843621991346,3.31836964074714,0.764531763555013,NA,NA,22.1576105677046,4.70718711840783,7,51,2
7,"cgfm_shared","rolling_one_step",4,1,2,13,6.99688637198801,NA,3.9475706617809,4.0903105554722,0.929979923517719,NA,NA,36.0373732308233,6.00311362801199,7,51,2
7,"cgfm_time_varying","rolling_one_step",4,1,2,13,10.0532511214242,NA,2.99905505041934,2.1105342306768,0.67953977939329,NA,NA,8.68332895338789,2.94674887857583,7,51,2
7,"cgfm_independent","rolling_one_step",5,1,1,8,7.22909141914032,NA,2.85671962994887,1.59858410977879,0.587177045245757,NA,NA,0.59430004004309,0.770908580859683,7,7,1
7,"cgfm_shared","rolling_one_step",5,1,1,8,5.24907334782698,NA,2.65786935491769,1.69295887307653,0.845069356377107,NA,NA,7.56759744563588,2.75092665217302,7,7,1
7,"cgfm_time_varying","rolling_one_step",5,1,1,8,5.66825975495687,NA,2.77714558606258,1.6924031694341,0.726186652375644,NA,NA,5.43701257035377,2.33174024504313,7,7,1
7,"cgfm_independent","rolling_one_step",5,1,2,8,10.0342631254248,NA,2.90300992152446,1.9586549454691,0.443345709438174,NA,NA,4.13822646346313,2.03426312542481,7,51,2
7,"cgfm_shared","rolling_one_step",5,1,2,8,9.85182183852981,NA,2.26468094366024,1.24465702109101,0.275805952871129,NA,NA,3.42924412165594,1.85182183852981,7,51,2
7,"cgfm_time_varying","rolling_one_step",5,1,2,8,13.8501564903184,NA,2.98826070702896,3.48597671812107,0.207199795771348,NA,NA,34.2243309612143,5.85015649031839,7,51,2
7,"cgfm_independent","rolling_one_step",6,1,1,4,5.33337171607482,NA,2.31172389294679,1.11109312375176,0.478673704151251,NA,NA,1.7778801332283,1.33337171607482,7,7,1
7,"cgfm_shared","rolling_one_step",6,1,1,4,4.29500625181855,NA,1.76035976928864,0.598306661965027,0.541107658655721,NA,NA,0.087028688612027,0.295006251818545,7,7,1
7,"cgfm_time_varying","rolling_one_step",6,1,1,4,5.71252862468886,NA,2.16711366486052,1.23786082980869,0.346668918898736,NA,NA,2.93275429037873,1.71252862468886,7,7,1
7,"cgfm_independent","rolling_one_step",6,1,2,8,7.40280852299293,NA,2.85327783039441,1.58942748808515,0.603928116358571,NA,NA,0.356637660209885,0.597191477007069,7,51,2
7,"cgfm_shared","rolling_one_step",6,1,2,8,7.01707111836266,NA,2.15713278692992,0.880205264596652,0.658176587152092,NA,NA,0.966149186356841,0.982928881637345,7,51,2
7,"cgfm_time_varying","rolling_one_step",6,1,2,8,6.34212529163768,NA,2.63382842716138,1.42946624634197,0.665238569395379,NA,NA,2.74854854862745,1.65787470836232,7,51,2
7,"cgfm_independent","rolling_one_step",7,1,1,4,4.29441134322586,NA,2.26213620245653,0.924155385290237,0.552052642715287,NA,NA,0.0866780390200527,0.294411343225856,7,7,1
7,"cgfm_shared","rolling_one_step",7,1,1,4,3.4601713894457,NA,1.779863914649,0.598407816979678,0.539820430559408,NA,NA,0.291414928772986,0.5398286105543,7,7,1
7,"cgfm_time_varying","rolling_one_step",7,1,1,4,3.63703216983271,NA,2.09664432661798,0.846471263624101,0.616757881257047,NA,NA,0.131745645736353,0.362967830167293,7,7,1
7,"cgfm_independent","rolling_one_step",7,1,2,15,5.96098371279958,NA,4.31663183970837,6.35046738095328,0.8986442585656,NA,NA,81.7038154402744,9.03901628720042,7,51,2
7,"cgfm_shared","rolling_one_step",7,1,2,15,5.80908518637195,NA,6.20200048135428,7.11321130870367,0.955088317026737,NA,NA,84.4729151113676,9.19091481362805,7,51,2
7,"cgfm_time_varying","rolling_one_step",7,1,2,15,6.30137070786791,NA,4.5433505303311,6.01145468971102,0.917165616874205,NA,NA,75.6661515619385,8.69862929213209,7,51,2
7,"cgfm_independent","rolling_one_step",8,1,1,3,3.93330778986566,NA,2.07275693731766,0.864393661196702,0.441174449614283,NA,NA,0.871063430623921,0.933307789865659,7,7,1
7,"cgfm_shared","rolling_one_step",8,1,1,3,3.20270339392299,NA,1.59551998990133,0.506373168668293,0.521488288828988,NA,NA,0.0410886659079006,0.202703393922994,7,7,1
7,"cgfm_time_varying","rolling_one_step",8,1,1,3,3.78056018244014,NA,1.92456432322724,0.847351093564711,0.384531617235947,NA,NA,0.609274198410986,0.780560182440141,7,7,1
7,"cgfm_independent","rolling_one_step",8,1,2,9,5.45975630102278,NA,3.17491220197425,2.46659379049701,0.789347516760226,NA,NA,12.5333254481479,3.54024369897722,7,51,2
7,"cgfm_shared","rolling_one_step",8,1,2,9,6.11153980389742,NA,2.6737597900134,1.75607829918777,0.814833693237307,NA,NA,8.34320230446898,2.88846019610258,7,51,2
7,"cgfm_time_varying","rolling_one_step",8,1,2,9,10.7547520712026,NA,2.55127076388418,1.53007821736837,0.411298426127757,NA,NA,3.07915483138987,1.75475207120262,7,51,2
7,"cgfm_independent","rolling_one_step",9,1,1,1,4.0678298336433,NA,1.97928948488235,1.6542830661882,0.196986357258992,NA,NA,9.41157988819187,3.0678298336433,7,7,1
7,"cgfm_shared","rolling_one_step",9,1,1,1,3.22894021300521,NA,2.06252732074599,1.43897579212264,0.140590879925604,NA,NA,4.96817447315172,2.22894021300521,7,7,1
7,"cgfm_time_varying","rolling_one_step",9,1,1,1,3.49762638287184,NA,1.94002947808733,1.55133234277377,0.208047280975963,NA,NA,6.23813754841748,2.49762638287184,7,7,1
7,"cgfm_independent","rolling_one_step",9,1,2,4,5.64648059686202,NA,2.33421281672917,1.19560114091806,0.452503309416397,NA,NA,2.71089835584311,1.64648059686202,7,51,2
7,"cgfm_shared","rolling_one_step",9,1,2,4,6.43060275848169,NA,2.20470370166367,1.5035313044687,0.216118372421653,NA,NA,5.90782976953879,2.43060275848169,7,51,2
7,"cgfm_time_varying","rolling_one_step",9,1,2,4,7.87547010623462,NA,2.54168901872059,2.37732258412202,0.143730769454797,NA,NA,15.0192685443182,3.87547010623462,7,51,2
7,"cgfm_independent","rolling_one_step",10,1,1,3,4.72681288030118,NA,2.14858020782994,1.09618835442843,0.360890556616676,NA,NA,2.98188272357404,1.72681288030118,7,7,1
7,"cgfm_shared","rolling_one_step",10,1,1,3,3.59504409323411,NA,1.63384202699987,0.583608458893384,0.328445384214547,NA,NA,0.354077472892808,0.595044093234113,7,7,1
7,"cgfm_time_varying","rolling_one_step",10,1,1,3,2.68204288371518,NA,1.99748549098605,0.773521066060849,0.585640571564535,NA,NA,0.10109672779616,0.317957116284822,7,7,1
7,"cgfm_independent","rolling_one_step",10,1,2,9,6.56113674925443,NA,3.03855384705037,2.04149850234172,0.7190001927143,NA,NA,5.94805395583724,2.43886325074557,7,51,2
7,"cgfm_shared","rolling_one_step",10,1,2,9,7.33100259647763,NA,2.29026415951254,1.10289968931596,0.68325945046699,NA,NA,2.7855523329644,1.66899740352237,7,51,2
7,"cgfm_time_varying","rolling_one_step",10,1,2,9,5.34672015051705,NA,3.08046712949972,2.3538501771741,0.776194563340991,NA,NA,13.3464536586382,3.65327984948295,7,51,2
7,"cgfm_independent","rolling_one_step",11,1,1,4,4.09923722879856,NA,2.25922149076556,0.908851687338614,0.547652327873216,NA,NA,0.00984802757961812,0.0992372287985619,7,7,1
7,"cgfm_shared","rolling_one_step",11,1,1,4,3.14093569492712,NA,1.82998222988971,0.666893356918362,0.705131381052813,NA,NA,0.737991480250343,0.859064305072876,7,7,1
7,"cgfm_time_varying","rolling_one_step",11,1,1,4,3.20176971412363,NA,2.15794038268186,0.906753645270874,0.669774835904246,NA,NA,0.637171589290268,0.798230285876368,7,7,1
7,"cgfm_independent","rolling_one_step",11,1,2,3,5.6900755981503,NA,2.26054884593606,1.46899973758575,0.293702896871431,NA,NA,7.23650672376372,2.6900755981503,7,51,2
7,"cgfm_shared","rolling_one_step",11,1,2,3,6.61257179124287,NA,2.73062266695146,2.40542912420172,0.10896184278629,NA,NA,13.0506749468838,3.61257179124287,7,51,2
7,"cgfm_time_varying","rolling_one_step",11,1,2,3,7.07692412721797,NA,2.55465887239281,2.54182030490097,0.176254783653859,NA,NA,16.621310339092,4.07692412721797,7,51,2
7,"cgfm_independent","rolling_one_step",12,1,1,6,3.76850818833519,NA,2.77030428171484,1.62701658015542,0.728487904980192,NA,NA,4.97955570552709,2.23149181166481,7,7,1
7,"cgfm_shared","rolling_one_step",12,1,1,6,2.92566927731902,NA,3.07058615316559,2.04214748716004,0.903943406136283,NA,NA,9.45150939242017,3.07433072268098,7,7,1
7,"cgfm_time_varying","rolling_one_step",12,1,1,6,3.70151485755508,NA,2.64566728366961,1.54841953190408,0.737398149334712,NA,NA,5.28303395004002,2.29848514244492,7,7,1
7,"cgfm_independent","rolling_one_step",12,1,2,14,5.23100322479163,NA,4.37737010634423,6.23360594929028,0.909947020578983,NA,NA,76.8953044436148,8.76899677520837,7,51,2
7,"cgfm_shared","rolling_one_step",12,1,2,14,5.825690900842,NA,5.78306235458446,6.21094147973623,0.954316182359674,NA,NA,66.8193292485772,8.174309099158,7,51,2
7,"cgfm_time_varying","rolling_one_step",12,1,2,14,3.66207849387529,NA,5.81513466984933,7.8105766282321,0.933174725069487,NA,NA,106.872621066796,10.3379215061247,7,51,2
8,"cgfm_independent","rolling_one_step",2,1,1,7,4.8680676381809,NA,2.83437956469417,1.69104967298631,0.731963449352882,NA,NA,4.54513559537157,2.1319323618191,8,27,1
8,"cgfm_shared","rolling_one_step",2,1,1,7,4.89787372916457,NA,2.45531228847,1.33551823144874,0.751739151074014,NA,NA,4.41893485853648,2.10212627083543,8,27,1
8,"cgfm_time_varying","rolling_one_step",2,1,1,7,4.89224585894889,NA,2.60167929569929,1.47104160306083,0.748291478761832,NA,NA,4.4426275191181,2.10775414105111,8,27,1
8,"cgfm_independent","rolling_one_step",2,1,2,12,6.96888740807944,NA,3.48775144663188,3.41884451612023,0.796882558313704,NA,NA,25.3120939125817,5.03111259192056,8,50,2
8,"cgfm_shared","rolling_one_step",2,1,2,12,11.2813637063564,NA,2.42851588583606,1.09302595138725,0.550576598277155,NA,NA,0.516438122541752,0.718636293643559,8,50,2
8,"cgfm_time_varying","rolling_one_step",2,1,2,12,11.245168256151,NA,2.69735664595495,1.44948323565983,0.578427893768208,NA,NA,0.56977096152206,0.754831743848959,8,50,2
8,"cgfm_independent","rolling_one_step",3,1,1,6,5.44248326929044,NA,2.59943193631921,1.24628209657557,0.620640536074051,NA,NA,0.310824905021073,0.557516730709557,8,27,1
8,"cgfm_shared","rolling_one_step",3,1,1,6,6.24101591163852,NA,2.02185883171708,0.751917564850991,0.484280660230875,NA,NA,0.0580886696629457,0.241015911638518,8,27,1
8,"cgfm_time_varying","rolling_one_step",3,1,1,6,6.88104504325393,NA,2.32877040873478,1.15108555759363,0.485166625397218,NA,NA,0.776240368242312,0.881045043253926,8,27,1
8,"cgfm_independent","rolling_one_step",3,1,2,9,7.79087378813974,NA,2.96471514357044,1.79308800722283,0.654603923620055,NA,NA,1.46198619620753,1.20912621186026,8,50,2
8,"cgfm_shared","rolling_one_step",3,1,2,9,13.0462655796006,NA,2.71758860436577,2.44207628461949,0.194886885079795,NA,NA,16.3722651406606,4.04626557960061,8,50,2
8,"cgfm_time_varying","rolling_one_step",3,1,2,9,11.5151667542884,NA,2.66007432216246,1.83399793906767,0.347964616165625,NA,NA,6.32606380187766,2.5151667542884,8,50,2
8,"cgfm_independent","rolling_one_step",4,1,1,1,6.05940115523579,NA,2.43698814511482,2.85340480859806,0.0708283481610651,NA,NA,25.5975400496013,5.05940115523579,8,27,1
8,"cgfm_shared","rolling_one_step",4,1,1,1,6.98544124124183,NA,4.44068033785814,4.49670006806188,0.00374491687550086,NA,NA,35.8255068523585,5.98544124124183,8,27,1
8,"cgfm_time_varying","rolling_one_step",4,1,1,1,6.45742078516766,NA,3.06642805429058,3.70120622301898,0.0587972676187063,NA,NA,29.78344162638,5.45742078516766,8,27,1
8,"cgfm_independent","rolling_one_step",4,1,2,0,8.67398543369324,NA,3.41595357164734,5.47601473479067,0.0109852571882174,NA,NA,75.2380233039225,8.67398543369324,8,50,2
8,"cgfm_shared","rolling_one_step",4,1,2,0,13.553210596166,NA,6.9610112182762,11.2975305607412,0.000192808017829228,NA,NA,183.689517464027,13.553210596166,8,50,2
8,"cgfm_time_varying","rolling_one_step",4,1,2,0,9.60578853678967,NA,5.10940378569387,7.12895092728743,0.00525917789491484,NA,NA,92.2711734135197,9.60578853678967,8,50,2
8,"cgfm_independent","rolling_one_step",5,1,1,14,7.08719070692394,NA,3.81351572859998,4.65368579677134,0.851927740141583,NA,NA,47.7869323224387,6.91280929307606,8,27,1
8,"cgfm_shared","rolling_one_step",5,1,1,14,6.51484293415654,NA,4.82003557073116,5.43362299553401,0.947603969547125,NA,NA,56.0275763003463,7.48515706584346,8,27,1
8,"cgfm_time_varying","rolling_one_step",5,1,1,14,3.28097825754264,NA,5.86597871154814,8.16839194711177,0.934016736888719,NA,NA,114.897427115274,10.7190217424574,8,27,1
8,"cgfm_independent","rolling_one_step",5,1,2,2,10.1454484092412,NA,2.93674996388036,4.70613684225613,0.0873063514501004,NA,NA,66.3483297876107,8.14544840924124,8,50,2
8,"cgfm_shared","rolling_one_step",5,1,2,2,12.00823447442,NA,6.2374720133403,7.95154973522138,0.0021574938352648,NA,NA,100.16475729497,10.00823447442,8,50,2
8,"cgfm_time_varying","rolling_one_step",5,1,2,2,3.10432943742176,NA,1.83885523047185,0.87236851732208,0.369911990458684,NA,NA,1.21954350635626,1.10432943742176,8,50,2
8,"cgfm_independent","rolling_one_step",6,1,1,6,5.27026847929313,NA,2.60506432365352,1.25813332408076,0.609758073733738,NA,NA,0.532508092313166,0.729731520706873,8,27,1
8,"cgfm_shared","rolling_one_step",6,1,1,6,5.97799841944928,NA,1.95121120216198,0.688277836104071,0.498583967011092,NA,NA,0.000484069546729932,0.0220015805507225,8,27,1
8,"cgfm_time_varying","rolling_one_step",6,1,1,6,8.68927239674398,NA,2.44366451525342,1.7476077152448,0.26719904323482,NA,NA,7.23218602388913,2.68927239674398,8,27,1
8,"cgfm_independent","rolling_one_step",6,1,2,3,7.54441531643251,NA,2.49267832882405,2.35793015116884,0.252288186686997,NA,NA,20.6517105682264,4.54441531643251,8,50,2
8,"cgfm_shared","rolling_one_step",6,1,2,3,7.41893906709473,NA,3.08656107393657,3.02634435292012,0.0741941477567831,NA,NA,19.527022478696,4.41893906709473,8,50,2
8,"cgfm_time_varying","rolling_one_step",6,1,2,3,3.23026956460929,NA,1.98231432074302,0.793029948075109,0.514609897226765,NA,NA,0.0530240723853513,0.230269564609288,8,50,2
8,"cgfm_independent","rolling_one_step",7,1,1,2,4.35155626831442,NA,2.01924229356281,1.26608833752635,0.344393036978748,NA,NA,5.52981688304884,2.35155626831442,8,27,1
8,"cgfm_shared","rolling_one_step",7,1,1,2,4.98648076333899,NA,2.44666057961964,1.95597406726493,0.0839259959125476,NA,NA,8.91906734979387,2.98648076333899,8,27,1
8,"cgfm_time_varying","rolling_one_step",7,1,1,2,4.73417357969436,NA,2.14167342265301,1.70043146920524,0.155498797474699,NA,NA,7.47570516389869,2.73417357969436,8,27,1
8,"cgfm_independent","rolling_one_step",7,1,2,6,6.2295764103503,NA,2.59323498540609,1.2536906697105,0.527310293766729,NA,NA,0.0527053281893286,0.229576410350298,8,50,2
8,"cgfm_shared","rolling_one_step",7,1,2,6,5.69322113210524,NA,1.94421359772028,0.681385036541997,0.494698420613178,NA,NA,0.0941132737867923,0.306778867894763,8,50,2
8,"cgfm_time_varying","rolling_one_step",7,1,2,6,3.71121042733286,NA,2.68497831936849,1.57900647525754,0.732021966471394,NA,NA,5.23855770794983,2.28878957266714,8,50,2
8,"cgfm_independent","rolling_one_step",8,1,1,7,3.85090958363715,NA,3.0313003565479,2.14596271978842,0.816274904955864,NA,NA,9.91677045042836,3.14909041636285,8,27,1
8,"cgfm_shared","rolling_one_step",8,1,1,7,4.14428482706056,NA,2.75309498472428,1.79371591977017,0.854010520501001,NA,NA,8.15510914895654,2.85571517293944,8,27,1
8,"cgfm_time_varying","rolling_one_step",8,1,1,7,2.64192316050557,NA,3.64705904866507,3.00342013773909,0.877134111286541,NA,NA,18.9928337389378,4.35807683949443,8,27,1
8,"cgfm_independent","rolling_one_step",8,1,2,5,5.51288712041359,NA,2.44441052937545,1.11232119258299,0.558850110578624,NA,NA,0.263053198286143,0.512887120413589,8,50,2
8,"cgfm_shared","rolling_one_step",8,1,2,5,5.05253631346503,NA,1.83586921935066,0.620455670969731,0.517542921449357,NA,NA,0.00276006423249634,0.0525363134650343,8,50,2
8,"cgfm_time_varying","rolling_one_step",8,1,2,5,5.3929748445324,NA,2.21413713983224,0.984646970161015,0.447287122324051,NA,NA,0.154429228435266,0.392974844532403,8,50,2
8,"cgfm_independent","rolling_one_step",9,1,1,11,3.86509188759106,NA,4.25152552101925,5.10627960942801,0.909472665122602,NA,NA,50.9069137725189,7.13490811240894,8,27,1
8,"cgfm_shared","rolling_one_step",9,1,1,11,4.29817563842715,NA,5.33006042559909,5.02920178485977,0.951024576076301,NA,NA,44.9144497733713,6.70182436157285,8,27,1
8,"cgfm_time_varying","rolling_one_step",9,1,1,11,5.59637550903223,NA,3.59954552700867,3.50312677143766,0.858959637490486,NA,NA,29.1991576393867,5.40362449096777,8,27,1
8,"cgfm_independent","rolling_one_step",9,1,2,3,5.53318993792713,NA,2.23881156386308,1.40327943020436,0.34670915692891,NA,NA,6.41705126161524,2.53318993792713,8,50,2
8,"cgfm_shared","rolling_one_step",9,1,2,3,4.96440782082796,NA,1.99608151138262,1.21374623901818,0.24405055532905,NA,NA,3.85889808653005,1.96440782082796,8,50,2
8,"cgfm_time_varying","rolling_one_step",9,1,2,3,5.17768162759635,NA,2.13063327078197,1.39292101652657,0.263696338560669,NA,NA,4.74229727117068,2.17768162759635,8,50,2
8,"cgfm_independent","rolling_one_step",10,1,1,11,4.59742461789704,NA,3.88935630974963,4.41542164390521,0.890326414759126,NA,NA,40.9929715235108,6.40257538210296,8,27,1
8,"cgfm_shared","rolling_one_step",10,1,1,11,5.75260878025771,NA,3.90981824866058,3.60241870095811,0.933672377236198,NA,NA,27.5351146130285,5.24739121974229,8,27,1
8,"cgfm_time_varying","rolling_one_step",10,1,1,11,9.33159210746642,NA,2.70423967456302,1.51839741986999,0.614115454401765,NA,NA,2.78358489586834,1.66840789253358,8,27,1
8,"cgfm_independent","rolling_one_step",10,1,2,3,6.58151956832029,NA,2.37022421822986,1.87601837929249,0.311892370542852,NA,NA,12.8272824182612,3.58151956832029,8,50,2
8,"cgfm_shared","rolling_one_step",10,1,2,3,5.79583755817793,NA,2.33230286410453,1.77369683703953,0.174355019546562,NA,NA,7.81670765171833,2.79583755817793,8,50,2
8,"cgfm_time_varying","rolling_one_step",10,1,2,3,4.68582386918849,NA,2.07881711819922,1.17541350452073,0.344751381161025,NA,NA,2.84200211792564,1.68582386918849,8,50,2
8,"cgfm_independent","rolling_one_step",11,1,1,4,4.03490148650863,NA,2.25351771980972,0.901281278315855,0.555064911757341,NA,NA,0.0012181137605118,0.0349014865086259,8,27,1
8,"cgfm_shared","rolling_one_step",11,1,1,4,5.51379342803258,NA,1.92688939361201,0.980350104161449,0.229121378708751,NA,NA,2.29157054275464,1.51379342803258,8,27,1
8,"cgfm_time_varying","rolling_one_step",11,1,1,4,7.37227133686114,NA,2.44113696699871,2.09791760317138,0.225525106468289,NA,NA,11.3722139694152,3.37227133686114,8,27,1
8,"cgfm_independent","rolling_one_step",11,1,2,2,5.77628106040538,NA,2.26332976385255,1.98922271894934,0.176475368089829,NA,NA,14.2602986471764,3.77628106040538,8,50,2
8,"cgfm_shared","rolling_one_step",11,1,2,2,4.97303737193338,NA,2.45939670638839,1.95772422114645,0.0769939296967666,NA,NA,8.83895121491253,2.97303737193338,8,50,2
8,"cgfm_time_varying","rolling_one_step",11,1,2,2,3.72476840444844,NA,1.89629146866826,1.1194278332651,0.268616642209881,NA,NA,2.97482604898362,1.72476840444844,8,50,2
8,"cgfm_independent","rolling_one_step",12,1,1,5,3.85445672191832,NA,2.48780024201471,1.15875636880252,0.706082742604925,NA,NA,1.31226940195813,1.14554327808168,8,27,1
8,"cgfm_shared","rolling_one_step",12,1,1,5,5.15745060622753,NA,1.82584827445699,0.621375682971102,0.413599990569144,NA,NA,0.0247906934014179,0.157450606227534,8,27,1
8,"cgfm_time_varying","rolling_one_step",12,1,1,5,3.8241667649801,NA,2.30694936494906,1.05947370501954,0.625795586492568,NA,NA,1.38258379657737,1.1758332350199,8,27,1
8,"cgfm_independent","rolling_one_step",12,1,2,2,5.51796506279342,NA,2.21953519788934,1.85078671653131,0.207562646294936,NA,NA,12.3760781830351,3.51796506279342,8,50,2
8,"cgfm_shared","rolling_one_step",12,1,2,2,4.54569313888438,NA,2.23102074522107,1.63338379641404,0.11357537355141,NA,NA,6.48055355736301,2.54569313888438,8,50,2
8,"cgfm_time_varying","rolling_one_step",12,1,2,2,3.22744866200279,NA,1.81042009028622,0.904572509990672,0.434217046026833,NA,NA,1.50663021785243,1.22744866200279,8,50,2
9,"cgfm_independent","rolling_one_step",2,1,1,2,5.06955349668657,NA,2.14281715298969,1.61504136510475,0.255390449386256,NA,NA,9.42215866902072,3.06955349668657,9,23,1
9,"cgfm_shared","rolling_one_step",2,1,1,2,4.12354123994663,NA,1.96034086129931,1.2704811400643,0.227755180969413,NA,NA,4.50942739775405,2.12354123994663,9,23,1
9,"cgfm_time_varying","rolling_one_step",2,1,1,2,4.10515984911607,NA,1.97223326720667,1.32292554784566,0.232310979886122,NA,NA,4.43169799033039,2.10515984911607,9,23,1
9,"cgfm_independent","rolling_one_step",2,1,2,8,7.04200891531803,NA,2.8600209764262,1.61075063754552,0.599752878335638,NA,NA,0.917746918330145,0.957991084681974,9,64,2
9,"cgfm_shared","rolling_one_step",2,1,2,8,3.18161797949596,NA,3.93517110123702,3.40157893537822,0.923384975515927,NA,NA,23.2168052955166,4.81838202050404,9,64,2
9,"cgfm_time_varying","rolling_one_step",2,1,2,8,3.26351340350922,NA,3.62750239032052,3.20569930728303,0.870325613595096,NA,NA,22.4343052787368,4.73648659649078,9,64,2
9,"cgfm_independent","rolling_one_step",3,1,1,2,5.65570369897723,NA,2.24222080225033,1.92110125194572,0.239425146743763,NA,NA,13.3641695347158,3.65570369897723,9,23,1
9,"cgfm_shared","rolling_one_step",3,1,1,2,3.9669434643754,NA,1.90870219030419,1.18279069822465,0.217770772922706,NA,NA,3.86886659204912,1.9669434643754,9,23,1
9,"cgfm_time_varying","rolling_one_step",3,1,1,2,3.5595593908957,NA,1.87252358577992,1.04272575692138,0.26215706217456,NA,NA,2.43222549373097,1.5595593908957,9,23,1
9,"cgfm_independent","rolling_one_step",3,1,2,4,7.85595274738627,NA,2.53577747236161,2.04279833614526,0.312052461063911,NA,NA,14.8683715900757,3.85595274738627,9,64,2
9,"cgfm_shared","rolling_one_step",3,1,2,4,5.28463469823238,NA,1.93340507988545,0.896310006294884,0.337222226137968,NA,NA,1.65028630790261,1.28463469823238,9,64,2
9,"cgfm_time_varying","rolling_one_step",3,1,2,4,8.56011588947835,NA,2.66685716004504,2.77352449567796,0.187676305860776,NA,NA,20.7946569254729,4.56011588947835,9,64,2
9,"cgfm_independent","rolling_one_step",4,1,1,0,5.92687178666005,NA,2.80560497960273,3.64473092844102,0.0100953328782417,NA,NA,35.1278091755069,5.92687178666005,9,23,1
9,"cgfm_shared","rolling_one_step",4,1,1,0,3.68269388726521,NA,3.30502182356605,2.66115384439474,0.0246616038577408,NA,NA,13.5622342673006,3.68269388726521,9,23,1
9,"cgfm_time_varying","rolling_one_step",4,1,1,0,3.52036336095868,NA,2.3106740555566,2.33464147842564,0.0832900742294799,NA,NA,12.3929581931803,3.52036336095868,9,23,1
9,"cgfm_independent","rolling_one_step",4,1,2,22,8.23255452517275,NA,4.85178102508167,9.88700247974271,0.925462629328679,NA,NA,189.542554902341,13.7674454748272,9,64,2
9,"cgfm_shared","rolling_one_step",4,1,2,22,5.23810931416298,NA,6.96538732631018,14.0520613691511,0.96396723978785,NA,NA,280.96097936395,16.761890685837,9,64,2
9,"cgfm_time_varying","rolling_one_step",4,1,2,22,5.50132014431376,NA,6.52401623153443,12.8059820913007,0.943895557397384,NA,NA,272.206436980427,16.4986798556862,9,64,2
9,"cgfm_independent","rolling_one_step",5,1,1,8,7.19088277076636,NA,2.85600911841658,1.59889778598581,0.598152237628343,NA,NA,0.654670690642715,0.809117229233635,9,23,1
9,"cgfm_shared","rolling_one_step",5,1,1,8,3.48219256032796,NA,3.81167492301067,3.14795574748208,0.915261516948635,NA,NA,20.410584061956,4.51780743967204,9,23,1
9,"cgfm_time_varying","rolling_one_step",5,1,1,8,2.59608599198569,NA,4.06041091506972,3.82645925857042,0.90383271489808,NA,NA,29.2022866060133,5.40391400801431,9,23,1
9,"cgfm_independent","rolling_one_step",5,1,2,11,9.98866749365903,NA,3.1545245109364,2.16356217798513,0.600316538613665,NA,NA,1.02279343838192,1.01133250634097,9,64,2
9,"cgfm_shared","rolling_one_step",5,1,2,11,10.5493723175499,NA,2.30170440295737,0.95862407042256,0.546641168788994,NA,NA,0.203065308190341,0.450627682450092,9,64,2
9,"cgfm_time_varying","rolling_one_step",5,1,2,11,21.3451695750391,NA,3.69933518572344,6.97159007275897,0.0929516723086154,NA,NA,107.022533536314,10.3451695750391,9,64,2
9,"cgfm_independent","rolling_one_step",6,1,1,5,5.22114092242081,NA,2.4432426235704,1.08805039142994,0.514779118116931,NA,NA,0.0489033075691275,0.221140922420812,9,23,1
9,"cgfm_shared","rolling_one_step",6,1,1,5,3.18843569642207,NA,2.26758313357469,1.13775570124173,0.749885995386215,NA,NA,3.28176522599777,1.81156430357793,9,23,1
9,"cgfm_time_varying","rolling_one_step",6,1,1,5,5.60790678460973,NA,2.19344667310929,0.99717649829399,0.445370898085084,NA,NA,0.369550658774543,0.607906784609732,9,23,1
9,"cgfm_independent","rolling_one_step",6,1,2,16,7.25249748818688,NA,4.12648712450854,5.99218088698036,0.874140444233214,NA,NA,76.5188001941769,8.74750251181312,9,64,2
9,"cgfm_shared","rolling_one_step",6,1,2,16,7.75163762858825,NA,5.13268198204571,6.06585746743444,0.949323894564678,NA,NA,68.0354818101213,8.24836237141175,9,64,2
9,"cgfm_time_varying","rolling_one_step",6,1,2,16,7.77489142728363,NA,4.17701029854029,5.4626050028426,0.893894911513078,NA,NA,67.6524110329723,8.22510857271637,9,64,2
9,"cgfm_independent","rolling_one_step",7,1,1,3,4.43827799104926,NA,2.11748901798065,1.00192069084145,0.439736004204293,NA,NA,2.06864357953668,1.43827799104926,9,23,1
9,"cgfm_shared","rolling_one_step",7,1,1,3,2.94349451558722,NA,1.60367724925756,0.493623085505924,0.483710665204409,NA,NA,0.00319286976872314,0.0565054844127819,9,23,1
9,"cgfm_time_varying","rolling_one_step",7,1,1,3,4.33488350941157,NA,1.98358082060575,1.02188759580513,0.330913466066657,NA,NA,1.78191398369896,1.33488350941157,9,23,1
9,"cgfm_independent","rolling_one_step",7,1,2,4,6.16525019734674,NA,2.37507883821671,1.35738343458229,0.410500415389551,NA,NA,4.68830841711009,2.16525019734674,9,64,2
9,"cgfm_shared","rolling_one_step",7,1,2,4,7.59805020187506,NA,2.65195408661297,2.32760968486541,0.110606780268472,NA,NA,12.9459652552132,3.59805020187506,9,64,2
9,"cgfm_time_varying","rolling_one_step",7,1,2,4,11.1791593538309,NA,3.39854612766993,4.80716655040493,0.0659096872172311,NA,NA,51.5403290276975,7.17915935383089,9,64,2
9,"cgfm_independent","rolling_one_step",8,1,1,4,3.9643500266031,NA,2.25749350545239,0.901607745056846,0.558478726120417,NA,NA,0.00127092060319982,0.035649973396902,9,23,1
9,"cgfm_shared","rolling_one_step",8,1,1,4,2.62136091041743,NA,2.03066450082344,0.888487657513676,0.710466805545569,NA,NA,1.90064573932505,1.37863908958257,9,23,1
9,"cgfm_time_varying","rolling_one_step",8,1,1,4,3.21195653701877,NA,2.15250674281759,0.902244246307802,0.589495190590385,NA,NA,0.621012499547448,0.788043462981229,9,23,1
9,"cgfm_independent","rolling_one_step",8,1,2,5,5.50693486011223,NA,2.44844830670401,1.11544982595025,0.5644921072623,NA,NA,0.256982952397006,0.50693486011223,9,64,2
9,"cgfm_shared","rolling_one_step",8,1,2,5,6.43279255524447,NA,1.98596037681952,0.971821031242408,0.297072823885597,NA,NA,2.05289450636399,1.43279255524447,9,64,2
9,"cgfm_time_varying","rolling_one_step",8,1,2,5,4.27003143160026,NA,2.28735266539233,1.00519397882574,0.643149759924807,NA,NA,0.532854110851569,0.729968568399742,9,64,2
9,"cgfm_independent","rolling_one_step",9,1,1,7,3.91557983250477,NA,3.0161674949821,2.1120025310312,0.799234614291387,NA,NA,9.51364776965129,3.08442016749523,9,23,1
9,"cgfm_shared","rolling_one_step",9,1,1,7,2.64195139069667,NA,4.20538532791349,3.15506209405808,0.940588215536252,NA,NA,18.9925876810507,4.35804860930333,9,23,1
9,"cgfm_time_varying","rolling_one_step",9,1,1,7,3.90871563451867,NA,2.92119644565236,2.00729469764165,0.824659863040211,NA,NA,9.55603902826932,3.09128436548133,9,23,1
9,"cgfm_independent","rolling_one_step",9,1,2,9,5.43918844343438,NA,3.17742604970756,2.47527824525142,0.768378251029695,NA,NA,12.6793789413713,3.56081155656562,9,64,2
9,"cgfm_shared","rolling_one_step",9,1,2,9,6.10768165950036,NA,2.67460425620422,1.7583246680928,0.809157740909146,NA,NA,8.3655053827906,2.89231834049964,9,64,2
9,"cgfm_time_varying","rolling_one_step",9,1,2,9,5.09669240699731,NA,3.14283081964466,2.49284309702104,0.83402974088063,NA,NA,15.2358101655925,3.90330759300269,9,64,2
9,"cgfm_independent","rolling_one_step",10,1,1,5,4.65886216242343,NA,2.44550091760753,1.07334913839293,0.623747845343867,NA,NA,0.11637502422642,0.341137837576573,9,23,1
9,"cgfm_shared","rolling_one_step",10,1,1,5,3.54841733743351,NA,2.08919852183556,0.933419108507418,0.708162864697302,NA,NA,2.10709222626362,1.45158266256649,9,23,1
9,"cgfm_time_varying","rolling_one_step",10,1,1,5,6.70452277666889,NA,2.27152370376186,1.29739894484392,0.390231500824987,NA,NA,2.90539789618302,1.70452277666889,9,23,1
9,"cgfm_independent","rolling_one_step",10,1,2,12,6.47163693903407,NA,3.57755258685873,3.72013967047435,0.830678612254679,NA,NA,30.5627981338525,5.52836306096593,9,64,2
9,"cgfm_shared","rolling_one_step",10,1,2,12,7.58828972545684,NA,3.25378266559063,2.80810798200611,0.889535925971428,NA,NA,19.4631875465097,4.41171027454316,9,64,2
9,"cgfm_time_varying","rolling_one_step",10,1,2,12,9.09186605241734,NA,2.93924850035473,2.01779544834282,0.728611008742584,NA,NA,8.45724305708273,2.90813394758266,9,64,2
9,"cgfm_independent","rolling_one_step",11,1,1,6,3.96051007800226,NA,2.73337682541192,1.54963393103289,0.712012766918254,NA,NA,4.15951914193036,2.03948992199774,9,23,1
9,"cgfm_shared","rolling_one_step",11,1,1,6,3.17597426005727,NA,2.8463052991975,1.82603202698556,0.86056680753015,NA,NA,7.97512137985909,2.82402573994273,9,23,1
9,"cgfm_time_varying","rolling_one_step",11,1,1,6,4.13306067399952,NA,2.51359418713482,1.34226729148918,0.710058351239946,NA,NA,3.48546244696711,1.86693932600048,9,23,1
9,"cgfm_independent","rolling_one_step",11,1,2,12,5.50160081447412,NA,3.81548970476978,4.41659181290683,0.879056844898615,NA,NA,42.2291919744434,6.49839918552588,9,64,2
9,"cgfm_shared","rolling_one_step",11,1,2,12,6.88770915667219,NA,3.6746703498347,3.41498445706731,0.917057706528715,NA,NA,26.1355176667734,5.11229084332781,9,64,2
9,"cgfm_time_varying","rolling_one_step",11,1,2,12,8.57483541311307,NA,2.98219055120039,2.19311285006318,0.772836820569433,NA,NA,11.7317524472643,3.42516458688693,9,64,2
9,"cgfm_independent","rolling_one_step",12,1,1,7,3.83536563812873,NA,3.03784652024771,2.15741232288547,0.803589718443547,NA,NA,10.0149106443364,3.16463436187127,9,23,1
9,"cgfm_shared","rolling_one_step",12,1,1,7,3.24826058999268,NA,3.49312567239801,2.56539168599389,0.910172540697111,NA,NA,14.0755486006021,3.75173941000732,9,23,1
9,"cgfm_time_varying","rolling_one_step",12,1,1,7,4.93759442724967,NA,2.59277308822913,1.45328326370885,0.70821994889163,NA,NA,4.25351674651161,2.06240557275033,9,23,1
9,"cgfm_independent","rolling_one_step",12,1,2,7,5.32776298982871,NA,2.79007952002872,1.56720563438282,0.684708898169851,NA,NA,2.79637661818662,1.67223701017129,9,64,2
9,"cgfm_shared","rolling_one_step",12,1,2,7,6.98705861625321,NA,1.98693046174251,0.711525010088795,0.488629203894808,NA,NA,0.000167479413281715,0.0129413837467913,9,64,2
9,"cgfm_time_varying","rolling_one_step",12,1,2,7,9.24408671113382,NA,2.47087631132427,1.60037401592458,0.33229926247593,NA,NA,5.03592516708741,2.24408671113382,9,64,2
10,"cgfm_independent","rolling_one_step",2,1,1,4,5.14558452913329,NA,2.2833087389426,1.05476007892337,0.461088444706079,NA,NA,1.31236391338954,1.14558452913329,10,28,1
10,"cgfm_shared","rolling_one_step",2,1,1,4,4.23930280948255,NA,1.85610612805552,0.645846532799325,0.47992749287831,NA,NA,0.0572658346262419,0.239302809482551,10,28,1
10,"cgfm_time_varying","rolling_one_step",2,1,1,4,4.2000242786907,NA,2.06570197969498,0.851358721486178,0.478728748884252,NA,NA,0.0400097120657355,0.200024278690702,10,28,1
10,"cgfm_independent","rolling_one_step",2,1,2,8,6.86988072020713,NA,2.84713441796074,1.60283959557188,0.663749978750476,NA,NA,1.27716958655955,1.13011927979287,10,47,2
10,"cgfm_shared","rolling_one_step",2,1,2,8,11.7624952747479,NA,2.63488487667954,2.25567979637229,0.188376001713249,NA,NA,14.1563706925005,3.76249527474793,10,47,2
10,"cgfm_time_varying","rolling_one_step",2,1,2,8,11.7384359399986,NA,2.69146763018494,2.31948396514687,0.259128303902889,NA,NA,13.9759032774734,3.73843593999862,10,47,2
10,"cgfm_independent","rolling_one_step",3,1,1,2,5.78460145184557,NA,2.26772892714313,2.00441914611112,0.186541161876117,NA,NA,14.3232081493116,3.78460145184557,10,28,1
10,"cgfm_shared","rolling_one_step",3,1,1,2,4.74053195635762,NA,2.23103366148516,1.70609692418162,0.151585624744018,NA,NA,7.51051540381735,2.74053195635762,10,28,1
10,"cgfm_time_varying","rolling_one_step",3,1,1,2,5.00097102386387,NA,2.19664659992704,1.8332374855994,0.219401933952868,NA,NA,9.00582708607059,3.00097102386387,10,28,1
10,"cgfm_independent","rolling_one_step",3,1,2,4,7.72272944029293,NA,2.51351739430834,1.97452802092051,0.306046114511932,NA,NA,13.8587144856237,3.72272944029293,10,47,2
10,"cgfm_shared","rolling_one_step",3,1,2,4,12.0530524653884,NA,4.55212208839858,5.95122248894579,0.0111135307349104,NA,NA,64.8516540102982,8.0530524653884,10,47,2
10,"cgfm_time_varying","rolling_one_step",3,1,2,4,8.53218118129434,NA,2.66289117291269,2.76031436502811,0.192719871340758,NA,NA,20.5406662600786,4.53218118129434,10,47,2
10,"cgfm_independent","rolling_one_step",4,1,1,4,6.16705032677144,NA,2.3628576087632,1.35246403633154,0.36267772923896,NA,NA,4.69610711876022,2.16705032677144,10,28,1
10,"cgfm_shared","rolling_one_step",4,1,1,4,4.38071691571871,NA,1.81003423867545,0.63540313684879,0.469387844843737,NA,NA,0.144945369914368,0.380716915718711,10,28,1
10,"cgfm_time_varying","rolling_one_step",4,1,1,4,3.67541365441828,NA,2.1662837850804,0.895799116481284,0.53317570545764,NA,NA,0.105356295738094,0.324586345581717,10,28,1
10,"cgfm_independent","rolling_one_step",4,1,2,9,8.2332806043431,NA,2.94101622557307,1.74048379032494,0.618705870870612,NA,NA,0.587858631676481,0.766719395656899,10,47,2
10,"cgfm_shared","rolling_one_step",4,1,2,9,10.7467709592827,NA,2.30117158227133,1.23235876931996,0.358489029480595,NA,NA,3.05120878419334,1.74677095928268,10,47,2
10,"cgfm_time_varying","rolling_one_step",4,1,2,9,5.61736843168439,NA,3.02183025805703,2.21415449337549,0.776125308116498,NA,NA,11.4421963269653,3.38263156831561,10,47,2
10,"cgfm_independent","rolling_one_step",5,1,1,3,7.25242579568476,NA,2.4552273980611,2.21810671863207,0.247479365387062,NA,NA,18.0831251478051,4.25242579568476,10,28,1
10,"cgfm_shared","rolling_one_step",5,1,1,3,4.94636434858155,NA,1.98683393367264,1.18672717986542,0.189701736760562,NA,NA,3.78833417742929,1.94636434858155,10,28,1
10,"cgfm_time_varying","rolling_one_step",5,1,1,3,5.61075052222893,NA,2.22239677018787,1.60734316372077,0.257328213173565,NA,NA,6.81601828931864,2.61075052222893,10,28,1
10,"cgfm_independent","rolling_one_step",5,1,2,25,9.68251985407063,NA,4.9240473753571,10.8253837071415,0.915563041221521,NA,NA,234.62519802094,15.3174801459294,10,47,2
10,"cgfm_shared","rolling_one_step",5,1,2,25,11.921581610191,NA,6.23586943201529,10.1464613860966,0.965152226827928,NA,NA,171.045027578895,13.078418389809,10,47,2
10,"cgfm_time_varying","rolling_one_step",5,1,2,25,10.2341406694841,NA,5.34931508890503,10.5974131964897,0.937279950206149,NA,NA,218.030601768583,14.7658593305159,10,47,2
10,"cgfm_independent","rolling_one_step",6,1,1,0,5.3765370739585,NA,2.7143461760241,3.32005448431667,0.0533921094959355,NA,NA,28.9071509076503,5.3765370739585,10,28,1
10,"cgfm_shared","rolling_one_step",6,1,1,0,3.39912097550562,NA,3.20920671871803,2.46948013117653,0.0258473504579011,NA,NA,11.5540234061222,3.39912097550562,10,28,1
10,"cgfm_time_varying","rolling_one_step",6,1,1,0,3.30458384439535,NA,2.29125278926139,2.21742836258208,0.0479488738827442,NA,NA,10.9202743846387,3.30458384439535,10,28,1
10,"cgfm_independent","rolling_one_step",6,1,2,19,7.17815855596085,NA,4.69476451261414,8.48673569513065,0.924518156514617,NA,NA,139.755935128002,11.8218414440391,10,47,2
10,"cgfm_shared","rolling_one_step",6,1,2,19,10.8316241553855,NA,4.59433700430501,5.7881727076731,0.948723584998611,NA,NA,66.7223639388811,8.16837584461447,10,47,2
10,"cgfm_time_varying","rolling_one_step",6,1,2,19,15.0855420310653,NA,3.15124769552216,2.56929404272172,0.710876122905805,NA,NA,15.3229811905567,3.91445796893474,10,47,2
10,"cgfm_independent","rolling_one_step",7,1,1,2,4.36348137635307,NA,2.01832281677243,1.27466929808821,0.252394207684869,NA,NA,5.58604421636779,2.36348137635307,10,28,1
10,"cgfm_shared","rolling_one_step",7,1,1,2,2.43215315682126,NA,1.44059857216573,0.472232987642068,0.366875071733716,NA,NA,0.186756350950578,0.432153156821257,10,28,1
10,"cgfm_time_varying","rolling_one_step",7,1,1,2,1.70914255871594,NA,1.7459620300344,0.62759232075958,0.670835195871624,NA,NA,0.0845980511503123,0.290857441284063,10,28,1
10,"cgfm_independent","rolling_one_step",7,1,2,20,5.82576213949983,NA,5.45321796922203,10.8213059956592,0.948593520777295,NA,NA,200.909018926036,14.1742378605002,10,47,2
10,"cgfm_shared","rolling_one_step",7,1,2,20,9.74844506021129,NA,5.81699245199943,7.77310378627543,0.959850963856335,NA,NA,105.094378683506,10.2515549397887,10,47,2
10,"cgfm_time_varying","rolling_one_step",7,1,2,20,12.1473089078889,NA,3.8474345004173,4.95200676939993,0.857970347650711,NA,NA,61.6647573881211,7.85269109211111,10,47,2
10,"cgfm_independent","rolling_one_step",8,1,1,0,3.99437687550028,NA,2.28934784295904,2.4226335659163,0.0914139073394194,NA,NA,15.9550466235314,3.99437687550028,10,28,1
10,"cgfm_shared","rolling_one_step",8,1,1,0,2.17934987486255,NA,2.14191963893034,1.48379945015955,0.00450178857364442,NA,NA,4.74956587706339,2.17934987486255,10,28,1
10,"cgfm_time_varying","rolling_one_step",8,1,1,0,2.75934043828517,NA,2.00289812106151,1.82404874794544,0.0599069720931889,NA,NA,7.61395965435578,2.75934043828517,10,28,1
10,"cgfm_independent","rolling_one_step",8,1,2,15,5.33296984910932,NA,4.58990958607391,6.97678761044193,0.922240083001837,NA,NA,93.4514719382294,9.66703015089068,10,47,2
10,"cgfm_shared","rolling_one_step",8,1,2,15,9.78447492792165,NA,3.45332215531891,3.35185172456045,0.90416054864075,NA,NA,27.2017017774779,5.21552507207835,10,47,2
10,"cgfm_time_varying","rolling_one_step",8,1,2,15,13.4252174399395,NA,2.82643435241665,1.67478030697479,0.601797247700897,NA,NA,2.47994011147056,1.57478256006045,10,47,2
10,"cgfm_independent","rolling_one_step",9,1,1,1,4.08747609269242,NA,1.99465851618129,1.67941365543234,0.190073086279758,NA,NA,9.53250862294724,3.08747609269242,10,28,1
10,"cgfm_shared","rolling_one_step",9,1,1,1,2.02048357468082,NA,1.37278156327272,0.629684260179434,0.304083962079904,NA,NA,1.04138672619334,1.02048357468082,10,28,1
10,"cgfm_time_varying","rolling_one_step",9,1,1,1,1.80842528857279,NA,1.40745352396508,0.630244873511996,0.422962118585232,NA,NA,0.653551447203997,0.808425288572789,10,28,1
10,"cgfm_independent","rolling_one_step",9,1,2,9,5.45726750569334,NA,3.16245560430419,2.44996773795318,0.759380636789605,NA,NA,12.5509535262163,3.54273249430666,10,47,2
10,"cgfm_shared","rolling_one_step",9,1,2,9,10.2741403091902,NA,2.18849643101496,1.03156207491706,0.390403789500799,NA,NA,1.6234335275034,1.27414030919024,10,47,2
10,"cgfm_time_varying","rolling_one_step",9,1,2,9,11.409036211727,NA,2.59482364814852,1.74557301814966,0.352371094859705,NA,NA,5.80345546941209,2.40903621172702,10,47,2
10,"cgfm_independent","rolling_one_step",10,1,1,5,4.85909399840226,NA,2.42515458888089,1.05604471797832,0.571904278572275,NA,NA,0.0198545012862628,0.140906001597742,10,28,1
10,"cgfm_shared","rolling_one_step",10,1,1,5,2.34076684594656,NA,2.88581478088175,1.7663752597476,0.857909230414443,NA,NA,7.071520967617,2.65923315405344,10,28,1
10,"cgfm_time_varying","rolling_one_step",10,1,1,5,2.78949886102204,NA,2.66555729596941,1.53174191900186,0.785046070831256,NA,NA,4.88631528542284,2.21050113897796,10,28,1
10,"cgfm_independent","rolling_one_step",10,1,2,4,6.48743132284053,NA,2.39196494221921,1.46668927182175,0.38433013656284,NA,NA,6.18731458584819,2.48743132284053,10,47,2
10,"cgfm_shared","rolling_one_step",10,1,2,4,12.2479433298872,NA,5.07942588775377,6.32066732480617,0.00986550858626862,NA,NA,68.0285691730316,8.24794332988725,10,47,2
10,"cgfm_time_varying","rolling_one_step",10,1,2,4,9.02423893403,NA,2.7839191831561,3.12317285697486,0.137519205163624,NA,NA,25.2429768662229,5.02423893403,10,47,2
10,"cgfm_independent","rolling_one_step",11,1,1,3,3.97963154261848,NA,2.06200562176262,0.867654347676022,0.410782832129745,NA,NA,0.959677959293062,0.979631542618479,10,28,1
10,"cgfm_shared","rolling_one_step",11,1,1,3,2.11825562924349,NA,1.74635624483732,0.63615179333674,0.642237001491691,NA,NA,0.777473135360793,0.881744370756509,10,28,1
10,"cgfm_time_varying","rolling_one_step",11,1,1,3,4.0484217593693,NA,1.93499249155286,0.916845480474756,0.352713592243566,NA,NA,1.09918818551902,1.0484217593693,10,28,1
10,"cgfm_independent","rolling_one_step",11,1,2,22,5.31328318639681,NA,6.09377335783097,13.2422511982014,0.960198060790519,NA,NA,278.446518017387,16.6867168136032,10,47,2
10,"cgfm_shared","rolling_one_step",11,1,2,22,9.57765379153734,NA,6.65512302938094,9.81524747096931,0.96324437918057,NA,NA,154.314685322907,12.4223462084627,10,47,2
10,"cgfm_time_varying","rolling_one_step",11,1,2,22,4.01340884940228,NA,6.94592916843723,14.5108767009063,0.946047470565243,NA,NA,323.51746121876,17.9865911505977,10,47,2
10,"cgfm_independent","rolling_one_step",12,1,1,0,3.84907743198075,NA,2.23905244876007,2.32836863473572,0.0436481582596954,NA,NA,14.8153970773836,3.84907743198075,10,28,1
10,"cgfm_shared","rolling_one_step",12,1,1,0,2.09403132335117,NA,2.08429290177619,1.4228659700193,0.0773324063274395,NA,NA,4.38496718317585,2.09403132335117,10,28,1
10,"cgfm_time_varying","rolling_one_step",12,1,1,0,3.31196229716701,NA,2.36463558715346,2.25051529421335,0.0339505717462661,NA,NA,10.9690942578558,3.31196229716701,10,28,1
10,"cgfm_independent","rolling_one_step",12,1,2,22,5.13897864394406,NA,6.18425515480898,13.4515788834025,0.959567404069003,NA,NA,284.294041169375,16.8610213560559,10,47,2
10,"cgfm_shared","rolling_one_step",12,1,2,22,9.99464111337464,NA,6.51785411329132,9.40776426000827,0.962393145994944,NA,NA,144.128641996674,12.0053588866254,10,47,2
10,"cgfm_time_varying","rolling_one_step",12,1,2,22,14.9009064564144,NA,3.62865019329057,4.35038651384065,0.843107848335608,NA,NA,50.3971291405782,7.09909354358556,10,47,2
11,"cgfm_independent","rolling_one_step",2,1,1,0,5.10070207304813,NA,2.63496955233317,3.14020465616784,0.0299911655579714,NA,NA,26.0171616379975,5.10070207304813,11,10,1
11,"cgfm_shared","rolling_one_step",2,1,1,0,2.98687320535591,NA,2.55188059984439,2.03426069674428,0.0762492143088171,NA,NA,8.9214115448731,2.98687320535591,11,10,1
11,"cgfm_time_varying","rolling_one_step",2,1,1,0,2.91294437973019,NA,2.093859708962,1.9383206191851,0.109771518224994,NA,NA,8.48524495940168,2.91294437973019,11,10,1
11,"cgfm_independent","rolling_one_step",2,1,2,15,6.86025923432867,NA,4.04855097225558,5.55476398682718,0.879090497705029,NA,NA,66.2553797323317,8.13974076567133,11,52,2
11,"cgfm_shared","rolling_one_step",2,1,2,15,14.4125892610127,NA,2.5254143363025,1.19170884558928,0.52965897531462,NA,NA,0.345051376277637,0.587410738987327,11,52,2
11,"cgfm_time_varying","rolling_one_step",2,1,2,15,14.4130384828333,NA,2.79225851607557,1.57853532536477,0.563615132128711,NA,NA,0.344523822634592,0.586961517166664,11,52,2
11,"cgfm_independent","rolling_one_step",3,1,1,7,5.30613568237691,NA,2.77571781209818,1.55315988499162,0.701692481911826,NA,NA,2.86917632651673,1.69386431762309,11,10,1
11,"cgfm_shared","rolling_one_step",3,1,1,7,2.22815766863038,NA,4.43072600874615,3.5299812578262,0.934340472571318,NA,NA,22.7704792354511,4.77184233136962,11,10,1
11,"cgfm_time_varying","rolling_one_step",3,1,1,7,2.1021343011645,NA,4.07757129922907,3.52063717268069,0.909819329265033,NA,NA,23.9890884038293,4.8978656988355,11,10,1
11,"cgfm_independent","rolling_one_step",3,1,2,35,7.13650151039021,NA,6.73432370385533,23.1813807261591,0.975222502369866,NA,NA,776.374548080487,27.8634984896098,11,52,2
11,"cgfm_shared","rolling_one_step",3,1,2,35,15.3292446202153,NA,6.88785863730246,16.1274858323579,0.97537879455442,NA,NA,386.93861721133,19.6707553797847,11,52,2
11,"cgfm_time_varying","rolling_one_step",3,1,2,35,12.6193029331437,NA,6.62840124066814,17.3810489692135,0.956179832767845,NA,NA,500.89560119839,22.3806970668563,11,52,2
11,"cgfm_independent","rolling_one_step",4,1,1,1,6.03954610744617,NA,2.4503795700673,2.86065311514245,0.0901758325720758,NA,NA,25.3970249690758,5.03954610744617,11,10,1
11,"cgfm_shared","rolling_one_step",4,1,1,1,3.85654291995914,NA,2.35285951349029,1.86768506601123,0.0579302798516546,NA,NA,8.15983745356871,2.85654291995914,11,10,1
11,"cgfm_time_varying","rolling_one_step",4,1,1,1,7.2490165591985,NA,3.4135379691927,4.34307730256283,0.0432920293431549,NA,NA,39.050207957137,6.2490165591985,11,10,1
11,"cgfm_independent","rolling_one_step",4,1,2,21,8.12257907342105,NA,4.74265932053413,9.19935704647082,0.918836518983967,NA,NA,165.827969720293,12.8774209265789,11,52,2
11,"cgfm_shared","rolling_one_step",4,1,2,21,23.245139542631,NA,2.69218519487608,1.65725252325345,0.33337380302627,NA,NA,5.04065156588537,2.24513954263101,11,52,2
11,"cgfm_time_varying","rolling_one_step",4,1,2,21,29.1321143833139,NA,3.44814508883964,5.16150539019114,0.181461330799294,NA,NA,66.1312843433012,8.13211438331392,11,52,2
11,"cgfm_independent","rolling_one_step",5,1,1,9,7.22900269030511,NA,2.9739962115624,1.85448036929926,0.685264271209252,NA,NA,3.13643147094653,1.77099730969489,11,10,1
11,"cgfm_shared","rolling_one_step",5,1,1,9,3.82656800159516,NA,4.13871355637855,3.67015986006901,0.936884079415501,NA,NA,26.7643986421191,5.17343199840484,11,10,1
11,"cgfm_time_varying","rolling_one_step",5,1,1,9,3.399343982647,NA,3.91897625286458,3.8527994690433,0.881753030504923,NA,NA,31.3673478247123,5.600656017353,11,10,1
11,"cgfm_independent","rolling_one_step",5,1,2,17,9.72249437855472,NA,3.84310349449317,4.84156164230197,0.804238500243161,NA,NA,52.9620880701677,7.27750562144528,11,52,2
11,"cgfm_shared","rolling_one_step",5,1,2,17,26.7831531079425,NA,4.09586571470769,6.58534113004355,0.045490299985918,NA,NA,95.7100847334449,9.7831531079425,11,52,2
11,"cgfm_time_varying","rolling_one_step",5,1,2,17,20.0237311019958,NA,3.04636256673257,2.71561503227442,0.339462238208654,NA,NA,9.14294977717699,3.02373110199584,11,52,2
11,"cgfm_independent","rolling_one_step",6,1,1,8,5.34289323255106,NA,2.97183416459423,1.97533505235504,0.731009493723901,NA,NA,7.06021637362293,2.65710676744894,11,10,1
11,"cgfm_shared","rolling_one_step",6,1,1,8,3.61378452984009,NA,3.77306401068488,3.04356819710508,0.924207406198247,NA,NA,19.2388861506701,4.38621547015991,11,10,1
11,"cgfm_time_varying","rolling_one_step",6,1,1,8,6.20384972581755,NA,2.59258473319625,1.40713238320469,0.681524864079891,NA,NA,3.22615580744567,1.79615027418245,11,10,1
11,"cgfm_independent","rolling_one_step",6,1,2,10,7.18592544485039,NA,3.12539762449032,2.25380873446347,0.707317851793237,NA,NA,7.91901560194047,2.81407455514961,11,52,2
11,"cgfm_shared","rolling_one_step",6,1,2,10,18.4157566974392,NA,4.16415851242499,5.9469735432105,0.0357691741211079,NA,NA,70.8249607904926,8.41575669743919,11,52,2
11,"cgfm_time_varying","rolling_one_step",6,1,2,10,10.9556341523193,NA,2.59720669714305,1.42678872699962,0.428649486457461,NA,NA,0.913236633079024,0.955634152319298,11,52,2
11,"cgfm_independent","rolling_one_step",7,1,1,0,4.55843307376208,NA,2.47240731854238,2.7881534033849,0.0518126623179828,NA,NA,20.779312087968,4.55843307376208,11,10,1
11,"cgfm_shared","rolling_one_step",7,1,1,0,3.59586467272647,NA,3.43890839440257,2.64941712725953,0.0282671671615202,NA,NA,12.9302427445623,3.59586467272647,11,10,1
11,"cgfm_time_varying","rolling_one_step",7,1,1,0,5.95258707548802,NA,3.97327767664326,4.36715659782516,0.00964191404140942,NA,NA,35.433292891267,5.95258707548802,11,10,1
11,"cgfm_independent","rolling_one_step",7,1,2,5,6.13098963891159,NA,2.45461327737096,1.20097015681266,0.512435308681275,NA,NA,1.27913756332537,1.13098963891159,11,52,2
11,"cgfm_shared","rolling_one_step",7,1,2,5,14.876835452814,NA,5.60417011624507,7.6697799845118,0.00965385951011421,NA,NA,97.5518785619638,9.87683545281402,11,52,2
11,"cgfm_time_varying","rolling_one_step",7,1,2,5,7.73046638734178,NA,2.40028064566417,1.74064436349889,0.23391702869446,NA,NA,7.45544669240326,2.73046638734178,11,52,2
11,"cgfm_independent","rolling_one_step",8,1,1,1,4.09764483000151,NA,1.99696913388118,1.68498288624099,0.164760123821442,NA,NA,9.59540349283511,3.09764483000151,11,10,1
11,"cgfm_shared","rolling_one_step",8,1,1,1,2.89720968986377,NA,1.84987672447941,1.19105857575142,0.106538744996618,NA,NA,3.59940460731298,1.89720968986377,11,10,1
11,"cgfm_time_varying","rolling_one_step",8,1,1,1,1.70931626058177,NA,1.38434189959331,0.594720374210498,0.495969784196468,NA,NA,0.503129557525712,0.709316260581775,11,10,1
11,"cgfm_independent","rolling_one_step",8,1,2,4,5.51125303583556,NA,2.30923245167391,1.14840444456568,0.408990347610697,NA,NA,2.2838857383222,1.51125303583556,11,52,2
11,"cgfm_shared","rolling_one_step",8,1,2,4,12.4138798970125,NA,5.16585431189288,6.46790680348303,0.00758901444952259,NA,NA,70.7933749213519,8.41387989701255,11,52,2
11,"cgfm_time_varying","rolling_one_step",8,1,2,4,4.87166998387552,NA,2.10729489917188,0.979041236062687,0.404964887230553,NA,NA,0.759808560789556,0.871669983875524,11,52,2
11,"cgfm_independent","rolling_one_step",9,1,1,5,4.08550549942546,NA,2.45570067416012,1.10715126214128,0.639217279434054,NA,NA,0.836300191581076,0.91449450057454,11,10,1
11,"cgfm_shared","rolling_one_step",9,1,1,5,2.68773173654786,NA,2.57596715177056,1.47871894203228,0.85067555475223,NA,NA,5.34658452216797,2.31226826345214,11,10,1
11,"cgfm_time_varying","rolling_one_step",9,1,1,5,2.3309731922644,NA,2.88048439074018,1.81309114615082,0.84898133521881,NA,NA,7.12370410041127,2.6690268077356,11,10,1
11,"cgfm_independent","rolling_one_step",9,1,2,3,5.49492602945928,NA,2.22819817626375,1.38787073798034,0.3017075286516,NA,NA,6.22465589247344,2.49492602945928,11,52,2
11,"cgfm_shared","rolling_one_step",9,1,2,3,11.4788164397052,NA,5.51077913375875,6.62577348529691,0.00620668794864365,NA,NA,71.8903282182151,8.4788164397052,11,52,2
11,"cgfm_time_varying","rolling_one_step",9,1,2,3,4.53954530384358,NA,2.03186370908281,1.10806867562276,0.281693104559998,NA,NA,2.37019974258683,1.53954530384358,11,52,2
11,"cgfm_independent","rolling_one_step",10,1,1,4,4.78101245389303,NA,2.26292562924053,0.97953055665866,0.505643847821342,NA,NA,0.609980453136011,0.781012453893029,11,10,1
11,"cgfm_shared","rolling_one_step",10,1,1,4,3.37177859480113,NA,1.78672864174107,0.611164586350612,0.543646699536855,NA,NA,0.394662133950044,0.628221405198871,11,10,1
11,"cgfm_time_varying","rolling_one_step",10,1,1,4,5.36824247142813,NA,2.13732818029501,1.11607097065236,0.359133285924689,NA,NA,1.87208746061975,1.36824247142813,11,10,1
11,"cgfm_independent","rolling_one_step",10,1,2,10,6.43033625860864,NA,3.20764200451619,2.53893382632785,0.775606653545394,NA,NA,12.7424992266041,3.56966374139136,11,52,2
11,"cgfm_shared","rolling_one_step",10,1,2,10,12.7705042574223,NA,2.46069596352086,1.70114991166407,0.239352497305261,NA,NA,7.67569384039511,2.7705042574223,11,52,2
11,"cgfm_time_varying","rolling_one_step",10,1,2,10,4.62399129127873,NA,3.64510389316722,3.54444474070958,0.877905968653832,NA,NA,28.9014696362469,5.37600870872127,11,52,2
11,"cgfm_independent","rolling_one_step",11,1,1,1,4.00452694335743,NA,1.97317124184891,1.63084156478878,0.166340347444982,NA,NA,9.02718215336076,3.00452694335743,11,10,1
11,"cgfm_shared","rolling_one_step",11,1,1,1,2.90342972749484,NA,1.86170512801809,1.20036109669519,0.160798117806322,NA,NA,3.62304472751109,1.90342972749484,11,10,1
11,"cgfm_time_varying","rolling_one_step",11,1,1,1,3.61200752265201,NA,2.00333951570176,1.64562066602789,0.182800618117402,NA,NA,6.82258329839069,2.61200752265201,11,10,1
11,"cgfm_independent","rolling_one_step",11,1,2,21,5.38601232685719,NA,5.87740932325725,12.2392349882881,0.957362966367114,NA,NA,243.796611057056,15.6139876731428,11,52,2
11,"cgfm_shared","rolling_one_step",11,1,2,21,10.6398792067399,NA,5.79443344329279,7.84278832197331,0.958780845532209,NA,NA,107.332102850941,10.3601207932601,11,52,2
11,"cgfm_time_varying","rolling_one_step",11,1,2,21,7.30374142421808,NA,5.97763931472563,10.2362566969043,0.942158651258624,NA,NA,187.58749897468,13.6962585757819,11,52,2
11,"cgfm_independent","rolling_one_step",12,1,1,0,3.96771978519031,NA,2.27913856376886,2.40478234431291,0.0176339792213395,NA,NA,15.7428002937907,3.96771978519031,11,10,1
11,"cgfm_shared","rolling_one_step",12,1,1,0,2.75359641399305,NA,2.71445814196867,1.96204330806079,0.0107225627807683,NA,NA,7.5822932111554,2.75359641399305,11,10,1
11,"cgfm_time_varying","rolling_one_step",12,1,1,0,2.29731485590833,NA,1.70101720893409,1.47836591645104,0.0679590558421706,NA,NA,5.2776555471771,2.29731485590833,11,10,1
11,"cgfm_independent","rolling_one_step",12,1,2,11,5.33650773063066,NA,3.63576315876159,3.81219725037937,0.861038965685717,NA,NA,32.0751446852063,5.66349226936934,11,52,2
11,"cgfm_shared","rolling_one_step",12,1,2,11,11.2038941690934,NA,2.20855579909035,0.885901240228613,0.456252920601596,NA,NA,0.0415728321902998,0.203894169093429,11,52,2
11,"cgfm_time_varying","rolling_one_step",12,1,2,11,14.790960894358,NA,2.79032712434313,2.38558598557344,0.274048025278428,NA,NA,14.3713845025515,3.79096089435799,11,52,2
12,"cgfm_independent","rolling_one_step",2,1,1,6,5.00065018872868,NA,2.61429555600387,1.28389391578852,0.609263559849578,NA,NA,0.998700045288032,0.999349811271324,12,25,1
12,"cgfm_shared","rolling_one_step",2,1,1,6,5.37201718754134,NA,2.09348205478197,0.797939049795742,0.546271950282528,NA,NA,0.394362412743493,0.627982812458663,12,25,1
12,"cgfm_time_varying","rolling_one_step",2,1,1,6,5.37567789352212,NA,2.31330247878165,1.02711389128105,0.608949100476498,NA,NA,0.389778092636972,0.624322106477876,12,25,1
12,"cgfm_independent","rolling_one_step",2,1,2,0,7.21664310024626,NA,3.13237426596698,4.49016385947915,0.021489463468838,NA,NA,52.079937636332,7.21664310024626,12,54,2
12,"cgfm_shared","rolling_one_step",2,1,2,0,3.28285616797053,NA,2.75371533838839,2.26091726333146,0.0327381726132035,NA,NA,10.7771446195821,3.28285616797053,12,54,2
12,"cgfm_time_varying","rolling_one_step",2,1,2,0,3.35847759392168,NA,2.23393369562016,2.22032069380042,0.0462033892816069,NA,NA,11.279371748874,3.35847759392168,12,54,2
12,"cgfm_independent","rolling_one_step",3,1,1,3,5.53184825648903,NA,2.23700170900212,1.4028915594321,0.360680473902804,NA,NA,6.41025559388653,2.53184825648903,12,25,1
12,"cgfm_shared","rolling_one_step",3,1,1,3,6.21467137341935,NA,2.43513698313847,2.01467362092845,0.148308715232334,NA,NA,10.3341120390818,3.21467137341935,12,25,1
12,"cgfm_time_varying","rolling_one_step",3,1,1,3,6.18793319069906,NA,2.33223787064593,1.950519420102,0.225112735024995,NA,NA,10.1629180283607,3.18793319069906,12,25,1
12,"cgfm_independent","rolling_one_step",3,1,2,3,7.98297956443389,NA,2.55031027813784,2.60704189922382,0.20363868785898,NA,NA,24.8300853395657,4.98297956443389,12,54,2
12,"cgfm_shared","rolling_one_step",3,1,2,3,2.53175457181439,NA,1.75542054484872,0.578878563910306,0.647088484495668,NA,NA,0.219253781016722,0.468245428185607,12,54,2
12,"cgfm_time_varying","rolling_one_step",3,1,2,3,2.7203819260392,NA,2.04811380107124,0.804875788813585,0.595545363352267,NA,NA,0.0781862672855478,0.279618073960801,12,54,2
12,"cgfm_independent","rolling_one_step",4,1,1,5,5.91284666458975,NA,2.45391748716154,1.16770045748722,0.459591574787035,NA,NA,0.833289033052634,0.912846664589751,12,25,1
12,"cgfm_shared","rolling_one_step",4,1,1,5,5.89607313962383,NA,1.95216222908321,0.804589152470482,0.356817029317168,NA,NA,0.802947071555307,0.896073139623829,12,25,1
12,"cgfm_time_varying","rolling_one_step",4,1,1,5,4.25695390792389,NA,2.31804011382962,1.03080384493484,0.597970978730883,NA,NA,0.552117494949575,0.743046092076107,12,25,1
12,"cgfm_independent","rolling_one_step",4,1,2,5,8.53282142004482,NA,2.62912890322093,1.99265240566199,0.352018550842066,NA,NA,12.4808271859275,3.53282142004482,12,54,2
12,"cgfm_shared","rolling_one_step",4,1,2,5,2.8798208191601,NA,2.46523428499025,1.35040243536895,0.855664732623117,NA,NA,4.49515975886696,2.1201791808399,12,54,2
12,"cgfm_time_varying","rolling_one_step",4,1,2,5,4.96832357090439,NA,2.32299101706013,1.03829603685488,0.569990781460965,NA,NA,0.00100339616024891,0.0316764290956053,12,54,2
12,"cgfm_independent","rolling_one_step",5,1,1,14,7.02200609283946,NA,3.82666988582082,4.69872584660499,0.858398096142105,NA,NA,48.6923989683696,6.97799390716054,12,25,1
12,"cgfm_shared","rolling_one_step",5,1,1,14,6.63358619104308,NA,4.74028292128532,5.3203027870036,0.948113100814004,NA,NA,54.2640524047912,7.36641380895692,12,25,1
12,"cgfm_time_varying","rolling_one_step",5,1,1,14,6.297006295341,NA,4.14494869279947,5.15976415773544,0.890827219394948,NA,NA,59.3361120140162,7.702993704659,12,25,1
12,"cgfm_independent","rolling_one_step",5,1,2,5,10.1336176271738,NA,2.77108475645754,2.78665148966814,0.30269437129709,NA,NA,26.35402994203,5.13361762717384,12,54,2
12,"cgfm_shared","rolling_one_step",5,1,2,5,3.88580934123769,NA,2.04960097471723,0.830866141665863,0.730231787766237,NA,NA,1.24142082407319,1.11419065876231,12,54,2
12,"cgfm_time_varying","rolling_one_step",5,1,2,5,7.22531422574637,NA,2.41828616792548,1.54818202714481,0.334758439402156,NA,NA,4.95202340330917,2.22531422574637,12,54,2
12,"cgfm_independent","rolling_one_step",6,1,1,11,5.13667303968209,NA,3.69661821767153,3.96802743523598,0.872298067986109,NA,NA,34.3786030435908,5.86332696031791,12,25,1
12,"cgfm_shared","rolling_one_step",6,1,1,11,5.94116482039231,NA,3.71882902255027,3.41066426312792,0.908629612511616,NA,NA,25.5918133744364,5.05883517960769,12,25,1
12,"cgfm_time_varying","rolling_one_step",6,1,1,11,8.47793456022942,NA,2.79627079311448,1.76223255054707,0.674522673249126,NA,NA,6.36081408248514,2.52206543977058,12,25,1
12,"cgfm_independent","rolling_one_step",6,1,2,6,7.41286222943486,NA,2.62108591752206,1.41602773374299,0.457791060653453,NA,NA,1.99617967936365,1.41286222943486,12,54,2
12,"cgfm_shared","rolling_one_step",6,1,2,6,3.02534722848698,NA,2.951687582209,1.94803308191573,0.853944519686713,NA,NA,8.8485591110701,2.97465277151302,12,54,2
12,"cgfm_time_varying","rolling_one_step",6,1,2,6,4.76771868184414,NA,2.46747422919515,1.2051554957964,0.617301376239842,NA,NA,1.51851724707593,1.23228131815586,12,54,2
12,"cgfm_independent","rolling_one_step",7,1,1,8,4.29881307387634,NA,3.18465210132903,2.49983729990059,0.801232648067518,NA,NA,13.6987846621087,3.70118692612366,12,25,1
12,"cgfm_shared","rolling_one_step",7,1,1,8,5.57710399014961,NA,2.50131940510403,1.47266300438036,0.774440101403983,NA,NA,5.87042507454894,2.42289600985039,12,25,1
12,"cgfm_time_varying","rolling_one_step",7,1,1,8,7.29806362057468,NA,2.44862430636692,1.15933188810156,0.58634337652571,NA,NA,0.492714680760729,0.701936379425321,12,25,1
12,"cgfm_independent","rolling_one_step",7,1,2,1,6.20395212076733,NA,2.47186409665306,2.94807019595731,0.0694008353265889,NA,NA,27.0811176752388,5.20395212076733,12,54,2
12,"cgfm_shared","rolling_one_step",7,1,2,1,2.89259952471757,NA,1.83967207274354,1.18319388784651,0.0852306360423873,NA,NA,3.58193296096117,1.89259952471757,12,54,2
12,"cgfm_time_varying","rolling_one_step",7,1,2,1,5.4447849787198,NA,2.66983356638314,2.92626550949496,0.0783187427103588,NA,NA,19.7561135070532,4.4447849787198,12,54,2
12,"cgfm_independent","rolling_one_step",8,1,1,5,3.90880005278681,NA,2.47922600563864,1.14505889965299,0.632140920303562,NA,NA,1.19071732479806,1.09119994721319,12,25,1
12,"cgfm_shared","rolling_one_step",8,1,1,5,5.24669771586829,NA,1.83889570229083,0.636641693951808,0.440657614475294,NA,NA,0.0608597630146312,0.246697715868289,12,25,1
12,"cgfm_time_varying","rolling_one_step",8,1,1,5,5.84001945069245,NA,2.17430300326649,1.02188105540648,0.41546992867358,NA,NA,0.705632677541646,0.84001945069245,12,25,1
12,"cgfm_independent","rolling_one_step",8,1,2,1,5.64111279773664,NA,2.35267648641825,2.60187880105808,0.113427147090299,NA,NA,21.5399280013148,4.64111279773664,12,54,2
12,"cgfm_shared","rolling_one_step",8,1,2,1,2.44237742793892,NA,1.58647590787202,0.879976298038022,0.142048832651868,NA,NA,2.0804526446277,1.44237742793892,12,54,2
12,"cgfm_time_varying","rolling_one_step",8,1,2,1,2.63199165785711,NA,1.63077418087188,1.00887241740319,0.163951454842713,NA,NA,2.6633967713152,1.63199165785711,12,54,2
12,"cgfm_independent","rolling_one_step",9,1,1,7,3.93172755917052,NA,3.00757021417764,2.09818391245163,0.799220211251137,NA,NA,9.41429577115371,3.06827244082948,12,25,1
12,"cgfm_shared","rolling_one_step",9,1,1,7,5.14181273541792,NA,2.2817770557068,1.15299081861658,0.722939750717227,NA,NA,3.45285991025504,1.85818726458208,12,25,1
12,"cgfm_time_varying","rolling_one_step",9,1,1,7,4.50977399390035,NA,2.71216094649483,1.65789294107207,0.7876704606475,NA,NA,6.20122556145503,2.49022600609965,12,25,1
12,"cgfm_independent","rolling_one_step",9,1,2,1,5.67420077281643,NA,2.35985801754203,2.62213513020232,0.124468116301467,NA,NA,21.8481528645977,4.67420077281643,12,54,2
12,"cgfm_shared","rolling_one_step",9,1,2,1,2.28598832788051,NA,1.50413211473182,0.782911804309083,0.259409645107819,NA,NA,1.65376597944491,1.28598832788051,12,54,2
12,"cgfm_time_varying","rolling_one_step",9,1,2,1,2.7574199443611,NA,1.66791302391194,1.07562109858856,0.319458458612478,NA,NA,3.08852486083819,1.7574199443611,12,54,2
12,"cgfm_independent","rolling_one_step",10,1,1,7,4.63701759269619,NA,2.86376260123002,1.76953217441437,0.749531963100405,NA,NA,5.58368585722732,2.36298240730381,12,25,1
12,"cgfm_shared","rolling_one_step",10,1,1,7,6.29105395406147,NA,2.03735525457226,0.765777643324094,0.642422745431403,NA,NA,0.502604496051873,0.708946045938528,12,25,1
12,"cgfm_time_varying","rolling_one_step",10,1,1,7,6.62944682051392,NA,2.40508852450613,1.11157548823862,0.576123082323662,NA,NA,0.137309658827247,0.370553179486085,12,25,1
12,"cgfm_independent","rolling_one_step",10,1,2,3,6.6919907729955,NA,2.38363797900365,1.93117630852166,0.249089784586226,NA,NA,13.6307958678839,3.6919907729955,12,54,2
12,"cgfm_shared","rolling_one_step",10,1,2,3,2.61035523396177,NA,1.6246898819543,0.510374839639995,0.53611416135549,NA,NA,0.151823043700983,0.389644766038225,12,54,2
12,"cgfm_time_varying","rolling_one_step",10,1,2,3,3.25216331546474,NA,2.00059816478325,0.806580400679975,0.533635112645059,NA,NA,0.0635863376661687,0.252163315464737,12,54,2
12,"cgfm_independent","rolling_one_step",11,1,1,1,4.04847314639925,NA,1.97941987042231,1.64979208391787,0.227036109088238,NA,NA,9.29318852431731,3.04847314639925,12,25,1
12,"cgfm_shared","rolling_one_step",11,1,1,1,5.64250719883425,NA,3.80510447328722,3.44335737222245,0.0106687850218568,NA,NA,21.5528730912278,4.64250719883425,12,25,1
12,"cgfm_time_varying","rolling_one_step",11,1,1,1,5.25526250631827,NA,2.71547985597711,2.86160127074098,0.0790943165375255,NA,NA,18.1072589976781,4.25526250631827,12,25,1
12,"cgfm_independent","rolling_one_step",11,1,2,3,5.8426819882231,NA,2.2755984190815,1.53635193756776,0.277511290108059,NA,NA,8.08084088616801,2.8426819882231,12,54,2
12,"cgfm_shared","rolling_one_step",11,1,2,3,2.34866949250239,NA,1.67158491804669,0.560545847138952,0.697791845352172,NA,NA,0.424231429997099,0.651330507497614,12,54,2
12,"cgfm_time_varying","rolling_one_step",11,1,2,3,3.7517647752342,NA,1.96920451077924,0.865054471826807,0.434562038448808,NA,NA,0.565150277282922,0.751764775234196,12,54,2
12,"cgfm_independent","rolling_one_step",12,1,1,1,3.90693022007199,NA,1.94358733429405,1.56838871853702,0.183076233236107,NA,NA,8.45024330436776,2.90693022007199,12,25,1
12,"cgfm_shared","rolling_one_step",12,1,1,1,5.13400519688132,NA,3.43220382812384,3.0086627820294,0.0113730769432517,NA,NA,17.0899989678418,4.13400519688132,12,25,1
12,"cgfm_time_varying","rolling_one_step",12,1,1,1,2.24197923804073,NA,1.51533121500606,0.816305601468329,0.399998621068676,NA,NA,1.54251242772423,1.24197923804073,12,25,1
12,"cgfm_independent","rolling_one_step",12,1,2,1,5.63841433464061,NA,2.35208981796531,2.6002274020118,0.0667792878795029,NA,NA,21.5148875397995,4.63841433464061,12,54,2
12,"cgfm_shared","rolling_one_step",12,1,2,1,2.30311955865919,NA,1.51489897854937,0.7952472870266,0.139245638113723,NA,NA,1.69812058416012,1.30311955865919,12,54,2
12,"cgfm_time_varying","rolling_one_step",12,1,2,1,3.90702585168652,NA,2.06571265819808,1.8015770448261,0.0820347194217104,NA,NA,8.45079930237371,2.90702585168652,12,54,2
13,"cgfm_independent","rolling_one_step",2,1,1,2,5.15256555618097,NA,2.15703040284665,1.6603904254715,0.291117010462434,NA,NA,9.93866958601864,3.15256555618097,13,1,1
13,"cgfm_shared","rolling_one_step",2,1,1,2,3.78374652415173,NA,1.84006056713207,1.06403452064649,0.248374888243957,NA,NA,3.18175166242337,1.78374652415173,13,1,1
13,"cgfm_time_varying","rolling_one_step",2,1,1,2,3.74200309667095,NA,1.88732253820774,1.13112569247167,0.215282897299666,NA,NA,3.03457478881119,1.74200309667095,13,1,1
13,"cgfm_independent","rolling_one_step",2,1,2,2,7.12629221049543,NA,2.48506507878278,2.74745656285777,0.195831861836615,NA,NA,26.2788718273862,5.12629221049543,13,55,2
13,"cgfm_shared","rolling_one_step",2,1,2,2,4.15372464591799,NA,1.9670981502756,1.28323991089965,0.123829510478881,NA,NA,4.63852985043455,2.15372464591799,13,55,2
13,"cgfm_time_varying","rolling_one_step",2,1,2,2,4.20091585446045,NA,2.00106601587709,1.36416489833927,0.309218173714564,NA,NA,4.84403059841538,2.20091585446045,13,55,2
13,"cgfm_independent","rolling_one_step",3,1,1,2,5.63402846267814,NA,2.23946955965932,1.9136014029216,0.264605237744819,NA,NA,13.2061628675548,3.63402846267814,13,1,1
13,"cgfm_shared","rolling_one_step",3,1,1,2,3.60608729735369,NA,1.78041374436757,0.970286720077393,0.306468719701186,NA,NA,2.57951640672088,1.60608729735369,13,1,1
13,"cgfm_time_varying","rolling_one_step",3,1,1,2,3.52091773316091,NA,1.86306650088243,1.02551942217708,0.339732639457688,NA,NA,2.31319075104331,1.52091773316091,13,1,1
13,"cgfm_independent","rolling_one_step",3,1,2,7,7.79192292208852,NA,2.73362574654532,1.47681438595598,0.505065102184753,NA,NA,0.627141914529216,0.791922922088517,13,55,2
13,"cgfm_shared","rolling_one_step",3,1,2,7,3.84850667792453,NA,2.91785494002205,2.0193753522605,0.834462049911592,NA,NA,9.93191015908631,3.15149332207547,13,55,2
13,"cgfm_time_varying","rolling_one_step",3,1,2,7,4.06388379280129,NA,2.91923097749747,1.96624640700604,0.776988316161779,NA,NA,8.62077838217495,2.93611620719871,13,55,2
13,"cgfm_independent","rolling_one_step",4,1,1,5,5.94918725219971,NA,2.45755465893519,1.17598511805721,0.456406075240992,NA,NA,0.900956439738445,0.949187252199715,13,1,1
13,"cgfm_shared","rolling_one_step",4,1,1,5,3.43799117916204,NA,2.19332999139627,1.01953879062178,0.752265640172308,NA,NA,2.43987155637558,1.56200882083796,13,1,1
13,"cgfm_time_varying","rolling_one_step",4,1,1,5,3.55026186326929,NA,2.43828445264325,1.19984457951669,0.728430811805881,NA,NA,2.10174066509142,1.44973813673071,13,1,1
13,"cgfm_independent","rolling_one_step",4,1,2,15,8.22779442493489,NA,3.77287713056293,4.53752326540199,0.820452506347377,NA,NA,45.862768350943,6.77220557506511,13,55,2
13,"cgfm_shared","rolling_one_step",4,1,2,15,4.98349651016349,NA,6.40284973320032,7.86886210945535,0.955841632637165,NA,NA,100.330342161907,10.0165034898365,13,55,2
13,"cgfm_time_varying","rolling_one_step",4,1,2,15,7.68815221785292,NA,3.89739303544065,4.735779388324,0.880389813995626,NA,NA,53.4631179892891,7.31184778214708,13,55,2
13,"cgfm_independent","rolling_one_step",5,1,1,2,7.35877839949546,NA,2.52165363368285,2.88203503251547,0.139860328302098,NA,NA,28.7165059348991,5.35877839949546,13,1,1
13,"cgfm_shared","rolling_one_step",5,1,1,2,4.55696455782351,NA,2.17064515901543,1.592960747079,0.189616329040733,NA,NA,6.53806774996557,2.55696455782351,13,1,1
13,"cgfm_time_varying","rolling_one_step",5,1,1,2,6.56731763576976,NA,2.61334539788983,2.86722012807932,0.0999716034950145,NA,NA,20.8603903860135,4.56731763576976,13,1,1
13,"cgfm_independent","rolling_one_step",5,1,2,6,10.177569625104,NA,2.79795395378464,2.41176766742767,0.331858207588655,NA,NA,17.4520879725912,4.17756962510396,13,55,2
13,"cgfm_shared","rolling_one_step",5,1,2,6,8.6517475484902,NA,2.3314668966648,1.61230118858216,0.200335036433333,NA,NA,7.03176506092377,2.6517475484902,13,55,2
13,"cgfm_time_varying","rolling_one_step",5,1,2,6,15.8144014332339,NA,3.70843375057099,6.45724687836947,0.0627360306525192,NA,NA,96.3224754926628,9.81440143323386,13,55,2
13,"cgfm_independent","rolling_one_step",6,1,1,4,5.43919443695962,NA,2.31328343208661,1.13471399961848,0.415706720038359,NA,NA,2.07128062737552,1.43919443695962,13,1,1
13,"cgfm_shared","rolling_one_step",6,1,1,4,3.01085065741244,NA,1.90326707441982,0.728026698138478,0.707630080615977,NA,NA,0.978416421941393,0.989149342587555,13,1,1
13,"cgfm_time_varying","rolling_one_step",6,1,1,4,2.77988859074207,NA,2.27683643910525,1.03687416120249,0.659805067480073,NA,NA,1.48867185100136,1.22011140925793,13,1,1
13,"cgfm_independent","rolling_one_step",6,1,2,0,7.52254116657041,NA,3.18867659650241,4.6812397981456,0.00883639732045521,NA,NA,56.5886256027465,7.52254116657041,13,55,2
13,"cgfm_shared","rolling_one_step",6,1,2,0,6.03335125963974,NA,5.42881285901963,4.72874632035393,0.00234889040151388,NA,NA,36.4013274221965,6.03335125963974,13,55,2
13,"cgfm_time_varying","rolling_one_step",6,1,2,0,5.31585764258869,NA,3.29330576219367,3.73460572788784,0.0355027025473965,NA,NA,28.2583424762686,5.31585764258869,13,55,2
13,"cgfm_independent","rolling_one_step",7,1,1,0,4.42358774550221,NA,2.40188592422859,2.68569124477254,0.0844005706266649,NA,NA,19.5681285421573,4.42358774550221,13,1,1
13,"cgfm_shared","rolling_one_step",7,1,1,0,2.57075113213957,NA,2.49058788808089,1.79567600609102,0.00703063333385733,NA,NA,6.6087613833969,2.57075113213957,13,1,1
13,"cgfm_time_varying","rolling_one_step",7,1,1,0,3.70645157636494,NA,2.59336109058459,2.55124097472231,0.0409960385729672,NA,NA,13.7377832879381,3.70645157636494,13,1,1
13,"cgfm_independent","rolling_one_step",7,1,2,10,6.11821609471959,NA,3.26101592700865,2.69692872921383,0.785847392378587,NA,NA,15.068246287294,3.88178390528041,13,55,2
13,"cgfm_shared","rolling_one_step",7,1,2,10,4.2804973373252,NA,4.56189308280927,4.14176688835137,0.936576391039931,NA,NA,32.7127107083441,5.7195026626748,13,55,2
13,"cgfm_time_varying","rolling_one_step",7,1,2,10,2.00336452580855,NA,5.69213454453309,6.15601205503254,0.931312071678192,NA,NA,63.9461789070972,7.99663547419146,13,55,2
13,"cgfm_independent","rolling_one_step",8,1,1,2,3.9206488050855,NA,1.94598680251179,1.07373172464736,0.264019883447127,NA,NA,3.68889183247637,1.9206488050855,13,1,1
13,"cgfm_shared","rolling_one_step",8,1,1,2,2.04917983490597,NA,1.40278426497694,0.410628042560665,0.61784200345655,NA,NA,0.0024186561613784,0.0491798349059693,13,1,1
13,"cgfm_time_varying","rolling_one_step",8,1,1,2,1.62310181203433,NA,1.76386130102732,0.638357861605113,0.614757668456361,NA,NA,0.142052244091808,0.376898187965674,13,1,1
13,"cgfm_independent","rolling_one_step",8,1,2,12,5.42262442999369,NA,3.84038135108828,4.4790564729696,0.876380381513399,NA,NA,43.2618693889158,6.57737557000631,13,55,2
13,"cgfm_shared","rolling_one_step",8,1,2,12,4.27275347385099,NA,5.99376174368244,5.95390631019968,0.952132875078857,NA,NA,59.710338875882,7.72724652614901,13,55,2
13,"cgfm_time_varying","rolling_one_step",8,1,2,12,7.63553516111881,NA,3.18880508944961,2.71423121946199,0.819254925315313,NA,NA,19.0485533298302,4.36446483888119,13,55,2
13,"cgfm_independent","rolling_one_step",9,1,1,4,3.96944716123282,NA,2.2523354429175,0.897774424731816,0.601880728461603,NA,NA,0.000933475956733369,0.0305528387671812,13,1,1
13,"cgfm_shared","rolling_one_step",9,1,1,4,2.03165036087991,NA,2.42714258094188,1.27465837187603,0.834027717591795,NA,NA,3.87440030182418,1.96834963912009,13,1,1
13,"cgfm_time_varying","rolling_one_step",9,1,1,4,2.85609183843747,NA,2.23874690684975,1.00004762820262,0.682722126842928,NA,NA,1.30852588208937,1.14390816156253,13,1,1
13,"cgfm_independent","rolling_one_step",9,1,2,9,5.49011632933714,NA,3.16492880346325,2.44507493497645,0.78055786622315,NA,NA,12.3192833815858,3.50988367066286,13,55,2
13,"cgfm_shared","rolling_one_step",9,1,2,9,4.85819690881646,NA,3.40589187602741,2.74620396654311,0.905043015957577,NA,NA,17.1545328461375,4.14180309118354,13,55,2
13,"cgfm_time_varying","rolling_one_step",9,1,2,9,9.57593541321862,NA,2.51751515796794,1.29005932227027,0.43850615794131,NA,NA,0.331701600199306,0.575935413218623,13,55,2
13,"cgfm_independent","rolling_one_step",10,1,1,4,4.78052237962327,NA,2.27314628167162,0.986941384821052,0.49761019378961,NA,NA,0.609215185092776,0.780522379623273,13,1,1
13,"cgfm_shared","rolling_one_step",10,1,1,4,2.64931492899069,NA,2.01740274483956,0.873940702699196,0.792765705124021,NA,NA,1.82435016104742,1.35068507100931,13,1,1
13,"cgfm_time_varying","rolling_one_step",10,1,1,4,4.78719569993646,NA,2.10660491655735,0.962226047642917,0.389727871471963,NA,NA,0.619677069998448,0.787195699936457,13,1,1
13,"cgfm_independent","rolling_one_step",10,1,2,4,6.61184255958693,NA,2.41112940011146,1.51520248428377,0.353780550055283,NA,NA,6.82172155606962,2.61184255958693,13,55,2
13,"cgfm_shared","rolling_one_step",10,1,2,4,6.29305502927332,NA,2.15734900925312,1.41499624529294,0.144947889309299,NA,NA,5.25810136727569,2.29305502927332,13,55,2
13,"cgfm_time_varying","rolling_one_step",10,1,2,4,9.23091966572012,NA,2.82942445435224,3.2648842317391,0.120836584394307,NA,NA,27.3625205492175,5.23091966572012,13,55,2
13,"cgfm_independent","rolling_one_step",11,1,1,4,4.10857236908808,NA,2.25277498258821,0.904356079732474,0.508904921322726,NA,NA,0.0117879593293988,0.108572369088082,13,1,1
13,"cgfm_shared","rolling_one_step",11,1,1,4,2.41555112952697,NA,2.13882518926656,1.00481144032195,0.841279782624481,NA,NA,2.51047822314326,1.58444887047303,13,1,1
13,"cgfm_time_varying","rolling_one_step",11,1,1,4,3.70713283214756,NA,2.0817018680493,0.836455229521102,0.624571953016684,NA,NA,0.0857711780059075,0.292867167852437,13,1,1
13,"cgfm_independent","rolling_one_step",11,1,2,3,5.68253629171074,NA,2.25659491693541,1.4664983642659,0.302754114346799,NA,NA,7.1960009563452,2.68253629171074,13,55,2
13,"cgfm_shared","rolling_one_step",11,1,2,3,5.34543816006128,NA,2.14447687824486,1.4611757624223,0.215327932275225,NA,NA,5.50108016267163,2.34543816006128,13,55,2
13,"cgfm_time_varying","rolling_one_step",11,1,2,3,4.21682844292078,NA,1.99453877504413,0.990878044388958,0.356493765072233,NA,NA,1.480671459501,1.21682844292078,13,55,2
13,"cgfm_independent","rolling_one_step",12,1,1,2,3.8127094308596,NA,1.9281018451204,1.0282035116643,0.384786838392018,NA,NA,3.28591548072734,1.8127094308596,13,1,1
13,"cgfm_shared","rolling_one_step",12,1,1,2,2.321495859504,NA,1.40989411604045,0.442177252989574,0.527697617602811,NA,NA,0.103359587678214,0.321495859503998,13,1,1
13,"cgfm_time_varying","rolling_one_step",12,1,1,2,3.73767867404767,NA,1.87961958803995,1.12892114957781,0.273218729659541,NA,NA,3.01952717424008,1.73767867404767,13,1,1
13,"cgfm_independent","rolling_one_step",12,1,2,16,5.27333547381536,NA,4.83963775677942,7.88909234950926,0.930841662203752,NA,NA,115.061331857308,10.7266645261846,13,55,2
13,"cgfm_shared","rolling_one_step",12,1,2,16,4.77857824328517,NA,6.91297952158807,9.09613957413007,0.958263419318589,NA,NA,125.920306242073,11.2214217567148,13,55,2
13,"cgfm_time_varying","rolling_one_step",12,1,2,16,3.68871403793143,NA,6.4005262569741,9.53515385212642,0.93915716624611,NA,NA,151.567762039827,12.3112859620686,13,55,2
14,"cgfm_independent","rolling_one_step",2,1,1,21,4.68593991761904,NA,6.2559432079265,13.0745914206312,0.959078997078522,NA,NA,266.148556371536,16.314060082381,14,30,1
14,"cgfm_shared","rolling_one_step",2,1,1,21,10.7566314133228,NA,5.15220718926094,7.51769938881775,0.955956842497717,NA,NA,104.926600002526,10.2433685866772,14,30,1
14,"cgfm_time_varying","rolling_one_step",2,1,1,21,10.9626122525986,NA,4.53207610885809,6.79502676983957,0.920691999902457,NA,NA,100.749152791684,10.0373877474014,14,30,1
14,"cgfm_independent","rolling_one_step",2,1,2,1,6.96564821245384,NA,2.63524012109711,3.43357996303363,0.0552283576047172,NA,NA,35.5889585947537,5.96564821245384,14,59,2
14,"cgfm_shared","rolling_one_step",2,1,2,1,9.519930574757,NA,5.71373012367529,6.61611232460136,0.00313855182092791,NA,NA,72.5892169986791,8.519930574757,14,59,2
14,"cgfm_time_varying","rolling_one_step",2,1,2,1,9.45538700913662,NA,4.42415199438567,6.19857255501612,0.012237942841313,NA,NA,71.4935694742764,8.45538700913662,14,59,2
14,"cgfm_independent","rolling_one_step",3,1,1,17,5.25256100616247,NA,5.09916233866169,8.79326027030404,0.942863470624513,NA,NA,138.002322913934,11.7474389938375,14,30,1
14,"cgfm_shared","rolling_one_step",3,1,1,17,15.4873140106609,NA,2.5916949057782,1.35214734136427,0.626136410977814,NA,NA,2.28821890234296,1.51268598933915,14,30,1
14,"cgfm_time_varying","rolling_one_step",3,1,1,17,15.9187349660789,NA,2.87727630404548,1.72003972348656,0.577866088073314,NA,NA,1.16913407358045,1.08126503392112,14,30,1
14,"cgfm_independent","rolling_one_step",3,1,2,1,7.80756110530115,NA,2.79355019514153,3.96214617420948,0.085107835479775,NA,NA,46.342888202409,6.80756110530115,14,59,2
14,"cgfm_shared","rolling_one_step",3,1,2,1,7.82966327525841,NA,4.88318676154692,5.1924341433368,0.00278186862154166,NA,NA,46.6443004534134,6.82966327525841,14,59,2
14,"cgfm_time_varying","rolling_one_step",3,1,2,1,3.47460227193239,NA,1.87629686334852,1.4781369313168,0.1377622783476,NA,NA,6.12365640425292,2.47460227193239,14,59,2
14,"cgfm_independent","rolling_one_step",4,1,1,17,5.63948889736911,NA,4.90324428519091,8.3700297536384,0.934225691220274,NA,NA,129.061212513,11.3605111026309,14,30,1
14,"cgfm_shared","rolling_one_step",4,1,1,17,17.2883555088528,NA,2.50569121865909,1.17387241266564,0.448213742389569,NA,NA,0.0831488994857362,0.288355508852764,14,30,1
14,"cgfm_time_varying","rolling_one_step",4,1,1,17,13.3225625515631,NA,3.09542067255803,2.42106518741204,0.698347864646166,NA,NA,13.5235461871661,3.67743744843691,14,30,1
14,"cgfm_independent","rolling_one_step",4,1,2,4,8.38270827982214,NA,2.58604709102705,2.3073601941764,0.298807923254306,NA,NA,19.2081318660215,4.38270827982214,14,59,2
14,"cgfm_shared","rolling_one_step",4,1,2,4,6.60970935369858,NA,2.24633625429572,1.58719170945873,0.18192584445374,NA,NA,6.81058291078185,2.60970935369858,14,59,2
14,"cgfm_time_varying","rolling_one_step",4,1,2,4,3.54404088143932,NA,2.23112397835011,0.943712806360496,0.594121524918445,NA,NA,0.207898717798628,0.455959118560676,14,59,2
14,"cgfm_independent","rolling_one_step",5,1,1,15,6.82901170472747,NA,4.05633760190253,5.58114756077833,0.884219303201015,NA,NA,66.7650497214806,8.17098829527253,14,30,1
14,"cgfm_shared","rolling_one_step",5,1,1,15,20.2373514548284,NA,3.01133605003062,3.15082552205165,0.160482945444877,NA,NA,27.4298502613936,5.23735145482844,14,30,1
14,"cgfm_time_varying","rolling_one_step",5,1,1,15,15.1626212475371,NA,2.84157577303274,1.67162428962266,0.500213258864853,NA,NA,0.0264456701505117,0.162621247537066,14,30,1
14,"cgfm_independent","rolling_one_step",5,1,2,11,10.1509486787943,NA,3.13457212637265,2.12179877612327,0.606998250702676,NA,NA,0.720888146041135,0.849051321205694,14,59,2
14,"cgfm_shared","rolling_one_step",5,1,2,11,7.08926944563179,NA,3.04225195352241,2.43293643347902,0.833771758937483,NA,NA,15.2938134688691,3.91073055436821,14,59,2
14,"cgfm_time_varying","rolling_one_step",5,1,2,11,6.51387886611499,NA,3.28781282459271,2.87427385273649,0.794043454270606,NA,NA,20.1252828278897,4.48612113388501,14,59,2
14,"cgfm_independent","rolling_one_step",6,1,1,15,5.03676109829716,NA,4.73149773021296,7.28447426233009,0.92970064372269,NA,NA,99.2661294124048,9.96323890170284,14,30,1
14,"cgfm_shared","rolling_one_step",6,1,1,15,14.3143412173864,NA,2.41289493485018,1.07529884134945,0.539500391541014,NA,NA,0.470127966175182,0.685658782613613,14,30,1
14,"cgfm_time_varying","rolling_one_step",6,1,1,15,8.94281178258869,NA,3.56477547037853,3.78985546875651,0.860385520232941,NA,NA,36.6895291011464,6.05718821741131,14,30,1
14,"cgfm_independent","rolling_one_step",6,1,2,2,7.486970766696,NA,2.54852036329858,2.97058790493105,0.118805412788021,NA,NA,30.1068481945765,5.486970766696,14,59,2
14,"cgfm_shared","rolling_one_step",6,1,2,2,5.88299136466776,NA,2.92356473560488,2.65991842319726,0.0310391415784166,NA,NA,15.0776219380844,3.88299136466776,14,59,2
14,"cgfm_time_varying","rolling_one_step",6,1,2,2,7.9311494291323,NA,3.09924446058974,3.94879380732843,0.0681557061528528,NA,NA,35.1785335506964,5.9311494291323,14,59,2
14,"cgfm_independent","rolling_one_step",7,1,1,13,4.04842316552763,NA,4.7651789884747,6.6199967240962,0.930918772910849,NA,NA,80.1307278234623,8.95157683447237,14,30,1
14,"cgfm_shared","rolling_one_step",7,1,1,13,11.7085132249803,NA,2.37365835938746,1.09820907236016,0.649864626048115,NA,NA,1.66793809005091,1.29148677501975,14,30,1
14,"cgfm_time_varying","rolling_one_step",7,1,1,13,8.85658754201209,NA,3.10752875730768,2.55229498314545,0.778037435430124,NA,NA,17.1678667970094,4.14341245798791,14,30,1
14,"cgfm_independent","rolling_one_step",7,1,2,10,6.0180676059589,NA,3.27103993954696,2.73791185516958,0.773367808401322,NA,NA,15.8557855907139,3.9819323940411,14,59,2
14,"cgfm_shared","rolling_one_step",7,1,2,10,4.36339991485154,NA,4.47806764498115,4.06019888009041,0.94306875959143,NA,NA,31.7712605198956,5.63660008514846,14,59,2
14,"cgfm_time_varying","rolling_one_step",7,1,2,10,3.12146250602811,NA,4.59568388771097,4.94809118766802,0.915513889783785,NA,NA,47.3142780559771,6.87853749397189,14,59,2
14,"cgfm_independent","rolling_one_step",8,1,1,8,3.79768646356872,NA,3.34481466239063,2.83481447529691,0.860736742717217,NA,NA,17.6594390584735,4.20231353643128,14,30,1
14,"cgfm_shared","rolling_one_step",8,1,1,8,11.0319756867203,NA,2.47511610007541,1.85362781530903,0.171049065459325,NA,NA,9.19287656486292,3.03197568672028,14,30,1
14,"cgfm_time_varying","rolling_one_step",8,1,1,8,8.47847660776108,NA,2.39775538766941,1.15695498964575,0.441569004474784,NA,NA,0.22893986417455,0.478476607761079,14,30,1
14,"cgfm_independent","rolling_one_step",8,1,2,1,5.64535072912533,NA,2.36171966869097,2.61357939527396,0.100710773129811,NA,NA,21.5792833965852,4.64535072912533,14,59,2
14,"cgfm_shared","rolling_one_step",8,1,2,1,4.58118550686406,NA,2.99010531040042,2.52643041860618,0.0192224633990504,NA,NA,12.8248896345732,3.58118550686406,14,59,2
14,"cgfm_time_varying","rolling_one_step",8,1,2,1,7.9798348574442,NA,3.80434339257229,4.98135015181326,0.0269920004494979,NA,NA,48.7180946371931,6.9798348574442,14,59,2
14,"cgfm_independent","rolling_one_step",9,1,1,6,3.84071696405687,NA,2.7440649652845,1.58536184117531,0.742676569102415,NA,NA,4.66250322931179,2.15928303594313,14,30,1
14,"cgfm_shared","rolling_one_step",9,1,1,6,10.6094108083991,NA,3.00562496668439,3.03924404817001,0.0975256282352025,NA,NA,21.2466680005869,4.60941080839915,14,30,1
14,"cgfm_time_varying","rolling_one_step",9,1,1,6,6.10895191855067,NA,2.26382785271367,1.00065661189016,0.490294032642804,NA,NA,0.0118705205558721,0.108951918550671,14,30,1
14,"cgfm_independent","rolling_one_step",9,1,2,5,5.70931554434534,NA,2.44012172774688,1.12939912847474,0.522493417960137,NA,NA,0.50312854144993,0.709315544345343,14,59,2
14,"cgfm_shared","rolling_one_step",9,1,2,5,4.21240239405828,NA,1.90354577184843,0.693300560876244,0.624314365266205,NA,NA,0.620309988885123,0.787597605941716,14,59,2
14,"cgfm_time_varying","rolling_one_step",9,1,2,5,2.79574457455882,NA,2.67056613127681,1.53420288200755,0.750915233627866,NA,NA,4.85874198058687,2.20425542544118,14,59,2
14,"cgfm_independent","rolling_one_step",10,1,1,9,4.49871942491468,NA,3.390668968854,3.0240557495664,0.827517837625718,NA,NA,20.2615268156404,4.50128057508532,14,30,1
14,"cgfm_shared","rolling_one_step",10,1,1,9,12.1932990340006,NA,2.53183532589298,1.94658388204463,0.170148740588907,NA,NA,10.1971587205491,3.1932990340006,14,30,1
14,"cgfm_time_varying","rolling_one_step",10,1,1,9,5.87234952644078,NA,2.90606444751731,2.01886036012669,0.793426859419717,NA,NA,9.78219748475522,3.12765047355922,14,30,1
14,"cgfm_independent","rolling_one_step",10,1,2,6,6.68739062718813,NA,2.59040226584173,1.28740614436706,0.538312723924311,NA,NA,0.472505874346093,0.687390627188131,14,59,2
14,"cgfm_shared","rolling_one_step",10,1,2,6,5.07216447429358,NA,2.00466515476056,0.771768496472946,0.694374247626757,NA,NA,0.860878762762905,0.927835525706418,14,59,2
14,"cgfm_time_varying","rolling_one_step",10,1,2,6,6.15836946218047,NA,2.3723574364623,1.1008502040983,0.489172024015685,NA,NA,0.0250808865513311,0.158369462180469,14,59,2
14,"cgfm_independent","rolling_one_step",11,1,1,8,3.82916008561117,NA,3.33291012680576,2.8117063777901,0.833661009407911,NA,NA,17.395905591459,4.17083991438883,14,30,1
14,"cgfm_shared","rolling_one_step",11,1,1,8,10.389771317895,NA,2.32548039186037,1.48614591523864,0.227739873683637,NA,NA,5.71100695183353,2.38977131789498,14,30,1
14,"cgfm_time_varying","rolling_one_step",11,1,1,8,6.04949510809623,NA,2.59087197812874,1.43201255924343,0.660638400003827,NA,NA,3.80446933334055,1.95050489190377,14,30,1
14,"cgfm_independent","rolling_one_step",11,1,2,7,5.69213626800681,NA,2.74944200602843,1.47748793288878,0.654419737860174,NA,NA,1.71050754146316,1.30786373199319,14,59,2
14,"cgfm_shared","rolling_one_step",11,1,2,7,4.48155426796201,NA,2.56028378841919,1.54824038847328,0.790314443359112,NA,NA,6.34256890522038,2.51844573203799,14,59,2
14,"cgfm_time_varying","rolling_one_step",11,1,2,7,5.32234310160807,NA,2.56076399137009,1.35445847554613,0.713352155012998,NA,NA,2.81453266872203,1.67765689839193,14,59,2
14,"cgfm_independent","rolling_one_step",12,1,1,4,3.68225798165174,NA,2.24865494877497,0.891104910315223,0.583269632936284,NA,NA,0.100959990224026,0.317742018348259,14,30,1
14,"cgfm_shared","rolling_one_step",12,1,1,4,9.76976163573032,NA,3.75982390923593,4.15137291412132,0.0281911009481017,NA,NA,33.2901493331454,5.76976163573032,14,30,1
14,"cgfm_time_varying","rolling_one_step",12,1,1,4,5.84406143632137,NA,2.15757500139459,1.28062121202202,0.282074500281125,NA,NA,3.40056258092764,1.84406143632137,14,30,1
14,"cgfm_independent","rolling_one_step",12,1,2,11,5.47376561492833,NA,3.59784178449579,3.71251596330129,0.852537996346559,NA,NA,30.5392664787485,5.52623438507167,14,59,2
14,"cgfm_shared","rolling_one_step",12,1,2,11,4.43958965304974,NA,5.20687473546397,4.89253933081813,0.948456143801614,NA,NA,43.038983920372,6.56041034695026,14,59,2
14,"cgfm_time_varying","rolling_one_step",12,1,2,11,6.21213456611226,NA,3.34579245968707,3.02749017112115,0.836105198613915,NA,NA,22.923655413017,4.78786543388774,14,59,2
15,"cgfm_independent","rolling_one_step",2,1,1,5,4.99761709425133,NA,2.44226837153956,1.07593078521275,0.530138281868431,NA,NA,5.67823980703054e-06,0.00238290574866706,15,19,1
15,"cgfm_shared","rolling_one_step",2,1,1,5,8.29438199977474,NA,2.46506955797912,1.99790608885212,0.175237100581672,NA,NA,10.8529527604398,3.29438199977474,15,19,1
15,"cgfm_time_varying","rolling_one_step",2,1,1,5,8.40073743109075,NA,2.49792967046523,2.11046788746308,0.208685255111069,NA,NA,11.5650150752217,3.40073743109075,15,19,1
15,"cgfm_independent","rolling_one_step",2,1,2,4,7.13712075450372,NA,2.46399019845797,1.72142548493404,0.328856134647445,NA,NA,9.84152662833799,3.13712075450372,15,32,2
15,"cgfm_shared","rolling_one_step",2,1,2,4,5.55713358272951,NA,2.00039160961437,1.01422609130403,0.245129676389402,NA,NA,2.42466499446403,1.55713358272951,15,32,2
15,"cgfm_time_varying","rolling_one_step",2,1,2,4,5.6067256137589,NA,2.18699043664741,1.21332467889562,0.351501675824469,NA,NA,2.58156719790893,1.6067256137589,15,32,2
15,"cgfm_independent","rolling_one_step",3,1,1,2,5.55661470136084,NA,2.22548505658237,1.86808395424324,0.198218937831537,NA,NA,12.6495081339361,3.55661470136084,15,19,1
15,"cgfm_shared","rolling_one_step",3,1,1,2,8.25323236250696,NA,4.13657230120835,4.59037717403481,0.0108093202353989,NA,NA,39.1029149795044,6.25323236250696,15,19,1
15,"cgfm_time_varying","rolling_one_step",3,1,1,2,5.55068617007503,NA,2.35162595021595,2.19591635695261,0.1149345539395,NA,NA,12.6073722783621,3.55068617007503,15,19,1
15,"cgfm_independent","rolling_one_step",3,1,2,5,7.93513518711877,NA,2.58497563563325,1.74074600254214,0.371228486045058,NA,NA,8.61501856666271,2.93513518711877,15,32,2
15,"cgfm_shared","rolling_one_step",3,1,2,5,5.70397076550719,NA,1.96262733702883,0.772869215417886,0.402386067378646,NA,NA,0.495574838688773,0.703970765507186,15,32,2
15,"cgfm_time_varying","rolling_one_step",3,1,2,5,5.62266097225683,NA,2.30327757344588,1.08593604770686,0.426039147380158,NA,NA,0.387706686371817,0.622660972256827,15,32,2
15,"cgfm_independent","rolling_one_step",4,1,1,5,5.97291664525984,NA,2.46410903742801,1.18513234478337,0.509360974785489,NA,NA,0.946566798623652,0.972916645259835,15,19,1
15,"cgfm_shared","rolling_one_step",4,1,1,5,7.33126545373687,NA,2.2128687884743,1.42325526532439,0.272326634970554,NA,NA,5.43479861578696,2.33126545373687,15,19,1
15,"cgfm_time_varying","rolling_one_step",4,1,1,5,3.60434376863161,NA,2.43558995375692,1.18965905251397,0.664122123401378,NA,NA,1.94785631615741,1.39565623136839,15,19,1
15,"cgfm_independent","rolling_one_step",4,1,2,3,8.52963053611094,NA,2.62021956163944,2.92452219455659,0.191328762308926,NA,NA,30.5768138658906,5.52963053611094,15,32,2
15,"cgfm_shared","rolling_one_step",4,1,2,3,6.03264168560781,NA,2.37286014588479,1.89260181810417,0.130751352542564,NA,NA,9.19691559328618,3.03264168560781,15,32,2
15,"cgfm_time_varying","rolling_one_step",4,1,2,3,6.42710317862755,NA,2.37834660802475,2.05698096159155,0.247509845244767,NA,NA,11.745036196959,3.42710317862755,15,32,2
15,"cgfm_independent","rolling_one_step",5,1,1,6,7.19598635313351,NA,2.62079491616803,1.38207566655817,0.488473698827197,NA,NA,1.4303833568816,1.19598635313351,15,19,1
15,"cgfm_shared","rolling_one_step",5,1,1,6,8.04034576878832,NA,2.19667525582609,1.28452457747187,0.26099706320201,NA,NA,4.1630108562124,2.04034576878832,15,19,1
15,"cgfm_time_varying","rolling_one_step",5,1,1,6,6.40349161928273,NA,2.38687030750771,1.13692280298205,0.509261870795816,NA,NA,0.162805486831398,0.403491619282728,15,19,1
15,"cgfm_independent","rolling_one_step",5,1,2,4,10.2766320407855,NA,2.79290915244684,3.39046960296126,0.223510509376634,NA,NA,39.3961097754149,6.27663204078548,15,32,2
15,"cgfm_shared","rolling_one_step",5,1,2,4,6.3043733136338,NA,2.15609512562629,1.40223926165537,0.184422515196178,NA,NA,5.31013636858761,2.3043733136338,15,32,2
15,"cgfm_time_varying","rolling_one_step",5,1,2,4,5.66416554983936,NA,2.2710662792611,1.27476524146551,0.412834650231983,NA,NA,2.76944697727215,1.66416554983936,15,32,2
15,"cgfm_independent","rolling_one_step",6,1,1,5,5.2462586443843,NA,2.44389637740283,1.09027743327284,0.502330506912309,NA,NA,0.0606433199339913,0.246258644384296,15,19,1
15,"cgfm_shared","rolling_one_step",6,1,1,5,5.59331809197786,NA,1.88366297410894,0.707775101554394,0.410752403962134,NA,NA,0.352026358268244,0.593318091977856,15,19,1
15,"cgfm_time_varying","rolling_one_step",6,1,1,5,4.6630543856322,NA,2.22578500913813,0.947695560055415,0.578417841105032,NA,NA,0.113532347041697,0.336945614367804,15,19,1
15,"cgfm_independent","rolling_one_step",6,1,2,7,7.49203418071559,NA,2.73372270653161,1.44744201297875,0.53293660406629,NA,NA,0.242097634992466,0.492034180715594,15,32,2
15,"cgfm_shared","rolling_one_step",6,1,2,7,4.27069478651703,NA,2.6786040077888,1.69981996851704,0.840094345329624,NA,NA,7.44910694834533,2.72930521348297,15,32,2
15,"cgfm_time_varying","rolling_one_step",6,1,2,7,4.24289931455246,NA,2.84275005640433,1.84660046877941,0.793652497152693,NA,NA,7.60160418969532,2.75710068544754,15,32,2
15,"cgfm_independent","rolling_one_step",7,1,1,8,4.30250339339336,NA,3.18743556070158,2.5024811273351,0.810589135209105,NA,NA,13.6714811558676,3.69749660660664,15,19,1
15,"cgfm_shared","rolling_one_step",7,1,1,8,4.59336192933026,NA,3.00758356371837,2.17796297729012,0.889633905690767,NA,NA,11.6051829445364,3.40663807066974,15,19,1
15,"cgfm_time_varying","rolling_one_step",7,1,1,8,4.1933376780852,NA,3.15891303893802,2.45790008155597,0.8521186608097,NA,NA,14.4906780330858,3.8066623219148,15,19,1
15,"cgfm_independent","rolling_one_step",7,1,2,3,6.14458866896744,NA,2.31632942818626,1.66976689431602,0.283112399235012,NA,NA,9.88843789699839,3.14458866896744,15,32,2
15,"cgfm_shared","rolling_one_step",7,1,2,3,3.85462259468592,NA,1.68432631530782,0.666419313674738,0.365343856690452,NA,NA,0.730379779347694,0.85462259468592,15,32,2
15,"cgfm_time_varying","rolling_one_step",7,1,2,3,5.90220580208588,NA,2.27295567718578,1.78276211364146,0.231519644289531,NA,NA,8.42279851766095,2.90220580208588,15,32,2
15,"cgfm_independent","rolling_one_step",8,1,1,2,3.95417468266131,NA,1.95365050882642,1.08765941616845,0.388865243406887,NA,NA,3.81879869035442,1.95417468266131,15,19,1
15,"cgfm_shared","rolling_one_step",8,1,1,2,4.48426484251977,NA,2.18990455045457,1.58158298485008,0.0876909278722715,NA,NA,6.17157180777978,2.48426484251977,15,19,1
15,"cgfm_time_varying","rolling_one_step",8,1,1,2,5.91807170131683,NA,2.52770614872957,2.52047791256931,0.102451542488694,NA,NA,15.3512858566598,3.91807170131683,15,19,1
15,"cgfm_independent","rolling_one_step",8,1,2,3,5.64714458104395,NA,2.2548106348014,1.45086606315416,0.269940340231502,NA,NA,7.00737443295037,2.64714458104395,15,32,2
15,"cgfm_shared","rolling_one_step",8,1,2,3,3.43555429642351,NA,1.61489854366861,0.545866320664295,0.413410830457892,NA,NA,0.189707545132982,0.435554296423514,15,32,2
15,"cgfm_time_varying","rolling_one_step",8,1,2,3,3.79951492819592,NA,1.97398970425923,0.877435114257108,0.395734279682125,NA,NA,0.639224120408121,0.799514928195916,15,32,2
15,"cgfm_independent","rolling_one_step",9,1,1,9,3.91193738024015,NA,3.60559221294973,3.47519420902013,0.885670742079487,NA,NA,25.8883812225975,5.08806261975985,15,19,1
15,"cgfm_shared","rolling_one_step",9,1,1,9,4.15887896559355,NA,4.01838031878057,3.39646911731488,0.937618333582989,NA,NA,23.4364528697726,4.84112103440645,15,19,1
15,"cgfm_time_varying","rolling_one_step",9,1,1,9,2.80358191953303,NA,4.48914761872381,4.45836954055754,0.915612405266066,NA,NA,38.395597027938,6.19641808046697,15,19,1
15,"cgfm_independent","rolling_one_step",9,1,2,2,5.5868247060329,NA,2.23057593589414,1.88412786062479,0.188488271711649,NA,NA,12.865311471808,3.5868247060329,15,32,2
15,"cgfm_shared","rolling_one_step",9,1,2,2,3.30024158527628,NA,1.66418292457414,0.816878441047293,0.282901035081926,NA,NA,1.69062818008178,1.30024158527628,15,32,2
15,"cgfm_time_varying","rolling_one_step",9,1,2,2,3.92438500696559,NA,1.93952193887773,1.21662060076419,0.333533905372107,NA,NA,3.70325765503394,1.92438500696559,15,32,2
15,"cgfm_independent","rolling_one_step",10,1,1,3,4.70105066884269,NA,2.14507314261874,1.0871559339632,0.435699916819623,NA,NA,2.89357337797016,1.70105066884269,15,19,1
15,"cgfm_shared","rolling_one_step",10,1,1,3,5.46043112072645,NA,2.18863739664749,1.53634014452696,0.206511556607108,NA,NA,6.05372129983923,2.46043112072645,15,19,1
15,"cgfm_time_varying","rolling_one_step",10,1,1,3,8.09878648914762,NA,2.84704342997993,3.28530953297903,0.0675786815132055,NA,NA,25.9976236619143,5.09878648914762,15,19,1
15,"cgfm_independent","rolling_one_step",10,1,2,5,6.71370211649339,NA,2.50119220587983,1.34867621822016,0.475868826714601,NA,NA,2.93677494407392,1.71370211649339,15,32,2
15,"cgfm_shared","rolling_one_step",10,1,2,5,3.87875794131323,NA,1.98271667423331,0.795053473067165,0.648359014523758,NA,NA,1.25718375416814,1.12124205868677,15,32,2
15,"cgfm_time_varying","rolling_one_step",10,1,2,5,4.00761252203612,NA,2.38565221226029,1.10321837900099,0.661623385113569,NA,NA,0.984832906419519,0.992387477963884,15,32,2
15,"cgfm_independent","rolling_one_step",11,1,1,2,4.08200982782401,NA,1.97491898676302,1.14322195748738,0.282529993288518,NA,NA,4.33476492315577,2.08200982782401,15,19,1
15,"cgfm_shared","rolling_one_step",11,1,1,2,4.66580518563107,NA,2.2918331788481,1.72156891278278,0.111076773488601,NA,NA,7.10651728773752,2.66580518563107,15,19,1
15,"cgfm_time_varying","rolling_one_step",11,1,1,2,3.20198566157251,NA,1.78326304007072,0.889090200592918,0.373430012384903,NA,NA,1.44476953062589,1.20198566157251,15,19,1
15,"cgfm_independent","rolling_one_step",11,1,2,1,5.82970697264403,NA,2.38294860417506,2.70575628003234,0.085865297821003,NA,NA,23.3260694416064,4.82970697264403,15,32,2
15,"cgfm_shared","rolling_one_step",11,1,2,1,3.52143633918178,NA,2.2604308266687,1.66750617803973,0.0628434951672365,NA,NA,6.3576412125464,2.52143633918178,15,32,2
15,"cgfm_time_varying","rolling_one_step",11,1,2,1,4.86373250113905,NA,2.4401509175166,2.49105544322247,0.0771286814567351,NA,NA,14.9284288403582,3.86373250113905,15,32,2
15,"cgfm_independent","rolling_one_step",12,1,1,4,3.88636667267034,NA,2.25831791744815,0.900039258035299,0.559340785124366,NA,NA,0.01291253308001,0.113633327329662,15,19,1
15,"cgfm_shared","rolling_one_step",12,1,1,4,4.26398937918846,NA,1.72359324119567,0.57555272219232,0.543158984120139,NA,NA,0.0696903923243075,0.263989379188458,15,19,1
15,"cgfm_time_varying","rolling_one_step",12,1,1,4,2.74696092655117,NA,2.26860606409562,1.03663851315351,0.736168588387278,NA,NA,1.57010691958951,1.25303907344883,15,19,1
15,"cgfm_independent","rolling_one_step",12,1,2,1,5.55030661562681,NA,2.32340627920631,2.53554852769642,0.128095841433502,NA,NA,20.7052902962171,4.55030661562681,15,32,2
15,"cgfm_shared","rolling_one_step",12,1,2,1,3.18267224706733,NA,2.04077997533096,1.40831619860289,0.107112611261067,NA,NA,4.76405813811793,2.18267224706733,15,32,2
15,"cgfm_time_varying","rolling_one_step",12,1,2,1,2.63905125077823,NA,1.63333517482667,1.01183182216479,0.222562236191735,NA,NA,2.68648900267768,1.63905125077823,15,32,2
16,"cgfm_independent","rolling_one_step",2,1,1,7,4.84347937381886,NA,2.83307087973804,1.69407258387349,0.731339235532578,NA,NA,4.65058121114472,2.15652062618114,16,5,1
16,"cgfm_shared","rolling_one_step",2,1,1,7,4.83050596087691,NA,2.47593357831613,1.3703360016116,0.782758234117886,NA,NA,4.70670438579063,2.16949403912309,16,5,1
16,"cgfm_time_varying","rolling_one_step",2,1,1,7,4.82351142359298,NA,2.61722893019902,1.49984268498766,0.752127703966525,NA,NA,4.73710252323025,2.17648857640702,16,5,1
16,"cgfm_independent","rolling_one_step",2,1,2,15,6.90504523010151,NA,4.03572894533748,5.51931363730379,0.871966775652107,NA,NA,65.5282927267023,8.09495476989849,16,45,2
16,"cgfm_shared","rolling_one_step",2,1,2,15,8.44892879241073,NA,3.91691703751243,4.4072696092139,0.915462866135792,NA,NA,42.9165339669052,6.55107120758927,16,45,2
16,"cgfm_time_varying","rolling_one_step",2,1,2,15,8.43251706844202,NA,3.70360633550718,4.16703679394287,0.866408815362004,NA,NA,43.1318320563054,6.56748293155798,16,45,2
16,"cgfm_independent","rolling_one_step",3,1,1,7,5.53256226015409,NA,2.76497189835778,1.51245963659174,0.696918031529035,NA,NA,2.15337352032407,1.46743773984591,16,5,1
16,"cgfm_shared","rolling_one_step",3,1,1,7,6.33149953548318,NA,2.13735384827536,0.833418166534753,0.54957553679144,NA,NA,0.446892871059201,0.668500464516818,16,5,1
16,"cgfm_time_varying","rolling_one_step",3,1,1,7,7.0211137321696,NA,2.41429435366196,1.13423348957952,0.535502231368835,NA,NA,0.000445789686129686,0.021113732169602,16,5,1
16,"cgfm_independent","rolling_one_step",3,1,2,1,7.88705418041427,NA,2.79833519861054,4.00852654004215,0.0909688865246463,NA,NA,47.4315152839617,6.88705418041427,16,45,2
16,"cgfm_shared","rolling_one_step",3,1,2,1,12.1505838158798,NA,6.72537647130259,9.00223036488126,0.00123947295125316,NA,NA,124.335519434961,11.1505838158798,16,45,2
16,"cgfm_time_varying","rolling_one_step",3,1,2,1,13.9801951493116,NA,5.83440146852787,9.86950325758892,0.00276547373378468,NA,NA,168.485466114213,12.9801951493116,16,45,2
16,"cgfm_independent","rolling_one_step",4,1,1,6,5.99915998394975,NA,2.58680303959851,1.23596897460794,0.554119450119423,NA,NA,7.05626964679425e-07,0.00084001605025108,16,5,1
16,"cgfm_shared","rolling_one_step",4,1,1,6,7.14743719133682,NA,2.06179578047383,0.92553458999574,0.40263542130967,NA,NA,1.31661210806294,1.14743719133682,16,5,1
16,"cgfm_time_varying","rolling_one_step",4,1,1,6,7.01742896129138,NA,2.34713805567299,1.19084133878881,0.46970106956945,NA,NA,1.03516169127446,1.01742896129138,16,5,1
16,"cgfm_independent","rolling_one_step",4,1,2,0,8.55227254145362,NA,3.41455950150252,5.40352707009774,0.00757596595645032,NA,NA,73.1413656233016,8.55227254145362,16,45,2
16,"cgfm_shared","rolling_one_step",4,1,2,0,10.1460934270718,NA,6.84155855012016,8.26885923621508,0.000682780652272431,NA,NA,102.943211830869,10.1460934270718,16,45,2
16,"cgfm_time_varying","rolling_one_step",4,1,2,0,3.5249106951039,NA,2.20495359363431,2.28473365637376,0.0384993371381399,NA,NA,12.4249954084579,3.5249106951039,16,45,2
16,"cgfm_independent","rolling_one_step",5,1,1,8,7.16039840750962,NA,2.84655800633108,1.5869436766784,0.594892734139974,NA,NA,0.704930834112389,0.839601592490384,16,5,1
16,"cgfm_shared","rolling_one_step",5,1,1,8,8.03907911682858,NA,2.13198289033612,0.818955118711535,0.547566887252075,NA,NA,0.00152717737210165,0.039079116828578,16,5,1
16,"cgfm_time_varying","rolling_one_step",5,1,1,8,7.11362365905989,NA,2.57915530469293,1.3040521242072,0.607019927481307,NA,NA,0.785663017778374,0.886376340940108,16,5,1
16,"cgfm_independent","rolling_one_step",5,1,2,5,10.2078866532708,NA,2.77681311754362,2.82291426871302,0.287433563803959,NA,NA,27.1220833933166,5.20788665327085,16,45,2
16,"cgfm_shared","rolling_one_step",5,1,2,5,9.17119950430589,NA,2.78613395703276,2.6664149664713,0.0751350214251667,NA,NA,17.3989053047217,4.17119950430589,16,45,2
16,"cgfm_time_varying","rolling_one_step",5,1,2,5,3.18328495827304,NA,2.60790303267539,1.39915461079961,0.728901678579947,NA,NA,3.30045354283699,1.81671504172696,16,45,2
16,"cgfm_independent","rolling_one_step",6,1,1,6,5.2709004202807,NA,2.5997854741152,1.25243379951284,0.602359122114282,NA,NA,0.531586197146858,0.729099579719299,16,5,1
16,"cgfm_shared","rolling_one_step",6,1,1,6,5.94692228578473,NA,1.95132867481442,0.687326582741879,0.53577538125643,NA,NA,0.00281724374631751,0.0530777142152665,16,5,1
16,"cgfm_time_varying","rolling_one_step",6,1,1,6,5.68216078557478,NA,2.30596964935434,1.01845427305269,0.583682324032265,NA,NA,0.101021766226438,0.317839214425216,16,5,1
16,"cgfm_independent","rolling_one_step",6,1,2,4,7.51417389110595,NA,2.49593209639337,1.88092665393089,0.29557107650356,NA,NA,12.3494181369307,3.51417389110595,16,45,2
16,"cgfm_shared","rolling_one_step",6,1,2,4,6.15174816185047,NA,2.11108783922574,1.32207376294307,0.167425581280106,NA,NA,4.63002015202689,2.15174816185047,16,45,2
16,"cgfm_time_varying","rolling_one_step",6,1,2,4,4.79834817758456,NA,2.14084485662636,0.986795081833227,0.442436147202504,NA,NA,0.63735981265259,0.798348177584561,16,45,2
16,"cgfm_independent","rolling_one_step",7,1,1,5,4.38711206518121,NA,2.4451086609812,1.07901660852436,0.577377485183413,NA,NA,0.375631620646438,0.612887934818787,16,5,1
16,"cgfm_shared","rolling_one_step",7,1,1,5,5.01984642787117,NA,1.84513470481493,0.624323272471508,0.498104448062626,NA,NA,0.000393880699245618,0.0198464278711716,16,5,1
16,"cgfm_time_varying","rolling_one_step",7,1,1,5,4.77794305039329,NA,2.19250032187121,0.923451754991623,0.521552955177657,NA,NA,0.0493092888686361,0.222056949606708,16,5,1
16,"cgfm_independent","rolling_one_step",7,1,2,0,6.25450794935231,NA,2.91713558965675,3.87376791783314,0.0114072780627072,NA,NA,39.1188696885113,6.25450794935231,16,45,2
16,"cgfm_shared","rolling_one_step",7,1,2,0,4.94567493084297,NA,4.64385593057294,3.80538511351492,0.00379226103886093,NA,NA,24.4597005215686,4.94567493084297,16,45,2
16,"cgfm_time_varying","rolling_one_step",7,1,2,0,4.31537964545772,NA,2.80004043055904,2.96620116791051,0.0469274557848423,NA,NA,18.6225014844308,4.31537964545772,16,45,2
16,"cgfm_independent","rolling_one_step",8,1,1,4,3.92844048822019,NA,2.24886797051595,0.893781821646966,0.609523528142623,NA,NA,0.00512076372616512,0.0715595117798125,16,5,1
16,"cgfm_shared","rolling_one_step",8,1,1,4,4.46359620226118,NA,1.74740058450012,0.613907887072572,0.451046853751036,NA,NA,0.214921438750985,0.463596202261176,16,5,1
16,"cgfm_time_varying","rolling_one_step",8,1,1,4,4.24969277621937,NA,2.05053825111219,0.846173109549781,0.451845998521048,NA,NA,0.0623464824961347,0.249692776219367,16,5,1
16,"cgfm_independent","rolling_one_step",8,1,2,3,5.60062199401821,NA,2.24474674214307,1.43194938808839,0.332239623693731,NA,NA,6.76323475577124,2.60062199401821,16,45,2
16,"cgfm_shared","rolling_one_step",8,1,2,3,3.95608925744166,NA,1.69950147867469,0.701520938228836,0.402490465720214,NA,NA,0.914106668195349,0.956089257441662,16,45,2
16,"cgfm_time_varying","rolling_one_step",8,1,2,3,2.0130761851471,NA,2.13873334303512,0.904107980290239,0.753013568363874,NA,NA,0.974018616323804,0.986923814852902,16,45,2
16,"cgfm_independent","rolling_one_step",9,1,1,7,3.96859485023657,NA,2.99708631410124,2.07687441712606,0.803134029906225,NA,NA,9.18941718201222,3.03140514976343,16,5,1
16,"cgfm_shared","rolling_one_step",9,1,1,7,4.3829850135068,NA,2.61347986544867,1.61745689665847,0.85581762600097,NA,NA,6.84876743952999,2.6170149864932,16,5,1
16,"cgfm_time_varying","rolling_one_step",9,1,1,7,3.98477920272325,NA,2.89148300237454,1.95894731486883,0.778118685008781,NA,NA,9.09155645633025,3.01522079727675,16,5,1
16,"cgfm_independent","rolling_one_step",9,1,2,0,5.65786753586345,NA,2.76610966397274,3.48854934203194,0.0119060255856052,NA,NA,32.0114650533775,5.65786753586345,16,45,2
16,"cgfm_shared","rolling_one_step",9,1,2,0,3.83943303491729,NA,3.71096733546794,2.86926732260011,0.00289135521938812,NA,NA,14.7412460296142,3.83943303491729,16,45,2
16,"cgfm_time_varying","rolling_one_step",9,1,2,0,3.99637197315136,NA,2.62446785739289,2.71880255805655,0.0104987636185514,NA,NA,15.9709889477897,3.99637197315136,16,45,2
16,"cgfm_independent","rolling_one_step",10,1,1,2,4.76692429356718,NA,2.0900738629012,1.46725448714544,0.317958941256332,NA,NA,7.65587004633221,2.76692429356718,16,5,1
16,"cgfm_shared","rolling_one_step",10,1,1,2,5.54217165234308,NA,2.77599743820698,2.40757347413298,0.0654270596964788,NA,NA,12.5469800146629,3.54217165234308,16,5,1
16,"cgfm_time_varying","rolling_one_step",10,1,1,2,6.7873616700121,NA,2.7801925995414,3.12487836769662,0.0660129831641791,NA,NA,22.918831759501,4.7873616700121,16,5,1
16,"cgfm_independent","rolling_one_step",10,1,2,1,6.79592618275371,NA,2.59342706821484,3.31815092281717,0.0503172017659394,NA,NA,33.5927603159299,5.79592618275371,16,45,2
16,"cgfm_shared","rolling_one_step",10,1,2,1,4.30016469912515,NA,2.7875854172033,2.29167712863939,0.0751888469079587,NA,NA,10.8910870413518,3.30016469912515,16,45,2
16,"cgfm_time_varying","rolling_one_step",10,1,2,1,2.5403021605856,NA,1.59950297933918,0.950863797930868,0.367599405291965,NA,NA,2.37253074590466,1.5403021605856,16,45,2
16,"cgfm_independent","rolling_one_step",11,1,1,5,4.01878797879727,NA,2.46800445549567,1.12405334311738,0.685642531285448,NA,NA,0.962777030552746,0.98121202120273,16,5,1
16,"cgfm_shared","rolling_one_step",11,1,1,5,4.52226123391228,NA,1.85378572878085,0.633745981673925,0.647650291800967,NA,NA,0.228234328623016,0.477738766087719,16,5,1
16,"cgfm_time_varying","rolling_one_step",11,1,1,5,2.63343962037722,NA,2.70548001606665,1.60210057700721,0.774829540364212,NA,NA,5.6006080304003,2.36656037962278,16,5,1
16,"cgfm_independent","rolling_one_step",11,1,2,3,5.72942450244118,NA,2.26077028930007,1.48714228286793,0.324193118385575,NA,NA,7.4497581145263,2.72942450244118,16,45,2
16,"cgfm_shared","rolling_one_step",11,1,2,3,3.46505252802855,NA,1.61128163045545,0.549238675305981,0.36923882246644,NA,NA,0.216273853825748,0.465052528028552,16,45,2
16,"cgfm_time_varying","rolling_one_step",11,1,2,3,2.5364908163369,NA,2.01259857348767,0.784904664872329,0.553957090720144,NA,NA,0.214840763340037,0.463509183663104,16,45,2
16,"cgfm_independent","rolling_one_step",12,1,1,0,3.92708200195804,NA,2.24878549919629,2.36996036817187,0.00395589071279107,NA,NA,15.4219730501027,3.92708200195804,16,5,1
16,"cgfm_shared","rolling_one_step",12,1,1,0,4.42403134326606,NA,4.27716774943875,3.37872524639936,0.00100191687960961,NA,NA,19.5720533262005,4.42403134326606,16,5,1
16,"cgfm_time_varying","rolling_one_step",12,1,1,0,4.44821192804646,NA,3.07943532602858,3.14836924095824,0.0312099987902389,NA,NA,19.7865893568148,4.44821192804646,16,5,1
16,"cgfm_independent","rolling_one_step",12,1,2,3,5.59868528341834,NA,2.24450691352403,1.43112860981163,0.368183696541583,NA,NA,6.75316520225506,2.59868528341834,16,45,2
16,"cgfm_shared","rolling_one_step",12,1,2,3,3.33602728760425,NA,1.59550039775511,0.522218729678715,0.494098125075861,NA,NA,0.112914338014669,0.336027287604249,16,45,2
16,"cgfm_time_varying","rolling_one_step",12,1,2,3,3.90995675871226,NA,1.97509382722486,0.902225812092604,0.381268739926708,NA,NA,0.828021302726124,0.909956758712261,16,45,2
17,"cgfm_independent","rolling_one_step",2,1,1,1,5.14851118639025,NA,2.24479806386579,2.30405613550247,0.12603661926132,NA,NA,17.2101450636051,4.14851118639025,17,4,1
17,"cgfm_shared","rolling_one_step",2,1,1,1,3.38294853798364,NA,2.01281207091581,1.47017965837304,0.0828155565422132,NA,NA,5.67844373467838,2.38294853798364,17,4,1
17,"cgfm_time_varying","rolling_one_step",2,1,1,1,3.34123811629551,NA,1.88265408005714,1.44927197875035,0.117830059189707,NA,NA,5.48139591719493,2.34123811629551,17,4,1
17,"cgfm_independent","rolling_one_step",2,1,2,10,6.92059045988757,NA,3.15696472167701,2.35370919711278,0.723362010697585,NA,NA,9.48276311573545,3.07940954011243,17,36,2
17,"cgfm_shared","rolling_one_step",2,1,2,10,8.58908121625874,NA,2.41226108475912,1.14893089396326,0.684510958217786,NA,NA,1.99069181431391,1.41091878374126,17,36,2
17,"cgfm_time_varying","rolling_one_step",2,1,2,10,8.59171675018515,NA,2.67148625082458,1.45059956881924,0.64031705630666,NA,NA,1.98326171170907,1.40828324981485,17,36,2
17,"cgfm_independent","rolling_one_step",3,1,1,4,5.59762914419381,NA,2.32174285790132,1.17634315112908,0.447167660650915,NA,NA,2.55241888237744,1.59762914419381,17,4,1
17,"cgfm_shared","rolling_one_step",3,1,1,4,2.96167605385387,NA,1.98773042548614,0.781547270158079,0.701984014567036,NA,NA,1.07811661714046,1.03832394614613,17,4,1
17,"cgfm_time_varying","rolling_one_step",3,1,1,4,2.88248563290319,NA,2.2901368675477,1.03134345452904,0.641151269185514,NA,NA,1.24883836066779,1.11751436709681,17,4,1
17,"cgfm_independent","rolling_one_step",3,1,2,15,7.52407441211998,NA,3.89421751523646,5.03817616853945,0.856904078135366,NA,NA,55.8894633955193,7.47592558788002,17,36,2
17,"cgfm_shared","rolling_one_step",3,1,2,15,9.92355822653855,NA,3.32428684916648,3.19062682462804,0.87478853750693,NA,NA,25.7702610793445,5.07644177346145,17,36,2
17,"cgfm_time_varying","rolling_one_step",3,1,2,15,9.6985915067103,NA,3.37911308231242,3.28712685409915,0.81804644159945,NA,NA,28.1049320127242,5.3014084932897,17,36,2
17,"cgfm_independent","rolling_one_step",4,1,1,3,6.07143574533152,NA,2.30386135645275,1.63913035966837,0.284969177012872,NA,NA,9.43371753770017,3.07143574533152,17,4,1
17,"cgfm_shared","rolling_one_step",4,1,1,3,3.5267653816101,NA,1.68594541129143,0.593347117215759,0.377148343599388,NA,NA,0.277481767262838,0.526765381610103,17,4,1
17,"cgfm_time_varying","rolling_one_step",4,1,1,3,5.01830213241005,NA,2.1177942247144,1.31714215953056,0.26973682932573,NA,NA,4.07354349769097,2.01830213241005,17,4,1
17,"cgfm_independent","rolling_one_step",4,1,2,16,8.16082355902072,NA,3.93486997700738,5.26066133904454,0.847208406732593,NA,NA,61.4526872728046,7.83917644097928,17,36,2
17,"cgfm_shared","rolling_one_step",4,1,2,16,12.3045269546747,NA,2.89546537944131,2.22726941552679,0.77534467281362,NA,NA,13.6565210287258,3.6954730453253,17,36,2
17,"cgfm_time_varying","rolling_one_step",4,1,2,16,13.5735078764727,NA,3.01649240964637,2.06307937331526,0.673290647454867,NA,NA,5.88786402553985,2.42649212352726,17,36,2
17,"cgfm_independent","rolling_one_step",5,1,1,3,7.44487724026713,NA,2.4801237123099,2.31093553864736,0.213991656150548,NA,NA,19.7569336810447,4.44487724026713,17,4,1
17,"cgfm_shared","rolling_one_step",5,1,1,3,4.11450365875562,NA,1.77058111191131,0.775287130654421,0.341294235793541,NA,NA,1.24211840537967,1.11450365875562,17,4,1
17,"cgfm_time_varying","rolling_one_step",5,1,1,3,5.0365402019302,NA,2.13928215082378,1.32714701750752,0.36089488096331,NA,NA,4.1474959940779,2.0365402019302,17,4,1
17,"cgfm_independent","rolling_one_step",5,1,2,7,10.0073068271877,NA,2.82828392402115,2.07358857778396,0.422669880875002,NA,NA,9.04389435284999,3.00730682718774,17,36,2
17,"cgfm_shared","rolling_one_step",5,1,2,7,15.7863560028185,NA,4.49550751925511,6.4018692341023,0.019464610942857,NA,NA,77.2000518082651,8.78635600281852,17,36,2
17,"cgfm_time_varying","rolling_one_step",5,1,2,7,16.3540827499183,NA,3.56136251632718,5.99321735813497,0.0827397373451265,NA,NA,87.4988640923193,9.35408274991831,17,36,2
17,"cgfm_independent","rolling_one_step",6,1,1,3,5.42076574028763,NA,2.22259079653849,1.35693423532368,0.358655322741522,NA,NA,5.86010676935033,2.42076574028763,17,4,1
17,"cgfm_shared","rolling_one_step",6,1,1,3,2.84370195459125,NA,1.6267567332834,0.503201733731418,0.518323133491258,NA,NA,0.0244290789985953,0.156298045408749,17,4,1
17,"cgfm_time_varying","rolling_one_step",6,1,1,3,3.28382737380169,NA,1.9403731380659,0.774216037783444,0.537858382902141,NA,NA,0.0805579781191615,0.283827373801685,17,4,1
17,"cgfm_independent","rolling_one_step",6,1,2,10,7.28644609642376,NA,3.12407155608485,2.23405490765364,0.712639284812164,NA,NA,7.36337478761384,2.71355390357624,17,36,2
17,"cgfm_shared","rolling_one_step",6,1,2,10,10.2079178204558,NA,2.20045534344491,0.881013091154882,0.462422404433411,NA,NA,0.0432298200630974,0.207917820455817,17,36,2
17,"cgfm_time_varying","rolling_one_step",6,1,2,10,5.76468315780951,NA,3.21479797884723,2.69007350923046,0.825179164471229,NA,NA,17.9379087537424,4.23531684219049,17,36,2
17,"cgfm_independent","rolling_one_step",7,1,1,1,4.4222920087077,NA,2.07318485416681,1.86948331442536,0.202158929358748,NA,NA,11.7120825928646,3.4222920087077,17,4,1
17,"cgfm_shared","rolling_one_step",7,1,1,1,2.35465715592157,NA,1.53720491465068,0.822342120941062,0.204802279252242,NA,NA,1.83509601008951,1.35465715592157,17,4,1
17,"cgfm_time_varying","rolling_one_step",7,1,1,1,3.22173165773214,NA,1.83869847130896,1.37306703872028,0.212589970715823,NA,NA,4.93609155896921,2.22173165773214,17,4,1
17,"cgfm_independent","rolling_one_step",7,1,2,15,5.9445013850906,NA,4.32999129064908,6.36878328185275,0.901396776063051,NA,NA,82.0020551646261,9.0554986149094,17,36,2
17,"cgfm_shared","rolling_one_step",7,1,2,15,8.37066420674724,NA,4.22993367228526,4.60266347703089,0.93196270057572,NA,NA,43.9480930597022,6.62933579325276,17,36,2
17,"cgfm_time_varying","rolling_one_step",7,1,2,15,7.42262255598223,NA,4.0516888125659,4.99582781354873,0.888505625828831,NA,NA,57.4166489291092,7.57737744401777,17,36,2
17,"cgfm_independent","rolling_one_step",8,1,1,7,3.83649434645302,NA,3.03260539790153,2.1512353561897,0.782469810353519,NA,NA,10.0077680200237,3.16350565354698,17,4,1
17,"cgfm_shared","rolling_one_step",8,1,1,7,1.92457724544422,NA,5.35614630862475,3.90506522877277,0.946907179998928,NA,NA,25.7599161374625,5.07542275455578,17,4,1
17,"cgfm_time_varying","rolling_one_step",8,1,1,7,2.12776417275459,NA,4.10720959934883,3.50018141614883,0.906733043137186,NA,NA,23.7386819562937,4.87223582724541,17,4,1
17,"cgfm_independent","rolling_one_step",8,1,2,18,5.15707562659965,NA,5.37019924087981,9.78461917074236,0.946129631688954,NA,NA,164.940706460881,12.8429243734003,17,36,2
17,"cgfm_shared","rolling_one_step",8,1,2,18,7.79968215079933,NA,6.2230958917399,7.87974348344748,0.95901488069032,NA,NA,104.046484224722,10.2003178492007,17,36,2
17,"cgfm_time_varying","rolling_one_step",8,1,2,18,10.0781112393883,NA,3.96877316567213,5.10472061111735,0.887114320692219,NA,NA,62.7563215355062,7.92188876061172,17,36,2
17,"cgfm_independent","rolling_one_step",9,1,1,5,3.92643708159967,NA,2.47599619364695,1.14029717707243,0.678844688801589,NA,NA,1.15253733976423,1.07356291840033,17,4,1
17,"cgfm_shared","rolling_one_step",9,1,1,5,2.31981053044454,NA,2.91112165707281,1.78555385328157,0.873424615350813,NA,NA,7.18341559271597,2.68018946955546,17,4,1
17,"cgfm_time_varying","rolling_one_step",9,1,1,5,5.66720514814458,NA,2.17835018163642,0.995061366817608,0.454855731032869,NA,NA,0.445162709710632,0.667205148144581,17,4,1
17,"cgfm_independent","rolling_one_step",9,1,2,16,5.27797737873944,NA,4.84339249692132,7.8869924594207,0.935840923558729,NA,NA,114.961769090823,10.7220226212606,17,36,2
17,"cgfm_shared","rolling_one_step",9,1,2,16,8.62430380368336,NA,4.62471507529684,5.25931890084043,0.940610317252572,NA,NA,54.4008943803598,7.37569619631664,17,36,2
17,"cgfm_time_varying","rolling_one_step",9,1,2,16,13.1298569027592,NA,2.97384142728479,2.06913000317211,0.669254364092611,NA,NA,8.23772139863922,2.87014309724084,17,36,2
17,"cgfm_independent","rolling_one_step",10,1,1,0,4.76986351994502,NA,2.51771121444143,2.91476999474109,0.0118323067814676,NA,NA,22.7515979989023,4.76986351994502,17,4,1
17,"cgfm_shared","rolling_one_step",10,1,1,0,3.07502631430576,NA,2.98868001647931,2.22092537045208,0.00456425351184487,NA,NA,9.45578683367284,3.07502631430576,17,4,1
17,"cgfm_time_varying","rolling_one_step",10,1,1,0,5.46935494297699,NA,3.50033469798347,3.90151087893271,0.00289088449071063,NA,NA,29.9138434922668,5.46935494297699,17,4,1
17,"cgfm_independent","rolling_one_step",10,1,2,16,6.41168409287946,NA,4.37387890395955,6.74076106364238,0.903386818643026,NA,NA,91.9358019347408,9.58831590712054,17,36,2
17,"cgfm_shared","rolling_one_step",10,1,2,16,11.2191956607532,NA,3.22185531713581,2.97179091572118,0.865238407774023,NA,NA,22.8560901301611,4.78080433924681,17,36,2
17,"cgfm_time_varying","rolling_one_step",10,1,2,16,14.27842113306,NA,2.9287041514627,1.84288594335521,0.590215428153436,NA,NA,2.96383379509456,1.72157886694004,17,36,2
17,"cgfm_independent","rolling_one_step",11,1,1,1,4.07921849330949,NA,1.98809336399858,1.66881476615507,0.12466398679411,NA,NA,9.48158652953915,3.07921849330949,17,4,1
17,"cgfm_shared","rolling_one_step",11,1,1,1,2.46107316627451,NA,1.6003488478837,0.894978703332114,0.121740925253211,NA,NA,2.13473479720743,1.46107316627451,17,4,1
17,"cgfm_time_varying","rolling_one_step",11,1,1,1,1.675009090216,NA,1.37961971126657,0.583681889440072,0.396975100750608,NA,NA,0.455637271874233,0.675009090216,17,4,1
17,"cgfm_independent","rolling_one_step",11,1,2,15,5.48334669226165,NA,4.51348731969341,6.81974285280043,0.921657596830621,NA,NA,90.5666901796873,9.51665330773835,17,36,2
17,"cgfm_shared","rolling_one_step",11,1,2,15,10.10067452508,NA,3.31602709130168,3.09672030146036,0.896571868602482,NA,NA,24.0033901092001,4.89932547492,17,36,2
17,"cgfm_time_varying","rolling_one_step",11,1,2,15,10.7262958189722,NA,3.15229482384645,2.65314822002043,0.777298400894302,NA,NA,18.2645474269346,4.27370418102781,17,36,2
17,"cgfm_independent","rolling_one_step",12,1,1,1,3.95380248992178,NA,1.95635388337653,1.5964224278181,0.240716120744236,NA,NA,8.7249491494681,2.95380248992178,17,4,1
17,"cgfm_shared","rolling_one_step",12,1,1,1,2.28904037109114,NA,1.50767671674503,0.786824591233202,0.146630175765093,NA,NA,1.66162507830278,1.28904037109114,17,4,1
17,"cgfm_time_varying","rolling_one_step",12,1,1,1,2.27228340668481,NA,1.52411433685533,0.830670915659144,0.313508359071728,NA,NA,1.61870506692551,1.27228340668481,17,4,1
17,"cgfm_independent","rolling_one_step",12,1,2,11,5.31476212975711,NA,3.64293084770655,3.83144267641779,0.844333828273982,NA,NA,32.3219296412439,5.68523787024289,17,36,2
17,"cgfm_shared","rolling_one_step",12,1,2,11,10.0868957362069,NA,2.24714609742764,0.941380614717334,0.552252638783234,NA,NA,0.833759396557201,0.913104263793134,17,36,2
17,"cgfm_time_varying","rolling_one_step",12,1,2,11,10.941446237625,NA,2.62420864358268,1.36346381294983,0.525900703638133,NA,NA,0.00342854308826987,0.0585537623750163,17,36,2
18,"cgfm_independent","rolling_one_step",2,1,1,6,4.98794843187308,NA,2.62053539682735,1.29148974636198,0.626901341663588,NA,NA,1.02424837654816,1.01205156812692,18,6,1
18,"cgfm_shared","rolling_one_step",2,1,1,6,5.79029567851131,NA,2.06101427686893,0.760410748016145,0.508789668466343,NA,NA,0.0439759024510331,0.209704321488693,18,6,1
18,"cgfm_time_varying","rolling_one_step",2,1,1,6,5.80609461456813,NA,2.2864179778229,1.00420686819919,0.549243785891551,NA,NA,0.0375992984994812,0.193905385431868,18,6,1
18,"cgfm_independent","rolling_one_step",2,1,2,3,7.13957716840271,NA,2.44143847434866,2.14948676737773,0.230975645288284,NA,NA,17.136099133161,4.13957716840271,18,33,2
18,"cgfm_shared","rolling_one_step",2,1,2,3,5.98210048955499,NA,2.31584957503013,1.81767905903916,0.177319007704301,NA,NA,8.8929233298041,2.98210048955499,18,33,2
18,"cgfm_time_varying","rolling_one_step",2,1,2,3,6.01849559108365,NA,2.29904016991481,1.84884556001908,0.166299584213278,NA,NA,9.11131563339141,3.01849559108365,18,33,2
18,"cgfm_independent","rolling_one_step",3,1,1,5,5.45799513459707,NA,2.44508601294938,1.10785292262488,0.542980653766457,NA,NA,0.209759543314584,0.457995134597065,18,6,1
18,"cgfm_shared","rolling_one_step",3,1,1,5,6.47737922862602,NA,2.04484625684687,1.00999342894374,0.334478485403459,NA,NA,2.18264938517563,1.47737922862602,18,6,1
18,"cgfm_time_varying","rolling_one_step",3,1,1,5,6.11600810332519,NA,2.25295187999486,1.13400152245212,0.407413419814291,NA,NA,1.24547408668748,1.11600810332519,18,6,1
18,"cgfm_independent","rolling_one_step",3,1,2,9,7.81209659778365,NA,2.96623762396915,1.79413630443528,0.632018794507021,NA,NA,1.41111449299718,1.18790340221635,18,33,2
18,"cgfm_shared","rolling_one_step",3,1,2,9,5.59308861655459,NA,2.91214757502175,2.12514130968613,0.823085240881859,NA,NA,11.6070451746499,3.40691138344541,18,33,2
18,"cgfm_time_varying","rolling_one_step",3,1,2,9,4.82228566254058,NA,3.25407743852054,2.70497263396494,0.831951396958795,NA,NA,17.453297085414,4.17771433745942,18,33,2
18,"cgfm_independent","rolling_one_step",4,1,1,4,5.99140373117973,NA,2.35877202223529,1.29924211571284,0.368208799187245,NA,NA,3.96568882055654,1.99140373117973,18,6,1
18,"cgfm_shared","rolling_one_step",4,1,1,4,6.82581874212165,NA,2.31619941174556,1.72932369762723,0.179765822735908,NA,NA,7.98525156332598,2.82581874212165,18,6,1
18,"cgfm_time_varying","rolling_one_step",4,1,1,4,5.7071177722972,NA,2.20357127804922,1.25280859417987,0.317429607054959,NA,NA,2.91425108849297,1.7071177722972,18,6,1
18,"cgfm_independent","rolling_one_step",4,1,2,2,8.57554769168036,NA,2.70728092377996,3.64270601296473,0.117867104462532,NA,NA,43.237827445563,6.57554769168036,18,33,2
18,"cgfm_shared","rolling_one_step",4,1,2,2,7.21474436142364,NA,3.57510576804712,3.71756255936335,0.0260331930430944,NA,NA,27.1935587549996,5.21474436142364,18,33,2
18,"cgfm_time_varying","rolling_one_step",4,1,2,2,9.49838744770427,NA,3.48076455805741,5.08059246420168,0.0374433665052658,NA,NA,56.2258143158889,7.49838744770427,18,33,2
18,"cgfm_independent","rolling_one_step",5,1,1,8,7.17945405977925,NA,2.85384910473275,1.59631171732976,0.637398696525827,NA,NA,0.673295640012751,0.820545940220748,18,6,1
18,"cgfm_shared","rolling_one_step",5,1,1,8,7.28936646746297,NA,2.16832161610067,0.860270851320338,0.544776540797735,NA,NA,0.505000017566061,0.710633532537032,18,6,1
18,"cgfm_time_varying","rolling_one_step",5,1,1,8,5.63250739616827,NA,2.78474206610747,1.7075727997825,0.71282930320976,NA,NA,5.60502122919796,2.36749260383173,18,6,1
18,"cgfm_independent","rolling_one_step",5,1,2,2,10.2764232604063,NA,2.9526377032324,4.80245436918887,0.110643316490462,NA,NA,68.4991819853938,8.27642326040626,18,33,2
18,"cgfm_shared","rolling_one_step",5,1,2,2,7.09093180983902,NA,3.53050651097895,3.6251176380991,0.031248165407658,NA,NA,25.9175866924308,5.09093180983902,18,33,2
18,"cgfm_time_varying","rolling_one_step",5,1,2,2,4.85446011282549,NA,2.14167464661865,1.6874583296299,0.179667497812024,NA,NA,8.1479425357117,2.85446011282549,18,33,2
18,"cgfm_independent","rolling_one_step",6,1,1,7,5.24396590414837,NA,2.79532874824639,1.58484381283761,0.668224868829772,NA,NA,3.08365574579346,1.75603409585163,18,6,1
18,"cgfm_shared","rolling_one_step",6,1,1,7,5.45946872364582,NA,2.21275095209798,1.02218679950638,0.738045382332988,NA,NA,2.37323661342543,1.54053127635418,18,6,1
18,"cgfm_time_varying","rolling_one_step",6,1,1,7,5.6389483215984,NA,2.48854735435326,1.24367040700176,0.611441071252011,NA,NA,1.85246167127982,1.3610516784016,18,6,1
18,"cgfm_independent","rolling_one_step",6,1,2,4,7.50585951498727,NA,2.49841724528769,1.87608680945048,0.320614280200055,NA,NA,12.2910509388268,3.50585951498727,18,33,2
18,"cgfm_shared","rolling_one_step",6,1,2,4,4.4360650140998,NA,1.77034667694617,0.621656462303121,0.48265877223833,NA,NA,0.190152696521855,0.436065014099796,18,33,2
18,"cgfm_time_varying","rolling_one_step",6,1,2,4,3.23316734442004,NA,2.23259329711724,0.956519205688086,0.667705865802052,NA,NA,0.588032321663807,0.766832655579956,18,33,2
18,"cgfm_independent","rolling_one_step",7,1,1,4,4.35656504470326,NA,2.26014804383202,0.927874816047448,0.533281425241788,NA,NA,0.127138631104241,0.356565044703264,18,6,1
18,"cgfm_shared","rolling_one_step",7,1,1,4,4.75321957598109,NA,1.78714598447395,0.687739582465351,0.387233339412754,NA,NA,0.56733972964114,0.753219575981094,18,6,1
18,"cgfm_time_varying","rolling_one_step",7,1,1,4,5.26315302427723,NA,2.10662258946791,1.0703964277274,0.349422947712285,NA,NA,1.59555556274071,1.26315302427723,18,6,1
18,"cgfm_independent","rolling_one_step",7,1,2,3,6.23598839396354,NA,2.32698053451419,1.71245385690602,0.246283585797573,NA,NA,10.4716208858668,3.23598839396354,18,33,2
18,"cgfm_shared","rolling_one_step",7,1,2,3,3.6792812594658,NA,1.65427158162018,0.61042828579248,0.334738254755403,NA,NA,0.461423029461443,0.6792812594658,18,33,2
18,"cgfm_time_varying","rolling_one_step",7,1,2,3,4.30918780509927,NA,2.02062221092086,1.02953789321723,0.310121720166767,NA,NA,1.71397270902065,1.30918780509927,18,33,2
18,"cgfm_independent","rolling_one_step",8,1,1,6,3.91253221943893,NA,2.74000052258521,1.56603618055348,0.724334541083954,NA,NA,4.35752173488056,2.08746778056107,18,6,1
18,"cgfm_shared","rolling_one_step",8,1,1,6,4.18744751034645,NA,2.25216142341003,1.12560349153116,0.735450826270983,NA,NA,3.28534652774929,1.81255248965355,18,6,1
18,"cgfm_time_varying","rolling_one_step",8,1,1,6,3.731331685711,NA,2.63991273387949,1.53635296892343,0.765384962000765,NA,NA,5.14685592025888,2.268668314289,18,6,1
18,"cgfm_independent","rolling_one_step",8,1,2,1,5.6004238733687,NA,2.33724758249666,2.56950962472215,0.0915788263592387,NA,NA,21.1638998146606,4.6004238733687,18,33,2
18,"cgfm_shared","rolling_one_step",8,1,2,1,3.23135795239303,NA,2.05952822351608,1.43835963488503,0.12424760154727,NA,NA,4.9789583117076,2.23135795239303,18,33,2
18,"cgfm_time_varying","rolling_one_step",8,1,2,1,3.74940196960254,NA,2.00884264088723,1.69545408464985,0.171526355732368,NA,NA,7.55921119045435,2.74940196960254,18,33,2
18,"cgfm_independent","rolling_one_step",9,1,1,5,3.95554984148066,NA,2.48004869467457,1.14096381784517,0.699698172299027,NA,NA,1.09087613363107,1.04445015851934,18,6,1
18,"cgfm_shared","rolling_one_step",9,1,1,5,4.27568923407822,NA,1.89112998854375,0.678139712154276,0.668240033105805,NA,NA,0.5246260856302,0.724310765921783,18,6,1
18,"cgfm_time_varying","rolling_one_step",9,1,1,5,5.09561409864773,NA,2.1816815450342,0.930907668635976,0.474907771019367,NA,NA,0.00914205586021722,0.0956140986477267,18,6,1
18,"cgfm_independent","rolling_one_step",9,1,2,3,5.66199835305229,NA,2.2554806032403,1.45740652202873,0.35933354506834,NA,NA,7.08623523165309,2.66199835305229,18,33,2
18,"cgfm_shared","rolling_one_step",9,1,2,3,3.00866405807946,NA,1.5894065251737,0.489332977092495,0.564632424526947,NA,NA,7.50659024041853e-05,0.00866405807945592,18,33,2
18,"cgfm_time_varying","rolling_one_step",9,1,2,3,2.75184758963777,NA,2.00246093766891,0.776875295507363,0.535874851646191,NA,NA,0.0615796187685827,0.248152410362226,18,33,2
18,"cgfm_independent","rolling_one_step",10,1,1,2,4.74505296626134,NA,2.0870830243417,1.45374979827989,0.249368750623979,NA,NA,7.53531578758019,2.74505296626134,18,6,1
18,"cgfm_shared","rolling_one_step",10,1,1,2,5.2459769018638,NA,2.60405264780749,2.16809718585161,0.100170329922146,NA,NA,10.5363660474333,3.2459769018638,18,6,1
18,"cgfm_time_varying","rolling_one_step",10,1,1,2,5.42626311538215,NA,2.32615475208375,2.12661965344442,0.132733508082595,NA,NA,11.7392789358282,3.42626311538215,18,6,1
18,"cgfm_independent","rolling_one_step",10,1,2,2,6.79199604527403,NA,2.42988083640221,2.55170255314585,0.143578308581463,NA,NA,22.963226097922,4.79199604527403,18,33,2
18,"cgfm_shared","rolling_one_step",10,1,2,2,3.64547615071806,NA,1.79820631994056,1.01321699065023,0.232751770332629,NA,NA,2.70759176258191,1.64547615071806,18,33,2
18,"cgfm_time_varying","rolling_one_step",10,1,2,2,4.78550308706074,NA,2.13452874063058,1.67972705153078,0.17851700285057,NA,NA,7.7590274480249,2.78550308706074,18,33,2
18,"cgfm_independent","rolling_one_step",11,1,1,4,4.05825661853895,NA,2.2554774314429,0.903875073929502,0.543194957665402,NA,NA,0.00339383360359293,0.0582566185389517,18,6,1
18,"cgfm_shared","rolling_one_step",11,1,1,4,4.35563930768458,NA,1.73239549462346,0.590944634318654,0.459830735636033,NA,NA,0.126479317170365,0.355639307684577,18,6,1
18,"cgfm_time_varying","rolling_one_step",11,1,1,4,2.66615271345285,NA,2.29214690751086,1.06590478265688,0.747617530398333,NA,NA,1.7791485838292,1.33384728654715,18,6,1
18,"cgfm_independent","rolling_one_step",11,1,2,0,5.80900969514772,NA,2.78298825891802,3.5731340860486,0.0263343443204422,NA,NA,33.7445936383202,5.80900969514772,18,33,2
18,"cgfm_shared","rolling_one_step",11,1,2,0,3.06769323387997,NA,3.00135789506896,2.22045665752171,0.00531179220098024,NA,NA,9.41074177719292,3.06769323387997,18,33,2
18,"cgfm_time_varying","rolling_one_step",11,1,2,0,3.14039410752057,NA,2.12448577670798,2.06285812519499,0.0837554902260419,NA,NA,9.8620751505499,3.14039410752057,18,33,2
18,"cgfm_independent","rolling_one_step",12,1,1,4,3.88115073948207,NA,2.25594631091814,0.898077697273937,0.599074719169804,NA,NA,0.0141251467256579,0.118849260517926,18,6,1
18,"cgfm_shared","rolling_one_step",12,1,1,4,4.12894804344797,NA,1.71852435939688,0.56060547145748,0.493838120739576,NA,NA,0.0166275979090595,0.12894804344797,18,6,1
18,"cgfm_time_varying","rolling_one_step",12,1,1,4,3.83560919796553,NA,2.07817691996921,0.836731042449208,0.534903181407692,NA,NA,0.0270243357935373,0.164390802034473,18,6,1
18,"cgfm_independent","rolling_one_step",12,1,2,1,5.55550499643152,NA,2.32752631536385,2.54215819415577,0.0799913288971537,NA,NA,20.7526257725126,4.55550499643152,18,33,2
18,"cgfm_shared","rolling_one_step",12,1,2,1,2.72576179306817,NA,1.7548862787372,1.07480204694437,0.138663068450247,NA,NA,2.97825376641387,1.72576179306817,18,33,2
18,"cgfm_time_varying","rolling_one_step",12,1,2,1,2.06098445624612,NA,1.47466497335147,0.73081248841368,0.227566002230833,NA,NA,1.12568801639587,1.06098445624612,18,33,2
19,"cgfm_independent","rolling_one_step",2,1,1,9,5.01961958718793,NA,3.24416556626828,2.6782614499205,0.801576280305424,NA,NA,15.843428230698,3.98038041281207,19,26,1
19,"cgfm_shared","rolling_one_step",2,1,1,9,10.8085373679606,NA,2.33993457183811,1.27567980245222,0.355441302536453,NA,NA,3.27080741130984,1.80853736796059,19,26,1
19,"cgfm_time_varying","rolling_one_step",2,1,1,9,10.9645029056525,NA,2.51543013341894,1.55017958129512,0.318962488515504,NA,NA,3.85927166631693,1.96450290565245,19,26,1
19,"cgfm_independent","rolling_one_step",2,1,2,1,7.03987656906587,NA,2.67874870078131,3.51121208230802,0.091178128978077,NA,NA,36.4801089695509,6.03987656906587,19,40,2
19,"cgfm_shared","rolling_one_step",2,1,2,1,6.50983316137721,NA,3.87814597909074,3.99351111457192,0.0130001988115469,NA,NA,30.358261466212,5.50983316137721,19,40,2
19,"cgfm_time_varying","rolling_one_step",2,1,2,1,6.54193978234827,NA,3.1782942221399,3.81612259021887,0.0246805155504429,NA,NA,30.7130965511743,5.54193978234827,19,40,2
19,"cgfm_independent","rolling_one_step",3,1,1,0,5.702666608997,NA,2.84369535597811,3.55471816162184,0.0542655662633496,NA,NA,32.5204064533694,5.702666608997,19,26,1
19,"cgfm_shared","rolling_one_step",3,1,1,0,11.7885788476511,NA,6.93030486967463,9.6945571719697,0.000598678046449214,NA,NA,138.970591247286,11.7885788476511,19,26,1
19,"cgfm_time_varying","rolling_one_step",3,1,1,0,8.38357692880936,NA,5.05390046177239,6.30127458031885,0.00456037686269834,NA,NA,70.2843621212646,8.38357692880936,19,26,1
19,"cgfm_independent","rolling_one_step",3,1,2,0,7.9974534710986,NA,3.38841102604247,5.05167144875078,0.00792500273732143,NA,NA,63.9592620223871,7.9974534710986,19,40,2
19,"cgfm_shared","rolling_one_step",3,1,2,0,5.48515555999046,NA,4.64276601109096,4.14880704568942,0.00374728961151976,NA,NA,30.0869315172943,5.48515555999046,19,40,2
19,"cgfm_time_varying","rolling_one_step",3,1,2,0,3.54406018654096,NA,2.26024803753928,2.31930427254954,0.0974678847989674,NA,NA,12.5603626058248,3.54406018654096,19,40,2
19,"cgfm_independent","rolling_one_step",4,1,1,0,6.15175602994297,NA,2.96232775485211,3.84821797700118,0.044582705017288,NA,NA,37.8441022519396,6.15175602994297,19,26,1
19,"cgfm_shared","rolling_one_step",4,1,1,0,9.66260343594784,NA,6.78918906669095,7.85052055878333,0.000684682499034286,NA,NA,93.365905160391,9.66260343594784,19,26,1
19,"cgfm_time_varying","rolling_one_step",4,1,1,0,2.37097730736341,NA,1.67627627199794,1.497310251353,0.0345623729203397,NA,NA,5.62153339203226,2.37097730736341,19,26,1
19,"cgfm_independent","rolling_one_step",4,1,2,0,8.62724457552631,NA,3.51907756532211,5.49452396001014,0.0222322162132577,NA,NA,74.4293489659482,8.62724457552631,19,40,2
19,"cgfm_shared","rolling_one_step",4,1,2,0,4.41341449665048,NA,3.88894350240822,3.26599890415908,0.0100115674317398,NA,NA,19.4782275192446,4.41341449665048,19,40,2
19,"cgfm_time_varying","rolling_one_step",4,1,2,0,2.87288936705164,NA,1.90278936264613,1.82725061893238,0.0738315723172618,NA,NA,8.25349331531838,2.87288936705164,19,40,2
19,"cgfm_independent","rolling_one_step",5,1,1,0,7.35763337417412,NA,3.2505988019773,4.63505160337433,0.0371456248310627,NA,NA,54.1347688687608,7.35763337417412,19,26,1
19,"cgfm_shared","rolling_one_step",5,1,1,0,8.8673640059214,NA,6.65502978516156,7.16183930707329,0.000230665297536882,NA,NA,78.6301444135104,8.8673640059214,19,26,1
19,"cgfm_time_varying","rolling_one_step",5,1,1,0,2.71540006532538,NA,1.83426513729284,1.72348146168196,0.0130619462229916,NA,NA,7.37339751476907,2.71540006532538,19,26,1
19,"cgfm_independent","rolling_one_step",5,1,2,4,10.3186520562326,NA,2.79905866502793,3.42599753740551,0.224628921074265,NA,NA,39.9253638077324,6.31865205623259,19,40,2
19,"cgfm_shared","rolling_one_step",5,1,2,4,4.00290639802229,NA,1.80374904028843,0.599644054000084,0.588881682157018,NA,NA,8.44714946398208e-06,0.00290639802229187,19,40,2
19,"cgfm_time_varying","rolling_one_step",5,1,2,4,3.29368829097743,NA,2.27505570920439,0.984220571102808,0.680625134422272,NA,NA,0.498876230302386,0.706311709022572,19,40,2
19,"cgfm_independent","rolling_one_step",6,1,1,0,5.42210075810149,NA,2.76597219277582,3.37126166598997,0.0248550117271262,NA,NA,29.3991766310047,5.42210075810149,19,26,1
19,"cgfm_shared","rolling_one_step",6,1,1,0,5.25118589430654,NA,4.82904563010398,4.05113796585034,0.00505714429737131,NA,NA,27.574953296564,5.25118589430654,19,26,1
19,"cgfm_time_varying","rolling_one_step",6,1,1,0,1.85877523657575,NA,1.41741481964919,1.16393565933275,0.0738787929464771,NA,NA,3.45504538010724,1.85877523657575,19,26,1
19,"cgfm_independent","rolling_one_step",6,1,2,3,7.60418758127467,NA,2.50217595601731,2.4133245497979,0.233454016342958,NA,NA,21.1985432835639,4.60418758127467,19,40,2
19,"cgfm_shared","rolling_one_step",6,1,2,3,2.9659922112526,NA,1.6233821886351,0.503649947405953,0.564825163991229,NA,NA,0.00115652969548747,0.0340077887473953,19,40,2
19,"cgfm_time_varying","rolling_one_step",6,1,2,3,4.33675910239356,NA,2.02324459749915,1.03882982438908,0.392202067466042,NA,NA,1.78692489783203,1.33675910239356,19,40,2
19,"cgfm_independent","rolling_one_step",7,1,1,3,4.43769170193538,NA,2.09651449405306,0.99258146151828,0.372821216898358,NA,NA,2.06695742981385,1.43769170193538,19,26,1
19,"cgfm_shared","rolling_one_step",7,1,1,3,3.78872820165607,NA,1.67151160840505,0.643927300061155,0.411194313453787,NA,NA,0.622092176087625,0.788728201656074,19,26,1
19,"cgfm_time_varying","rolling_one_step",7,1,1,3,1.74637554491527,NA,2.20836020025686,0.989137761506299,0.790669614985888,NA,NA,1.57157427438647,1.25362445508473,19,26,1
19,"cgfm_independent","rolling_one_step",7,1,2,2,6.22380651352824,NA,2.34824736192341,2.26092102081442,0.139317378159986,NA,NA,17.8405414637236,4.22380651352824,19,40,2
19,"cgfm_shared","rolling_one_step",7,1,2,2,2.46231724904513,NA,1.44735923852225,0.480442434547735,0.443976219653857,NA,NA,0.213737238764655,0.462317249045129,19,40,2
19,"cgfm_time_varying","rolling_one_step",7,1,2,2,3.746363203026,NA,1.89760219602828,1.12954675515454,0.358395102670744,NA,NA,3.04978443688324,1.746363203026,19,40,2
19,"cgfm_independent","rolling_one_step",8,1,1,0,3.99073648636958,NA,2.31699296253795,2.43509223162931,0.0667198229561139,NA,NA,15.9259777036414,3.99073648636958,19,26,1
19,"cgfm_shared","rolling_one_step",8,1,1,0,3.3129440926501,NA,3.21280370029754,2.42086488759493,0.0258614523083157,NA,NA,10.9755985610252,3.3129440926501,19,26,1
19,"cgfm_time_varying","rolling_one_step",8,1,1,0,3.25021953919505,NA,2.34600541928331,2.21076759434732,0.0887695053487385,NA,NA,10.5639270529653,3.25021953919505,19,26,1
19,"cgfm_independent","rolling_one_step",8,1,2,6,5.59696919042299,NA,2.56875491060241,1.21090530847893,0.586377988703557,NA,NA,0.162433833468302,0.403030809577013,19,40,2
19,"cgfm_shared","rolling_one_step",8,1,2,6,2.15640050987936,NA,3.97689574897233,2.77547672271256,0.933591500593731,NA,NA,14.7732570404556,3.84359949012064,19,40,2
19,"cgfm_time_varying","rolling_one_step",8,1,2,6,3.20541593916076,NA,2.86398483030407,1.86049848478742,0.81677433169796,NA,NA,7.80970007309676,2.79458406083924,19,40,2
19,"cgfm_independent","rolling_one_step",9,1,1,1,4.03262997616067,NA,1.98790925450871,1.65675535818371,0.132223142092812,NA,NA,9.19684457230827,3.03262997616067,19,26,1
19,"cgfm_shared","rolling_one_step",9,1,1,1,3.01921405796824,NA,1.92962093972753,1.28244545112818,0.0798110977443182,NA,NA,4.07722541189656,2.01921405796824,19,26,1
19,"cgfm_time_varying","rolling_one_step",9,1,1,1,1.79909199810147,NA,1.40056603297784,0.626015351552866,0.275652083523694,NA,NA,0.638548021429805,0.799091998101473,19,26,1
19,"cgfm_independent","rolling_one_step",9,1,2,5,5.65572385364048,NA,2.42284344697501,1.1078009141769,0.514278657294461,NA,NA,0.429973772233122,0.65572385364048,19,40,2
19,"cgfm_shared","rolling_one_step",9,1,2,5,2.44588424970209,NA,2.78475620902419,1.6758423440391,0.883780820225856,NA,NA,6.52350726591987,2.55411575029791,19,40,2
19,"cgfm_time_varying","rolling_one_step",9,1,2,5,5.87419045039898,NA,2.22329710279635,1.06397274230803,0.477407593122313,NA,NA,0.764208943568776,0.874190450398983,19,40,2
19,"cgfm_independent","rolling_one_step",10,1,1,0,4.80413815883593,NA,2.58379844169184,2.96703959933584,0.0220759227492161,NA,NA,23.0797434491835,4.80413815883593,19,26,1
19,"cgfm_shared","rolling_one_step",10,1,1,0,3.45721590269828,NA,3.34549319481328,2.54196514667539,0.0291058919058579,NA,NA,11.9523417978699,3.45721590269828,19,26,1
19,"cgfm_time_varying","rolling_one_step",10,1,1,0,2.7961163736534,NA,1.96300336076567,1.82271695690603,0.0562968789896028,NA,NA,7.81826677501265,2.7961163736534,19,26,1
19,"cgfm_independent","rolling_one_step",10,1,2,4,6.73770885900878,NA,2.40786776759364,1.56018413653917,0.297422286033583,NA,NA,7.49504979669517,2.73770885900878,19,40,2
19,"cgfm_shared","rolling_one_step",10,1,2,4,3.17459806391181,NA,1.83034784247855,0.661218060515703,0.584640086279422,NA,NA,0.681288356098128,0.825401936088187,19,40,2
19,"cgfm_time_varying","rolling_one_step",10,1,2,4,6.24888248358866,NA,2.26652374082258,1.47520596446497,0.311442537106237,NA,NA,5.05747242499192,2.24888248358866,19,40,2
19,"cgfm_independent","rolling_one_step",11,1,1,1,4.10798784633038,NA,2.00758518689999,1.70102727164183,0.190129932302691,NA,NA,9.65958845293736,3.10798784633038,19,26,1
19,"cgfm_shared","rolling_one_step",11,1,1,1,2.76945149960476,NA,1.77921618163624,1.10424279232122,0.08291348170888,NA,NA,3.13095860945353,1.76945149960476,19,26,1
19,"cgfm_time_varying","rolling_one_step",11,1,1,1,1.69941289318583,NA,1.37700163316882,0.590236594432003,0.507370744616993,NA,NA,0.489178395154577,0.699412893185833,19,26,1
19,"cgfm_independent","rolling_one_step",11,1,2,4,5.761411302785,NA,2.31842431844904,1.21541303797525,0.442873601486261,NA,NA,3.10256977757875,1.761411302785,19,40,2
19,"cgfm_shared","rolling_one_step",11,1,2,4,2.82633459465925,NA,1.93357143673477,0.78561608995457,0.775047289863549,NA,NA,1.37749048369366,1.17366540534075,19,40,2
19,"cgfm_time_varying","rolling_one_step",11,1,2,4,4.26174293115505,NA,2.0934759561127,0.876626785079737,0.475632462075514,NA,NA,0.0685093620096363,0.261742931155048,19,40,2
19,"cgfm_independent","rolling_one_step",12,1,1,0,4.00158558461917,NA,2.32078332386549,2.44218281950199,0.0715749859728042,NA,NA,16.0126871910319,4.00158558461917,19,26,1
19,"cgfm_shared","rolling_one_step",12,1,1,0,2.57804223865888,NA,2.54595538398757,1.8166513649306,0.0660424200557729,NA,NA,6.64630178430927,2.57804223865888,19,26,1
19,"cgfm_time_varying","rolling_one_step",12,1,1,0,2.30813607580765,NA,1.72034334276738,1.49138271149059,0.109436459196511,NA,NA,5.32749214444474,2.30813607580765,19,26,1
19,"cgfm_independent","rolling_one_step",12,1,2,0,5.61218481139795,NA,2.81894667170952,3.49556067381679,0.0575559901335022,NA,NA,31.4966183572859,5.61218481139795,19,40,2
19,"cgfm_shared","rolling_one_step",12,1,2,0,2.82316822951745,NA,2.77877053393435,2.01921800047497,0.0363650233242688,NA,NA,7.9702788521567,2.82316822951745,19,40,2
19,"cgfm_time_varying","rolling_one_step",12,1,2,0,4.54430158613794,NA,2.99211673182683,3.16921852298397,0.0312150795964461,NA,NA,20.6506769057758,4.54430158613794,19,40,2
20,"cgfm_independent","rolling_one_step",2,1,1,6,4.96195014274073,NA,2.61785160951429,1.29065367103717,0.643890598798981,NA,NA,1.077547506156,1.03804985725927,20,29,1
20,"cgfm_shared","rolling_one_step",2,1,1,6,3.70013510686679,NA,2.53679711821208,1.45440837164126,0.801777158995674,NA,NA,5.28937852666663,2.29986489313321,20,29,1
20,"cgfm_time_varying","rolling_one_step",2,1,1,6,3.65889087732619,NA,2.66600664006896,1.57614241199432,0.732512799270044,NA,NA,5.48079192426653,2.34110912267381,20,29,1
20,"cgfm_independent","rolling_one_step",2,1,2,4,7.14097164534812,NA,2.46067895088663,1.7231677283976,0.294047293390496,NA,NA,9.86570287688088,3.14097164534812,20,60,2
20,"cgfm_shared","rolling_one_step",2,1,2,4,3.22497049279477,NA,1.96758229472139,0.727731217952144,0.678465818433742,NA,NA,0.600670737038779,0.775029507205228,20,60,2
20,"cgfm_time_varying","rolling_one_step",2,1,2,4,3.31297219174841,NA,2.19861032564153,0.927335394555266,0.625920332951907,NA,NA,0.47200720931098,0.687027808251587,20,60,2
20,"cgfm_independent","rolling_one_step",3,1,1,3,5.50609964030879,NA,2.23444825179364,1.39209880340589,0.308216411195281,NA,NA,6.28053540715582,2.50609964030879,20,29,1
20,"cgfm_shared","rolling_one_step",3,1,1,3,4.89356418240322,NA,1.97268711981533,1.15105963298948,0.259156618989505,NA,NA,3.58558531288038,1.89356418240322,20,29,1
20,"cgfm_time_varying","rolling_one_step",3,1,1,3,6.18800718990803,NA,2.3322572095253,1.95034802693378,0.201603815794575,NA,NA,10.1633898429053,3.18800718990803,20,29,1
20,"cgfm_independent","rolling_one_step",3,1,2,6,7.92372917785419,NA,2.64635413085301,1.53963833597053,0.412288601461621,NA,NA,3.70073394972755,1.92372917785419,20,60,2
20,"cgfm_shared","rolling_one_step",3,1,2,6,3.88982187583899,NA,2.44281155086552,1.33183852111987,0.802600555317371,NA,NA,4.45285171568766,2.11017812416101,20,60,2
20,"cgfm_time_varying","rolling_one_step",3,1,2,6,5.62889940076057,NA,2.42603900288407,1.12795646484021,0.605989945546687,NA,NA,0.137715654755865,0.371100599239432,20,60,2
20,"cgfm_independent","rolling_one_step",4,1,1,5,5.94550454831859,NA,2.45645175969889,1.17449454470449,0.464806675171553,NA,NA,0.89397885089114,0.945504548318589,20,29,1
20,"cgfm_shared","rolling_one_step",4,1,1,5,4.86751604650225,NA,1.91651677090083,0.66347609962176,0.601740780678933,NA,NA,0.0175519979343949,0.132483953497753,20,29,1
20,"cgfm_time_varying","rolling_one_step",4,1,1,5,4.29401212643343,NA,2.31655919579031,1.02788655081749,0.601650979108686,NA,NA,0.498418877623045,0.705987873566569,20,29,1
20,"cgfm_independent","rolling_one_step",4,1,2,3,8.55614789438498,NA,2.62541473111832,2.94808853239874,0.211377443887904,NA,NA,30.8707794242786,5.55614789438498,20,60,2
20,"cgfm_shared","rolling_one_step",4,1,2,3,4.86602393497063,NA,1.96323151501163,1.13811958734197,0.213251760525373,NA,NA,3.48204532588326,1.86602393497063,20,60,2
20,"cgfm_time_varying","rolling_one_step",4,1,2,3,7.19730410392315,NA,2.5380144252038,2.54154184744266,0.146602816365292,NA,NA,17.6173617408101,4.19730410392315,20,60,2
20,"cgfm_independent","rolling_one_step",5,1,1,9,7.08620201793773,NA,2.99290973089549,1.89912752918023,0.69919214962793,NA,NA,3.6626227161456,1.91379798206227,20,29,1
20,"cgfm_shared","rolling_one_step",5,1,1,9,5.69572775716875,NA,2.86539451762673,2.0500550539832,0.859182877398185,NA,NA,10.918215054745,3.30427224283125,20,29,1
20,"cgfm_time_varying","rolling_one_step",5,1,1,9,6.32867165286962,NA,2.85870842173084,1.85765292451379,0.745990118237915,NA,NA,7.13599513818232,2.67132834713038,20,29,1
20,"cgfm_independent","rolling_one_step",5,1,2,7,10.1978902164406,NA,2.84155878831731,2.14504853785381,0.373021638488741,NA,NA,10.2265018364065,3.1978902164406,20,60,2
20,"cgfm_shared","rolling_one_step",5,1,2,7,5.18376582090693,NA,2.32583712365688,1.16658495782376,0.689203397398743,NA,NA,3.29870659330589,1.81623417909307,20,60,2
20,"cgfm_time_varying","rolling_one_step",5,1,2,7,5.63933849759901,NA,2.64199324033607,1.39867772826744,0.658283928072419,NA,NA,1.85139972411611,1.36066150240099,20,60,2
20,"cgfm_independent","rolling_one_step",6,1,1,5,5.26980484228449,NA,2.43741001120516,1.0858581408755,0.557591379331751,NA,NA,0.0727946529201594,0.269804842284492,20,29,1
20,"cgfm_shared","rolling_one_step",6,1,1,5,4.74791882676643,NA,1.87146027016485,0.635530444926858,0.505538526669255,NA,NA,0.0635449178988137,0.252081173233571,20,29,1
20,"cgfm_time_varying","rolling_one_step",6,1,1,5,6.20328476671436,NA,2.22339780924647,1.13262419333953,0.42518435581956,NA,NA,1.44789422980684,1.20328476671436,20,29,1
20,"cgfm_independent","rolling_one_step",6,1,2,3,7.58381407022905,NA,2.49775875404453,2.38041627393313,0.214729037387445,NA,NA,21.0113514304298,4.58381407022905,20,60,2
20,"cgfm_shared","rolling_one_step",6,1,2,3,4.15535942921946,NA,1.75860720680429,0.786257810092089,0.23917317286815,NA,NA,1.33485541068632,1.15535942921946,20,60,2
20,"cgfm_time_varying","rolling_one_step",6,1,2,3,5.9114630118576,NA,2.27766978882268,1.7794298033275,0.19298054189602,NA,NA,8.47661686941491,2.9114630118576,20,60,2
20,"cgfm_independent","rolling_one_step",7,1,1,7,4.28635076325842,NA,2.92663448419643,1.91861417536903,0.742925359293876,NA,NA,7.36389218006817,2.71364923674158,20,29,1
20,"cgfm_shared","rolling_one_step",7,1,1,7,3.9408093292188,NA,2.88400234751367,1.95284359679374,0.869004284726175,NA,NA,9.35864756019472,3.0591906707812,20,29,1
20,"cgfm_time_varying","rolling_one_step",7,1,1,7,4.16422501532297,NA,2.82346830471053,1.84834945545241,0.765530700656143,NA,NA,8.04161976371999,2.83577498467703,20,29,1
20,"cgfm_independent","rolling_one_step",7,1,2,4,6.16882749628876,NA,2.37074840241666,1.35650102311116,0.42834998622019,NA,NA,4.70381270865816,2.16882749628876,20,60,2
20,"cgfm_shared","rolling_one_step",7,1,2,4,3.29959911845518,NA,1.81098986712668,0.632600230864736,0.648445771365758,NA,NA,0.490561394868768,0.700400881544825,20,60,2
20,"cgfm_time_varying","rolling_one_step",7,1,2,4,3.69739911528592,NA,2.14933712843856,0.88371260498238,0.620098004241633,NA,NA,0.0915672954297465,0.302600884714084,20,60,2
20,"cgfm_independent","rolling_one_step",8,1,1,1,3.9747648128089,NA,1.96016067682713,1.60642450061597,0.187520064165105,NA,NA,8.84922569152597,2.9747648128089,20,29,1
20,"cgfm_shared","rolling_one_step",8,1,1,1,3.89533332243073,NA,2.50545833630985,1.96094315498109,0.0847231865268713,NA,NA,8.38295504797777,2.89533332243073,20,29,1
20,"cgfm_time_varying","rolling_one_step",8,1,1,1,5.41209249968697,NA,2.78221227359935,2.9812839441652,0.0711083096160103,NA,NA,19.466560225794,4.41209249968697,20,29,1
20,"cgfm_independent","rolling_one_step",8,1,2,1,5.72041559034473,NA,2.3682539015288,2.64864663584583,0.141836634389212,NA,NA,22.2823233455696,4.72041559034473,20,60,2
20,"cgfm_shared","rolling_one_step",8,1,2,1,3.09940982797725,NA,1.97485699958672,1.33887564216777,0.0597220380163863,NA,NA,4.40752162580747,2.09940982797725,20,60,2
20,"cgfm_time_varying","rolling_one_step",8,1,2,1,4.44227076877828,NA,2.27043207000733,2.17942978083069,0.0873319034548763,NA,NA,11.8492280455854,3.44227076877828,20,60,2
20,"cgfm_independent","rolling_one_step",9,1,1,6,3.96415255689392,NA,2.72756706154491,1.54313472435549,0.73046278349125,NA,NA,4.14467481160157,2.03584744310608,20,29,1
20,"cgfm_shared","rolling_one_step",9,1,1,6,3.57865764873647,NA,2.55830759774221,1.51208259665083,0.845842458103596,NA,NA,5.86289878202239,2.42134235126353,20,29,1
20,"cgfm_time_varying","rolling_one_step",9,1,1,6,2.2899653985711,NA,3.4075698040681,2.55687390736467,0.874250688359147,NA,NA,13.7643567437997,3.7100346014289,20,29,1
20,"cgfm_independent","rolling_one_step",9,1,2,0,5.70514293598891,NA,2.76949834895147,3.51390796995703,0.0485278278398206,NA,NA,32.5486559200641,5.70514293598891,20,60,2
20,"cgfm_shared","rolling_one_step",9,1,2,0,2.85933546486732,NA,2.79292848312543,2.04330777891649,0.0310772242174533,NA,NA,8.17579930064801,2.85933546486732,20,60,2
20,"cgfm_time_varying","rolling_one_step",9,1,2,0,2.75477842490291,NA,1.89207063151806,1.77233600968303,0.0692321865510113,NA,NA,7.58880417031053,2.75477842490291,20,60,2
20,"cgfm_independent","rolling_one_step",10,1,1,12,4.58040742389313,NA,4.16757901221005,5.22671007522557,0.903003768594593,NA,NA,55.0503539954203,7.41959257610687,20,29,1
20,"cgfm_shared","rolling_one_step",10,1,1,12,4.3986274287102,NA,5.8714191908522,5.82605864007422,0.952489604570531,NA,NA,57.7808649675569,7.6013725712898,20,29,1
20,"cgfm_time_varying","rolling_one_step",10,1,1,12,5.87353037025681,NA,3.78169114432829,4.01126094484646,0.889302395371703,NA,NA,37.5336301241656,6.12646962974319,20,29,1
20,"cgfm_independent","rolling_one_step",10,1,2,2,6.59198837923259,NA,2.39965985340247,2.44337860957395,0.171996454914125,NA,NA,21.0863572750072,4.59198837923259,20,60,2
20,"cgfm_shared","rolling_one_step",10,1,2,2,3.09717658041754,NA,1.59571509378745,0.71424629889077,0.206310874314616,NA,NA,1.20379644861672,1.09717658041754,20,60,2
20,"cgfm_time_varying","rolling_one_step",10,1,2,2,2.4758989456922,NA,1.76422739792841,0.697888968067871,0.406324779779672,NA,NA,0.226479806510951,0.475898945692204,20,60,2
20,"cgfm_independent","rolling_one_step",11,1,1,4,4.03357634043317,NA,2.25141089113944,0.899589263744672,0.558624330911543,NA,NA,0.00112737063688399,0.0335763404331679,20,29,1
20,"cgfm_shared","rolling_one_step",11,1,1,4,4.4798896319008,NA,1.74234918034462,0.6138905304446,0.407503411833852,NA,NA,0.230294058805882,0.479889631900797,20,29,1
20,"cgfm_time_varying","rolling_one_step",11,1,1,4,7.86024898783681,NA,2.55496212179359,2.4105977889063,0.161023605449806,NA,NA,14.9015222480951,3.86024898783681,20,29,1
20,"cgfm_independent","rolling_one_step",11,1,2,1,5.80505410046168,NA,2.38639991162555,2.70052131607806,0.140959576212699,NA,NA,23.0885449083636,4.80505410046168,20,60,2
20,"cgfm_shared","rolling_one_step",11,1,2,1,2.69586628419762,NA,1.73473373079022,1.05246055275825,0.080842150068899,NA,NA,2.87596245387823,1.69586628419762,20,60,2
20,"cgfm_time_varying","rolling_one_step",11,1,2,1,3.194646021082,NA,1.81159180887356,1.33532591857798,0.254764184023686,NA,NA,4.81647115785103,2.194646021082,20,60,2
20,"cgfm_independent","rolling_one_step",12,1,1,6,3.85053560767414,NA,2.74818597432771,1.58725187022284,0.726379261177197,NA,NA,4.62019717387677,2.14946439232586,20,29,1
20,"cgfm_shared","rolling_one_step",12,1,1,6,4.2389856478756,NA,2.22402369685712,1.09400376081458,0.798526380961343,NA,NA,3.10117154838812,1.7610143521244,20,29,1
20,"cgfm_time_varying","rolling_one_step",12,1,1,6,3.81883145726544,NA,2.61062702072433,1.4911364559392,0.784076537823341,NA,NA,4.75749621181481,2.18116854273456,20,29,1
20,"cgfm_independent","rolling_one_step",12,1,2,0,5.54163011189056,NA,2.72650846305332,3.4084556397961,0.0339420330454972,NA,NA,30.7096642970122,5.54163011189056,20,60,2
20,"cgfm_shared","rolling_one_step",12,1,2,0,2.46002254082666,NA,2.43251838393588,1.71947473473964,0.0192577000514028,NA,NA,6.05171090137527,2.46002254082666,20,60,2
20,"cgfm_time_varying","rolling_one_step",12,1,2,0,2.66315944235235,NA,1.84977242114292,1.71081197561455,0.133657595945542,NA,NA,7.0924182153905,2.66315944235235,20,60,2
21,"cgfm_independent","rolling_one_step",2,1,1,3,4.92131367188911,NA,2.16531675706438,1.163345824489,0.352526741438277,NA,NA,3.69144622578803,1.92131367188911,21,2,1
21,"cgfm_shared","rolling_one_step",2,1,1,3,3.64679759886781,NA,1.73861427086873,0.639988056316255,0.373746606690072,NA,NA,0.418347133901164,0.646797598867809,21,2,1
21,"cgfm_time_varying","rolling_one_step",2,1,1,3,3.61031210952449,NA,1.91403417624031,0.808046712072237,0.45519820424823,NA,NA,0.372480871032232,0.610312109524489,21,2,1
21,"cgfm_independent","rolling_one_step",2,1,2,16,6.93695364299305,NA,4.21104411941207,6.26164193953719,0.895675074777127,NA,NA,82.1388092692569,9.06304635700695,21,37,2
21,"cgfm_shared","rolling_one_step",2,1,2,16,6.67231361322404,NA,5.4043387370242,6.98849379441031,0.952682004774222,NA,NA,87.0057333300455,9.32768638677596,21,37,2
21,"cgfm_time_varying","rolling_one_step",2,1,2,16,6.69755055932812,NA,4.67838452375329,6.47092241812363,0.922570293956511,NA,NA,86.5355655962566,9.30244944067188,21,37,2
21,"cgfm_independent","rolling_one_step",3,1,1,5,5.58706175941519,NA,2.4443683313968,1.11968629184685,0.52934212736754,NA,NA,0.344641509367653,0.587061759415185,21,2,1
21,"cgfm_shared","rolling_one_step",3,1,1,5,4.00031567854783,NA,2.05209647745694,0.812008464573229,0.609371766301806,NA,NA,0.999368742557282,0.999684321452168,21,2,1
21,"cgfm_time_varying","rolling_one_step",3,1,1,5,4.27741184688754,NA,2.30701536413181,1.02080502342772,0.627702868413394,NA,NA,0.522133639018474,0.722588153112459,21,2,1
21,"cgfm_independent","rolling_one_step",3,1,2,2,7.87499780137844,NA,2.60278504086652,3.1930753311679,0.100772696985397,NA,NA,34.5155991662015,5.87499780137844,21,37,2
21,"cgfm_shared","rolling_one_step",3,1,2,2,11.0102644006874,NA,5.64556602478268,6.99680472456997,0.00582697903970976,NA,NA,81.184864570294,9.01026440068736,21,37,2
21,"cgfm_time_varying","rolling_one_step",3,1,2,2,14.6903081198065,NA,5.35655352587986,9.48670991813518,0.00526640439192603,NA,NA,161.043920175628,12.6903081198065,21,37,2
21,"cgfm_independent","rolling_one_step",4,1,1,4,5.95479560221268,NA,2.35272605576437,1.28594234631208,0.371257674319578,NA,NA,3.82122584643002,1.95479560221268,21,2,1
21,"cgfm_shared","rolling_one_step",4,1,1,4,4.5835896500647,NA,1.82302824399862,0.672682020990066,0.4659625427927,NA,NA,0.340576879662636,0.583589650064697,21,2,1
21,"cgfm_time_varying","rolling_one_step",4,1,1,4,5.58331017316756,NA,2.1828921656444,1.20350698843088,0.335012715221979,NA,NA,2.5068711044559,1.58331017316756,21,2,1
21,"cgfm_independent","rolling_one_step",4,1,2,10,8.3933722122614,NA,3.06913975809298,2.00634288604427,0.624161031761643,NA,NA,2.58125284833384,1.6066277877386,21,37,2
21,"cgfm_shared","rolling_one_step",4,1,2,10,9.33817828643867,NA,2.2787830099535,0.94781765112051,0.533101989454894,NA,NA,0.438007980541261,0.661821713561334,21,37,2
21,"cgfm_time_varying","rolling_one_step",4,1,2,10,4.16327273826551,NA,3.84041594581689,3.93278873461252,0.888725488372273,NA,NA,34.0673851278745,5.83672726173449,21,37,2
21,"cgfm_independent","rolling_one_step",5,1,1,4,7.23067369237481,NA,2.46951271497517,1.76021583733807,0.312476693033293,NA,NA,10.4372525066027,3.23067369237481,21,2,1
21,"cgfm_shared","rolling_one_step",5,1,1,4,5.29481273749026,NA,1.91379834513358,0.89241657988227,0.393900219819898,NA,NA,1.67654002516703,1.29481273749026,21,2,1
21,"cgfm_time_varying","rolling_one_step",5,1,1,4,5.68165574884184,NA,2.22145573720511,1.25353447334537,0.360310635596832,NA,NA,2.82796605761281,1.68165574884184,21,2,1
21,"cgfm_independent","rolling_one_step",5,1,2,8,10.1919668655111,NA,2.90052843393144,1.98574795981268,0.475181681754743,NA,NA,4.80471873949877,2.19196686551115,21,37,2
21,"cgfm_shared","rolling_one_step",5,1,2,8,11.2580764229654,NA,2.52707403486874,1.96963649898644,0.220184975012273,NA,NA,10.6150619778831,3.25807642296541,21,37,2
21,"cgfm_time_varying","rolling_one_step",5,1,2,8,11.452106361394,NA,2.72192004957217,2.19855258416265,0.314720065991066,NA,NA,11.9170383303768,3.45210636139398,21,37,2
21,"cgfm_independent","rolling_one_step",6,1,1,5,5.3663557190475,NA,2.439213418098,1.09469522595369,0.522774667159789,NA,NA,0.134216512878808,0.366355719047497,21,2,1
21,"cgfm_shared","rolling_one_step",6,1,1,5,3.76732288599557,NA,2.04026238174325,0.850789285372669,0.638159059104477,NA,NA,1.51949286739028,1.23267711400443,21,2,1
21,"cgfm_time_varying","rolling_one_step",6,1,1,5,3.7685510149113,NA,2.34639137999708,1.09681208248054,0.640273528877851,NA,NA,1.516466602876,1.2314489850887,21,2,1
21,"cgfm_independent","rolling_one_step",6,1,2,0,7.56401935921214,NA,3.20035350366653,4.70979826112672,0.0393081464516929,NA,NA,57.214388866536,7.56401935921214,21,37,2
21,"cgfm_shared","rolling_one_step",6,1,2,0,7.9184894131611,NA,6.47590520498355,6.3854748103165,0.000607139864592407,NA,NA,62.7024745863444,7.9184894131611,21,37,2
21,"cgfm_time_varying","rolling_one_step",6,1,2,0,6.40970966637284,NA,3.87073887696844,4.61455824490088,0.00887485682411972,NA,NA,41.0843780071934,6.40970966637284,21,37,2
21,"cgfm_independent","rolling_one_step",7,1,1,0,4.46848358400306,NA,2.41777999241739,2.71567824828935,0.0223211172409334,NA,NA,19.9673455405048,4.46848358400306,21,2,1
21,"cgfm_shared","rolling_one_step",7,1,1,0,3.30035710797697,NA,3.16825744111659,2.40092378005744,0.0162948840829163,NA,NA,10.8923570401741,3.30035710797697,21,2,1
21,"cgfm_time_varying","rolling_one_step",7,1,1,0,4.28988890018878,NA,2.94911904426337,3.01064034654604,0.0161941859240139,NA,NA,18.4031467759629,4.28988890018878,21,2,1
21,"cgfm_independent","rolling_one_step",7,1,2,2,6.29874249391638,NA,2.3513249912481,2.27832395151111,0.162740923110096,NA,NA,18.4791870290024,4.29874249391638,21,37,2
21,"cgfm_shared","rolling_one_step",7,1,2,2,5.76067222748939,NA,2.8859390929432,2.57687947070911,0.0508668791273768,NA,NA,14.14265560261,3.76067222748939,21,37,2
21,"cgfm_time_varying","rolling_one_step",7,1,2,2,2.06650119466313,NA,1.74228572736336,0.637043198958034,0.494486594703231,NA,NA,0.00442240889162371,0.0665011946631315,21,37,2
21,"cgfm_independent","rolling_one_step",8,1,1,6,3.93626458758244,NA,2.73260738568276,1.55381656141438,0.746406610131099,NA,NA,4.2590038524663,2.06373541241756,21,2,1
21,"cgfm_shared","rolling_one_step",8,1,1,6,2.61439125645944,NA,3.38049200518346,2.32461163290643,0.90165201273201,NA,NA,11.4623465643383,3.38560874354056,21,2,1
21,"cgfm_time_varying","rolling_one_step",8,1,1,6,1.62989497021899,NA,4.07907078963483,3.19717947994489,0.898929082466944,NA,NA,19.0978179713173,4.37010502978101,21,2,1
21,"cgfm_independent","rolling_one_step",8,1,2,2,5.54855691297022,NA,2.22502619173725,1.86848100357668,0.22181109668186,NA,NA,12.5922561645887,3.54855691297022,21,37,2
21,"cgfm_shared","rolling_one_step",8,1,2,2,4.72862525004269,NA,2.3172023712068,1.76382485893976,0.107567470847659,NA,NA,7.44539575517054,2.72862525004269,21,37,2
21,"cgfm_time_varying","rolling_one_step",8,1,2,2,3.11160018324172,NA,1.79191459307616,0.861153083379931,0.360743767294701,NA,NA,1.23565496738303,1.11160018324172,21,37,2
21,"cgfm_independent","rolling_one_step",9,1,1,3,4.05265679521493,NA,2.07671500805514,0.890529540173617,0.455409868561461,NA,NA,1.10808632851217,1.05265679521493,21,2,1
21,"cgfm_shared","rolling_one_step",9,1,1,3,2.90374123792928,NA,1.5919728630174,0.487279830035513,0.547841070551933,NA,NA,0.00926574927538835,0.0962587620707245,21,2,1
21,"cgfm_time_varying","rolling_one_step",9,1,1,3,5.21162652886517,NA,2.12010795988272,1.41243587547979,0.314946944725065,NA,NA,4.89129190318019,2.21162652886517,21,2,1
21,"cgfm_independent","rolling_one_step",9,1,2,0,5.71262034930626,NA,2.77076285342145,3.51833840812891,0.010038723922841,NA,NA,32.634031255308,5.71262034930626,21,37,2
21,"cgfm_shared","rolling_one_step",9,1,2,0,4.53513408798089,NA,4.34220806628204,3.46555672220238,0.00887110848416918,NA,NA,20.5674411959662,4.53513408798089,21,37,2
21,"cgfm_time_varying","rolling_one_step",9,1,2,0,3.40813235166356,NA,2.27428275505471,2.26167951323818,0.061897425837913,NA,NA,11.6153661264558,3.40813235166356,21,37,2
21,"cgfm_independent","rolling_one_step",10,1,1,2,4.72603682142128,NA,2.08332802217628,1.44590096563742,0.24869691004429,NA,NA,7.43127675174464,2.72603682142128,21,2,1
21,"cgfm_shared","rolling_one_step",10,1,1,2,3.42291635808098,NA,1.70998089845773,0.883499856242569,0.186589058568056,NA,NA,2.02469096209445,1.42291635808098,21,2,1
21,"cgfm_time_varying","rolling_one_step",10,1,1,2,4.01109331546623,NA,1.95219355610843,1.26332500643094,0.232142071127589,NA,NA,4.04449632351296,2.01109331546623,21,2,1
21,"cgfm_independent","rolling_one_step",10,1,2,7,6.66174730104766,NA,2.72500165034365,1.40412656461269,0.558078241988126,NA,NA,0.114414888348542,0.338252698952339,21,37,2
21,"cgfm_shared","rolling_one_step",10,1,2,7,4.92740306874357,NA,2.36257064746897,1.26996609886539,0.777151058822841,NA,NA,4.29565803945359,2.07259693125643,21,37,2
21,"cgfm_time_varying","rolling_one_step",10,1,2,7,2.45739987485332,NA,3.73355446997638,3.1728519617747,0.878463681918998,NA,NA,20.6352158969826,4.54260012514668,21,37,2
21,"cgfm_independent","rolling_one_step",11,1,1,7,4.01661740504732,NA,2.98686471830316,2.05302190446202,0.802610222708701,NA,NA,8.9005717078666,2.98338259495268,21,2,1
21,"cgfm_shared","rolling_one_step",11,1,1,7,2.87768326220969,NA,3.90667354600733,2.92098729756276,0.921670446640726,NA,NA,16.9934952866661,4.12231673779031,21,2,1
21,"cgfm_time_varying","rolling_one_step",11,1,1,7,2.63595830175145,NA,3.6501306430215,3.00862063558343,0.891518967468034,NA,NA,19.0448599440521,4.36404169824855,21,2,1
21,"cgfm_independent","rolling_one_step",11,1,2,3,5.66182029587625,NA,2.2536967619643,1.45771676360019,0.320980689351134,NA,NA,7.08528728753873,2.66182029587625,21,37,2
21,"cgfm_shared","rolling_one_step",11,1,2,3,4.43381864448349,NA,1.81921204769011,0.914757174626358,0.305843077269742,NA,NA,2.05583590526846,1.43381864448349,21,37,2
21,"cgfm_time_varying","rolling_one_step",11,1,2,3,5.86193448465007,NA,2.2624752255422,1.7656255127424,0.207798509205165,NA,NA,8.19066899442927,2.86193448465007,21,37,2
21,"cgfm_independent","rolling_one_step",12,1,1,4,3.91725209042006,NA,2.25186260888976,0.895789808173211,0.590151561015292,NA,NA,0.00684721653984981,0.0827479095799393,21,2,1
21,"cgfm_shared","rolling_one_step",12,1,1,4,3.05712545467359,NA,1.84985515177923,0.692536628855722,0.652031646045145,NA,NA,0.889012408224489,0.942874545326413,21,2,1
21,"cgfm_time_varying","rolling_one_step",12,1,1,4,5.54877691844772,NA,2.12483693329201,1.16379127636685,0.307914561516161,NA,NA,2.39870994311641,1.54877691844772,21,2,1
21,"cgfm_independent","rolling_one_step",12,1,2,1,5.52175728047948,NA,2.32483800817814,2.52693773490215,0.109070675808427,NA,NA,20.4462889035692,4.52175728047948,21,37,2
21,"cgfm_shared","rolling_one_step",12,1,2,1,4.21396443655578,NA,2.75181519659905,2.23122228103493,0.0422798208287173,NA,NA,10.3295673994453,3.21396443655578,21,37,2
21,"cgfm_time_varying","rolling_one_step",12,1,2,1,3.88086659911214,NA,2.06090071392817,1.78813888450475,0.150625344314494,NA,NA,8.29939236187997,2.88086659911214,21,37,2
22,"cgfm_independent","rolling_one_step",2,1,1,4,5.04843284665764,NA,2.28699139651149,1.03962724559978,0.42015615540977,NA,NA,1.09921143395065,1.04843284665764,22,3,1
22,"cgfm_shared","rolling_one_step",2,1,1,4,4.19979170050975,NA,1.85776044042892,0.643297886762412,0.553608375251548,NA,NA,0.0399167235925787,0.199791700509753,22,3,1
22,"cgfm_time_varying","rolling_one_step",2,1,1,4,4.16616310432464,NA,2.06538386692823,0.848022688865329,0.455876571175842,NA,NA,0.0276101772387996,0.166163104324635,22,3,1
22,"cgfm_independent","rolling_one_step",2,1,2,2,7.17544821410344,NA,2.49331574220092,2.77684809601182,0.152240419082889,NA,NA,26.7852642168665,5.17544821410344,22,65,2
22,"cgfm_shared","rolling_one_step",2,1,2,2,8.31975641510034,NA,4.01144027608959,4.57458948474915,0.0108786767091241,NA,NA,39.9393211462019,6.31975641510034,22,65,2
22,"cgfm_time_varying","rolling_one_step",2,1,2,2,8.31826372630936,NA,3.28955754465546,4.29891950243902,0.0627101069318537,NA,NA,39.9204565151966,6.31826372630936,22,65,2
22,"cgfm_independent","rolling_one_step",3,1,1,8,5.5153226172759,NA,2.95878584409777,1.9240249592014,0.733567230940795,NA,NA,6.1736216962207,2.4846773827241,22,3,1
22,"cgfm_shared","rolling_one_step",3,1,1,8,4.59195631591383,NA,2.97620281833659,2.1669724213463,0.872075393920397,NA,NA,11.6147617526396,3.40804368408617,22,3,1
22,"cgfm_time_varying","rolling_one_step",3,1,1,8,4.81863685586616,NA,2.94532294931307,2.06788369292046,0.77638417656958,NA,NA,10.1210714548532,3.18136314413384,22,3,1
22,"cgfm_independent","rolling_one_step",3,1,2,2,7.83877405701844,NA,2.597221836641,3.17161947758872,0.117278512164454,NA,NA,34.0912824889116,5.83877405701844,22,65,2
22,"cgfm_shared","rolling_one_step",3,1,2,2,7.02302641907058,NA,3.40026154339429,3.52291109931076,0.0461055396342936,NA,NA,25.230794406681,5.02302641907058,22,65,2
22,"cgfm_time_varying","rolling_one_step",3,1,2,2,4.09192608680948,NA,1.98426322139085,1.29229146063813,0.311078611359254,NA,NA,4.37615475267404,2.09192608680948,22,65,2
22,"cgfm_independent","rolling_one_step",4,1,1,4,6.01726735602826,NA,2.35799672267485,1.30614823330576,0.396491540351043,NA,NA,4.06936758569726,2.01726735602826,22,3,1
22,"cgfm_shared","rolling_one_step",4,1,1,4,5.99724341405803,NA,2.07271990645832,1.22699098534331,0.215431291143465,NA,NA,3.98898125499818,1.99724341405803,22,3,1
22,"cgfm_time_varying","rolling_one_step",4,1,1,4,7.73149323562189,NA,2.51003595307077,2.27842633044867,0.209089814510916,NA,NA,13.9240417674919,3.73149323562189,22,3,1
22,"cgfm_independent","rolling_one_step",4,1,2,2,8.55219048004161,NA,2.70818835789496,3.63668649773086,0.100145349714597,NA,NA,42.9312000867479,6.55219048004161,22,65,2
22,"cgfm_shared","rolling_one_step",4,1,2,2,6.32703132293614,NA,3.06607609597523,2.96866365797425,0.0370969800251626,NA,NA,18.7232000696705,4.32703132293614,22,65,2
22,"cgfm_time_varying","rolling_one_step",4,1,2,2,4.26583720834006,NA,2.02069145822398,1.37899636847229,0.319936217427332,NA,NA,5.13401825469826,2.26583720834006,22,65,2
22,"cgfm_independent","rolling_one_step",5,1,1,3,7.26016871182438,NA,2.45654457954629,2.21345918797054,0.278195958484979,NA,NA,18.1490374532074,4.26016871182438,22,3,1
22,"cgfm_shared","rolling_one_step",5,1,1,3,6.56128516188441,NA,2.60911737633076,2.29731808963789,0.0639046569919945,NA,NA,12.6827520042581,3.56128516188441,22,3,1
22,"cgfm_time_varying","rolling_one_step",5,1,1,3,5.66693674026353,NA,2.23362943732991,1.63637587468628,0.223724668993468,NA,NA,7.11255157656745,2.66693674026353,22,3,1
22,"cgfm_independent","rolling_one_step",5,1,2,4,10.3189628788117,NA,2.7969647214561,3.41207054249517,0.178517038463077,NA,NA,39.9292918638,6.31896287881168,22,65,2
22,"cgfm_shared","rolling_one_step",5,1,2,4,6.3187840420558,NA,2.16024539241502,1.41074920538163,0.247141587435887,NA,NA,5.37675943369265,2.3187840420558,22,65,2
22,"cgfm_time_varying","rolling_one_step",5,1,2,4,4.84923643418688,NA,2.22399784069159,1.05307221939599,0.50342760985197,NA,NA,0.721202521150454,0.849236434186884,22,65,2
22,"cgfm_independent","rolling_one_step",6,1,1,12,5.18904139352091,NA,3.91875235239827,4.6743334422462,0.882420871678403,NA,NA,46.3891571391716,6.81095860647909,22,3,1
22,"cgfm_shared","rolling_one_step",6,1,1,12,4.21998412614723,NA,5.89793954087289,5.98225200190101,0.953322633438345,NA,NA,60.5286469974011,7.78001587385277,22,3,1
22,"cgfm_time_varying","rolling_one_step",6,1,1,12,3.16193031825541,NA,5.52860126254753,6.62824481211504,0.932685542342734,NA,NA,78.1114756993729,8.83806968174459,22,3,1
22,"cgfm_independent","rolling_one_step",6,1,2,4,7.3752181540405,NA,2.48369011693433,1.82090605648915,0.286181729133974,NA,NA,11.3920975873646,3.3752181540405,22,65,2
22,"cgfm_shared","rolling_one_step",6,1,2,4,4.21342189208712,NA,1.7581335546403,0.588753808641523,0.428863723904204,NA,NA,0.0455489040220459,0.213421892087119,22,65,2
22,"cgfm_time_varying","rolling_one_step",6,1,2,4,4.16585757005201,NA,2.13592434691938,0.897194535863778,0.528951907243462,NA,NA,0.0275087335435577,0.165857570052011,22,65,2
22,"cgfm_independent","rolling_one_step",7,1,1,1,4.41996325859599,NA,2.07032753629599,1.86527380853489,0.16719867737124,NA,NA,11.6961486901465,3.41996325859599,22,3,1
22,"cgfm_shared","rolling_one_step",7,1,1,1,4.46583178746362,NA,2.88840864576747,2.42219488736741,0.0478519579839046,NA,NA,12.0119899789933,3.46583178746362,22,3,1
22,"cgfm_time_varying","rolling_one_step",7,1,1,1,7.98825346640903,NA,4.01393231675569,5.08750207812183,0.0204628910981819,NA,NA,48.8356865107778,6.98825346640903,22,3,1
22,"cgfm_independent","rolling_one_step",7,1,2,3,6.2823384597989,NA,2.33167829861063,1.73526425141705,0.300724013252417,NA,NA,10.773745764675,3.2823384597989,22,65,2
22,"cgfm_shared","rolling_one_step",7,1,2,3,3.59215525041725,NA,1.64182432957721,0.586385934681489,0.442261416991555,NA,NA,0.35064784059672,0.592155250417253,22,65,2
22,"cgfm_time_varying","rolling_one_step",7,1,2,3,4.37697558639926,NA,2.02449238821131,1.05183957221862,0.407597091195448,NA,NA,1.89606176553958,1.37697558639926,22,65,2
22,"cgfm_independent","rolling_one_step",8,1,1,0,3.94827920643234,NA,2.24906744230048,2.38003698409856,0.102612308795927,NA,NA,15.588908691946,3.94827920643234,22,3,1
22,"cgfm_shared","rolling_one_step",8,1,1,0,3.66008822417684,NA,3.5361277484793,2.71432353384019,0.0016162087127909,NA,NA,13.396245808758,3.66008822417684,22,3,1
22,"cgfm_time_varying","rolling_one_step",8,1,1,0,2.16221391986928,NA,1.61630635968886,1.38181746890112,0.048310293173995,NA,NA,4.67516903527646,2.16221391986928,22,3,1
22,"cgfm_independent","rolling_one_step",8,1,2,7,5.61193257790446,NA,2.76275213791844,1.50134809190136,0.648571750663755,NA,NA,1.92673116828297,1.38806742209554,22,65,2
22,"cgfm_shared","rolling_one_step",8,1,2,7,3.13330951072258,NA,3.59046889752331,2.66863260968059,0.93064021829987,NA,NA,14.9512953398685,3.86669048927742,22,65,2
22,"cgfm_time_varying","rolling_one_step",8,1,2,7,3.72356053530136,NA,3.01125339323605,2.14530229203654,0.823069450180808,NA,NA,10.7350555658347,3.27643946469864,22,65,2
22,"cgfm_independent","rolling_one_step",9,1,1,6,3.91945372593929,NA,2.73564754341096,1.5602973533945,0.741437934656405,NA,NA,4.3286727985079,2.08054627406071,22,3,1
22,"cgfm_shared","rolling_one_step",9,1,1,6,3.2796535924272,NA,2.76351207139434,1.74086949545618,0.838998007763861,NA,NA,7.40028457719422,2.7203464075728,22,3,1
22,"cgfm_time_varying","rolling_one_step",9,1,1,6,1.70380557730111,NA,3.97879419675003,3.11965702978985,0.897157406905775,NA,NA,18.4572865176291,4.29619442269889,22,3,1
22,"cgfm_independent","rolling_one_step",9,1,2,6,5.57096180663363,NA,2.59432315969684,1.23858696686353,0.631040635320902,NA,NA,0.184073771367078,0.429038193366369,22,65,2
22,"cgfm_shared","rolling_one_step",9,1,2,6,3.35953944166926,NA,2.70457701814412,1.67742432826842,0.842284026934905,NA,NA,6.97203196010028,2.64046055833074,22,65,2
22,"cgfm_time_varying","rolling_one_step",9,1,2,6,6.39768220143318,NA,2.31771044230507,1.07381575392875,0.468703701220065,NA,NA,0.158151133336738,0.397682201433177,22,65,2
22,"cgfm_independent","rolling_one_step",10,1,1,5,4.72954981027861,NA,2.43795666253305,1.06631662039971,0.578333616532229,NA,NA,0.0731433051203363,0.270450189721391,22,3,1
22,"cgfm_shared","rolling_one_step",10,1,1,5,4.24586911655885,NA,1.90061777342773,0.687223464318522,0.667179716341291,NA,NA,0.568713389359731,0.754130883441151,22,3,1
22,"cgfm_time_varying","rolling_one_step",10,1,1,5,6.11882614833709,NA,2.23164221240192,1.1192597552441,0.415517291130282,NA,NA,1.2517719502028,1.11882614833709,22,3,1
22,"cgfm_independent","rolling_one_step",10,1,2,1,6.72231928330456,NA,2.57372329021617,3.26653500845997,0.07569001039149,NA,NA,32.7449379800792,5.72231928330456,22,65,2
22,"cgfm_shared","rolling_one_step",10,1,2,1,4.34165651267287,NA,2.8182859346165,2.32656996524717,0.0565464444203362,NA,NA,11.166668248689,3.34165651267287,22,65,2
22,"cgfm_time_varying","rolling_one_step",10,1,2,1,7.03482211326822,NA,3.24097623801873,4.12155269151671,0.0376891649838198,NA,NA,36.4190779387911,6.03482211326822,22,65,2
22,"cgfm_independent","rolling_one_step",11,1,1,3,4.06750876460332,NA,2.0780499484591,0.894373311693118,0.450852379710837,NA,NA,1.1395749625049,1.06750876460332,22,3,1
22,"cgfm_shared","rolling_one_step",11,1,1,3,3.77451715798855,NA,1.65790186694687,0.635035619084411,0.383774064017729,NA,NA,0.599876828018666,0.774517157988554,22,3,1
22,"cgfm_time_varying","rolling_one_step",11,1,1,3,4.20526815143022,NA,1.95812771571191,0.971429663864436,0.368859719871092,NA,NA,1.45267131685203,1.20526815143022,22,3,1
22,"cgfm_independent","rolling_one_step",11,1,2,2,5.78139729376394,NA,2.26461636185329,1.99357832574873,0.224740475115731,NA,NA,14.2989654932853,3.78139729376394,22,65,2
22,"cgfm_shared","rolling_one_step",11,1,2,2,3.56271866746197,NA,1.7650692281173,0.965389422423049,0.204331218296196,NA,NA,2.44208963363412,1.56271866746197,22,65,2
22,"cgfm_time_varying","rolling_one_step",11,1,2,2,2.56455631647686,NA,1.74199093712883,0.703800701656119,0.378956171731091,NA,NA,0.318723834473925,0.564556316476864,22,65,2
22,"cgfm_independent","rolling_one_step",12,1,1,5,3.89451160357496,NA,2.48203289630107,1.14911712967681,0.655766089122801,NA,NA,1.2221045946304,1.10548839642504,22,3,1
22,"cgfm_shared","rolling_one_step",12,1,1,5,3.55976716930504,NA,2.07594122023872,0.923578496511384,0.690303005486157,NA,NA,2.07427060661163,1.44023283069496,22,3,1
22,"cgfm_time_varying","rolling_one_step",12,1,1,5,3.30149583720422,NA,2.44272019965899,1.24783651485331,0.760659975311054,NA,NA,2.8849163910346,1.69850416279578,22,3,1
22,"cgfm_independent","rolling_one_step",12,1,2,0,5.53551054711697,NA,2.72403879747122,3.40402787614541,0.0271598245326118,NA,NA,30.6418770172432,5.53551054711697,22,65,2
22,"cgfm_shared","rolling_one_step",12,1,2,0,3.30538802938368,NA,3.23785975624291,2.42353848228184,0.0364631570076579,NA,NA,10.9255900247929,3.30538802938368,22,65,2
22,"cgfm_time_varying","rolling_one_step",12,1,2,0,3.24625341623605,NA,2.19790679229481,2.14722870264807,0.0807710414599238,NA,NA,10.5381612424242,3.24625341623605,22,65,2
23,"cgfm_independent","rolling_one_step",2,1,1,1,5.11047665769912,NA,2.22789706600948,2.27148037104115,0.146152357292217,NA,NA,16.8960183534893,4.11047665769912,23,18,1
23,"cgfm_shared","rolling_one_step",2,1,1,1,2.94668536939613,NA,1.78534836465917,1.16213060902973,0.215170285180733,NA,NA,3.78958392742095,1.94668536939613,23,18,1
23,"cgfm_time_varying","rolling_one_step",2,1,1,1,2.88714073695408,NA,1.72049345911273,1.16628952448004,0.2447030874105,NA,NA,3.56130016107158,1.88714073695408,23,18,1
23,"cgfm_independent","rolling_one_step",2,1,2,1,7.25088858642479,NA,2.66578728281738,3.58531536194552,0.0473663819574305,NA,NA,39.0736081198957,6.25088858642479,23,57,2
23,"cgfm_shared","rolling_one_step",2,1,2,1,3.25588791928208,NA,1.93051419497966,1.36822855041808,0.183122571633929,NA,NA,5.08903030436281,2.25588791928208,23,57,2
23,"cgfm_time_varying","rolling_one_step",2,1,2,1,3.3425872594355,NA,1.85929637938982,1.42356785880801,0.16825974360041,NA,NA,5.48771506806955,2.3425872594355,23,57,2
23,"cgfm_independent","rolling_one_step",3,1,1,6,5.56268405230484,NA,2.59971971342125,1.24452521614229,0.576078082207042,NA,NA,0.191245238108516,0.43731594769516,23,18,1
23,"cgfm_shared","rolling_one_step",3,1,1,6,2.62851129712641,NA,3.24454372185895,2.2860988262834,0.885709984597434,NA,NA,11.3669360736043,3.37148870287359,23,18,1
23,"cgfm_time_varying","rolling_one_step",3,1,1,6,2.83610272119428,NA,3.05345690421107,2.12603615272619,0.839634844496721,NA,NA,10.0102459908342,3.16389727880572,23,18,1
23,"cgfm_independent","rolling_one_step",3,1,2,1,7.89228881492448,NA,2.78322354169269,4.00090770196518,0.0503322412306359,NA,NA,47.5036451083331,6.89228881492448,23,57,2
23,"cgfm_shared","rolling_one_step",3,1,2,1,2.81801497509489,NA,1.73498999040905,1.08690909975127,0.235944144885606,NA,NA,3.30517844966928,1.81801497509489,23,57,2
23,"cgfm_time_varying","rolling_one_step",3,1,2,1,3.37198613155699,NA,1.84402539499657,1.41377204549436,0.23546283303943,NA,NA,5.62631820829868,2.37198613155699,23,57,2
23,"cgfm_independent","rolling_one_step",4,1,1,6,5.85452046746919,NA,2.59584678198863,1.24176576352548,0.591746031652057,NA,NA,0.0211642943853829,0.14547953253081,23,18,1
23,"cgfm_shared","rolling_one_step",4,1,1,6,3.67499936649847,NA,2.52531736001672,1.45664910706738,0.78259265496019,NA,NA,5.4056279457825,2.32500063350153,23,18,1
23,"cgfm_time_varying","rolling_one_step",4,1,1,6,6.15534887605756,NA,2.34199400076534,1.07282132541382,0.488150414213906,NA,NA,0.0241332732923468,0.155348876057559,23,18,1
23,"cgfm_independent","rolling_one_step",4,1,2,14,8.3063592826267,NA,3.6174467106049,3.87132097607598,0.801382222666764,NA,NA,32.4175446185311,5.6936407173733,23,57,2
23,"cgfm_shared","rolling_one_step",4,1,2,14,2.50357158567158,NA,6.95000743254102,9.55623963042009,0.956053043571147,NA,NA,132.167866285778,11.4964284143284,23,57,2
23,"cgfm_time_varying","rolling_one_step",4,1,2,14,3.40679710099152,NA,5.70886964540759,8.01467990746463,0.934478491433329,NA,NA,112.215947659562,10.5932028990085,23,57,2
23,"cgfm_independent","rolling_one_step",5,1,1,6,7.18647674817617,NA,2.61894418840515,1.37880872295635,0.451898805012135,NA,NA,1.40772707396269,1.18647674817617,23,18,1
23,"cgfm_shared","rolling_one_step",5,1,1,6,4.98707814783619,NA,2.08789572928715,0.83695249527916,0.63885117885054,NA,NA,1.02601067859097,1.01292185216381,23,18,1
23,"cgfm_time_varying","rolling_one_step",5,1,1,6,7.25432525365176,NA,2.39868003979359,1.28090431920829,0.424518106006468,NA,NA,1.57333184194856,1.25432525365176,23,18,1
23,"cgfm_independent","rolling_one_step",5,1,2,7,10.1963968819247,NA,2.847003543773,2.15668528885165,0.391083329483896,NA,NA,10.2169530267779,3.19639688192469,23,57,2
23,"cgfm_shared","rolling_one_step",5,1,2,7,5.97061123393753,NA,2.15378846069436,0.884144050544176,0.61576355642087,NA,NA,1.05964123169561,1.02938876606247,23,57,2
23,"cgfm_time_varying","rolling_one_step",5,1,2,7,14.8877312754296,NA,3.29004314444571,4.89138936436971,0.112614805978961,NA,NA,62.21630467339,7.88773127542958,23,57,2
23,"cgfm_independent","rolling_one_step",6,1,1,2,5.32235304212674,NA,2.18593970591867,1.74587461196981,0.183854268985415,NA,NA,11.0380297365288,3.32235304212674,23,18,1
23,"cgfm_shared","rolling_one_step",6,1,1,2,3.86043387390547,NA,1.88314439477867,1.13975936429264,0.142893125928397,NA,NA,3.4612141991749,1.86043387390547,23,18,1
23,"cgfm_time_varying","rolling_one_step",6,1,1,2,4.73494183495465,NA,2.13661196830264,1.68814279944444,0.211478310090379,NA,NA,7.47990684058512,2.73494183495465,23,18,1
23,"cgfm_independent","rolling_one_step",6,1,2,6,7.55134526827964,NA,2.63331542522109,1.45158784089316,0.47831835554634,NA,NA,2.40667214141361,1.55134526827964,23,57,2
23,"cgfm_shared","rolling_one_step",6,1,2,6,4.59979451228336,NA,2.13748444232746,0.943635803871328,0.761361964596142,NA,NA,1.96057540783178,1.40020548771664,23,57,2
23,"cgfm_time_varying","rolling_one_step",6,1,2,6,5.87101582096577,NA,2.36890754975678,1.08045404457348,0.535641926171031,NA,NA,0.0166369184411339,0.128984179034228,23,57,2
23,"cgfm_independent","rolling_one_step",7,1,1,5,4.37604433858406,NA,2.45362556895831,1.0873228292407,0.592063606065231,NA,NA,0.389320667413006,0.623955661415942,23,18,1
23,"cgfm_shared","rolling_one_step",7,1,1,5,3.02052897213225,NA,2.35071797349227,1.2397916910958,0.820434588579963,NA,NA,3.91830555016779,1.97947102786775,23,18,1
23,"cgfm_time_varying","rolling_one_step",7,1,1,5,2.70112606749702,NA,2.68022689975619,1.56590731839276,0.791127377879306,NA,NA,5.28482135754173,2.29887393250298,23,18,1
23,"cgfm_independent","rolling_one_step",7,1,2,2,6.20904842398477,NA,2.3346543196215,2.22331637207472,0.177151014935303,NA,NA,17.7160886354487,4.20904842398477,23,57,2
23,"cgfm_shared","rolling_one_step",7,1,2,2,3.99151170496059,NA,1.94566655966943,1.23083647563795,0.235700997185638,NA,NA,3.96611887099502,1.99151170496059,23,57,2
23,"cgfm_time_varying","rolling_one_step",7,1,2,2,5.37815789688316,NA,2.30663987479945,2.08532083992361,0.202529823367858,NA,NA,11.4119507762741,3.37815789688316,23,57,2
23,"cgfm_independent","rolling_one_step",8,1,1,4,3.93921559991314,NA,2.256502967455,0.900027031078379,0.590771499536028,NA,NA,0.00369474329391893,0.0607844000868556,23,18,1
23,"cgfm_shared","rolling_one_step",8,1,1,4,2.87421328271804,NA,1.92167371384943,0.767837436889287,0.645482426890281,NA,NA,1.26739573280849,1.12578671728196,23,18,1
23,"cgfm_time_varying","rolling_one_step",8,1,1,4,4.26796334422488,NA,2.05615686929046,0.851870341945012,0.43285746657645,NA,NA,0.0718043538481832,0.267963344224883,23,18,1
23,"cgfm_independent","rolling_one_step",8,1,2,3,5.58926736835535,NA,2.24707075762882,1.42657070400625,0.284918723776694,NA,NA,6.70430550482982,2.58926736835535,23,57,2
23,"cgfm_shared","rolling_one_step",8,1,2,3,3.39416354530128,NA,1.61031588632371,0.537287059783007,0.395987328130824,NA,NA,0.155364900444474,0.39416354530128,23,57,2
23,"cgfm_time_varying","rolling_one_step",8,1,2,3,3.16163916012926,NA,1.96274592884569,0.774645324496205,0.457562187717156,NA,NA,0.0261272180872917,0.161639160129257,23,57,2
23,"cgfm_independent","rolling_one_step",9,1,1,5,3.98545388511936,NA,2.47846369739001,1.13661509195282,0.677013359198754,NA,NA,1.02930381921941,1.01454611488064,23,18,1
23,"cgfm_shared","rolling_one_step",9,1,1,5,2.93497919400624,NA,2.39880390028827,1.29582509768823,0.794179402184793,NA,NA,4.26431092918712,2.06502080599376,23,18,1
23,"cgfm_time_varying","rolling_one_step",9,1,1,5,3.99260392135838,NA,2.28854387517776,1.02650770844243,0.625316590069578,NA,NA,1.01484685926252,1.00739607864162,23,18,1
23,"cgfm_independent","rolling_one_step",9,1,2,2,5.65487255707089,NA,2.24227397345402,1.92153154272623,0.193592257264422,NA,NA,13.3580934084299,3.65487255707089,23,57,2
23,"cgfm_shared","rolling_one_step",9,1,2,2,3.32899859103667,NA,1.6746866957714,0.832247458391448,0.312230133340683,NA,NA,1.76623725497746,1.32899859103667,23,57,2
23,"cgfm_time_varying","rolling_one_step",9,1,2,2,3.99369171555115,NA,1.95418204577396,1.25164824027426,0.219772128481466,NA,NA,3.97480665665729,1.99369171555115,23,57,2
23,"cgfm_independent","rolling_one_step",10,1,1,5,4.68745699081488,NA,2.4437458694762,1.07163580714169,0.596717424988097,NA,NA,0.0976831325904906,0.312543009185121,23,18,1
23,"cgfm_shared","rolling_one_step",10,1,1,5,3.66675233217861,NA,2.04659808400311,0.879072423239535,0.774910499786961,NA,NA,1.77754934375118,1.33324766782139,23,18,1
23,"cgfm_time_varying","rolling_one_step",10,1,1,5,5.34221438342789,NA,2.21544878168787,0.980021047234023,0.494667178243667,NA,NA,0.117110684224929,0.342214383427888,23,18,1
23,"cgfm_independent","rolling_one_step",10,1,2,5,6.65085251669277,NA,2.4962233640345,1.3315115046087,0.407701572320156,NA,NA,2.72531403187084,1.65085251669277,23,57,2
23,"cgfm_shared","rolling_one_step",10,1,2,5,3.83706186625075,NA,1.99398048444038,0.81016810463632,0.741729334318329,NA,NA,1.35242510292818,1.16293813374925,23,57,2
23,"cgfm_time_varying","rolling_one_step",10,1,2,5,3.94511363894102,NA,2.39048732654495,1.11264436975988,0.669804279972759,NA,NA,1.11278523474826,1.05488636105898,23,57,2
23,"cgfm_independent","rolling_one_step",11,1,1,5,4.01841454757091,NA,2.47573827947613,1.13108115129708,0.636541214701435,NA,NA,0.963510000420412,0.981585452429085,23,18,1
23,"cgfm_shared","rolling_one_step",11,1,1,5,3.30177488714098,NA,2.18997048877492,1.06098446589529,0.767448729344044,NA,NA,2.88396853394504,1.69822511285902,23,18,1
23,"cgfm_time_varying","rolling_one_step",11,1,1,5,4.17925392021672,NA,2.2474880970607,0.979222285085142,0.58222861609441,NA,NA,0.673624127479627,0.820746079783283,23,18,1
23,"cgfm_independent","rolling_one_step",11,1,2,4,5.70163864930078,NA,2.33633105422646,1.21037171248327,0.375310948803551,NA,NA,2.89557409279419,1.70163864930078,23,57,2
23,"cgfm_shared","rolling_one_step",11,1,2,4,3.44052901289198,NA,1.76672373538565,0.593497334534777,0.594213903500999,NA,NA,0.313007785415619,0.559470987108017,23,57,2
23,"cgfm_time_varying","rolling_one_step",11,1,2,4,4.78467412192937,NA,2.11431306245755,0.966757183267375,0.495238927190271,NA,NA,0.615713477625623,0.784674121929367,23,57,2
23,"cgfm_independent","rolling_one_step",12,1,1,4,3.88995676233143,NA,2.25686572841802,0.898990845889924,0.582963399821628,NA,NA,0.0121095141565814,0.11004323766857,23,18,1
23,"cgfm_shared","rolling_one_step",12,1,1,4,3.293735350925,NA,1.78978654713061,0.622677672790347,0.694237808704593,NA,NA,0.498809754533028,0.706264649074997,23,18,1
23,"cgfm_time_varying","rolling_one_step",12,1,1,4,4.41246133929644,NA,2.05780852809351,0.870189367938561,0.4414520391682,NA,NA,0.170124356414216,0.412461339296444,23,18,1
23,"cgfm_independent","rolling_one_step",12,1,2,2,5.51937624323333,NA,2.21938748455074,1.84940452238143,0.224482437430852,NA,NA,12.3860091414352,3.51937624323333,23,57,2
23,"cgfm_shared","rolling_one_step",12,1,2,2,3.35639178630691,NA,1.68404112954924,0.84797821503012,0.169512237636666,NA,NA,1.83979867796085,1.35639178630691,23,57,2
23,"cgfm_time_varying","rolling_one_step",12,1,2,2,4.47277448292484,NA,2.06366506796139,1.51762316711064,0.186097049041151,NA,NA,6.1146136434042,2.47277448292484,23,57,2
24,"cgfm_independent","rolling_one_step",2,1,1,2,5.08005448429371,NA,2.14461077678273,1.620344631075,0.241756587421274,NA,NA,9.48673562621782,3.08005448429371,24,8,1
24,"cgfm_shared","rolling_one_step",2,1,1,2,7.52342279966498,NA,3.61362374705514,3.91423976727308,0.027552790104289,NA,NA,30.5081994238589,5.52342279966498,24,8,1
24,"cgfm_time_varying","rolling_one_step",2,1,1,2,7.60000088455093,NA,3.15302337944218,3.81848838523636,0.0584923462854849,NA,NA,31.3600099069712,5.60000088455093,24,8,1
24,"cgfm_independent","rolling_one_step",2,1,2,3,7.1860655461756,NA,2.44748487098724,2.17123699424272,0.21246148105608,NA,NA,17.5231447568784,4.1860655461756,24,41,2
24,"cgfm_shared","rolling_one_step",2,1,2,3,3.72616264643448,NA,1.76296197916176,0.667425432684764,0.392115717742245,NA,NA,0.527312189076726,0.726162646434479,24,41,2
24,"cgfm_time_varying","rolling_one_step",2,1,2,3,3.79328249984264,NA,1.98006937587846,0.879383334845171,0.451156015337216,NA,NA,0.629297124556581,0.793282499842636,24,41,2
24,"cgfm_independent","rolling_one_step",3,1,1,10,5.48830032129236,NA,3.37966445144907,3.04631379255518,0.807505411753776,NA,NA,20.3554339908506,4.51169967870764,24,8,1
24,"cgfm_shared","rolling_one_step",3,1,1,10,6.48127241313048,NA,2.91811883546586,2.17544868361445,0.854085436197921,NA,NA,12.3814438305966,3.51872758686952,24,8,1
24,"cgfm_time_varying","rolling_one_step",3,1,1,10,3.45619323416189,NA,4.32586042895957,4.60871591676279,0.901835902004885,NA,NA,42.8214069886286,6.54380676583811,24,8,1
24,"cgfm_independent","rolling_one_step",3,1,2,3,7.76331158876479,NA,2.52090266298775,2.47524031925195,0.204257816822423,NA,NA,22.689137291661,4.76331158876479,24,41,2
24,"cgfm_shared","rolling_one_step",3,1,2,3,3.84081147916426,NA,1.746342520248,0.686893609198444,0.384528906358927,NA,NA,0.706963943494393,0.840811479164261,24,41,2
24,"cgfm_time_varying","rolling_one_step",3,1,2,3,4.75546632142185,NA,2.10195524050813,1.20809177317087,0.299304199361108,NA,NA,3.08166200564636,1.75546632142185,24,41,2
24,"cgfm_independent","rolling_one_step",4,1,1,8,5.91582294878043,NA,2.92324401243914,1.80868597095354,0.699462089225953,NA,NA,4.34379398083031,2.08417705121957,24,8,1
24,"cgfm_shared","rolling_one_step",4,1,1,8,8.01266170110817,NA,2.13862834999177,0.823099254730596,0.548294101786029,NA,NA,0.000160318674952729,0.0126617011081738,24,8,1
24,"cgfm_time_varying","rolling_one_step",4,1,1,8,8.99010218610967,NA,2.49014347064548,1.3190772760196,0.436177165887325,NA,NA,0.980302338939151,0.990102186109672,24,8,1
24,"cgfm_independent","rolling_one_step",4,1,2,7,8.36803487002795,NA,2.75836039691676,1.59351963012715,0.473319976744323,NA,NA,1.87151940561238,1.36803487002795,24,41,2
24,"cgfm_shared","rolling_one_step",4,1,2,7,3.95730863894326,NA,2.85660963409033,1.9351198986801,0.826462178539156,NA,NA,9.2579707186493,3.04269136105674,24,41,2
24,"cgfm_time_varying","rolling_one_step",4,1,2,7,4.91389082218971,NA,2.71467719520313,1.57372249557697,0.726605465249841,NA,NA,4.35185150174434,2.08610917781029,24,41,2
24,"cgfm_independent","rolling_one_step",5,1,1,17,6.97176990033489,NA,4.38147534985962,7.02498062156816,0.907540233440691,NA,NA,100.565398931829,10.0282300996651,24,8,1
24,"cgfm_shared","rolling_one_step",5,1,1,17,9.2356680373325,NA,4.4997026302946,5.47784967941596,0.944519086925196,NA,NA,60.2848508265001,7.7643319626675,24,8,1
24,"cgfm_time_varying","rolling_one_step",5,1,1,17,8.47412491681616,NA,4.15878957306454,5.62246064201866,0.893780449791898,NA,NA,72.690545934055,8.52587508318384,24,8,1
24,"cgfm_independent","rolling_one_step",5,1,2,12,9.86194259879133,NA,3.25823497405839,2.43354682657676,0.659089634525042,NA,NA,4.57128945086319,2.13805740120867,24,41,2
24,"cgfm_shared","rolling_one_step",5,1,2,12,5.33162084628817,NA,4.63993875633789,4.81786107569512,0.946128697897257,NA,NA,44.4672805376585,6.66837915371183,24,41,2
24,"cgfm_time_varying","rolling_one_step",5,1,2,12,8.69505570851406,NA,3.05795107499101,2.26277042538971,0.70469851231226,NA,NA,10.9226567698255,3.30494429148594,24,41,2
24,"cgfm_independent","rolling_one_step",6,1,1,4,5.28924814215727,NA,2.30758184000084,1.09929971535505,0.473376652211032,NA,NA,1.66216077205598,1.28924814215727,24,8,1
24,"cgfm_shared","rolling_one_step",6,1,1,4,8.17842777079097,NA,2.8866548570153,2.76771965520196,0.0509254092574703,NA,NA,17.4592586357172,4.17842777079097,24,8,1
24,"cgfm_time_varying","rolling_one_step",6,1,1,4,10.3238448058602,NA,3.20920162464499,4.19288277615163,0.0601157598687999,NA,NA,39.9910131286054,6.32384480586023,24,8,1
24,"cgfm_independent","rolling_one_step",6,1,2,7,7.48183740991232,NA,2.73329513264757,1.44616076864158,0.529230271926796,NA,NA,0.232167289591016,0.481837409912323,24,41,2
24,"cgfm_shared","rolling_one_step",6,1,2,7,5.07923656057489,NA,2.32656705905267,1.19842276511617,0.726049812783372,NA,NA,3.68933219023219,1.92076343942511,24,41,2
24,"cgfm_time_varying","rolling_one_step",6,1,2,7,8.63373132730401,NA,2.46217439172183,1.42216375636032,0.362375843276692,NA,NA,2.66907804981452,1.63373132730401,24,41,2
24,"cgfm_independent","rolling_one_step",7,1,1,2,4.31200837661434,NA,2.01356931226632,1.24687947577354,0.261273087447717,NA,NA,5.34538273353487,2.31200837661434,24,8,1
24,"cgfm_shared","rolling_one_step",7,1,1,2,6.2871358635607,NA,3.21174508837205,3.02041743404666,0.03604927459431,NA,NA,18.3795339126284,4.2871358635607,24,8,1
24,"cgfm_time_varying","rolling_one_step",7,1,1,2,3.66845003509335,NA,1.8697442833588,1.09443578998728,0.220575707232118,NA,NA,2.783725519603,1.66845003509335,24,8,1
24,"cgfm_independent","rolling_one_step",7,1,2,12,6.09979387762377,NA,3.65678779086348,3.96846791081161,0.83445133869955,NA,NA,34.812432286526,5.90020612237623,24,41,2
24,"cgfm_shared","rolling_one_step",7,1,2,12,4.39101621638435,NA,5.8172031158237,5.82306985870379,0.95096170738357,NA,NA,57.8966342193259,7.60898378361565,24,41,2
24,"cgfm_time_varying","rolling_one_step",7,1,2,12,5.85174610537859,NA,3.77487427024381,4.02108864781191,0.869455074255802,NA,NA,37.8010259527274,6.14825389462141,24,41,2
24,"cgfm_independent","rolling_one_step",8,1,1,6,3.89272903624713,NA,2.74539023974007,1.57550641587339,0.73676252025105,NA,NA,4.44059091467595,2.10727096375287,24,8,1
24,"cgfm_shared","rolling_one_step",8,1,1,6,5.29620347164454,NA,1.96913847697406,0.721567922035487,0.581727394075602,NA,NA,0.495329553325198,0.70379652835546,24,8,1
24,"cgfm_time_varying","rolling_one_step",8,1,1,6,2.68224736015456,NA,3.13131846254669,2.22598184471202,0.854620003895852,NA,NA,11.0074825792014,3.31775263984544,24,8,1
24,"cgfm_independent","rolling_one_step",8,1,2,5,5.5066971807171,NA,2.44851891301764,1.11549202960409,0.540492647959246,NA,NA,0.256742032946658,0.506697180717101,24,41,2
24,"cgfm_shared","rolling_one_step",8,1,2,5,4.63543118486999,NA,1.85220084689132,0.62693596199555,0.593843396641496,NA,NA,0.132910420965299,0.364568815130009,24,41,2
24,"cgfm_time_varying","rolling_one_step",8,1,2,5,8.94849078326852,NA,2.60137797979231,2.42442494902734,0.15858336768476,NA,NA,15.5905794655565,3.94849078326852,24,41,2
24,"cgfm_independent","rolling_one_step",9,1,1,8,3.89934483642895,NA,3.31080365408612,2.76682861790102,0.838172154470756,NA,NA,16.8153727705219,4.10065516357105,24,8,1
24,"cgfm_shared","rolling_one_step",9,1,1,8,5.24600384219946,NA,2.64141138607216,1.68554534678265,0.811798745079222,NA,NA,7.58449483718015,2.75399615780054,24,8,1
24,"cgfm_time_varying","rolling_one_step",9,1,1,8,5.05179201005085,NA,2.84283972592009,1.90276282356954,0.782657883942376,NA,NA,8.69193035199999,2.94820798994915,24,8,1
24,"cgfm_independent","rolling_one_step",9,1,2,6,5.51605581805522,NA,2.60202960588977,1.24764622677731,0.609404835752297,NA,NA,0.234201971238206,0.483944181944784,24,41,2
24,"cgfm_shared","rolling_one_step",9,1,2,6,4.5725302772946,NA,2.11639041416759,0.938448446683142,0.750945487864261,NA,NA,2.03766980924063,1.4274697227054,24,41,2
24,"cgfm_time_varying","rolling_one_step",9,1,2,6,5.16681057404228,NA,2.3873963537316,1.10119179111648,0.613561431303128,NA,NA,0.694204619527749,0.833189425957716,24,41,2
24,"cgfm_independent","rolling_one_step",10,1,1,9,4.62307518441682,NA,3.35859205966503,2.94658788288596,0.818535906584204,NA,NA,19.1574708412679,4.37692481558318,24,8,1
24,"cgfm_shared","rolling_one_step",10,1,1,9,6.53115895182085,NA,2.51096409768469,1.49218759775389,0.802553305054527,NA,NA,6.0951761211743,2.46884104817915,24,8,1
24,"cgfm_time_varying","rolling_one_step",10,1,1,9,7.33839054606557,NA,2.63308878767408,1.43220750001539,0.656428713444719,NA,NA,2.76094597740429,1.66160945393443,24,8,1
24,"cgfm_independent","rolling_one_step",10,1,2,6,6.53978866571607,NA,2.60213721222069,1.28587365839475,0.514333131030644,NA,NA,0.291371803635539,0.539788665716074,24,41,2
24,"cgfm_shared","rolling_one_step",10,1,2,6,5.61087437450424,NA,1.93890448926049,0.680364957624616,0.61407021766578,NA,NA,0.151418752417464,0.389125625495757,24,41,2
24,"cgfm_time_varying","rolling_one_step",10,1,2,6,6.88491148683225,NA,2.36687228919483,1.18448224131266,0.487247721842097,NA,NA,0.783068339527655,0.884911486832245,24,41,2
24,"cgfm_independent","rolling_one_step",11,1,1,1,3.98011466342459,NA,1.95821055573014,1.6049748708314,0.206808287235214,NA,NA,8.88108340715826,2.98011466342459,24,8,1
24,"cgfm_shared","rolling_one_step",11,1,1,1,5.87575047138555,NA,3.98353989769469,3.64658713971478,0.0140164153186423,NA,NA,23.7729426592164,4.87575047138555,24,8,1
24,"cgfm_time_varying","rolling_one_step",11,1,1,1,6.21106238742404,NA,3.18623534419452,3.63584941825839,0.0174708497292571,NA,NA,27.1551712056255,5.21106238742404,24,8,1
24,"cgfm_independent","rolling_one_step",11,1,2,13,5.63031159596226,NA,3.99759518688067,5.06552981510294,0.880218576550583,NA,NA,54.3123071726084,7.36968840403774,24,41,2
24,"cgfm_shared","rolling_one_step",11,1,2,13,4.92738366983898,NA,5.99364649075906,6.20255832208934,0.952365872263822,NA,NA,65.1671344139824,8.07261633016102,24,41,2
24,"cgfm_time_varying","rolling_one_step",11,1,2,13,5.32306376089532,NA,4.37312312292071,5.28805515493265,0.908684670772282,NA,NA,58.9353500192788,7.67693623910468,24,41,2
24,"cgfm_independent","rolling_one_step",12,1,1,4,3.72093511849959,NA,2.26100928503633,0.900445001908887,0.597844352629724,NA,NA,0.0778772080868369,0.279064881500408,24,8,1
24,"cgfm_shared","rolling_one_step",12,1,1,4,5.18088631324167,NA,1.84745162165638,0.830700984556758,0.36253685961626,NA,NA,1.39449248480151,1.18088631324167,24,8,1
24,"cgfm_time_varying","rolling_one_step",12,1,1,4,2.13137239744879,NA,2.50951159861123,1.32244393062197,0.778889209962033,NA,NA,3.49176911701628,1.86862760255121,24,8,1
24,"cgfm_independent","rolling_one_step",12,1,2,17,5.2636783416651,NA,5.06647047056048,8.76812312260185,0.940523133361305,NA,NA,137.741246067901,11.7363216583349,24,41,2
24,"cgfm_shared","rolling_one_step",12,1,2,17,5.09450882990875,NA,6.93267975958613,9.69191405221389,0.959415127064235,NA,NA,141.740720001121,11.9054911700913,24,41,2
24,"cgfm_time_varying","rolling_one_step",12,1,2,17,9.57332374046473,NA,3.8698316929607,4.7530001318639,0.878486253369589,NA,NA,55.1555202639448,7.42667625953527,24,41,2
25,"cgfm_independent","rolling_one_step",2,1,1,11,4.77416731529183,NA,3.82436592644977,4.26115696010652,0.889149064261529,NA,NA,38.7609926179805,6.22583268470817,25,22,1
25,"cgfm_shared","rolling_one_step",2,1,1,11,6.29341053631298,NA,3.39489634644546,3.05389886914216,0.884865420910281,NA,NA,22.1519843796896,4.70658946368702,25,22,1
25,"cgfm_time_varying","rolling_one_step",2,1,1,11,6.34653714533519,NA,3.30068558982401,2.92622062310921,0.841590614515784,NA,NA,21.6547165397451,4.65346285466481,25,22,1
25,"cgfm_independent","rolling_one_step",2,1,2,13,6.89155619577539,NA,3.67005607702265,4.0908347749927,0.841054954109463,NA,NA,37.31308570937,6.10844380422461,25,35,2
25,"cgfm_shared","rolling_one_step",2,1,2,13,5.79423583275088,NA,4.61019069692833,5.18406199171101,0.939442934503369,NA,NA,51.9230372340114,7.20576416724912,25,35,2
25,"cgfm_time_varying","rolling_one_step",2,1,2,13,5.85105961432374,NA,4.07478104586502,4.78614869826468,0.895832966388143,NA,NA,51.107348637953,7.14894038567626,25,35,2
25,"cgfm_independent","rolling_one_step",3,1,1,15,5.12092219881118,NA,4.69966745935105,7.20055044313688,0.930951590269781,NA,NA,97.5961782019418,9.87907780118882,25,22,1
25,"cgfm_shared","rolling_one_step",3,1,1,15,8.24210612133319,NA,4.12034869718835,4.64277706625954,0.927336248739932,NA,NA,45.6691296753223,6.75789387866681,25,22,1
25,"cgfm_time_varying","rolling_one_step",3,1,1,15,8.93071252035947,NA,3.55794085838003,3.79321945662678,0.844244334958629,NA,NA,36.8362505105213,6.06928747964053,25,22,1
25,"cgfm_independent","rolling_one_step",3,1,2,23,7.39197638034131,NA,5.32491934832297,11.7490936825716,0.945293166399109,NA,NA,243.610401311823,15.6080236196587,25,35,2
25,"cgfm_shared","rolling_one_step",3,1,2,23,8.62844425614666,NA,6.7626329127925,11.5179067509015,0.96413299348177,NA,NA,206.541614498684,14.3715557438533,25,35,2
25,"cgfm_time_varying","rolling_one_step",3,1,2,23,11.5101002425962,NA,4.59372861971324,7.76491209889903,0.911864744131743,NA,NA,132.017796435189,11.4898997574038,25,35,2
25,"cgfm_independent","rolling_one_step",4,1,1,16,5.57624692980168,NA,4.71828498586896,7.57987695943277,0.928377624623692,NA,NA,108.654628068469,10.4237530701983,25,22,1
25,"cgfm_shared","rolling_one_step",4,1,1,16,10.8453659893599,NA,3.32905929163749,3.2342364972415,0.861259278775432,NA,NA,26.5702517836481,5.15463401064014,25,22,1
25,"cgfm_time_varying","rolling_one_step",4,1,1,16,11.8901639703063,NA,3.14930731248769,2.60545743479561,0.725786471606014,NA,NA,16.8907521909684,4.10983602969369,25,22,1
25,"cgfm_independent","rolling_one_step",4,1,2,20,8.04896341462199,NA,4.60546733413382,8.45578390977539,0.917881364969248,NA,NA,142.827275465044,11.951036585378,25,35,2
25,"cgfm_shared","rolling_one_step",4,1,2,20,13.4455491414617,NA,3.6702453341125,4.24143760125936,0.89938371941129,NA,NA,42.9608260569933,6.55445085853829,25,35,2
25,"cgfm_time_varying","rolling_one_step",4,1,2,20,18.9866778456393,NA,3.05060273828579,2.01743253722697,0.587928354473844,NA,NA,1.02682178851828,1.01332215436073,25,35,2
25,"cgfm_independent","rolling_one_step",5,1,1,17,6.79283787057381,NA,4.45325539804792,7.20067425137929,0.906899852721312,NA,NA,104.186158736392,10.2071621294262,25,22,1
25,"cgfm_shared","rolling_one_step",5,1,1,17,14.1174618301332,NA,2.73229667773365,1.79990705405434,0.720274789189203,NA,NA,8.30902630073919,2.88253816986683,25,22,1
25,"cgfm_time_varying","rolling_one_step",5,1,1,17,14.2664917989136,NA,3.04493624985439,2.15719369626533,0.646270964591108,NA,NA,7.47206708540662,2.7335082010864,25,22,1
25,"cgfm_independent","rolling_one_step",5,1,2,21,9.80512849320912,NA,4.35887237834214,7.53928433442692,0.87487237218169,NA,NA,125.325148053558,11.1948715067909,25,35,2
25,"cgfm_shared","rolling_one_step",5,1,2,21,17.6223361521037,NA,2.86001484267675,2.09155123423534,0.728016476507625,NA,NA,11.4086130693855,3.37766384789628,25,35,2
25,"cgfm_time_varying","rolling_one_step",5,1,2,21,19.1399143241315,NA,3.19141235217184,2.46639364134734,0.601305276267018,NA,NA,3.45991872157135,1.86008567586855,25,35,2
25,"cgfm_independent","rolling_one_step",6,1,1,10,4.96729027584025,NA,3.50337994866696,3.37721944220076,0.855936337156659,NA,NA,25.3281671676521,5.03270972415975,25,22,1
25,"cgfm_shared","rolling_one_step",6,1,1,10,10.7701777559427,NA,2.21600223109381,0.953376316068717,0.403247703090945,NA,NA,0.593173775748918,0.77017775594269,25,22,1
25,"cgfm_time_varying","rolling_one_step",6,1,1,10,9.63996222538814,NA,2.56130119999544,1.27967795606035,0.54044959880708,NA,NA,0.129627199147457,0.360037774611856,25,22,1
25,"cgfm_independent","rolling_one_step",6,1,2,22,7.17027474845726,NA,5.24034266281658,11.104250759576,0.94133610299901,NA,NA,219.920751036244,14.8297252515427,25,35,2
25,"cgfm_shared","rolling_one_step",6,1,2,22,13.4323036021155,NA,4.49179751048537,6.01061755121457,0.946649886558241,NA,NA,73.4054215663222,8.56769639788445,25,35,2
25,"cgfm_time_varying","rolling_one_step",6,1,2,22,12.6933851542271,NA,4.09644661208636,5.9868387595961,0.890823240744778,NA,NA,86.61307988756,9.30661484577287,25,35,2
25,"cgfm_independent","rolling_one_step",7,1,1,19,3.9972695063415,NA,6.33858857269822,12.0814267710834,0.95866827314208,NA,NA,225.081922265351,15.0027304936585,25,22,1
25,"cgfm_shared","rolling_one_step",7,1,1,19,8.76613944107942,NA,6.00321130703746,7.82726582390532,0.959157575184252,NA,NA,104.73190193943,10.2338605589206,25,22,1
25,"cgfm_time_varying","rolling_one_step",7,1,1,19,6.36583407393789,NA,5.98785036358097,9.46356741187673,0.939737978441533,NA,NA,159.622148647269,12.6341659260621,25,22,1
25,"cgfm_independent","rolling_one_step",7,1,2,13,5.77016228382189,NA,3.95801118132682,4.94404781795113,0.878974832090866,NA,NA,52.2705534022715,7.22983771617811,25,35,2
25,"cgfm_shared","rolling_one_step",7,1,2,13,11.938977700164,NA,2.35299909732653,1.04947659622588,0.655818796963239,NA,NA,1.12576832074925,1.06102229983599,25,35,2
25,"cgfm_time_varying","rolling_one_step",7,1,2,13,13.4127886559033,NA,2.71460360437587,1.50780064716895,0.501226596167628,NA,NA,0.170394474442484,0.412788655903338,25,35,2
25,"cgfm_independent","rolling_one_step",8,1,1,14,3.60150347906408,NA,5.42807862967263,8.01499362530728,0.94771143409397,NA,NA,108.128729895916,10.3984965209359,25,22,1
25,"cgfm_shared","rolling_one_step",8,1,1,14,8.67391078095741,NA,3.58491798564789,3.49043451228881,0.913358618965078,NA,NA,28.3672263692017,5.32608921904259,25,22,1
25,"cgfm_time_varying","rolling_one_step",8,1,1,14,10.8770611648123,NA,2.91801159156698,2.04435250162164,0.744245692534394,NA,NA,9.75274696832357,3.12293883518771,25,22,1
25,"cgfm_independent","rolling_one_step",8,1,2,16,5.19886839443842,NA,4.90491596766709,7.98217390170979,0.936675813971913,NA,NA,116.664443960661,10.8011316055616,25,35,2
25,"cgfm_shared","rolling_one_step",8,1,2,16,10.7492036456437,NA,3.4140969605161,3.34595029844485,0.901715787329806,NA,NA,27.5708623549217,5.25079635435632,25,35,2
25,"cgfm_time_varying","rolling_one_step",8,1,2,16,9.11897725366693,NA,3.75029984182293,4.36505899546656,0.867005973940472,NA,NA,47.3484740355531,6.88102274633307,25,35,2
25,"cgfm_independent","rolling_one_step",9,1,1,13,3.73595127205498,NA,5.00496116583751,6.97180275788618,0.940642145176054,NA,NA,85.8225988337397,9.26404872794502,25,22,1
25,"cgfm_shared","rolling_one_step",9,1,1,13,9.20982611205876,NA,2.9361442824382,2.30435386927753,0.859628827256165,NA,NA,14.3654181008316,3.79017388794124,25,22,1
25,"cgfm_time_varying","rolling_one_step",9,1,1,13,9.26749508874924,NA,3.02464617370184,2.33091838723207,0.742632200329792,NA,NA,13.931592912511,3.73250491125076,25,22,1
25,"cgfm_independent","rolling_one_step",9,1,2,10,5.3929464899905,NA,3.3910214318837,3.08925938729629,0.837902229397494,NA,NA,21.2249420440908,4.6070535100095,25,35,2
25,"cgfm_shared","rolling_one_step",9,1,2,10,11.320691525274,NA,2.23749815513609,1.07424098759188,0.312991085176682,NA,NA,1.7442261049305,1.32069152527398,25,35,2
25,"cgfm_time_varying","rolling_one_step",9,1,2,10,11.8613053473637,NA,2.62082240601976,1.62215273699771,0.372920867876461,NA,NA,3.46445759612474,1.86130534736371,25,35,2
25,"cgfm_independent","rolling_one_step",10,1,1,16,4.31641721118585,NA,5.44555217051566,8.97462075942865,0.949630805438968,NA,NA,136.506106783074,11.6835827888142,25,22,1
25,"cgfm_shared","rolling_one_step",10,1,1,16,11.0687370265395,NA,3.28156810878049,3.08970520227926,0.8903781105102,NA,NA,24.3173545134224,4.93126297346049,25,22,1
25,"cgfm_time_varying","rolling_one_step",10,1,1,16,9.91462832937295,NA,3.53397602218599,3.77502925974154,0.850498220012972,NA,NA,37.0317483696702,6.08537167062705,25,22,1
25,"cgfm_independent","rolling_one_step",10,1,2,19,6.23084653460344,NA,5.0690879027712,9.48466295939455,0.938671098419572,NA,NA,163.051280222849,12.7691534653966,25,35,2
25,"cgfm_shared","rolling_one_step",10,1,2,19,13.0999828436806,NA,3.54106726753545,3.78664958033208,0.889188005034335,NA,NA,34.8102024448636,5.90001715631943,25,35,2
25,"cgfm_time_varying","rolling_one_step",10,1,2,19,9.35203650030496,NA,4.37976787453961,6.45849251474173,0.902300233233061,NA,NA,93.0831996914477,9.64796349969504,25,35,2
25,"cgfm_independent","rolling_one_step",11,1,1,7,3.90183139727067,NA,3.00757507621516,2.10611236331294,0.779547717377388,NA,NA,9.5986486909378,3.09816860272933,25,22,1
25,"cgfm_shared","rolling_one_step",11,1,1,7,10.5623653688608,NA,2.61542053962107,2.21964999377845,0.165258368134481,NA,NA,12.6904470212588,3.56236536886081,25,22,1
25,"cgfm_time_varying","rolling_one_step",11,1,1,7,9.7259385836966,NA,2.49266065130145,1.78858999137899,0.264566295229496,NA,NA,7.43074116208583,2.7259385836966,25,22,1
25,"cgfm_independent","rolling_one_step",11,1,2,8,5.63239679237709,NA,2.93076776265693,1.86611387865421,0.712955122547727,NA,NA,5.6055449487463,2.36760320762291,25,35,2
25,"cgfm_shared","rolling_one_step",11,1,2,8,12.5159153635758,NA,2.91297699059228,2.88568772927429,0.0866118326886274,NA,NA,20.3934915709802,4.51591536357583,25,35,2
25,"cgfm_time_varying","rolling_one_step",11,1,2,8,12.7109595867515,NA,2.82688684127188,2.86609880761972,0.225928628511809,NA,NA,22.193140228006,4.71095958675151,25,35,2
25,"cgfm_independent","rolling_one_step",12,1,1,11,3.66629978623553,NA,4.39736047786224,5.31613722901879,0.920174086596959,NA,NA,53.783158825369,7.33370021376447,25,22,1
25,"cgfm_shared","rolling_one_step",12,1,1,11,9.68973782675272,NA,2.28930075017011,1.02935700465009,0.602273171685609,NA,NA,1.71678696264269,1.31026217324728,25,22,1
25,"cgfm_time_varying","rolling_one_step",12,1,1,11,5.20833005473901,NA,3.78121280466768,3.82758922622576,0.886012648998866,NA,NA,33.5434407548394,5.79166994526099,25,22,1
25,"cgfm_independent","rolling_one_step",12,1,2,9,5.29240323589619,NA,3.18994778434334,2.530522621809,0.787723025578539,NA,NA,13.7462737651931,3.70759676410381,25,35,2
25,"cgfm_shared","rolling_one_step",12,1,2,9,11.4567706052929,NA,2.3690626610072,1.52895260040289,0.282735637858823,NA,NA,6.03572180703107,2.45677060529287,25,35,2
25,"cgfm_time_varying","rolling_one_step",12,1,2,9,6.60678098900476,NA,2.75746270623499,1.6881081299121,0.702080027961497,NA,NA,5.72749723458905,2.39321901099524,25,35,2
26,"cgfm_independent","rolling_one_step",2,1,1,10,4.95328926316422,NA,3.51152955700153,3.39590792544661,0.83309404663218,NA,NA,25.4692892612935,5.04671073683578,26,9,1
26,"cgfm_shared","rolling_one_step",2,1,1,10,4.49859573610545,NA,4.02442571078169,3.84108535882095,0.924216438719768,NA,NA,30.2654488747971,5.50140426389455,26,9,1
26,"cgfm_time_varying","rolling_one_step",2,1,1,10,4.47109093267037,NA,3.7753153910054,3.68950978593049,0.893798174387679,NA,NA,30.5688354747998,5.52890906732963,26,9,1
26,"cgfm_independent","rolling_one_step",2,1,2,0,7.11353322928051,NA,3.09410026674447,4.41401715751659,0.00666175847655678,NA,NA,50.602355004078,7.11353322928051,26,48,2
26,"cgfm_shared","rolling_one_step",2,1,2,0,2.3124058462516,NA,1.9637820004512,1.4848199419706,0.119534992858453,NA,NA,5.34722079777856,2.3124058462516,26,48,2
26,"cgfm_time_varying","rolling_one_step",2,1,2,0,2.41250265984267,NA,1.70103550103613,1.52961596002545,0.118589660922993,NA,NA,5.82016908374797,2.41250265984267,26,48,2
26,"cgfm_independent","rolling_one_step",3,1,1,9,5.47917417504395,NA,3.16814063435929,2.45228264472758,0.758211541742041,NA,NA,12.3962144896774,3.52082582495605,26,9,1
26,"cgfm_shared","rolling_one_step",3,1,1,9,6.80981873975375,NA,2.48883297424851,1.38397612401998,0.724717709366285,NA,NA,4.79689395273387,2.19018126024625,26,9,1
26,"cgfm_time_varying","rolling_one_step",3,1,1,9,8.83770186364602,NA,2.54488884310355,1.26571735615671,0.50023909370795,NA,NA,0.0263406850639741,0.162298136353977,26,9,1
26,"cgfm_independent","rolling_one_step",3,1,2,1,7.86843257554794,NA,2.78295426040786,3.9834349516483,0.0478412111707935,NA,NA,47.1753660448481,6.86843257554794,26,48,2
26,"cgfm_shared","rolling_one_step",3,1,2,1,1.7903549860459,NA,1.30793256431131,0.514175689166176,0.382761015329539,NA,NA,0.62466100396761,0.790354986045897,26,48,2
26,"cgfm_time_varying","rolling_one_step",3,1,2,1,2.6770139686373,NA,1.63669464752692,1.01794411632941,0.349468428052124,NA,NA,2.81237585100463,1.6770139686373,26,48,2
26,"cgfm_independent","rolling_one_step",4,1,1,8,5.87328602561341,NA,2.92361525880423,1.81576398535354,0.704599358565809,NA,NA,4.5229123288512,2.12671397438659,26,9,1
26,"cgfm_shared","rolling_one_step",4,1,1,8,7.97761680433113,NA,2.13840088360626,0.821650506015124,0.556817205792697,NA,NA,0.000501007448350724,0.0223831956688656,26,9,1
26,"cgfm_time_varying","rolling_one_step",4,1,1,8,8.24257077488993,NA,2.48763965474634,1.22584068674163,0.466237308127732,NA,NA,0.0588405808307031,0.242570774889934,26,9,1
26,"cgfm_independent","rolling_one_step",4,1,2,6,8.43441696518183,NA,2.67952833950609,1.7057757934634,0.40334188414632,NA,NA,5.92638596036509,2.43441696518183,26,48,2
26,"cgfm_shared","rolling_one_step",4,1,2,6,1.72431291560317,NA,4.37086636158826,3.19324271653397,0.932880836147144,NA,NA,18.2815000436779,4.27568708439683,26,48,2
26,"cgfm_time_varying","rolling_one_step",4,1,2,6,3.48458635512753,NA,2.81228192091376,1.74467027863394,0.781284903504235,NA,NA,6.32730580481061,2.51541364487247,26,48,2
26,"cgfm_independent","rolling_one_step",5,1,1,9,7.04856493149782,NA,2.99819766875722,1.911614943456,0.702478877330157,NA,NA,3.80809882658011,1.95143506850218,26,9,1
26,"cgfm_shared","rolling_one_step",5,1,1,9,9.33843055659817,NA,2.18878773438345,0.882768639281217,0.489901786850936,NA,NA,0.114535241639345,0.338430556598167,26,9,1
26,"cgfm_time_varying","rolling_one_step",5,1,1,9,8.58865093043501,NA,2.60875214164106,1.33417662162197,0.573469489501403,NA,NA,0.169208057031986,0.411349069564993,26,9,1
26,"cgfm_independent","rolling_one_step",5,1,2,11,10.1224399491538,NA,3.14841014560482,2.15033208853163,0.613410560471353,NA,NA,0.77011164284124,0.877560050846231,26,48,2
26,"cgfm_shared","rolling_one_step",5,1,2,11,3.10959979468441,NA,6.16583749575588,6.18753599408272,0.953053437945701,NA,NA,62.2584154000443,7.89040020531559,26,48,2
26,"cgfm_time_varying","rolling_one_step",5,1,2,11,8.06342435119913,NA,2.99514510045417,2.09373335159919,0.71482323597752,NA,NA,8.62347654113025,2.93657564880087,26,48,2
26,"cgfm_independent","rolling_one_step",6,1,1,4,5.2681141681435,NA,2.30311513588999,1.09204453293728,0.482779999257676,NA,NA,1.60811354344629,1.2681141681435,26,9,1
26,"cgfm_shared","rolling_one_step",6,1,1,4,6.97097548397727,NA,2.38863550849975,1.85500610399949,0.116669745226509,NA,NA,8.82669532639396,2.97097548397727,26,9,1
26,"cgfm_time_varying","rolling_one_step",6,1,1,4,6.22962932727956,NA,2.23513255971299,1.46141960322224,0.27874687088277,NA,NA,4.97124693706512,2.22962932727956,26,9,1
26,"cgfm_independent","rolling_one_step",6,1,2,5,7.56544598624768,NA,2.55340293982924,1.59940994097435,0.388042000569349,NA,NA,6.58151310835432,2.56544598624768,26,48,2
26,"cgfm_shared","rolling_one_step",6,1,2,5,3.54507947078588,NA,2.11549846253106,0.947700223981943,0.729540734117675,NA,NA,2.11679374632869,1.45492052921412,26,48,2
26,"cgfm_time_varying","rolling_one_step",6,1,2,5,8.03606942654195,NA,2.4597817305411,1.89560963008811,0.236146728723526,NA,NA,9.21771756278275,3.03606942654195,26,48,2
26,"cgfm_independent","rolling_one_step",7,1,1,2,4.36642211670068,NA,2.02194742895437,1.27284513396576,0.220947757148588,NA,NA,5.59995363441012,2.36642211670068,26,9,1
26,"cgfm_shared","rolling_one_step",7,1,1,2,5.52528237037931,NA,2.75134567622022,2.38585584632124,0.0954097607559078,NA,NA,12.4276157909072,3.52528237037931,26,9,1
26,"cgfm_time_varying","rolling_one_step",7,1,1,2,3.73122652377187,NA,1.88455533205591,1.12495844024086,0.22777215586348,NA,NA,2.99714527661124,1.73122652377187,26,9,1
26,"cgfm_independent","rolling_one_step",7,1,2,4,6.2708580622379,NA,2.38172534845756,1.39244699811697,0.381111508279722,NA,NA,5.15679633883087,2.2708580622379,26,48,2
26,"cgfm_shared","rolling_one_step",7,1,2,4,3.1349141336782,NA,1.85061356876938,0.67814825419332,0.70964281088731,NA,NA,0.748373556109733,0.865085866321797,26,48,2
26,"cgfm_time_varying","rolling_one_step",7,1,2,4,4.86383951007072,NA,2.12964940928324,0.991918521288756,0.488096373739474,NA,NA,0.746218699159213,0.863839510070715,26,48,2
26,"cgfm_independent","rolling_one_step",8,1,1,6,3.88179270673438,NA,2.74458404798492,1.57701738461285,0.712767876056799,NA,NA,4.48680213724365,2.11820729326562,26,9,1
26,"cgfm_shared","rolling_one_step",8,1,1,6,4.59255691390159,NA,2.11312804552224,0.931514218334615,0.665765549602981,NA,NA,1.98089604060623,1.40744308609841,26,9,1
26,"cgfm_time_varying","rolling_one_step",8,1,1,6,2.66565151564347,NA,3.14179908026414,2.23902822369107,0.832703416137004,NA,NA,11.1178798151307,3.33434848435653,26,9,1
26,"cgfm_independent","rolling_one_step",8,1,2,3,5.57488130177514,NA,2.24422823944276,1.42068278879387,0.301028591462648,NA,NA,6.63001371823126,2.57488130177514,26,48,2
26,"cgfm_shared","rolling_one_step",8,1,2,3,2.85524240168859,NA,1.59851766095081,0.489900639619851,0.626633170379703,NA,NA,0.0209547622688864,0.144757598311406,26,48,2
26,"cgfm_time_varying","rolling_one_step",8,1,2,3,4.28939796980461,NA,2.00697816176645,1.01764387575293,0.361981598143349,NA,NA,1.66254712453625,1.28939796980461,26,48,2
26,"cgfm_independent","rolling_one_step",9,1,1,1,4.02049292887468,NA,1.97014969137742,1.63065368895181,0.178252307372982,NA,NA,9.12337753338195,3.02049292887468,26,9,1
26,"cgfm_shared","rolling_one_step",9,1,1,1,4.75088070202346,NA,3.12615261006301,2.67431468905194,0.0289341045830396,NA,NA,14.069106040812,3.75088070202346,26,9,1
26,"cgfm_time_varying","rolling_one_step",9,1,1,1,5.19930851606724,NA,2.66702207027837,2.80336303936239,0.0546319221406598,NA,NA,17.6341920131148,4.19930851606724,26,9,1
26,"cgfm_independent","rolling_one_step",9,1,2,2,5.77407290253655,NA,2.26280960665022,1.98746474427602,0.175025793477419,NA,NA,14.2436262736607,3.77407290253655,26,48,2
26,"cgfm_shared","rolling_one_step",9,1,2,2,2.89533516447988,NA,1.53422622398112,0.62394253106079,0.308583333924372,NA,NA,0.801625056754213,0.89533516447988,26,48,2
26,"cgfm_time_varying","rolling_one_step",9,1,2,2,4.08272383685396,NA,1.9737751937992,1.29725813773371,0.303164213504274,NA,NA,4.33773858059967,2.08272383685396,26,48,2
26,"cgfm_independent","rolling_one_step",10,1,1,8,4.63446630945619,NA,3.10526724043828,2.31090712187216,0.793249545308314,NA,NA,11.3268170221854,3.36553369054381,26,9,1
26,"cgfm_shared","rolling_one_step",10,1,1,8,5.22959885168626,NA,2.64997308855686,1.69717167505074,0.837966818637039,NA,NA,7.67512252257807,2.77040114831374,26,9,1
26,"cgfm_time_varying","rolling_one_step",10,1,1,8,2.66104144329082,NA,4.06954354095833,3.77004159709479,0.907435391233035,NA,NA,28.5044784702581,5.33895855670918,26,9,1
26,"cgfm_independent","rolling_one_step",10,1,2,3,6.65576672304557,NA,2.37981126471312,1.91145108799622,0.218053651154572,NA,NA,13.3646303333274,3.65576672304557,26,48,2
26,"cgfm_shared","rolling_one_step",10,1,2,3,3.30611897237571,NA,1.60283424803721,0.521547326580312,0.52265069200032,NA,NA,0.0937088252483598,0.306118972375709,26,48,2
26,"cgfm_time_varying","rolling_one_step",10,1,2,3,3.91634462340355,NA,2.01244593131621,0.923238695240849,0.46212657972299,NA,NA,0.839687468840586,0.916344623403546,26,48,2
26,"cgfm_independent","rolling_one_step",11,1,1,5,3.95441546742349,NA,2.47894692560749,1.14008347533948,0.662895969892052,NA,NA,1.09324701476324,1.04558453257651,26,9,1
26,"cgfm_shared","rolling_one_step",11,1,1,5,4.73746873319369,NA,1.83568017928737,0.614443280883939,0.587063135763415,NA,NA,0.0689226660509266,0.262531266806311,26,9,1
26,"cgfm_time_varying","rolling_one_step",11,1,1,5,5.64797274422719,NA,2.16527346859817,0.982361609449417,0.401468982205567,NA,NA,0.419868677261319,0.647972744227193,26,9,1
26,"cgfm_independent","rolling_one_step",11,1,2,7,5.67917732233883,NA,2.76122526538637,1.49289279696539,0.646611841758381,NA,NA,1.74457254582403,1.32082267766117,26,48,2
26,"cgfm_shared","rolling_one_step",11,1,2,7,2.85155551847897,NA,3.93804555913857,2.94659049005236,0.930703409779874,NA,NA,17.2095916162623,4.14844448152103,26,48,2
26,"cgfm_time_varying","rolling_one_step",11,1,2,7,3.6505290754107,NA,3.04215828734678,2.19528201977,0.811912221912735,NA,NA,11.2189554746691,3.3494709245893,26,48,2
26,"cgfm_independent","rolling_one_step",12,1,1,5,3.84704108438703,NA,2.48919581786375,1.16085755961618,0.709511509584081,NA,NA,1.32931426109143,1.15295891561297,26,9,1
26,"cgfm_shared","rolling_one_step",12,1,1,5,4.61737727250998,NA,1.84111873355881,0.621226563020463,0.630915481442243,NA,NA,0.146400151591905,0.382622727490024,26,9,1
26,"cgfm_time_varying","rolling_one_step",12,1,1,5,4.40376455997506,NA,2.22088059532139,0.947060414378562,0.642163683927553,NA,NA,0.355496699941736,0.596235440024942,26,9,1
26,"cgfm_independent","rolling_one_step",12,1,2,2,5.52497313739748,NA,2.22063688407962,1.85401894674102,0.172414423551356,NA,NA,12.4254356193738,3.52497313739748,26,48,2
26,"cgfm_shared","rolling_one_step",12,1,2,2,3.03632358111769,NA,1.57284542737069,0.685472434807504,0.25550147648533,NA,NA,1.07396656478058,1.03632358111769,26,48,2
26,"cgfm_time_varying","rolling_one_step",12,1,2,2,6.31570922999704,NA,2.60361400308479,2.75574407628211,0.079559983006475,NA,NA,18.6253461578816,4.31570922999704,26,48,2
27,"cgfm_independent","rolling_one_step",2,1,1,14,4.87026312975545,NA,4.56165256933517,6.60373526908627,0.925065360381926,NA,NA,83.3520953199028,9.12973687024455,27,12,1
27,"cgfm_shared","rolling_one_step",2,1,1,14,5.64545863535419,NA,5.25858282618454,6.23385689731696,0.948277670540074,NA,NA,69.7983614135778,8.35454136464581,27,12,1
27,"cgfm_time_varying","rolling_one_step",2,1,1,14,5.63702548551351,NA,4.68439946660954,5.86863455515477,0.920255419503644,NA,NA,69.9393427299505,8.36297451448649,27,12,1
27,"cgfm_independent","rolling_one_step",2,1,2,2,6.99229187102159,NA,2.46845057184718,2.68059779857788,0.121356348123556,NA,NA,24.9229781254683,4.99229187102159,27,61,2
27,"cgfm_shared","rolling_one_step",2,1,2,2,3.18919730448967,NA,1.67089779180194,0.759217182616791,0.268855015369951,NA,NA,1.41419022900551,1.18919730448967,27,61,2
27,"cgfm_time_varying","rolling_one_step",2,1,2,2,3.24810295437515,NA,1.8148383874906,0.913172340750481,0.423843608259383,NA,NA,1.55776098471998,1.24810295437515,27,61,2
27,"cgfm_independent","rolling_one_step",3,1,1,2,5.54013537895267,NA,2.22458957631539,1.86884379815073,0.209304430694064,NA,NA,12.5325585013124,3.54013537895267,27,12,1
27,"cgfm_shared","rolling_one_step",3,1,1,2,9.19073553009703,NA,4.69275830139511,5.41088209963539,0.00528909852616584,NA,NA,51.7066774637998,7.19073553009703,27,12,1
27,"cgfm_time_varying","rolling_one_step",3,1,1,2,11.7214112951969,NA,4.62811725360501,7.14563226707858,0.0128615995532194,NA,NA,94.5058375703821,9.72141129519691,27,12,1
27,"cgfm_independent","rolling_one_step",3,1,2,5,7.95365804317951,NA,2.57581661787785,1.73692533859591,0.399006368006226,NA,NA,8.72409583603899,2.95365804317951,27,61,2
27,"cgfm_shared","rolling_one_step",3,1,2,5,3.23865670311546,NA,2.3007022688986,1.13850837829841,0.729702866587156,NA,NA,3.10233020948011,1.76134329688454,27,61,2
27,"cgfm_time_varying","rolling_one_step",3,1,2,5,4.22668102583946,NA,2.36869436123486,1.07459073459703,0.596102629752769,NA,NA,0.598022235796704,0.773318974160536,27,61,2
27,"cgfm_independent","rolling_one_step",4,1,1,2,5.93131482589729,NA,2.29182034544976,2.08124961540599,0.19027313260133,NA,NA,15.4552362603198,3.93131482589729,27,12,1
27,"cgfm_shared","rolling_one_step",4,1,1,2,8.06228943004221,NA,4.10617304004051,4.46014476625581,0.0196752863431418,NA,NA,36.7513531336015,6.06228943004221,27,12,1
27,"cgfm_time_varying","rolling_one_step",4,1,1,2,3.59071263074306,NA,1.87650670099566,1.05622609547114,0.37407106633601,NA,NA,2.5303666736055,1.59071263074306,27,12,1
27,"cgfm_independent","rolling_one_step",4,1,2,9,8.51527423693929,NA,2.94353658760087,1.74457144850945,0.599899139640468,NA,NA,0.234959065374788,0.484725763060711,27,61,2
27,"cgfm_shared","rolling_one_step",4,1,2,9,4.0132602499368,NA,3.93887572641682,3.48117639786052,0.92369879284343,NA,NA,24.8675733348604,4.9867397500632,27,61,2
27,"cgfm_time_varying","rolling_one_step",4,1,2,9,6.40605237277045,NA,2.85884255602159,1.84182837482511,0.733997419780975,NA,NA,6.72856429280982,2.59394762722955,27,61,2
27,"cgfm_independent","rolling_one_step",5,1,1,4,7.21730770302187,NA,2.46467015408599,1.75509667612541,0.346462896395004,NA,NA,10.3510688559239,3.21730770302187,27,12,1
27,"cgfm_shared","rolling_one_step",5,1,1,4,8.07657625779641,NA,2.78782072782036,2.64487739847185,0.0870262028899341,NA,NA,16.6184739856294,4.07657625779641,27,12,1
27,"cgfm_time_varying","rolling_one_step",5,1,1,4,4.17062156851041,NA,2.16790881871438,0.920908645147701,0.529846622644375,NA,NA,0.0291117196409522,0.170621568510409,27,12,1
27,"cgfm_independent","rolling_one_step",5,1,2,3,10.3617823822203,NA,2.85770840971796,4.10225753395105,0.143647638709287,NA,NA,54.1958398431692,7.3617823822203,27,61,2
27,"cgfm_shared","rolling_one_step",5,1,2,3,6.08174283953477,NA,2.39951256575147,1.9343322282999,0.156818387505182,NA,NA,9.49713892902385,3.08174283953477,27,61,2
27,"cgfm_time_varying","rolling_one_step",5,1,2,3,10.7086849136083,NA,3.3708506271656,5.06870599299128,0.0742213996972171,NA,NA,59.4238230972915,7.70868491360826,27,61,2
27,"cgfm_independent","rolling_one_step",6,1,1,2,5.3106555550605,NA,2.18475532238194,1.74705689959334,0.264545650382435,NA,NA,10.960440204253,3.3106555550605,27,12,1
27,"cgfm_shared","rolling_one_step",6,1,1,2,5.36991923566246,NA,2.63405428534757,2.24427649031682,0.0391469627169011,NA,NA,11.3563556548879,3.36991923566246,27,12,1
27,"cgfm_time_varying","rolling_one_step",6,1,1,2,3.73832444652077,NA,1.89009653889075,1.12785600614495,0.258462396759047,NA,NA,3.02177188137175,1.73832444652077,27,12,1
27,"cgfm_independent","rolling_one_step",6,1,2,4,7.62432304078056,NA,2.50531358971567,1.92978495681457,0.280703805385741,NA,NA,13.1357175039328,3.62432304078056,27,61,2
27,"cgfm_shared","rolling_one_step",6,1,2,4,4.02564390774403,NA,1.75799782240392,0.575348925378462,0.570418993093413,NA,NA,0.000657610004384266,0.0256439077440289,27,61,2
27,"cgfm_time_varying","rolling_one_step",6,1,2,4,3.78189941616202,NA,2.15926745836597,0.892341731794368,0.569991477622575,NA,NA,0.0475678646704698,0.218100583837985,27,61,2
27,"cgfm_independent","rolling_one_step",7,1,1,8,4.3009162143575,NA,3.18162939088732,2.4953872496347,0.81974661988939,NA,NA,13.6832208532033,3.6990837856425,27,12,1
27,"cgfm_shared","rolling_one_step",7,1,1,8,4.06056646694762,NA,3.40240737105187,2.63712076029423,0.898576183975043,NA,NA,15.5191365613375,3.93943353305238,27,12,1
27,"cgfm_time_varying","rolling_one_step",7,1,1,8,2.66639634937286,NA,4.12639919853068,3.77566932142035,0.907314650728847,NA,NA,28.4473279019831,5.33360365062714,27,12,1
27,"cgfm_independent","rolling_one_step",7,1,2,2,6.17496480925022,NA,2.33317592156853,2.21619263967121,0.150890165727502,NA,NA,17.4303311584777,4.17496480925022,27,61,2
27,"cgfm_shared","rolling_one_step",7,1,2,2,3.30955538486293,NA,1.66951309791408,0.82067419576348,0.330580358205488,NA,NA,1.71493530602351,1.30955538486293,27,61,2
27,"cgfm_time_varying","rolling_one_step",7,1,2,2,4.23193897282697,NA,2.00604533358019,1.38142985731501,0.26900236200643,NA,NA,4.98155157842393,2.23193897282697,27,61,2
27,"cgfm_independent","rolling_one_step",8,1,1,5,3.93233508667501,NA,2.4720850840222,1.13618090311189,0.668895591455888,NA,NA,1.13990836714527,1.06766491332499,27,12,1
27,"cgfm_shared","rolling_one_step",8,1,1,5,4.03286490163992,NA,1.94280763589429,0.743280639319887,0.66741915263037,NA,NA,0.935350298479955,0.967135098360076,27,12,1
27,"cgfm_time_varying","rolling_one_step",8,1,1,5,5.87515400528521,NA,2.17154290291736,1.02653319127621,0.39431739299224,NA,NA,0.765894532966745,0.87515400528521,27,12,1
27,"cgfm_independent","rolling_one_step",8,1,2,0,5.6457960598657,NA,2.77445266613884,3.48732303335561,0.0261470521139641,NA,NA,31.8750131495951,5.6457960598657,27,61,2
27,"cgfm_shared","rolling_one_step",8,1,2,0,2.8895237922037,NA,2.81065017311129,2.06520331722779,0.0442723189306668,NA,NA,8.34934774571126,2.8895237922037,27,61,2
27,"cgfm_time_varying","rolling_one_step",8,1,2,0,3.218832791255,NA,2.18953554613484,2.12971210028755,0.0683825324540461,NA,NA,10.3608845380585,3.218832791255,27,61,2
27,"cgfm_independent","rolling_one_step",9,1,1,1,4.04387636857063,NA,1.98116718910273,1.65096974342698,0.149947732295918,NA,NA,9.26518334714271,3.04387636857063,27,12,1
27,"cgfm_shared","rolling_one_step",9,1,1,1,4.12380172149015,NA,2.67231295443401,2.15036653331461,0.0817886370577239,NA,NA,9.75813719518482,3.12380172149015,27,12,1
27,"cgfm_time_varying","rolling_one_step",9,1,1,1,4.61639746364806,NA,2.41440591958357,2.36117417309337,0.0496643821571051,NA,NA,13.0783306150801,3.61639746364806,27,12,1
27,"cgfm_independent","rolling_one_step",9,1,2,0,5.80593686300904,NA,2.81649814454044,3.59098259132346,0.0221219863215174,NA,NA,33.7089028572472,5.80593686300904,27,61,2
27,"cgfm_shared","rolling_one_step",9,1,2,0,2.66042648328565,NA,2.60269171388009,1.8779730939173,0.0286146893121272,NA,NA,7.07786907296766,2.66042648328565,27,61,2
27,"cgfm_time_varying","rolling_one_step",9,1,2,0,2.17654671721367,NA,1.56114009620431,1.36104441001807,0.14199182110811,NA,NA,4.73735561221362,2.17654671721367,27,61,2
27,"cgfm_independent","rolling_one_step",10,1,1,1,4.77522871019792,NA,2.16116249737166,2.08296243808648,0.151494480308624,NA,NA,14.2523518143026,3.77522871019792,27,12,1
27,"cgfm_shared","rolling_one_step",10,1,1,1,4.6466560951001,NA,3.03982270922746,2.58235909361199,0.0407684917402149,NA,NA,13.2981006759307,3.6466560951001,27,12,1
27,"cgfm_time_varying","rolling_one_step",10,1,1,1,2.73698528049243,NA,1.66250405568972,1.06818486126426,0.203815272033684,NA,NA,3.01711786464737,1.73698528049243,27,12,1
27,"cgfm_independent","rolling_one_step",10,1,2,0,6.85587697344603,NA,3.07201981769412,4.2698484433205,0.00383583641167644,NA,NA,47.0030490750275,6.85587697344603,27,61,2
27,"cgfm_shared","rolling_one_step",10,1,2,0,2.93479820646352,NA,2.85151000818842,2.10235027249196,0.0251673466882153,NA,NA,8.61304051266148,2.93479820646352,27,61,2
27,"cgfm_time_varying","rolling_one_step",10,1,2,0,2.54619210803666,NA,1.73315079786381,1.60078841033811,0.0283866729317485,NA,NA,6.48309425102818,2.54619210803666,27,61,2
27,"cgfm_independent","rolling_one_step",11,1,1,5,4.00178510846504,NA,2.46592903506045,1.12376537097605,0.637513092940874,NA,NA,0.996432969682142,0.998214891534955,27,12,1
27,"cgfm_shared","rolling_one_step",11,1,1,5,3.72414215207888,NA,2.02031572026563,0.850815068881869,0.667382785913784,NA,NA,1.6278132481019,1.27585784792112,27,12,1
27,"cgfm_time_varying","rolling_one_step",11,1,1,5,2.12050450598131,NA,3.01819120684868,1.96994993283125,0.867483550646959,NA,NA,8.29149430007396,2.87949549401869,27,12,1
27,"cgfm_independent","rolling_one_step",11,1,2,3,5.7455062157995,NA,2.26124912150615,1.4946161802811,0.338548854595162,NA,NA,7.53780438099369,2.7455062157995,27,61,2
27,"cgfm_shared","rolling_one_step",11,1,2,3,2.30354507941231,NA,1.68376541207779,0.573080428092375,0.684972794881507,NA,NA,0.485049456410808,0.696454920587692,27,61,2
27,"cgfm_time_varying","rolling_one_step",11,1,2,3,1.99070285517817,NA,2.14197643491804,0.909201216478362,0.741657675410326,NA,NA,1.0186807265455,1.00929714482183,27,61,2
27,"cgfm_independent","rolling_one_step",12,1,1,10,3.75070364879647,NA,4.00458330385517,4.39920451077309,0.911636250915481,NA,NA,39.0537048851658,6.24929635120353,27,12,1
27,"cgfm_shared","rolling_one_step",12,1,1,10,3.56657636424373,NA,5.50602075323241,4.88222348515734,0.947499739623153,NA,NA,41.3889396771075,6.43342363575627,27,12,1
27,"cgfm_time_varying","rolling_one_step",12,1,1,10,4.25523330473635,NA,3.92117049877692,3.89036488621722,0.90199368486132,NA,NA,33.0023443830105,5.74476669526365,27,12,1
27,"cgfm_independent","rolling_one_step",12,1,2,4,5.38502410057424,NA,2.30311181367991,1.11636358838906,0.448349797480633,NA,NA,1.91829175917148,1.38502410057424,27,61,2
27,"cgfm_shared","rolling_one_step",12,1,2,4,2.20126126983441,NA,2.28452559386194,1.14712208306611,0.8254761954603,NA,NA,3.23546101939772,1.79873873016559,27,61,2
27,"cgfm_time_varying","rolling_one_step",12,1,2,4,3.76490211322869,NA,2.12387882052868,0.866714422365631,0.508559676709825,NA,NA,0.0552710163643335,0.235097886771305,27,61,2
28,"cgfm_independent","rolling_one_step",2,1,1,7,5.11673873851256,NA,2.79226148413207,1.60025110182448,0.694120362959519,NA,NA,3.54667297901926,1.88326126148744,28,17,1
28,"cgfm_shared","rolling_one_step",2,1,1,7,3.369714032133,NA,3.22378028867629,2.41310893942487,0.883935584996215,NA,NA,13.178976208492,3.630285967867,28,17,1
28,"cgfm_time_varying","rolling_one_step",2,1,1,7,3.30057065112227,NA,3.20787011791206,2.44155552953356,0.830436928730216,NA,NA,13.6857775073379,3.69942934887773,28,17,1
28,"cgfm_independent","rolling_one_step",2,1,2,5,6.88110967167438,NA,2.49456614173344,1.38116914984025,0.438592398898659,NA,NA,3.5385735968669,1.88110967167438,28,49,2
28,"cgfm_shared","rolling_one_step",2,1,2,5,6.76028959986299,NA,2.11395639232602,1.13700942313044,0.270943010323259,NA,NA,3.0986194753858,1.76028959986299,28,49,2
28,"cgfm_time_varying","rolling_one_step",2,1,2,5,6.75736434227293,NA,2.28494403668642,1.32195465229231,0.333613240605906,NA,NA,3.08832943149237,1.75736434227293,28,49,2
28,"cgfm_independent","rolling_one_step",3,1,1,2,5.71203357299264,NA,2.25549652170145,1.96605367382719,0.172703448625339,NA,NA,13.7791932470245,3.71203357299264,28,17,1
28,"cgfm_shared","rolling_one_step",3,1,1,2,4.96830756163163,NA,2.33849719407066,1.87531440049623,0.115184598566092,NA,NA,8.81084978043953,2.96830756163163,28,17,1
28,"cgfm_time_varying","rolling_one_step",3,1,1,2,6.98071581552241,NA,2.81608061778134,3.24547153574171,0.0862773727491387,NA,NA,24.8075300349951,4.98071581552241,28,17,1
28,"cgfm_independent","rolling_one_step",3,1,2,8,7.68140650634427,NA,2.82720898469445,1.55146259507956,0.59123559755868,NA,NA,0.101501814199763,0.318593493655729,28,49,2
28,"cgfm_shared","rolling_one_step",3,1,2,8,7.00876341091562,NA,2.23539942191781,0.940464066012695,0.584017358906395,NA,NA,0.982549975539636,0.99123658908438,28,49,2
28,"cgfm_time_varying","rolling_one_step",3,1,2,8,6.31900246942243,NA,2.66709104460737,1.46814338640116,0.638154297529858,NA,NA,2.82575269780788,1.68099753057757,28,49,2
28,"cgfm_independent","rolling_one_step",4,1,1,0,6.01883755037013,NA,2.89011872414051,3.73977538725902,0.0288597941103512,NA,NA,36.2264054577455,6.01883755037013,28,17,1
28,"cgfm_shared","rolling_one_step",4,1,1,0,4.5111430920721,NA,4.01606677384538,3.36202689538258,0.00645459264209959,NA,NA,20.3504119971498,4.5111430920721,28,17,1
28,"cgfm_time_varying","rolling_one_step",4,1,1,0,3.60195595209769,NA,2.37392767095227,2.40313568678845,0.0419281708679207,NA,NA,12.974086680852,3.60195595209769,28,17,1
28,"cgfm_independent","rolling_one_step",4,1,2,24,8.09392015783602,NA,5.22957796423711,11.8195688818873,0.942404193620827,NA,NA,253.003375945295,15.906079842164,28,49,2
28,"cgfm_shared","rolling_one_step",4,1,2,24,7.72059159686179,NA,6.94182854340997,13.3921332838974,0.965331993612138,NA,NA,265.019137956167,16.2794084031382,28,49,2
28,"cgfm_time_varying","rolling_one_step",4,1,2,24,8.34137024288223,NA,5.94505259697536,11.6842054840713,0.942169276660234,NA,NA,245.192685870494,15.6586297571178,28,49,2
28,"cgfm_independent","rolling_one_step",5,1,1,0,7.48906657864203,NA,3.23431159573812,4.69275064251853,0.0217817592718783,NA,NA,56.086118219333,7.48906657864203,28,17,1
28,"cgfm_shared","rolling_one_step",5,1,1,0,4.38426045325083,NA,3.92007421605069,3.25729094056017,0.0037951396409775,NA,NA,19.2217397219392,4.38426045325083,28,17,1
28,"cgfm_time_varying","rolling_one_step",5,1,1,0,2.76108985822282,NA,1.83738814021987,1.74571797326054,0.154940150285816,NA,NA,7.62361720518089,2.76108985822282,28,17,1
28,"cgfm_independent","rolling_one_step",5,1,2,7,10.0713079979149,NA,2.8223472382888,2.07880674631726,0.37498039306183,NA,NA,9.43293281805585,3.07130799791487,28,49,2
28,"cgfm_shared","rolling_one_step",5,1,2,7,13.7137666417901,NA,3.64239457985297,4.60957770899733,0.0590321424250757,NA,NA,45.0746625204136,6.71376664179011,28,49,2
28,"cgfm_time_varying","rolling_one_step",5,1,2,7,23.2678463393175,NA,5.14426884546105,12.2149490200014,0.0179049599834098,NA,NA,264.642824519647,16.2678463393175,28,49,2
28,"cgfm_independent","rolling_one_step",6,1,1,3,5.34609837415713,NA,2.20877893636432,1.32641264054047,0.334331698308768,NA,NA,5.50417758122273,2.34609837415713,28,17,1
28,"cgfm_shared","rolling_one_step",6,1,1,3,2.50786893854432,NA,1.66976453130523,0.539816484382551,0.580358953211312,NA,NA,0.242192981649491,0.492131061455676,28,17,1
28,"cgfm_time_varying","rolling_one_step",6,1,1,3,1.79971349180053,NA,2.19536149914098,0.97148356726726,0.715341914752627,NA,NA,1.44068770176568,1.20028650819947,28,17,1
28,"cgfm_independent","rolling_one_step",6,1,2,16,7.18949117470159,NA,4.14694549732209,6.04291966588659,0.878820193285308,NA,NA,77.6250657606611,8.81050882529841,28,49,2
28,"cgfm_shared","rolling_one_step",6,1,2,16,8.82575596568469,NA,4.38986513673841,5.0309296126622,0.935934596730418,NA,NA,51.4697774639089,7.17424403431531,28,49,2
28,"cgfm_time_varying","rolling_one_step",6,1,2,16,5.65173031441542,NA,5.18194133707744,7.47444273403239,0.928424377595642,NA,NA,107.086685485589,10.3482696855846,28,49,2
28,"cgfm_independent","rolling_one_step",7,1,1,0,4.41194811428816,NA,2.4311498457387,2.69569518766753,0.0672727947295082,NA,NA,19.4652861631709,4.41194811428816,28,17,1
28,"cgfm_shared","rolling_one_step",7,1,1,0,2.13839356605201,NA,2.0850206681697,1.44482446282098,0.00140056789757861,NA,NA,4.57272704333262,2.13839356605201,28,17,1
28,"cgfm_time_varying","rolling_one_step",7,1,1,0,3.23978733781012,NA,2.30498874835938,2.18948655960687,0.0605104678738279,NA,NA,10.4962219942348,3.23978733781012,28,17,1
28,"cgfm_independent","rolling_one_step",7,1,2,17,5.93335786272923,NA,4.77623171609369,8.06137032600476,0.931717658689048,NA,NA,122.470568194417,11.0666421372708,28,49,2
28,"cgfm_shared","rolling_one_step",7,1,2,17,8.11622594365639,NA,5.4753174492427,6.63758319290224,0.953774171624952,NA,NA,78.9214414841637,8.88377405634361,28,49,2
28,"cgfm_time_varying","rolling_one_step",7,1,2,17,10.7426109286079,NA,3.54560352333199,3.86613258221358,0.836088115879884,NA,NA,39.1549179907773,6.2573890713921,28,49,2
28,"cgfm_independent","rolling_one_step",8,1,1,1,4.12247826837741,NA,2.00448111002413,1.70099229600804,0.146318384116283,NA,NA,9.74987053648917,3.12247826837741,28,17,1
28,"cgfm_shared","rolling_one_step",8,1,1,1,1.80705697024272,NA,1.28040199561068,0.521450452000575,0.208002452853129,NA,NA,0.651340953217365,0.807056970242724,28,17,1
28,"cgfm_time_varying","rolling_one_step",8,1,1,1,1.75203748491752,NA,1.39329325563319,0.60956267616556,0.262845186937521,NA,NA,0.565560378721067,0.752037484917518,28,17,1
28,"cgfm_independent","rolling_one_step",8,1,2,2,5.54407404357937,NA,2.22619774588934,1.87510111940918,0.166928740946375,NA,NA,12.560460826373,3.54407404357937,28,49,2
28,"cgfm_shared","rolling_one_step",8,1,2,2,8.38475200497756,NA,4.59083841243086,4.85291275000401,0.0136265451189447,NA,NA,40.765058165065,6.38475200497756,28,49,2
28,"cgfm_time_varying","rolling_one_step",8,1,2,2,12.0293795134186,NA,4.83593527000352,7.45615127844578,0.00576054164500829,NA,NA,100.58845342418,10.0293795134186,28,49,2
28,"cgfm_independent","rolling_one_step",9,1,1,1,3.9980169082341,NA,1.97258677186587,1.62848672777964,0.215965434831809,NA,NA,8.98810538205752,2.9980169082341,28,17,1
28,"cgfm_shared","rolling_one_step",9,1,1,1,1.65144189908043,NA,1.21948552553227,0.453054907610934,0.29391793022521,NA,NA,0.424376547877521,0.651441899080433,28,17,1
28,"cgfm_time_varying","rolling_one_step",9,1,1,1,2.28297564100297,NA,1.52529898021018,0.836490912574726,0.296598667872111,NA,NA,1.64602649540698,1.28297564100297,28,17,1
28,"cgfm_independent","rolling_one_step",9,1,2,15,5.37669478120654,NA,4.57151940860047,6.93277695653273,0.925543988297123,NA,NA,92.6080033340575,9.62330521879347,28,49,2
28,"cgfm_shared","rolling_one_step",9,1,2,15,7.44811450997142,NA,4.94565779957068,5.50094750013638,0.950831359747206,NA,NA,57.0309744545042,7.55188549002858,28,49,2
28,"cgfm_time_varying","rolling_one_step",9,1,2,15,3.24333405780233,NA,6.38937160930636,9.13454332103795,0.938583936846217,NA,NA,138.219194076431,11.7566659421977,28,49,2
28,"cgfm_independent","rolling_one_step",10,1,1,3,4.61237990391363,NA,2.1229085257467,1.0525809889156,0.371870908889756,NA,NA,2.59976895454453,1.61237990391363,28,17,1
28,"cgfm_shared","rolling_one_step",10,1,1,3,1.86672061213464,NA,1.87617910422472,0.755231004767977,0.73368737204895,NA,NA,1.28432217096049,1.13327938786536,28,17,1
28,"cgfm_time_varying","rolling_one_step",10,1,1,3,2.673622351057,NA,1.98347257114547,0.765170688664722,0.534096296528444,NA,NA,0.106522369729563,0.326377648943004,28,17,1
28,"cgfm_independent","rolling_one_step",10,1,2,25,6.20289654244074,NA,6.13559083347825,14.9428008781176,0.96199208343,NA,NA,353.331098394186,18.7971034575593,28,49,2
28,"cgfm_shared","rolling_one_step",10,1,2,25,9.30670942429302,NA,6.9444703812322,12.8621835212377,0.966438246472721,NA,NA,246.279369093574,15.693290575707,28,49,2
28,"cgfm_time_varying","rolling_one_step",10,1,2,25,12.9271344398912,NA,4.71843517913933,8.23816888483335,0.922267654585283,NA,NA,145.754082832462,12.0728655601088,28,49,2
28,"cgfm_independent","rolling_one_step",11,1,1,0,4.17922073143672,NA,2.3551831018079,2.54447135728569,0.0840388730535496,NA,NA,17.4658859220705,4.17922073143672,28,17,1
28,"cgfm_shared","rolling_one_step",11,1,1,0,1.80543341872184,NA,1.79755806083854,1.18948162144146,0.0368496127039458,NA,NA,3.25958982943762,1.80543341872184,28,17,1
28,"cgfm_time_varying","rolling_one_step",11,1,1,0,3.33138456437974,NA,2.36639243291489,2.26139712339407,0.0316718104878121,NA,NA,11.0981231157876,3.33138456437974,28,17,1
28,"cgfm_independent","rolling_one_step",11,1,2,8,5.620382716294,NA,2.9352720500816,1.87408275916409,0.742669601315986,NA,NA,5.66257841691232,2.379617283706,28,49,2
28,"cgfm_shared","rolling_one_step",11,1,2,8,9.73623689380517,NA,2.20304447012305,1.17419603062739,0.346514595267897,NA,NA,3.01451855141023,1.73623689380517,28,49,2
28,"cgfm_time_varying","rolling_one_step",11,1,2,8,16.4681014566067,NA,3.57489513047347,5.5715050067469,0.0587282236162458,NA,NA,71.7087422793841,8.46810145660668,28,49,2
28,"cgfm_independent","rolling_one_step",12,1,1,0,4.02937069582297,NA,2.30473521647157,2.44712990602044,0.0520239385207611,NA,NA,16.2358282043569,4.02937069582297,28,17,1
28,"cgfm_shared","rolling_one_step",12,1,1,0,1.62151057166996,NA,1.62616742463031,1.04727773450809,0.138243249000675,NA,NA,2.62929653403744,1.62151057166996,28,17,1
28,"cgfm_time_varying","rolling_one_step",12,1,1,0,1.74683141920622,NA,1.3469750193353,1.08765410728693,0.0171421849371616,NA,NA,3.05142000712602,1.74683141920622,28,17,1
28,"cgfm_independent","rolling_one_step",12,1,2,6,5.41886032740379,NA,2.58496785412868,1.23132735928919,0.632843241617137,NA,NA,0.337723319065232,0.581139672596212,28,49,2
28,"cgfm_shared","rolling_one_step",12,1,2,6,9.25365807334029,NA,2.51573053719256,2.02814784591136,0.12552439246017,NA,NA,10.5862908582125,3.25365807334029,28,49,2
28,"cgfm_time_varying","rolling_one_step",12,1,2,6,6.81838361322657,NA,2.30893997155912,1.12388226405803,0.449332314114475,NA,NA,0.669751738397771,0.818383613226567,28,49,2
29,"cgfm_independent","rolling_one_step",2,1,1,0,5.13698700291378,NA,2.59037488414341,3.13307807559953,0.0447764670484726,NA,NA,26.3886354681051,5.13698700291378,29,16,1
29,"cgfm_shared","rolling_one_step",2,1,1,0,5.47021936870463,NA,4.53796090134514,4.10847173619939,0.00894524287447073,NA,NA,29.9232999417513,5.47021936870463,29,16,1
29,"cgfm_time_varying","rolling_one_step",2,1,1,0,5.47840030215427,NA,3.64640278453314,3.96523734970216,0.0211545056940286,NA,NA,30.012869870644,5.47840030215427,29,16,1
29,"cgfm_independent","rolling_one_step",2,1,2,3,7.19535002533441,NA,2.44883117480342,2.17408198141074,0.273503036552649,NA,NA,17.6009618350735,4.19535002533441,29,44,2
29,"cgfm_shared","rolling_one_step",2,1,2,3,4.64660252154886,NA,1.91906197408188,1.01746909076348,0.344731450591521,NA,NA,2.71129986397106,1.64660252154886,29,44,2
29,"cgfm_time_varying","rolling_one_step",2,1,2,3,4.71149373405754,NA,2.07159975521677,1.18390121577022,0.351727396636195,NA,NA,2.92921080171823,1.71149373405754,29,44,2
29,"cgfm_independent","rolling_one_step",3,1,1,3,5.60221393532884,NA,2.25037174938731,1.43175295035313,0.375220097465248,NA,NA,6.77151736521959,2.60221393532884,29,16,1
29,"cgfm_shared","rolling_one_step",3,1,1,3,4.26515810468413,NA,1.81588851027598,0.84104191161288,0.384271061731988,NA,NA,1.60062502984794,1.26515810468413,29,16,1
29,"cgfm_time_varying","rolling_one_step",3,1,1,3,2.17234955124137,NA,2.11405861631798,0.870133660186793,0.725031373604823,NA,NA,0.685005265330369,0.827650448758634,29,16,1
29,"cgfm_independent","rolling_one_step",3,1,2,5,7.84678094861682,NA,2.58013673148019,1.71022550026066,0.391230564893258,NA,NA,8.10416176940771,2.84678094861682,29,44,2
29,"cgfm_shared","rolling_one_step",3,1,2,5,4.56265378908522,NA,1.97107731744777,0.703011661886441,0.526073818704877,NA,NA,0.191271708201513,0.437346210914777,29,44,2
29,"cgfm_time_varying","rolling_one_step",3,1,2,5,4.80720077694388,NA,2.32155658809707,1.03001021853,0.580988287832765,NA,NA,0.0371715404110453,0.192799223056125,29,44,2
29,"cgfm_independent","rolling_one_step",4,1,1,2,6.00739408223067,NA,2.30025027473247,2.10894385279315,0.168083481611815,NA,NA,16.0592073302974,4.00739408223067,29,16,1
29,"cgfm_shared","rolling_one_step",4,1,1,2,4.29459377878985,NA,2.049730060882,1.40624030242318,0.137246930864709,NA,NA,5.26516060966106,2.29459377878985,29,16,1
29,"cgfm_time_varying","rolling_one_step",4,1,1,2,4.2714659296085,NA,2.01724119368444,1.39560978967689,0.285654422537693,NA,NA,5.15955746937219,2.2714659296085,29,16,1
29,"cgfm_independent","rolling_one_step",4,1,2,10,8.41431276476735,NA,3.07900869003458,2.02209963698454,0.623962091814303,NA,NA,2.51440400797978,1.58568723523265,29,44,2
29,"cgfm_shared","rolling_one_step",4,1,2,10,5.07798201788722,NA,3.68652414671112,3.3279326969077,0.906823831156865,NA,NA,24.2262610162416,4.92201798211278,29,44,2
29,"cgfm_time_varying","rolling_one_step",4,1,2,10,6.37169372823398,NA,3.08068766117339,2.35758427860943,0.769862290637801,NA,NA,13.1646064017367,3.62830627176602,29,44,2
29,"cgfm_independent","rolling_one_step",5,1,1,9,7.19020153660925,NA,2.99643612160197,1.89235078138233,0.689774712359042,NA,NA,3.27537047809151,1.80979846339075,29,16,1
29,"cgfm_shared","rolling_one_step",5,1,1,9,4.47236773311884,NA,3.59408764905255,3.05894416844027,0.906476592868906,NA,NA,20.4994539441034,4.52763226688116,29,16,1
29,"cgfm_time_varying","rolling_one_step",5,1,1,9,4.10258747833748,NA,3.53799211351174,3.24131168256135,0.871596911625536,NA,NA,23.9846494073368,4.89741252166252,29,16,1
29,"cgfm_independent","rolling_one_step",5,1,2,7,10.0713635088667,NA,2.84399765136576,2.11943579451709,0.378862343572994,NA,NA,9.43327380359768,3.07136350886665,29,44,2
29,"cgfm_shared","rolling_one_step",5,1,2,7,7.22436925383734,NA,2.07008343077197,0.784119243155467,0.541074052432695,NA,NA,0.0503415620675227,0.224369253837335,29,44,2
29,"cgfm_time_varying","rolling_one_step",5,1,2,7,11.3065804181736,NA,2.76266839382517,2.59132392890706,0.236964283939899,NA,NA,18.5466348981962,4.30658041817359,29,44,2
29,"cgfm_independent","rolling_one_step",6,1,1,6,5.26440383431588,NA,2.61227239504312,1.26616575094953,0.636208640184124,NA,NA,0.541101718969175,0.735596165684117,29,16,1
29,"cgfm_shared","rolling_one_step",6,1,1,6,3.94882795772713,NA,2.37084245424575,1.27097391900746,0.760885315803622,NA,NA,4.20730674700187,2.05117204227287,29,16,1
29,"cgfm_time_varying","rolling_one_step",6,1,1,6,6.14336928047469,NA,2.29352068924189,1.02876966628203,0.555723762357684,NA,NA,0.0205547505838289,0.143369280474685,29,16,1
29,"cgfm_independent","rolling_one_step",6,1,2,9,7.37373714201077,NA,2.98727485274642,1.8595153421217,0.636964888411344,NA,NA,2.64473088327529,1.62626285798923,29,44,2
29,"cgfm_shared","rolling_one_step",6,1,2,9,5.27906193692213,NA,3.09352500924778,2.37577261719713,0.885691917246476,NA,NA,13.8453800692617,3.72093806307787,29,44,2
29,"cgfm_time_varying","rolling_one_step",6,1,2,9,5.78108200589187,NA,2.95438695165608,2.09571741256485,0.777774183297519,NA,NA,10.3614330527931,3.21891799410813,29,44,2
29,"cgfm_independent","rolling_one_step",7,1,1,3,4.39265418750601,NA,2.11478664273286,0.988833338157797,0.354332127770864,NA,NA,1.93948568597802,1.39265418750601,29,16,1
29,"cgfm_shared","rolling_one_step",7,1,1,3,3.55163762884656,NA,1.63490562839945,0.575356684103097,0.330453791659231,NA,NA,0.30430407355946,0.551637628846564,29,16,1
29,"cgfm_time_varying","rolling_one_step",7,1,1,3,4.78462228562148,NA,2.04751617721053,1.20617029108156,0.260712556042778,NA,NA,3.18487670233683,1.78462228562148,29,16,1
29,"cgfm_independent","rolling_one_step",7,1,2,6,6.15295672185985,NA,2.5998032754198,1.25665705260022,0.519999688388807,NA,NA,0.0233957587621104,0.152956721859846,29,44,2
29,"cgfm_shared","rolling_one_step",7,1,2,6,4.86426192580052,NA,2.05474183674828,0.837450049299947,0.648709951873223,NA,NA,1.28990097318635,1.13573807419948,29,44,2
29,"cgfm_time_varying","rolling_one_step",7,1,2,6,7.08891173405937,NA,2.34101065456393,1.19937416201552,0.439482198293114,NA,NA,1.18572876457218,1.08891173405937,29,44,2
29,"cgfm_independent","rolling_one_step",8,1,1,4,3.9214356524878,NA,2.26014272848934,0.902345216019914,0.616310666339509,NA,NA,0.00617235670001765,0.0785643475121995,29,16,1
29,"cgfm_shared","rolling_one_step",8,1,1,4,3.10720341974316,NA,1.84622366074333,0.681015460317251,0.687768464102252,NA,NA,0.797085733718316,0.892796580256844,29,16,1
29,"cgfm_time_varying","rolling_one_step",8,1,1,4,3.19479007333502,NA,2.15751464192749,0.90704524176768,0.612577933479758,NA,NA,0.64836302599983,0.805209926664985,29,16,1
29,"cgfm_independent","rolling_one_step",8,1,2,7,5.49292602203935,NA,2.77968822691638,1.53454121242118,0.696582123913364,NA,NA,2.27127197504613,1.50707397796065,29,44,2
29,"cgfm_shared","rolling_one_step",8,1,2,7,4.42083552856559,NA,2.5937030802053,1.59106704304917,0.806711181680823,NA,NA,6.65208937070955,2.57916447143441,29,44,2
29,"cgfm_time_varying","rolling_one_step",8,1,2,7,5.41165194130866,NA,2.5465930585917,1.32792036699641,0.687837563776749,NA,NA,2.52284955554856,1.58834805869134,29,44,2
29,"cgfm_independent","rolling_one_step",9,1,1,4,4.01557706782964,NA,2.25989224077876,0.905409541217439,0.593446892667503,NA,NA,0.00024264504216918,0.0155770678296392,29,16,1
29,"cgfm_shared","rolling_one_step",9,1,1,4,3.18848917189231,NA,1.82184437840752,0.654680341397703,0.69920729476211,NA,NA,0.658549824136029,0.81151082810769,29,16,1
29,"cgfm_time_varying","rolling_one_step",9,1,1,4,4.03284698864036,NA,2.07638815682852,0.845297995493373,0.488585278492922,NA,NA,0.00107892466273964,0.0328469886403555,29,16,1
29,"cgfm_independent","rolling_one_step",9,1,2,3,5.62479150843664,NA,2.25310758843764,1.44124224956289,0.291636056362057,NA,NA,6.88953046276112,2.62479150843664,29,44,2
29,"cgfm_shared","rolling_one_step",9,1,2,3,4.64531546257217,NA,1.88598172444876,1.02696530208855,0.277610181237339,NA,NA,2.70706297137907,1.64531546257217,29,44,2
29,"cgfm_time_varying","rolling_one_step",9,1,2,3,6.54889293530803,NA,2.41599030760345,2.17861702558975,0.167046822973379,NA,NA,12.5946410662793,3.54889293530803,29,44,2
29,"cgfm_independent","rolling_one_step",10,1,1,5,4.68516997880917,NA,2.44753957222051,1.07518003198328,0.632385369404992,NA,NA,0.0991179422430186,0.31483002119083,29,16,1
29,"cgfm_shared","rolling_one_step",10,1,1,5,3.82716797058211,NA,1.99589657312391,0.813410166657092,0.702852283337746,NA,NA,1.37553496922848,1.17283202941789,29,16,1
29,"cgfm_time_varying","rolling_one_step",10,1,1,5,4.65615105407645,NA,2.24669260509984,0.964504809262086,0.598445486531421,NA,NA,0.118232097612739,0.343848945923554,29,16,1
29,"cgfm_independent","rolling_one_step",10,1,2,8,6.56265028388473,NA,2.88178585745164,1.67420966707521,0.659503478319593,NA,NA,2.06597420641666,1.43734971611527,29,44,2
29,"cgfm_shared","rolling_one_step",10,1,2,8,5.32734025524578,NA,2.60425493892534,1.63069284181207,0.823894489275441,NA,NA,7.14311011122969,2.67265974475422,29,44,2
29,"cgfm_time_varying","rolling_one_step",10,1,2,8,4.62816516913076,NA,3.02337123403577,2.20182332623866,0.776497982975894,NA,NA,11.369270126663,3.37183483086924,29,44,2
29,"cgfm_independent","rolling_one_step",11,1,1,4,4.08837580058553,NA,2.26019692315288,0.909039619711174,0.505424382227742,NA,NA,0.00781028212913312,0.0883758005855286,29,16,1
29,"cgfm_shared","rolling_one_step",11,1,1,4,3.49250546678636,NA,1.75860500166603,0.584506840907964,0.557830532272246,NA,NA,0.257550701241733,0.507494533213643,29,16,1
29,"cgfm_time_varying","rolling_one_step",11,1,1,4,4.25147506076903,NA,2.06053218915335,0.853072034950218,0.460484443107339,NA,NA,0.063239706188786,0.251475060769027,29,16,1
29,"cgfm_independent","rolling_one_step",11,1,2,2,5.7267612777909,NA,2.25367321326805,1.95714639475259,0.242945249453826,NA,NA,13.8887496216417,3.7267612777909,29,44,2
29,"cgfm_shared","rolling_one_step",11,1,2,2,4.93921943548285,NA,2.44079155130221,1.9314572143092,0.125125773183724,NA,NA,8.6390108899201,2.93921943548285,29,44,2
29,"cgfm_time_varying","rolling_one_step",11,1,2,2,6.55354807802144,NA,2.68336980643169,2.93328291269355,0.110740010183816,NA,NA,20.7348000988527,4.55354807802144,29,44,2
29,"cgfm_independent","rolling_one_step",12,1,1,0,3.92070585731321,NA,2.22072704437749,2.3523134465125,0.0137160357471364,NA,NA,15.3719344195701,3.92070585731321,29,16,1
29,"cgfm_shared","rolling_one_step",12,1,1,0,3.35987899157487,NA,3.29137299340104,2.47009540992299,0.0165549933353573,NA,NA,11.2887868380262,3.35987899157487,29,16,1
29,"cgfm_time_varying","rolling_one_step",12,1,1,0,3.85359819678871,NA,2.68479701922504,2.66646860885777,0.00596721594498396,NA,NA,14.8502190622932,3.85359819678871,29,16,1
29,"cgfm_independent","rolling_one_step",12,1,2,7,5.49190378231515,NA,2.77976196999946,1.53474604186678,0.699677756437873,NA,NA,2.27435420179536,1.50809621768485,29,44,2
29,"cgfm_shared","rolling_one_step",12,1,2,7,4.51683952063417,NA,2.54127213588666,1.52372617987178,0.788698326137351,NA,NA,6.16608596628433,2.48316047936583,29,44,2
29,"cgfm_time_varying","rolling_one_step",12,1,2,7,3.22653204793434,NA,3.24623685187973,2.50840000768242,0.864950049949321,NA,NA,14.2390603852666,3.77346795206566,29,44,2
30,"cgfm_independent","rolling_one_step",2,1,1,2,5.11678299234789,NA,2.15088424223192,1.63849080311226,0.186148139517121,NA,NA,9.71433622138909,3.11678299234789,30,11,1
30,"cgfm_shared","rolling_one_step",2,1,1,2,4.16153801717287,NA,1.97455795001883,1.29464077517113,0.115829372675549,NA,NA,4.67224659968363,2.16153801717287,30,11,1
30,"cgfm_time_varying","rolling_one_step",2,1,1,2,4.14163110755599,NA,1.9823112304657,1.34157538736049,0.293421438787091,NA,NA,4.58658380085148,2.14163110755599,30,11,1
30,"cgfm_independent","rolling_one_step",2,1,2,8,6.98344485313144,NA,2.86311450780472,1.61803576062023,0.616903921574108,NA,NA,1.03338436662495,1.01655514686856,30,58,2
30,"cgfm_shared","rolling_one_step",2,1,2,8,5.00044856307864,NA,2.78331568592913,1.87274974900906,0.802862873965537,NA,NA,8.99730882273701,2.99955143692136,30,58,2
30,"cgfm_time_varying","rolling_one_step",2,1,2,8,5.05659830286872,NA,2.87529846393763,1.93432399190168,0.738591958198249,NA,NA,8.66361355067528,2.94340169713128,30,58,2
30,"cgfm_independent","rolling_one_step",3,1,1,2,5.47202487573316,NA,2.21111552908967,1.82278767727512,0.172365918930963,NA,NA,12.0549567377098,3.47202487573316,30,11,1
30,"cgfm_shared","rolling_one_step",3,1,1,2,3.81209867796849,NA,1.85222829322349,1.09006907707562,0.266052708065559,NA,NA,3.28370161869514,1.81209867796849,30,11,1
30,"cgfm_time_varying","rolling_one_step",3,1,1,2,3.43695561565102,NA,1.85089052331326,0.990117457487817,0.37559733552028,NA,NA,2.06484144135101,1.43695561565102,30,11,1
30,"cgfm_independent","rolling_one_step",3,1,2,24,7.46807121314055,NA,5.41098127080371,12.5251378174764,0.948236758406999,NA,NA,273.304669413792,16.5319287868595,30,58,2
30,"cgfm_shared","rolling_one_step",3,1,2,24,6.39265756948333,NA,6.96207577675338,14.7017622536445,0.965471414882927,NA,NA,310.018507465473,17.6073424305167,30,58,2
30,"cgfm_time_varying","rolling_one_step",3,1,2,24,8.17072661612979,NA,6.00615121617338,11.8544790186856,0.943983828330064,NA,NA,250.565895861302,15.8292733838702,30,58,2
30,"cgfm_independent","rolling_one_step",4,1,1,3,5.99140276453239,NA,2.29754381053109,1.60050959483539,0.319579264064279,NA,NA,8.94849049965203,2.99140276453239,30,11,1
30,"cgfm_shared","rolling_one_step",4,1,1,3,3.75767513406424,NA,1.71267947561134,0.652747649130995,0.304620107997535,NA,NA,0.574071608779263,0.757675134064239,30,11,1
30,"cgfm_time_varying","rolling_one_step",4,1,1,3,3.64934613180225,NA,1.98893134266122,0.856562508527379,0.44958251975641,NA,NA,0.421650398886547,0.649346131802251,30,11,1
30,"cgfm_independent","rolling_one_step",4,1,2,18,8.17681892069675,NA,4.24354877162583,6.70884609315735,0.873153330345618,NA,NA,96.4948865167814,9.82318107930325,30,58,2
30,"cgfm_shared","rolling_one_step",4,1,2,18,11.9984307992929,NA,3.55326629576445,3.84621825090649,0.879408609284915,NA,NA,36.0188328708759,6.00156920070709,30,58,2
30,"cgfm_time_varying","rolling_one_step",4,1,2,18,20.3619264155287,NA,2.99050397806134,2.17644720873891,0.39229227627117,NA,NA,5.57869639237217,2.36192641552868,30,58,2
30,"cgfm_independent","rolling_one_step",5,1,1,5,7.31754209210035,NA,2.53999402631574,1.52195464818975,0.402895080125512,NA,NA,5.37100134865686,2.31754209210035,30,11,1
30,"cgfm_shared","rolling_one_step",5,1,1,5,4.31407853590576,NA,1.96253865573391,0.715793371879441,0.610349293829007,NA,NA,0.470488254905189,0.685921464094243,30,11,1
30,"cgfm_time_varying","rolling_one_step",5,1,1,5,4.96644375542909,NA,2.30975863081165,1.02695463223184,0.568192584474303,NA,NA,0.00112602154970262,0.0335562445709083,30,11,1
30,"cgfm_independent","rolling_one_step",5,1,2,10,9.98708390961395,NA,3.06238371866708,1.99698233106864,0.579973866103211,NA,NA,0.000166825390860553,0.0129160903860477,30,58,2
30,"cgfm_shared","rolling_one_step",5,1,2,10,15.9465917964248,NA,3.23403730905483,3.81876894652585,0.0828277340805684,NA,NA,35.3619539933069,5.94659179642481,30,58,2
30,"cgfm_time_varying","rolling_one_step",5,1,2,10,18.0336441770807,NA,3.31400888162747,4.85954865830392,0.132671593070473,NA,NA,64.5394387639434,8.03364417708075,30,58,2
30,"cgfm_independent","rolling_one_step",6,1,1,4,5.37178054769592,NA,2.314106488146,1.12070113825855,0.396091356494092,NA,NA,1.88178187103693,1.37178054769592,30,11,1
30,"cgfm_shared","rolling_one_step",6,1,1,4,3.28405599966506,NA,1.8325353478146,0.645789767208701,0.606626209113891,NA,NA,0.512575811615595,0.715944000334939,30,11,1
30,"cgfm_time_varying","rolling_one_step",6,1,1,4,4.23942307198808,NA,2.09173341867144,0.87308604835681,0.522181430322006,NA,NA,0.0573234074002089,0.239423071988079,30,11,1
30,"cgfm_independent","rolling_one_step",6,1,2,9,7.33133290144112,NA,2.98778080327698,1.8644223056406,0.658944125841097,NA,NA,2.78444988581292,1.66866709855888,30,58,2
30,"cgfm_shared","rolling_one_step",6,1,2,9,10.8569186690557,NA,2.28387690383124,1.25626385870108,0.332659334680944,NA,NA,3.44814694348771,1.85691866905573,30,58,2
30,"cgfm_time_varying","rolling_one_step",6,1,2,9,7.34358433610762,NA,2.67820523018502,1.48187119707594,0.682622721628646,NA,NA,2.74371285158802,1.65641566389238,30,58,2
30,"cgfm_independent","rolling_one_step",7,1,1,2,4.40377006209462,NA,2.02939341225856,1.28914894251308,0.305051413156958,NA,NA,5.77811051142238,2.40377006209462,30,11,1
30,"cgfm_shared","rolling_one_step",7,1,1,2,2.79280256834704,NA,1.51281171388221,0.584564607614765,0.400955744012421,NA,NA,0.628535912377666,0.792802568347042,30,11,1
30,"cgfm_time_varying","rolling_one_step",7,1,1,2,3.71877851428297,NA,1.88335665285153,1.11873726051185,0.297337704980084,NA,NA,2.95419958116078,1.71877851428297,30,11,1
30,"cgfm_independent","rolling_one_step",7,1,2,12,6.01044228615274,NA,3.67810772847725,4.03218311587154,0.840059192894946,NA,NA,35.8748016075072,5.98955771384726,30,58,2
30,"cgfm_shared","rolling_one_step",7,1,2,12,8.7771524416159,NA,2.75496455568053,1.93656309720958,0.813088812056072,NA,NA,10.3867463845823,3.2228475583841,30,58,2
30,"cgfm_time_varying","rolling_one_step",7,1,2,12,6.94388288552177,NA,3.3836988362967,3.17774321151368,0.829007119807091,NA,NA,25.5643202753196,5.05611711447823,30,58,2
30,"cgfm_independent","rolling_one_step",8,1,1,1,4.03834409278444,NA,1.97213585471893,1.63755528758611,0.161781463031676,NA,NA,9.2315348261581,3.03834409278444,30,11,1
30,"cgfm_shared","rolling_one_step",8,1,1,1,2.48124280527556,NA,1.60809450231124,0.905366421540664,0.191281087376192,NA,NA,2.19408024818061,1.48124280527556,30,11,1
30,"cgfm_time_varying","rolling_one_step",8,1,1,1,2.75533460631995,NA,1.67469169823377,1.08880725137408,0.291573250464771,NA,NA,3.08119958014443,1.75533460631995,30,11,1
30,"cgfm_independent","rolling_one_step",8,1,2,6,5.51170859863074,NA,2.60328561492917,1.24908043540271,0.583277904733188,NA,NA,0.238428492651157,0.488291401369261,30,58,2
30,"cgfm_shared","rolling_one_step",8,1,2,6,8.30778558908011,NA,2.23903622076855,1.42719428027104,0.271158508535545,NA,NA,5.32587432516584,2.30778558908011,30,58,2
30,"cgfm_time_varying","rolling_one_step",8,1,2,6,9.0101956161791,NA,2.50161382761311,1.90729467892473,0.233286870918173,NA,NA,9.06127764766386,3.0101956161791,30,58,2
30,"cgfm_independent","rolling_one_step",9,1,1,3,4.04869214742857,NA,2.08204634880892,0.892524780940107,0.466796107343445,NA,NA,1.09975522007834,1.04869214742857,30,11,1
30,"cgfm_shared","rolling_one_step",9,1,1,3,2.32280749324362,NA,1.6822785796957,0.569274914132409,0.60777120789825,NA,NA,0.458589691206989,0.677192506756379,30,11,1
30,"cgfm_time_varying","rolling_one_step",9,1,1,3,2.30917010814532,NA,2.03391849989562,0.810509963739193,0.708167056793178,NA,NA,0.477245939479952,0.690829891854682,30,11,1
30,"cgfm_independent","rolling_one_step",9,1,2,6,5.52583184565099,NA,2.60296141786304,1.24851203339533,0.5651351724007,NA,NA,0.224835438598746,0.47416815434901,30,58,2
30,"cgfm_shared","rolling_one_step",9,1,2,6,7.98436891642098,NA,2.16070100935213,1.2535288669539,0.274570287498824,NA,NA,3.93771999645776,1.98436891642098,30,58,2
30,"cgfm_time_varying","rolling_one_step",9,1,2,6,5.79905712984935,NA,2.34217153099964,1.05344920800519,0.547035245061663,NA,NA,0.0403780370643827,0.200942870150654,30,58,2
30,"cgfm_independent","rolling_one_step",10,1,1,4,4.69475809165333,NA,2.27522721919797,0.976684288213358,0.498760717916581,NA,NA,0.482688805917774,0.694758091653328,30,11,1
30,"cgfm_shared","rolling_one_step",10,1,1,4,2.77475606188037,NA,1.96063586995576,0.811878771618847,0.678025682764116,NA,NA,1.50122270789891,1.22524393811963,30,11,1
30,"cgfm_time_varying","rolling_one_step",10,1,1,4,3.989872365132,NA,2.1150303608488,0.869602310177344,0.582261335645475,NA,NA,0.000102568988019443,0.0101276348679957,30,11,1
30,"cgfm_independent","rolling_one_step",10,1,2,14,6.40756323840857,NA,3.97489336070394,5.17617033328446,0.882412472333367,NA,NA,57.645095978765,7.59243676159143,30,58,2
30,"cgfm_shared","rolling_one_step",10,1,2,14,9.16268335941451,NA,3.33565254273287,3.07713440246161,0.894597389161152,NA,NA,23.3996322812853,4.83731664058549,30,58,2
30,"cgfm_time_varying","rolling_one_step",10,1,2,14,6.73224265682541,NA,3.98734336894319,4.78752795963461,0.877241294118425,NA,NA,52.8202967992682,7.26775734317459,30,58,2
30,"cgfm_independent","rolling_one_step",11,1,1,3,4.02392222041194,NA,2.07995065027067,0.886284018682556,0.495219422948389,NA,NA,1.04841671345332,1.02392222041194,30,11,1
30,"cgfm_shared","rolling_one_step",11,1,1,3,2.50484498836756,NA,1.63309214161751,0.523405658439096,0.69472764664235,NA,NA,0.24517848554472,0.495155011632439,30,11,1
30,"cgfm_time_varying","rolling_one_step",11,1,1,3,3.66811990374542,NA,1.9189710093487,0.821563831493474,0.488202137511017,NA,NA,0.446384205780792,0.668119903745422,30,11,1
30,"cgfm_independent","rolling_one_step",11,1,2,14,5.49202530363056,NA,4.27116274125653,5.98202094891386,0.899573801950191,NA,NA,72.3856334340627,8.50797469636944,30,58,2
30,"cgfm_shared","rolling_one_step",11,1,2,14,8.33236247059387,NA,3.78910945766028,3.79611510969384,0.910977205215995,NA,NA,32.1221151647328,5.66763752940613,30,58,2
30,"cgfm_time_varying","rolling_one_step",11,1,2,14,9.7013368777002,NA,3.15800533448632,2.66481611753251,0.793574040189739,NA,NA,18.4785046390203,4.2986631222998,30,58,2
30,"cgfm_independent","rolling_one_step",12,1,1,3,3.96055473505047,NA,2.07472282789916,0.870753688645272,0.47111583811363,NA,NA,0.922665399027886,0.960554735050474,30,11,1
30,"cgfm_shared","rolling_one_step",12,1,1,3,2.4955848679629,NA,1.63209869632425,0.523941807037868,0.695008050235376,NA,NA,0.25443462542801,0.504415132037105,30,11,1
30,"cgfm_time_varying","rolling_one_step",12,1,1,3,3.37710268293193,NA,1.91884714929787,0.773759482811537,0.429767391435236,NA,NA,0.142206433474457,0.377102682931926,30,11,1
30,"cgfm_independent","rolling_one_step",12,1,2,5,5.40553975886042,NA,2.44737311711845,1.10541355167505,0.539185052773695,NA,NA,0.16446249601657,0.405539758860423,30,58,2
30,"cgfm_shared","rolling_one_step",12,1,2,5,8.56384561391642,NA,2.6326419468417,2.27909545760073,0.103051820009016,NA,NA,12.7009955598313,3.56384561391642,30,58,2
30,"cgfm_time_varying","rolling_one_step",12,1,2,5,10.5773673733697,NA,2.94768970339148,3.52138392668422,0.094195535303326,NA,NA,31.1070268175292,5.57736737336974,30,58,2
31,"cgfm_independent","rolling_one_step",2,1,1,0,5.11164419976553,NA,2.59060364106399,3.12089249580796,0.0440244619480334,NA,NA,26.1289064249966,5.11164419976553,31,24,1
31,"cgfm_shared","rolling_one_step",2,1,1,0,5.0516059588183,NA,4.21474137536711,3.75165157135634,0.00843757512246418,NA,NA,25.5187227631685,5.0516059588183,31,24,1
31,"cgfm_time_varying","rolling_one_step",2,1,1,0,5.0427287243236,NA,3.39784309599627,3.61470381466792,0.0192547451203725,NA,NA,25.4291129871183,5.0427287243236,31,24,1
31,"cgfm_independent","rolling_one_step",2,1,2,6,7.13265819166407,NA,2.61822041737298,1.37039839486449,0.458106241936723,NA,NA,1.28291457914371,1.13265819166407,31,56,2
31,"cgfm_shared","rolling_one_step",2,1,2,6,7.85913973623671,NA,2.19957483825432,1.21206143366562,0.267117584626454,NA,NA,3.45640055885432,1.85913973623671,31,56,2
31,"cgfm_time_varying","rolling_one_step",2,1,2,6,7.87260661119033,NA,2.39090235270045,1.42880241164359,0.360139654709386,NA,NA,3.50665552027372,1.87260661119033,31,56,2
31,"cgfm_independent","rolling_one_step",3,1,1,0,5.65991267325056,NA,2.73780226042559,3.47326012481796,0.0379577491351421,NA,NA,32.0346114688222,5.65991267325056,31,24,1
31,"cgfm_shared","rolling_one_step",3,1,1,0,3.997540671892,NA,3.48206416847184,2.89761414431265,0.0133880826966698,NA,NA,15.9803314234307,3.997540671892,31,24,1
31,"cgfm_time_varying","rolling_one_step",3,1,1,0,2.19573179885594,NA,1.55668015512158,1.36720174546042,0.0535577223911935,NA,NA,4.82123813250713,2.19573179885594,31,24,1
31,"cgfm_independent","rolling_one_step",3,1,2,5,7.89743661577278,NA,2.58194408838006,1.72721454801399,0.407678578872396,NA,NA,8.39513894242084,2.89743661577278,31,56,2
31,"cgfm_shared","rolling_one_step",3,1,2,5,8.15935095205959,NA,2.43267485249496,1.91982390179952,0.156333600504482,NA,NA,9.98149843827986,3.15935095205959,31,56,2
31,"cgfm_time_varying","rolling_one_step",3,1,2,5,7.06044487268181,NA,2.36870263937409,1.46620727941864,0.384910596093669,NA,NA,4.24543307336077,2.06044487268181,31,56,2
31,"cgfm_independent","rolling_one_step",4,1,1,1,6.05995412798367,NA,2.43132238705551,2.84720290748826,0.106645228517577,NA,NA,25.603135777299,5.05995412798367,31,24,1
31,"cgfm_shared","rolling_one_step",4,1,1,1,3.26147255988759,NA,1.99641249378949,1.41391742294585,0.173815576866345,NA,NA,5.11425813912454,2.26147255988759,31,24,1
31,"cgfm_time_varying","rolling_one_step",4,1,1,1,2.25768377220409,NA,1.52568845043844,0.816552291487017,0.380415113691858,NA,NA,1.58176847086552,1.25768377220409,31,24,1
31,"cgfm_independent","rolling_one_step",4,1,2,8,8.45564926058538,NA,2.85486689519021,1.63631785347326,0.544553418073073,NA,NA,0.207616248672002,0.455649260585378,31,56,2
31,"cgfm_shared","rolling_one_step",4,1,2,8,7.96139758837662,NA,2.14613812416516,0.827257890847573,0.473111854198201,NA,NA,0.00149014618314106,0.0386024116233825,31,56,2
31,"cgfm_time_varying","rolling_one_step",4,1,2,8,6.3813976244137,NA,2.68309247129595,1.47841031752829,0.651944856848891,NA,NA,2.61987365025362,1.6186023755863,31,56,2
31,"cgfm_independent","rolling_one_step",5,1,1,16,6.94527174427028,NA,4.20648265435047,6.25435727433692,0.888305322863264,NA,NA,81.9881037851101,9.05472825572972,31,24,1
31,"cgfm_shared","rolling_one_step",5,1,1,16,3.12449658502043,NA,6.9607537056989,10.7330305535458,0.957885553517662,NA,NA,165.778588189151,12.8755034149796,31,24,1
31,"cgfm_time_varying","rolling_one_step",5,1,1,16,3.21294848621181,NA,6.43673136622063,9.99191659505658,0.939008362341404,NA,NA,163.508686416273,12.7870515137882,31,24,1
31,"cgfm_independent","rolling_one_step",5,1,2,20,9.69116392842563,NA,4.24533573930423,6.88201216097461,0.856747661067384,NA,NA,106.272101150593,10.3088360715744,31,56,2
31,"cgfm_shared","rolling_one_step",5,1,2,20,8.95344256967777,NA,5.99715343683604,8.46625268704003,0.958376750893608,NA,NA,122.026431061407,11.0465574303222,31,56,2
31,"cgfm_time_varying","rolling_one_step",5,1,2,20,9.27645324051801,NA,4.53484903041603,7.2586801098559,0.906112449239743,NA,NA,114.994455102797,10.723546759482,31,56,2
31,"cgfm_independent","rolling_one_step",6,1,1,8,5.19801750431646,NA,3.00626167425647,2.05008619661274,0.736295923303732,NA,NA,7.85110590611699,2.80198249568354,31,24,1
31,"cgfm_shared","rolling_one_step",6,1,1,8,4.21384207700932,NA,3.26037591495481,2.49435758519566,0.911356161877375,NA,NA,14.3349918178251,3.78615792299068,31,24,1
31,"cgfm_time_varying","rolling_one_step",6,1,1,8,9.67436277359869,NA,2.46929283509777,1.43747576202221,0.408208874405502,NA,NA,2.80349069761311,1.67436277359869,31,24,1
31,"cgfm_independent","rolling_one_step",6,1,2,13,7.25313369279781,NA,3.61278366958615,3.8784962967798,0.815964314790511,NA,NA,33.0264723528557,5.74686630720219,31,56,2
31,"cgfm_shared","rolling_one_step",6,1,2,13,8.38271467191687,NA,3.27165741847717,2.92379683707544,0.869380743530556,NA,NA,21.3193238009318,4.61728532808313,31,56,2
31,"cgfm_time_varying","rolling_one_step",6,1,2,13,12.7149341123067,NA,2.74809366746194,1.5184661862069,0.52731074512176,NA,NA,0.0812625603263578,0.28506588769328,31,56,2
31,"cgfm_independent","rolling_one_step",7,1,1,7,4.29526633709985,NA,2.92944731311228,1.91960403159903,0.74075255488309,NA,NA,7.31558418722527,2.70473366290015,31,24,1
31,"cgfm_shared","rolling_one_step",7,1,1,7,3.9244361252115,NA,2.8952824108885,1.96606718423989,0.88069530344799,NA,NA,9.45909314790403,3.0755638747885,31,24,1
31,"cgfm_time_varying","rolling_one_step",7,1,1,7,5.7330489845772,NA,2.45002381141298,1.19721426735933,0.665970057852028,NA,NA,1.60516487548086,1.2669510154228,31,24,1
31,"cgfm_independent","rolling_one_step",7,1,2,10,5.99366959269719,NA,3.28459032580538,2.76491787710393,0.79498708717509,NA,NA,16.0506833324791,4.00633040730281,31,56,2
31,"cgfm_shared","rolling_one_step",7,1,2,10,7.51221075934434,NA,2.52640179613085,1.5059824390353,0.739176151833391,NA,NA,6.18909530592205,2.48778924065566,31,56,2
31,"cgfm_time_varying","rolling_one_step",7,1,2,10,9.20244319695619,NA,2.61534093234161,1.34684192336202,0.561713066485997,NA,NA,0.636096854081465,0.797556803043811,31,56,2
31,"cgfm_independent","rolling_one_step",8,1,1,3,3.92137880846155,NA,2.07066023490107,0.860957926441807,0.512114809131286,NA,NA,0.84893890868203,0.921378808461553,31,24,1
31,"cgfm_shared","rolling_one_step",8,1,1,3,3.82474869515796,NA,1.67204960397543,0.653683343431136,0.327749788795986,NA,NA,0.680210410164763,0.824748695157963,31,24,1
31,"cgfm_time_varying","rolling_one_step",8,1,1,3,5.35166488211889,NA,2.14645053386282,1.48829917890994,0.232819803964047,NA,NA,5.53032771779127,2.35166488211889,31,24,1
31,"cgfm_independent","rolling_one_step",8,1,2,9,5.47195589254089,NA,3.17181811795004,2.45921564026736,0.791593327741861,NA,NA,12.447095224177,3.52804410745911,31,56,2
31,"cgfm_shared","rolling_one_step",8,1,2,9,7.0319372093287,NA,2.36040514991863,1.2303329001844,0.775232651354871,NA,NA,3.87327114802489,1.9680627906713,31,56,2
31,"cgfm_time_varying","rolling_one_step",8,1,2,9,7.8149090581632,NA,2.58941171896617,1.33561509500083,0.636560620321381,NA,NA,1.40444054042363,1.1850909418368,31,56,2
31,"cgfm_independent","rolling_one_step",9,1,1,7,3.95423648270505,NA,3.00617253574566,2.09072390092424,0.815700492370071,NA,NA,9.27667540328493,3.04576351729495,31,24,1
31,"cgfm_shared","rolling_one_step",9,1,1,7,3.72146051246952,NA,3.05278444840499,2.13737939355882,0.881843559035621,NA,NA,10.7488211712966,3.27853948753048,31,24,1
31,"cgfm_time_varying","rolling_one_step",9,1,1,7,3.4065909749097,NA,3.15296253447918,2.36216006689853,0.827576442009842,NA,NA,12.9125884216004,3.5934090250903,31,24,1
31,"cgfm_independent","rolling_one_step",9,1,2,5,5.51780533911469,NA,2.44871579757353,1.11673170140912,0.564641145504561,NA,NA,0.268122369215677,0.517805339114688,31,56,2
31,"cgfm_shared","rolling_one_step",9,1,2,5,7.12092775729044,NA,2.14813632543079,1.31586746751543,0.220253775576313,NA,NA,4.49833455164506,2.12092775729044,31,56,2
31,"cgfm_time_varying","rolling_one_step",9,1,2,5,7.69394193365444,NA,2.39576449820276,1.72240515220948,0.233148716428543,NA,NA,7.25732314190182,2.69394193365444,31,56,2
31,"cgfm_independent","rolling_one_step",10,1,1,5,4.70672400758101,NA,2.44453689874814,1.07238043903384,0.625720706795959,NA,NA,0.0860108077293425,0.293275992418988,31,24,1
31,"cgfm_shared","rolling_one_step",10,1,1,5,4.75916978106688,NA,1.84332129273596,0.61862853423739,0.498502772248306,NA,NA,0.0579991943513751,0.240830218933121,31,24,1
31,"cgfm_time_varying","rolling_one_step",10,1,1,5,6.7271560877116,NA,2.27562939326698,1.30670402667849,0.364054112283017,NA,NA,2.98306815131923,1.7271560877116,31,24,1
31,"cgfm_independent","rolling_one_step",10,1,2,7,6.56777062149045,NA,2.73300574815219,1.41424477841925,0.571066059904294,NA,NA,0.186822235646753,0.432229378509551,31,56,2
31,"cgfm_shared","rolling_one_step",10,1,2,7,8.36412411300978,NA,2.10015772633486,1.00435953594964,0.308176533744958,NA,NA,1.86083459569473,1.36412411300978,31,56,2
31,"cgfm_time_varying","rolling_one_step",10,1,2,7,6.17191106876096,NA,2.50360851550069,1.21706840720231,0.564595059678771,NA,NA,0.68573127804062,0.828088931239042,31,56,2
31,"cgfm_independent","rolling_one_step",11,1,1,6,3.97336574650108,NA,2.73119146947253,1.54487464769473,0.7154803807008,NA,NA,4.10724639745514,2.02663425349892,31,24,1
31,"cgfm_shared","rolling_one_step",11,1,1,6,4.11123486761389,NA,2.27860024921548,1.1654098029682,0.794370027710538,NA,NA,3.56743372531754,1.88876513238611,31,24,1
31,"cgfm_time_varying","rolling_one_step",11,1,1,6,4.11916234935069,NA,2.51793995822313,1.34867520612079,0.73465579190018,NA,NA,3.5375502681,1.88083765064931,31,24,1
31,"cgfm_independent","rolling_one_step",11,1,2,10,5.54449818504377,NA,3.36775229095833,3.01259008909043,0.800385356541629,NA,NA,19.8514964230783,4.45550181495623,31,56,2
31,"cgfm_shared","rolling_one_step",11,1,2,10,7.09920353793929,NA,2.65820309770238,1.74815669397778,0.836727218751703,NA,NA,8.41462011430394,2.90079646206071,31,56,2
31,"cgfm_time_varying","rolling_one_step",11,1,2,10,5.79313506418234,NA,3.19947994810189,2.66029145299214,0.798926569371237,NA,NA,17.6977125882121,4.20686493581766,31,56,2
31,"cgfm_independent","rolling_one_step",12,1,1,5,3.81919818734893,NA,2.49530364376334,1.16958734829758,0.65322671967322,NA,NA,1.39429292076005,1.18080181265107,31,24,1
31,"cgfm_shared","rolling_one_step",12,1,1,5,4.05537153430426,NA,1.92599263466774,0.730156790843143,0.614492087229448,NA,NA,0.89232293820269,0.944628465695741,31,24,1
31,"cgfm_time_varying","rolling_one_step",12,1,1,5,4.90095026390462,NA,2.17722998780423,0.915908340505564,0.579172746465616,NA,NA,0.00981085022056392,0.0990497360953775,31,24,1
31,"cgfm_independent","rolling_one_step",12,1,2,10,5.32937304794056,NA,3.41519292639849,3.14475697497089,0.82001269473017,NA,NA,21.814756125304,4.67062695205944,31,56,2
31,"cgfm_shared","rolling_one_step",12,1,2,10,6.98356016733729,NA,2.70239844822353,1.82355489905061,0.849839547027379,NA,NA,9.09890926407422,3.01643983266271,31,56,2
31,"cgfm_time_varying","rolling_one_step",12,1,2,10,7.99164279075795,NA,2.72012143708188,1.58092001710849,0.683232530993592,NA,NA,4.03349867991454,2.00835720924205,31,56,2
32,"cgfm_independent","rolling_one_step",2,1,1,6,4.97362727304072,NA,2.62881969580441,1.30143378875417,0.660775469570763,NA,NA,1.05344097464583,1.02637272695928,32,13,1
32,"cgfm_shared","rolling_one_step",2,1,1,6,11.1875222690217,NA,3.04902362017715,3.34269193318473,0.0905345731578527,NA,NA,26.9103872915962,5.18752226902171,32,13,1
32,"cgfm_time_varying","rolling_one_step",2,1,1,6,11.400112708361,NA,2.94166781789572,3.4088982915447,0.140223695745283,NA,NA,29.1612172630021,5.40011270836101,32,13,1
32,"cgfm_independent","rolling_one_step",2,1,2,9,6.97044862964729,NA,3.01200068476112,1.9421179173462,0.687964651962123,NA,NA,4.11907876490058,2.02955137035271,32,43,2
32,"cgfm_shared","rolling_one_step",2,1,2,9,6.42555345145029,NA,2.6250788470528,1.60484572506986,0.764259889313621,NA,NA,6.62777503133954,2.57444654854971,32,43,2
32,"cgfm_time_varying","rolling_one_step",2,1,2,9,6.47467187863819,NA,2.79117023547428,1.75205986258094,0.714387417116383,NA,NA,6.37728212054079,2.52532812136181,32,43,2
32,"cgfm_independent","rolling_one_step",3,1,1,8,5.40717227812826,NA,2.98199227933178,1.97511860914436,0.722768362818807,NA,NA,6.72275559530661,2.59282772187174,32,13,1
32,"cgfm_shared","rolling_one_step",3,1,1,8,10.6457287328856,NA,2.40481049798891,1.61938505335294,0.250347932983914,NA,NA,6.99988052801635,2.64572873288558,32,13,1
32,"cgfm_time_varying","rolling_one_step",3,1,1,8,6.07826781599734,NA,2.65617829776889,1.49147957117214,0.70953257537565,NA,NA,3.69305458703164,1.92173218400266,32,13,1
32,"cgfm_independent","rolling_one_step",3,1,2,15,7.57774084064671,NA,3.88605349877587,5.00821433305264,0.858128243983568,NA,NA,55.0899310286038,7.42225915935329,32,43,2
32,"cgfm_shared","rolling_one_step",3,1,2,15,7.96126656695988,NA,4.24123397526036,4.88613589184674,0.927340713599096,NA,NA,49.5437683413968,7.03873343304012,32,43,2
32,"cgfm_time_varying","rolling_one_step",3,1,2,15,9.03550107380279,NA,3.52481803091899,3.72021632304502,0.835145211601233,NA,NA,35.5752474406077,5.96449892619721,32,43,2
32,"cgfm_independent","rolling_one_step",4,1,1,7,5.92933745666319,NA,2.75715009539321,1.46760337092946,0.66033700074222,NA,NA,1.14631828170445,1.07066254333681,32,13,1
32,"cgfm_shared","rolling_one_step",4,1,1,7,11.134289157605,NA,2.74443563594534,2.56534634020745,0.119205316569293,NA,NA,17.0923468386904,4.13428915760502,32,13,1
32,"cgfm_time_varying","rolling_one_step",4,1,1,7,7.72915836482107,NA,2.42626936381631,1.21664673426167,0.479802067090285,NA,NA,0.531671920988532,0.729158364821067,32,13,1
32,"cgfm_independent","rolling_one_step",4,1,2,10,8.30951035959155,NA,3.0848123470133,2.03940608306983,0.637103198090546,NA,NA,2.8577552243283,1.69048964040845,32,43,2
32,"cgfm_shared","rolling_one_step",4,1,2,10,10.8726188779205,NA,2.27373941651364,1.01640510090473,0.40681984588226,NA,NA,0.761463706103229,0.872618877920498,32,43,2
32,"cgfm_time_varying","rolling_one_step",4,1,2,10,13.8618424622721,NA,2.82183163956993,2.43024832733921,0.310633302617276,NA,NA,14.913827203408,3.86184246227213,32,43,2
32,"cgfm_independent","rolling_one_step",5,1,1,7,7.12541911196469,NA,2.73574172129306,1.42825059470306,0.583169531916517,NA,NA,0.0157299536460119,0.125419111964692,32,13,1
32,"cgfm_shared","rolling_one_step",5,1,1,7,12.0280359676181,NA,3.03367568069809,3.24159426413588,0.0789270960249337,NA,NA,25.2811456916608,5.02803596761805,32,13,1
32,"cgfm_time_varying","rolling_one_step",5,1,1,7,7.88451091576962,NA,2.46676113643435,1.27884254038261,0.459580217356422,NA,NA,0.782359560115605,0.884510915769616,32,13,1
32,"cgfm_independent","rolling_one_step",5,1,2,15,9.98604134150912,NA,3.59018373955345,3.62410176564098,0.739627685875474,NA,NA,25.1397814290557,5.01395865849088,32,43,2
32,"cgfm_shared","rolling_one_step",5,1,2,15,12.5279484841965,NA,2.64009818997606,1.59235093424674,0.693034765699553,NA,NA,6.11103869678638,2.4720515158035,32,43,2
32,"cgfm_time_varying","rolling_one_step",5,1,2,15,11.3028694588458,NA,3.16200241525156,2.51950165259745,0.729831529576082,NA,NA,13.6687742383351,3.69713054115419,32,43,2
32,"cgfm_independent","rolling_one_step",6,1,1,4,5.30491000477676,NA,2.31299757792844,1.10610624046447,0.489966196841541,NA,NA,1.70279012056648,1.30491000477676,32,13,1
32,"cgfm_shared","rolling_one_step",6,1,1,4,8.25624752074894,NA,2.920775753938,2.82947897261587,0.0957391906459769,NA,NA,18.1156429578815,4.25624752074894,32,13,1
32,"cgfm_time_varying","rolling_one_step",6,1,1,4,5.24083750586878,NA,2.12337561806235,1.07403888654504,0.416217678056568,NA,NA,1.53967771597065,1.24083750586878,32,13,1
32,"cgfm_independent","rolling_one_step",6,1,2,8,7.43452292415649,NA,2.85689356379605,1.59396636377451,0.58982494665844,NA,NA,0.319764323304526,0.56547707584351,32,43,2
32,"cgfm_shared","rolling_one_step",6,1,2,8,9.76717292889977,NA,2.22817425815905,1.19732732851585,0.34987239962951,NA,NA,3.12290016063619,1.76717292889977,32,43,2
32,"cgfm_time_varying","rolling_one_step",6,1,2,8,10.0917329177828,NA,2.55529712873864,1.62130364221835,0.374677277000487,NA,NA,4.37534659933629,2.09173291778283,32,43,2
32,"cgfm_independent","rolling_one_step",7,1,1,1,4.38586360229319,NA,2.05434921601394,1.8354648433762,0.119502066491938,NA,NA,11.4640723333338,3.38586360229319,32,13,1
32,"cgfm_shared","rolling_one_step",7,1,1,1,6.43049515053283,NA,4.33115623308056,4.10843547302608,0.00702327767327653,NA,NA,29.4902775799606,5.43049515053283,32,13,1
32,"cgfm_time_varying","rolling_one_step",7,1,1,1,3.72410645823619,NA,2.03106482048599,1.70740703282122,0.132947278905671,NA,NA,7.42075599580414,2.72410645823619,32,13,1
32,"cgfm_independent","rolling_one_step",7,1,2,9,6.14683674413099,NA,3.08250233210541,2.18058798233304,0.750668236705138,NA,NA,8.14054056464104,2.85316325586901,32,43,2
32,"cgfm_shared","rolling_one_step",7,1,2,9,7.95751067048504,NA,2.19584458870294,0.916588559301438,0.605381540466341,NA,NA,1.08678400215254,1.04248932951496,32,43,2
32,"cgfm_time_varying","rolling_one_step",7,1,2,9,6.48039556326353,NA,2.78869420853014,1.74801174555912,0.730817761454835,NA,NA,6.3484065176221,2.51960443673647,32,43,2
32,"cgfm_independent","rolling_one_step",8,1,1,4,3.96745392275474,NA,2.26240498689359,0.905543414446412,0.536953780606948,NA,NA,0.00105924714405411,0.032546077245255,32,13,1
32,"cgfm_shared","rolling_one_step",8,1,1,4,5.32335040391016,NA,1.88476242329067,0.893117793927579,0.320915587874019,NA,NA,1.75125629152917,1.32335040391016,32,13,1
32,"cgfm_time_varying","rolling_one_step",8,1,1,4,2.17511088801401,NA,2.4941540621374,1.30184916844102,0.791919612799526,NA,NA,3.33022027104501,1.82488911198599,32,13,1
32,"cgfm_independent","rolling_one_step",8,1,2,3,5.56045393930433,NA,2.24656472938834,1.41416467451241,0.376786648240128,NA,NA,6.55592437529907,2.56045393930433,32,43,2
32,"cgfm_shared","rolling_one_step",8,1,2,3,7.27762708649822,NA,3.06566585822677,2.94021591497296,0.070696232825692,NA,NA,18.2980934911433,4.27762708649822,32,43,2
32,"cgfm_time_varying","rolling_one_step",8,1,2,3,7.23361914407999,NA,2.5940459630933,2.64735261537111,0.160740560098273,NA,NA,17.9235310571206,4.23361914407999,32,43,2
32,"cgfm_independent","rolling_one_step",9,1,1,2,4.03285002358462,NA,1.96836760429384,1.12117261942939,0.307755818198888,NA,NA,4.13247921838799,2.03285002358462,32,13,1
32,"cgfm_shared","rolling_one_step",9,1,1,2,5.18154982063276,NA,2.57242152004327,2.11961777438455,0.107020708685692,NA,NA,10.1222592611684,3.18154982063276,32,13,1
32,"cgfm_time_varying","rolling_one_step",9,1,1,2,4.02115104181554,NA,1.95051879957913,1.27420535806517,0.188186616638748,NA,NA,4.08505153383203,2.02115104181554,32,13,1
32,"cgfm_independent","rolling_one_step",9,1,2,4,5.65210561136922,NA,2.33765070571662,1.19902818051491,0.396679710693801,NA,NA,2.72945295111765,1.65210561136922,32,43,2
32,"cgfm_shared","rolling_one_step",9,1,2,4,6.87602657247551,NA,2.36805115901976,1.80451382453721,0.121180664704249,NA,NA,8.27152884558521,2.87602657247551,32,43,2
32,"cgfm_time_varying","rolling_one_step",9,1,2,4,3.99692004591204,NA,2.13351024281538,0.883124406897079,0.549201900554831,NA,NA,9.48611718396765e-06,0.00307995408796424,32,43,2
32,"cgfm_independent","rolling_one_step",10,1,1,3,4.77309779594914,NA,2.15600328911518,1.11293376872041,0.391966444659927,NA,NA,3.14387579399971,1.77309779594914,32,13,1
32,"cgfm_shared","rolling_one_step",10,1,1,3,5.91923013326013,NA,2.38747868665308,1.8641212702631,0.148113930092096,NA,NA,8.52190457093396,2.91923013326013,32,13,1
32,"cgfm_time_varying","rolling_one_step",10,1,1,3,3.38629625908469,NA,1.95888217262107,0.798009628447973,0.428811081355167,NA,NA,0.149224799782822,0.386296259084685,32,13,1
32,"cgfm_independent","rolling_one_step",10,1,2,3,6.68947879254075,NA,2.38581248435842,1.92331334744062,0.243633389979522,NA,NA,13.6122537606079,3.68947879254075,32,43,2
32,"cgfm_shared","rolling_one_step",10,1,2,3,7.96991068704946,NA,3.44845135106083,3.52467780684302,0.0437104340193471,NA,NA,24.7000122372484,4.96991068704946,32,43,2
32,"cgfm_time_varying","rolling_one_step",10,1,2,3,5.44570743470913,NA,2.19475991072329,1.52300363295657,0.273743453371778,NA,NA,5.98148485619153,2.44570743470913,32,43,2
32,"cgfm_independent","rolling_one_step",11,1,1,2,4.06966847661752,NA,1.97445804556515,1.1372260581469,0.347890438352415,NA,NA,4.28352760310429,2.06966847661752,32,13,1
32,"cgfm_shared","rolling_one_step",11,1,1,2,4.93032246137493,NA,2.43650364979557,1.92492071159753,0.0525099399182157,NA,NA,8.58678972763845,2.93032246137493,32,13,1
32,"cgfm_time_varying","rolling_one_step",11,1,1,2,3.15938984542121,NA,1.77651038795179,0.872649505309951,0.361184018178993,NA,NA,1.34418481366581,1.15938984542121,32,13,1
32,"cgfm_independent","rolling_one_step",11,1,2,6,5.70370590411373,NA,2.60400183724073,1.24877988516423,0.586483815710339,NA,NA,0.0877901912570633,0.296294095886272,32,43,2
32,"cgfm_shared","rolling_one_step",11,1,2,6,6.55715942602673,NA,1.93636011224629,0.732204145745766,0.422044514900863,NA,NA,0.310426626010432,0.557159426026727,32,43,2
32,"cgfm_time_varying","rolling_one_step",11,1,2,6,3.64455124127579,NA,2.70432812348933,1.61164041406195,0.760572516049925,NA,NA,5.54813885497542,2.35544875872421,32,43,2
32,"cgfm_independent","rolling_one_step",12,1,1,2,3.90124568349273,NA,1.94674711945428,1.06483429270017,0.27640494195116,NA,NA,3.61473514899973,1.90124568349273,32,13,1
32,"cgfm_shared","rolling_one_step",12,1,1,2,4.52532993911746,NA,2.22078995641574,1.61856263947049,0.0727346185890442,NA,NA,6.37729130140297,2.52532993911746,32,13,1
32,"cgfm_time_varying","rolling_one_step",12,1,1,2,2.75463773498734,NA,1.72832825099485,0.739323861951237,0.403141692348787,NA,NA,0.56947811106682,0.754637734987338,32,13,1
32,"cgfm_independent","rolling_one_step",12,1,2,6,5.46766361993727,NA,2.60855257894733,1.25562311146847,0.601502246332696,NA,NA,0.283382021538296,0.532336380062734,32,43,2
32,"cgfm_shared","rolling_one_step",12,1,2,6,6.23052201179263,NA,1.91582934745948,0.680768080602688,0.512193692822091,NA,NA,0.0531403979209229,0.230522011792633,32,43,2
32,"cgfm_time_varying","rolling_one_step",12,1,2,6,5.63317889435852,NA,2.34648779352002,1.05396735227136,0.529144201092743,NA,NA,0.134557723544039,0.366821105641482,32,43,2
33,"cgfm_independent","rolling_one_step",2,1,1,1,5.15900062860178,NA,2.23813112596684,2.29987159468982,0.169906681937675,NA,NA,17.29728622871,4.15900062860178,33,20,1
33,"cgfm_shared","rolling_one_step",2,1,1,1,4.19366477701287,NA,2.47004288845712,2.08704701788274,0.0445442228291298,NA,NA,10.1994947079327,3.19366477701287,33,20,1
33,"cgfm_time_varying","rolling_one_step",2,1,1,1,4.17263413242049,NA,2.21318444413879,2.02494827815921,0.155728203136004,NA,NA,10.0656073381995,3.17263413242049,33,20,1
33,"cgfm_independent","rolling_one_step",2,1,2,3,7.1273482313326,NA,2.44003339453101,2.14209405374957,0.206150824621489,NA,NA,17.0350034226843,4.1273482313326,33,38,2
33,"cgfm_shared","rolling_one_step",2,1,2,3,3.23946826337383,NA,1.73498433850275,0.577468002948367,0.416371344610123,NA,NA,0.0573450491632777,0.239468263373829,33,38,2
33,"cgfm_time_varying","rolling_one_step",2,1,2,3,3.3241880777093,NA,1.970091976833,0.79635394986132,0.542745113196781,NA,NA,0.105097909728852,0.324188077709301,33,38,2
33,"cgfm_independent","rolling_one_step",3,1,1,3,5.51527250144712,NA,2.23841421457463,1.39567268912709,0.301415257134641,NA,NA,6.32659575653607,2.51527250144712,33,20,1
33,"cgfm_shared","rolling_one_step",3,1,1,3,3.51925567071145,NA,1.70181159995321,0.599319301855761,0.414889604860209,NA,NA,0.269626451565996,0.519255670711448,33,20,1
33,"cgfm_time_varying","rolling_one_step",3,1,1,3,2.79499371420314,NA,1.99896145962824,0.775531140153383,0.569688983475977,NA,NA,0.0420275772162224,0.205006285796856,33,20,1
33,"cgfm_independent","rolling_one_step",3,1,2,16,7.61929277013882,NA,4.04143182284329,5.69482493696033,0.866143415676877,NA,NA,70.2362536726475,8.38070722986118,33,38,2
33,"cgfm_shared","rolling_one_step",3,1,2,16,3.41753390883212,NA,6.93559021790177,10.3871518088866,0.958175483260446,NA,NA,158.31845293539,12.5824660911679,33,38,2
33,"cgfm_time_varying","rolling_one_step",3,1,2,16,4.6955833127687,NA,5.54913784484231,8.38700926213077,0.933455437586031,NA,NA,127.789836638554,11.3044166872313,33,38,2
33,"cgfm_independent","rolling_one_step",4,1,1,6,5.99680051004173,NA,2.59612635655148,1.24599877667374,0.554370000640012,NA,NA,1.0236735993087e-05,0.00319948995827257,33,20,1
33,"cgfm_shared","rolling_one_step",4,1,1,6,3.75101346995952,NA,2.48870420754087,1.40762350042021,0.770476809610925,NA,NA,5.05794041230352,2.24898653004048,33,20,1
33,"cgfm_time_varying","rolling_one_step",4,1,1,6,4.31241778919679,NA,2.54914718122148,1.33948596679142,0.658182133905913,NA,NA,2.84793371821945,1.68758221080321,33,20,1
33,"cgfm_independent","rolling_one_step",4,1,2,10,8.28456475165038,NA,3.07960223636912,2.03278717898759,0.632002880640615,NA,NA,2.94271809128033,1.71543524834962,33,38,2
33,"cgfm_shared","rolling_one_step",4,1,2,10,7.28281036735422,NA,2.63330450017987,1.65919600983803,0.813322266451069,NA,NA,7.38311949975772,2.71718963264578,33,38,2
33,"cgfm_time_varying","rolling_one_step",4,1,2,10,14.4782783254551,NA,2.8771619615447,2.72811358490802,0.262493620004454,NA,NA,20.0549767602407,4.47827832545507,33,38,2
33,"cgfm_independent","rolling_one_step",5,1,1,6,7.2308194730336,NA,2.62124572940367,1.38765564508261,0.454464831153198,NA,NA,1.51491657519872,1.2308194730336,33,20,1
33,"cgfm_shared","rolling_one_step",5,1,1,6,4.97967934147955,NA,2.08916884294639,0.838919451416222,0.6345666560914,NA,NA,1.04105424620361,1.02032065852045,33,20,1
33,"cgfm_time_varying","rolling_one_step",5,1,1,6,7.18353409848886,NA,2.3960757653866,1.26431790803613,0.419465530767013,NA,NA,1.40075296228584,1.18353409848886,33,20,1
33,"cgfm_independent","rolling_one_step",5,1,2,12,9.98966817992725,NA,3.25416923643647,2.41657428102503,0.650198897432045,NA,NA,4.04143402679702,2.01033182007275,33,38,2
33,"cgfm_shared","rolling_one_step",5,1,2,12,9.28670843019624,NA,2.64124541517864,1.66242440024187,0.783985674728406,NA,NA,7.36195114276816,2.71329156980376,33,38,2
33,"cgfm_time_varying","rolling_one_step",5,1,2,12,11.3307533611941,NA,2.83440982950104,1.64012573305331,0.586051583737192,NA,NA,0.447891063552957,0.669246638805872,33,38,2
33,"cgfm_independent","rolling_one_step",6,1,1,3,5.36254139417497,NA,2.22006362002605,1.33331745360997,0.369062253356944,NA,NA,5.5816018391902,2.36254139417497,33,20,1
33,"cgfm_shared","rolling_one_step",6,1,1,3,3.86276922101992,NA,1.69651504604025,0.673176073370588,0.398379920274406,NA,NA,0.744370728739315,0.862769221019918,33,20,1
33,"cgfm_time_varying","rolling_one_step",6,1,1,3,4.75462019206455,NA,2.05414631435854,1.19564483959081,0.303413285205337,NA,NA,3.07869201840064,1.75462019206455,33,20,1
33,"cgfm_independent","rolling_one_step",6,1,2,8,7.40842298685941,NA,2.85105027412036,1.58621983147639,0.600263040428697,NA,NA,0.349963362476346,0.591577013140594,33,38,2
33,"cgfm_shared","rolling_one_step",6,1,2,8,7.33603993936853,NA,2.12267237445198,0.822037684460393,0.588719097005063,NA,NA,0.440842962113746,0.663960060631471,33,38,2
33,"cgfm_time_varying","rolling_one_step",6,1,2,8,8.46952474005284,NA,2.49909946223311,1.25906356805205,0.441617385558698,NA,NA,0.220453481521684,0.469524740052837,33,38,2
33,"cgfm_independent","rolling_one_step",7,1,1,0,4.47404272862157,NA,2.40521547288053,2.71155275648447,0.0511418643300174,NA,NA,20.0170583375315,4.47404272862157,33,20,1
33,"cgfm_shared","rolling_one_step",7,1,1,0,3.16172473892682,NA,3.04090102372353,2.28507498202051,0.0369746316420092,NA,NA,9.99650332474188,3.16172473892682,33,20,1
33,"cgfm_time_varying","rolling_one_step",7,1,1,0,3.26288158147533,NA,2.28781032892138,2.1949098628658,0.0651074597122183,NA,NA,10.646396214731,3.26288158147533,33,20,1
33,"cgfm_independent","rolling_one_step",7,1,2,6,6.18120886450661,NA,2.59678221899701,1.2548388997619,0.562130920352141,NA,NA,0.0328366525757737,0.181208864506607,33,38,2
33,"cgfm_shared","rolling_one_step",7,1,2,6,6.25646356446136,NA,1.93701563776996,0.696584582800952,0.536694209325496,NA,NA,0.0657735598962245,0.256463564461357,33,38,2
33,"cgfm_time_varying","rolling_one_step",7,1,2,6,6.53209538331756,NA,2.32861685584883,1.09920725855961,0.46811942774605,NA,NA,0.283125496947865,0.532095383317563,33,38,2
33,"cgfm_independent","rolling_one_step",8,1,1,0,4.03703676159217,NA,2.26609624978232,2.43055385427543,0.00931626357315411,NA,NA,16.2976658144466,4.03703676159217,33,20,1
33,"cgfm_shared","rolling_one_step",8,1,1,0,2.56115324964986,NA,2.50235864139434,1.79428454227491,0.0756808931685159,NA,NA,6.55950596819206,2.56115324964986,33,20,1
33,"cgfm_time_varying","rolling_one_step",8,1,1,0,1.67091883022796,NA,1.29014022317798,1.0326029558265,0.161386729500007,NA,NA,2.79196973721038,1.67091883022796,33,20,1
33,"cgfm_independent","rolling_one_step",8,1,2,5,5.57747587178307,NA,2.44980644252774,1.12364731598339,0.476207885100382,NA,NA,0.333478382491618,0.577475871783071,33,38,2
33,"cgfm_shared","rolling_one_step",8,1,2,5,5.59495517853463,NA,1.8623709170244,0.696006009114228,0.409329841670878,NA,NA,0.353971664465176,0.594955178534632,33,38,2
33,"cgfm_time_varying","rolling_one_step",8,1,2,5,5.47920628085385,NA,2.22387798473562,1.00282629278309,0.528880878132965,NA,NA,0.229638659609783,0.479206280853854,33,38,2
33,"cgfm_independent","rolling_one_step",9,1,1,2,4.03834795759384,NA,1.9673595726498,1.1241596468336,0.366591812353018,NA,NA,4.15486239622697,2.03834795759384,33,20,1
33,"cgfm_shared","rolling_one_step",9,1,1,2,2.30833541332265,NA,1.41556215276758,0.44231021463581,0.492524460129666,NA,NA,0.0950707271088494,0.30833541332265,33,20,1
33,"cgfm_time_varying","rolling_one_step",9,1,1,2,1.73662690703019,NA,1.75538892757366,0.631598762031498,0.674098561388461,NA,NA,0.0693653861004839,0.263373092969809,33,20,1
33,"cgfm_independent","rolling_one_step",9,1,2,6,5.57928735680386,NA,2.60010907818498,1.24478769390039,0.608760245752702,NA,NA,0.176999128145083,0.42071264319614,33,38,2
33,"cgfm_shared","rolling_one_step",9,1,2,6,5.4377718256017,NA,1.95005148598999,0.697090661910403,0.635308834273506,NA,NA,0.31610052008725,0.562228174398304,33,38,2
33,"cgfm_time_varying","rolling_one_step",9,1,2,6,5.19043304926565,NA,2.38954923400689,1.10190236082825,0.612179341219741,NA,NA,0.65539864772132,0.809566950734354,33,38,2
33,"cgfm_independent","rolling_one_step",10,1,1,6,4.71729112478628,NA,2.64087978199334,1.33791377771759,0.637268227422106,NA,NA,1.64534205855204,1.28270887521372,33,20,1
33,"cgfm_shared","rolling_one_step",10,1,1,6,2.70196858594619,NA,3.28384759374804,2.24244321880207,0.90242269119624,NA,NA,10.8770112080858,3.29803141405381,33,20,1
33,"cgfm_time_varying","rolling_one_step",10,1,1,6,3.35291961873689,NA,2.80846371123107,1.77413913557738,0.769436016181074,NA,NA,7.00703454486804,2.64708038126311,33,20,1
33,"cgfm_independent","rolling_one_step",10,1,2,7,6.51724080807399,NA,2.73332382795193,1.41507868331521,0.568511239869044,NA,NA,0.233056437389052,0.482759191926008,33,38,2
33,"cgfm_shared","rolling_one_step",10,1,2,7,6.47789431647361,NA,2.02040981825234,0.740030159435245,0.624978302325806,NA,NA,0.272594344770558,0.522105683526389,33,38,2
33,"cgfm_time_varying","rolling_one_step",10,1,2,7,6.80790710461272,NA,2.45956326630845,1.16979155151861,0.546958523442873,NA,NA,0.0368996804582673,0.192092895387277,33,38,2
33,"cgfm_independent","rolling_one_step",11,1,1,3,4.09025811741558,NA,2.08437102386382,0.90254975271424,0.500473803154766,NA,NA,1.18866276259057,1.09025811741558,33,20,1
33,"cgfm_shared","rolling_one_step",11,1,1,3,2.61647072917045,NA,1.614332092462,0.50520968247273,0.57213298442586,NA,NA,0.147094701583048,0.383529270829553,33,20,1
33,"cgfm_time_varying","rolling_one_step",11,1,1,3,4.75260144364787,NA,2.03691103410283,1.19052960430465,0.361732840167363,NA,NA,3.07161182027661,1.75260144364787,33,20,1
33,"cgfm_independent","rolling_one_step",11,1,2,6,5.65100379328816,NA,2.59882694068988,1.24304052050849,0.569558959019925,NA,NA,0.121798352299253,0.348996206711839,33,38,2
33,"cgfm_shared","rolling_one_step",11,1,2,6,5.75327404000148,NA,1.92242640246867,0.666482635712233,0.537536699274606,NA,NA,0.060873699337191,0.246725959998519,33,38,2
33,"cgfm_time_varying","rolling_one_step",11,1,2,6,5.93008995940875,NA,2.32568559345604,1.04382279897919,0.506022786710016,NA,NA,0.00488741377547004,0.0699100405912487,33,38,2
33,"cgfm_independent","rolling_one_step",12,1,1,1,3.88995816040263,NA,1.93585923961027,1.55390482505772,0.218859991906115,NA,NA,8.35185816887774,2.88995816040263,33,20,1
33,"cgfm_shared","rolling_one_step",12,1,1,1,2.49914683647746,NA,1.62325045860698,0.921092364536672,0.155215661204008,NA,NA,2.24744123732037,1.49914683647746,33,20,1
33,"cgfm_time_varying","rolling_one_step",12,1,1,1,3.28500617408436,NA,1.86558211147862,1.4176108812769,0.205031948765535,NA,NA,5.22125321560363,2.28500617408436,33,20,1
33,"cgfm_independent","rolling_one_step",12,1,2,11,5.37427832878209,NA,3.627473029998,3.79133643411514,0.846944775626044,NA,NA,31.6487443220109,5.62572167121791,33,38,2
33,"cgfm_shared","rolling_one_step",12,1,2,11,5.45841523345506,NA,4.18324060643818,3.88930660319079,0.938572854781473,NA,NA,30.709161724803,5.54158476654494,33,38,2
33,"cgfm_time_varying","rolling_one_step",12,1,2,11,5.56588031359202,NA,3.58225740546762,3.51546193482147,0.861103155413401,NA,NA,29.5296567662068,5.43411968640798,33,38,2
34,"cgfm_independent","rolling_one_step",2,1,1,12,4.83303034565778,NA,4.05341050214326,4.98961666099873,0.902984331890679,NA,NA,51.3654540262622,7.16696965434222,34,14,1
34,"cgfm_shared","rolling_one_step",2,1,1,12,7.63282555941133,NA,3.17368530652272,2.73664005244044,0.86050477319118,NA,NA,19.072212594531,4.36717444058867,34,14,1
34,"cgfm_time_varying","rolling_one_step",2,1,1,12,7.70281986579398,NA,3.15967986490348,2.6579043881141,0.785262718445414,NA,NA,18.4657571058148,4.29718013420602,34,14,1
34,"cgfm_independent","rolling_one_step",2,1,2,9,6.90341346266306,NA,3.00919979349703,1.94682275462834,0.699240200379954,NA,NA,4.39567510854251,2.09658653733694,34,46,2
34,"cgfm_shared","rolling_one_step",2,1,2,9,5.37438009603841,NA,3.00976644723268,2.2868198104026,0.867885565228642,NA,NA,13.1451196880024,3.62561990396159,34,46,2
34,"cgfm_time_varying","rolling_one_step",2,1,2,9,5.40990121865764,NA,3.04145776208314,2.29275005964148,0.817252689956532,NA,NA,12.8888092597959,3.59009878134236,34,46,2
34,"cgfm_independent","rolling_one_step",3,1,1,8,5.45360026180706,NA,2.97007521960469,1.9505495308374,0.741121194172594,NA,NA,6.4841516266691,2.54639973819294,34,14,1
34,"cgfm_shared","rolling_one_step",3,1,1,8,10.1470224587616,NA,2.32177753992039,1.37774723153728,0.320730122770783,NA,NA,4.6097054384266,2.14702245876158,34,14,1
34,"cgfm_time_varying","rolling_one_step",3,1,1,8,10.306194617304,NA,2.5473247801947,1.67649480286593,0.352721712758158,NA,NA,5.31853361288212,2.30619461730404,34,14,1
34,"cgfm_independent","rolling_one_step",3,1,2,6,7.78947350678199,NA,2.64425463726072,1.51067212924369,0.457968837925791,NA,NA,3.20221543147463,1.78947350678199,34,46,2
34,"cgfm_shared","rolling_one_step",3,1,2,6,7.41480524275828,NA,2.11471916254455,1.02674835730383,0.384149698371935,NA,NA,2.00167387493632,1.41480524275828,34,46,2
34,"cgfm_time_varying","rolling_one_step",3,1,2,6,9.35038837381713,NA,2.57726933940709,2.07958444419691,0.253737681563776,NA,NA,11.225102255409,3.35038837381713,34,46,2
34,"cgfm_independent","rolling_one_step",4,1,1,9,5.8659535833007,NA,3.11085152332814,2.28025234511041,0.773770444850602,NA,NA,9.82224694202575,3.1340464166993,34,14,1
34,"cgfm_shared","rolling_one_step",4,1,1,9,10.5039201933918,NA,2.27090114167672,1.1451909218622,0.311118824999857,NA,NA,2.2617759480916,1.50392019339179,34,14,1
34,"cgfm_time_varying","rolling_one_step",4,1,1,9,7.5990700353292,NA,2.63815665511309,1.40874600073308,0.652806924451358,NA,NA,1.96260476591253,1.4009299646708,34,14,1
34,"cgfm_independent","rolling_one_step",4,1,2,7,8.37843988298467,NA,2.75668349817884,1.59310219309959,0.462960799437718,NA,NA,1.90009651100279,1.37843988298467,34,46,2
34,"cgfm_shared","rolling_one_step",4,1,2,7,7.6954213093747,NA,2.09610048662074,0.857278991562673,0.374842265444877,NA,NA,0.483610797532426,0.695421309374702,34,46,2
34,"cgfm_time_varying","rolling_one_step",4,1,2,7,7.11311608121589,NA,2.49115525220268,1.21805768539034,0.507411569572538,NA,NA,0.0127952478296404,0.113116081215892,34,46,2
34,"cgfm_independent","rolling_one_step",5,1,1,12,7.0460536358282,NA,3.47719473977591,3.37876543755802,0.802248647714542,NA,NA,24.5415845790909,4.9539463641718,34,14,1
34,"cgfm_shared","rolling_one_step",5,1,1,12,11.9455426520177,NA,2.32952821428533,0.982879440581525,0.534154908033308,NA,NA,0.00296560274926958,0.0544573479823391,34,14,1
34,"cgfm_time_varying","rolling_one_step",5,1,1,12,9.35806666347362,NA,2.91829933416356,1.9385821519353,0.706140576071416,NA,NA,6.97981175464943,2.64193333652638,34,14,1
34,"cgfm_independent","rolling_one_step",5,1,2,9,10.0642424945042,NA,2.97477520356005,1.92681853273395,0.487866728676443,NA,NA,1.13261208710845,1.06424249450417,34,46,2
34,"cgfm_shared","rolling_one_step",5,1,2,9,8.84483261774659,NA,2.19608303503857,0.86462438990115,0.526849014727238,NA,NA,0.0240769165153769,0.155167382253413,34,46,2
34,"cgfm_time_varying","rolling_one_step",5,1,2,9,8.86740024081504,NA,2.67163216624965,1.41847368233007,0.512096107409266,NA,NA,0.0175826961359092,0.132599759184959,34,46,2
34,"cgfm_independent","rolling_one_step",6,1,1,7,5.25012039371978,NA,2.79512270137969,1.5837350585051,0.703035990820729,NA,NA,3.0620786364754,1.74987960628022,34,14,1
34,"cgfm_shared","rolling_one_step",6,1,1,7,8.96177073010078,NA,2.2137486972579,1.26139281827908,0.265021791610011,NA,NA,3.84854439748016,1.96177073010078,34,14,1
34,"cgfm_time_varying","rolling_one_step",6,1,1,7,7.69294497593676,NA,2.36778821638051,1.15658816747194,0.421836957582587,NA,NA,0.480172739675993,0.692944975936757,34,14,1
34,"cgfm_independent","rolling_one_step",6,1,2,4,7.49893410548533,NA,2.49791435416727,1.87305098564095,0.346555119879343,NA,NA,12.2425398745284,3.49893410548533,34,46,2
34,"cgfm_shared","rolling_one_step",6,1,2,4,6.65349010121815,NA,2.27344343731623,1.63684319493434,0.17675171154665,NA,NA,7.04100971726269,2.65349010121815,34,46,2
34,"cgfm_time_varying","rolling_one_step",6,1,2,4,6.9431341661472,NA,2.37099485633259,1.82065394130155,0.245990936517328,NA,NA,8.66203871994295,2.9431341661472,34,46,2
34,"cgfm_independent","rolling_one_step",7,1,1,2,4.39194852830725,NA,2.02668799805983,1.28435876222547,0.224290391301829,NA,NA,5.72141776207121,2.39194852830725,34,14,1
34,"cgfm_shared","rolling_one_step",7,1,1,2,7.35948367446555,NA,3.88976230870532,3.9409765361995,0.00867331334624357,NA,NA,28.7240652568628,5.35948367446555,34,14,1
34,"cgfm_time_varying","rolling_one_step",7,1,1,2,5.3038179434744,NA,2.3146593991572,2.07553459449877,0.104310696156231,NA,NA,10.9152130036234,3.3038179434744,34,14,1
34,"cgfm_independent","rolling_one_step",7,1,2,3,6.27346888012891,NA,2.33181384941013,1.72966628343318,0.271893867312572,NA,NA,10.7155985091724,3.27346888012891,34,46,2
34,"cgfm_shared","rolling_one_step",7,1,2,3,5.32381396677633,NA,2.12891751172793,1.43894514291408,0.171866645169321,NA,NA,5.40011135218476,2.32381396677633,34,46,2
34,"cgfm_time_varying","rolling_one_step",7,1,2,3,4.32439989831489,NA,2.02044078978242,1.03401935752196,0.396892221337117,NA,NA,1.75403509065648,1.32439989831489,34,46,2
34,"cgfm_independent","rolling_one_step",8,1,1,4,3.95882530281534,NA,2.25576213136029,0.900074721028752,0.563037498560364,NA,NA,0.00169535568824882,0.0411746971846645,34,14,1
34,"cgfm_shared","rolling_one_step",8,1,1,4,6.13502058340465,NA,2.10602769815208,1.31832859052178,0.24887926396537,NA,NA,4.55831289156155,2.13502058340465,34,14,1
34,"cgfm_time_varying","rolling_one_step",8,1,1,4,2.70356426355953,NA,2.27918455597544,1.05086096652296,0.724442320489587,NA,NA,1.68074561871994,1.29643573644047,34,14,1
34,"cgfm_independent","rolling_one_step",8,1,2,0,5.65482088032888,NA,2.74219425179913,3.47329179622013,0.025360330726759,NA,NA,31.9769991886035,5.65482088032888,34,46,2
34,"cgfm_shared","rolling_one_step",8,1,2,0,4.57026116992957,NA,4.35663839326682,3.49148063064236,0.00821270813361871,NA,NA,20.887287161366,4.57026116992957,34,46,2
34,"cgfm_time_varying","rolling_one_step",8,1,2,0,3.76117476772458,NA,2.49225835608967,2.53899077244546,0.00467527827321009,NA,NA,14.1464356333681,3.76117476772458,34,46,2
34,"cgfm_independent","rolling_one_step",9,1,1,2,3.94638976121935,NA,1.95156942734166,1.08448986120736,0.325897097149865,NA,NA,3.78843310257953,1.94638976121935,34,14,1
34,"cgfm_shared","rolling_one_step",9,1,1,2,5.78735026526309,NA,2.93162676262197,2.6141576142094,0.0368906154040121,NA,NA,14.3440220317884,3.78735026526309,34,14,1
34,"cgfm_time_varying","rolling_one_step",9,1,1,2,3.93413199546705,NA,1.92822997123459,1.22892990454631,0.193908036739164,NA,NA,3.74086657588936,1.93413199546705,34,14,1
34,"cgfm_independent","rolling_one_step",9,1,2,8,5.63705820919626,NA,2.94875564853863,1.88843791296662,0.729402414887847,NA,NA,5.58349390672676,2.36294179080374,34,46,2
34,"cgfm_shared","rolling_one_step",9,1,2,8,4.06637268842641,NA,3.41392442908767,2.63679053761599,0.91576159326509,NA,NA,15.4734238263577,3.93362731157359,34,46,2
34,"cgfm_time_varying","rolling_one_step",9,1,2,8,2.08615350097019,NA,4.5960030695172,4.3583780539166,0.912284317698152,NA,NA,34.9735804140872,5.91384649902981,34,46,2
34,"cgfm_independent","rolling_one_step",10,1,1,2,4.75047138603746,NA,2.08805740431557,1.45627038379588,0.25409102089863,NA,NA,7.56509284541082,2.75047138603746,34,14,1
34,"cgfm_shared","rolling_one_step",10,1,1,2,6.72169078478458,NA,3.50572022881058,3.40031848959481,0.0368196922101346,NA,NA,22.2943638671196,4.72169078478458,34,14,1
34,"cgfm_time_varying","rolling_one_step",10,1,1,2,3.41948114291156,NA,1.83999478044486,0.981350868296321,0.253858973736266,NA,NA,2.0149267150815,1.41948114291156,34,14,1
34,"cgfm_independent","rolling_one_step",10,1,2,2,6.78551357683779,NA,2.42864279448493,2.54754953908595,0.13716010410005,NA,NA,22.9011401940989,4.78551357683779,34,46,2
34,"cgfm_shared","rolling_one_step",10,1,2,2,5.32108643802421,NA,2.64516325634869,2.22722200217011,0.104177334718632,NA,NA,11.0296151288284,3.32108643802421,34,46,2
34,"cgfm_time_varying","rolling_one_step",10,1,2,2,8.55429296670897,NA,3.27344578592476,4.40919629709607,0.0464922967830473,NA,NA,42.9587562934507,6.55429296670897,34,46,2
34,"cgfm_independent","rolling_one_step",11,1,1,2,4.07005665067981,NA,1.97220622256066,1.13822250572524,0.32357870959052,NA,NA,4.2851345370237,2.07005665067981,34,14,1
34,"cgfm_shared","rolling_one_step",11,1,1,2,5.53785471789298,NA,2.78754643261732,2.41150843543947,0.046249727360549,NA,NA,12.5164160049176,3.53785471789298,34,14,1
34,"cgfm_time_varying","rolling_one_step",11,1,1,2,2.6618347121245,NA,1.71632410998265,0.713113545653387,0.384775171256696,NA,NA,0.438025186172919,0.6618347121245,34,14,1
34,"cgfm_independent","rolling_one_step",11,1,2,2,5.8137006094696,NA,2.26911546269438,2.00753644169784,0.252582513411832,NA,NA,14.5443123386688,3.8137006094696,34,46,2
34,"cgfm_shared","rolling_one_step",11,1,2,2,4.40879059372893,NA,2.15660098432917,1.530159410235,0.166885643517816,NA,NA,5.80227212443697,2.40879059372893,34,46,2
34,"cgfm_time_varying","rolling_one_step",11,1,2,2,3.1273551907996,NA,1.79925063154012,0.868391366844961,0.412094154573798,NA,NA,1.2709297262228,1.1273551907996,34,46,2
34,"cgfm_independent","rolling_one_step",12,1,1,3,3.91253930096905,NA,2.06850630558459,0.85809002518871,0.516890152494721,NA,NA,0.832727975813078,0.912539300969048,34,14,1
34,"cgfm_shared","rolling_one_step",12,1,1,3,5.08549374905284,NA,2.04255009098988,1.29167026895676,0.186656413887427,NA,NA,4.34928417733847,2.08549374905284,34,14,1
34,"cgfm_time_varying","rolling_one_step",12,1,1,3,2.76976789837013,NA,1.94402259319581,0.742295893605203,0.533645497153829,NA,NA,0.0530068206209057,0.230232101629868,34,14,1
34,"cgfm_independent","rolling_one_step",12,1,2,0,5.58870682863349,NA,2.72495631097791,3.43076788101067,0.0192611002754484,NA,NA,31.2336440164146,5.58870682863349,34,46,2
34,"cgfm_shared","rolling_one_step",12,1,2,0,4.0718043959024,NA,3.95279360442568,3.07517446361875,0.00344591836921715,NA,NA,16.5795910384901,4.0718043959024,34,46,2
34,"cgfm_time_varying","rolling_one_step",12,1,2,0,3.26417137676833,NA,2.19763728056632,2.15619724488061,0.0731956248618536,NA,NA,10.6548147769137,3.26417137676833,34,46,2
35,"cgfm_independent","rolling_one_step",2,1,1,6,4.97554803412072,NA,2.61553719990449,1.28712935177948,0.66607106728967,NA,NA,1.04950183039392,1.02445196587928,35,15,1
35,"cgfm_shared","rolling_one_step",2,1,1,6,6.16566695187013,NA,2.04987238108132,0.765902349137196,0.504348785677457,NA,NA,0.0274455389419406,0.165666951870132,35,15,1
35,"cgfm_time_varying","rolling_one_step",2,1,1,6,6.1925744731914,NA,2.2672581399354,1.01008740993263,0.498644550191415,NA,NA,0.0370849277249447,0.192574473191399,35,15,1
35,"cgfm_independent","rolling_one_step",2,1,2,6,7.06078932493853,NA,2.60774703472963,1.34976660666878,0.461057740484244,NA,NA,1.12527399190353,1.06078932493853,35,31,2
35,"cgfm_shared","rolling_one_step",2,1,2,6,5.93788769333457,NA,2.06972106204365,0.769104462496557,0.567909943657918,NA,NA,0.00385793863930007,0.0621123066654272,35,31,2
35,"cgfm_time_varying","rolling_one_step",2,1,2,6,5.97466637499944,NA,2.3376283770334,1.05677796608445,0.53950528264828,NA,NA,0.000641792555669202,0.025333625000564,35,31,2
35,"cgfm_independent","rolling_one_step",3,1,1,8,5.50869251162507,NA,2.95801780379007,1.92431458210743,0.741132874428046,NA,NA,6.20661300163299,2.49130748837493,35,15,1
35,"cgfm_shared","rolling_one_step",3,1,1,8,6.87437827053622,NA,2.24559563697204,0.96598279065985,0.612001832515766,NA,NA,1.26702427784104,1.12562172946378,35,15,1
35,"cgfm_time_varying","rolling_one_step",3,1,1,8,6.18803999194872,NA,2.63851460088809,1.45591414813956,0.650594409251343,NA,NA,3.28319907077718,1.81196000805128,35,15,1
35,"cgfm_independent","rolling_one_step",3,1,2,3,7.81708498032804,NA,2.52841797299162,2.51159060302062,0.189491879710437,NA,NA,23.204307707702,4.81708498032804,35,31,2
35,"cgfm_shared","rolling_one_step",3,1,2,3,6.69375286662992,NA,2.62439651539881,2.36578559781716,0.0958792518900461,NA,NA,13.6438102397368,3.69375286662992,35,31,2
35,"cgfm_time_varying","rolling_one_step",3,1,2,3,7.0503793678794,NA,2.51204049182141,2.45985903409368,0.196640664666588,NA,NA,16.4055730237431,4.0503793678794,35,31,2
35,"cgfm_independent","rolling_one_step",4,1,1,8,5.91637393124312,NA,2.91548297736872,1.7983642656029,0.691334727431238,NA,NA,4.34149759440325,2.08362606875688,35,15,1
35,"cgfm_shared","rolling_one_step",4,1,1,8,7.78627531884387,NA,2.14407512284624,0.822654727468952,0.590589452099308,NA,NA,0.0456782393352897,0.213724681156131,35,15,1
35,"cgfm_time_varying","rolling_one_step",4,1,1,8,7.59670145511748,NA,2.50817495710928,1.21852337193905,0.533878759903356,NA,NA,0.162649716304359,0.403298544882522,35,15,1
35,"cgfm_independent","rolling_one_step",4,1,2,6,8.3956080103066,NA,2.67345768044393,1.69115537302675,0.407348289229998,NA,NA,5.73893773904515,2.3956080103066,35,31,2
35,"cgfm_shared","rolling_one_step",4,1,2,6,6.25031882144074,NA,2.00514799562459,0.741208836916825,0.50946289180226,NA,NA,0.0626595123674795,0.250318821440737,35,31,2
35,"cgfm_time_varying","rolling_one_step",4,1,2,6,4.94211679071737,NA,2.49650401245189,1.21669298886195,0.659777091741996,NA,NA,1.11911688448211,1.05788320928263,35,31,2
35,"cgfm_independent","rolling_one_step",5,1,1,0,7.31217052653375,NA,3.15383585899913,4.55214843759905,0.0350910650735124,NA,NA,53.4678378091089,7.31217052653375,35,15,1
35,"cgfm_shared","rolling_one_step",5,1,1,0,9.43129102022578,NA,6.76602596345543,7.65949930397603,0.000949197453061548,NA,NA,88.9492503081914,9.43129102022578,35,15,1
35,"cgfm_time_varying","rolling_one_step",5,1,1,0,8.85838361072792,NA,4.90622982927938,6.55720035320379,0.00265296911993994,NA,NA,78.470960194813,8.85838361072792,35,15,1
35,"cgfm_independent","rolling_one_step",5,1,2,4,10.3766528374927,NA,2.80389766023286,3.45569981193499,0.218072677025616,NA,NA,40.6617014099041,6.37665283749273,35,31,2
35,"cgfm_shared","rolling_one_step",5,1,2,4,7.46115805301762,NA,2.54055864960448,2.17472160087938,0.119923020629311,NA,NA,11.9796150679687,3.46115805301762,35,31,2
35,"cgfm_time_varying","rolling_one_step",5,1,2,4,8.29573283664989,NA,2.60454597827715,2.55843341727511,0.159512583799767,NA,NA,18.4533206038721,4.29573283664989,35,31,2
35,"cgfm_independent","rolling_one_step",6,1,1,3,5.36476737857242,NA,2.21651921624682,1.33410771622923,0.358101167270334,NA,NA,5.59212475476029,2.36476737857242,35,15,1
35,"cgfm_shared","rolling_one_step",6,1,1,3,5.56261581365136,NA,2.2172342034043,1.59343511218808,0.176858185428495,NA,NA,6.56699980837603,2.56261581365136,35,15,1
35,"cgfm_time_varying","rolling_one_step",6,1,1,3,1.80720465610188,NA,2.2006706389617,0.973007211972714,0.747174637006307,NA,NA,1.42276073242503,1.19279534389812,35,15,1
35,"cgfm_independent","rolling_one_step",6,1,2,1,7.61288685937691,NA,2.74519797179625,3.82563775012908,0.0912555822206512,NA,NA,43.7302726149198,6.61288685937691,35,31,2
35,"cgfm_shared","rolling_one_step",6,1,2,1,4.98073313167066,NA,3.20513503819403,2.83455360209714,0.0342845024899661,NA,NA,15.8462362655805,3.98073313167066,35,31,2
35,"cgfm_time_varying","rolling_one_step",6,1,2,1,4.30527348231523,NA,2.18977695529075,2.05776278061894,0.129787526916325,NA,NA,10.9248327928962,3.30527348231523,35,31,2
35,"cgfm_independent","rolling_one_step",7,1,1,3,4.39414876602366,NA,2.10746648342622,0.9858833781499,0.362004372860767,NA,NA,1.9436507818053,1.39414876602366,35,15,1
35,"cgfm_shared","rolling_one_step",7,1,1,3,4.33264513699254,NA,1.79532105313658,0.864866958266954,0.355999520236162,NA,NA,1.77594306114987,1.33264513699254,35,15,1
35,"cgfm_time_varying","rolling_one_step",7,1,1,3,3.21219174475385,NA,1.91834498163889,0.753626033616886,0.492363314743501,NA,NA,0.0450253365416836,0.212191744753851,35,15,1
35,"cgfm_independent","rolling_one_step",7,1,2,3,6.23584115919068,NA,2.32524358036929,1.71425078428781,0.257362249150338,NA,NA,10.4706680075125,3.23584115919068,35,31,2
35,"cgfm_shared","rolling_one_step",7,1,2,3,3.6849957381297,NA,1.65520673845185,0.612119288694454,0.325222551236807,NA,NA,0.469219161255852,0.6849957381297,35,31,2
35,"cgfm_time_varying","rolling_one_step",7,1,2,3,2.62465178114208,NA,2.01194435508552,0.782524545709928,0.657377425837014,NA,NA,0.140886285399814,0.375348218857922,35,31,2
35,"cgfm_independent","rolling_one_step",8,1,1,2,3.99223590841066,NA,1.95710376509552,1.10480586842974,0.333049781538841,NA,NA,3.96900391476084,1.99223590841066,35,15,1
35,"cgfm_shared","rolling_one_step",8,1,1,2,3.79862067516091,NA,1.86341162011094,1.10882414010725,0.142471473742751,NA,NA,3.2350363331163,1.79862067516091,35,15,1
35,"cgfm_time_varying","rolling_one_step",8,1,1,2,3.25953235903236,NA,1.79044682328349,0.911368369876019,0.260962566660781,NA,NA,1.58642176344961,1.25953235903236,35,15,1
35,"cgfm_independent","rolling_one_step",8,1,2,1,5.66549723961342,NA,2.3582469989215,2.61711694438878,0.115814207739395,NA,NA,21.7668644928405,4.66549723961342,35,31,2
35,"cgfm_shared","rolling_one_step",8,1,2,1,3.26860320808229,NA,2.08302851860511,1.46639139173672,0.125620944097299,NA,NA,5.14656051572124,2.26860320808229,35,31,2
35,"cgfm_time_varying","rolling_one_step",8,1,2,1,3.79416748912905,NA,2.02653572734241,1.72703699301846,0.0812048215176762,NA,NA,7.80737195730573,2.79416748912905,35,31,2
35,"cgfm_independent","rolling_one_step",9,1,1,1,4.03317030696862,NA,1.97568663926238,1.6411163790348,0.186101832489474,NA,NA,9.20012211107609,3.03317030696862,35,15,1
35,"cgfm_shared","rolling_one_step",9,1,1,1,3.60616036173311,NA,2.3132534798884,1.7321794649522,0.0950982903262242,NA,NA,6.79207183106887,2.60616036173311,35,15,1
35,"cgfm_time_varying","rolling_one_step",9,1,1,1,2.88148868723527,NA,1.71645687935044,1.16226173341293,0.179626116117332,NA,NA,3.5399996801943,1.88148868723527,35,15,1
35,"cgfm_independent","rolling_one_step",9,1,2,3,5.72358726819877,NA,2.26062331569608,1.48444388502723,0.363129823462742,NA,NA,7.41792760749443,2.72358726819877,35,31,2
35,"cgfm_shared","rolling_one_step",9,1,2,3,3.04105118157052,NA,1.58963900781197,0.49107875306455,0.549676375662039,NA,NA,0.00168519950833616,0.0410511815705243,35,31,2
35,"cgfm_time_varying","rolling_one_step",9,1,2,3,2.76931914672981,NA,1.99749343079297,0.774135531588987,0.587053397785278,NA,NA,0.0532136560654646,0.230680853270194,35,31,2
35,"cgfm_independent","rolling_one_step",10,1,1,2,4.76722352692535,NA,2.09026893808939,1.46686465164085,0.286668771038469,NA,NA,7.65752604796919,2.76722352692535,35,15,1
35,"cgfm_shared","rolling_one_step",10,1,1,2,4.08303915500768,NA,1.99224586189051,1.29658209484737,0.106448510606738,NA,NA,4.33905212129511,2.08303915500768,35,15,1
35,"cgfm_time_varying","rolling_one_step",10,1,1,2,2.73762687337261,NA,1.75305479243782,0.745043541764181,0.50145521292336,NA,NA,0.544093404321458,0.737626873372614,35,15,1
35,"cgfm_independent","rolling_one_step",10,1,2,2,6.76521993868061,NA,2.42863851309581,2.54361647676135,0.166965008190514,NA,NA,22.7073210639992,4.76521993868061,35,31,2
35,"cgfm_shared","rolling_one_step",10,1,2,2,3.63365978632731,NA,1.79335424693931,1.00609244361041,0.150350830450326,NA,NA,2.66884429746299,1.63365978632731,35,31,2
35,"cgfm_time_varying","rolling_one_step",10,1,2,2,4.74440435192021,NA,2.12512768025224,1.65806870948325,0.188684460591017,NA,NA,7.53175524683857,2.74440435192021,35,31,2
35,"cgfm_independent","rolling_one_step",11,1,1,2,4.09805931280436,NA,1.97500213478912,1.15138109339829,0.316044845885411,NA,NA,4.4018528800451,2.09805931280436,35,15,1
35,"cgfm_shared","rolling_one_step",11,1,1,2,3.43270313790358,NA,1.71340381258466,0.89009542116651,0.297807773505199,NA,NA,2.05263828135877,1.43270313790358,35,15,1
35,"cgfm_time_varying","rolling_one_step",11,1,1,2,2.68432384432061,NA,1.71752135895248,0.718618394517179,0.443072625938614,NA,NA,0.46829912390574,0.684323844320611,35,15,1
35,"cgfm_independent","rolling_one_step",11,1,2,1,5.8156709131473,NA,2.39060279233765,2.70921336334498,0.120886076521809,NA,NA,23.1906863437329,4.8156709131473,35,31,2
35,"cgfm_shared","rolling_one_step",11,1,2,1,3.06814809490817,NA,1.96328707266133,1.32023644699489,0.0968149786329257,NA,NA,4.27723654247229,2.06814809490817,35,31,2
35,"cgfm_time_varying","rolling_one_step",11,1,2,1,3.15134757056176,NA,1.79814954121771,1.31022884485719,0.246858816336053,NA,NA,4.62829636936199,2.15134757056176,35,31,2
35,"cgfm_independent","rolling_one_step",12,1,1,4,3.91317684896005,NA,2.2502747051687,0.894449134012348,0.576141410027449,NA,NA,0.00753825955650616,0.0868231510399511,35,15,1
35,"cgfm_shared","rolling_one_step",12,1,1,4,3.18151241578566,NA,1.81569360092076,0.652819453374352,0.671910628648738,NA,NA,0.669921925513019,0.818487584214336,35,15,1
35,"cgfm_time_varying","rolling_one_step",12,1,1,4,2.76808830622786,NA,2.25999237690974,1.02750209326151,0.744926825642221,NA,NA,1.51760642125254,1.23191169377214,35,15,1
35,"cgfm_independent","rolling_one_step",12,1,2,0,5.553304043125,NA,2.73418434717282,3.41859554828792,0.0194615503379906,NA,NA,30.8391857953885,5.553304043125,35,31,2
35,"cgfm_shared","rolling_one_step",12,1,2,0,2.79118840973441,NA,2.74908095491782,1.99287806638025,0.0356700999890643,NA,NA,7.7907327386357,2.79118840973441,35,31,2
35,"cgfm_time_varying","rolling_one_step",12,1,2,0,2.66129243576,NA,1.85120808956054,1.71057682880422,0.0436427174244007,NA,NA,7.08247742863338,2.66129243576,35,31,2
