"rep","task","horizon","model","log_score","rps","squared_error","rmse","log_score_reference","rps_reference","rmse_reference","reference","diff_log_score_vs_reference","diff_rps_vs_reference","diff_rmse_vs_reference"
1,"recursive_multi_step",1,"inad_constrained_alpha",2.77303617296041,1.61334976066222,5.5468465,2.35517440967755,2.77580339652543,1.69545283312178,2.20604903678988,"nb_glm",-0.00276722356502157,-0.0821030724595622,0.149125372887673
1,"recursive_multi_step",1,"inad_unconstrained",2.72720273746771,1.62802892874603,5.4686825,2.33852143458212,2.77580339652543,1.69545283312178,2.20604903678988,"nb_glm",-0.0486006590577182,-0.0674239043757496,0.132472397792239
1,"recursive_multi_step",2,"inad_constrained_alpha",2.36500199661742,0.993093037990389,1.0928345,1.04538724882218,2.49219322557857,1.10049326065389,0.494940021249382,"nb_glm",-0.127191228961149,-0.107400222663499,0.550447227572795
1,"recursive_multi_step",2,"inad_unconstrained",2.47729497468193,1.05355123840316,0.6862045,0.828374613324189,2.49219322557857,1.10049326065389,0.494940021249382,"nb_glm",-0.01489825089664,-0.046942022250728,0.333434592074807
1,"recursive_multi_step",3,"inad_constrained_alpha",2.43719252500274,1.22678659066099,2.0494225,1.43158042037463,2.62996699777471,1.36507859670847,1.44523553440033,"nb_glm",-0.192774472771964,-0.138292006047483,-0.0136551140257049
1,"recursive_multi_step",3,"inad_unconstrained",2.54910163581776,1.38847035570173,2.9431645,1.71556535870832,2.62996699777471,1.36507859670847,1.44523553440033,"nb_glm",-0.0808653619569513,0.0233917589932648,0.270329824307984
1,"recursive_multi_step",4,"inad_constrained_alpha",2.63575643863632,2.29480145223206,16.18609,4.02319400476785,2.56970511736269,2.19939646275713,3.9821230049993,"nb_glm",0.0660513212736316,0.0954049894749307,0.0410709997685568
1,"recursive_multi_step",4,"inad_unconstrained",2.56081058536735,2.43832070688549,19.8118485,4.45105026931847,2.56970511736269,2.19939646275713,3.9821230049993,"nb_glm",-0.00889453199533996,0.238924244128357,0.46892726431917
1,"rolling_one_step",1,"inad_constrained_alpha",2.55447776756037,1.78241756783817,11.5362115454545,3.39649989628361,2.7042573949324,2.03360217030011,3.51562154636452,"nb_glm",-0.149779627372031,-0.251184602461943,-0.119121650080912
1,"rolling_one_step",1,"inad_unconstrained",2.58263852380082,1.87297094601832,12.5461803181818,3.54205876831283,2.7042573949324,2.03360217030011,3.51562154636452,"nb_glm",-0.121618871131585,-0.16063122428179,0.026437221948314
10,"recursive_multi_step",1,"inad_unconstrained",1.93169000647778,0.842442939302617,1.3845625,1.17667433897404,2.54319541719663,2.00476931989635,3.32290851218065,"nb_glm",-0.611505410718845,-1.16232638059373,-2.14623417320661
10,"recursive_multi_step",1,"inad_constrained_alpha",1.896073652451,0.843009792994082,1.777057,1.33306301426452,2.54319541719663,2.00476931989635,3.32290851218065,"nb_glm",-0.647121764745631,-1.16175952690226,-1.98984549791614
10,"recursive_multi_step",2,"inad_unconstrained",2.62621463548308,2.35429855972885,19.0768525,4.3677056333961,2.38040616353887,1.16935173984878,1.7617287173133,"nb_glm",0.245808471944212,1.18494681988007,2.60597691608279
10,"recursive_multi_step",2,"inad_constrained_alpha",2.59692648089737,1.81288319652375,11.822285,3.43835498458202,2.38040616353887,1.16935173984878,1.7617287173133,"nb_glm",0.216520317358501,0.643531456674969,1.67662626726871
10,"recursive_multi_step",3,"inad_unconstrained",3.89341961115729,6.37925187383365,111.0491825,10.537987592515,4.04475899403918,7.36487541866534,11.8196053887451,"nb_glm",-0.151339382881887,-0.985623544831683,-1.28161779623013
10,"recursive_multi_step",3,"inad_constrained_alpha",4.38360577196315,6.69402764621322,116.0575825,10.7730024830592,4.04475899403918,7.36487541866534,11.8196053887451,"nb_glm",0.33884677792397,-0.670847772452118,-1.04660290568591
10,"recursive_multi_step",4,"inad_unconstrained",3.88491563347409,6.77655517620558,119.989602,10.9539765382257,4.18275712141551,7.99404281174777,12.2292561074648,"nb_glm",-0.297841487941415,-1.2174876355422,-1.27527956923906
10,"recursive_multi_step",4,"inad_constrained_alpha",3.61740970585958,7.45372424258596,143.735593,11.9889779797946,4.18275712141551,7.99404281174777,12.2292561074648,"nb_glm",-0.565347415555926,-0.54031856916181,-0.240278127670198
10,"rolling_one_step",1,"inad_unconstrained",2.9050040356613,3.15863365502579,38.3334094545455,6.1913980210083,3.19004441242561,4.27634329227972,7.92038917541772,"nb_glm",-0.285040376764305,-1.11770963725393,-1.72899115440942
10,"rolling_one_step",1,"inad_constrained_alpha",2.90576906705091,3.14581956156912,38.7638076818182,6.22605875990728,3.19004441242561,4.27634329227972,7.92038917541772,"nb_glm",-0.284275345374694,-1.1305237307106,-1.69433041551044
11,"recursive_multi_step",1,"inad_unconstrained",2.43878039977997,1.43028379686775,5.1250365,2.2638543460214,2.29590984565776,1.13692354038209,1.87895872246402,"nb_glm",0.142870554122211,0.293360256485661,0.384895623557381
11,"recursive_multi_step",1,"inad_constrained_alpha",2.40621156812745,1.37116270767817,5.185629,2.27719761988282,2.29590984565776,1.13692354038209,1.87895872246402,"nb_glm",0.110301722469689,0.23423916729608,0.398238897418801
11,"recursive_multi_step",2,"inad_unconstrained",2.92019252813213,1.6832060505258,6.444041,2.53851157176799,2.6917955969812,1.73671747630158,2.58381635125547,"nb_glm",0.228396931150928,-0.0535114257757807,-0.0453047794874784
11,"recursive_multi_step",2,"inad_constrained_alpha",2.74939542505979,1.81867684458808,9.192573,3.03192562573688,2.6917955969812,1.73671747630158,2.58381635125547,"nb_glm",0.0575998280785912,0.0819593682865041,0.448109274481415
11,"recursive_multi_step",3,"inad_unconstrained",4.01821314176691,6.99685987855575,120.6302245,10.983179161791,3.89172003261704,7.13019245590897,11.2433030537689,"nb_glm",0.126493109149864,-0.133332577353218,-0.260123891977909
11,"recursive_multi_step",3,"inad_constrained_alpha",3.85123448089407,6.8947932983833,119.32181,10.9234522931169,3.89172003261704,7.13019245590897,11.2433030537689,"nb_glm",-0.0404855517229676,-0.235399157525666,-0.319850760652047
11,"recursive_multi_step",4,"inad_unconstrained",2.57275773526632,2.54554468794516,17.888132,4.22943636906858,2.92698164852229,3.08885620900039,4.88967908818152,"nb_glm",-0.354223913255967,-0.54331152105523,-0.660242719112943
11,"recursive_multi_step",4,"inad_constrained_alpha",2.6979186522047,2.86286700007676,22.2409305,4.71602910296364,2.92698164852229,3.08885620900039,4.88967908818152,"nb_glm",-0.22906299631759,-0.225989208923627,-0.173649985217886
11,"rolling_one_step",1,"inad_unconstrained",2.95389144666805,3.40133532438658,49.5056048636364,7.03602194877449,3.12548009196973,4.06483347142193,8.22628147788187,"nb_glm",-0.171588645301678,-0.663498147035352,-1.19025952910738
11,"rolling_one_step",1,"inad_constrained_alpha",2.83366423496409,2.94762390526822,40.578123,6.37009599613695,3.12548009196973,4.06483347142193,8.22628147788187,"nb_glm",-0.291815857005642,-1.11720956615371,-1.85618548174492
12,"recursive_multi_step",1,"inad_unconstrained",2.40529952298004,1.59862247624373,7.563433,2.75016963113187,2.64988056241624,2.30449072774213,3.95364234652254,"nb_glm",-0.244581039436206,-0.705868251498403,-1.20347271539067
12,"recursive_multi_step",1,"inad_constrained_alpha",2.26161884069786,1.50193402953479,7.131769,2.6705372118733,2.64988056241624,2.30449072774213,3.95364234652254,"nb_glm",-0.388261721718378,-0.802556698207338,-1.28310513464925
12,"recursive_multi_step",2,"inad_unconstrained",2.38273689747668,1.48770379363726,6.1641565,2.48277193878133,2.59534703926644,1.79952780950486,3.09960953785869,"nb_glm",-0.21261014178976,-0.311824015867595,-0.616837599077365
12,"recursive_multi_step",2,"inad_constrained_alpha",2.3500786551101,1.50176808757728,6.353461,2.52060726810029,2.59534703926644,1.79952780950486,3.09960953785869,"nb_glm",-0.245268384156339,-0.297759721927573,-0.579002269758405
12,"recursive_multi_step",3,"inad_unconstrained",2.18819586408433,1.42586257786154,7.8433645,2.80060073912723,2.09415787237544,1.43273226744591,2.94739028505776,"nb_glm",0.0940379917088823,-0.00686968958436696,-0.14678954593053
12,"recursive_multi_step",3,"inad_constrained_alpha",2.18184408415111,1.35973011346159,6.9776785,2.64152957583291,2.09415787237544,1.43273226744591,2.94739028505776,"nb_glm",0.087686211775666,-0.0730021539843229,-0.305860709224851
12,"recursive_multi_step",4,"inad_unconstrained",1.96144935106291,1.69194510155419,14.0661005,3.75048003594207,2.11849676749056,1.93724498858664,3.87073913288924,"nb_glm",-0.157047416427656,-0.245299887032447,-0.120259096947173
12,"recursive_multi_step",4,"inad_constrained_alpha",1.87502937429461,1.19405402059794,7.6111225,2.75882629029085,2.11849676749056,1.93724498858664,3.87073913288924,"nb_glm",-0.24346739319595,-0.743190967988703,-1.11191284259838
12,"rolling_one_step",1,"inad_unconstrained",2.28805219017009,1.52375637759306,8.35968640909091,2.89131222960975,2.61081864480973,2.20436514580531,4.10321624372624,"nb_glm",-0.322766454639637,-0.680608768212252,-1.21190401411649
12,"rolling_one_step",1,"inad_constrained_alpha",2.32228258951254,1.48544525367734,7.75665981818182,2.78507806321148,2.61081864480973,2.20436514580531,4.10321624372624,"nb_glm",-0.288536055297182,-0.718919892127977,-1.31813818051476
13,"recursive_multi_step",1,"inad_unconstrained",2.37867789111117,1.01683480841814,0.689332000000001,0.830260200178234,2.67178721950564,1.65692743143615,2.48195349747602,"nb_glm",-0.293109328394467,-0.640092623018008,-1.65169329729778
13,"recursive_multi_step",1,"inad_constrained_alpha",2.23459649085503,0.925714963403529,0.3497645,0.591408910991371,2.67178721950564,1.65692743143615,2.48195349747602,"nb_glm",-0.437190728650617,-0.731212468032623,-1.89054458648465
13,"recursive_multi_step",2,"inad_unconstrained",2.59331859838281,1.74291696699793,12.193844,3.49196849928518,2.30540054889217,1.10642443686187,1.92760409806617,"nb_glm",0.287918049490644,0.636492530136058,1.56436440121901
13,"recursive_multi_step",2,"inad_constrained_alpha",2.30840763145594,1.6129549883799,10.7067325,3.27211437758523,2.30540054889217,1.10642443686187,1.92760409806617,"nb_glm",0.00300708256377646,0.50653055151803,1.34451027951906
13,"recursive_multi_step",3,"inad_unconstrained",2.22905766209096,1.30769679197566,6.592081,2.56750481985916,2.21944820166587,1.07245786009241,1.89839805329991,"nb_glm",0.00960946042508493,0.235238931883255,0.669106766559247
13,"recursive_multi_step",3,"inad_constrained_alpha",2.28654209884884,1.42665267666904,8.19464,2.86262816306973,2.21944820166587,1.07245786009241,1.89839805329991,"nb_glm",0.0670938971829651,0.354194816576632,0.964230109769824
13,"recursive_multi_step",4,"inad_unconstrained",3.0438977270717,3.87278018927094,46.321301,6.80597538931783,3.35144539668613,4.60812060045138,7.69243787942524,"nb_glm",-0.307547669614428,-0.73534041118044,-0.886462490107407
13,"recursive_multi_step",4,"inad_constrained_alpha",3.28760518594222,4.47974266052131,58.951789,7.67800683771511,3.35144539668613,4.60812060045138,7.69243787942524,"nb_glm",-0.0638402107439107,-0.128377939930067,-0.014431041710127
13,"rolling_one_step",1,"inad_unconstrained",2.75765885040676,2.44805882729101,21.0528102272727,4.58833414511985,2.66970383140296,2.31332107534141,4.41355008360819,"nb_glm",0.0879550190037945,0.134737751949602,0.174784061511658
13,"rolling_one_step",1,"inad_constrained_alpha",2.70806121223866,2.47845020197131,22.025968,4.69318314153624,2.66970383140296,2.31332107534141,4.41355008360819,"nb_glm",0.0383573808356994,0.165129126629903,0.279633057928049
14,"recursive_multi_step",1,"inad_constrained_alpha",2.35344550337831,1.01253741567982,0.7282125,0.85335367814289,2.55753795148293,1.32547551574837,1.60711562538387,"nb_glm",-0.204092448104616,-0.312938100068547,-0.753761947240981
14,"recursive_multi_step",1,"inad_unconstrained",2.62532782813386,1.04432546454641,0.7432685,0.862130210583065,2.55753795148293,1.32547551574837,1.60711562538387,"nb_glm",0.0677898766509371,-0.281150051201951,-0.744985414800806
14,"recursive_multi_step",2,"inad_constrained_alpha",2.62934777813135,1.52424338080292,4.233213,2.05747733887885,2.95942640955706,2.17417274762042,3.21979256917781,"nb_glm",-0.330078631425707,-0.6499293668175,-1.16231523029896
14,"recursive_multi_step",2,"inad_unconstrained",2.82687279425202,1.66586640880211,5.510696,2.34748716716407,2.95942640955706,2.17417274762042,3.21979256917781,"nb_glm",-0.132553615305045,-0.508306338818314,-0.872305402013736
14,"recursive_multi_step",3,"inad_constrained_alpha",2.67232098441412,1.74405625821657,5.8610745,2.42096561313869,3.00857941115362,2.19804941259843,3.09082485424583,"nb_glm",-0.336258426739501,-0.453993154381864,-0.669859241107136
14,"recursive_multi_step",3,"inad_unconstrained",2.81061954335998,2.05491335529696,9.0331425,3.00551867403947,3.00857941115362,2.19804941259843,3.09082485424583,"nb_glm",-0.197959867793639,-0.143136057301468,-0.0853061802063535
14,"recursive_multi_step",4,"inad_constrained_alpha",3.12273509728454,2.84499030421918,21.2263565,4.60720701727196,2.90030828756981,2.30292085113454,3.91408934899069,"nb_glm",0.222426809714732,0.542069453084642,0.693117668281267
14,"recursive_multi_step",4,"inad_unconstrained",3.01250297965588,2.29597422135553,12.9233245,3.59490257169788,2.90030828756981,2.30292085113454,3.91408934899069,"nb_glm",0.112194692086071,-0.00694662977900329,-0.319186777292818
14,"rolling_one_step",1,"inad_constrained_alpha",3.11629134737063,2.80850282905899,22.3505026363636,4.72763182115144,3.40478380371432,4.10636457164546,6.88244155906781,"nb_glm",-0.288492456343686,-1.29786174258647,-2.15480973791638
14,"rolling_one_step",1,"inad_unconstrained",3.12693666279814,2.86272680690969,23.2504920909091,4.82187640767669,3.40478380371432,4.10636457164546,6.88244155906781,"nb_glm",-0.277847140916179,-1.24363776473577,-2.06056515139112
15,"recursive_multi_step",1,"inad_unconstrained",3.18689213367231,3.10149273431973,22.6793645,4.76228563822037,2.88128752652049,2.7329803449876,4.40191694000914,"nb_glm",0.305604607151822,0.368512389332128,0.360368698211233
15,"recursive_multi_step",1,"inad_constrained_alpha",3.24319473262716,2.96994190017744,21.302504,4.61546357368358,2.88128752652049,2.7329803449876,4.40191694000914,"nb_glm",0.361907206106673,0.236961555189842,0.213546633674443
15,"recursive_multi_step",2,"inad_unconstrained",2.0489445743488,0.890129270532258,1.6016845,1.2655767459937,2.29064916089607,1.08152326165279,1.70743936706013,"nb_glm",-0.241704586547271,-0.191393991120536,-0.441862621066435
15,"recursive_multi_step",2,"inad_constrained_alpha",2.28063521878316,1.0054688816794,2.5997,1.61235852092517,2.29064916089607,1.08152326165279,1.70743936706013,"nb_glm",-0.0100139421129062,-0.0760543799733975,-0.0950808461349646
15,"recursive_multi_step",3,"inad_unconstrained",2.28064297876026,1.8005884441594,13.382234,3.65817358800809,2.14258253621995,1.74737334148611,3.71893578682037,"nb_glm",0.138060442540305,0.0532151026732894,-0.0607621988122737
15,"recursive_multi_step",3,"inad_constrained_alpha",2.27428092438665,1.95531492796231,14.9995625,3.87292686478844,2.14258253621995,1.74737334148611,3.71893578682037,"nb_glm",0.131698388166698,0.207941586476201,0.153991077968072
15,"recursive_multi_step",4,"inad_unconstrained",2.51512885139712,1.88323163749235,14.042561,3.74734052362472,2.26395406588874,1.62116061272425,3.21856033538593,"nb_glm",0.251174785508379,0.262071024768102,0.528780188238795
15,"recursive_multi_step",4,"inad_constrained_alpha",2.19100543612677,1.45024981872436,8.3384225,2.88763268093433,2.26395406588874,1.62116061272425,3.21856033538593,"nb_glm",-0.0729486297619739,-0.170910793999896,-0.330927654451594
15,"rolling_one_step",1,"inad_unconstrained",2.37816964139452,1.64319657612615,9.00642781818182,3.00107111181688,2.44296084779259,1.66814796665209,3.24127955832175,"nb_glm",-0.0647912063980645,-0.0249513905259466,-0.240208446504871
15,"rolling_one_step",1,"inad_constrained_alpha",2.44733771558692,1.64478405978708,8.83863536363636,2.97298425216757,2.44296084779259,1.66814796665209,3.24127955832175,"nb_glm",0.00437686779433477,-0.0233639068650151,-0.268295306154184
16,"recursive_multi_step",1,"inad_unconstrained",2.81399857831116,2.45305600860216,15.6378925,3.95447752553988,2.84283693008134,2.72173227755467,4.53877498455331,"nb_glm",-0.028838351770184,-0.268676268952503,-0.584297459013427
16,"recursive_multi_step",1,"inad_constrained_alpha",2.89997337101869,2.49248512639696,16.267698,4.03332344351405,2.84283693008134,2.72173227755467,4.53877498455331,"nb_glm",0.0571364409373496,-0.229247151157706,-0.50545154103926
16,"recursive_multi_step",2,"inad_unconstrained",2.44177061018842,2.21131459895556,17.9357125,4.23505755568918,2.30824482761202,2.20321432944162,4.54146116843968,"nb_glm",0.133525782576403,0.00810026951394649,-0.306403612750506
16,"recursive_multi_step",2,"inad_constrained_alpha",2.28828125582789,1.95821381917477,14.180589,3.7657122832208,2.30824482761202,2.20321432944162,4.54146116843968,"nb_glm",-0.0199635717841331,-0.245000510266849,-0.775748885218886
16,"recursive_multi_step",3,"inad_unconstrained",2.33391522883071,1.30058462063079,4.7254685,2.17381427449541,2.33216239936254,1.23063545930517,2.05092398245305,"nb_glm",0.00175282946817035,0.06994916132562,0.122890292042359
16,"recursive_multi_step",3,"inad_constrained_alpha",2.35978026905046,1.23209427535602,4.6079725,2.14661885298718,2.33216239936254,1.23063545930517,2.05092398245305,"nb_glm",0.0276178696879228,0.00145881605084663,0.0956948705341314
16,"recursive_multi_step",4,"inad_unconstrained",1.93965751660473,1.49375573842145,9.213489,3.03537295896237,2.21552135550342,1.74884034689022,3.3298021738347,"nb_glm",-0.275863838898685,-0.25508460846877,-0.294429214872328
16,"recursive_multi_step",4,"inad_constrained_alpha",1.74711048020479,1.12243303782264,5.1064065,2.25973593590048,2.21552135550342,1.74884034689022,3.3298021738347,"nb_glm",-0.468410875298628,-0.626407309067582,-1.07006623793423
16,"rolling_one_step",1,"inad_unconstrained",2.64457830559266,1.9511081633928,13.8863335,3.72643710533265,2.6316241096203,2.19987257957619,4.22620784999593,"nb_glm",0.0129541959723616,-0.248764416183392,-0.499770744663273
16,"rolling_one_step",1,"inad_constrained_alpha",2.61468878456896,1.82764174622322,12.5423219090909,3.54151407015289,2.6316241096203,2.19987257957619,4.22620784999593,"nb_glm",-0.0169353250513344,-0.372230833352967,-0.684693779843033
17,"recursive_multi_step",1,"inad_unconstrained",2.71975913595686,2.29568374118042,16.3800625,4.0472289903093,3.63187455942052,4.6600731046669,7.61952310415775,"nb_glm",-0.91211542346366,-2.36438936348648,-3.57229411384845
17,"recursive_multi_step",1,"inad_constrained_alpha",2.73122194877611,1.82059513711545,9.909145,3.14787944495973,3.63187455942052,4.6600731046669,7.61952310415775,"nb_glm",-0.900652610644407,-2.83947796755145,-4.47164365919802
17,"recursive_multi_step",2,"inad_unconstrained",3.28443806525165,3.62759005403305,31.0777085,5.57473842435679,3.41864707059706,4.86779383100954,7.57253519680883,"nb_glm",-0.134209005345411,-1.24020377697649,-1.99779677245204
17,"recursive_multi_step",2,"inad_constrained_alpha",3.60575012702585,4.00073293675021,36.557386,6.04627042068083,3.41864707059706,4.86779383100954,7.57253519680883,"nb_glm",0.187103056428792,-0.867060894259324,-1.526264776128
17,"recursive_multi_step",3,"inad_unconstrained",3.14657054633582,3.76219919311449,37.780097,6.14655163485999,3.21779749388358,4.31777906035979,7.07277181772357,"nb_glm",-0.0712269475477574,-0.555579867245298,-0.926220182863578
17,"recursive_multi_step",3,"inad_constrained_alpha",2.96368363299472,3.56461728084564,35.046016,5.91996756747873,3.21779749388358,4.31777906035979,7.07277181772357,"nb_glm",-0.254113860888853,-0.753161779514151,-1.15280425024484
17,"recursive_multi_step",4,"inad_unconstrained",2.62976489387578,2.19246261517441,14.2238025,3.77144567772095,2.77128206464273,2.69611686744833,4.5302788637724,"nb_glm",-0.141517170766952,-0.503654252273922,-0.758833186051454
17,"recursive_multi_step",4,"inad_constrained_alpha",2.85028129339958,2.5126290509277,19.194929,4.38120177576884,2.77128206464273,2.69611686744833,4.5302788637724,"nb_glm",0.0789992287568517,-0.183487816520636,-0.149077088003564
17,"rolling_one_step",1,"inad_unconstrained",2.78428846211662,2.41686099539733,18.5318755,4.30486649038039,3.1321344141895,3.58555601682792,6.17397366087767,"nb_glm",-0.347845952072873,-1.16869502143059,-1.86910717049728
17,"rolling_one_step",1,"inad_constrained_alpha",2.76274886057507,2.39884778816737,17.7874041818182,4.21751161015808,3.1321344141895,3.58555601682792,6.17397366087767,"nb_glm",-0.369385553614424,-1.18670822866054,-1.9564620507196
18,"recursive_multi_step",1,"inad_constrained_alpha",2.04550964145378,0.745031077202931,0.4517465,0.672120896863057,2.33445877479371,1.21005807428396,2.02202305695263,"nb_glm",-0.288949133339927,-0.465026997081032,-1.34990216008958
18,"recursive_multi_step",1,"inad_unconstrained",2.17252256573829,0.791454545748002,0.4846185,0.696145458938001,2.33445877479371,1.21005807428396,2.02202305695263,"nb_glm",-0.161936209055412,-0.418603528535961,-1.32587759801463
18,"recursive_multi_step",2,"inad_constrained_alpha",2.26973751524378,1.99223767285047,14.6282245,3.82468619627807,2.22549142418806,1.81886809811632,3.90510016045143,"nb_glm",0.0442460910557263,0.173369574734151,-0.0804139641733661
18,"recursive_multi_step",2,"inad_unconstrained",2.34300692804713,1.79143985926514,12.34666,3.51378143884904,2.22549142418806,1.81886809811632,3.90510016045143,"nb_glm",0.117515503859078,-0.0274282388511815,-0.391318721602399
18,"recursive_multi_step",3,"inad_constrained_alpha",2.49318441040547,2.20434621191678,17.221685,4.14990180606722,2.4816022096663,2.09121437610536,4.10780518091009,"nb_glm",0.0115822007391699,0.11313183581142,0.042096625157134
18,"recursive_multi_step",3,"inad_unconstrained",2.61610855987266,2.06675894829434,15.0055425,3.87369881379541,2.4816022096663,2.09121437610536,4.10780518091009,"nb_glm",0.134506350206357,-0.0244554278110214,-0.234106367114675
18,"recursive_multi_step",4,"inad_constrained_alpha",2.14875164620498,1.4177425290281,7.834216,2.79896695228793,2.26610996042866,1.63607704868157,3.2223287236666,"nb_glm",-0.117358314223681,-0.218334519653473,-0.423361771378669
18,"recursive_multi_step",4,"inad_unconstrained",2.39222002129604,1.67120614541263,11.7018185,3.42079208663724,2.26610996042866,1.63607704868157,3.2223287236666,"nb_glm",0.126110060867371,0.0351290967310522,0.198463362970643
18,"rolling_one_step",1,"inad_constrained_alpha",2.30866674347014,1.43230222816957,7.10952604545455,2.66636945029277,2.47275887747212,1.79032099522061,3.57304200150678,"nb_glm",-0.164092134001982,-0.358018767051038,-0.906672551214014
18,"rolling_one_step",1,"inad_unconstrained",2.36318219296552,1.47777811438735,7.86576172727273,2.80459653555957,2.47275887747212,1.79032099522061,3.57304200150678,"nb_glm",-0.109576684506608,-0.312542880833263,-0.768445465947213
19,"recursive_multi_step",1,"inad_unconstrained",1.94845615021319,0.766268387985739,1.41521,1.18962599164611,2.16342723431084,1.22251445393502,2.19394866999191,"nb_glm",-0.214971084097654,-0.45624606594928,-1.0043226783458
19,"recursive_multi_step",1,"inad_constrained_alpha",1.8925245791497,0.732397644978228,1.2273565,1.10786122777178,2.16342723431084,1.22251445393502,2.19394866999191,"nb_glm",-0.270902655161139,-0.49011680895679,-1.08608744222013
19,"recursive_multi_step",2,"inad_unconstrained",2.12926180125072,1.72899298916074,10.8345725,3.29159118056906,2.45889141861524,2.07289843567582,3.90992816310463,"nb_glm",-0.329629617364524,-0.343905446515086,-0.618336982535574
19,"recursive_multi_step",2,"inad_constrained_alpha",2.49430365469606,2.00697046443802,12.6559925,3.55752617699435,2.45889141861524,2.07289843567582,3.90992816310463,"nb_glm",0.0354122360808233,-0.0659279712378051,-0.352401986110287
19,"recursive_multi_step",3,"inad_unconstrained",2.02822189546269,1.10991129607746,4.4838265,2.11750478157666,2.13207363786505,1.31703709442397,2.52608128371083,"nb_glm",-0.103851742402363,-0.207125798346508,-0.408576502134176
19,"recursive_multi_step",3,"inad_constrained_alpha",2.07391506105895,1.28536775339897,6.405617,2.53093204175853,2.13207363786505,1.31703709442397,2.52608128371083,"nb_glm",-0.0581585768061013,-0.031669341025002,0.00485075804769819
19,"recursive_multi_step",4,"inad_unconstrained",2.1160557430214,2.61111020164365,25.25002,5.02493980063443,2.54791984508627,2.85002867564741,4.87387611395493,"nb_glm",-0.431864102064875,-0.238918474003755,0.151063686679501
19,"recursive_multi_step",4,"inad_constrained_alpha",1.92306596634663,2.07052838036261,16.6593565,4.08158749753083,2.54791984508627,2.85002867564741,4.87387611395493,"nb_glm",-0.624853878739648,-0.779500295284799,-0.792288616424099
19,"rolling_one_step",1,"inad_unconstrained",2.20206369369135,1.64082002716522,10.8132097727273,3.28834453376274,2.60420402711466,2.57313603169977,4.96458076312822,"nb_glm",-0.40214033342331,-0.932316004534549,-1.67623622936548
19,"rolling_one_step",1,"inad_constrained_alpha",2.22810979709053,1.69867572697633,11.6968721818182,3.42006903173287,2.60420402711466,2.57313603169977,4.96458076312822,"nb_glm",-0.376094230024137,-0.874460304723445,-1.54451173139535
2,"recursive_multi_step",1,"inad_unconstrained",3.16780541537608,3.58944349818402,39.4783065,6.28317646576952,2.07560828597893,1.37867193579715,2.97753374253162,"nb_glm",1.09219712939715,2.21077156238686,3.30564272323791
2,"recursive_multi_step",1,"inad_constrained_alpha",3.60898463086285,3.54948086203941,38.961442,6.24191012431291,2.07560828597893,1.37867193579715,2.97753374253162,"nb_glm",1.53337634488392,2.17080892624226,3.26437638178129
2,"recursive_multi_step",2,"inad_unconstrained",2.53135168153514,2.32997378651433,22.8368565,4.7787923683709,2.2624351380253,1.21279652458819,2.25830015702899,"nb_glm",0.268916543509841,1.11717726192614,2.52049221134192
2,"recursive_multi_step",2,"inad_constrained_alpha",2.41458529168137,2.12736625694669,17.220321,4.14973746157513,2.2624351380253,1.21279652458819,2.25830015702899,"nb_glm",0.152150153656069,0.914569732358501,1.89143730454614
2,"recursive_multi_step",3,"inad_unconstrained",2.15759726203624,1.00237144708393,1.9028525,1.37943919764519,2.34334837421478,1.23243425804231,1.74174553669196,"nb_glm",-0.185751112178534,-0.230062810958378,-0.362306339046775
2,"recursive_multi_step",3,"inad_constrained_alpha",2.37046904395435,1.20861708097388,3.287853,1.81324377842584,2.34334837421478,1.23243425804231,1.74174553669196,"nb_glm",0.0271206697395683,-0.023817177068431,0.0714982417338725
2,"recursive_multi_step",4,"inad_unconstrained",2.23503744876801,2.03089135277988,18.791081,4.33486804874151,2.11148047590022,1.68280569993537,3.49845556736347,"nb_glm",0.123556972867796,0.348085652844514,0.836412481378042
2,"recursive_multi_step",4,"inad_constrained_alpha",1.97949287340196,1.36324123089804,9.349405,3.05767967583264,2.11148047590022,1.68280569993537,3.49845556736347,"nb_glm",-0.131987602498258,-0.319564469037323,-0.440775891530826
2,"rolling_one_step",1,"inad_unconstrained",2.67503824726129,2.13597381119285,16.3875551818182,4.04815454025883,2.71126163843252,2.17472670426385,4.0377871826088,"nb_glm",-0.036223391171224,-0.0387528930710022,0.0103673576500318
2,"rolling_one_step",1,"inad_constrained_alpha",2.69678071205363,2.19812819680088,17.1628948181818,4.14281242855404,2.71126163843252,2.17472670426385,4.0377871826088,"nb_glm",-0.014480926378885,0.0234014925370256,0.105025245945241
20,"recursive_multi_step",1,"inad_unconstrained",2.86850642159479,2.37573087401257,13.2923845,3.64587225503034,2.70764692948707,2.42401023773043,4.28330614946984,"nb_glm",0.16085949210772,-0.0482793637178558,-0.637433894439498
20,"recursive_multi_step",1,"inad_constrained_alpha",2.54681642161541,2.2806284064662,13.0872125,3.61762525698835,2.70764692948707,2.42401023773043,4.28330614946984,"nb_glm",-0.160830507871655,-0.143381831264225,-0.66568089248149
20,"recursive_multi_step",2,"inad_unconstrained",3.57345385447839,4.28453281294023,42.005825,6.48119009133354,3.2422278544568,3.89919804880468,6.16998118530257,"nb_glm",0.331226000021593,0.385334764135555,0.311208906030966
20,"recursive_multi_step",2,"inad_constrained_alpha",3.93793244166658,4.47537627868666,43.9621645,6.63039700922954,3.2422278544568,3.89919804880468,6.16998118530257,"nb_glm",0.695704587209787,0.57617822988198,0.460415823926969
20,"recursive_multi_step",3,"inad_unconstrained",2.27231720240574,1.63643244323423,10.788905,3.28464686077514,2.28296465377966,1.6681821420384,3.39777675785554,"nb_glm",-0.0106474513739161,-0.0317496988041652,-0.113129897080398
20,"recursive_multi_step",3,"inad_constrained_alpha",2.3510316533995,1.75572280622912,11.419369,3.3792556872779,2.28296465377966,1.6681821420384,3.39777675785554,"nb_glm",0.0680669996198433,0.0875406641907224,-0.0185210705776448
20,"recursive_multi_step",4,"inad_unconstrained",2.65176885297457,2.66879169542453,20.9548125,4.57764267937112,2.71477582517154,2.47420444997635,4.20297023150636,"nb_glm",-0.0630069721969697,0.194587245448187,0.37467244786476
20,"recursive_multi_step",4,"inad_constrained_alpha",2.81031241746969,2.71721095113359,19.08386,4.36850775437105,2.71477582517154,2.47420444997635,4.20297023150636,"nb_glm",0.0955365922981493,0.243006501157248,0.165537522864691
20,"rolling_one_step",1,"inad_unconstrained",2.43451718425407,1.68014259909126,8.38123763636364,2.89503672452762,2.58502113430943,2.00715149524788,3.70583036426693,"nb_glm",-0.150503950055359,-0.327008896156619,-0.810793639739301
20,"rolling_one_step",1,"inad_constrained_alpha",2.46425746584473,1.75666206722959,9.37336245454545,3.06159475674777,2.58502113430943,2.00715149524788,3.70583036426693,"nb_glm",-0.120763668464701,-0.250489428018292,-0.644235607519153
21,"recursive_multi_step",1,"inad_unconstrained",2.39347808181156,1.82908532528882,11.9656,3.45913283931103,2.38226713578285,2.01554717793541,4.1074451846457,"nb_glm",0.0112109460287106,-0.186461852646594,-0.648312345334672
21,"recursive_multi_step",1,"inad_constrained_alpha",2.36417800405591,1.90721759608976,12.268624,3.50265956096221,2.38226713578285,2.01554717793541,4.1074451846457,"nb_glm",-0.0180891317269403,-0.108329581845644,-0.604785623683492
21,"recursive_multi_step",2,"inad_unconstrained",2.52431165456633,1.52118176798637,6.3725285,2.52438675721451,2.37591028106625,1.31860125714836,1.94237466769391,"nb_glm",0.148401373500088,0.202580510838003,0.582012089520604
21,"recursive_multi_step",2,"inad_constrained_alpha",2.2889667702779,1.36593389883916,5.04157,2.24534407162911,2.37591028106625,1.31860125714836,1.94237466769391,"nb_glm",-0.0869435107883474,0.0473326416908,0.302969403935204
21,"recursive_multi_step",3,"inad_unconstrained",2.4550981688158,1.66910258308924,7.590145,2.75502177849831,2.58417864845176,1.70162886826238,2.8271804317629,"nb_glm",-0.129080479635956,-0.0325262851731389,-0.0721586532645864
21,"recursive_multi_step",3,"inad_constrained_alpha",2.57772000115967,1.70198208486464,8.0493965,2.83714583692837,2.58417864845176,1.70162886826238,2.8271804317629,"nb_glm",-0.00645864729209134,0.00035321660226395,0.00996540516547473
21,"recursive_multi_step",4,"inad_unconstrained",2.38269807497811,1.73988917944773,12.0888725,3.47690559262112,2.26137707350926,1.61649833788599,3.19790393216496,"nb_glm",0.121321001468849,0.123390841561742,0.279001660456161
21,"recursive_multi_step",4,"inad_constrained_alpha",2.26081953056578,1.50870489795466,8.550125,2.92405967791357,2.26137707350926,1.61649833788599,3.19790393216496,"nb_glm",-0.000557542943476097,-0.107793439931326,-0.273844254251387
21,"rolling_one_step",1,"inad_unconstrained",2.77957533163252,2.35153053703362,18.541318,4.30596307462105,2.55836380110445,2.03562010452179,3.88892148764793,"nb_glm",0.221211530528079,0.315910432511826,0.417041586973121
21,"rolling_one_step",1,"inad_constrained_alpha",2.84423574705859,2.30580479979092,17.8635753181818,4.22653230416873,2.55836380110445,2.03562010452179,3.88892148764793,"nb_glm",0.28587194595414,0.270184695269133,0.337610816520795
22,"recursive_multi_step",1,"inad_constrained_alpha",3.02117735968705,2.01239007742625,8.3631925,2.89191848087044,2.63063493484934,1.37745214463491,1.50212226875673,"nb_glm",0.390542424837713,0.634937932791338,1.38979621211371
22,"recursive_multi_step",1,"inad_unconstrained",2.96472892964858,1.93803437401183,7.4716465,2.7334312685707,2.63063493484934,1.37745214463491,1.50212226875673,"nb_glm",0.334093994799246,0.560582229376913,1.23130899981397
22,"recursive_multi_step",2,"inad_constrained_alpha",2.71389874433096,2.49841074222986,20.4655285,4.52388422707743,2.47258212232323,2.0314312423494,4.05087040526307,"nb_glm",0.241316622007728,0.466979499880462,0.473013821814367
22,"recursive_multi_step",2,"inad_unconstrained",2.98116303557019,2.77910071979402,24.8984485,4.9898345162941,2.47258212232323,2.0314312423494,4.05087040526307,"nb_glm",0.508580913246964,0.747669477444618,0.938964111031034
22,"recursive_multi_step",3,"inad_constrained_alpha",2.24610240405454,1.59151310976682,11.1016025,3.33190673638984,2.13791094443326,1.29908744057881,2.77836418751745,"nb_glm",0.108191459621276,0.292425669188007,0.553542548872394
22,"recursive_multi_step",3,"inad_unconstrained",2.26809730036291,1.50898375589891,9.308672,3.05101163550715,2.13791094443326,1.29908744057881,2.77836418751745,"nb_glm",0.130186355929652,0.209896315320094,0.272647447989701
22,"recursive_multi_step",4,"inad_constrained_alpha",2.7312783383155,2.39781172218071,16.9396625,4.11578212494296,2.57693457170673,2.21229673541215,3.99149326308024,"nb_glm",0.15434376660877,0.185514986768553,0.12428886186272
22,"recursive_multi_step",4,"inad_unconstrained",2.82044333314103,2.63063537370865,22.029188,4.69352617975015,2.57693457170673,2.21229673541215,3.99149326308024,"nb_glm",0.243508761434302,0.418338638296499,0.702032916669904
22,"rolling_one_step",1,"inad_constrained_alpha",2.62772360484811,2.03558555839897,14.4475337272727,3.80099115064383,2.52829600482715,2.06947393820033,4.02073281515868,"nb_glm",0.0994276000209582,-0.0338883798013554,-0.219741664514843
22,"rolling_one_step",1,"inad_unconstrained",2.64299399517304,2.0459200661104,14.1747839545455,3.76494142777088,2.52829600482715,2.06947393820033,4.02073281515868,"nb_glm",0.114697990345893,-0.0235538720899209,-0.255791387387792
23,"recursive_multi_step",1,"inad_unconstrained",2.03666188166409,1.11607530923854,4.382285,2.09339079008197,2.3202692293407,1.40372382797481,2.68211268139273,"nb_glm",-0.283607347676604,-0.287648518736266,-0.588721891310768
23,"recursive_multi_step",1,"inad_constrained_alpha",2.21310188094099,1.14668636579997,4.3534145,2.08648376461452,2.3202692293407,1.40372382797481,2.68211268139273,"nb_glm",-0.107167348399702,-0.257037462174838,-0.59562891677821
23,"recursive_multi_step",2,"inad_unconstrained",2.33581280949115,1.00678372743135,1.3303945,1.15342728422732,2.43660536165891,1.0957642794841,1.18812534555302,"nb_glm",-0.100792552167765,-0.0889805520527596,-0.0346980613257017
23,"recursive_multi_step",2,"inad_constrained_alpha",2.24324771071408,0.903709042027029,0.521905000000001,0.722429927397807,2.43660536165891,1.0957642794841,1.18812534555302,"nb_glm",-0.193357650944833,-0.192055237457076,-0.46569541815521
23,"recursive_multi_step",3,"inad_unconstrained",2.34254240363947,1.05341015563063,2.01973,1.42117205151241,2.37500134466897,1.09366993884589,1.38908529830604,"nb_glm",-0.0324589410294966,-0.0402597832152631,0.0320867532063684
23,"recursive_multi_step",3,"inad_constrained_alpha",2.43706010481896,1.14958526488374,2.5433225,1.59477976535947,2.37500134466897,1.09366993884589,1.38908529830604,"nb_glm",0.0620587601499913,0.0559153260378524,0.205694467053423
23,"recursive_multi_step",4,"inad_unconstrained",2.34992610678113,1.42003761010491,7.540685,2.74603077185963,2.21617754901799,1.29695660213948,2.48979486583646,"nb_glm",0.133748557763143,0.123081007965429,0.256235906023174
23,"recursive_multi_step",4,"inad_constrained_alpha",2.2537817940879,1.26711635651788,5.393105,2.32230596606046,2.21617754901799,1.29695660213948,2.48979486583646,"nb_glm",0.0376042450699101,-0.0298402456216067,-0.167488899775998
23,"rolling_one_step",1,"inad_unconstrained",2.33419181654029,1.56133349687238,10.474185,3.23638455687825,2.46596935523849,1.66129947325899,3.15843023256304,"nb_glm",-0.131777538698195,-0.0999659763866114,0.077954324315201
23,"rolling_one_step",1,"inad_constrained_alpha",2.27594480681148,1.55538828524737,10.4769897272727,3.23681783968031,2.46596935523849,1.66129947325899,3.15843023256304,"nb_glm",-0.190024548427011,-0.105911188011622,0.0783876071172678
24,"recursive_multi_step",1,"inad_unconstrained",2.60111009862934,1.64717660377466,5.625677,2.37185096496386,2.92115364132779,2.05925651343147,2.91972355722901,"nb_glm",-0.320043542698452,-0.412079909656815,-0.547872592265144
24,"recursive_multi_step",1,"inad_constrained_alpha",2.51974700202265,1.48934045892967,4.734985,2.17600206801372,2.92115364132779,2.05925651343147,2.91972355722901,"nb_glm",-0.401406639305137,-0.5699160545018,-0.743721489215282
24,"recursive_multi_step",2,"inad_unconstrained",2.59518685384552,1.86345685880388,8.1156965,2.84880615346148,2.94924863526687,2.14262695725866,3.11840658765012,"nb_glm",-0.354061781421352,-0.279170098454784,-0.269600434188642
24,"recursive_multi_step",2,"inad_constrained_alpha",2.7232914683585,1.82205661719458,7.5662005,2.75067273589571,2.94924863526687,2.14262695725866,3.11840658765012,"nb_glm",-0.225957166908375,-0.320570340064076,-0.367733851754411
24,"recursive_multi_step",3,"inad_unconstrained",2.77801293265534,3.30474631859115,30.525625,5.525,2.94277354645875,3.38912024298723,5.62108868137117,"nb_glm",-0.164760613803415,-0.0843739243960786,-0.0960886813711674
24,"recursive_multi_step",3,"inad_constrained_alpha",3.11770411755444,3.24317730906005,27.562933,5.25004123793328,2.94277354645875,3.38912024298723,5.62108868137117,"nb_glm",0.174930571095683,-0.145942933927185,-0.371047443437887
24,"recursive_multi_step",4,"inad_unconstrained",3.58455936487129,4.6385739664363,62.1008525,7.88040941195316,3.63527538030178,4.93095713724805,8.30117664963972,"nb_glm",-0.0507160154304911,-0.292383170811751,-0.420767237686554
24,"recursive_multi_step",4,"inad_constrained_alpha",3.82456770197842,5.49339038075101,78.044525,8.83428123844832,3.63527538030178,4.93095713724805,8.30117664963972,"nb_glm",0.189292321676642,0.562433243502961,0.533104588808605
24,"rolling_one_step",1,"inad_unconstrained",2.86839384467471,2.50784606568678,18.1301662272727,4.25795329087494,2.91636441675701,2.58761897592322,4.60073706492264,"nb_glm",-0.0479705720823,-0.0797729102364455,-0.342783774047704
24,"rolling_one_step",1,"inad_constrained_alpha",3.05333769807582,2.72080912175293,20.8017055,4.56088867437038,2.91636441675701,2.58761897592322,4.60073706492264,"nb_glm",0.136973281318809,0.133190145829706,-0.0398483905522635
25,"recursive_multi_step",1,"inad_unconstrained",3.00902353402077,2.51915564848943,15.379425,3.92166100013757,4.17115429224968,5.2975774358317,7.31599360119464,"nb_glm",-1.16213075822891,-2.77842178734227,-3.39433260105707
25,"recursive_multi_step",1,"inad_constrained_alpha",2.89299015554148,2.08860914801373,10.7143825,3.27328313776856,4.17115429224968,5.2975774358317,7.31599360119464,"nb_glm",-1.2781641367082,-3.20896828781798,-4.04271046342608
25,"recursive_multi_step",2,"inad_unconstrained",4.55580391756315,6.98362964202235,90.245493,9.49976278651209,5.22663144066575,9.78466386266188,12.2383999741707,"nb_glm",-0.670827523102594,-2.80103422063953,-2.73863718765857
25,"recursive_multi_step",2,"inad_constrained_alpha",4.98470058927132,8.33036134678928,112.1740325,10.5912243154415,5.22663144066575,9.78466386266188,12.2383999741707,"nb_glm",-0.241930851394432,-1.4543025158726,-1.64717565872913
25,"recursive_multi_step",3,"inad_unconstrained",2.65271638639875,1.48260615670977,3.0398465,1.74351555771665,2.93604401235416,2.03482449080426,2.75718838071806,"nb_glm",-0.283327625955407,-0.55221833409449,-1.01367282300141
25,"recursive_multi_step",3,"inad_constrained_alpha",2.61422506534721,1.57735953673194,4.501873,2.12176176796548,2.93604401235416,2.03482449080426,2.75718838071806,"nb_glm",-0.321818947006949,-0.457464954072324,-0.635426612752578
25,"recursive_multi_step",4,"inad_unconstrained",3.92392989874624,3.78991271208581,28.8026245,5.36680766377928,3.78060650045953,4.08303363800889,5.81074113997627,"nb_glm",0.143323398286709,-0.293120925923086,-0.443933476196988
25,"recursive_multi_step",4,"inad_constrained_alpha",4.13200228087473,4.99744418621917,43.473697,6.59345865233111,3.78060650045953,4.08303363800889,5.81074113997627,"nb_glm",0.351395780415198,0.914410548210274,0.782717512354846
25,"rolling_one_step",1,"inad_unconstrained",3.5775592010719,4.22542874031041,45.4357455,6.74060423849376,4.40331285765981,6.95062301442587,9.85108808445698,"nb_glm",-0.825753656587915,-2.72519427411546,-3.11048384596323
25,"rolling_one_step",1,"inad_constrained_alpha",3.59838098099334,4.30063772386706,46.0022656363636,6.7824970059974,4.40331285765981,6.95062301442587,9.85108808445698,"nb_glm",-0.804931876666474,-2.64998529055881,-3.06859107845959
26,"recursive_multi_step",1,"inad_unconstrained",2.36537205226873,1.87284094244631,11.7757625,3.43158308947926,2.08375851280297,1.64222773132177,3.41811952044721,"nb_glm",0.281613539465754,0.230613211124536,0.0134635690320479
26,"recursive_multi_step",1,"inad_constrained_alpha",2.3542872681042,2.02821393751019,13.7396,3.70669664256464,2.08375851280297,1.64222773132177,3.41811952044721,"nb_glm",0.270528755301225,0.385986206188423,0.288577122117435
26,"recursive_multi_step",2,"inad_unconstrained",2.63703433782067,1.84814464148287,9.8864725,3.1442761488139,2.71138307047047,2.07351591160036,3.51369134315444,"nb_glm",-0.0743487326497996,-0.225371270117487,-0.369415194340531
26,"recursive_multi_step",2,"inad_constrained_alpha",2.56668785171809,1.77503714945909,9.02513,3.00418541371867,2.71138307047047,2.07351591160036,3.51369134315444,"nb_glm",-0.144695218752379,-0.298478762141268,-0.509505929435769
26,"recursive_multi_step",3,"inad_unconstrained",2.49797701435317,1.24891558290334,1.57824,1.25628022351703,2.59071204693901,1.28494436849789,1.19117559806401,"nb_glm",-0.0927350325858418,-0.0360287855945496,0.0651046254530241
26,"recursive_multi_step",3,"inad_constrained_alpha",2.56960310647661,1.14902125420913,1.012133,1.00604820958044,2.59071204693901,1.28494436849789,1.19117559806401,"nb_glm",-0.021108940462395,-0.135923114288761,-0.185127388483571
26,"recursive_multi_step",4,"inad_unconstrained",2.43018114310581,1.64944965475473,9.289757,3.04791026770802,2.32869710638027,1.45077223364558,2.6224784718496,"nb_glm",0.101484036725544,0.198677421109151,0.425431795858419
26,"recursive_multi_step",4,"inad_constrained_alpha",2.51822069347634,1.52213830602441,6.3745625,2.52478959519402,2.32869710638027,1.45077223364558,2.6224784718496,"nb_glm",0.189523587096069,0.0713660723788281,-0.0976888766555817
26,"rolling_one_step",1,"inad_unconstrained",2.57729749476667,1.78191373167451,9.39723022727273,3.06549020994567,2.61367438114533,1.90359162226673,3.33983869342485,"nb_glm",-0.0363768863786547,-0.121677890592216,-0.274348483479179
26,"rolling_one_step",1,"inad_constrained_alpha",2.44978416019046,1.65521481708804,7.85866763636364,2.80333152451929,2.61367438114533,1.90359162226673,3.33983869342485,"nb_glm",-0.163890220954867,-0.248376805178693,-0.536507168905557
27,"recursive_multi_step",1,"inad_constrained_alpha",2.14564004105564,2.00235092234118,13.062517,3.61421042552865,2.3555699850151,2.40186448593202,4.63541725987425,"nb_glm",-0.209929943959464,-0.399513563590838,-1.0212068343456
27,"recursive_multi_step",1,"inad_unconstrained",2.12575921841402,1.97598400500248,13.473434,3.67061765919579,2.3555699850151,2.40186448593202,4.63541725987425,"nb_glm",-0.229810766601084,-0.42588048092954,-0.964799600678457
27,"recursive_multi_step",2,"inad_constrained_alpha",2.54820694178392,2.61253147059572,19.787674,4.44833384538526,2.57901193022086,2.95791829395357,5.53429125610085,"nb_glm",-0.0308049884369428,-0.345386823357849,-1.08595741071559
27,"recursive_multi_step",2,"inad_unconstrained",2.62667061581743,2.69900584594223,22.6960925,4.76404161400801,2.57901193022086,2.95791829395357,5.53429125610085,"nb_glm",0.0476586855965695,-0.25891244801134,-0.77024964209284
27,"recursive_multi_step",3,"inad_constrained_alpha",2.39221057737972,1.21192330577594,3.7709225,1.94188632520032,2.33600033181168,1.24127090029925,2.06570549709592,"nb_glm",0.0562102455680322,-0.0293475945233053,-0.1238191718956
27,"recursive_multi_step",3,"inad_unconstrained",2.26087800199099,1.15029864772658,3.489428,1.8680010706635,2.33600033181168,1.24127090029925,2.06570549709592,"nb_glm",-0.0751223298206951,-0.0909722525726688,-0.197704426432414
27,"recursive_multi_step",4,"inad_constrained_alpha",3.37036607907906,3.44608193091255,27.604377,5.2539867719666,3.1269469599242,2.85608213409231,4.52614657449556,"nb_glm",0.243419119154858,0.589999796820242,0.727840197471038
27,"recursive_multi_step",4,"inad_unconstrained",3.41026883943184,3.23988554368547,25.193053,5.01926817374804,3.1269469599242,2.85608213409231,4.52614657449556,"nb_glm",0.283321879507644,0.383803409593155,0.493121599252481
27,"rolling_one_step",1,"inad_constrained_alpha",2.72168002190719,2.24293636790119,16.3050040454545,4.03794552284383,2.63940197499944,2.3836682481388,4.53144930871952,"nb_glm",0.082278046907752,-0.140731880237616,-0.493503785875691
27,"rolling_one_step",1,"inad_unconstrained",2.64872397629449,2.17101218722215,15.9560543636364,3.99450301835364,2.63940197499944,2.3836682481388,4.53144930871952,"nb_glm",0.00932200129504368,-0.212656060916656,-0.53694629036588
28,"recursive_multi_step",1,"inad_unconstrained",4.25405637196476,4.96786786520127,62.3713625,7.89755421000705,3.23354286891018,4.40976711755763,7.12727402130034,"nb_glm",1.02051350305459,0.558100747643638,0.770280188706702
28,"recursive_multi_step",1,"inad_constrained_alpha",3.25575790462042,4.7739896034986,59.24729,7.69722612374094,3.23354286891018,4.40976711755763,7.12727402130034,"nb_glm",0.0222150357102451,0.364222485940972,0.569952102440598
28,"recursive_multi_step",2,"inad_unconstrained",4.40015621578172,8.72348919348706,188.4507565,13.7277367581113,4.08885043735849,8.43281452189045,13.3403539010697,"nb_glm",0.311305778423229,0.290674671596612,0.387382857041631
28,"recursive_multi_step",2,"inad_constrained_alpha",4.37554345920158,9.00816490119999,194.1725545,13.9345812459507,4.08885043735849,8.43281452189045,13.3403539010697,"nb_glm",0.28669302184309,0.57535037930954,0.594227344881004
28,"recursive_multi_step",3,"inad_unconstrained",2.53245967101756,2.02441435890139,10.1022805,3.17840848539013,2.6060692346192,2.11722409853292,3.40062067954122,"nb_glm",-0.0736095636016438,-0.0928097396315279,-0.222212194151084
28,"recursive_multi_step",3,"inad_constrained_alpha",2.44122399558835,1.8563325506178,8.8426985,2.97366751672072,2.6060692346192,2.11722409853292,3.40062067954122,"nb_glm",-0.164845239030852,-0.260891547915116,-0.426953162820493
28,"recursive_multi_step",4,"inad_unconstrained",2.14518904846787,1.48957488829507,6.1737925,2.48471175390628,2.41648275883987,1.73163308774442,2.87867565272873,"nb_glm",-0.271293710372001,-0.242058199449354,-0.393963898822455
28,"recursive_multi_step",4,"inad_constrained_alpha",2.12821455910741,1.37417094354673,4.4800565,2.11661439568004,2.41648275883987,1.73163308774442,2.87867565272873,"nb_glm",-0.288268199732456,-0.357462144197689,-0.762061257048686
28,"rolling_one_step",1,"inad_unconstrained",3.09758114082927,3.76826136688716,46.434217,6.81426569778432,3.02229138419638,3.74802225063794,7.13604365556803,"nb_glm",0.0752897566328903,0.0202391162492193,-0.321777957783715
28,"rolling_one_step",1,"inad_constrained_alpha",3.1796958027069,3.88388256454222,50.0332370909091,7.07341763866019,3.02229138419638,3.74802225063794,7.13604365556803,"nb_glm",0.157404418510526,0.135860313904281,-0.0626260169078439
29,"recursive_multi_step",1,"inad_unconstrained",2.15650539998957,1.20229194273773,5.5663085,2.3593025452451,2.22262350043004,1.06143875363552,1.85604672578185,"nb_glm",-0.066118100440467,0.140853189102208,0.503255819463248
29,"recursive_multi_step",1,"inad_constrained_alpha",2.27867615827461,1.34065062748173,7.20477,2.68417026285592,2.22262350043004,1.06143875363552,1.85604672578185,"nb_glm",0.0560526578445746,0.279211873846211,0.828123537074066
29,"recursive_multi_step",2,"inad_unconstrained",2.44219725519622,1.14734621595485,0.485,0.696419413859206,2.63359226835109,1.32830074559176,1.04039982320985,"nb_glm",-0.19139501315487,-0.180954529636911,-0.343980409350646
29,"recursive_multi_step",2,"inad_constrained_alpha",2.43147635492749,1.06048911916927,0.2165665,0.465367059427287,2.63359226835109,1.32830074559176,1.04039982320985,"nb_glm",-0.202115913423597,-0.267811626422487,-0.575032763782565
29,"recursive_multi_step",3,"inad_unconstrained",2.40802461759009,1.52182516576362,8.908249,2.98466899337263,2.22854832566572,1.32235922470205,2.63596722337692,"nb_glm",0.179476291924362,0.199465941061574,0.34870176999571
29,"recursive_multi_step",3,"inad_constrained_alpha",2.3790793990435,1.69248308571611,11.275272,3.35786718022021,2.22854832566572,1.32235922470205,2.63596722337692,"nb_glm",0.15053107337778,0.370123861014063,0.721899956843285
29,"recursive_multi_step",4,"inad_unconstrained",2.18113687723644,1.52399205361023,5.303321,2.30289404880034,2.47488874738082,1.8558018973158,2.97037616139659,"nb_glm",-0.293751870144377,-0.331809843705574,-0.667482112596251
29,"recursive_multi_step",4,"inad_constrained_alpha",2.1624434543934,1.52396164033506,5.741984,2.39624372716967,2.47488874738082,1.8558018973158,2.97037616139659,"nb_glm",-0.31244529298742,-0.331840256980741,-0.574132434226914
29,"rolling_one_step",1,"inad_unconstrained",2.45683231644481,1.53574872015247,6.74337640909091,2.5968011878253,2.50327758402392,1.5431813772793,2.50614422325127,"nb_glm",-0.0464452675791098,-0.00743265712682795,0.0906569645740349
29,"rolling_one_step",1,"inad_constrained_alpha",2.55123870673008,1.61748744870865,7.66899231818182,2.76929455244144,2.50327758402392,1.5431813772793,2.50614422325127,"nb_glm",0.0479611227061598,0.0743060714293478,0.263150329190168
3,"recursive_multi_step",1,"inad_unconstrained",2.33590328995162,1.70712048961224,11.515024,3.393379436491,2.34915144884266,2.16822270252017,4.30964667255754,"nb_glm",-0.0132481588910394,-0.461102212907926,-0.916267236066538
3,"recursive_multi_step",1,"inad_constrained_alpha",2.4968262768075,1.7575229587764,11.7988685,3.43494810732273,2.34915144884266,2.16822270252017,4.30964667255754,"nb_glm",0.147674827964845,-0.41069974374377,-0.874698565234813
3,"recursive_multi_step",2,"inad_unconstrained",2.52075671277188,1.76273483352787,9.001672,3.00027865372535,2.46625047512975,1.50811567290658,2.73207269263063,"nb_glm",0.0545062376421281,0.254619160621293,0.268205961094718
3,"recursive_multi_step",2,"inad_constrained_alpha",2.47977895063702,1.55891353253085,7.216505,2.68635533762754,2.46625047512975,1.50811567290658,2.73207269263063,"nb_glm",0.0135284755072727,0.0507978596242711,-0.0457173550030876
3,"recursive_multi_step",3,"inad_unconstrained",2.50734815267615,1.09825161749268,1.1506865,1.07270056399724,2.3766654682318,1.10357087902065,1.18354134144037,"nb_glm",0.130682684444349,-0.00531926152797246,-0.110840777443133
3,"recursive_multi_step",3,"inad_constrained_alpha",2.37439665714119,1.02907904824813,0.874256,0.93501657739315,2.3766654682318,1.10357087902065,1.18354134144037,"nb_glm",-0.00226881109061239,-0.0744918307725153,-0.248524764047225
3,"recursive_multi_step",4,"inad_unconstrained",2.0452563085645,1.15393167965398,6.2122365,2.49243585674737,2.07323637884018,1.39099004493118,2.75219998831489,"nb_glm",-0.0279800702756807,-0.237058365277203,-0.259764131567515
3,"recursive_multi_step",4,"inad_constrained_alpha",1.95624364500756,0.881595222173205,2.810314,1.67639911715558,2.07323637884018,1.39099004493118,2.75219998831489,"nb_glm",-0.116992733832624,-0.509394822757978,-1.07580087115931
3,"rolling_one_step",1,"inad_unconstrained",2.21864744601891,1.40278866924097,7.15688009090909,2.6752345861455,2.42794413388443,1.96941689626112,4.02597410511033,"nb_glm",-0.209296687865525,-0.566628227020154,-1.35073951896483
3,"rolling_one_step",1,"inad_constrained_alpha",2.1607962132334,1.31275823733251,6.20569186363636,2.49112261112061,2.42794413388443,1.96941689626112,4.02597410511033,"nb_glm",-0.267147920651037,-0.656658658928618,-1.53485149398972
30,"recursive_multi_step",1,"inad_unconstrained",2.17983160428342,0.817331284233016,0.028125,0.167705098312484,2.30511592671608,0.970759657877597,0.813813427776248,"nb_glm",-0.125284322432656,-0.15342837364458,-0.646108329463763
30,"recursive_multi_step",1,"inad_constrained_alpha",2.09256299793682,0.81528760153991,0.245033,0.495008080742123,2.30511592671608,0.970759657877597,0.813813427776248,"nb_glm",-0.212552928779264,-0.155472056337687,-0.318805347034125
30,"recursive_multi_step",2,"inad_unconstrained",2.89942919064618,2.86082557341559,25.3975325,5.03959646201955,3.0864960623623,3.1374776835502,5.39105508559097,"nb_glm",-0.187066871716123,-0.276652110134604,-0.351458623571415
30,"recursive_multi_step",2,"inad_constrained_alpha",3.05249642119928,3.02211778500139,27.4658885,5.2407908277282,3.0864960623623,3.1374776835502,5.39105508559097,"nb_glm",-0.0339996411630197,-0.115359898548805,-0.15026425786277
30,"recursive_multi_step",3,"inad_unconstrained",3.05701846413429,3.3862430238543,34.2424825,5.85170765674431,3.14101823738825,3.4849734942244,6.05945371571962,"nb_glm",-0.0839997732539626,-0.0987304703701044,-0.207746058975307
30,"recursive_multi_step",3,"inad_constrained_alpha",3.08902285912617,3.07504031458937,29.596858,5.44029944028819,3.14101823738825,3.4849734942244,6.05945371571962,"nb_glm",-0.0519953782620806,-0.409933179635037,-0.619154275431428
30,"recursive_multi_step",4,"inad_unconstrained",2.3299065702188,0.986804500866092,1.017274,1.00860001982947,2.23392642102127,0.897986247488308,0.737268878021345,"nb_glm",0.0959801491975334,0.0888182533777835,0.271331141808122
30,"recursive_multi_step",4,"inad_constrained_alpha",2.43690483075831,0.9760276085114,0.19477,0.441327542761609,2.23392642102127,0.897986247488308,0.737268878021345,"nb_glm",0.20297840973704,0.0780413610230912,-0.295941335259735
30,"rolling_one_step",1,"inad_unconstrained",2.64359498094306,2.19736222445763,21.9105751363636,4.68087333051896,2.79353079209526,2.58596389272304,5.20777167154227,"nb_glm",-0.149935811152202,-0.388601668265411,-0.52689834102331
30,"rolling_one_step",1,"inad_constrained_alpha",2.49523818737552,2.01437359312257,19.0289070454545,4.36221354881378,2.79353079209526,2.58596389272304,5.20777167154227,"nb_glm",-0.29829260471974,-0.57159029960047,-0.845558122728484
31,"recursive_multi_step",1,"inad_constrained_alpha",2.71335704320589,1.83742163663433,8.6643485,2.94352654141253,2.69241850296297,1.59469235443234,2.18458288915228,"nb_glm",0.0209385402429163,0.242729282201992,0.758943652260248
31,"recursive_multi_step",1,"inad_unconstrained",2.73994583271868,1.79681020517642,8.407825,2.89962497575117,2.69241850296297,1.59469235443234,2.18458288915228,"nb_glm",0.0475273297557068,0.202117850744084,0.715042086598894
31,"recursive_multi_step",2,"inad_constrained_alpha",2.35507642177389,1.02424537935688,0.4646525,0.681654237865503,2.56033616706623,1.18082436501878,0.369302079035545,"nb_glm",-0.205259745292345,-0.156578985661906,0.312352158829958
31,"recursive_multi_step",2,"inad_unconstrained",2.42549771816984,1.12052101395934,0.864121000000001,0.92958108844791,2.56033616706623,1.18082436501878,0.369302079035545,"nb_glm",-0.134838448896394,-0.0603033510594446,0.560279009412365
31,"recursive_multi_step",3,"inad_constrained_alpha",2.8699506037548,2.00934250820663,8.658037,2.94245424773266,3.01349475656046,2.34892307258378,3.4611190138032,"nb_glm",-0.14354415280566,-0.33958056437715,-0.518664766070537
31,"recursive_multi_step",3,"inad_unconstrained",3.18106623956772,2.208147947099,10.328365,3.21377737250109,3.01349475656046,2.34892307258378,3.4611190138032,"nb_glm",0.167571483007257,-0.140775125484782,-0.247341641302112
31,"recursive_multi_step",4,"inad_constrained_alpha",3.17072050524414,2.61479390936515,15.1092485,3.88706167946947,2.93028945509193,2.17110292111903,3.40653935170557,"nb_glm",0.240431050152216,0.443690988246123,0.480522327763897
31,"recursive_multi_step",4,"inad_unconstrained",2.81792984190754,2.12036337904811,8.9556625,2.99260129318959,2.93028945509193,2.17110292111903,3.40653935170557,"nb_glm",-0.112359613184383,-0.0507395420709211,-0.413938058515983
31,"rolling_one_step",1,"inad_constrained_alpha",2.72373847154847,2.15738109318232,16.5434935454545,4.06736936427644,2.92048241714692,2.54240200431059,4.35066992354536,"nb_glm",-0.196743945598447,-0.385020911128263,-0.283300559268917
31,"rolling_one_step",1,"inad_unconstrained",2.70384288403537,2.14064539018165,16.4786000909091,4.05938420094835,2.92048241714692,2.54240200431059,4.35066992354536,"nb_glm",-0.216639533111544,-0.401756614128936,-0.291285722597006
32,"recursive_multi_step",1,"inad_unconstrained",1.97488413143159,0.864680708896916,2.0668545,1.43765590458913,2.11514697428054,1.0057884237058,1.8522909813791,"nb_glm",-0.140262842848955,-0.141107714808884,-0.414635076789965
32,"recursive_multi_step",1,"inad_constrained_alpha",1.99318001772927,0.927178293115583,2.643245,1.62580595398098,2.11514697428054,1.0057884237058,1.8522909813791,"nb_glm",-0.121966956551272,-0.0786101305902172,-0.22648502739812
32,"recursive_multi_step",2,"inad_unconstrained",2.20178164780056,1.19007193514531,5.829545,2.41444507081855,2.23432815400795,1.33610757277517,2.89455805526949,"nb_glm",-0.0325465062073937,-0.146035637629863,-0.480112984450935
32,"recursive_multi_step",2,"inad_constrained_alpha",2.298929581646,1.43010531098979,8.2572425,2.87354180411561,2.23432815400795,1.33610757277517,2.89455805526949,"nb_glm",0.0646014276380473,0.0939977382146238,-0.0210162511538758
32,"recursive_multi_step",3,"inad_unconstrained",2.13871389369163,0.95277471311171,1.568929,1.25256896017744,2.26084419495607,1.09345345891528,1.47839614839672,"nb_glm",-0.122130301264443,-0.140678745803567,-0.225827188219279
32,"recursive_multi_step",3,"inad_constrained_alpha",2.20119531987327,1.01375973568675,1.977994,1.40641174625356,2.26084419495607,1.09345345891528,1.47839614839672,"nb_glm",-0.0596488750827975,-0.0796937232285309,-0.0719844021431568
32,"recursive_multi_step",4,"inad_unconstrained",2.33958905185919,1.02830859161988,0.810949,0.900527067888578,2.2584293310927,1.08441857669238,1.39608563610663,"nb_glm",0.0811597207664927,-0.056109985072498,-0.495558568218047
32,"recursive_multi_step",4,"inad_constrained_alpha",2.3312649589344,1.06191875911743,0.8796845,0.937914974824477,2.2584293310927,1.08441857669238,1.39608563610663,"nb_glm",0.0728356278416937,-0.0224998175749433,-0.458170661282148
32,"rolling_one_step",1,"inad_unconstrained",2.42803704777859,1.54134590787867,7.55815240909091,2.74920941528486,2.57945124119407,1.64785836084577,2.66457409251163,"nb_glm",-0.151414193415486,-0.106512452967097,0.0846353227732313
32,"rolling_one_step",1,"inad_constrained_alpha",2.42805946513677,1.54647365680415,7.49191445454546,2.73713617756688,2.57945124119407,1.64785836084577,2.66457409251163,"nb_glm",-0.151391776057299,-0.101384704041617,0.072562085055258
33,"recursive_multi_step",1,"inad_unconstrained",2.10364259724884,0.775686256540719,0.151978,0.389843558366686,2.24600232005278,1.063193890498,1.47170898743691,"nb_glm",-0.142359722803941,-0.287507633957279,-1.08186542907022
33,"recursive_multi_step",1,"inad_constrained_alpha",2.01855395507162,0.727031619186225,0.040833,0.202071769428587,2.24600232005278,1.063193890498,1.47170898743691,"nb_glm",-0.227448364981155,-0.336162271311772,-1.26963721800832
33,"recursive_multi_step",2,"inad_unconstrained",2.74411410985247,1.62294367291661,3.831154,1.95733339009991,2.65931794368158,1.33731067083789,0.969105974864211,"nb_glm",0.0847961661708863,0.285633002078723,0.988227415235697
33,"recursive_multi_step",2,"inad_constrained_alpha",2.57927759797875,1.30530581177429,2.0324845,1.42565230684063,2.65931794368158,1.33731067083789,0.969105974864211,"nb_glm",-0.0800403457028334,-0.0320048590635993,0.456546331976415
33,"recursive_multi_step",3,"inad_unconstrained",2.18406577188187,0.858471916404181,0.0622845000000001,0.249568627836113,2.31163745150684,0.98303838486622,0.80946113404902,"nb_glm",-0.12757167962498,-0.124566468462039,-0.559892506212908
33,"recursive_multi_step",3,"inad_constrained_alpha",2.19224500175581,0.872185674266738,0.3024765,0.549978635948707,2.31163745150684,0.98303838486622,0.80946113404902,"nb_glm",-0.119392449751033,-0.110852710599482,-0.259482498100314
33,"recursive_multi_step",4,"inad_unconstrained",2.92663830979558,2.17289632359348,13.2867025,3.64509293434338,2.75435247737186,2.65773693963077,4.4721669607192,"nb_glm",0.172285832423724,-0.484840616037292,-0.827074026375822
33,"recursive_multi_step",4,"inad_constrained_alpha",2.81520665917577,2.5845852926387,20.321209,4.50790516759171,2.75435247737186,2.65773693963077,4.4721669607192,"nb_glm",0.0608541818039141,-0.0731516469920672,0.0357382068725078
33,"rolling_one_step",1,"inad_unconstrained",2.39330985343969,1.61435161649495,9.51198927272727,3.08415130509631,2.57976555190513,1.79728939186675,3.08602029289957,"nb_glm",-0.186455698465438,-0.182937775371798,-0.00186898780326406
33,"rolling_one_step",1,"inad_constrained_alpha",2.38518847462135,1.59674527945318,9.22766872727273,3.03770780808042,2.57976555190513,1.79728939186675,3.08602029289957,"nb_glm",-0.194577077283785,-0.200544112413566,-0.0483124848191583
34,"recursive_multi_step",1,"inad_unconstrained",2.73404658509589,2.13605842210107,12.2702645,3.50289373233046,2.41213862025419,1.41991774233961,2.16470434879966,"nb_glm",0.321907964841699,0.716140679761454,1.33818938353079
34,"recursive_multi_step",1,"inad_constrained_alpha",2.66839643300029,2.09413636014735,11.761074,3.42944222870134,2.41213862025419,1.41991774233961,2.16470434879966,"nb_glm",0.256257812746104,0.674218617807735,1.26473787990167
34,"recursive_multi_step",2,"inad_unconstrained",2.05610539043716,1.40620052419537,8.816968,2.96933797335366,2.22692238591224,1.8267581670697,3.90303118118303,"nb_glm",-0.170816995475079,-0.420557642874331,-0.933693207829374
34,"recursive_multi_step",2,"inad_constrained_alpha",2.37588905763071,1.8747580810458,13.000429,3.60561076656924,2.22692238591224,1.8267581670697,3.90303118118303,"nb_glm",0.148966671718465,0.0479999139760985,-0.297420414613794
34,"recursive_multi_step",3,"inad_unconstrained",2.08310757029291,1.32677924708552,7.5687965,2.75114457998848,2.09000920548962,1.42519062081584,3.06834975518702,"nb_glm",-0.00690163519671128,-0.0984113737303207,-0.317205175198541
34,"recursive_multi_step",3,"inad_constrained_alpha",2.2689123732673,1.53480885642712,9.891205,3.14502861672195,2.09000920548962,1.42519062081584,3.06834975518702,"nb_glm",0.178903167777676,0.109618235611284,0.0766788615349294
34,"recursive_multi_step",4,"inad_unconstrained",2.13604878624049,1.9155758622738,16.117609,4.01467420845079,2.36888216784173,2.01420902743856,4.00415075016971,"nb_glm",-0.232833381601237,-0.0986331651647585,0.0105234582810798
34,"recursive_multi_step",4,"inad_constrained_alpha",2.03069126118018,1.64770672317295,11.704921,3.42124553342785,2.36888216784173,2.01420902743856,4.00415075016971,"nb_glm",-0.338190906661546,-0.366502304265614,-0.582905216741865
34,"rolling_one_step",1,"inad_unconstrained",2.44306916904071,1.66231957914568,8.79604168181818,2.9658121454027,2.61012956357825,1.94842197179512,3.41989510965258,"nb_glm",-0.167060394537535,-0.286102392649443,-0.454082964249873
34,"rolling_one_step",1,"inad_constrained_alpha",2.4406754326293,1.62595602071371,8.05387668181818,2.83793528499474,2.61012956357825,1.94842197179512,3.41989510965258,"nb_glm",-0.169454130948945,-0.322465951081411,-0.581959824657834
35,"recursive_multi_step",1,"inad_constrained_alpha",1.75965137141402,0.886351441982699,2.9506445,1.71774401468903,2.08043196362666,1.38413248754301,2.88254160673454,"nb_glm",-0.320780592212637,-0.497781045560307,-1.1647975920455
35,"recursive_multi_step",1,"inad_unconstrained",1.87052442990133,0.913667097205506,3.0704985,1.75228379550802,2.08043196362666,1.38413248754301,2.88254160673454,"nb_glm",-0.209907533725328,-0.470465390337501,-1.13025781122651
35,"recursive_multi_step",2,"inad_constrained_alpha",2.02120718987571,1.1681193059816,6.0553485,2.46076177229735,2.22171437194654,1.79732647208997,3.89652000865373,"nb_glm",-0.200507182070829,-0.629207166108365,-1.43575823635638
35,"recursive_multi_step",2,"inad_unconstrained",2.00939120095285,1.46053972631358,9.581234,3.0953568453411,2.22171437194654,1.79732647208997,3.89652000865373,"nb_glm",-0.21232317099369,-0.336786745776382,-0.801163163312635
35,"recursive_multi_step",3,"inad_constrained_alpha",2.09148390451276,1.56303226978128,10.372114,3.22057665643903,2.1488664633518,1.76867048529068,3.71433968845223,"nb_glm",-0.0573825588390342,-0.205638215509396,-0.493763032013196
35,"recursive_multi_step",3,"inad_unconstrained",2.23163239583188,1.81109408309156,13.610957,3.68930305071297,2.1488664633518,1.76867048529068,3.71433968845223,"nb_glm",0.0827659324800853,0.0424235978008869,-0.0250366377392592
35,"recursive_multi_step",4,"inad_constrained_alpha",2.19913620604353,1.82155594907421,11.5813305,3.40313539254612,2.46813910676294,2.07737265867961,3.92726232751007,"nb_glm",-0.269002900719413,-0.255816709605405,-0.524126934963951
35,"recursive_multi_step",4,"inad_unconstrained",2.47841656213402,2.19954254698928,17.8085825,4.22002162316735,2.46813910676294,2.07737265867961,3.92726232751007,"nb_glm",0.0102774553710776,0.122169888309664,0.292759295657285
35,"rolling_one_step",1,"inad_constrained_alpha",2.27114127656728,1.47234205983231,8.86126577272727,2.97678782796612,2.42030345565882,1.89634684087609,3.86544469679391,"nb_glm",-0.149162179091536,-0.42400478104378,-0.888656868827789
35,"rolling_one_step",1,"inad_unconstrained",2.25439856702603,1.45786712122169,8.47699272727273,2.91152755907835,2.42030345565882,1.89634684087609,3.86544469679391,"nb_glm",-0.165904888632785,-0.438479719654395,-0.953917137715565
4,"recursive_multi_step",1,"inad_unconstrained",2.02572724544163,1.1364149162723,5.194516,2.27914808645687,2.1714187811859,0.992512760807688,1.51287761692406,"nb_glm",-0.145691535744274,0.143902155464617,0.766270469532808
4,"recursive_multi_step",1,"inad_constrained_alpha",2.04151579362932,1.17495153343831,5.63833,2.37451679294967,2.1714187811859,0.992512760807688,1.51287761692406,"nb_glm",-0.129902987556578,0.182438772630621,0.861639176025613
4,"recursive_multi_step",2,"inad_unconstrained",2.25475289191859,1.31662084882987,3.779321,1.94404758172222,2.5260028721547,1.66425792748365,2.6077714368441,"nb_glm",-0.271249980236112,-0.347637078653777,-0.663723855121883
4,"recursive_multi_step",2,"inad_constrained_alpha",2.28584288224304,1.32605274009944,4.1422445,2.0352504759857,2.5260028721547,1.66425792748365,2.6077714368441,"nb_glm",-0.240159989911661,-0.338205187384211,-0.572520960858404
4,"recursive_multi_step",3,"inad_unconstrained",2.41586387075281,1.08144698371209,2.206345,1.48537705650788,2.3342821273653,1.22709388563051,1.76753048578107,"nb_glm",0.0815817433875097,-0.145646901918422,-0.282153429273194
4,"recursive_multi_step",3,"inad_constrained_alpha",2.23609026018231,1.01289175094614,1.7140625,1.30922209727762,2.3342821273653,1.22709388563051,1.76753048578107,"nb_glm",-0.0981918671829951,-0.214202134684375,-0.458308388503453
4,"recursive_multi_step",4,"inad_unconstrained",2.85409533229606,2.35360815851522,17.187637,4.14579751073301,2.93568146574717,2.73246832981797,4.76997033758557,"nb_glm",-0.0815861334511099,-0.378860171302746,-0.624172826852559
4,"recursive_multi_step",4,"inad_constrained_alpha",2.90818477199439,2.90124031055565,24.029465,4.90198582209292,2.93568146574717,2.73246832981797,4.76997033758557,"nb_glm",-0.0274966937527781,0.168771980737684,0.132015484507353
4,"rolling_one_step",1,"inad_unconstrained",2.8476470647905,2.58371211944393,24.2695889545455,4.92641745638202,3.12615063936656,3.58115815966429,6.91287720636213,"nb_glm",-0.278503574576057,-0.997446040220363,-1.98645974998011
4,"rolling_one_step",1,"inad_constrained_alpha",2.86732614586988,2.54354427639993,23.2079306818182,4.81746102026972,3.12615063936656,3.58115815966429,6.91287720636213,"nb_glm",-0.25882449349668,-1.03761388326436,-2.09541618609241
5,"recursive_multi_step",1,"inad_constrained_alpha",2.77455710703898,2.45479078858748,17.30261,4.15964060947578,2.73894061139397,2.65148210296446,4.41802721678956,"nb_glm",0.035616495645002,-0.196691314376987,-0.258386607313783
5,"recursive_multi_step",1,"inad_unconstrained",2.61906365599418,2.48434693490606,17.77802,4.21639893748208,2.73894061139397,2.65148210296446,4.41802721678956,"nb_glm",-0.119876955399794,-0.167135168058409,-0.20162827930748
5,"recursive_multi_step",2,"inad_constrained_alpha",2.48870678470294,1.79529525926233,9.3539825,3.05842810933983,2.61555307033554,1.91478848464028,3.11623889297397,"nb_glm",-0.126846285632594,-0.11949322537795,-0.0578107836341419
5,"recursive_multi_step",2,"inad_unconstrained",2.50032964260454,1.619002648935,7.310452,2.70378475474658,2.61555307033554,1.91478848464028,3.11623889297397,"nb_glm",-0.115223427730999,-0.29578583570528,-0.412454138227395
5,"recursive_multi_step",3,"inad_constrained_alpha",2.26615320313131,1.10549007204275,2.5378525,1.59306387191475,2.25027564354763,1.08081876082268,1.50729853056303,"nb_glm",0.0158775595836862,0.0246713112200667,0.085765341351717
5,"recursive_multi_step",3,"inad_unconstrained",2.16811722850964,0.929923246503789,1.3495565,1.16170413617237,2.25027564354763,1.08081876082268,1.50729853056303,"nb_glm",-0.0821584150379873,-0.150895514318892,-0.345594394390655
5,"recursive_multi_step",4,"inad_constrained_alpha",2.97261201868695,2.06697636351268,9.519626,3.08538911646489,2.70619918407666,1.67765479665373,2.58631940115436,"nb_glm",0.26641283461029,0.38932156685895,0.499069715310526
5,"recursive_multi_step",4,"inad_unconstrained",2.87504833406164,1.74246741811581,5.913025,2.4316712360021,2.70619918407666,1.67765479665373,2.58631940115436,"nb_glm",0.16884914998498,0.0648126214620746,-0.15464816515226
5,"rolling_one_step",1,"inad_constrained_alpha",3.03980903046129,2.85264407911321,29.9381915454545,5.47158035173153,2.72156214149583,2.25045152730006,4.15013269202574,"nb_glm",0.318246888965469,0.602192551813152,1.32144765970579
5,"rolling_one_step",1,"inad_unconstrained",2.97416643341865,2.72747728142794,27.9697277727273,5.28864139195761,2.72156214149583,2.25045152730006,4.15013269202574,"nb_glm",0.25260429192282,0.477025754127884,1.13850869993186
6,"recursive_multi_step",1,"inad_unconstrained",2.43137024713831,1.75277358344051,11.3023865,3.36190221452082,2.21539251074827,1.06793361733651,1.89791384761965,"nb_glm",0.215977736390038,0.684839966104,1.46398836690118
6,"recursive_multi_step",1,"inad_constrained_alpha",2.45370655435705,1.919552972352,13.296025,3.6463714840921,2.21539251074827,1.06793361733651,1.89791384761965,"nb_glm",0.238314043608786,0.851619355015486,1.74845763647245
6,"recursive_multi_step",2,"inad_unconstrained",3.44688902535157,3.46376736437888,36.767624,6.0636312552793,2.71348442766212,2.52487182692915,4.78523988606135,"nb_glm",0.733404597689449,0.938895537449736,1.27839136921795
6,"recursive_multi_step",2,"inad_constrained_alpha",3.48056125831158,3.24167764490512,33.2295385,5.7645067872282,2.71348442766212,2.52487182692915,4.78523988606135,"nb_glm",0.767076830649461,0.716805817975975,0.979266901166852
6,"recursive_multi_step",3,"inad_unconstrained",2.73502765525311,2.58238159085273,23.414797,4.83888385890796,2.36485159882317,2.20810661347834,4.39438232809601,"nb_glm",0.370176056429935,0.374274977374389,0.444501530811947
6,"recursive_multi_step",3,"inad_constrained_alpha",2.86179554113147,2.73029122565899,24.9274265,4.99273737542843,2.36485159882317,2.20810661347834,4.39438232809601,"nb_glm",0.496943942308301,0.522184612180649,0.59835504733242
6,"recursive_multi_step",4,"inad_unconstrained",2.30346068391797,1.82154114602093,14.910281,3.86138330135717,2.17566847715526,1.59822720197091,3.29878345674303,"nb_glm",0.127792206762715,0.223313944050022,0.562599844614136
6,"recursive_multi_step",4,"inad_constrained_alpha",2.09766859568106,1.36177070061697,8.40149,2.89853238726084,2.17566847715526,1.59822720197091,3.29878345674303,"nb_glm",-0.0779998814742009,-0.236456501353933,-0.400251069482198
6,"rolling_one_step",1,"inad_unconstrained",2.32755444188631,1.47434258874587,8.09357986363636,2.84492176757751,2.52859642383663,2.05478678687709,4.12017547220173,"nb_glm",-0.201041981950324,-0.580444198131227,-1.27525370462421
6,"rolling_one_step",1,"inad_constrained_alpha",2.30726653610635,1.53681221883907,8.88986468181818,2.98158761095799,2.52859642383663,2.05478678687709,4.12017547220173,"nb_glm",-0.221329887730278,-0.517974568038019,-1.13858786124374
7,"recursive_multi_step",1,"inad_unconstrained",2.16395614943558,1.5696461405849,9.4948825,3.08137672153211,2.11850572916811,1.25863969963568,2.46196120096237,"nb_glm",0.0454504202674655,0.311006440949219,0.61941552056974
7,"recursive_multi_step",1,"inad_constrained_alpha",2.1720082028585,1.53976592025081,9.0774205,3.01287578569048,2.11850572916811,1.25863969963568,2.46196120096237,"nb_glm",0.05350247369039,0.281126220615125,0.550914584728101
7,"recursive_multi_step",2,"inad_unconstrained",2.36508047323889,1.05972660755962,0.986386000000001,0.993169673318714,2.56113138442569,1.51363688434238,2.11300287542677,"nb_glm",-0.196050911186801,-0.45391027678276,-1.11983320210805
7,"recursive_multi_step",2,"inad_constrained_alpha",2.40404658195785,1.136203946355,2.099729,1.44904416771884,2.56113138442569,1.51363688434238,2.11300287542677,"nb_glm",-0.157084802467843,-0.377432937987379,-0.663958707707921
7,"recursive_multi_step",3,"inad_unconstrained",2.16549748847626,1.23188743800007,5.680666,2.38341477716322,2.22725631915418,1.07732078819025,1.90347154475644,"nb_glm",-0.0617588306779204,0.154566649809824,0.479943232406783
7,"recursive_multi_step",3,"inad_constrained_alpha",2.22211376763841,1.25909863369859,5.696093,2.38664890589295,2.22725631915418,1.07732078819025,1.90347154475644,"nb_glm",-0.0051425515157737,0.181777845508341,0.48317736113651
7,"recursive_multi_step",4,"inad_unconstrained",3.67869947955494,3.79340140092288,34.294594,5.85615863856163,3.54482426987964,4.04345579198463,6.39823463527745,"nb_glm",0.133875209675308,-0.25005439106175,-0.54207599671582
7,"recursive_multi_step",4,"inad_constrained_alpha",4.03019554746063,4.68046573302237,47.2177525,6.87151748160477,3.54482426987964,4.04345579198463,6.39823463527745,"nb_glm",0.485371277580993,0.637009941037735,0.473282846327324
7,"rolling_one_step",1,"inad_unconstrained",2.77433295965797,2.14587614925034,14.9466376818182,3.86608816270635,2.74303822232486,1.99240360370115,3.41306568156988,"nb_glm",0.0312947373331163,0.15347254554919,0.453022481136469
7,"rolling_one_step",1,"inad_constrained_alpha",2.73366659865618,2.22552418479869,16.0401260909091,4.00501262056802,2.74303822232486,1.99240360370115,3.41306568156988,"nb_glm",-0.00937162366867961,0.233120581097533,0.591946938998133
8,"recursive_multi_step",1,"inad_unconstrained",3.18741099978908,2.85814274592108,21.48281,4.63495523171476,3.21251087680203,3.33287806583727,5.35369010467251,"nb_glm",-0.0250998770129494,-0.474735319916185,-0.718734872957755
8,"recursive_multi_step",1,"inad_constrained_alpha",2.89631000909708,2.70515657062924,19.4453605,4.40968938815423,3.21251087680203,3.33287806583727,5.35369010467251,"nb_glm",-0.316200867704945,-0.627721495208023,-0.944000716518285
8,"recursive_multi_step",2,"inad_unconstrained",3.14726943907654,3.03217165727684,24.172201,4.91652326344542,3.09743366232204,3.16416844922769,5.18752156824418,"nb_glm",0.0498357767545072,-0.131996791950851,-0.270998304798763
8,"recursive_multi_step",2,"inad_constrained_alpha",3.18232200397471,3.16771775202617,25.3439325,5.03427576717843,3.09743366232204,3.16416844922769,5.18752156824418,"nb_glm",0.0848883416526736,0.0035493027984832,-0.15324580106575
8,"recursive_multi_step",3,"inad_unconstrained",2.18718035863938,1.31122885939153,6.8308925,2.61359761631357,2.22561583163958,1.31039671953898,2.67035546247939,"nb_glm",-0.0384354730001966,0.000832139852548153,-0.0567578461658163
8,"recursive_multi_step",3,"inad_constrained_alpha",2.16744378626003,1.43487854503875,8.6633,2.94334843333235,2.22561583163958,1.31039671953898,2.67035546247939,"nb_glm",-0.0581720453795471,0.124481825499771,0.272992970852959
8,"recursive_multi_step",4,"inad_unconstrained",2.38575415698276,1.53656040227002,7.8863465,2.80826396551321,2.32685967425409,1.42709812706562,2.61614080625162,"nb_glm",0.0588944827286673,0.109462275204403,0.192123159261596
8,"recursive_multi_step",4,"inad_constrained_alpha",2.41489599604787,1.50285853328312,7.0306585,2.65153889279415,2.32685967425409,1.42709812706562,2.61614080625162,"nb_glm",0.088036321793783,0.0757604062175017,0.0353980865425272
8,"rolling_one_step",1,"inad_unconstrained",2.70929010681118,2.05779358743137,14.3291056363636,3.78538051407829,2.76835248056359,2.37924160945326,4.38314134412947,"nb_glm",-0.0590623737524081,-0.321448022021884,-0.597760830051173
8,"rolling_one_step",1,"inad_constrained_alpha",2.65107472778961,1.97446399287778,13.0715099545455,3.61545432201065,2.76835248056359,2.37924160945326,4.38314134412947,"nb_glm",-0.117277752773981,-0.404777616575483,-0.76768702211882
9,"recursive_multi_step",1,"inad_constrained_alpha",2.90381729575575,2.11388168189196,9.2847305,3.04708557477469,3.06373205194389,2.36798869300603,3.33114043403561,"nb_glm",-0.159914756188143,-0.254107011114068,-0.284054859260924
9,"recursive_multi_step",1,"inad_unconstrained",2.92865158184566,2.33554128371691,11.2776065,3.358214778718,3.06373205194389,2.36798869300603,3.33114043403561,"nb_glm",-0.135080470098232,-0.032447409289118,0.0270743446823896
9,"recursive_multi_step",2,"inad_constrained_alpha",2.8873095492911,2.45757441868912,17.10185,4.13543830808779,2.96778485626649,2.46871240443596,3.91653492733065,"nb_glm",-0.0804753069753854,-0.0111379857468408,0.21890338075714
9,"recursive_multi_step",2,"inad_unconstrained",2.83067715090202,2.28126020794476,14.0907205,3.75376084747017,2.96778485626649,2.46871240443596,3.91653492733065,"nb_glm",-0.137107705364464,-0.187452196491192,-0.162774079860475
9,"recursive_multi_step",3,"inad_constrained_alpha",3.18424143174739,2.81593580369603,19.935081,4.46487189065935,3.23931242009251,3.10563762165912,4.81604842873642,"nb_glm",-0.0550709883451272,-0.28970181796309,-0.351176538077075
9,"recursive_multi_step",3,"inad_unconstrained",3.24715884977732,3.02330979530804,22.256225,4.71765036856272,3.23931242009251,3.10563762165912,4.81604842873642,"nb_glm",0.00784642968480931,-0.0823278263510789,-0.0983980601737011
9,"recursive_multi_step",4,"inad_constrained_alpha",3.30462676776533,2.4832529091052,11.48165,3.38845835152212,2.87799012278465,1.91154848857876,2.53093651778407,"nb_glm",0.426636644980673,0.571704420526435,0.857521833738052
9,"recursive_multi_step",4,"inad_unconstrained",3.033702317435,2.19936760140004,8.382753,2.89529843021406,2.87799012278465,1.91154848857876,2.53093651778407,"nb_glm",0.155712194650342,0.287819112821273,0.364361912429993
9,"rolling_one_step",1,"inad_constrained_alpha",2.79791066340078,2.53743724493563,25.3457651363636,5.03445777977764,2.87121204671841,2.48624167278287,4.57540825642728,"nb_glm",-0.073301383317629,0.0511955721527686,0.459049523350364
9,"rolling_one_step",1,"inad_unconstrained",2.74621956422958,2.50640787135534,24.1299958181818,4.91222921067226,2.87121204671841,2.48624167278287,4.57540825642728,"nb_glm",-0.124992482488833,0.0201661985724768,0.336820954244981
1,"recursive_multi_step",1,"inad_constrained_alpha",2.77303617296041,1.61334976066222,5.5468465,2.35517440967755,2.55872812455736,1.54010243857156,2.48135857376675,"poisson_glm",0.214308048403048,0.0732473220906569,-0.126184164089198
1,"recursive_multi_step",1,"inad_unconstrained",2.72720273746771,1.62802892874603,5.4686825,2.33852143458212,2.55872812455736,1.54010243857156,2.48135857376675,"poisson_glm",0.168474612910352,0.0879264901744694,-0.142837139184632
1,"recursive_multi_step",2,"inad_constrained_alpha",2.36500199661742,0.993093037990389,1.0928345,1.04538724882218,1.8950487421959,0.737091457665108,1.08428535629842,"poisson_glm",0.469953254421517,0.256001580325281,-0.0388981074762387
1,"recursive_multi_step",2,"inad_unconstrained",2.47729497468193,1.05355123840316,0.6862045,0.828374613324189,1.8950487421959,0.737091457665108,1.08428535629842,"poisson_glm",0.582246232486025,0.316459780738052,-0.255910742974226
1,"recursive_multi_step",3,"inad_constrained_alpha",2.43719252500274,1.22678659066099,2.0494225,1.43158042037463,2.05057954431802,0.907613047444235,1.3959846462197,"poisson_glm",0.386612980684724,0.319173543216751,0.0355957741549258
1,"recursive_multi_step",3,"inad_unconstrained",2.54910163581776,1.38847035570173,2.9431645,1.71556535870832,2.05057954431802,0.907613047444235,1.3959846462197,"poisson_glm",0.498522091499737,0.480857308257498,0.319580712488615
1,"recursive_multi_step",4,"inad_constrained_alpha",2.63575643863632,2.29480145223206,16.18609,4.02319400476785,3.91937792835914,2.87900093639982,4.5854468285957,"poisson_glm",-1.28362148972282,-0.584199484167755,-0.562252823827846
1,"recursive_multi_step",4,"inad_unconstrained",2.56081058536735,2.43832070688549,19.8118485,4.45105026931847,3.91937792835914,2.87900093639982,4.5854468285957,"poisson_glm",-1.35856734299179,-0.440680229514328,-0.134396559277233
1,"rolling_one_step",1,"inad_constrained_alpha",2.55447776756037,1.78241756783817,11.5362115454545,3.39649989628361,2.67366758064063,1.94554384448362,3.75858997226111,"poisson_glm",-0.119189813080256,-0.163126276645455,-0.362090075977509
1,"rolling_one_step",1,"inad_unconstrained",2.58263852380082,1.87297094601832,12.5461803181818,3.54205876831283,2.67366758064063,1.94554384448362,3.75858997226111,"poisson_glm",-0.0910290568398096,-0.0725728984653025,-0.216531203948282
10,"recursive_multi_step",1,"inad_unconstrained",1.93169000647778,0.842442939302617,1.3845625,1.17667433897404,1.62280701503189,0.577228694132412,0.731630904696874,"poisson_glm",0.308882991445891,0.265214245170205,0.445043434277168
10,"recursive_multi_step",1,"inad_constrained_alpha",1.896073652451,0.843009792994082,1.777057,1.33306301426452,1.62280701503189,0.577228694132412,0.731630904696874,"poisson_glm",0.273266637419106,0.26578109886167,0.601432109567643
10,"recursive_multi_step",2,"inad_unconstrained",2.62621463548308,2.35429855972885,19.0768525,4.3677056333961,2.83868456821784,2.37347216167342,3.96817106923394,"poisson_glm",-0.212469932734765,-0.0191736019445639,0.399534564162156
10,"recursive_multi_step",2,"inad_constrained_alpha",2.59692648089737,1.81288319652375,11.822285,3.43835498458202,2.83868456821784,2.37347216167342,3.96817106923394,"poisson_glm",-0.241758087320475,-0.560588965149667,-0.529816084651924
10,"recursive_multi_step",3,"inad_unconstrained",3.89341961115729,6.37925187383365,111.0491825,10.537987592515,4.24667901939979,6.81092538050031,10.6417325559301,"poisson_glm",-0.353259408242497,-0.431673506666653,-0.103744963415089
10,"recursive_multi_step",3,"inad_constrained_alpha",4.38360577196315,6.69402764621322,116.0575825,10.7730024830592,4.24667901939979,6.81092538050031,10.6417325559301,"poisson_glm",0.13692675256336,-0.116897734287088,0.13126992712913
10,"recursive_multi_step",4,"inad_unconstrained",3.88491563347409,6.77655517620558,119.989602,10.9539765382257,5.33462100179175,8.13566046252893,11.4574608423261,"poisson_glm",-1.44970536831766,-1.35910528632335,-0.503484304100327
10,"recursive_multi_step",4,"inad_constrained_alpha",3.61740970585958,7.45372424258596,143.735593,11.9889779797946,5.33462100179175,8.13566046252893,11.4574608423261,"poisson_glm",-1.71721129593217,-0.681936219942967,0.531517137468539
10,"rolling_one_step",1,"inad_unconstrained",2.9050040356613,3.15863365502579,38.3334094545455,6.1913980210083,3.21986798815405,3.46402134317797,6.35379893985143,"poisson_glm",-0.314863952492753,-0.305387688152185,-0.162400918843135
10,"rolling_one_step",1,"inad_constrained_alpha",2.90576906705091,3.14581956156912,38.7638076818182,6.22605875990728,3.21986798815405,3.46402134317797,6.35379893985143,"poisson_glm",-0.314098921103142,-0.318201781608856,-0.127740179944151
11,"recursive_multi_step",1,"inad_unconstrained",2.43878039977997,1.43028379686775,5.1250365,2.2638543460214,2.39414028568752,1.46799668488144,2.31329619739856,"poisson_glm",0.0446401140924455,-0.0377128880136897,-0.049441851377154
11,"recursive_multi_step",1,"inad_constrained_alpha",2.40621156812745,1.37116270767817,5.185629,2.27719761988282,2.39414028568752,1.46799668488144,2.31329619739856,"poisson_glm",0.0120712824399236,-0.0968339772032705,-0.0360985775157339
11,"recursive_multi_step",2,"inad_unconstrained",2.92019252813213,1.6832060505258,6.444041,2.53851157176799,2.25321196697424,1.34154659768667,2.42718270309547,"poisson_glm",0.666980561157892,0.341659452839132,0.111328868672518
11,"recursive_multi_step",2,"inad_constrained_alpha",2.74939542505979,1.81867684458808,9.192573,3.03192562573688,2.25321196697424,1.34154659768667,2.42718270309547,"poisson_glm",0.496183458085556,0.477130246901417,0.604742922641411
11,"recursive_multi_step",3,"inad_unconstrained",4.01821314176691,6.99685987855575,120.6302245,10.983179161791,4.69615761939438,7.46956505611386,10.8441906918029,"poisson_glm",-0.677944477627474,-0.472705177558108,0.138988469988076
11,"recursive_multi_step",3,"inad_constrained_alpha",3.85123448089407,6.8947932983833,119.32181,10.9234522931169,4.69615761939438,7.46956505611386,10.8441906918029,"poisson_glm",-0.844923138500306,-0.574771757730557,0.079261601313938
11,"recursive_multi_step",4,"inad_unconstrained",2.57275773526632,2.54554468794516,17.888132,4.22943636906858,3.86901828712626,3.22410534810412,4.52753194616718,"poisson_glm",-1.29626055185994,-0.678560660158959,-0.298095577098597
11,"recursive_multi_step",4,"inad_constrained_alpha",2.6979186522047,2.86286700007676,22.2409305,4.71602910296364,3.86901828712626,3.22410534810412,4.52753194616718,"poisson_glm",-1.17109963492156,-0.361238348027355,0.188497156796459
11,"rolling_one_step",1,"inad_unconstrained",2.95389144666805,3.40133532438658,49.5056048636364,7.03602194877449,3.31212054506876,3.2717865490516,6.50603881174643,"poisson_glm",-0.358229098400712,0.129548775334974,0.529983137028055
11,"rolling_one_step",1,"inad_constrained_alpha",2.83366423496409,2.94762390526822,40.578123,6.37009599613695,3.31212054506876,3.2717865490516,6.50603881174643,"poisson_glm",-0.478456310104676,-0.324162643783384,-0.135942815609484
12,"recursive_multi_step",1,"inad_unconstrained",2.40529952298004,1.59862247624373,7.563433,2.75016963113187,2.21078704671763,1.38327507445977,2.26226679464725,"poisson_glm",0.19451247626241,0.21534740178396,0.487902836484616
12,"recursive_multi_step",1,"inad_constrained_alpha",2.26161884069786,1.50193402953479,7.131769,2.6705372118733,2.21078704671763,1.38327507445977,2.26226679464725,"poisson_glm",0.0508317939802372,0.118658955075026,0.408270417226043
12,"recursive_multi_step",2,"inad_unconstrained",2.38273689747668,1.48770379363726,6.1641565,2.48277193878133,2.17736844809375,1.27027381497488,2.10927637249481,"poisson_glm",0.205368449382928,0.217429978662382,0.373495566286515
12,"recursive_multi_step",2,"inad_constrained_alpha",2.3500786551101,1.50176808757728,6.353461,2.52060726810029,2.17736844809375,1.27027381497488,2.10927637249481,"poisson_glm",0.17271020701635,0.231494272602404,0.411330895605474
12,"recursive_multi_step",3,"inad_unconstrained",2.18819586408433,1.42586257786154,7.8433645,2.80060073912723,2.60969029682854,1.95344555095254,3.06959112901705,"poisson_glm",-0.421494432744214,-0.527582973090993,-0.268990389889814
12,"recursive_multi_step",3,"inad_constrained_alpha",2.18184408415111,1.35973011346159,6.9776785,2.64152957583291,2.60969029682854,1.95344555095254,3.06959112901705,"poisson_glm",-0.42784621267743,-0.593715437490949,-0.428061553184135
12,"recursive_multi_step",4,"inad_unconstrained",1.96144935106291,1.69194510155419,14.0661005,3.75048003594207,3.44691943135477,2.8801575543773,4.15298102247688,"poisson_glm",-1.48547008029186,-1.18821245282311,-0.402500986534815
12,"recursive_multi_step",4,"inad_constrained_alpha",1.87502937429461,1.19405402059794,7.6111225,2.75882629029085,3.44691943135477,2.8801575543773,4.15298102247688,"poisson_glm",-1.57189005706016,-1.68610353377936,-1.39415473218603
12,"rolling_one_step",1,"inad_unconstrained",2.28805219017009,1.52375637759306,8.35968640909091,2.89131222960975,2.43967793969742,1.5890502015851,2.86742643737393,"poisson_glm",-0.151625749527328,-0.0652938239920386,0.02388579223582
12,"rolling_one_step",1,"inad_constrained_alpha",2.32228258951254,1.48544525367734,7.75665981818182,2.78507806321148,2.43967793969742,1.5890502015851,2.86742643737393,"poisson_glm",-0.117395350184872,-0.103604947907764,-0.0823483741624491
13,"recursive_multi_step",1,"inad_unconstrained",2.37867789111117,1.01683480841814,0.689332000000001,0.830260200178234,1.92535858191676,0.698496420010449,0.723735346636911,"poisson_glm",0.453319309194414,0.318338388407695,0.106524853541323
13,"recursive_multi_step",1,"inad_constrained_alpha",2.23459649085503,0.925714963403529,0.3497645,0.591408910991371,1.92535858191676,0.698496420010449,0.723735346636911,"poisson_glm",0.309237908938264,0.22721854339308,-0.13232643564554
13,"recursive_multi_step",2,"inad_unconstrained",2.59331859838281,1.74291696699793,12.193844,3.49196849928518,2.55736469688818,1.99311933158811,3.62422629342649,"poisson_glm",0.0359539014946333,-0.25020236459018,-0.132257794141305
13,"recursive_multi_step",2,"inad_constrained_alpha",2.30840763145594,1.6129549883799,10.7067325,3.27211437758523,2.55736469688818,1.99311933158811,3.62422629342649,"poisson_glm",-0.248957065432235,-0.380164343208208,-0.352111915841252
13,"recursive_multi_step",3,"inad_unconstrained",2.22905766209096,1.30769679197566,6.592081,2.56750481985916,2.407769270886,1.7032478901129,3.07534054743064,"poisson_glm",-0.178711608795042,-0.395551098137235,-0.507835727571486
13,"recursive_multi_step",3,"inad_constrained_alpha",2.28654209884884,1.42665267666904,8.19464,2.86262816306973,2.407769270886,1.7032478901129,3.07534054743064,"poisson_glm",-0.121227172037162,-0.276595213443858,-0.212712384360909
13,"recursive_multi_step",4,"inad_unconstrained",3.0438977270717,3.87278018927094,46.321301,6.80597538931783,4.16956008222607,4.49080954045415,6.91351996127565,"poisson_glm",-1.12566235515438,-0.618029351183208,-0.107544571957818
13,"recursive_multi_step",4,"inad_constrained_alpha",3.28760518594222,4.47974266052131,58.951789,7.67800683771511,4.16956008222607,4.49080954045415,6.91351996127565,"poisson_glm",-0.881954896283858,-0.0110668799328346,0.764486876439462
13,"rolling_one_step",1,"inad_unconstrained",2.75765885040676,2.44805882729101,21.0528102272727,4.58833414511985,3.10182060410756,2.65970492447722,4.71121700073355,"poisson_glm",-0.3441617537008,-0.211646097186208,-0.122882855613698
13,"rolling_one_step",1,"inad_constrained_alpha",2.70806121223866,2.47845020197131,22.025968,4.69318314153624,3.10182060410756,2.65970492447722,4.71121700073355,"poisson_glm",-0.393759391868895,-0.181254722505907,-0.018033859197307
14,"recursive_multi_step",1,"inad_constrained_alpha",2.35344550337831,1.01253741567982,0.7282125,0.85335367814289,2.09453491501737,0.93990114930081,1.46343124526512,"poisson_glm",0.258910588360941,0.0726362663790079,-0.61007756712223
14,"recursive_multi_step",1,"inad_unconstrained",2.62532782813386,1.04432546454641,0.7432685,0.862130210583065,2.09453491501737,0.93990114930081,1.46343124526512,"poisson_glm",0.530792913116494,0.104424315245604,-0.601301034682055
14,"recursive_multi_step",2,"inad_constrained_alpha",2.62934777813135,1.52424338080292,4.233213,2.05747733887885,2.4167030961652,1.46311529911479,2.48901734848104,"poisson_glm",0.212644681966154,0.0611280816881312,-0.431540009602191
14,"recursive_multi_step",2,"inad_unconstrained",2.82687279425202,1.66586640880211,5.510696,2.34748716716407,2.4167030961652,1.46311529911479,2.48901734848104,"poisson_glm",0.410169698086816,0.202751109687316,-0.141530181316969
14,"recursive_multi_step",3,"inad_constrained_alpha",2.67232098441412,1.74405625821657,5.8610745,2.42096561313869,2.60909764707639,1.6855663066181,2.71415916639293,"poisson_glm",0.06322333733773,0.0584899515984627,-0.293193553254234
14,"recursive_multi_step",3,"inad_unconstrained",2.81061954335998,2.05491335529696,9.0331425,3.00551867403947,2.60909764707639,1.6855663066181,2.71415916639293,"poisson_glm",0.201521896283591,0.369347048678858,0.291359507646549
14,"recursive_multi_step",4,"inad_constrained_alpha",3.12273509728454,2.84499030421918,21.2263565,4.60720701727196,2.82015867634671,2.08054157315489,3.69799033028027,"poisson_glm",0.302576420937836,0.764448731064283,0.909216686991687
14,"recursive_multi_step",4,"inad_unconstrained",3.01250297965588,2.29597422135553,12.9233245,3.59490257169788,2.82015867634671,2.08054157315489,3.69799033028027,"poisson_glm",0.192344303309175,0.215432648200637,-0.103087758582398
14,"rolling_one_step",1,"inad_constrained_alpha",3.11629134737063,2.80850282905899,22.3505026363636,4.72763182115144,3.42354794480229,3.06474257782795,5.10384890101428,"poisson_glm",-0.307256597431655,-0.256239748768962,-0.376217079862842
14,"rolling_one_step",1,"inad_unconstrained",3.12693666279814,2.86272680690969,23.2504920909091,4.82187640767669,3.42354794480229,3.06474257782795,5.10384890101428,"poisson_glm",-0.296611282004148,-0.202015770918264,-0.281972493337585
15,"recursive_multi_step",1,"inad_unconstrained",3.18689213367231,3.10149273431973,22.6793645,4.76228563822037,3.90288783204684,3.19915635633358,4.58465737570146,"poisson_glm",-0.715995698374531,-0.0976636220138496,0.177628262518907
15,"recursive_multi_step",1,"inad_constrained_alpha",3.24319473262716,2.96994190017744,21.302504,4.61546357368358,3.90288783204684,3.19915635633358,4.58465737570146,"poisson_glm",-0.659693099419679,-0.229214456156136,0.030806197982117
15,"recursive_multi_step",2,"inad_unconstrained",2.0489445743488,0.890129270532258,1.6016845,1.2655767459937,1.82314006402021,0.784067293580554,1.30794040132764,"poisson_glm",0.22580451032859,0.106061976951703,-0.0423636553339362
15,"recursive_multi_step",2,"inad_constrained_alpha",2.28063521878316,1.0054688816794,2.5997,1.61235852092517,1.82314006402021,0.784067293580554,1.30794040132764,"poisson_glm",0.457495154762954,0.221401588098842,0.304418119597535
15,"recursive_multi_step",3,"inad_unconstrained",2.28064297876026,1.8005884441594,13.382234,3.65817358800809,3.14597522573928,2.51309876277356,3.94950435744325,"poisson_glm",-0.865332246979019,-0.712510318614157,-0.291330769435153
15,"recursive_multi_step",3,"inad_constrained_alpha",2.27428092438665,1.95531492796231,14.9995625,3.87292686478844,3.14597522573928,2.51309876277356,3.94950435744325,"poisson_glm",-0.871694301352626,-0.557783834811245,-0.076577492654808
15,"recursive_multi_step",4,"inad_unconstrained",2.51512885139712,1.88323163749235,14.042561,3.74734052362472,2.95624935103604,2.13230666020895,3.60503951294274,"poisson_glm",-0.441120499638916,-0.2490750227166,0.142301010681985
15,"recursive_multi_step",4,"inad_constrained_alpha",2.19100543612677,1.45024981872436,8.3384225,2.88763268093433,2.95624935103604,2.13230666020895,3.60503951294274,"poisson_glm",-0.765243914909268,-0.682056841484598,-0.717406832008403
15,"rolling_one_step",1,"inad_unconstrained",2.37816964139452,1.64319657612615,9.00642781818182,3.00107111181688,2.49725181453124,1.70185171070611,2.92426754574599,"poisson_glm",-0.119082173136711,-0.0586551345799617,0.0768035660708901
15,"rolling_one_step",1,"inad_constrained_alpha",2.44733771558692,1.64478405978708,8.83863536363636,2.97298425216757,2.49725181453124,1.70185171070611,2.92426754574599,"poisson_glm",-0.0499140989443121,-0.0570676509190302,0.0487167064215774
16,"recursive_multi_step",1,"inad_unconstrained",2.81399857831116,2.45305600860216,15.6378925,3.95447752553988,3.57444126849466,2.62339652754334,3.75545512363044,"poisson_glm",-0.7604426901835,-0.170340518941172,0.199022401909438
16,"recursive_multi_step",1,"inad_constrained_alpha",2.89997337101869,2.49248512639696,16.267698,4.03332344351405,3.57444126849466,2.62339652754334,3.75545512363044,"poisson_glm",-0.674467897475967,-0.130911401146375,0.277868319883604
16,"recursive_multi_step",2,"inad_unconstrained",2.44177061018842,2.21131459895556,17.9357125,4.23505755568918,3.48561163991428,2.95207815938135,4.37238614433432,"poisson_glm",-1.04384102972586,-0.740763560425791,-0.137328588645143
16,"recursive_multi_step",2,"inad_constrained_alpha",2.28828125582789,1.95821381917477,14.180589,3.7657122832208,3.48561163991428,2.95207815938135,4.37238614433432,"poisson_glm",-1.1973303840864,-0.993864340206586,-0.606673861113524
16,"recursive_multi_step",3,"inad_unconstrained",2.33391522883071,1.30058462063079,4.7254685,2.17381427449541,2.14240872542587,1.2641093458728,2.22469679738017,"poisson_glm",0.191506503404844,0.0364752747579968,-0.0508825228847662
16,"recursive_multi_step",3,"inad_constrained_alpha",2.35978026905046,1.23209427535602,4.6079725,2.14661885298718,2.14240872542587,1.2641093458728,2.22469679738017,"poisson_glm",0.217371543624596,-0.0320150705167765,-0.078077944392994
16,"recursive_multi_step",4,"inad_unconstrained",1.93965751660473,1.49375573842145,9.213489,3.03537295896237,3.3178301320871,2.51070200218585,3.68876078210366,"poisson_glm",-1.37817261548237,-1.0169462637644,-0.653387823141289
16,"recursive_multi_step",4,"inad_constrained_alpha",1.74711048020479,1.12243303782264,5.1064065,2.25973593590048,3.3178301320871,2.51070200218585,3.68876078210366,"poisson_glm",-1.57071965188231,-1.38826896436321,-1.42902484620319
16,"rolling_one_step",1,"inad_unconstrained",2.64457830559266,1.9511081633928,13.8863335,3.72643710533265,2.80570494320293,2.02510560508784,3.81786233488895,"poisson_glm",-0.161126637610268,-0.0739974416950457,-0.0914252295562923
16,"rolling_one_step",1,"inad_constrained_alpha",2.61468878456896,1.82764174622322,12.5423219090909,3.54151407015289,2.80570494320293,2.02510560508784,3.81786233488895,"poisson_glm",-0.191016158633964,-0.197463858864621,-0.276348264736053
17,"recursive_multi_step",1,"inad_unconstrained",2.71975913595686,2.29568374118042,16.3800625,4.0472289903093,2.6262713734358,2.06674803644319,3.79560845787347,"poisson_glm",0.0934877625210588,0.228935704737224,0.251620532435825
17,"recursive_multi_step",1,"inad_constrained_alpha",2.73122194877611,1.82059513711545,9.909145,3.14787944495973,2.6262713734358,2.06674803644319,3.79560845787347,"poisson_glm",0.104950575340311,-0.246152899327747,-0.647729012913739
17,"recursive_multi_step",2,"inad_unconstrained",3.28443806525165,3.62759005403305,31.0777085,5.57473842435679,4.69413456451347,4.36634072219316,5.94413093937336,"poisson_glm",-1.40969649926183,-0.738750668160112,-0.369392515016574
17,"recursive_multi_step",2,"inad_constrained_alpha",3.60575012702585,4.00073293675021,36.557386,6.04627042068083,4.69413456451347,4.36634072219316,5.94413093937336,"poisson_glm",-1.08838443748762,-0.365607785442948,0.102139481307473
17,"recursive_multi_step",3,"inad_unconstrained",3.14657054633582,3.76219919311449,37.780097,6.14655163485999,4.11051906239208,4.16369654827456,5.95297392914562,"poisson_glm",-0.963948516056263,-0.401497355160071,0.193577705714372
17,"recursive_multi_step",3,"inad_constrained_alpha",2.96368363299472,3.56461728084564,35.046016,5.91996756747873,4.11051906239208,4.16369654827456,5.95297392914562,"poisson_glm",-1.14683542939736,-0.599079267428924,-0.0330063616668888
17,"recursive_multi_step",4,"inad_unconstrained",2.62976489387578,2.19246261517441,14.2238025,3.77144567772095,3.10716808988833,2.59068300055928,3.89657660909156,"poisson_glm",-0.477403196012546,-0.398220385384871,-0.125130931370617
17,"recursive_multi_step",4,"inad_constrained_alpha",2.85028129339958,2.5126290509277,19.194929,4.38120177576884,3.10716808988833,2.59068300055928,3.89657660909156,"poisson_glm",-0.256886796488742,-0.0780539496315846,0.484625166677274
17,"rolling_one_step",1,"inad_unconstrained",2.78428846211662,2.41686099539733,18.5318755,4.30486649038039,2.98568640183863,2.49660954837402,4.32308117307733,"poisson_glm",-0.20139793972201,-0.0797485529766937,-0.0182146826969332
17,"rolling_one_step",1,"inad_constrained_alpha",2.76274886057507,2.39884778816737,17.7874041818182,4.21751161015808,2.98568640183863,2.49660954837402,4.32308117307733,"poisson_glm",-0.222937541263561,-0.097761760206649,-0.105569562919248
18,"recursive_multi_step",1,"inad_constrained_alpha",2.04550964145378,0.745031077202931,0.4517465,0.672120896863057,1.64021839428419,0.465578135018605,0.0690019626060117,"poisson_glm",0.405291247169594,0.279452942184326,0.603118934257045
18,"recursive_multi_step",1,"inad_unconstrained",2.17252256573829,0.791454545748002,0.4846185,0.696145458938001,1.64021839428419,0.465578135018605,0.0690019626060117,"poisson_glm",0.53230417145411,0.325876410729397,0.627143496331989
18,"recursive_multi_step",2,"inad_constrained_alpha",2.26973751524378,1.99223767285047,14.6282245,3.82468619627807,2.73591856015977,2.21434012198936,3.404271499702,"poisson_glm",-0.466181044915988,-0.222102449138891,0.420414696576072
18,"recursive_multi_step",2,"inad_unconstrained",2.34300692804713,1.79143985926514,12.34666,3.51378143884904,2.73591856015977,2.21434012198936,3.404271499702,"poisson_glm",-0.392911632112636,-0.422900262724223,0.109509939147039
18,"recursive_multi_step",3,"inad_constrained_alpha",2.49318441040547,2.20434621191678,17.221685,4.14990180606722,3.54823390439221,2.4313960963863,4.00226824012844,"poisson_glm",-1.05504949398674,-0.227049884469524,0.147633565938786
18,"recursive_multi_step",3,"inad_unconstrained",2.61610855987266,2.06675894829434,15.0055425,3.87369881379541,3.54823390439221,2.4313960963863,4.00226824012844,"poisson_glm",-0.932125344519553,-0.364637148091966,-0.128569426333023
18,"recursive_multi_step",4,"inad_constrained_alpha",2.14875164620498,1.4177425290281,7.834216,2.79896695228793,2.85588405509313,2.02860455383176,3.41925572705625,"poisson_glm",-0.707132408888146,-0.610862024803662,-0.620288774768314
18,"recursive_multi_step",4,"inad_unconstrained",2.39222002129604,1.67120614541263,11.7018185,3.42079208663724,2.85588405509313,2.02860455383176,3.41925572705625,"poisson_glm",-0.463664033797093,-0.357398408419137,0.00153635958099851
18,"rolling_one_step",1,"inad_constrained_alpha",2.30866674347014,1.43230222816957,7.10952604545455,2.66636945029277,2.38131899173044,1.53032786998594,2.83338374566021,"poisson_glm",-0.0726522482603018,-0.0980256418163725,-0.167014295367443
18,"rolling_one_step",1,"inad_unconstrained",2.36318219296552,1.47777811438735,7.86576172727273,2.80459653555957,2.38131899173044,1.53032786998594,2.83338374566021,"poisson_glm",-0.0181367987649277,-0.0525497555985976,-0.0287872101006417
19,"recursive_multi_step",1,"inad_unconstrained",1.94845615021319,0.766268387985739,1.41521,1.18962599164611,1.51313812838432,0.543501590938041,0.92063882072493,"poisson_glm",0.435318021828867,0.222766797047698,0.268987170921184
19,"recursive_multi_step",1,"inad_constrained_alpha",1.8925245791497,0.732397644978228,1.2273565,1.10786122777178,1.51313812838432,0.543501590938041,0.92063882072493,"poisson_glm",0.379386450765382,0.188896054040188,0.187222407046852
19,"recursive_multi_step",2,"inad_unconstrained",2.12926180125072,1.72899298916074,10.8345725,3.29159118056906,3.02806504623515,2.30511036312821,3.47015640046814,"poisson_glm",-0.898803244984428,-0.576117373967477,-0.17856521989908
19,"recursive_multi_step",2,"inad_constrained_alpha",2.49430365469606,2.00697046443802,12.6559925,3.55752617699435,3.02806504623515,2.30511036312821,3.47015640046814,"poisson_glm",-0.533761391539081,-0.298139898690197,0.087369776526208
19,"recursive_multi_step",3,"inad_unconstrained",2.02822189546269,1.10991129607746,4.4838265,2.11750478157666,2.32467921763796,1.62005384062705,2.6477765274994,"poisson_glm",-0.296457322175268,-0.510142544549585,-0.530271745922744
19,"recursive_multi_step",3,"inad_constrained_alpha",2.07391506105895,1.28536775339897,6.405617,2.53093204175853,2.32467921763796,1.62005384062705,2.6477765274994,"poisson_glm",-0.250764156579006,-0.334686087228079,-0.11684448574087
19,"recursive_multi_step",4,"inad_unconstrained",2.1160557430214,2.61111020164365,25.25002,5.02493980063443,4.94760596011635,3.9837199585316,5.32195072926835,"poisson_glm",-2.83155021709496,-1.37260975688794,-0.297010928633916
19,"recursive_multi_step",4,"inad_constrained_alpha",1.92306596634663,2.07052838036261,16.6593565,4.08158749753083,4.94760596011635,3.9837199585316,5.32195072926835,"poisson_glm",-3.02453999376973,-1.91319157816899,-1.24036323173751
19,"rolling_one_step",1,"inad_unconstrained",2.20206369369135,1.64082002716522,10.8132097727273,3.28834453376274,2.68143184380749,1.80657036543459,3.14950489810942,"poisson_glm",-0.479368150116139,-0.165750338269365,0.138839635653314
19,"rolling_one_step",1,"inad_constrained_alpha",2.22810979709053,1.69867572697633,11.6968721818182,3.42006903173287,2.68143184380749,1.80657036543459,3.14950489810942,"poisson_glm",-0.453322046716965,-0.10789463845826,0.270564133623443
2,"recursive_multi_step",1,"inad_unconstrained",3.16780541537608,3.58944349818402,39.4783065,6.28317646576952,3.98699756956687,3.90589262696254,6.08609853479245,"poisson_glm",-0.819192154190781,-0.31644912877852,0.197077930977069
2,"recursive_multi_step",1,"inad_constrained_alpha",3.60898463086285,3.54948086203941,38.961442,6.24191012431291,3.98699756956687,3.90589262696254,6.08609853479245,"poisson_glm",-0.378012938704013,-0.356411764923127,0.155811589520455
2,"recursive_multi_step",2,"inad_unconstrained",2.53135168153514,2.32997378651433,22.8368565,4.7787923683709,2.90940314969069,2.63411189081194,4.31615818532569,"poisson_glm",-0.37805146815555,-0.304138104297612,0.462634183045215
2,"recursive_multi_step",2,"inad_constrained_alpha",2.41458529168137,2.12736625694669,17.220321,4.14973746157513,2.90940314969069,2.63411189081194,4.31615818532569,"poisson_glm",-0.494817858009323,-0.506745633865249,-0.16642072375056
2,"recursive_multi_step",3,"inad_unconstrained",2.15759726203624,1.00237144708393,1.9028525,1.37943919764519,2.04646050656405,1.05436502052625,1.72602752959533,"poisson_glm",0.111136755472198,-0.0519935734423249,-0.346588331950141
2,"recursive_multi_step",3,"inad_constrained_alpha",2.37046904395435,1.20861708097388,3.287853,1.81324377842584,2.04646050656405,1.05436502052625,1.72602752959533,"poisson_glm",0.3240085373903,0.154252060447623,0.0872162488305066
2,"recursive_multi_step",4,"inad_unconstrained",2.23503744876801,2.03089135277988,18.791081,4.33486804874151,3.4572617616091,2.89533193375469,4.44081339456051,"poisson_glm",-1.22222431284108,-0.864440580974807,-0.105945345819
2,"recursive_multi_step",4,"inad_constrained_alpha",1.97949287340196,1.36324123089804,9.349405,3.05767967583264,3.4572617616091,2.89533193375469,4.44081339456051,"poisson_glm",-1.47776888820714,-1.53209070285664,-1.38313371872787
2,"rolling_one_step",1,"inad_unconstrained",2.67503824726129,2.13597381119285,16.3875551818182,4.04815454025883,2.69364285111804,2.0071526951941,3.77352778785697,"poisson_glm",-0.0186046038567502,0.128821115998751,0.274626752401859
2,"rolling_one_step",1,"inad_constrained_alpha",2.69678071205363,2.19812819680088,17.1628948181818,4.14281242855404,2.69364285111804,2.0071526951941,3.77352778785697,"poisson_glm",0.00313786093558877,0.190975501606779,0.369284640697067
20,"recursive_multi_step",1,"inad_unconstrained",2.86850642159479,2.37573087401257,13.2923845,3.64587225503034,3.36354494802221,2.39447097362526,3.31557666323642,"poisson_glm",-0.49503852642742,-0.0187400996126872,0.330295591793919
20,"recursive_multi_step",1,"inad_constrained_alpha",2.54681642161541,2.2806284064662,13.0872125,3.61762525698835,3.36354494802221,2.39447097362526,3.31557666323642,"poisson_glm",-0.816728526406795,-0.113842567159057,0.302048593751927
20,"recursive_multi_step",2,"inad_unconstrained",3.57345385447839,4.28453281294023,42.005825,6.48119009133354,4.59922610155659,4.5073895623347,6.24584483005799,"poisson_glm",-1.0257722470782,-0.222856749394465,0.23534526127554
20,"recursive_multi_step",2,"inad_constrained_alpha",3.93793244166658,4.47537627868666,43.9621645,6.63039700922954,4.59922610155659,4.5073895623347,6.24584483005799,"poisson_glm",-0.66129365989001,-0.0320132836480402,0.384552179171543
20,"recursive_multi_step",3,"inad_unconstrained",2.27231720240574,1.63643244323423,10.788905,3.28464686077514,2.75460676193318,1.89922474479066,3.25257178870262,"poisson_glm",-0.482289559527442,-0.26279230155643,0.032075072072518
20,"recursive_multi_step",3,"inad_constrained_alpha",2.3510316533995,1.75572280622912,11.419369,3.3792556872779,2.75460676193318,1.89922474479066,3.25257178870262,"poisson_glm",-0.403575108533683,-0.143501938561542,0.126683898575271
20,"recursive_multi_step",4,"inad_unconstrained",2.65176885297457,2.66879169542453,20.9548125,4.57764267937112,3.96048063572153,2.95854349148173,4.38108264051074,"poisson_glm",-1.30871178274696,-0.2897517960572,0.196560038860383
20,"recursive_multi_step",4,"inad_constrained_alpha",2.81031241746969,2.71721095113359,19.08386,4.36850775437105,3.96048063572153,2.95854349148173,4.38108264051074,"poisson_glm",-1.15016821825185,-0.241332540348139,-0.0125748861396859
20,"rolling_one_step",1,"inad_unconstrained",2.43451718425407,1.68014259909126,8.38123763636364,2.89503672452762,2.58393909616042,1.75830306849235,2.96475983342357,"poisson_glm",-0.149421911906354,-0.0781604694010896,-0.0697231088959471
20,"rolling_one_step",1,"inad_constrained_alpha",2.46425746584473,1.75666206722959,9.37336245454545,3.06159475674777,2.58393909616042,1.75830306849235,2.96475983342357,"poisson_glm",-0.119681630315696,-0.0016410012627619,0.0968349233242014
21,"recursive_multi_step",1,"inad_unconstrained",2.39347808181156,1.82908532528882,11.9656,3.45913283931103,2.8621618578592,1.92807620503651,3.02026894507425,"poisson_glm",-0.468683776047632,-0.0989908797476924,0.438863894236778
21,"recursive_multi_step",1,"inad_constrained_alpha",2.36417800405591,1.90721759608976,12.268624,3.50265956096221,2.8621618578592,1.92807620503651,3.02026894507425,"poisson_glm",-0.497983853803283,-0.0208586089467426,0.482390615887959
21,"recursive_multi_step",2,"inad_unconstrained",2.52431165456633,1.52118176798637,6.3725285,2.52438675721451,2.40058900402371,1.54003811566414,2.57175863441595,"poisson_glm",0.123722650542624,-0.0188563476777674,-0.0473718772014364
21,"recursive_multi_step",2,"inad_constrained_alpha",2.2889667702779,1.36593389883916,5.04157,2.24534407162911,2.40058900402371,1.54003811566414,2.57175863441595,"poisson_glm",-0.111622233745811,-0.174104216824971,-0.326414562786836
21,"recursive_multi_step",3,"inad_unconstrained",2.4550981688158,1.66910258308924,7.590145,2.75502177849831,2.40429373145906,1.60807554669913,2.61940869927487,"poisson_glm",0.0508044373567418,0.0610270363901106,0.135613079223447
21,"recursive_multi_step",3,"inad_constrained_alpha",2.57772000115967,1.70198208486464,8.0493965,2.83714583692837,2.40429373145906,1.60807554669913,2.61940869927487,"poisson_glm",0.173426269700607,0.0939065381655135,0.217737137653508
21,"recursive_multi_step",4,"inad_unconstrained",2.38269807497811,1.73988917944773,12.0888725,3.47690559262112,2.89961691957715,2.07320346040391,3.4998689168697,"poisson_glm",-0.516918844599045,-0.333314280956177,-0.0229633242485798
21,"recursive_multi_step",4,"inad_constrained_alpha",2.26081953056578,1.50870489795466,8.550125,2.92405967791357,2.89961691957715,2.07320346040391,3.4998689168697,"poisson_glm",-0.638797389011371,-0.564498562449245,-0.575809238956129
21,"rolling_one_step",1,"inad_unconstrained",2.77957533163252,2.35153053703362,18.541318,4.30596307462105,3.28580654448081,2.63647936975159,4.50435306463781,"poisson_glm",-0.506231212848288,-0.284948832717976,-0.198389990016756
21,"rolling_one_step",1,"inad_constrained_alpha",2.84423574705859,2.30580479979092,17.8635753181818,4.22653230416873,3.28580654448081,2.63647936975159,4.50435306463781,"poisson_glm",-0.441570797422226,-0.330674569960669,-0.277820760469082
22,"recursive_multi_step",1,"inad_constrained_alpha",3.02117735968705,2.01239007742625,8.3631925,2.89191848087044,3.60653645772145,2.15038908362669,3.18189920210729,"poisson_glm",-0.585359098034401,-0.137999006200443,-0.289980721236853
22,"recursive_multi_step",1,"inad_unconstrained",2.96472892964858,1.93803437401183,7.4716465,2.7334312685707,3.60653645772145,2.15038908362669,3.18189920210729,"poisson_glm",-0.641807528072868,-0.212354709614868,-0.448467933536599
22,"recursive_multi_step",2,"inad_constrained_alpha",2.71389874433096,2.49841074222986,20.4655285,4.52388422707743,3.84056193100176,3.19309986031915,5.00143583796439,"poisson_glm",-1.12666318667081,-0.694689118089287,-0.477551610886957
22,"recursive_multi_step",2,"inad_unconstrained",2.98116303557019,2.77910071979402,24.8984485,4.9898345162941,3.84056193100176,3.19309986031915,5.00143583796439,"poisson_glm",-0.85939889543157,-0.41399914052513,-0.0116013216702893
22,"recursive_multi_step",3,"inad_constrained_alpha",2.24610240405454,1.59151310976682,11.1016025,3.33190673638984,2.62101935765853,1.95561278317547,3.44660620512935,"poisson_glm",-0.374916953603996,-0.364099673408654,-0.114699468739509
22,"recursive_multi_step",3,"inad_unconstrained",2.26809730036291,1.50898375589891,9.308672,3.05101163550715,2.62101935765853,1.95561278317547,3.44660620512935,"poisson_glm",-0.352922057295621,-0.446629027276567,-0.395594569622202
22,"recursive_multi_step",4,"inad_constrained_alpha",2.7312783383155,2.39781172218071,16.9396625,4.11578212494296,3.97505155039438,2.96429109482857,4.6517965307915,"poisson_glm",-1.24377321207888,-0.566479372647865,-0.536014405848539
22,"recursive_multi_step",4,"inad_unconstrained",2.82044333314103,2.63063537370865,22.029188,4.69352617975015,3.97505155039438,2.96429109482857,4.6517965307915,"poisson_glm",-1.15460821725335,-0.33365572111992,0.0417296489586452
22,"rolling_one_step",1,"inad_constrained_alpha",2.62772360484811,2.03558555839897,14.4475337272727,3.80099115064383,2.94476311575433,2.17859967650104,3.7061079169638,"poisson_glm",-0.317039510906223,-0.143014118102069,0.0948832336800303
22,"rolling_one_step",1,"inad_unconstrained",2.64299399517304,2.0459200661104,14.1747839545455,3.76494142777088,2.94476311575433,2.17859967650104,3.7061079169638,"poisson_glm",-0.301769120581289,-0.132679610390635,0.0588335108070805
23,"recursive_multi_step",1,"inad_unconstrained",2.03666188166409,1.11607530923854,4.382285,2.09339079008197,2.00324393254806,1.05564719063757,1.82910014315556,"poisson_glm",0.0334179491160342,0.060428118600971,0.264290646926409
23,"recursive_multi_step",1,"inad_constrained_alpha",2.21310188094099,1.14668636579997,4.3534145,2.08648376461452,2.00324393254806,1.05564719063757,1.82910014315556,"poisson_glm",0.209857948392936,0.0910391751623991,0.257383621458967
23,"recursive_multi_step",2,"inad_unconstrained",2.33581280949115,1.00678372743135,1.3303945,1.15342728422732,1.83486602817023,0.669890180599162,0.924413322627371,"poisson_glm",0.500946781320921,0.336893546832183,0.229013961599944
23,"recursive_multi_step",2,"inad_constrained_alpha",2.24324771071408,0.903709042027029,0.521905000000001,0.722429927397807,1.83486602817023,0.669890180599162,0.924413322627371,"poisson_glm",0.408381682543853,0.233818861427867,-0.201983395229564
23,"recursive_multi_step",3,"inad_unconstrained",2.34254240363947,1.05341015563063,2.01973,1.42117205151241,1.93355331081934,0.896301086455394,1.53483320516655,"poisson_glm",0.408989092820134,0.157109069175233,-0.11366115365414
23,"recursive_multi_step",3,"inad_constrained_alpha",2.43706010481896,1.14958526488374,2.5433225,1.59477976535947,1.93355331081934,0.896301086455394,1.53483320516655,"poisson_glm",0.503506793999622,0.253284178428349,0.0599465601929152
23,"recursive_multi_step",4,"inad_unconstrained",2.34992610678113,1.42003761010491,7.540685,2.74603077185963,2.42373355354514,1.65840597726572,2.88992085248128,"poisson_glm",-0.0738074467640133,-0.238368367160811,-0.143890080621651
23,"recursive_multi_step",4,"inad_constrained_alpha",2.2537817940879,1.26711635651788,5.393105,2.32230596606046,2.42373355354514,1.65840597726572,2.88992085248128,"poisson_glm",-0.169951759457246,-0.391289620747846,-0.567614886420824
23,"rolling_one_step",1,"inad_unconstrained",2.33419181654029,1.56133349687238,10.474185,3.23638455687825,2.42809747710563,1.68801360744886,3.29871722169448,"poisson_glm",-0.093905660565337,-0.126680110576476,-0.062332664816235
23,"rolling_one_step",1,"inad_constrained_alpha",2.27594480681148,1.55538828524737,10.4769897272727,3.23681783968031,2.42809747710563,1.68801360744886,3.29871722169448,"poisson_glm",-0.152152670294153,-0.132625322201486,-0.0618993820141682
24,"recursive_multi_step",1,"inad_unconstrained",2.60111009862934,1.64717660377466,5.625677,2.37185096496386,2.33273922272718,1.32898410831166,2.21586284682742,"poisson_glm",0.268370875902155,0.318192495462991,0.15598811813644
24,"recursive_multi_step",1,"inad_constrained_alpha",2.51974700202265,1.48934045892967,4.734985,2.17600206801372,2.33273922272718,1.32898410831166,2.21586284682742,"poisson_glm",0.18700777929547,0.160356350618006,-0.0398607788136984
24,"recursive_multi_step",2,"inad_unconstrained",2.59518685384552,1.86345685880388,8.1156965,2.84880615346148,2.49362642695927,1.60107123049664,2.67185242686368,"poisson_glm",0.101560426886253,0.262385628307232,0.176953726597799
24,"recursive_multi_step",2,"inad_constrained_alpha",2.7232914683585,1.82205661719458,7.5662005,2.75067273589571,2.49362642695927,1.60107123049664,2.67185242686368,"poisson_glm",0.22966504139923,0.22098538669794,0.0788203090320301
24,"recursive_multi_step",3,"inad_unconstrained",2.77801293265534,3.30474631859115,30.525625,5.525,3.8854466224294,3.72784919720916,5.31542816069915,"poisson_glm",-1.10743368977406,-0.423102878618009,0.209571839300848
24,"recursive_multi_step",3,"inad_constrained_alpha",3.11770411755444,3.24317730906005,27.562933,5.25004123793328,3.8854466224294,3.72784919720916,5.31542816069915,"poisson_glm",-0.767742504874962,-0.484671888149116,-0.0653869227658719
24,"recursive_multi_step",4,"inad_unconstrained",3.58455936487129,4.6385739664363,62.1008525,7.88040941195316,4.24869878381188,4.79873393348392,7.81359266362398,"poisson_glm",-0.664139418940583,-0.160159967047626,0.0668167483291793
24,"recursive_multi_step",4,"inad_constrained_alpha",3.82456770197842,5.49339038075101,78.044525,8.83428123844832,4.24869878381188,4.79873393348392,7.81359266362398,"poisson_glm",-0.42413108183345,0.694656447267087,1.02068857482434
24,"rolling_one_step",1,"inad_unconstrained",2.86839384467471,2.50784606568678,18.1301662272727,4.25795329087494,3.09500830396262,2.53432189484419,4.26496638468734,"poisson_glm",-0.226614459287908,-0.0264758291574179,-0.00701309381239845
24,"rolling_one_step",1,"inad_constrained_alpha",3.05333769807582,2.72080912175293,20.8017055,4.56088867437038,3.09500830396262,2.53432189484419,4.26496638468734,"poisson_glm",-0.0416706058867988,0.186487226908733,0.295922289683042
25,"recursive_multi_step",1,"inad_unconstrained",3.00902353402077,2.51915564848943,15.379425,3.92166100013757,3.08292714684991,2.51234863738255,4.10092777058342,"poisson_glm",-0.0739036128291359,0.00680701110688364,-0.179266770445853
25,"recursive_multi_step",1,"inad_constrained_alpha",2.89299015554148,2.08860914801373,10.7143825,3.27328313776856,3.08292714684991,2.51234863738255,4.10092777058342,"poisson_glm",-0.189936991308424,-0.423739489368822,-0.827644632814861
25,"recursive_multi_step",2,"inad_unconstrained",4.55580391756315,6.98362964202235,90.245493,9.49976278651209,6.38312688091416,8.27336021069988,10.0315992482174,"poisson_glm",-1.82732296335101,-1.28973056867753,-0.531836461705286
25,"recursive_multi_step",2,"inad_constrained_alpha",4.98470058927132,8.33036134678928,112.1740325,10.5912243154415,6.38312688091416,8.27336021069988,10.0315992482174,"poisson_glm",-1.39842629164285,0.0570011360894043,0.559625067224156
25,"recursive_multi_step",3,"inad_unconstrained",2.65271638639875,1.48260615670977,3.0398465,1.74351555771665,2.20777672962977,1.08088254980001,1.6819771805214,"poisson_glm",0.444939656768979,0.401723606909759,0.0615383771952538
25,"recursive_multi_step",3,"inad_constrained_alpha",2.61422506534721,1.57735953673194,4.501873,2.12176176796548,2.20777672962977,1.08088254980001,1.6819771805214,"poisson_glm",0.406448335717438,0.496476986931925,0.439784587444084
25,"recursive_multi_step",4,"inad_unconstrained",3.92392989874624,3.78991271208581,28.8026245,5.36680766377928,4.12849319496284,3.55735506673426,5.19219209459253,"poisson_glm",-0.204563296216602,0.232557645351552,0.174615569186749
25,"recursive_multi_step",4,"inad_constrained_alpha",4.13200228087473,4.99744418621917,43.473697,6.59345865233111,4.12849319496284,3.55735506673426,5.19219209459253,"poisson_glm",0.0035090859118867,1.44008911948491,1.40126655773858
25,"rolling_one_step",1,"inad_unconstrained",3.5775592010719,4.22542874031041,45.4357455,6.74060423849376,4.01805996266672,4.41128694213407,6.73829576993918,"poisson_glm",-0.440500761594818,-0.18585820182366,0.00230846855457845
25,"rolling_one_step",1,"inad_constrained_alpha",3.59838098099334,4.30063772386706,46.0022656363636,6.7824970059974,4.01805996266672,4.41128694213407,6.73829576993918,"poisson_glm",-0.419678981673376,-0.110649218267008,0.0442012360582167
26,"recursive_multi_step",1,"inad_unconstrained",2.36537205226873,1.87284094244631,11.7757625,3.43158308947926,2.8091888608823,2.16903781182029,3.35593304938007,"poisson_glm",-0.443816808613569,-0.296196869373987,0.0756500400991862
26,"recursive_multi_step",1,"inad_constrained_alpha",2.3542872681042,2.02821393751019,13.7396,3.70669664256464,2.8091888608823,2.16903781182029,3.35593304938007,"poisson_glm",-0.454901592778098,-0.1408238743101,0.350763593184574
26,"recursive_multi_step",2,"inad_unconstrained",2.63703433782067,1.84814464148287,9.8864725,3.1442761488139,2.57324803718384,1.8807478926823,2.99964070498664,"poisson_glm",0.0637863006368278,-0.0326032511994219,0.144635443827265
26,"recursive_multi_step",2,"inad_constrained_alpha",2.56668785171809,1.77503714945909,9.02513,3.00418541371867,2.57324803718384,1.8807478926823,2.99964070498664,"poisson_glm",-0.00656018546575154,-0.105710743223203,0.00454470873202739
26,"recursive_multi_step",3,"inad_unconstrained",2.49797701435317,1.24891558290334,1.57824,1.25628022351703,1.90008653978084,0.672037078779203,0.796826872199018,"poisson_glm",0.597890474572332,0.576878504124136,0.459453351318013
26,"recursive_multi_step",3,"inad_constrained_alpha",2.56960310647661,1.14902125420913,1.012133,1.00604820958044,1.90008653978084,0.672037078779203,0.796826872199018,"poisson_glm",0.669516566695779,0.476984175429925,0.209221337381418
26,"recursive_multi_step",4,"inad_unconstrained",2.43018114310581,1.64944965475473,9.289757,3.04791026770802,2.50800098369815,1.73801803551131,2.94409681201712,"poisson_glm",-0.0778198405923414,-0.0885683807565814,0.1038134556909
26,"recursive_multi_step",4,"inad_constrained_alpha",2.51822069347634,1.52213830602441,6.3745625,2.52478959519402,2.50800098369815,1.73801803551131,2.94409681201712,"poisson_glm",0.010219709778184,-0.215879729486904,-0.419307216823101
26,"rolling_one_step",1,"inad_unconstrained",2.57729749476667,1.78191373167451,9.39723022727273,3.06549020994567,2.50384426954144,1.61234737529797,2.72338210248552,"poisson_glm",0.0734532252252347,0.169566356376547,0.342108107460149
26,"rolling_one_step",1,"inad_constrained_alpha",2.44978416019046,1.65521481708804,7.85866763636364,2.80333152451929,2.50384426954144,1.61234737529797,2.72338210248552,"poisson_glm",-0.0540601093509778,0.0428674417900703,0.0799494220337706
27,"recursive_multi_step",1,"inad_constrained_alpha",2.14564004105564,2.00235092234118,13.062517,3.61421042552865,2.53132987296698,1.8381680817057,2.89556511754878,"poisson_glm",-0.38568983191134,0.164182840635477,0.718645307979872
27,"recursive_multi_step",1,"inad_unconstrained",2.12575921841402,1.97598400500248,13.473434,3.67061765919579,2.53132987296698,1.8381680817057,2.89556511754878,"poisson_glm",-0.405570654552961,0.137815923296775,0.775052541647012
27,"recursive_multi_step",2,"inad_constrained_alpha",2.54820694178392,2.61253147059572,19.787674,4.44833384538526,4.0091441717479,3.18014893182696,4.37440840672118,"poisson_glm",-1.46093722996399,-0.567617461231244,0.0739254386640775
27,"recursive_multi_step",2,"inad_unconstrained",2.62667061581743,2.69900584594223,22.6960925,4.76404161400801,4.0091441717479,3.18014893182696,4.37440840672118,"poisson_glm",-1.38247355593047,-0.481143085884734,0.389633207286824
27,"recursive_multi_step",3,"inad_constrained_alpha",2.39221057737972,1.21192330577594,3.7709225,1.94188632520032,1.91480199907103,0.908989614616705,1.53591234865785,"poisson_glm",0.477408578308685,0.30293369115924,0.405973976542474
27,"recursive_multi_step",3,"inad_unconstrained",2.26087800199099,1.15029864772658,3.489428,1.8680010706635,1.91480199907103,0.908989614616705,1.53591234865785,"poisson_glm",0.346076002919957,0.241309033109876,0.332088722005659
27,"recursive_multi_step",4,"inad_constrained_alpha",3.37036607907906,3.44608193091255,27.604377,5.2539867719666,3.45559537937733,2.78836738799037,4.33063391083041,"poisson_glm",-0.0852293002982702,0.657714542922181,0.923352861136188
27,"recursive_multi_step",4,"inad_unconstrained",3.41026883943184,3.23988554368547,25.193053,5.01926817374804,3.45559537937733,2.78836738799037,4.33063391083041,"poisson_glm",-0.0453265399454845,0.451518155695094,0.68863426291763
27,"rolling_one_step",1,"inad_constrained_alpha",2.72168002190719,2.24293636790119,16.3050040454545,4.03794552284383,2.89977270328299,2.20784682654299,3.90359133217778,"poisson_glm",-0.178092681375795,0.0350895413581958,0.134354190666048
27,"rolling_one_step",1,"inad_unconstrained",2.64872397629449,2.17101218722215,15.9560543636364,3.99450301835364,2.89977270328299,2.20784682654299,3.90359133217778,"poisson_glm",-0.251048726988503,-0.0368346393208436,0.090911686175859
28,"recursive_multi_step",1,"inad_unconstrained",4.25405637196476,4.96786786520127,62.3713625,7.89755421000705,4.20815030403787,5.3899727419363,8.15489081762282,"poisson_glm",0.0459060679268912,-0.422104876735036,-0.257336607615772
28,"recursive_multi_step",1,"inad_constrained_alpha",3.25575790462042,4.7739896034986,59.24729,7.69722612374094,4.20815030403787,5.3899727419363,8.15489081762282,"poisson_glm",-0.952392399417451,-0.615983138437702,-0.457664693881877
28,"recursive_multi_step",2,"inad_unconstrained",4.40015621578172,8.72348919348706,188.4507565,13.7277367581113,4.25942202780409,9.20101353226763,13.8642038210454,"poisson_glm",0.140734187977626,-0.477524338780572,-0.136467062934061
28,"recursive_multi_step",2,"inad_constrained_alpha",4.37554345920158,9.00816490119999,194.1725545,13.9345812459507,4.25942202780409,9.20101353226763,13.8642038210454,"poisson_glm",0.116121431397487,-0.192848631067644,0.0703774249053115
28,"recursive_multi_step",3,"inad_unconstrained",2.53245967101756,2.02441435890139,10.1022805,3.17840848539013,3.1471166771073,2.13699143961284,3.22093604281073,"poisson_glm",-0.614657006089739,-0.112577080711448,-0.0425275574205943
28,"recursive_multi_step",3,"inad_constrained_alpha",2.44122399558835,1.8563325506178,8.8426985,2.97366751672072,3.1471166771073,2.13699143961284,3.22093604281073,"poisson_glm",-0.705892681518947,-0.280658888995036,-0.247268526090003
28,"recursive_multi_step",4,"inad_unconstrained",2.14518904846787,1.48957488829507,6.1737925,2.48471175390628,2.92610840622455,1.7663981383542,2.8448588368449,"poisson_glm",-0.780919357756682,-0.276823250059135,-0.360147082938624
28,"recursive_multi_step",4,"inad_constrained_alpha",2.12821455910741,1.37417094354673,4.4800565,2.11661439568004,2.92610840622455,1.7663981383542,2.8448588368449,"poisson_glm",-0.797893847117137,-0.39222719480747,-0.728244441164855
28,"rolling_one_step",1,"inad_unconstrained",3.09758114082927,3.76826136688716,46.434217,6.81426569778432,3.69714187603328,4.02926084928902,6.86336402467618,"poisson_glm",-0.599560735204008,-0.260999482401858,-0.0490983268918619
28,"rolling_one_step",1,"inad_constrained_alpha",3.1796958027069,3.88388256454222,50.0332370909091,7.07341763866019,3.69714187603328,4.02926084928902,6.86336402467618,"poisson_glm",-0.517446073326373,-0.145378284746796,0.21005361398401
29,"recursive_multi_step",1,"inad_unconstrained",2.15650539998957,1.20229194273773,5.5663085,2.3593025452451,2.22638076899841,1.43379128493926,2.61854743450391,"poisson_glm",-0.0698753690088432,-0.231499342201528,-0.259244889258808
29,"recursive_multi_step",1,"inad_constrained_alpha",2.27867615827461,1.34065062748173,7.20477,2.68417026285592,2.22638076899841,1.43379128493926,2.61854743450391,"poisson_glm",0.0522953892761984,-0.0931406574575242,0.0656228283520099
29,"recursive_multi_step",2,"inad_unconstrained",2.44219725519622,1.14734621595485,0.485,0.696419413859206,1.88124581978645,0.60621833493134,0.226672303032526,"poisson_glm",0.560951435409771,0.541127881023508,0.46974711082668
29,"recursive_multi_step",2,"inad_constrained_alpha",2.43147635492749,1.06048911916927,0.2165665,0.465367059427287,1.88124581978645,0.60621833493134,0.226672303032526,"poisson_glm",0.550230535141043,0.454270784237933,0.238694756394761
29,"recursive_multi_step",3,"inad_unconstrained",2.40802461759009,1.52182516576362,8.908249,2.98466899337263,2.66292635778565,1.95740002925063,3.40228685257711,"poisson_glm",-0.25490174019556,-0.435574863487007,-0.417617859204478
29,"recursive_multi_step",3,"inad_constrained_alpha",2.3790793990435,1.69248308571611,11.275272,3.35786718022021,2.66292635778565,1.95740002925063,3.40228685257711,"poisson_glm",-0.283846958742142,-0.264916943534518,-0.0444196723569035
29,"recursive_multi_step",4,"inad_unconstrained",2.18113687723644,1.52399205361023,5.303321,2.30289404880034,3.0491395214003,1.88089835085083,2.97880438083345,"poisson_glm",-0.868002644163858,-0.356906297240601,-0.675910332033115
29,"recursive_multi_step",4,"inad_constrained_alpha",2.1624434543934,1.52396164033506,5.741984,2.39624372716967,3.0491395214003,1.88089835085083,2.97880438083345,"poisson_glm",-0.886696067006901,-0.356936710515769,-0.582560653663778
29,"rolling_one_step",1,"inad_unconstrained",2.45683231644481,1.53574872015247,6.74337640909091,2.5968011878253,2.55102292648953,1.65519595537514,2.88002598810472,"poisson_glm",-0.0941906100447247,-0.119447235222669,-0.28322480027942
29,"rolling_one_step",1,"inad_constrained_alpha",2.55123870673008,1.61748744870865,7.66899231818182,2.76929455244144,2.55102292648953,1.65519595537514,2.88002598810472,"poisson_glm",0.000215780240544916,-0.0377085066664933,-0.110731435663287
3,"recursive_multi_step",1,"inad_unconstrained",2.33590328995162,1.70712048961224,11.515024,3.393379436491,2.89332225542959,1.85197116849307,3.17511377288959,"poisson_glm",-0.557418965477969,-0.144850678880829,0.218265663601412
3,"recursive_multi_step",1,"inad_constrained_alpha",2.4968262768075,1.7575229587764,11.7988685,3.43494810732273,2.89332225542959,1.85197116849307,3.17511377288959,"poisson_glm",-0.396495978622085,-0.0944482097166728,0.259834334433137
3,"recursive_multi_step",2,"inad_unconstrained",2.52075671277188,1.76273483352787,9.001672,3.00027865372535,2.6479933934234,1.92732840622651,3.0070512399184,"poisson_glm",-0.127236680651519,-0.164593572698635,-0.0067725861930521
3,"recursive_multi_step",2,"inad_constrained_alpha",2.47977895063702,1.55891353253085,7.216505,2.68635533762754,2.6479933934234,1.92732840622651,3.0070512399184,"poisson_glm",-0.168214442786374,-0.368414873695658,-0.320695902290857
3,"recursive_multi_step",3,"inad_unconstrained",2.50734815267615,1.09825161749268,1.1506865,1.07270056399724,1.78405114585538,0.62152419894328,0.810189492280098,"poisson_glm",0.723297006820775,0.476727418549396,0.262511071717144
3,"recursive_multi_step",3,"inad_constrained_alpha",2.37439665714119,1.02907904824813,0.874256,0.93501657739315,1.78405114585538,0.62152419894328,0.810189492280098,"poisson_glm",0.590345511285813,0.407554849304853,0.124827085113052
3,"recursive_multi_step",4,"inad_unconstrained",2.0452563085645,1.15393167965398,6.2122365,2.49243585674737,2.51212319056019,1.9121612994347,2.98215542267316,"poisson_glm",-0.466866881995686,-0.758229619780717,-0.489719565925793
3,"recursive_multi_step",4,"inad_constrained_alpha",1.95624364500756,0.881595222173205,2.810314,1.67639911715558,2.51212319056019,1.9121612994347,2.98215542267316,"poisson_glm",-0.555879545552629,-1.03056607726149,-1.30575630551759
3,"rolling_one_step",1,"inad_unconstrained",2.21864744601891,1.40278866924097,7.15688009090909,2.6752345861455,2.31884075462037,1.39261543353607,2.4277050068428,"poisson_glm",-0.100193308601465,0.010173235704904,0.247529579302697
3,"rolling_one_step",1,"inad_constrained_alpha",2.1607962132334,1.31275823733251,6.20569186363636,2.49112261112061,2.31884075462037,1.39261543353607,2.4277050068428,"poisson_glm",-0.158044541386977,-0.0798571962035604,0.063417604277805
30,"recursive_multi_step",1,"inad_unconstrained",2.17983160428342,0.817331284233016,0.028125,0.167705098312484,1.71693880033213,0.534675446098183,0.43569841411434,"poisson_glm",0.462892803951295,0.282655838134833,-0.267993315801856
30,"recursive_multi_step",1,"inad_constrained_alpha",2.09256299793682,0.81528760153991,0.245033,0.495008080742123,1.71693880033213,0.534675446098183,0.43569841411434,"poisson_glm",0.375624197604687,0.280612155441727,0.0593096666277821
30,"recursive_multi_step",2,"inad_unconstrained",2.89942919064618,2.86082557341559,25.3975325,5.03959646201955,3.1635398379516,2.80312278431414,4.81078426882873,"poisson_glm",-0.264110647305424,0.0577027891014459,0.228812193190822
30,"recursive_multi_step",2,"inad_constrained_alpha",3.05249642119928,3.02211778500139,27.4658885,5.2407908277282,3.1635398379516,2.80312278431414,4.81078426882873,"poisson_glm",-0.11104341675232,0.218995000687245,0.430006558899467
30,"recursive_multi_step",3,"inad_unconstrained",3.05701846413429,3.3862430238543,34.2424825,5.85170765674431,3.53006562026534,3.25585334788775,5.44745997665607,"poisson_glm",-0.473047156131056,0.130389675966547,0.404247680088242
30,"recursive_multi_step",3,"inad_constrained_alpha",3.08902285912617,3.07504031458937,29.596858,5.44029944028819,3.53006562026534,3.25585334788775,5.44745997665607,"poisson_glm",-0.441042761139174,-0.180813033298385,-0.00716053636787972
30,"recursive_multi_step",4,"inad_unconstrained",2.3299065702188,0.986804500866092,1.017274,1.00860001982947,1.77599654531304,0.709326318884979,1.10944188163666,"poisson_glm",0.553910024905761,0.277478181981113,-0.100841861807192
30,"recursive_multi_step",4,"inad_constrained_alpha",2.43690483075831,0.9760276085114,0.19477,0.441327542761609,1.77599654531304,0.709326318884979,1.10944188163666,"poisson_glm",0.660908285445268,0.266701289626421,-0.668114338875049
30,"rolling_one_step",1,"inad_unconstrained",2.64359498094306,2.19736222445763,21.9105751363636,4.68087333051896,2.52307957300268,2.07408460851951,4.37104416513844,"poisson_glm",0.120515407940388,0.123277615938115,0.309829165380513
30,"rolling_one_step",1,"inad_constrained_alpha",2.49523818737552,2.01437359312257,19.0289070454545,4.36221354881378,2.52307957300268,2.07408460851951,4.37104416513844,"poisson_glm",-0.0278413856271507,-0.0597110153969433,-0.0088306163246612
31,"recursive_multi_step",1,"inad_constrained_alpha",2.71335704320589,1.83742163663433,8.6643485,2.94352654141253,2.72977453979748,1.95156446889134,3.03760571784217,"poisson_glm",-0.0164174965915911,-0.114142832257014,-0.094079176429644
31,"recursive_multi_step",1,"inad_unconstrained",2.73994583271868,1.79681020517642,8.407825,2.89962497575117,2.72977453979748,1.95156446889134,3.03760571784217,"poisson_glm",0.0101712929211994,-0.154754263714922,-0.137980742090998
31,"recursive_multi_step",2,"inad_constrained_alpha",2.35507642177389,1.02424537935688,0.4646525,0.681654237865503,1.90823574287255,0.720058310648435,0.955641412847189,"poisson_glm",0.446840678901333,0.304187068708444,-0.273987174981686
31,"recursive_multi_step",2,"inad_unconstrained",2.42549771816984,1.12052101395934,0.864121000000001,0.92958108844791,1.90823574287255,0.720058310648435,0.955641412847189,"poisson_glm",0.517261975297284,0.400462703310905,-0.026060324399279
31,"recursive_multi_step",3,"inad_constrained_alpha",2.8699506037548,2.00934250820663,8.658037,2.94245424773266,2.47348059465617,1.58378897924994,2.59841553756305,"poisson_glm",0.396470009098632,0.425553528956693,0.344038710169617
31,"recursive_multi_step",3,"inad_unconstrained",3.18106623956772,2.208147947099,10.328365,3.21377737250109,2.47348059465617,1.58378897924994,2.59841553756305,"poisson_glm",0.707585644911548,0.624358967849061,0.615361834938041
31,"recursive_multi_step",4,"inad_constrained_alpha",3.17072050524414,2.61479390936515,15.1092485,3.88706167946947,2.43462884340493,1.51795156790425,2.67493882498339,"poisson_glm",0.736091661839212,1.09684234146091,1.21212285448608
31,"recursive_multi_step",4,"inad_unconstrained",2.81792984190754,2.12036337904811,8.9556625,2.99260129318959,2.43462884340493,1.51795156790425,2.67493882498339,"poisson_glm",0.383300998502613,0.602411811143864,0.317662468206199
31,"rolling_one_step",1,"inad_constrained_alpha",2.72373847154847,2.15738109318232,16.5434935454545,4.06736936427644,2.69313707479934,2.053842526017,4.04407205798341,"poisson_glm",0.0306013967491321,0.103538567165321,0.0232973062930331
31,"rolling_one_step",1,"inad_unconstrained",2.70384288403537,2.14064539018165,16.4786000909091,4.05938420094835,2.69313707479934,2.053842526017,4.04407205798341,"poisson_glm",0.0107058092360348,0.0868028641646474,0.0153121429649437
32,"recursive_multi_step",1,"inad_unconstrained",1.97488413143159,0.864680708896916,2.0668545,1.43765590458913,1.83341912820929,0.85850474601624,1.52405012064699,"poisson_glm",0.141465003222298,0.00617596288067546,-0.0863942160578535
32,"recursive_multi_step",1,"inad_constrained_alpha",1.99318001772927,0.927178293115583,2.643245,1.62580595398098,1.83341912820929,0.85850474601624,1.52405012064699,"poisson_glm",0.159760889519981,0.0686735470993423,0.101755833333991
32,"recursive_multi_step",2,"inad_unconstrained",2.20178164780056,1.19007193514531,5.829545,2.41444507081855,2.2956067046394,1.61601284009198,2.7577217972036,"poisson_glm",-0.0938250568388397,-0.425940904946671,-0.343276726385048
32,"recursive_multi_step",2,"inad_constrained_alpha",2.298929581646,1.43010531098979,8.2572425,2.87354180411561,2.2956067046394,1.61601284009198,2.7577217972036,"poisson_glm",0.00332287700660139,-0.185907529102184,0.115820006912012
32,"recursive_multi_step",3,"inad_unconstrained",2.13871389369163,0.95277471311171,1.568929,1.25256896017744,1.99467417055715,0.998117815723414,1.67525131053386,"poisson_glm",0.144039723134473,-0.0453431026117038,-0.42268235035642
32,"recursive_multi_step",3,"inad_constrained_alpha",2.20119531987327,1.01375973568675,1.977994,1.40641174625356,1.99467417055715,0.998117815723414,1.67525131053386,"poisson_glm",0.206521149316119,0.0156419199633324,-0.268839564280299
32,"recursive_multi_step",4,"inad_unconstrained",2.33958905185919,1.02830859161988,0.810949,0.900527067888578,1.95214100101732,0.947247008510954,1.53688967979791,"poisson_glm",0.38744805084187,0.0810615831089248,-0.63636261190933
32,"recursive_multi_step",4,"inad_constrained_alpha",2.3312649589344,1.06191875911743,0.8796845,0.937914974824477,1.95214100101732,0.947247008510954,1.53688967979791,"poisson_glm",0.379123957917071,0.114671750606479,-0.59897470497343
32,"rolling_one_step",1,"inad_unconstrained",2.42803704777859,1.54134590787867,7.55815240909091,2.74920941528486,2.2272431416838,1.34205546851622,2.43227316883983,"poisson_glm",0.200793906094788,0.199290439362445,0.316936246445029
32,"rolling_one_step",1,"inad_constrained_alpha",2.42805946513677,1.54647365680415,7.49191445454546,2.73713617756688,2.2272431416838,1.34205546851622,2.43227316883983,"poisson_glm",0.200816323452974,0.204418188287925,0.304863008727056
33,"recursive_multi_step",1,"inad_unconstrained",2.10364259724884,0.775686256540719,0.151978,0.389843558366686,1.62278474344783,0.49406850957847,0.440989569002274,"poisson_glm",0.480857853801004,0.281617746962248,-0.0511460106355879
33,"recursive_multi_step",1,"inad_constrained_alpha",2.01855395507162,0.727031619186225,0.040833,0.202071769428587,1.62278474344783,0.49406850957847,0.440989569002274,"poisson_glm",0.395769211623791,0.232963109607755,-0.238917799573687
33,"recursive_multi_step",2,"inad_unconstrained",2.74411410985247,1.62294367291661,3.831154,1.95733339009991,2.33742220071966,1.22405993499804,1.92068995556347,"poisson_glm",0.406691909132809,0.39888373791857,0.0366434345364373
33,"recursive_multi_step",2,"inad_constrained_alpha",2.57927759797875,1.30530581177429,2.0324845,1.42565230684063,2.33742220071966,1.22405993499804,1.92068995556347,"poisson_glm",0.241855397259089,0.0812458767762483,-0.495037648722845
33,"recursive_multi_step",3,"inad_unconstrained",2.18406577188187,0.858471916404181,0.0622845000000001,0.249568627836113,1.71951312663688,0.551050693996097,0.507765623179163,"poisson_glm",0.464552645244985,0.307421222408084,-0.25819699534305
33,"recursive_multi_step",3,"inad_constrained_alpha",2.19224500175581,0.872185674266738,0.3024765,0.549978635948707,1.71951312663688,0.551050693996097,0.507765623179163,"poisson_glm",0.472731875118932,0.321134980270641,0.0422130127695436
33,"recursive_multi_step",4,"inad_unconstrained",2.92663830979558,2.17289632359348,13.2867025,3.64509293434338,3.08882479607848,2.60904912742529,3.98705456529277,"poisson_glm",-0.162186486282904,-0.436152803831815,-0.34196163094939
33,"recursive_multi_step",4,"inad_constrained_alpha",2.81520665917577,2.5845852926387,20.321209,4.50790516759171,3.08882479607848,2.60904912742529,3.98705456529277,"poisson_glm",-0.273618136902714,-0.0244638347865904,0.52085060229894
33,"rolling_one_step",1,"inad_unconstrained",2.39330985343969,1.61435161649495,9.51198927272727,3.08415130509631,2.36917649966789,1.51384464426393,3.03692501288006,"poisson_glm",0.0241333537718065,0.100506972231016,0.0472262922162465
33,"rolling_one_step",1,"inad_constrained_alpha",2.38518847462135,1.59674527945318,9.22766872727273,3.03770780808042,2.36917649966789,1.51384464426393,3.03692501288006,"poisson_glm",0.0160119749534591,0.0829006351892485,0.000782795200352293
34,"recursive_multi_step",1,"inad_unconstrained",2.73404658509589,2.13605842210107,12.2702645,3.50289373233046,4.17649495774536,3.12613814412248,4.52538277066407,"poisson_glm",-1.44244837264948,-0.990079722021413,-1.02248903833361
34,"recursive_multi_step",1,"inad_constrained_alpha",2.66839643300029,2.09413636014735,11.761074,3.42944222870134,4.17649495774536,3.12613814412248,4.52538277066407,"poisson_glm",-1.50809852474507,-1.03200178397513,-1.09594054196273
34,"recursive_multi_step",2,"inad_unconstrained",2.05610539043716,1.40620052419537,8.816968,2.96933797335366,2.32885648271339,1.67494548957582,2.72633942320454,"poisson_glm",-0.272751092276226,-0.268744965380444,0.242998550149113
34,"recursive_multi_step",2,"inad_constrained_alpha",2.37588905763071,1.8747580810458,13.000429,3.60561076656924,2.32885648271339,1.67494548957582,2.72633942320454,"poisson_glm",0.0470325749173179,0.199812591469986,0.879271343364693
34,"recursive_multi_step",3,"inad_unconstrained",2.08310757029291,1.32677924708552,7.5687965,2.75114457998848,2.35007949833421,1.70388027034317,2.77518109439052,"poisson_glm",-0.266971928041303,-0.377101023257659,-0.0240365144020354
34,"recursive_multi_step",3,"inad_constrained_alpha",2.2689123732673,1.53480885642712,9.891205,3.14502861672195,2.35007949833421,1.70388027034317,2.77518109439052,"poisson_glm",-0.0811671250669153,-0.169071413916054,0.369847522331435
34,"recursive_multi_step",4,"inad_unconstrained",2.13604878624049,1.9155758622738,16.117609,4.01467420845079,3.55441507587859,2.51833965271628,4.05776438249622,"poisson_glm",-1.4183662896381,-0.602763790442479,-0.0430901740454317
34,"recursive_multi_step",4,"inad_constrained_alpha",2.03069126118018,1.64770672317295,11.704921,3.42124553342785,3.55441507587859,2.51833965271628,4.05776438249622,"poisson_glm",-1.52372381469841,-0.870632929543335,-0.636518849068377
34,"rolling_one_step",1,"inad_unconstrained",2.44306916904071,1.66231957914568,8.79604168181818,2.9658121454027,2.67532830597775,1.80666202841726,3.130613497307,"poisson_glm",-0.232259136937035,-0.144342449271585,-0.164801351904301
34,"rolling_one_step",1,"inad_constrained_alpha",2.4406754326293,1.62595602071371,8.05387668181818,2.83793528499474,2.67532830597775,1.80666202841726,3.130613497307,"poisson_glm",-0.234652873348444,-0.180706007703553,-0.292678212312263
35,"recursive_multi_step",1,"inad_constrained_alpha",1.75965137141402,0.886351441982699,2.9506445,1.71774401468903,1.7270783293693,0.798902278215828,1.43612705938588,"poisson_glm",0.0325730420447246,0.0874491637668707,0.28161695530315
35,"recursive_multi_step",1,"inad_unconstrained",1.87052442990133,0.913667097205506,3.0704985,1.75228379550802,1.7270783293693,0.798902278215828,1.43612705938588,"poisson_glm",0.143446100532034,0.114764818989677,0.316156736122138
35,"recursive_multi_step",2,"inad_constrained_alpha",2.02120718987571,1.1681193059816,6.0553485,2.46076177229735,2.40346662005168,1.76796321729733,2.88238751439588,"poisson_glm",-0.382259430175973,-0.599843911315733,-0.42162574209853
35,"recursive_multi_step",2,"inad_unconstrained",2.00939120095285,1.46053972631358,9.581234,3.0953568453411,2.40346662005168,1.76796321729733,2.88238751439588,"poisson_glm",-0.394075419098834,-0.307423490983751,0.212969330945218
35,"recursive_multi_step",3,"inad_constrained_alpha",2.09148390451276,1.56303226978128,10.372114,3.22057665643903,2.93611112361957,2.28544341684957,3.59535587856309,"poisson_glm",-0.844627219106812,-0.722411147068293,-0.374779222124058
35,"recursive_multi_step",3,"inad_unconstrained",2.23163239583188,1.81109408309156,13.610957,3.68930305071297,2.93611112361957,2.28544341684957,3.59535587856309,"poisson_glm",-0.704478727787693,-0.47434933375801,0.0939471721498788
35,"recursive_multi_step",4,"inad_constrained_alpha",2.19913620604353,1.82155594907421,11.5813305,3.40313539254612,3.62084382902069,2.52761041712032,4.12812239259412,"poisson_glm",-1.42170762297716,-0.70605446804611,-0.724987000048006
35,"recursive_multi_step",4,"inad_unconstrained",2.47841656213402,2.19954254698928,17.8085825,4.22002162316735,3.62084382902069,2.52761041712032,4.12812239259412,"poisson_glm",-1.14242726688667,-0.328067870131041,0.0918992305732296
35,"rolling_one_step",1,"inad_constrained_alpha",2.27114127656728,1.47234205983231,8.86126577272727,2.97678782796612,2.4058467585425,1.57570104777924,2.98269896506033,"poisson_glm",-0.13470548197522,-0.103358987946934,-0.00591113709420288
35,"rolling_one_step",1,"inad_unconstrained",2.25439856702603,1.45786712122169,8.47699272727273,2.91152755907835,2.4058467585425,1.57570104777924,2.98269896506033,"poisson_glm",-0.151448191516469,-0.117833926557549,-0.0711714059819784
4,"recursive_multi_step",1,"inad_unconstrained",2.02572724544163,1.1364149162723,5.194516,2.27914808645687,2.14028588049785,1.37137021414572,2.39416074612209,"poisson_glm",-0.114558635056221,-0.23495529787342,-0.115012659665227
4,"recursive_multi_step",1,"inad_constrained_alpha",2.04151579362932,1.17495153343831,5.63833,2.37451679294967,2.14028588049785,1.37137021414572,2.39416074612209,"poisson_glm",-0.0987700868685248,-0.196418680707416,-0.0196439531724213
4,"recursive_multi_step",2,"inad_unconstrained",2.25475289191859,1.31662084882987,3.779321,1.94404758172222,2.2777778682968,1.32225003018567,2.1768832244058,"poisson_glm",-0.0230249763782124,-0.00562918135579626,-0.232835642683587
4,"recursive_multi_step",2,"inad_constrained_alpha",2.28584288224304,1.32605274009944,4.1422445,2.0352504759857,2.2777778682968,1.32225003018567,2.1768832244058,"poisson_glm",0.0080650139462386,0.00380270991377007,-0.141632748420108
4,"recursive_multi_step",3,"inad_unconstrained",2.41586387075281,1.08144698371209,2.206345,1.48537705650788,2.03035712879219,1.01522380243964,1.68796634444835,"poisson_glm",0.385506741960623,0.0662231812724485,-0.202589287940479
4,"recursive_multi_step",3,"inad_constrained_alpha",2.23609026018231,1.01289175094614,1.7140625,1.30922209727762,2.03035712879219,1.01522380243964,1.68796634444835,"poisson_glm",0.205733131390118,-0.00233205149350435,-0.378744247170738
4,"recursive_multi_step",4,"inad_unconstrained",2.85409533229606,2.35360815851522,17.187637,4.14579751073301,2.93012766093123,2.40483240665507,4.1192507529621,"poisson_glm",-0.0760323286351756,-0.0512242481398477,0.0265467577709115
4,"recursive_multi_step",4,"inad_constrained_alpha",2.90818477199439,2.90124031055565,24.029465,4.90198582209292,2.93012766093123,2.40483240665507,4.1192507529621,"poisson_glm",-0.0219428889368438,0.496407903900583,0.782735069130823
4,"rolling_one_step",1,"inad_unconstrained",2.8476470647905,2.58371211944393,24.2695889545455,4.92641745638202,2.82488312290267,2.43558153216864,4.57723025605719,"poisson_glm",0.0227639418878276,0.148130587275289,0.349187200324823
4,"rolling_one_step",1,"inad_constrained_alpha",2.86732614586988,2.54354427639993,23.2079306818182,4.81746102026972,2.82488312290267,2.43558153216864,4.57723025605719,"poisson_glm",0.042443022967205,0.107962744231292,0.240230764212528
5,"recursive_multi_step",1,"inad_constrained_alpha",2.77455710703898,2.45479078858748,17.30261,4.15964060947578,3.0497550403371,2.61470511651677,4.13277380925655,"poisson_glm",-0.275197933298126,-0.159914327929288,0.0268668002192296
5,"recursive_multi_step",1,"inad_unconstrained",2.61906365599418,2.48434693490606,17.77802,4.21639893748208,3.0497550403371,2.61470511651677,4.13277380925655,"poisson_glm",-0.430691384342922,-0.13035818161071,0.0836251282255329
5,"recursive_multi_step",2,"inad_constrained_alpha",2.48870678470294,1.79529525926233,9.3539825,3.05842810933983,2.3635983608965,1.57962621535851,2.64575925013697,"poisson_glm",0.125108423806446,0.215669043903822,0.412668859202856
5,"recursive_multi_step",2,"inad_unconstrained",2.50032964260454,1.619002648935,7.310452,2.70378475474658,2.3635983608965,1.57962621535851,2.64575925013697,"poisson_glm",0.136731281708041,0.039376433576491,0.0580255046096028
5,"recursive_multi_step",3,"inad_constrained_alpha",2.26615320313131,1.10549007204275,2.5378525,1.59306387191475,1.9129483796926,0.890408237278383,1.48211913561348,"poisson_glm",0.353204823438711,0.215081834764365,0.110944736301263
5,"recursive_multi_step",3,"inad_unconstrained",2.16811722850964,0.929923246503789,1.3495565,1.16170413617237,1.9129483796926,0.890408237278383,1.48211913561348,"poisson_glm",0.255168848817038,0.0395150092254064,-0.320414999441109
5,"recursive_multi_step",4,"inad_constrained_alpha",2.97261201868695,2.06697636351268,9.519626,3.08538911646489,2.16520258889093,1.12299082823195,2.0597037086376,"poisson_glm",0.807409429796016,0.943985535280731,1.02568540782729
5,"recursive_multi_step",4,"inad_unconstrained",2.87504833406164,1.74246741811581,5.913025,2.4316712360021,2.16520258889093,1.12299082823195,2.0597037086376,"poisson_glm",0.709845745170707,0.619476589883855,0.371967527364502
5,"rolling_one_step",1,"inad_constrained_alpha",3.03980903046129,2.85264407911321,29.9381915454545,5.47158035173153,3.12298560570618,2.84721970479557,5.31372385600015,"poisson_glm",-0.083176575244885,0.00542437431764142,0.157856495731385
5,"rolling_one_step",1,"inad_unconstrained",2.97416643341865,2.72747728142794,27.9697277727273,5.28864139195761,3.12298560570618,2.84721970479557,5.31372385600015,"poisson_glm",-0.148819172287534,-0.119742423367626,-0.0250824640425416
6,"recursive_multi_step",1,"inad_unconstrained",2.43137024713831,1.75277358344051,11.3023865,3.36190221452082,2.68885116721941,2.10188804140039,3.64970959501396,"poisson_glm",-0.2574809200811,-0.34911445795988,-0.287807380493143
6,"recursive_multi_step",1,"inad_constrained_alpha",2.45370655435705,1.919552972352,13.296025,3.6463714840921,2.68885116721941,2.10188804140039,3.64970959501396,"poisson_glm",-0.235144612862352,-0.182335069048395,-0.00333811092186709
6,"recursive_multi_step",2,"inad_unconstrained",3.44688902535157,3.46376736437888,36.767624,6.0636312552793,4.29514976599494,3.82358943649111,6.14012333776179,"poisson_glm",-0.848260740643367,-0.359822072112228,-0.0764920824824911
6,"recursive_multi_step",2,"inad_constrained_alpha",3.48056125831158,3.24167764490512,33.2295385,5.7645067872282,4.29514976599494,3.82358943649111,6.14012333776179,"poisson_glm",-0.814588507683355,-0.581911791585989,-0.375616550533588
6,"recursive_multi_step",3,"inad_unconstrained",2.73502765525311,2.58238159085273,23.414797,4.83888385890796,4.1898270369061,3.47514667419879,5.31434706709966,"poisson_glm",-1.45479938165299,-0.892765083346064,-0.475463208191697
6,"recursive_multi_step",3,"inad_constrained_alpha",2.86179554113147,2.73029122565899,24.9274265,4.99273737542843,4.1898270369061,3.47514667419879,5.31434706709966,"poisson_glm",-1.32803149577463,-0.744855448539803,-0.321609691671225
6,"recursive_multi_step",4,"inad_unconstrained",2.30346068391797,1.82154114602093,14.910281,3.86138330135717,3.15023697895017,2.42869734501867,4.01865447324429,"poisson_glm",-0.8467762950322,-0.607156198997742,-0.15727117188712
6,"recursive_multi_step",4,"inad_constrained_alpha",2.09766859568106,1.36177070061697,8.40149,2.89853238726084,3.15023697895017,2.42869734501867,4.01865447324429,"poisson_glm",-1.05256838326912,-1.0669266444017,-1.12012208598345
6,"rolling_one_step",1,"inad_unconstrained",2.32755444188631,1.47434258874587,8.09357986363636,2.84492176757751,2.27439166620076,1.39232983838497,2.60533769911062,"poisson_glm",0.053162775685542,0.0820127503608961,0.239584068466897
6,"rolling_one_step",1,"inad_constrained_alpha",2.30726653610635,1.53681221883907,8.88986468181818,2.98158761095799,2.27439166620076,1.39232983838497,2.60533769911062,"poisson_glm",0.0328748699055885,0.144482380454104,0.376249911847375
7,"recursive_multi_step",1,"inad_unconstrained",2.16395614943558,1.5696461405849,9.4948825,3.08137672153211,2.54713625617965,1.99946494776941,3.23007284168091,"poisson_glm",-0.383180106744075,-0.429818807184511,-0.148696120148794
7,"recursive_multi_step",1,"inad_constrained_alpha",2.1720082028585,1.53976592025081,9.0774205,3.01287578569048,2.54713625617965,1.99946494776941,3.23007284168091,"poisson_glm",-0.375128053321151,-0.459699027518604,-0.217197055990433
7,"recursive_multi_step",2,"inad_unconstrained",2.36508047323889,1.05972660755962,0.986386000000001,0.993169673318714,1.96163498331236,0.847722923097411,1.25690647833205,"poisson_glm",0.403445489926534,0.212003684462208,-0.263736805013337
7,"recursive_multi_step",2,"inad_constrained_alpha",2.40404658195785,1.136203946355,2.099729,1.44904416771884,1.96163498331236,0.847722923097411,1.25690647833205,"poisson_glm",0.442411598645493,0.288481023257589,0.192137689386794
7,"recursive_multi_step",3,"inad_unconstrained",2.16549748847626,1.23188743800007,5.680666,2.38341477716322,2.32236041753529,1.57729390141596,2.85806425400013,"poisson_glm",-0.156862929059034,-0.345406463415889,-0.474649476836907
7,"recursive_multi_step",3,"inad_constrained_alpha",2.22211376763841,1.25909863369859,5.696093,2.38664890589295,2.32236041753529,1.57729390141596,2.85806425400013,"poisson_glm",-0.100246649896887,-0.318195267717372,-0.47141534810718
7,"recursive_multi_step",4,"inad_unconstrained",3.67869947955494,3.79340140092288,34.294594,5.85615863856163,3.93132170745413,3.65738563331847,5.68253553853284,"poisson_glm",-0.252622227899184,0.13601576760441,0.173623100028784
7,"recursive_multi_step",4,"inad_constrained_alpha",4.03019554746063,4.68046573302237,47.2177525,6.87151748160477,3.93132170745413,3.65738563331847,5.68253553853284,"poisson_glm",0.0988738400065015,1.02308009970389,1.18898194307193
7,"rolling_one_step",1,"inad_unconstrained",2.77433295965797,2.14587614925034,14.9466376818182,3.86608816270635,2.83264420305957,2.15499452779669,3.94559996647601,"poisson_glm",-0.0583112434015929,-0.00911837854635023,-0.0795118037696527
7,"rolling_one_step",1,"inad_constrained_alpha",2.73366659865618,2.22552418479869,16.0401260909091,4.00501262056802,2.83264420305957,2.15499452779669,3.94559996647601,"poisson_glm",-0.0989776044033888,0.0705296570019933,0.0594126540920108
8,"recursive_multi_step",1,"inad_unconstrained",3.18741099978908,2.85814274592108,21.48281,4.63495523171476,3.33102679764045,2.93240818849449,4.44237914027539,"poisson_glm",-0.143615797851371,-0.0742654425734042,0.192576091439364
8,"recursive_multi_step",1,"inad_constrained_alpha",2.89631000909708,2.70515657062924,19.4453605,4.40968938815423,3.33102679764045,2.93240818849449,4.44237914027539,"poisson_glm",-0.434716788543367,-0.227251617865242,-0.0326897521211658
8,"recursive_multi_step",2,"inad_unconstrained",3.14726943907654,3.03217165727684,24.172201,4.91652326344542,3.61167500414144,3.39269705138673,4.84555247709869,"poisson_glm",-0.464405565064899,-0.360525394109888,0.0709707863467326
8,"recursive_multi_step",2,"inad_constrained_alpha",3.18232200397471,3.16771775202617,25.3439325,5.03427576717843,3.61167500414144,3.39269705138673,4.84555247709869,"poisson_glm",-0.429353000166732,-0.224979299360554,0.188723290079746
8,"recursive_multi_step",3,"inad_unconstrained",2.18718035863938,1.31122885939153,6.8308925,2.61359761631357,2.5873747228123,1.8577366942247,3.24454894625572,"poisson_glm",-0.400194364172918,-0.546507834833169,-0.630951329942142
8,"recursive_multi_step",3,"inad_constrained_alpha",2.16744378626003,1.43487854503875,8.6633,2.94334843333235,2.5873747228123,1.8577366942247,3.24454894625572,"poisson_glm",-0.419930936552269,-0.422858149185946,-0.301200512923367
8,"recursive_multi_step",4,"inad_unconstrained",2.38575415698276,1.53656040227002,7.8863465,2.80826396551321,2.5789197280582,1.81650246027002,3.09508533521985,"poisson_glm",-0.193165571075441,-0.279942058000005,-0.286821369706632
8,"recursive_multi_step",4,"inad_constrained_alpha",2.41489599604787,1.50285853328312,7.0306585,2.65153889279415,2.5789197280582,1.81650246027002,3.09508533521985,"poisson_glm",-0.164023732010325,-0.313643926986906,-0.4435464424257
8,"rolling_one_step",1,"inad_unconstrained",2.70929010681118,2.05779358743137,14.3291056363636,3.78538051407829,2.83165577960678,2.21992679524588,4.09167493284161,"poisson_glm",-0.122365672795596,-0.162133207814501,-0.306294418763316
8,"rolling_one_step",1,"inad_constrained_alpha",2.65107472778961,1.97446399287778,13.0715099545455,3.61545432201065,2.83165577960678,2.21992679524588,4.09167493284161,"poisson_glm",-0.180581051817169,-0.2454628023681,-0.476220610830963
9,"recursive_multi_step",1,"inad_constrained_alpha",2.90381729575575,2.11388168189196,9.2847305,3.04708557477469,2.92130310511102,2.17628221326191,3.29421337238162,"poisson_glm",-0.0174858093552768,-0.0624005313699545,-0.247127797606929
9,"recursive_multi_step",1,"inad_unconstrained",2.92865158184566,2.33554128371691,11.2776065,3.358214778718,2.92130310511102,2.17628221326191,3.29421337238162,"poisson_glm",0.00734847673463435,0.159259070454995,0.0640014063363843
9,"recursive_multi_step",2,"inad_constrained_alpha",2.8873095492911,2.45757441868912,17.10185,4.13543830808779,2.71244896110595,2.05753231284286,3.58239646190418,"poisson_glm",0.174860588185147,0.400042105846254,0.553041846183612
9,"recursive_multi_step",2,"inad_unconstrained",2.83067715090202,2.28126020794476,14.0907205,3.75376084747017,2.71244896110595,2.05753231284286,3.58239646190418,"poisson_glm",0.118228189796069,0.223727895101903,0.171364385565997
9,"recursive_multi_step",3,"inad_constrained_alpha",3.18424143174739,2.81593580369603,19.935081,4.46487189065935,3.20003147744516,2.68865063474468,4.27291200806077,"poisson_glm",-0.0157900456977687,0.127285168951352,0.19195988259858
9,"recursive_multi_step",3,"inad_unconstrained",3.24715884977732,3.02330979530804,22.256225,4.71765036856272,3.20003147744516,2.68865063474468,4.27291200806077,"poisson_glm",0.0471273723321679,0.334659160563363,0.444738360501954
9,"recursive_multi_step",4,"inad_constrained_alpha",3.30462676776533,2.4832529091052,11.48165,3.38845835152212,2.37834607085826,1.34820369121481,2.162118176537,"poisson_glm",0.92628069690707,1.13504921789038,1.22634017498512
9,"recursive_multi_step",4,"inad_unconstrained",3.033702317435,2.19936760140004,8.382753,2.89529843021406,2.37834607085826,1.34820369121481,2.162118176537,"poisson_glm",0.65535624657674,0.851163910185224,0.733180253677064
9,"rolling_one_step",1,"inad_constrained_alpha",2.79791066340078,2.53743724493563,25.3457651363636,5.03445777977764,3.09115194031425,2.75768285711387,5.04987901298988,"poisson_glm",-0.293241276913474,-0.22024561217824,-0.0154212332122361
9,"rolling_one_step",1,"inad_unconstrained",2.74621956422958,2.50640787135534,24.1299958181818,4.91222921067226,3.09115194031425,2.75768285711387,5.04987901298988,"poisson_glm",-0.344932376084678,-0.251274985758532,-0.137649802317619
1,"recursive_multi_step",1,"inad_constrained_alpha",2.77303617296041,1.61334976066222,5.5468465,2.35517440967755,2.67067234273556,1.67357869459756,2.53192421547271,"nb_glmm",0.102363830224851,-0.0602289339353443,-0.176749805795164
1,"recursive_multi_step",1,"inad_unconstrained",2.72720273746771,1.62802892874603,5.4686825,2.33852143458212,2.67067234273556,1.67357869459756,2.53192421547271,"nb_glmm",0.056530394732154,-0.0455497658515318,-0.193402780890598
1,"recursive_multi_step",2,"inad_constrained_alpha",2.36500199661742,0.993093037990389,1.0928345,1.04538724882218,2.19443688870714,0.847583824403657,0.575156212316117,"nb_glmm",0.170565107910272,0.145509213586732,0.47023103650606
1,"recursive_multi_step",2,"inad_unconstrained",2.47729497468193,1.05355123840316,0.6862045,0.828374613324189,2.19443688870714,0.847583824403657,0.575156212316117,"nb_glmm",0.28285808597478,0.205967413999503,0.253218401008072
1,"recursive_multi_step",3,"inad_constrained_alpha",2.43719252500274,1.22678659066099,2.0494225,1.43158042037463,2.42985747952647,1.25753624037251,1.78314564032985,"nb_glmm",0.00733504547627062,-0.0307496497115283,-0.351565219955218
1,"recursive_multi_step",3,"inad_unconstrained",2.54910163581776,1.38847035570173,2.9431645,1.71556535870832,2.42985747952647,1.25753624037251,1.78314564032985,"nb_glmm",0.119244156291284,0.130934115329219,-0.0675802816215296
1,"recursive_multi_step",4,"inad_constrained_alpha",2.63575643863632,2.29480145223206,16.18609,4.02319400476785,2.84825672107727,2.17866294090115,3.57946527992004,"nb_glmm",-0.212500282440954,0.11613851133092,0.44372872484781
1,"recursive_multi_step",4,"inad_unconstrained",2.56081058536735,2.43832070688549,19.8118485,4.45105026931847,2.84825672107727,2.17866294090115,3.57946527992004,"nb_glmm",-0.287446135709925,0.259657765984346,0.871584989398423
1,"rolling_one_step",1,"inad_constrained_alpha",2.55447776756037,1.78241756783817,11.5362115454545,3.39649989628361,2.64438825514779,1.87901452220905,3.43675408944094,"nb_glmm",-0.0899104875874221,-0.0965969543708878,-0.0402541931573333
1,"rolling_one_step",1,"inad_unconstrained",2.58263852380082,1.87297094601832,12.5461803181818,3.54205876831283,2.64438825514779,1.87901452220905,3.43675408944094,"nb_glmm",-0.0617497313469761,-0.00604357619073514,0.105304678871893
10,"recursive_multi_step",1,"inad_unconstrained",1.93169000647778,0.842442939302617,1.3845625,1.17667433897404,2.11583012018486,1.19293177268686,1.94250795247626,"nb_glmm",-0.18414011370708,-0.35048883338424,-0.765833613502213
10,"recursive_multi_step",1,"inad_constrained_alpha",1.896073652451,0.843009792994082,1.777057,1.33306301426452,2.11583012018486,1.19293177268686,1.94250795247626,"nb_glmm",-0.219756467733865,-0.349921979692775,-0.609444938211739
10,"recursive_multi_step",2,"inad_unconstrained",2.62621463548308,2.35429855972885,19.0768525,4.3677056333961,2.16823232176442,1.04985280101785,1.70469030197818,"nb_glmm",0.457982313718662,1.304445758711,2.66301533141792
10,"recursive_multi_step",2,"inad_constrained_alpha",2.59692648089737,1.81288319652375,11.822285,3.43835498458202,2.16823232176442,1.04985280101785,1.70469030197818,"nb_glmm",0.428694159132951,0.763030395505898,1.73366468260384
10,"recursive_multi_step",3,"inad_unconstrained",3.89341961115729,6.37925187383365,111.0491825,10.537987592515,4.31718514871236,7.72483868451921,12.0781593864658,"nb_glmm",-0.423765537555068,-1.34558681068555,-1.54017179395084
10,"recursive_multi_step",3,"inad_constrained_alpha",4.38360577196315,6.69402764621322,116.0575825,10.7730024830592,4.31718514871236,7.72483868451921,12.0781593864658,"nb_glmm",0.0664206232507887,-1.03081103830599,-1.30515690340662
10,"recursive_multi_step",4,"inad_unconstrained",3.88491563347409,6.77655517620558,119.989602,10.9539765382257,4.77632632289884,8.55481196859621,12.5678088329381,"nb_glmm",-0.891410689424749,-1.77825679239064,-1.61383229471237
10,"recursive_multi_step",4,"inad_constrained_alpha",3.61740970585958,7.45372424258596,143.735593,11.9889779797946,4.77632632289884,8.55481196859621,12.5678088329381,"nb_glmm",-1.15891661703926,-1.10108772601025,-0.578830853143504
10,"rolling_one_step",1,"inad_unconstrained",2.9050040356613,3.15863365502579,38.3334094545455,6.1913980210083,3.16186276661086,3.9414454254062,7.44668083350713,"nb_glmm",-0.256858730949555,-0.782811770380409,-1.25528281249883
10,"rolling_one_step",1,"inad_constrained_alpha",2.90576906705091,3.14581956156912,38.7638076818182,6.22605875990728,3.16186276661086,3.9414454254062,7.44668083350713,"nb_glmm",-0.256093699559945,-0.79562586383708,-1.22062207359985
11,"recursive_multi_step",1,"inad_unconstrained",2.43878039977997,1.43028379686775,5.1250365,2.2638543460214,2.19524741739052,1.16384829705755,1.9237773775625,"nb_glmm",0.243532982389445,0.266435499810198,0.340076968458909
11,"recursive_multi_step",1,"inad_constrained_alpha",2.40621156812745,1.37116270767817,5.185629,2.27719761988282,2.19524741739052,1.16384829705755,1.9237773775625,"nb_glmm",0.210964150736923,0.207314410620617,0.353420242320329
11,"recursive_multi_step",2,"inad_unconstrained",2.92019252813213,1.6832060505258,6.444041,2.53851157176799,2.56083263222571,1.75329952430928,3.03516927357453,"nb_glmm",0.359359895906421,-0.0700934737834864,-0.496657701806539
11,"recursive_multi_step",2,"inad_constrained_alpha",2.74939542505979,1.81867684458808,9.192573,3.03192562573688,2.56083263222571,1.75329952430928,3.03516927357453,"nb_glmm",0.188562792834085,0.0653773202787984,-0.00324364783764564
11,"recursive_multi_step",3,"inad_unconstrained",4.01821314176691,6.99685987855575,120.6302245,10.983179161791,4.41349081102345,7.61915445287394,11.5099652302963,"nb_glmm",-0.395277669256539,-0.622294574318188,-0.526786068505281
11,"recursive_multi_step",3,"inad_constrained_alpha",3.85123448089407,6.8947932983833,119.32181,10.9234522931169,4.41349081102345,7.61915445287394,11.5099652302963,"nb_glmm",-0.562256330129371,-0.724361154490636,-0.586512937179419
11,"recursive_multi_step",4,"inad_unconstrained",2.57275773526632,2.54554468794516,17.888132,4.22943636906858,3.38547814826947,3.41072647810973,5.1050203114229,"nb_glmm",-0.812720413003151,-0.865181790164568,-0.875583942354319
11,"recursive_multi_step",4,"inad_constrained_alpha",2.6979186522047,2.86286700007676,22.2409305,4.71602910296364,3.38547814826947,3.41072647810973,5.1050203114229,"nb_glmm",-0.687559496064773,-0.547859478032965,-0.388991208459262
11,"rolling_one_step",1,"inad_unconstrained",2.95389144666805,3.40133532438658,49.5056048636364,7.03602194877449,3.12667741112832,3.75630667804942,7.64207973252465,"nb_glmm",-0.172785964460265,-0.354971353662846,-0.606057783750163
11,"rolling_one_step",1,"inad_constrained_alpha",2.83366423496409,2.94762390526822,40.578123,6.37009599613695,3.12667741112832,3.75630667804942,7.64207973252465,"nb_glmm",-0.293013176164229,-0.808682772781204,-1.2719837363877
12,"recursive_multi_step",1,"inad_unconstrained",2.40529952298004,1.59862247624373,7.563433,2.75016963113187,2.47666311842857,1.83030140321876,2.96228537558282,"nb_glmm",-0.0713635954485361,-0.231678926975034,-0.212115744450949
12,"recursive_multi_step",1,"inad_constrained_alpha",2.26161884069786,1.50193402953479,7.131769,2.6705372118733,2.47666311842857,1.83030140321876,2.96228537558282,"nb_glmm",-0.215044277730709,-0.328367373683969,-0.291748163709522
12,"recursive_multi_step",2,"inad_unconstrained",2.38273689747668,1.48770379363726,6.1641565,2.48277193878133,2.43737536359902,1.60985153326592,2.67891598951421,"nb_glmm",-0.0546384661223427,-0.122147739628656,-0.19614405073288
12,"recursive_multi_step",2,"inad_constrained_alpha",2.3500786551101,1.50176808757728,6.353461,2.52060726810029,2.43737536359902,1.60985153326592,2.67891598951421,"nb_glmm",-0.0872967084889211,-0.108083445688634,-0.158308721413921
12,"recursive_multi_step",3,"inad_unconstrained",2.18819586408433,1.42586257786154,7.8433645,2.80060073912723,2.05251139908581,1.34383307926029,2.49591717586748,"nb_glmm",0.135684464998515,0.0820294986012513,0.304683563259751
12,"recursive_multi_step",3,"inad_constrained_alpha",2.18184408415111,1.35973011346159,6.9776785,2.64152957583291,2.05251139908581,1.34383307926029,2.49591717586748,"nb_glmm",0.129332685065298,0.0158970342012954,0.14561239996543
12,"recursive_multi_step",4,"inad_unconstrained",1.96144935106291,1.69194510155419,14.0661005,3.75048003594207,2.23602881120729,1.85103609272353,3.26651987936358,"nb_glmm",-0.274579460144384,-0.15909099116934,0.483960156578482
12,"recursive_multi_step",4,"inad_constrained_alpha",1.87502937429461,1.19405402059794,7.6111225,2.75882629029085,2.23602881120729,1.85103609272353,3.26651987936358,"nb_glmm",-0.360999436912678,-0.656982072125595,-0.507693589072729
12,"rolling_one_step",1,"inad_unconstrained",2.28805219017009,1.52375637759306,8.35968640909091,2.89131222960975,2.44483956730283,1.7622638675761,3.18230855658111,"nb_glmm",-0.156787377132745,-0.238507489983036,-0.290996326971357
12,"rolling_one_step",1,"inad_constrained_alpha",2.32228258951254,1.48544525367734,7.75665981818182,2.78507806321148,2.44483956730283,1.7622638675761,3.18230855658111,"nb_glmm",-0.12255697779029,-0.276818613898761,-0.397230493369626
13,"recursive_multi_step",1,"inad_unconstrained",2.37867789111117,1.01683480841814,0.689332000000001,0.830260200178234,2.36653022177702,1.25142577784514,1.9402835468851,"nb_glmm",0.0121476693341549,-0.234590969427001,-1.11002334670686
13,"recursive_multi_step",1,"inad_constrained_alpha",2.23459649085503,0.925714963403529,0.3497645,0.591408910991371,2.36653022177702,1.25142577784514,1.9402835468851,"nb_glmm",-0.131933730921995,-0.325710814441615,-1.34887463589372
13,"recursive_multi_step",2,"inad_unconstrained",2.59331859838281,1.74291696699793,12.193844,3.49196849928518,2.05580624992844,0.922247271809838,1.60111963058794,"nb_glmm",0.537512348454366,0.820669695188089,1.89084886869725
13,"recursive_multi_step",2,"inad_constrained_alpha",2.30840763145594,1.6129549883799,10.7067325,3.27211437758523,2.05580624992844,0.922247271809838,1.60111963058794,"nb_glmm",0.252601381527498,0.690707716570061,1.6709947469973
13,"recursive_multi_step",3,"inad_unconstrained",2.22905766209096,1.30769679197566,6.592081,2.56750481985916,1.99748490104395,0.908675340963321,1.57767413268862,"nb_glmm",0.231572761047005,0.39902145101234,0.989830687170537
13,"recursive_multi_step",3,"inad_constrained_alpha",2.28654209884884,1.42665267666904,8.19464,2.86262816306973,1.99748490104395,0.908675340963321,1.57767413268862,"nb_glmm",0.289057197804885,0.517977335705717,1.28495403038111
13,"recursive_multi_step",4,"inad_unconstrained",3.0438977270717,3.87278018927094,46.321301,6.80597538931783,3.91313867648298,5.10447965326176,8.14125119837771,"nb_glmm",-0.86924094941128,-1.23169946399082,-1.33527580905988
13,"recursive_multi_step",4,"inad_constrained_alpha",3.28760518594222,4.47974266052131,58.951789,7.67800683771511,3.91313867648298,5.10447965326176,8.14125119837771,"nb_glmm",-0.625533490540763,-0.62473699274045,-0.463244360662598
13,"rolling_one_step",1,"inad_unconstrained",2.75765885040676,2.44805882729101,21.0528102272727,4.58833414511985,2.76467475054234,2.38182062458092,4.48163961303338,"nb_glmm",-0.00701590013557984,0.0662382027100903,0.106694532086475
13,"rolling_one_step",1,"inad_constrained_alpha",2.70806121223866,2.47845020197131,22.025968,4.69318314153624,2.76467475054234,2.38182062458092,4.48163961303338,"nb_glmm",-0.056613538303675,0.0966295773903911,0.211543528502865
14,"recursive_multi_step",1,"inad_constrained_alpha",2.35344550337831,1.01253741567982,0.7282125,0.85335367814289,2.29128779359129,1.06319361815668,1.43174999313634,"nb_glmm",0.0621577097870181,-0.0506562024768566,-0.578396314993448
14,"recursive_multi_step",1,"inad_unconstrained",2.62532782813386,1.04432546454641,0.7432685,0.862130210583065,2.29128779359129,1.06319361815668,1.43174999313634,"nb_glmm",0.334040034542571,-0.0188681536102602,-0.569619782553273
14,"recursive_multi_step",2,"inad_constrained_alpha",2.62934777813135,1.52424338080292,4.233213,2.05747733887885,2.86029268000667,2.08934714483574,3.32952740061565,"nb_glmm",-0.230944901875318,-0.565103764032817,-1.2720500617368
14,"recursive_multi_step",2,"inad_unconstrained",2.82687279425202,1.66586640880211,5.510696,2.34748716716407,2.86029268000667,2.08934714483574,3.32952740061565,"nb_glmm",-0.0334198857546566,-0.423480736033632,-0.982040233451582
14,"recursive_multi_step",3,"inad_constrained_alpha",2.67232098441412,1.74405625821657,5.8610745,2.42096561313869,2.99151878622919,2.25001945347409,3.39300528206246,"nb_glmm",-0.319197801815069,-0.505963195257521,-0.972039668923768
14,"recursive_multi_step",3,"inad_unconstrained",2.81061954335998,2.05491335529696,9.0331425,3.00551867403947,2.99151878622919,2.25001945347409,3.39300528206246,"nb_glmm",-0.180899242869207,-0.195106098177126,-0.387486608022985
14,"recursive_multi_step",4,"inad_constrained_alpha",3.12273509728454,2.84499030421918,21.2263565,4.60720701727196,3.03195058771673,2.60942520424587,4.49421119980329,"nb_glmm",0.0907845095678104,0.235565099973304,0.112995817468672
14,"recursive_multi_step",4,"inad_unconstrained",3.01250297965588,2.29597422135553,12.9233245,3.59490257169788,3.03195058771673,2.60942520424587,4.49421119980329,"nb_glmm",-0.019447608060851,-0.313450982890341,-0.899308628105413
14,"rolling_one_step",1,"inad_constrained_alpha",3.11629134737063,2.80850282905899,22.3505026363636,4.72763182115144,3.35404250331532,3.68783221797508,6.16803889385074,"nb_glmm",-0.237751155944689,-0.879329388916085,-1.4404070726993
14,"rolling_one_step",1,"inad_unconstrained",3.12693666279814,2.86272680690969,23.2504920909091,4.82187640767669,3.35404250331532,3.68783221797508,6.16803889385074,"nb_glmm",-0.227105840517182,-0.825105411065387,-1.34616248617404
15,"recursive_multi_step",1,"inad_unconstrained",3.18689213367231,3.10149273431973,22.6793645,4.76228563822037,3.16554305868422,2.93203389787897,4.47303009436658,"nb_glmm",0.0213490749880925,0.169458836440762,0.289255543853795
15,"recursive_multi_step",1,"inad_constrained_alpha",3.24319473262716,2.96994190017744,21.302504,4.61546357368358,3.16554305868422,2.93203389787897,4.47303009436658,"nb_glmm",0.077651673942944,0.0379080022984755,0.142433479317004
15,"recursive_multi_step",2,"inad_unconstrained",2.0489445743488,0.890129270532258,1.6016845,1.2655767459937,2.00258196224811,0.779162988142164,0.99584382585138,"nb_glmm",0.0463626121006939,0.110966282390094,0.269732920142319
15,"recursive_multi_step",2,"inad_constrained_alpha",2.28063521878316,1.0054688816794,2.5997,1.61235852092517,2.00258196224811,0.779162988142164,0.99584382585138,"nb_glmm",0.278053256535058,0.226305893537232,0.61651469507379
15,"recursive_multi_step",3,"inad_unconstrained",2.28064297876026,1.8005884441594,13.382234,3.65817358800809,2.2379756689036,1.74611806368004,3.27873296450064,"nb_glmm",0.0426673098566588,0.0544703804793625,0.379440623507454
15,"recursive_multi_step",3,"inad_constrained_alpha",2.27428092438665,1.95531492796231,14.9995625,3.87292686478844,2.2379756689036,1.74611806368004,3.27873296450064,"nb_glmm",0.0363052554830516,0.209196864282274,0.594193900287799
15,"recursive_multi_step",4,"inad_unconstrained",2.51512885139712,1.88323163749235,14.042561,3.74734052362472,2.24675385060757,1.50936432867837,2.75032370205541,"nb_glmm",0.268375000789552,0.373867308813985,0.997016821569314
15,"recursive_multi_step",4,"inad_constrained_alpha",2.19100543612677,1.45024981872436,8.3384225,2.88763268093433,2.24675385060757,1.50936432867837,2.75032370205541,"nb_glmm",-0.0557484144808003,-0.0591145099540127,0.137308978878925
15,"rolling_one_step",1,"inad_unconstrained",2.37816964139452,1.64319657612615,9.00642781818182,3.00107111181688,2.30882977364625,1.46343344292164,2.65216384436928,"nb_glmm",0.0693398677482779,0.179763133204504,0.348907267447602
15,"rolling_one_step",1,"inad_constrained_alpha",2.44733771558692,1.64478405978708,8.83863536363636,2.97298425216757,2.30882977364625,1.46343344292164,2.65216384436928,"nb_glmm",0.138507941940677,0.181350616865435,0.320820407798289
16,"recursive_multi_step",1,"inad_unconstrained",2.81399857831116,2.45305600860216,15.6378925,3.95447752553988,3.12330865983886,2.6373138287465,4.00457443902447,"nb_glmm",-0.309310081527704,-0.184257820144338,-0.0500969134845941
16,"recursive_multi_step",1,"inad_constrained_alpha",2.89997337101869,2.49248512639696,16.267698,4.03332344351405,3.12330865983886,2.6373138287465,4.00457443902447,"nb_glmm",-0.223335288820171,-0.144828702349542,0.0287490044895726
16,"recursive_multi_step",2,"inad_unconstrained",2.44177061018842,2.21131459895556,17.9357125,4.23505755568918,2.46608175383938,2.15978567083367,3.87301115902672,"nb_glmm",-0.0243111436509631,0.0515289281218925,0.362046396662461
16,"recursive_multi_step",2,"inad_constrained_alpha",2.28828125582789,1.95821381917477,14.180589,3.7657122832208,2.46608175383938,2.15978567083367,3.87301115902672,"nb_glmm",-0.177800498011499,-0.201571851658903,-0.10729887580592
16,"recursive_multi_step",3,"inad_unconstrained",2.33391522883071,1.30058462063079,4.7254685,2.17381427449541,2.13378959889572,1.08416816756727,1.80491829462543,"nb_glmm",0.200125629934989,0.21641645306352,0.368895979869976
16,"recursive_multi_step",3,"inad_constrained_alpha",2.35978026905046,1.23209427535602,4.6079725,2.14661885298718,2.13378959889572,1.08416816756727,1.80491829462543,"nb_glmm",0.225990670154742,0.147926107788747,0.341700558361748
16,"recursive_multi_step",4,"inad_unconstrained",1.93965751660473,1.49375573842145,9.213489,3.03537295896237,2.32297203815079,1.60434202798479,2.77486982261523,"nb_glmm",-0.383314521546052,-0.110586289563346,0.260503136347145
16,"recursive_multi_step",4,"inad_constrained_alpha",1.74711048020479,1.12243303782264,5.1064065,2.25973593590048,2.32297203815079,1.60434202798479,2.77486982261523,"nb_glmm",-0.575861557945995,-0.481908990162158,-0.515133886714754
16,"rolling_one_step",1,"inad_unconstrained",2.64457830559266,1.9511081633928,13.8863335,3.72643710533265,2.58257427630884,1.87251767920609,3.45919758019352,"nb_glmm",0.0620040292838233,0.0785904841867093,0.267239525139131
16,"rolling_one_step",1,"inad_constrained_alpha",2.61468878456896,1.82764174622322,12.5423219090909,3.54151407015289,2.58257427630884,1.87251767920609,3.45919758019352,"nb_glmm",0.0321145082601273,-0.0448759329828659,0.0823164899593709
17,"recursive_multi_step",1,"inad_unconstrained",2.71975913595686,2.29568374118042,16.3800625,4.0472289903093,3.34190259640781,3.79804688295706,6.49225647469608,"nb_glmm",-0.622143460450955,-1.50236314177664,-2.44502748438679
17,"recursive_multi_step",1,"inad_constrained_alpha",2.73122194877611,1.82059513711545,9.909145,3.14787944495973,3.34190259640781,3.79804688295706,6.49225647469608,"nb_glmm",-0.610680647631702,-1.97745174584162,-3.34437702973635
17,"recursive_multi_step",2,"inad_unconstrained",3.28443806525165,3.62759005403305,31.0777085,5.57473842435679,4.04069401845904,5.1767033047796,7.58075594156145,"nb_glmm",-0.756255953207392,-1.54911325074655,-2.00601751720466
17,"recursive_multi_step",2,"inad_constrained_alpha",3.60575012702585,4.00073293675021,36.557386,6.04627042068083,4.04069401845904,5.1767033047796,7.58075594156145,"nb_glmm",-0.434943891433188,-1.17597036802939,-1.53448552088061
17,"recursive_multi_step",3,"inad_unconstrained",3.14657054633582,3.76219919311449,37.780097,6.14655163485999,3.68587540190819,4.68095132505334,7.26124483448667,"nb_glmm",-0.539304855572371,-0.918752131938851,-1.11469319962668
17,"recursive_multi_step",3,"inad_constrained_alpha",2.96368363299472,3.56461728084564,35.046016,5.91996756747873,3.68587540190819,4.68095132505334,7.26124483448667,"nb_glmm",-0.722191768913467,-1.1163340442077,-1.34127726700794
17,"recursive_multi_step",4,"inad_unconstrained",2.62976489387578,2.19246261517441,14.2238025,3.77144567772095,3.00719075670176,2.9728616856366,4.81305317718441,"nb_glmm",-0.377425862825985,-0.78039907046219,-1.04160749946347
17,"recursive_multi_step",4,"inad_constrained_alpha",2.85028129339958,2.5126290509277,19.194929,4.38120177576884,3.00719075670176,2.9728616856366,4.81305317718441,"nb_glmm",-0.156909463302181,-0.460232634708904,-0.431851401415578
17,"rolling_one_step",1,"inad_unconstrained",2.78428846211662,2.41686099539733,18.5318755,4.30486649038039,3.06720065773093,3.22930070596118,5.60970183423999,"nb_glmm",-0.282912195614308,-0.812439710563853,-1.3048353438596
17,"rolling_one_step",1,"inad_constrained_alpha",2.76274886057507,2.39884778816737,17.7874041818182,4.21751161015808,3.06720065773093,3.22930070596118,5.60970183423999,"nb_glmm",-0.304451797155859,-0.830452917793808,-1.39219022408191
18,"recursive_multi_step",1,"inad_constrained_alpha",2.04550964145378,0.745031077202931,0.4517465,0.672120896863057,1.98692295769239,0.742690327222205,0.838552063823163,"nb_glmm",0.0585866837613884,0.00234074998072586,-0.166431166960106
18,"recursive_multi_step",1,"inad_unconstrained",2.17252256573829,0.791454545748002,0.4846185,0.696145458938001,1.98692295769239,0.742690327222205,0.838552063823163,"nb_glmm",0.185599608045904,0.048764218525797,-0.142406604885162
18,"recursive_multi_step",2,"inad_constrained_alpha",2.26973751524378,1.99223767285047,14.6282245,3.82468619627807,2.18280192826279,1.661908625713,3.12864201756653,"nb_glmm",0.0869355869809909,0.330329047137474,0.696044178711536
18,"recursive_multi_step",2,"inad_unconstrained",2.34300692804713,1.79143985926514,12.34666,3.51378143884904,2.18280192826279,1.661908625713,3.12864201756653,"nb_glmm",0.160204999784342,0.129531233552142,0.385139421282503
18,"recursive_multi_step",3,"inad_constrained_alpha",2.49318441040547,2.20434621191678,17.221685,4.14990180606722,2.76337211287959,2.07561405266697,3.71591742974349,"nb_glmm",-0.270187702474125,0.128732159249811,0.433984376323732
18,"recursive_multi_step",3,"inad_unconstrained",2.61610855987266,2.06675894829434,15.0055425,3.87369881379541,2.76337211287959,2.07561405266697,3.71591742974349,"nb_glmm",-0.147263553006938,-0.00885510437263104,0.157781384051924
18,"recursive_multi_step",4,"inad_constrained_alpha",2.14875164620498,1.4177425290281,7.834216,2.79896695228793,2.24950603263529,1.5222315638446,2.75568034299807,"nb_glmm",-0.100754386430303,-0.104489034816496,0.0432866092898667
18,"recursive_multi_step",4,"inad_unconstrained",2.39222002129604,1.67120614541263,11.7018185,3.42079208663724,2.24950603263529,1.5222315638446,2.75568034299807,"nb_glmm",0.142713988660749,0.148974581568029,0.665111743639179
18,"rolling_one_step",1,"inad_constrained_alpha",2.30866674347014,1.43230222816957,7.10952604545455,2.66636945029277,2.30213660953351,1.46224243536299,2.71275805360331,"nb_glmm",0.00653013393662683,-0.0299402071934194,-0.0463886033105427
18,"rolling_one_step",1,"inad_unconstrained",2.36318219296552,1.47777811438735,7.86576172727273,2.80459653555957,2.30213660953351,1.46224243536299,2.71275805360331,"nb_glmm",0.0610455834320009,0.0155356790243555,0.091838481956259
19,"recursive_multi_step",1,"inad_unconstrained",1.94845615021319,0.766268387985739,1.41521,1.18962599164611,1.82480199232621,0.760252134283674,1.12156430702594,"nb_glmm",0.123654157886977,0.00601625370206504,0.0680616846201705
19,"recursive_multi_step",1,"inad_constrained_alpha",1.8925245791497,0.732397644978228,1.2273565,1.10786122777178,1.82480199232621,0.760252134283674,1.12156430702594,"nb_glmm",0.0677225868234919,-0.0278544893054452,-0.0137030792541617
19,"recursive_multi_step",2,"inad_unconstrained",2.12926180125072,1.72899298916074,10.8345725,3.29159118056906,2.59117107606907,1.89940811346595,3.24821195341672,"nb_glmm",-0.461909274818352,-0.170415124305215,0.0433792271523328
19,"recursive_multi_step",2,"inad_constrained_alpha",2.49430365469606,2.00697046443802,12.6559925,3.55752617699435,2.59117107606907,1.89940811346595,3.24821195341672,"nb_glmm",-0.0968674213730054,0.107562350972066,0.309314223577621
19,"recursive_multi_step",3,"inad_unconstrained",2.02822189546269,1.10991129607746,4.4838265,2.11750478157666,2.05012458635928,1.1910597275656,2.13900052940177,"nb_glmm",-0.0219026908965914,-0.0811484314881383,-0.0214957478251177
19,"recursive_multi_step",3,"inad_constrained_alpha",2.07391506105895,1.28536775339897,6.405617,2.53093204175853,2.05012458635928,1.1910597275656,2.13900052940177,"nb_glmm",0.0237904746996707,0.0943080258333673,0.391931512356757
19,"recursive_multi_step",4,"inad_unconstrained",2.1160557430214,2.61111020164365,25.25002,5.02493980063443,3.1306721166647,2.84186372519115,4.30750107218638,"nb_glmm",-1.0146163736433,-0.230753523547492,0.717438728448048
19,"recursive_multi_step",4,"inad_constrained_alpha",1.92306596634663,2.07052838036261,16.6593565,4.08158749753083,3.1306721166647,2.84186372519115,4.30750107218638,"nb_glmm",-1.20760615031807,-0.771335344828536,-0.225913574655551
19,"rolling_one_step",1,"inad_unconstrained",2.20206369369135,1.64082002716522,10.8132097727273,3.28834453376274,2.55051440551522,1.91873447860104,3.36667210487006,"nb_glmm",-0.348450711823871,-0.277914451435819,-0.0783275711073212
19,"rolling_one_step",1,"inad_constrained_alpha",2.22810979709053,1.69867572697633,11.6968721818182,3.42006903173287,2.55051440551522,1.91873447860104,3.36667210487006,"nb_glmm",-0.322404608424697,-0.220058751624715,0.0533969268628076
2,"recursive_multi_step",1,"inad_unconstrained",3.16780541537608,3.58944349818402,39.4783065,6.28317646576952,2.28189491764013,1.91493264476207,3.68354289360209,"nb_glmm",0.885910497735953,1.67451085342195,2.59963357216744
2,"recursive_multi_step",1,"inad_constrained_alpha",3.60898463086285,3.54948086203941,38.961442,6.24191012431291,2.28189491764013,1.91493264476207,3.68354289360209,"nb_glmm",1.32708971322272,1.63454821727734,2.55836723071082
2,"recursive_multi_step",2,"inad_unconstrained",2.53135168153514,2.32997378651433,22.8368565,4.7787923683709,2.04911034621287,1.05113065880146,1.91187877870077,"nb_glmm",0.482241335322271,1.27884312771287,2.86691358967014
2,"recursive_multi_step",2,"inad_constrained_alpha",2.41458529168137,2.12736625694669,17.220321,4.14973746157513,2.04911034621287,1.05113065880146,1.91187877870077,"nb_glmm",0.365474945468499,1.07623559814523,2.23785868287436
2,"recursive_multi_step",3,"inad_unconstrained",2.15759726203624,1.00237144708393,1.9028525,1.37943919764519,2.15586561045123,1.1011791012351,1.7714002954688,"nb_glmm",0.00173165158501565,-0.0988076541511689,-0.391961097823616
2,"recursive_multi_step",3,"inad_constrained_alpha",2.37046904395435,1.20861708097388,3.287853,1.81324377842584,2.15586561045123,1.1011791012351,1.7714002954688,"nb_glmm",0.214603433503118,0.107437979738779,0.0418434829570311
2,"recursive_multi_step",4,"inad_unconstrained",2.23503744876801,2.03089135277988,18.791081,4.33486804874151,2.12090482822262,1.54796461801031,2.8939246191416,"nb_glmm",0.1141326205454,0.482926734769575,1.44094342959991
2,"recursive_multi_step",4,"inad_constrained_alpha",1.97949287340196,1.36324123089804,9.349405,3.05767967583264,2.12090482822262,1.54796461801031,2.8939246191416,"nb_glmm",-0.141411954820654,-0.184723387112263,0.163755056691041
2,"rolling_one_step",1,"inad_unconstrained",2.67503824726129,2.13597381119285,16.3875551818182,4.04815454025883,2.58571982995204,1.99859457039017,3.88828378484257,"nb_glmm",0.0893184173092552,0.137379240802683,0.159870755416265
2,"rolling_one_step",1,"inad_constrained_alpha",2.69678071205363,2.19812819680088,17.1628948181818,4.14281242855404,2.58571982995204,1.99859457039017,3.88828378484257,"nb_glmm",0.111060882101594,0.199533626410711,0.254528643711474
20,"recursive_multi_step",1,"inad_unconstrained",2.86850642159479,2.37573087401257,13.2923845,3.64587225503034,2.90415269703359,2.30668494792339,3.48761414216446,"nb_glmm",-0.0356462754388041,0.0690459260891778,0.158258112865883
20,"recursive_multi_step",1,"inad_constrained_alpha",2.54681642161541,2.2806284064662,13.0872125,3.61762525698835,2.90415269703359,2.30668494792339,3.48761414216446,"nb_glmm",-0.357336275418179,-0.0260565414571916,0.130011114823891
20,"recursive_multi_step",2,"inad_unconstrained",3.57345385447839,4.28453281294023,42.005825,6.48119009133354,3.70135303253774,4.21128078290042,6.22162119365314,"nb_glmm",-0.127899178059349,0.073252030039817,0.259568897680391
20,"recursive_multi_step",2,"inad_constrained_alpha",3.93793244166658,4.47537627868666,43.9621645,6.63039700922954,3.70135303253774,4.21128078290042,6.22162119365314,"nb_glmm",0.236579409128845,0.264095495786242,0.408775815576393
20,"recursive_multi_step",3,"inad_unconstrained",2.27231720240574,1.63643244323423,10.788905,3.28464686077514,2.3077665963352,1.61110195068636,3.00316568450382,"nb_glmm",-0.035449393929456,0.0253304925478703,0.28148117627132
20,"recursive_multi_step",3,"inad_constrained_alpha",2.3510316533995,1.75572280622912,11.419369,3.3792556872779,2.3077665963352,1.61110195068636,3.00316568450382,"nb_glmm",0.0432650570643034,0.144620855542758,0.376090002774073
20,"recursive_multi_step",4,"inad_unconstrained",2.65176885297457,2.66879169542453,20.9548125,4.57764267937112,3.05344619154791,2.53033550459896,3.9007787979434,"nb_glmm",-0.401677338573339,0.138456190825576,0.676863881427719
20,"recursive_multi_step",4,"inad_constrained_alpha",2.81031241746969,2.71721095113359,19.08386,4.36850775437105,3.05344619154791,2.53033550459896,3.9007787979434,"nb_glmm",-0.24313377407822,0.186875446534638,0.46772895642765
20,"rolling_one_step",1,"inad_unconstrained",2.43451718425407,1.68014259909126,8.38123763636364,2.89503672452762,2.46840894324713,1.70222316075807,2.97672619477906,"nb_glmm",-0.0338917589930632,-0.0220805616668145,-0.0816894702514359
20,"rolling_one_step",1,"inad_constrained_alpha",2.46425746584473,1.75666206722959,9.37336245454545,3.06159475674777,2.46840894324713,1.70222316075807,2.97672619477906,"nb_glmm",-0.00415147740240451,0.0544389064715132,0.0848685619687126
21,"recursive_multi_step",1,"inad_unconstrained",2.39347808181156,1.82908532528882,11.9656,3.45913283931103,2.50560221459712,1.78072201219868,3.16990482873023,"nb_glmm",-0.11212413278556,0.0483633130901335,0.289228010580802
21,"recursive_multi_step",1,"inad_constrained_alpha",2.36417800405591,1.90721759608976,12.268624,3.50265956096221,2.50560221459712,1.78072201219868,3.16990482873023,"nb_glmm",-0.141424210541211,0.126495583891083,0.332754732231982
21,"recursive_multi_step",2,"inad_unconstrained",2.52431165456633,1.52118176798637,6.3725285,2.52438675721451,2.20655171786755,1.20062987493359,1.93755958631151,"nb_glmm",0.317759936698788,0.320551893052783,0.586827170903004
21,"recursive_multi_step",2,"inad_constrained_alpha",2.2889667702779,1.36593389883916,5.04157,2.24534407162911,2.20655171786755,1.20062987493359,1.93755958631151,"nb_glmm",0.0824150524103531,0.16530402390558,0.307784485317603
21,"recursive_multi_step",3,"inad_unconstrained",2.4550981688158,1.66910258308924,7.590145,2.75502177849831,2.4887399245795,1.66238727588787,2.75656834183605,"nb_glmm",-0.0336417557636977,0.00671530720136548,-0.00154656333774206
21,"recursive_multi_step",3,"inad_constrained_alpha",2.57772000115967,1.70198208486464,8.0493965,2.83714583692837,2.4887399245795,1.66238727588787,2.75656834183605,"nb_glmm",0.0889800765801674,0.0395948089767684,0.080577495092319
21,"recursive_multi_step",4,"inad_unconstrained",2.38269807497811,1.73988917944773,12.0888725,3.47690559262112,2.24337950049576,1.49831129757208,2.71784539590991,"nb_glmm",0.139318574482348,0.24157788187565,0.759060196711206
21,"recursive_multi_step",4,"inad_constrained_alpha",2.26081953056578,1.50870489795466,8.550125,2.92405967791357,2.24337950049576,1.49831129757208,2.71784539590991,"nb_glmm",0.017440030070023,0.0103936003825824,0.206214282003657
21,"rolling_one_step",1,"inad_unconstrained",2.77957533163252,2.35153053703362,18.541318,4.30596307462105,2.65076686615377,2.09422697095121,3.84645953027524,"nb_glmm",0.12880846547875,0.257303566082411,0.459503544345818
21,"rolling_one_step",1,"inad_constrained_alpha",2.84423574705859,2.30580479979092,17.8635753181818,4.22653230416873,2.65076686615377,2.09422697095121,3.84645953027524,"nb_glmm",0.193468880904811,0.211577828839717,0.380072773893492
22,"recursive_multi_step",1,"inad_constrained_alpha",3.02117735968705,2.01239007742625,8.3631925,2.89191848087044,2.85481663199148,1.79671298723424,2.62759402390471,"nb_glmm",0.166360727695572,0.215677090192011,0.264324456965727
22,"recursive_multi_step",1,"inad_unconstrained",2.96472892964858,1.93803437401183,7.4716465,2.7334312685707,2.85481663199148,1.79671298723424,2.62759402390471,"nb_glmm",0.109912297657106,0.141321386777585,0.105837244665981
22,"recursive_multi_step",2,"inad_constrained_alpha",2.71389874433096,2.49841074222986,20.4655285,4.52388422707743,2.61508116597538,2.09782546656454,3.75966714282617,"nb_glmm",0.0988175783555758,0.400585275665319,0.764217084251264
22,"recursive_multi_step",2,"inad_unconstrained",2.98116303557019,2.77910071979402,24.8984485,4.9898345162941,2.61508116597538,2.09782546656454,3.75966714282617,"nb_glmm",0.366081869594812,0.681275253229475,1.23016737346793
22,"recursive_multi_step",3,"inad_constrained_alpha",2.24610240405454,1.59151310976682,11.1016025,3.33190673638984,2.0283588637108,1.20973533701757,2.40347348856298,"nb_glmm",0.217743540343732,0.381777772749246,0.928433247826857
22,"recursive_multi_step",3,"inad_unconstrained",2.26809730036291,1.50898375589891,9.308672,3.05101163550715,2.0283588637108,1.20973533701757,2.40347348856298,"nb_glmm",0.239738436652107,0.299248418881333,0.647538146944163
22,"recursive_multi_step",4,"inad_constrained_alpha",2.7312783383155,2.39781172218071,16.9396625,4.11578212494296,2.86862574876131,2.21560998690113,3.633985520008,"nb_glmm",-0.137347410445804,0.182201735279576,0.481796604934966
22,"recursive_multi_step",4,"inad_unconstrained",2.82044333314103,2.63063537370865,22.029188,4.69352617975015,2.86862574876131,2.21560998690113,3.633985520008,"nb_glmm",-0.0481824156202721,0.415025386807521,1.05954065974215
22,"rolling_one_step",1,"inad_constrained_alpha",2.62772360484811,2.03558555839897,14.4475337272727,3.80099115064383,2.53473480175017,1.91802937180112,3.42283125174872,"nb_glmm",0.0929888030979433,0.117556186597846,0.378159898895115
22,"rolling_one_step",1,"inad_unconstrained",2.64299399517304,2.0459200661104,14.1747839545455,3.76494142777088,2.53473480175017,1.91802937180112,3.42283125174872,"nb_glmm",0.108259193422878,0.127890694309281,0.342110176022165
23,"recursive_multi_step",1,"inad_unconstrained",2.03666188166409,1.11607530923854,4.382285,2.09339079008197,2.12442224153479,1.15951192518307,2.04229249774835,"nb_glmm",-0.0877603598707024,-0.043436615944533,0.0510982923336134
23,"recursive_multi_step",1,"inad_constrained_alpha",2.21310188094099,1.14668636579997,4.3534145,2.08648376461452,2.12442224153479,1.15951192518307,2.04229249774835,"nb_glmm",0.0886796394061991,-0.0128255593831048,0.0441912668661715
23,"recursive_multi_step",2,"inad_unconstrained",2.33581280949115,1.00678372743135,1.3303945,1.15342728422732,2.14198204552011,0.823826645758676,0.763576031179308,"nb_glmm",0.193830763971036,0.182957081672669,0.389851253048007
23,"recursive_multi_step",2,"inad_constrained_alpha",2.24324771071408,0.903709042027029,0.521905000000001,0.722429927397807,2.14198204552011,0.823826645758676,0.763576031179308,"nb_glmm",0.101265665193968,0.0798823962683531,-0.0411461037815011
23,"recursive_multi_step",3,"inad_unconstrained",2.34254240363947,1.05341015563063,2.01973,1.42117205151241,2.1267295421771,0.904414562599694,1.23295078156936,"nb_glmm",0.215812861462374,0.148995593030933,0.188221269943049
23,"recursive_multi_step",3,"inad_constrained_alpha",2.43706010481896,1.14958526488374,2.5433225,1.59477976535947,2.1267295421771,0.904414562599694,1.23295078156936,"nb_glmm",0.310330562641862,0.245170702284049,0.361828983790103
23,"recursive_multi_step",4,"inad_unconstrained",2.34992610678113,1.42003761010491,7.540685,2.74603077185963,2.05177078456144,1.12084550046394,2.02105669000135,"nb_glmm",0.298155322219688,0.299192109640975,0.724974081858283
23,"recursive_multi_step",4,"inad_constrained_alpha",2.2537817940879,1.26711635651788,5.393105,2.32230596606046,2.05177078456144,1.12084550046394,2.02105669000135,"nb_glmm",0.202011009526455,0.146270856053939,0.301249276059111
23,"rolling_one_step",1,"inad_unconstrained",2.33419181654029,1.56133349687238,10.474185,3.23638455687825,2.3399496902425,1.51701039156848,2.90925007016069,"nb_glmm",-0.00575787370220704,0.0443231053038986,0.327134486717551
23,"rolling_one_step",1,"inad_constrained_alpha",2.27594480681148,1.55538828524737,10.4769897272727,3.23681783968031,2.3399496902425,1.51701039156848,2.90925007016069,"nb_glmm",-0.0640048834310232,0.0383778936788883,0.327567769519618
24,"recursive_multi_step",1,"inad_unconstrained",2.60111009862934,1.64717660377466,5.625677,2.37185096496386,2.72843846146402,1.83555005458424,2.84475025566245,"nb_glmm",-0.127328362834676,-0.18837345080959,-0.472899290698588
24,"recursive_multi_step",1,"inad_constrained_alpha",2.51974700202265,1.48934045892967,4.734985,2.17600206801372,2.72843846146402,1.83555005458424,2.84475025566245,"nb_glmm",-0.20869145944136,-0.346209595654575,-0.668748187648726
24,"recursive_multi_step",2,"inad_unconstrained",2.59518685384552,1.86345685880388,8.1156965,2.84880615346148,2.85798397536826,2.09037944882608,3.32091891232907,"nb_glmm",-0.262797121522734,-0.226922590022201,-0.472112758867588
24,"recursive_multi_step",2,"inad_constrained_alpha",2.7232914683585,1.82205661719458,7.5662005,2.75067273589571,2.85798397536826,2.09037944882608,3.32091891232907,"nb_glmm",-0.134692507009757,-0.268322831631493,-0.570246176433357
24,"recursive_multi_step",3,"inad_unconstrained",2.77801293265534,3.30474631859115,30.525625,5.525,3.30437136664294,3.76173601606243,5.9114481371983,"nb_glmm",-0.526358433987606,-0.456989697471279,-0.386448137198305
24,"recursive_multi_step",3,"inad_constrained_alpha",3.11770411755444,3.24317730906005,27.562933,5.25004123793328,3.30437136664294,3.76173601606243,5.9114481371983,"nb_glmm",-0.186667249088508,-0.518558707002386,-0.661406899265025
24,"recursive_multi_step",4,"inad_unconstrained",3.58455936487129,4.6385739664363,62.1008525,7.88040941195316,4.18825095334701,5.46470346539055,8.81880892281424,"nb_glmm",-0.603691588475722,-0.826129498954253,-0.938399510861076
24,"recursive_multi_step",4,"inad_constrained_alpha",3.82456770197842,5.49339038075101,78.044525,8.83428123844832,4.18825095334701,5.46470346539055,8.81880892281424,"nb_glmm",-0.363683251368589,0.0286869153604599,0.0154723156340832
24,"rolling_one_step",1,"inad_unconstrained",2.86839384467471,2.50784606568678,18.1301662272727,4.25795329087494,2.89805346630819,2.55123368393143,4.57529637652298,"nb_glmm",-0.0296596216334772,-0.043387618244656,-0.317343085648042
24,"rolling_one_step",1,"inad_constrained_alpha",3.05333769807582,2.72080912175293,20.8017055,4.56088867437038,2.89805346630819,2.55123368393143,4.57529637652298,"nb_glmm",0.155284231767632,0.169575437821495,-0.0144077021526012
25,"recursive_multi_step",1,"inad_unconstrained",3.00902353402077,2.51915564848943,15.379425,3.92166100013757,3.72941563719303,4.09852128688409,6.0349681829863,"nb_glmm",-0.720392103172256,-1.57936563839466,-2.11330718284873
25,"recursive_multi_step",1,"inad_constrained_alpha",2.89299015554148,2.08860914801373,10.7143825,3.27328313776856,3.72941563719303,4.09852128688409,6.0349681829863,"nb_glmm",-0.836425481651545,-2.00991213887036,-2.76168504521774
25,"recursive_multi_step",2,"inad_unconstrained",4.55580391756315,6.98362964202235,90.245493,9.49976278651209,5.9665915917163,10.0983365903744,12.243075871907,"nb_glmm",-1.41078767415314,-3.114706948352,-2.74331308539495
25,"recursive_multi_step",2,"inad_constrained_alpha",4.98470058927132,8.33036134678928,112.1740325,10.5912243154415,5.9665915917163,10.0983365903744,12.243075871907,"nb_glmm",-0.981891002444982,-1.76797524358507,-1.65185155646551
25,"recursive_multi_step",3,"inad_unconstrained",2.65271638639875,1.48260615670977,3.0398465,1.74351555771665,2.85962588579333,2.03940157785694,3.0365889506104,"nb_glmm",-0.206909499394582,-0.556795421147174,-1.29307339289375
25,"recursive_multi_step",3,"inad_constrained_alpha",2.61422506534721,1.57735953673194,4.501873,2.12176176796548,2.85962588579333,2.03940157785694,3.0365889506104,"nb_glmm",-0.245400820446124,-0.462042041125008,-0.914827182644923
25,"recursive_multi_step",4,"inad_unconstrained",3.92392989874624,3.78991271208581,28.8026245,5.36680766377928,4.26466500248097,4.51211041039841,6.23962870054783,"nb_glmm",-0.340735103734733,-0.722197698312605,-0.872821036768551
25,"recursive_multi_step",4,"inad_constrained_alpha",4.13200228087473,4.99744418621917,43.473697,6.59345865233111,4.26466500248097,4.51211041039841,6.23962870054783,"nb_glmm",-0.132662721606245,0.485333775820755,0.353829951783283
25,"rolling_one_step",1,"inad_unconstrained",3.5775592010719,4.22542874031041,45.4357455,6.74060423849376,4.2663124484005,6.07169732161668,8.84699986950478,"nb_glmm",-0.688753247328606,-1.84626858130627,-2.10639563101102
25,"rolling_one_step",1,"inad_constrained_alpha",3.59838098099334,4.30063772386706,46.0022656363636,6.7824970059974,4.2663124484005,6.07169732161668,8.84699986950478,"nb_glmm",-0.667931467407164,-1.77105959774962,-2.06450286350738
26,"recursive_multi_step",1,"inad_unconstrained",2.36537205226873,1.87284094244631,11.7757625,3.43158308947926,2.16616005582723,1.64575562858868,2.98413889734678,"nb_glmm",0.199211996441497,0.227085313857631,0.447444192132477
26,"recursive_multi_step",1,"inad_constrained_alpha",2.3542872681042,2.02821393751019,13.7396,3.70669664256464,2.16616005582723,1.64575562858868,2.98413889734678,"nb_glmm",0.188127212276968,0.382458308921518,0.722557745217864
26,"recursive_multi_step",2,"inad_unconstrained",2.63703433782067,1.84814464148287,9.8864725,3.1442761488139,2.62787936499871,1.99207991987191,3.27789316306043,"nb_glmm",0.00915497282195954,-0.143935278389034,-0.133617014246529
26,"recursive_multi_step",2,"inad_constrained_alpha",2.56668785171809,1.77503714945909,9.02513,3.00418541371867,2.62787936499871,1.99207991987191,3.27789316306043,"nb_glmm",-0.0611915132806198,-0.217042770412815,-0.273707749341767
26,"recursive_multi_step",3,"inad_unconstrained",2.49797701435317,1.24891558290334,1.57824,1.25628022351703,2.37853273020873,1.17644951808814,1.64794736971205,"nb_glmm",0.119444284144441,0.0724660648151971,-0.391667146195023
26,"recursive_multi_step",3,"inad_constrained_alpha",2.56960310647661,1.14902125420913,1.012133,1.00604820958044,2.37853273020873,1.17644951808814,1.64794736971205,"nb_glmm",0.191070376267887,-0.0274282638790144,-0.641899160131618
26,"recursive_multi_step",4,"inad_unconstrained",2.43018114310581,1.64944965475473,9.289757,3.04791026770802,2.20837654904293,1.33743221044545,2.2848729367497,"nb_glmm",0.221804594062883,0.312017444309281,0.76303733095832
26,"recursive_multi_step",4,"inad_constrained_alpha",2.51822069347634,1.52213830602441,6.3745625,2.52478959519402,2.20837654904293,1.33743221044545,2.2848729367497,"nb_glmm",0.309844144433408,0.184706095578959,0.23991665844432
26,"rolling_one_step",1,"inad_unconstrained",2.57729749476667,1.78191373167451,9.39723022727273,3.06549020994567,2.4689441738412,1.61908097045244,2.69753452314163,"nb_glmm",0.108353320925469,0.16283276122207,0.367955686804036
26,"rolling_one_step",1,"inad_constrained_alpha",2.44978416019046,1.65521481708804,7.85866763636364,2.80333152451929,2.4689441738412,1.61908097045244,2.69753452314163,"nb_glmm",-0.019160013650743,0.0361338466355927,0.105797001377657
27,"recursive_multi_step",1,"inad_constrained_alpha",2.14564004105564,2.00235092234118,13.062517,3.61421042552865,2.37370630059888,1.88862839050892,3.16235353789917,"nb_glmm",-0.228066259543246,0.113722531832264,0.45185688762948
27,"recursive_multi_step",1,"inad_unconstrained",2.12575921841402,1.97598400500248,13.473434,3.67061765919579,2.37370630059888,1.88862839050892,3.16235353789917,"nb_glmm",-0.247947082184866,0.0873556144935619,0.50826412129662
27,"recursive_multi_step",2,"inad_constrained_alpha",2.54820694178392,2.61253147059572,19.787674,4.44833384538526,3.06082033683352,2.86603308556888,4.60273524852633,"nb_glmm",-0.512613395049602,-0.253501614973168,-0.154401403141069
27,"recursive_multi_step",2,"inad_unconstrained",2.62667061581743,2.69900584594223,22.6960925,4.76404161400801,3.06082033683352,2.86603308556888,4.60273524852633,"nb_glmm",-0.43414972101609,-0.167027239626659,0.161306365481678
27,"recursive_multi_step",3,"inad_constrained_alpha",2.39221057737972,1.21192330577594,3.7709225,1.94188632520032,2.12764224097499,1.06802674990209,1.75482044758183,"nb_glmm",0.264568336404722,0.143896555873859,0.187065877618486
27,"recursive_multi_step",3,"inad_unconstrained",2.26087800199099,1.15029864772658,3.489428,1.8680010706635,2.12764224097499,1.06802674990209,1.75482044758183,"nb_glmm",0.133235761015995,0.0822718978244956,0.113180623081672
27,"recursive_multi_step",4,"inad_constrained_alpha",3.37036607907906,3.44608193091255,27.604377,5.2539867719666,3.39398684417092,3.02495887256422,4.77049831874403,"nb_glmm",-0.0236207650918629,0.421123058348331,0.483488453222571
27,"recursive_multi_step",4,"inad_unconstrained",3.41026883943184,3.23988554368547,25.193053,5.01926817374804,3.39398684417092,3.02495887256422,4.77049831874403,"nb_glmm",0.0162819952609228,0.214926671121244,0.248769855004014
27,"rolling_one_step",1,"inad_constrained_alpha",2.72168002190719,2.24293636790119,16.3050040454545,4.03794552284383,2.61361346331265,2.10968684004277,3.81323367639705,"nb_glmm",0.108066558594548,0.133249527858416,0.224711846446787
27,"rolling_one_step",1,"inad_unconstrained",2.64872397629449,2.17101218722215,15.9560543636364,3.99450301835364,2.61361346331265,2.10968684004277,3.81323367639705,"nb_glmm",0.0351105129818392,0.0613253471793769,0.181269341956598
28,"recursive_multi_step",1,"inad_unconstrained",4.25405637196476,4.96786786520127,62.3713625,7.89755421000705,3.97210672505988,5.10034734526675,7.85891954527629,"nb_glmm",0.281949646904882,-0.132479480065486,0.0386346647307585
28,"recursive_multi_step",1,"inad_constrained_alpha",3.25575790462042,4.7739896034986,59.24729,7.69722612374094,3.97210672505988,5.10034734526675,7.85891954527629,"nb_glmm",-0.716348820439461,-0.326357741768152,-0.161693421535346
28,"recursive_multi_step",2,"inad_unconstrained",4.40015621578172,8.72348919348706,188.4507565,13.7277367581113,4.36345572688574,9.07035389378177,13.9098010200333,"nb_glmm",0.0367004888959785,-0.346864700294708,-0.18206426192204
28,"recursive_multi_step",2,"inad_constrained_alpha",4.37554345920158,9.00816490119999,194.1725545,13.9345812459507,4.36345572688574,9.07035389378177,13.9098010200333,"nb_glmm",0.0120877323158393,-0.0621889925817793,0.0247802259173326
28,"recursive_multi_step",3,"inad_unconstrained",2.53245967101756,2.02441435890139,10.1022805,3.17840848539013,2.84437050932531,2.20608118943676,3.41941185120285,"nb_glmm",-0.311910838307746,-0.181666830535363,-0.24100336581272
28,"recursive_multi_step",3,"inad_constrained_alpha",2.44122399558835,1.8563325506178,8.8426985,2.97366751672072,2.84437050932531,2.20608118943676,3.41941185120285,"nb_glmm",-0.403146513736953,-0.349748638818951,-0.445744334482129
28,"recursive_multi_step",4,"inad_unconstrained",2.14518904846787,1.48957488829507,6.1737925,2.48471175390628,2.53964020676264,1.66994973387747,2.69280425538308,"nb_glmm",-0.394451158294775,-0.180374845582406,-0.208092501476803
28,"recursive_multi_step",4,"inad_constrained_alpha",2.12821455910741,1.37417094354673,4.4800565,2.11661439568004,2.53964020676264,1.66994973387747,2.69280425538308,"nb_glmm",-0.41142564765523,-0.295778790330741,-0.576189859703034
28,"rolling_one_step",1,"inad_unconstrained",3.09758114082927,3.76826136688716,46.434217,6.81426569778432,3.17110173938205,3.70353451152351,6.93463604305038,"nb_glmm",-0.0735205985527787,0.0647268553636464,-0.120370345266057
28,"rolling_one_step",1,"inad_constrained_alpha",3.1796958027069,3.88388256454222,50.0332370909091,7.07341763866019,3.17110173938205,3.70353451152351,6.93463604305038,"nb_glmm",0.0085940633248569,0.180348053018708,0.138781595609815
29,"recursive_multi_step",1,"inad_unconstrained",2.15650539998957,1.20229194273773,5.5663085,2.3593025452451,2.04702265346387,1.00835316522705,1.85652048040464,"nb_glmm",0.1094827465257,0.193938777510679,0.502782064840457
29,"recursive_multi_step",1,"inad_constrained_alpha",2.27867615827461,1.34065062748173,7.20477,2.68417026285592,2.04702265346387,1.00835316522705,1.85652048040464,"nb_glmm",0.231653504810741,0.332297462254683,0.827649782451275
29,"recursive_multi_step",2,"inad_unconstrained",2.44219725519622,1.14734621595485,0.485,0.696419413859206,2.37697937123864,1.14684621593372,1.5237348044475,"nb_glmm",0.0652178839575792,0.000500000021126823,-0.827315390588291
29,"recursive_multi_step",2,"inad_constrained_alpha",2.43147635492749,1.06048911916927,0.2165665,0.465367059427287,2.37697937123864,1.14684621593372,1.5237348044475,"nb_glmm",0.054496983688852,-0.0863570967644487,-1.05836774502021
29,"recursive_multi_step",3,"inad_unconstrained",2.40802461759009,1.52182516576362,8.908249,2.98466899337263,2.09692775112655,1.20982015972122,2.28207353491013,"nb_glmm",0.311096866463539,0.312005006042403,0.702595458462497
29,"recursive_multi_step",3,"inad_constrained_alpha",2.3790793990435,1.69248308571611,11.275272,3.35786718022021,2.09692775112655,1.20982015972122,2.28207353491013,"nb_glmm",0.282151647916957,0.482662925994892,1.07579364531007
29,"recursive_multi_step",4,"inad_unconstrained",2.18113687723644,1.52399205361023,5.303321,2.30289404880034,2.61839020470559,1.84755480779869,2.90933891341931,"nb_glmm",-0.437253327469147,-0.323562754188462,-0.606444864618974
29,"recursive_multi_step",4,"inad_constrained_alpha",2.1624434543934,1.52396164033506,5.741984,2.39624372716967,2.61839020470559,1.84755480779869,2.90933891341931,"nb_glmm",-0.45594675031219,-0.32359316746363,-0.513095186249637
29,"rolling_one_step",1,"inad_unconstrained",2.45683231644481,1.53574872015247,6.74337640909091,2.5968011878253,2.39585504237486,1.45578353839982,2.50668278989789,"nb_glmm",0.0609772740699466,0.0799651817526486,0.0901183979274163
29,"rolling_one_step",1,"inad_constrained_alpha",2.55123870673008,1.61748744870865,7.66899231818182,2.76929455244144,2.39585504237486,1.45578353839982,2.50668278989789,"nb_glmm",0.155383664355216,0.161703910308824,0.262611762543549
3,"recursive_multi_step",1,"inad_unconstrained",2.33590328995162,1.70712048961224,11.515024,3.393379436491,2.43782727661135,1.78520740990264,3.35246583839422,"nb_glmm",-0.101923986659732,-0.0780869202904024,0.0409135980967834
3,"recursive_multi_step",1,"inad_constrained_alpha",2.4968262768075,1.7575229587764,11.7988685,3.43494810732273,2.43782727661135,1.78520740990264,3.35246583839422,"nb_glmm",0.0589990001961525,-0.027684451126246,0.082482268928509
3,"recursive_multi_step",2,"inad_unconstrained",2.52075671277188,1.76273483352787,9.001672,3.00027865372535,2.3327074508249,1.43005561466327,2.45894869343954,"nb_glmm",0.188049261946976,0.332679218864604,0.541329960285809
3,"recursive_multi_step",2,"inad_constrained_alpha",2.47977895063702,1.55891353253085,7.216505,2.68635533762754,2.3327074508249,1.43005561466327,2.45894869343954,"nb_glmm",0.14707149981212,0.128857917867581,0.227406644188004
3,"recursive_multi_step",3,"inad_unconstrained",2.50734815267615,1.09825161749268,1.1506865,1.07270056399724,2.14714354826795,0.960269777041349,1.41120136969537,"nb_glmm",0.3602046044082,0.137981840451326,-0.338500805698133
3,"recursive_multi_step",3,"inad_constrained_alpha",2.37439665714119,1.02907904824813,0.874256,0.93501657739315,2.14714354826795,0.960269777041349,1.41120136969537,"nb_glmm",0.227253108873239,0.0688092712067836,-0.476184792302225
3,"recursive_multi_step",4,"inad_unconstrained",2.0452563085645,1.15393167965398,6.2122365,2.49243585674737,1.96536776640776,1.19244049824974,2.16515386276501,"nb_glmm",0.0798885421567392,-0.0385088185957583,0.327281993982362
3,"recursive_multi_step",4,"inad_constrained_alpha",1.95624364500756,0.881595222173205,2.810314,1.67639911715558,1.96536776640776,1.19244049824974,2.16515386276501,"nb_glmm",-0.0091241214002038,-0.310845276076534,-0.488754745609431
3,"rolling_one_step",1,"inad_unconstrained",2.21864744601891,1.40278866924097,7.15688009090909,2.6752345861455,2.27072217183188,1.44535590602437,2.63253701963897,"nb_glmm",-0.052074725812973,-0.0425672367833991,0.0426975665065332
3,"rolling_one_step",1,"inad_constrained_alpha",2.1607962132334,1.31275823733251,6.20569186363636,2.49112261112061,2.27072217183188,1.44535590602437,2.63253701963897,"nb_glmm",-0.109925958598485,-0.132597668691864,-0.141414408518358
30,"recursive_multi_step",1,"inad_unconstrained",2.17983160428342,0.817331284233016,0.028125,0.167705098312484,2.01497815381066,0.716898314923408,0.485529595096115,"nb_glmm",0.164853450472767,0.100432969309608,-0.317824496783631
30,"recursive_multi_step",1,"inad_constrained_alpha",2.09256299793682,0.81528760153991,0.245033,0.495008080742123,2.01497815381066,0.716898314923408,0.485529595096115,"nb_glmm",0.0775848441261595,0.0983892866165015,0.00947848564600712
30,"recursive_multi_step",2,"inad_unconstrained",2.89942919064618,2.86082557341559,25.3975325,5.03959646201955,3.20486895171855,3.38706028418564,5.79603575079463,"nb_glmm",-0.305439761072372,-0.526234710770046,-0.756439288775078
30,"recursive_multi_step",2,"inad_constrained_alpha",3.05249642119928,3.02211778500139,27.4658885,5.2407908277282,3.20486895171855,3.38706028418564,5.79603575079463,"nb_glmm",-0.152372530519268,-0.364942499184246,-0.555244923066433
30,"recursive_multi_step",3,"inad_unconstrained",3.05701846413429,3.3862430238543,34.2424825,5.85170765674431,3.39499941079983,3.76701062331941,6.37288256290718,"nb_glmm",-0.337980946665543,-0.380767599465108,-0.521174906162873
30,"recursive_multi_step",3,"inad_constrained_alpha",3.08902285912617,3.07504031458937,29.596858,5.44029944028819,3.39499941079983,3.76701062331941,6.37288256290718,"nb_glmm",-0.305976551673661,-0.691970308730041,-0.932583122618994
30,"recursive_multi_step",4,"inad_unconstrained",2.3299065702188,0.986804500866092,1.017274,1.00860001982947,1.95859322858588,0.670585594461046,0.405610045813589,"nb_glmm",0.371313341632922,0.316218906405046,0.602989974015878
30,"recursive_multi_step",4,"inad_constrained_alpha",2.43690483075831,0.9760276085114,0.19477,0.441327542761609,1.95859322858588,0.670585594461046,0.405610045813589,"nb_glmm",0.478311602172429,0.305442014050354,0.0357174969480204
30,"rolling_one_step",1,"inad_unconstrained",2.64359498094306,2.19736222445763,21.9105751363636,4.68087333051896,2.64601554567589,2.3339245188438,4.94783759109871,"nb_glmm",-0.00242056473283148,-0.136562294386172,-0.266964260579751
30,"rolling_one_step",1,"inad_constrained_alpha",2.49523818737552,2.01437359312257,19.0289070454545,4.36221354881378,2.64601554567589,2.3339245188438,4.94783759109871,"nb_glmm",-0.15077735830037,-0.31955092572123,-0.585624042284925
31,"recursive_multi_step",1,"inad_constrained_alpha",2.71335704320589,1.83742163663433,8.6643485,2.94352654141253,2.59326127796513,1.60964448285909,2.52062874004792,"nb_glmm",0.120095765240759,0.227777153775243,0.422897801364611
31,"recursive_multi_step",1,"inad_unconstrained",2.73994583271868,1.79681020517642,8.407825,2.89962497575117,2.59326127796513,1.60964448285909,2.52062874004792,"nb_glmm",0.146684554753549,0.187165722317335,0.378996235703257
31,"recursive_multi_step",2,"inad_constrained_alpha",2.35507642177389,1.02424537935688,0.4646525,0.681654237865503,2.27278185351863,0.944666662270884,0.867841904925045,"nb_glmm",0.0822945682552563,0.0795787170859947,-0.186187667059542
31,"recursive_multi_step",2,"inad_unconstrained",2.42549771816984,1.12052101395934,0.864121000000001,0.92958108844791,2.27278185351863,0.944666662270884,0.867841904925045,"nb_glmm",0.152715864651208,0.175854351688456,0.0617391835228646
31,"recursive_multi_step",3,"inad_constrained_alpha",2.8699506037548,2.00934250820663,8.658037,2.94245424773266,3.02059095445872,2.49972505605001,3.87311839097583,"nb_glmm",-0.150640350703917,-0.490382547843383,-0.930664143243162
31,"recursive_multi_step",3,"inad_unconstrained",3.18106623956772,2.208147947099,10.328365,3.21377737250109,3.02059095445872,2.49972505605001,3.87311839097583,"nb_glmm",0.160475285109,-0.291577108951016,-0.659341018474738
31,"recursive_multi_step",4,"inad_constrained_alpha",3.17072050524414,2.61479390936515,15.1092485,3.88706167946947,3.00473711129547,2.43070342120894,3.97487731882964,"nb_glmm",0.165983393948677,0.18409048815621,-0.0878156393601768
31,"recursive_multi_step",4,"inad_unconstrained",2.81792984190754,2.12036337904811,8.9556625,2.99260129318959,3.00473711129547,2.43070342120894,3.97487731882964,"nb_glmm",-0.186807269387922,-0.310340042160834,-0.982276025640056
31,"rolling_one_step",1,"inad_constrained_alpha",2.72373847154847,2.15738109318232,16.5434935454545,4.06736936427644,2.86002773486628,2.39553518151316,4.34543977056271,"nb_glmm",-0.136289263317809,-0.238154088330833,-0.278070406286266
31,"rolling_one_step",1,"inad_unconstrained",2.70384288403537,2.14064539018165,16.4786000909091,4.05938420094835,2.86002773486628,2.39553518151316,4.34543977056271,"nb_glmm",-0.156184850830906,-0.254889791331506,-0.286055569614356
32,"recursive_multi_step",1,"inad_unconstrained",1.97488413143159,0.864680708896916,2.0668545,1.43765590458913,1.90481925871786,0.816099980796218,1.38143408035894,"nb_glmm",0.0700648727137279,0.0485807281006981,0.0562218242301935
32,"recursive_multi_step",1,"inad_constrained_alpha",1.99318001772927,0.927178293115583,2.643245,1.62580595398098,1.90481925871786,0.816099980796218,1.38143408035894,"nb_glmm",0.0883607590114108,0.111078312319365,0.244371873622038
32,"recursive_multi_step",2,"inad_unconstrained",2.20178164780056,1.19007193514531,5.829545,2.41444507081855,2.03784058285928,1.12413148942724,2.20969346716583,"nb_glmm",0.16394106494128,0.065940445718067,0.204751603652721
32,"recursive_multi_step",2,"inad_constrained_alpha",2.298929581646,1.43010531098979,8.2572425,2.87354180411561,2.03784058285928,1.12413148942724,2.20969346716583,"nb_glmm",0.261088998786721,0.305973821562554,0.66384833694978
32,"recursive_multi_step",3,"inad_unconstrained",2.13871389369163,0.95277471311171,1.568929,1.25256896017744,2.05303024793764,0.933219529226482,1.38816362122715,"nb_glmm",0.085683645753984,0.0195551838852283,-0.135594661049709
32,"recursive_multi_step",3,"inad_constrained_alpha",2.20119531987327,1.01375973568675,1.977994,1.40641174625356,2.05303024793764,0.933219529226482,1.38816362122715,"nb_glmm",0.14816507193563,0.0805402064602645,0.0182481250264133
32,"recursive_multi_step",4,"inad_unconstrained",2.33958905185919,1.02830859161988,0.810949,0.900527067888578,2.0447169065499,0.917096983183788,1.36712729190771,"nb_glmm",0.294872145309298,0.111211608436091,-0.46660022401913
32,"recursive_multi_step",4,"inad_constrained_alpha",2.3312649589344,1.06191875911743,0.8796845,0.937914974824477,2.0447169065499,0.917096983183788,1.36712729190771,"nb_glmm",0.286548052384499,0.144821775933646,-0.429212317083231
32,"rolling_one_step",1,"inad_unconstrained",2.42803704777859,1.54134590787867,7.55815240909091,2.74920941528486,2.36588975145356,1.4230479675732,2.54262365838915,"nb_glmm",0.0621472963250298,0.118297940305474,0.20658575689571
32,"rolling_one_step",1,"inad_constrained_alpha",2.42805946513677,1.54647365680415,7.49191445454546,2.73713617756688,2.36588975145356,1.4230479675732,2.54262365838915,"nb_glmm",0.0621697136832164,0.123425689230954,0.194512519177737
33,"recursive_multi_step",1,"inad_unconstrained",2.10364259724884,0.775686256540719,0.151978,0.389843558366686,1.90717447476507,0.691145109552556,0.709733972006046,"nb_glmm",0.196468122483761,0.084541146988163,-0.319890413639359
33,"recursive_multi_step",1,"inad_constrained_alpha",2.01855395507162,0.727031619186225,0.040833,0.202071769428587,1.90717447476507,0.691145109552556,0.709733972006046,"nb_glmm",0.111379480306548,0.0358865096336696,-0.507662202577459
33,"recursive_multi_step",2,"inad_unconstrained",2.74411410985247,1.62294367291661,3.831154,1.95733339009991,2.46438112838517,1.26430662681322,1.70290436885474,"nb_glmm",0.279732981467291,0.358637046103394,0.254429021245165
33,"recursive_multi_step",2,"inad_constrained_alpha",2.57927759797875,1.30530581177429,2.0324845,1.42565230684063,2.46438112838517,1.26430662681322,1.70290436885474,"nb_glmm",0.114896469593571,0.0409991849610718,-0.277252062014117
33,"recursive_multi_step",3,"inad_unconstrained",2.18406577188187,0.858471916404181,0.0622845000000001,0.249568627836113,2.04602314648997,0.77686349850218,0.802095742348595,"nb_glmm",0.138042625391899,0.0816084179020011,-0.552527114512482
33,"recursive_multi_step",3,"inad_constrained_alpha",2.19224500175581,0.872185674266738,0.3024765,0.549978635948707,2.04602314648997,0.77686349850218,0.802095742348595,"nb_glmm",0.146221855265846,0.0953221757645576,-0.252117106399889
33,"recursive_multi_step",4,"inad_unconstrained",2.92663830979558,2.17289632359348,13.2867025,3.64509293434338,2.99792919441136,2.96154553809266,4.80752794506059,"nb_glmm",-0.07129088461578,-0.788649214499184,-1.16243501071722
33,"recursive_multi_step",4,"inad_constrained_alpha",2.81520665917577,2.5845852926387,20.321209,4.50790516759171,2.99792919441136,2.96154553809266,4.80752794506059,"nb_glmm",-0.18272253523559,-0.376960245453959,-0.299622777468886
33,"rolling_one_step",1,"inad_unconstrained",2.39330985343969,1.61435161649495,9.51198927272727,3.08415130509631,2.44324355384831,1.60449689112884,3.02956053137593,"nb_glmm",-0.0499337004086109,0.00985472536610765,0.0545907737203777
33,"rolling_one_step",1,"inad_constrained_alpha",2.38518847462135,1.59674527945318,9.22766872727273,3.03770780808042,2.44324355384831,1.60449689112884,3.02956053137593,"nb_glmm",-0.0580550792269583,-0.00775161167566019,0.00814727670448345
34,"recursive_multi_step",1,"inad_unconstrained",2.73404658509589,2.13605842210107,12.2702645,3.50289373233046,2.83976384565315,2.27065517604167,3.6815456665796,"nb_glmm",-0.105717260557263,-0.134596753940604,-0.17865193424914
34,"recursive_multi_step",1,"inad_constrained_alpha",2.66839643300029,2.09413636014735,11.761074,3.42944222870134,2.83976384565315,2.27065517604167,3.6815456665796,"nb_glmm",-0.171367412652858,-0.176518815894322,-0.252103437878258
34,"recursive_multi_step",2,"inad_unconstrained",2.05610539043716,1.40620052419537,8.816968,2.96933797335366,2.12941027645573,1.54879127753856,2.91960096504771,"nb_glmm",-0.0733048860185672,-0.14259075334319,0.049737008305951
34,"recursive_multi_step",2,"inad_constrained_alpha",2.37588905763071,1.8747580810458,13.000429,3.60561076656924,2.12941027645573,1.54879127753856,2.91960096504771,"nb_glmm",0.246478781174976,0.32596680350724,0.686009801521531
34,"recursive_multi_step",3,"inad_unconstrained",2.08310757029291,1.32677924708552,7.5687965,2.75114457998848,2.00850353382374,1.31354852697447,2.54396675390207,"nb_glmm",0.0746040364691747,0.0132307201110424,0.207177826086411
34,"recursive_multi_step",3,"inad_constrained_alpha",2.2689123732673,1.53480885642712,9.891205,3.14502861672195,2.00850353382374,1.31354852697447,2.54396675390207,"nb_glmm",0.260408839443562,0.221260329452647,0.601061862819881
34,"recursive_multi_step",4,"inad_unconstrained",2.13604878624049,1.9155758622738,16.117609,4.01467420845079,2.5913237828372,1.9000596359195,3.43805930716704,"nb_glmm",-0.455274996596713,0.0155162263543023,0.576614901283755
34,"recursive_multi_step",4,"inad_constrained_alpha",2.03069126118018,1.64770672317295,11.704921,3.42124553342785,2.5913237828372,1.9000596359195,3.43805930716704,"nb_glmm",-0.560632521657022,-0.252352912746553,-0.0168137737391896
34,"rolling_one_step",1,"inad_unconstrained",2.44306916904071,1.66231957914568,8.79604168181818,2.9658121454027,2.5058944712723,1.73083342789291,3.02793795963343,"nb_glmm",-0.0628253022315883,-0.0685138487472303,-0.0621258142307317
34,"rolling_one_step",1,"inad_constrained_alpha",2.4406754326293,1.62595602071371,8.05387668181818,2.83793528499474,2.5058944712723,1.73083342789291,3.02793795963343,"nb_glmm",-0.0652190386429981,-0.104877407179198,-0.190002674638693
35,"recursive_multi_step",1,"inad_constrained_alpha",1.75965137141402,0.886351441982699,2.9506445,1.71774401468903,1.8445444018499,0.93762775359831,1.75192860552662,"nb_glmm",-0.0848930304358702,-0.0512763116156113,-0.0341845908375862
35,"recursive_multi_step",1,"inad_unconstrained",1.87052442990133,0.913667097205506,3.0704985,1.75228379550802,1.8445444018499,0.93762775359831,1.75192860552662,"nb_glmm",0.0259800280514395,-0.0239606563928049,0.000355189981402049
35,"recursive_multi_step",2,"inad_constrained_alpha",2.02120718987571,1.1681193059816,6.0553485,2.46076177229735,2.15215648728492,1.59558896608796,3.04420780892198,"nb_glmm",-0.130949297409209,-0.427469660106361,-0.583446036624626
35,"recursive_multi_step",2,"inad_unconstrained",2.00939120095285,1.46053972631358,9.581234,3.0953568453411,2.15215648728492,1.59558896608796,3.04420780892198,"nb_glmm",-0.142765286332071,-0.135049239774379,0.0511490364191216
35,"recursive_multi_step",3,"inad_constrained_alpha",2.09148390451276,1.56303226978128,10.372114,3.22057665643903,2.23805026108387,1.7474401241796,3.25179686989277,"nb_glmm",-0.146566356571108,-0.184407854398323,-0.0312202134537363
35,"recursive_multi_step",3,"inad_unconstrained",2.23163239583188,1.81109408309156,13.610957,3.68930305071297,2.23805026108387,1.7474401241796,3.25179686989277,"nb_glmm",-0.00641786525198818,0.06365395891196,0.4375061808202
35,"recursive_multi_step",4,"inad_constrained_alpha",2.19913620604353,1.82155594907421,11.5813305,3.40313539254612,2.69949501065568,1.99635303799651,3.4598412427718,"nb_glmm",-0.500358804612153,-0.174797088922303,-0.0567058502256805
35,"recursive_multi_step",4,"inad_unconstrained",2.47841656213402,2.19954254698928,17.8085825,4.22002162316735,2.69949501065568,1.99635303799651,3.4598412427718,"nb_glmm",-0.221078448521663,0.203189508992766,0.760180380395555
35,"rolling_one_step",1,"inad_constrained_alpha",2.27114127656728,1.47234205983231,8.86126577272727,2.97678782796612,2.29835589131611,1.54199497487211,2.98731128348589,"nb_glmm",-0.027214614748825,-0.0696529150398026,-0.0105234555197664
35,"rolling_one_step",1,"inad_unconstrained",2.25439856702603,1.45786712122169,8.47699272727273,2.91152755907835,2.29835589131611,1.54199497487211,2.98731128348589,"nb_glmm",-0.0439573242900737,-0.0841278536504177,-0.0757837244075419
4,"recursive_multi_step",1,"inad_unconstrained",2.02572724544163,1.1364149162723,5.194516,2.27914808645687,1.98852936761426,0.8938335623649,1.4612985588344,"nb_glmm",0.0371978778273716,0.242581353907405,0.817849527622467
4,"recursive_multi_step",1,"inad_constrained_alpha",2.04151579362932,1.17495153343831,5.63833,2.37451679294967,1.98852936761426,0.8938335623649,1.4612985588344,"nb_glmm",0.0529864260150674,0.281117971073409,0.913218234115272
4,"recursive_multi_step",2,"inad_unconstrained",2.25475289191859,1.31662084882987,3.779321,1.94404758172222,2.39177695576192,1.5773045592444,2.64645512698487,"nb_glmm",-0.137024063843334,-0.260683710414528,-0.702407545262651
4,"recursive_multi_step",2,"inad_constrained_alpha",2.28584288224304,1.32605274009944,4.1422445,2.0352504759857,2.39177695576192,1.5773045592444,2.64645512698487,"nb_glmm",-0.105934073518883,-0.251251819144962,-0.611204650999172
4,"recursive_multi_step",3,"inad_unconstrained",2.41586387075281,1.08144698371209,2.206345,1.48537705650788,2.15307071695032,1.10950938596332,1.79452847350373,"nb_glmm",0.262793153802489,-0.0280624022512317,-0.309151416995856
4,"recursive_multi_step",3,"inad_constrained_alpha",2.23609026018231,1.01289175094614,1.7140625,1.30922209727762,2.15307071695032,1.10950938596332,1.79452847350373,"nb_glmm",0.0830195432319845,-0.0966176350171846,-0.485306376226115
4,"recursive_multi_step",4,"inad_unconstrained",2.85409533229606,2.35360815851522,17.187637,4.14579751073301,3.13357742011883,3.04148664707169,5.22210948703344,"nb_glmm",-0.27948208782277,-0.687878488556462,-1.07631197630043
4,"recursive_multi_step",4,"inad_constrained_alpha",2.90818477199439,2.90124031055565,24.029465,4.90198582209292,3.13357742011883,3.04148664707169,5.22210948703344,"nb_glmm",-0.225392648124438,-0.140246336516031,-0.320123664940517
4,"rolling_one_step",1,"inad_unconstrained",2.8476470647905,2.58371211944393,24.2695889545455,4.92641745638202,2.98781852974368,3.17263417589604,6.24372394678623,"nb_glmm",-0.140171464953184,-0.588922056452118,-1.31730649040422
4,"rolling_one_step",1,"inad_constrained_alpha",2.86732614586988,2.54354427639993,23.2079306818182,4.81746102026972,2.98781852974368,3.17263417589604,6.24372394678623,"nb_glmm",-0.120492383873806,-0.629089899496115,-1.42626292651651
5,"recursive_multi_step",1,"inad_constrained_alpha",2.77455710703898,2.45479078858748,17.30261,4.15964060947578,2.83433785771322,2.72624255060222,4.47634805199088,"nb_glmm",-0.0597807506742454,-0.271451762014739,-0.316707442515106
5,"recursive_multi_step",1,"inad_unconstrained",2.61906365599418,2.48434693490606,17.77802,4.21639893748208,2.83433785771322,2.72624255060222,4.47634805199088,"nb_glmm",-0.215274201719042,-0.24189561569616,-0.259949114508802
5,"recursive_multi_step",2,"inad_constrained_alpha",2.48870678470294,1.79529525926233,9.3539825,3.05842810933983,2.53297035304282,1.91705837855761,3.29512875887378,"nb_glmm",-0.0442635683398764,-0.121763119295274,-0.236700649533955
5,"recursive_multi_step",2,"inad_unconstrained",2.50032964260454,1.619002648935,7.310452,2.70378475474658,2.53297035304282,1.91705837855761,3.29512875887378,"nb_glmm",-0.0326407104382813,-0.298055729622605,-0.591344004127208
5,"recursive_multi_step",3,"inad_constrained_alpha",2.26615320313131,1.10549007204275,2.5378525,1.59306387191475,2.03363843939041,0.914341275822852,1.37491879403392,"nb_glmm",0.232514763740904,0.191148796219896,0.218145077880828
5,"recursive_multi_step",3,"inad_unconstrained",2.16811722850964,0.929923246503789,1.3495565,1.16170413617237,2.03363843939041,0.914341275822852,1.37491879403392,"nb_glmm",0.13447878911923,0.0155819706809374,-0.213214657861544
5,"recursive_multi_step",4,"inad_constrained_alpha",2.97261201868695,2.06697636351268,9.519626,3.08538911646489,2.64636737584141,1.77531598567813,3.10732661753476,"nb_glmm",0.326244642845539,0.291660377834557,-0.0219375010698695
5,"recursive_multi_step",4,"inad_unconstrained",2.87504833406164,1.74246741811581,5.913025,2.4316712360021,2.64636737584141,1.77531598567813,3.10732661753476,"nb_glmm",0.22868095822023,-0.0328485675623191,-0.675655381532656
5,"rolling_one_step",1,"inad_constrained_alpha",3.03980903046129,2.85264407911321,29.9381915454545,5.47158035173153,2.85067345924044,2.42246126223078,4.63053630523402,"nb_glmm",0.189135571220859,0.430182816882426,0.841044046497512
5,"rolling_one_step",1,"inad_unconstrained",2.97416643341865,2.72747728142794,27.9697277727273,5.28864139195761,2.85067345924044,2.42246126223078,4.63053630523402,"nb_glmm",0.12349297417821,0.305016019197159,0.658105086723586
6,"recursive_multi_step",1,"inad_unconstrained",2.43137024713831,1.75277358344051,11.3023865,3.36190221452082,2.11946552407142,1.18033057000903,2.25610852617083,"nb_glmm",0.311904723066889,0.572443013431485,1.10579368834999
6,"recursive_multi_step",1,"inad_constrained_alpha",2.45370655435705,1.919552972352,13.296025,3.6463714840921,2.11946552407142,1.18033057000903,2.25610852617083,"nb_glmm",0.334241030285637,0.73922240234297,1.39026295792127
6,"recursive_multi_step",2,"inad_unconstrained",3.44688902535157,3.46376736437888,36.767624,6.0636312552793,3.11497276791101,2.58998604617567,4.49054013461395,"nb_glmm",0.331916257440558,0.87378131820321,1.57309112066535
6,"recursive_multi_step",2,"inad_constrained_alpha",3.48056125831158,3.24167764490512,33.2295385,5.7645067872282,3.11497276791101,2.58998604617567,4.49054013461395,"nb_glmm",0.36558849040057,0.651691598729449,1.27396665261425
6,"recursive_multi_step",3,"inad_unconstrained",2.73502765525311,2.58238159085273,23.414797,4.83888385890796,2.73407905014634,2.26129105833414,4.00555723887237,"nb_glmm",0.000948605106762646,0.321090532518583,0.833326620035595
6,"recursive_multi_step",3,"inad_constrained_alpha",2.86179554113147,2.73029122565899,24.9274265,4.99273737542843,2.73407905014634,2.26129105833414,4.00555723887237,"nb_glmm",0.127716490985129,0.469000167324843,0.987180136556067
6,"recursive_multi_step",4,"inad_unconstrained",2.30346068391797,1.82154114602093,14.910281,3.86138330135717,2.15346028598306,1.45555816865045,2.75671868311248,"nb_glmm",0.150000397934916,0.365982977370475,1.10466461824469
6,"recursive_multi_step",4,"inad_constrained_alpha",2.09766859568106,1.36177070061697,8.40149,2.89853238726084,2.15346028598306,1.45555816865045,2.75671868311248,"nb_glmm",-0.0557916903019997,-0.09378746803348,0.141813704148353
6,"rolling_one_step",1,"inad_unconstrained",2.32755444188631,1.47434258874587,8.09357986363636,2.84492176757751,2.33118580965516,1.53046649843575,2.81849208498136,"nb_glmm",-0.00363136776885531,-0.0561239096898887,0.0264296825961563
6,"rolling_one_step",1,"inad_constrained_alpha",2.30726653610635,1.53681221883907,8.88986468181818,2.98158761095799,2.33118580965516,1.53046649843575,2.81849208498136,"nb_glmm",-0.0239192735488087,0.00634572040331949,0.163095525976634
7,"recursive_multi_step",1,"inad_unconstrained",2.16395614943558,1.5696461405849,9.4948825,3.08137672153211,2.07710503818473,1.28417294605507,2.38343229831226,"nb_glmm",0.086851111250847,0.285473194529828,0.69794442321985
7,"recursive_multi_step",1,"inad_constrained_alpha",2.1720082028585,1.53976592025081,9.0774205,3.01287578569048,2.07710503818473,1.28417294605507,2.38343229831226,"nb_glmm",0.0949031646737715,0.255592974195735,0.629443487378211
7,"recursive_multi_step",2,"inad_unconstrained",2.36508047323889,1.05972660755962,0.986386000000001,0.993169673318714,2.34666997392404,1.34892201035731,2.22127242052649,"nb_glmm",0.0184104993148462,-0.28919540279769,-1.22810274720778
7,"recursive_multi_step",2,"inad_constrained_alpha",2.40404658195785,1.136203946355,2.099729,1.44904416771884,2.34666997392404,1.34892201035731,2.22127242052649,"nb_glmm",0.0573766080338047,-0.212718064002309,-0.772228252807647
7,"recursive_multi_step",3,"inad_unconstrained",2.16549748847626,1.23188743800007,5.680666,2.38341477716322,2.00945819687428,0.912580037607544,1.58116735442045,"nb_glmm",0.156039291601981,0.319307400392527,0.802247422742765
7,"recursive_multi_step",3,"inad_constrained_alpha",2.22211376763841,1.25909863369859,5.696093,2.38664890589295,2.00945819687428,0.912580037607544,1.58116735442045,"nb_glmm",0.212655570764127,0.346518596091044,0.805481551472492
7,"recursive_multi_step",4,"inad_unconstrained",3.67869947955494,3.79340140092288,34.294594,5.85615863856163,4.05639544533317,4.61421730920449,6.95530747448336,"nb_glmm",-0.377695965778228,-0.820815908281611,-1.09914883592173
7,"recursive_multi_step",4,"inad_constrained_alpha",4.03019554746063,4.68046573302237,47.2177525,6.87151748160477,4.05639544533317,4.61421730920449,6.95530747448336,"nb_glmm",-0.0261998978725426,0.0662484238178731,-0.0837899928785912
7,"rolling_one_step",1,"inad_unconstrained",2.77433295965797,2.14587614925034,14.9466376818182,3.86608816270635,2.71646542003817,2.06427417000193,3.82282450211665,"nb_glmm",0.0578675396198056,0.0816019792484144,0.043263660589703
7,"rolling_one_step",1,"inad_constrained_alpha",2.73366659865618,2.22552418479869,16.0401260909091,4.00501262056802,2.71646542003817,2.06427417000193,3.82282450211665,"nb_glmm",0.0172011786180097,0.161250014796758,0.182188118451367
8,"recursive_multi_step",1,"inad_unconstrained",3.18741099978908,2.85814274592108,21.48281,4.63495523171476,3.22130210744912,3.1546069919112,5.03022184585548,"nb_glmm",-0.0338911076600379,-0.296464245990117,-0.395266614140724
8,"recursive_multi_step",1,"inad_constrained_alpha",2.89631000909708,2.70515657062924,19.4453605,4.40968938815423,3.22130210744912,3.1546069919112,5.03022184585548,"nb_glmm",-0.324992098352034,-0.449450421281955,-0.620532457701254
8,"recursive_multi_step",2,"inad_unconstrained",3.14726943907654,3.03217165727684,24.172201,4.91652326344542,3.27173685162264,3.29654455084269,5.1657251329654,"nb_glmm",-0.124467412546099,-0.264372893565851,-0.249201869519982
8,"recursive_multi_step",2,"inad_constrained_alpha",3.18232200397471,3.16771775202617,25.3439325,5.03427576717843,3.27173685162264,3.29654455084269,5.1657251329654,"nb_glmm",-0.0894148476479324,-0.128826798816517,-0.131449365786969
8,"recursive_multi_step",3,"inad_unconstrained",2.18718035863938,1.31122885939153,6.8308925,2.61359761631357,2.10153382883429,1.2141176147595,2.32230937291667,"nb_glmm",0.0856465298050915,0.0971112446320286,0.291288243396904
8,"recursive_multi_step",3,"inad_constrained_alpha",2.16744378626003,1.43487854503875,8.6633,2.94334843333235,2.10153382883429,1.2141176147595,2.32230937291667,"nb_glmm",0.0659099574257409,0.220760930279251,0.621039060415679
8,"recursive_multi_step",4,"inad_unconstrained",2.38575415698276,1.53656040227002,7.8863465,2.80826396551321,2.20981081023218,1.32670226244777,2.29949698061834,"nb_glmm",0.175943346750572,0.209858139822247,0.508766984894871
8,"recursive_multi_step",4,"inad_constrained_alpha",2.41489599604787,1.50285853328312,7.0306585,2.65153889279415,2.20981081023218,1.32670226244777,2.29949698061834,"nb_glmm",0.205085185815688,0.176156270835346,0.352041912175802
8,"rolling_one_step",1,"inad_unconstrained",2.70929010681118,2.05779358743137,14.3291056363636,3.78538051407829,2.72926515043945,2.16343821666899,3.91689365402292,"nb_glmm",-0.0199750436282633,-0.105644629237621,-0.131513139944623
8,"rolling_one_step",1,"inad_constrained_alpha",2.65107472778961,1.97446399287778,13.0715099545455,3.61545432201065,2.72926515043945,2.16343821666899,3.91689365402292,"nb_glmm",-0.0781904226498362,-0.18897422379122,-0.30143933201227
9,"recursive_multi_step",1,"inad_constrained_alpha",2.90381729575575,2.11388168189196,9.2847305,3.04708557477469,3.03879317838032,2.4359440643837,3.64478013048004,"nb_glmm",-0.134975882624571,-0.322062382491739,-0.597694555705355
9,"recursive_multi_step",1,"inad_unconstrained",2.92865158184566,2.33554128371691,11.2776065,3.358214778718,3.03879317838032,2.4359440643837,3.64478013048004,"nb_glmm",-0.11014159653466,-0.100402780666789,-0.286565351762042
9,"recursive_multi_step",2,"inad_constrained_alpha",2.8873095492911,2.45757441868912,17.10185,4.13543830808779,2.96158484691277,2.62331433075381,4.41538172717126,"nb_glmm",-0.0742752976216696,-0.165739912064694,-0.279943419083469
9,"recursive_multi_step",2,"inad_unconstrained",2.83067715090202,2.28126020794476,14.0907205,3.75376084747017,2.96158484691277,2.62331433075381,4.41538172717126,"nb_glmm",-0.130907696010748,-0.342054122809045,-0.661620879701084
9,"recursive_multi_step",3,"inad_constrained_alpha",3.18424143174739,2.81593580369603,19.935081,4.46487189065935,3.40729341224722,3.38530497085557,5.21577474807872,"nb_glmm",-0.223051980499834,-0.569369167159544,-0.750902857419372
9,"recursive_multi_step",3,"inad_unconstrained",3.24715884977732,3.02330979530804,22.256225,4.71765036856272,3.40729341224722,3.38530497085557,5.21577474807872,"nb_glmm",-0.160134562469897,-0.361995175547533,-0.498124379515998
9,"recursive_multi_step",4,"inad_constrained_alpha",3.30462676776533,2.4832529091052,11.48165,3.38845835152212,2.88050662723963,2.06555295805438,3.06609896402771,"nb_glmm",0.424120140525702,0.417699951050817,0.322359387494407
9,"recursive_multi_step",4,"inad_unconstrained",3.033702317435,2.19936760140004,8.382753,2.89529843021406,2.88050662723963,2.06555295805438,3.06609896402771,"nb_glmm",0.153195690195372,0.133814643345656,-0.170800533813652
9,"rolling_one_step",1,"inad_constrained_alpha",2.79791066340078,2.53743724493563,25.3457651363636,5.03445777977764,2.85919387426695,2.52735207708406,4.82616954737581,"nb_glmm",-0.0612832108661689,0.0100851678515701,0.208288232401833
9,"rolling_one_step",1,"inad_unconstrained",2.74621956422958,2.50640787135534,24.1299958181818,4.91222921067226,2.85919387426695,2.52735207708406,4.82616954737581,"nb_glmm",-0.112974310037373,-0.0209442057287217,0.0860596632964503
1,"recursive_multi_step",1,"inad_constrained_alpha",2.77303617296041,1.61334976066222,5.5468465,2.35517440967755,2.74477669001994,1.71553043402243,2.41325264113284,"tscount_tsglm",0.0282594829404714,-0.102180673360212,-0.0580782314552852
1,"recursive_multi_step",1,"inad_unconstrained",2.72720273746771,1.62802892874603,5.4686825,2.33852143458212,2.74477669001994,1.71553043402243,2.41325264113284,"tscount_tsglm",-0.0175739525522252,-0.0875015052763999,-0.0747312065507195
1,"recursive_multi_step",2,"inad_constrained_alpha",2.36500199661742,0.993093037990389,1.0928345,1.04538724882218,2.39206774433571,1.04810426175498,0.982594497975845,"tscount_tsglm",-0.0270657477182943,-0.055011223764593,0.0627927508463321
1,"recursive_multi_step",2,"inad_unconstrained",2.47729497468193,1.05355123840316,0.6862045,0.828374613324189,2.39206774433571,1.04810426175498,0.982594497975845,"tscount_tsglm",0.0852272303462143,0.00544697664817839,-0.154219884651656
1,"recursive_multi_step",3,"inad_constrained_alpha",2.43719252500274,1.22678659066099,2.0494225,1.43158042037463,2.50501000232971,1.21356176080815,1.29025699078993,"tscount_tsglm",-0.0678174773269671,0.0132248298528375,0.141323429584698
1,"recursive_multi_step",3,"inad_unconstrained",2.54910163581776,1.38847035570173,2.9431645,1.71556535870832,2.50501000232971,1.21356176080815,1.29025699078993,"tscount_tsglm",0.0440916334880459,0.174908594893585,0.425308367918387
1,"recursive_multi_step",4,"inad_constrained_alpha",2.63575643863632,2.29480145223206,16.18609,4.02319400476785,2.80361593721212,2.4802769487657,4.48241759635339,"tscount_tsglm",-0.167859498575801,-0.185475496533632,-0.459223591585531
1,"recursive_multi_step",4,"inad_unconstrained",2.56081058536735,2.43832070688549,19.8118485,4.45105026931847,2.80361593721212,2.4802769487657,4.48241759635339,"tscount_tsglm",-0.242805351844772,-0.041956241880206,-0.0313673270349186
1,"rolling_one_step",1,"inad_constrained_alpha",2.55447776756037,1.78241756783817,11.5362115454545,3.39649989628361,2.69026032155374,2.01179188395778,3.79162761475768,"tscount_tsglm",-0.135782553993366,-0.229374316119619,-0.395127718474073
1,"rolling_one_step",1,"inad_unconstrained",2.58263852380082,1.87297094601832,12.5461803181818,3.54205876831283,2.69026032155374,2.01179188395778,3.79162761475768,"tscount_tsglm",-0.10762179775292,-0.138820937939466,-0.249568846444847
10,"recursive_multi_step",1,"inad_unconstrained",1.93169000647778,0.842442939302617,1.3845625,1.17667433897404,2.03743734051791,0.924708600412821,0.614089792168989,"tscount_tsglm",-0.105747334040128,-0.0822656611102035,0.562584546805054
10,"recursive_multi_step",1,"inad_constrained_alpha",1.896073652451,0.843009792994082,1.777057,1.33306301426452,2.03743734051791,0.924708600412821,0.614089792168989,"tscount_tsglm",-0.141363688066914,-0.0816988074187387,0.718973222095528
10,"recursive_multi_step",2,"inad_unconstrained",2.62621463548308,2.35429855972885,19.0768525,4.3677056333961,2.49187756043369,1.80592986336585,3.62097582143211,"tscount_tsglm",0.134337075049387,0.548368696362999,0.746729811963982
10,"recursive_multi_step",2,"inad_constrained_alpha",2.59692648089737,1.81288319652375,11.822285,3.43835498458202,2.49187756043369,1.80592986336585,3.62097582143211,"tscount_tsglm",0.105048920463676,0.0069533331578957,-0.182620836850099
10,"recursive_multi_step",3,"inad_unconstrained",3.89341961115729,6.37925187383365,111.0491825,10.537987592515,3.80210886369578,6.56933644901238,10.84923885309,"tscount_tsglm",0.0913107474615087,-0.190084575178729,-0.311251260574963
10,"recursive_multi_step",3,"inad_constrained_alpha",4.38360577196315,6.69402764621322,116.0575825,10.7730024830592,3.80210886369578,6.56933644901238,10.84923885309,"tscount_tsglm",0.581496908267365,0.124691197200836,-0.0762363700307436
10,"recursive_multi_step",4,"inad_unconstrained",3.88491563347409,6.77655517620558,119.989602,10.9539765382257,4.24038735477608,7.61019184005677,11.619578396332,"tscount_tsglm",-0.35547172130199,-0.833636663851192,-0.665601858106273
10,"recursive_multi_step",4,"inad_constrained_alpha",3.61740970585958,7.45372424258596,143.735593,11.9889779797946,4.24038735477608,7.61019184005677,11.619578396332,"tscount_tsglm",-0.622977648916501,-0.156467597470805,0.369399583462593
10,"rolling_one_step",1,"inad_unconstrained",2.9050040356613,3.15863365502579,38.3334094545455,6.1913980210083,2.90540111282125,3.40387751003091,6.63005995380286,"tscount_tsglm",-0.00039707715995041,-0.245243855005118,-0.438661932794562
10,"rolling_one_step",1,"inad_constrained_alpha",2.90576906705091,3.14581956156912,38.7638076818182,6.22605875990728,2.90540111282125,3.40387751003091,6.63005995380286,"tscount_tsglm",0.000367954229660405,-0.25805794846179,-0.404001193895579
11,"recursive_multi_step",1,"inad_unconstrained",2.43878039977997,1.43028379686775,5.1250365,2.2638543460214,2.38473827407309,1.37158629511996,2.24127882648866,"tscount_tsglm",0.0540421257068822,0.0586975017477873,0.0225755195327402
11,"recursive_multi_step",1,"inad_constrained_alpha",2.40621156812745,1.37116270767817,5.185629,2.27719761988282,2.38473827407309,1.37158629511996,2.24127882648866,"tscount_tsglm",0.0214732940543603,-0.000423587441793494,0.0359187933941603
11,"recursive_multi_step",2,"inad_unconstrained",2.92019252813213,1.6832060505258,6.444041,2.53851157176799,2.58627622915288,1.57946244177607,2.40277875271505,"tscount_tsglm",0.333916298979249,0.103743608749723,0.135732819052944
11,"recursive_multi_step",2,"inad_constrained_alpha",2.74939542505979,1.81867684458808,9.192573,3.03192562573688,2.58627622915288,1.57946244177607,2.40277875271505,"tscount_tsglm",0.163119195906912,0.239214402812008,0.629146873021837
11,"recursive_multi_step",3,"inad_unconstrained",4.01821314176691,6.99685987855575,120.6302245,10.983179161791,3.92557890952883,6.92626331095212,10.8865965560656,"tscount_tsglm",0.0926342322380744,0.0705965676036282,0.0965826057253558
11,"recursive_multi_step",3,"inad_constrained_alpha",3.85123448089407,6.8947932983833,119.32181,10.9234522931169,3.92557890952883,6.92626331095212,10.8865965560656,"tscount_tsglm",-0.0743444286347574,-0.0314700125688203,0.0368557370512175
11,"recursive_multi_step",4,"inad_unconstrained",2.57275773526632,2.54554468794516,17.888132,4.22943636906858,2.98459734668445,2.95933201112397,4.62933554019438,"tscount_tsglm",-0.411839611418129,-0.413787323178815,-0.399899171125802
11,"recursive_multi_step",4,"inad_constrained_alpha",2.6979186522047,2.86286700007676,22.2409305,4.71602910296364,2.98459734668445,2.95933201112397,4.62933554019438,"tscount_tsglm",-0.286678694479751,-0.0964650110472109,0.0866935627692547
11,"rolling_one_step",1,"inad_unconstrained",2.95389144666805,3.40133532438658,49.5056048636364,7.03602194877449,3.01672967664451,3.32018154803993,6.62470995170169,"tscount_tsglm",-0.0628382299764523,0.081153776346647,0.411311997072799
11,"rolling_one_step",1,"inad_constrained_alpha",2.83366423496409,2.94762390526822,40.578123,6.37009599613695,3.01672967664451,3.32018154803993,6.62470995170169,"tscount_tsglm",-0.183065441680416,-0.372557642771711,-0.25461395556474
12,"recursive_multi_step",1,"inad_unconstrained",2.40529952298004,1.59862247624373,7.563433,2.75016963113187,2.25954849932363,1.43471921532206,2.3530129815414,"tscount_tsglm",0.145751023656407,0.163903260921671,0.397156649590466
12,"recursive_multi_step",1,"inad_constrained_alpha",2.26161884069786,1.50193402953479,7.131769,2.6705372118733,2.25954849932363,1.43471921532206,2.3530129815414,"tscount_tsglm",0.00207034137423401,0.0672148142127365,0.317524230331893
12,"recursive_multi_step",2,"inad_unconstrained",2.38273689747668,1.48770379363726,6.1641565,2.48277193878133,2.42402825925589,1.41673955273833,2.25583777698254,"tscount_tsglm",-0.0412913617792174,0.070964240898935,0.226934161798786
12,"recursive_multi_step",2,"inad_constrained_alpha",2.3500786551101,1.50176808757728,6.353461,2.52060726810029,2.42402825925589,1.41673955273833,2.25583777698254,"tscount_tsglm",-0.0739496041457959,0.0850285348389568,0.264769491117745
12,"recursive_multi_step",3,"inad_unconstrained",2.18819586408433,1.42586257786154,7.8433645,2.80060073912723,2.17288557820987,1.61575931991241,3.16614948002176,"tscount_tsglm",0.0153102858744596,-0.189896742050866,-0.365548740894528
12,"recursive_multi_step",3,"inad_constrained_alpha",2.18184408415111,1.35973011346159,6.9776785,2.64152957583291,2.17288557820987,1.61575931991241,3.16614948002176,"tscount_tsglm",0.00895850594124337,-0.256029206450822,-0.524619904188849
12,"recursive_multi_step",4,"inad_unconstrained",1.96144935106291,1.69194510155419,14.0661005,3.75048003594207,2.32170850359583,2.27287042087248,4.21344112750482,"tscount_tsglm",-0.360259152532922,-0.580925319318292,-0.462961091562755
12,"recursive_multi_step",4,"inad_constrained_alpha",1.87502937429461,1.19405402059794,7.6111225,2.75882629029085,2.32170850359583,2.27287042087248,4.21344112750482,"tscount_tsglm",-0.446679129301216,-1.07881640027455,-1.45461483721397
12,"rolling_one_step",1,"inad_unconstrained",2.28805219017009,1.52375637759306,8.35968640909091,2.89131222960975,2.40432641803825,1.66184602991359,3.06684628083587,"tscount_tsglm",-0.116274227868158,-0.138089652320526,-0.175534051226116
12,"rolling_one_step",1,"inad_constrained_alpha",2.32228258951254,1.48544525367734,7.75665981818182,2.78507806321148,2.40432641803825,1.66184602991359,3.06684628083587,"tscount_tsglm",-0.0820438285257024,-0.176400776236251,-0.281768217624385
13,"recursive_multi_step",1,"inad_unconstrained",2.37867789111117,1.01683480841814,0.689332000000001,0.830260200178234,2.46486121695654,1.1611988746338,0.741234479573915,"tscount_tsglm",-0.0861833258453686,-0.144364066215658,0.0890257206043187
13,"recursive_multi_step",1,"inad_constrained_alpha",2.23459649085503,0.925714963403529,0.3497645,0.591408910991371,2.46486121695654,1.1611988746338,0.741234479573915,"tscount_tsglm",-0.230264726101518,-0.235483911230273,-0.149825568582544
13,"recursive_multi_step",2,"inad_unconstrained",2.59331859838281,1.74291696699793,12.193844,3.49196849928518,2.33931331248662,1.51959450662232,3.31051375419138,"tscount_tsglm",0.254005285896189,0.223322460375605,0.181454745093799
13,"recursive_multi_step",2,"inad_constrained_alpha",2.30840763145594,1.6129549883799,10.7067325,3.27211437758523,2.33931331248662,1.51959450662232,3.31051375419138,"tscount_tsglm",-0.0309056810306787,0.0933604817575768,-0.038399376606149
13,"recursive_multi_step",3,"inad_unconstrained",2.22905766209096,1.30769679197566,6.592081,2.56750481985916,2.25112681393232,1.38227331788043,2.84461716434854,"tscount_tsglm",-0.0220691518413645,-0.0745765259047659,-0.277112344489382
13,"recursive_multi_step",3,"inad_constrained_alpha",2.28654209884884,1.42665267666904,8.19464,2.86262816306973,2.25112681393232,1.38227331788043,2.84461716434854,"tscount_tsglm",0.0354152849165157,0.0443793587886117,0.0180109987211949
13,"recursive_multi_step",4,"inad_unconstrained",3.0438977270717,3.87278018927094,46.321301,6.80597538931783,3.22785105651613,4.20867947155911,7.0925231820041,"tscount_tsglm",-0.18395332944443,-0.335899282288166,-0.286547792686272
13,"recursive_multi_step",4,"inad_constrained_alpha",3.28760518594222,4.47974266052131,58.951789,7.67800683771511,3.22785105651613,4.20867947155911,7.0925231820041,"tscount_tsglm",0.0597541294260875,0.271063188962207,0.585483655711008
13,"rolling_one_step",1,"inad_unconstrained",2.75765885040676,2.44805882729101,21.0528102272727,4.58833414511985,2.79160254019929,2.50791018967139,4.80450412029828,"tscount_tsglm",-0.0339436897925323,-0.0598513623803831,-0.216169975178427
13,"rolling_one_step",1,"inad_constrained_alpha",2.70806121223866,2.47845020197131,22.025968,4.69318314153624,2.79160254019929,2.50791018967139,4.80450412029828,"tscount_tsglm",-0.0835413279606274,-0.0294599877000823,-0.111320978762036
14,"recursive_multi_step",1,"inad_constrained_alpha",2.35344550337831,1.01253741567982,0.7282125,0.85335367814289,2.4638658621626,1.18058089261044,1.34601378406664,"tscount_tsglm",-0.110420358784288,-0.168043476930622,-0.492660105923752
14,"recursive_multi_step",1,"inad_unconstrained",2.62532782813386,1.04432546454641,0.7432685,0.862130210583065,2.4638658621626,1.18058089261044,1.34601378406664,"tscount_tsglm",0.161461965971266,-0.136255428064026,-0.483883573483578
14,"recursive_multi_step",2,"inad_constrained_alpha",2.62934777813135,1.52424338080292,4.233213,2.05747733887885,2.76386937009405,1.76371531995305,2.53427089476614,"tscount_tsglm",-0.1345215919627,-0.239471939150131,-0.476793555887293
14,"recursive_multi_step",2,"inad_unconstrained",2.82687279425202,1.66586640880211,5.510696,2.34748716716407,2.76386937009405,1.76371531995305,2.53427089476614,"tscount_tsglm",0.0630034241579618,-0.097848911150946,-0.186783727602072
14,"recursive_multi_step",3,"inad_constrained_alpha",2.67232098441412,1.74405625821657,5.8610745,2.42096561313869,2.84609290627894,1.90230593526849,2.69634523323174,"tscount_tsglm",-0.173771921864819,-0.158249677051918,-0.275379620093047
14,"recursive_multi_step",3,"inad_unconstrained",2.81061954335998,2.05491335529696,9.0331425,3.00551867403947,2.84609290627894,1.90230593526849,2.69634523323174,"tscount_tsglm",-0.0354733629189572,0.152607420028477,0.309173440807736
14,"recursive_multi_step",4,"inad_constrained_alpha",3.12273509728454,2.84499030421918,21.2263565,4.60720701727196,2.79374188266789,2.10835959591837,3.65165984758727,"tscount_tsglm",0.328993214616649,0.736630708300806,0.95554716968469
14,"recursive_multi_step",4,"inad_unconstrained",3.01250297965588,2.29597422135553,12.9233245,3.59490257169788,2.79374188266789,2.10835959591837,3.65165984758727,"tscount_tsglm",0.218761096987988,0.187614625437161,-0.0567572758893946
14,"rolling_one_step",1,"inad_constrained_alpha",3.11629134737063,2.80850282905899,22.3505026363636,4.72763182115144,3.04840047253166,3.01677502833565,5.21734710181737,"tscount_tsglm",0.0678908748389779,-0.208272199276658,-0.489715280665931
14,"rolling_one_step",1,"inad_unconstrained",3.12693666279814,2.86272680690969,23.2504920909091,4.82187640767669,3.04840047253166,3.01677502833565,5.21734710181737,"tscount_tsglm",0.0785361902664854,-0.154048221425959,-0.395470694140673
15,"recursive_multi_step",1,"inad_unconstrained",3.18689213367231,3.10149273431973,22.6793645,4.76228563822037,3.06512020183049,2.90130696418694,4.52972662646188,"tscount_tsglm",0.121771931841824,0.200185770132789,0.23255901175849
15,"recursive_multi_step",1,"inad_constrained_alpha",3.24319473262716,2.96994190017744,21.302504,4.61546357368358,3.06512020183049,2.90130696418694,4.52972662646188,"tscount_tsglm",0.178074530796675,0.0686349359905027,0.0857369472217
15,"recursive_multi_step",2,"inad_unconstrained",2.0489445743488,0.890129270532258,1.6016845,1.2655767459937,2.18467626682148,0.972303702982022,1.45898870629797,"tscount_tsglm",-0.135731692472677,-0.0821744324497644,-0.193411960304267
15,"recursive_multi_step",2,"inad_constrained_alpha",2.28063521878316,1.0054688816794,2.5997,1.61235852092517,2.18467626682148,0.972303702982022,1.45898870629797,"tscount_tsglm",0.0959589519616877,0.0331651786973739,0.153369814627204
15,"recursive_multi_step",3,"inad_unconstrained",2.28064297876026,1.8005884441594,13.382234,3.65817358800809,2.27578890769038,2.01018977368013,4.0150678741245,"tscount_tsglm",0.00485407106988056,-0.20960132952073,-0.356894286116409
15,"recursive_multi_step",3,"inad_constrained_alpha",2.27428092438665,1.95531492796231,14.9995625,3.87292686478844,2.27578890769038,2.01018977368013,4.0150678741245,"tscount_tsglm",-0.00150798330372659,-0.0548748457178181,-0.142141009336064
15,"recursive_multi_step",4,"inad_unconstrained",2.51512885139712,1.88323163749235,14.042561,3.74734052362472,2.35508078516957,1.8319289624359,3.59134724345078,"tscount_tsglm",0.160048066227555,0.0513026750564567,0.155993280173943
15,"recursive_multi_step",4,"inad_constrained_alpha",2.19100543612677,1.45024981872436,8.3384225,2.88763268093433,2.35508078516957,1.8319289624359,3.59134724345078,"tscount_tsglm",-0.164075349042798,-0.381679143711541,-0.703714562516446
15,"rolling_one_step",1,"inad_unconstrained",2.37816964139452,1.64319657612615,9.00642781818182,3.00107111181688,2.41452923627167,1.67786419751167,3.21733955680814,"tscount_tsglm",-0.0363595948771418,-0.034667621385527,-0.216268444991257
15,"rolling_one_step",1,"inad_constrained_alpha",2.44733771558692,1.64478405978708,8.83863536363636,2.97298425216757,2.41452923627167,1.67786419751167,3.21733955680814,"tscount_tsglm",0.0328084793152574,-0.0330801377245955,-0.24435530464057
16,"recursive_multi_step",1,"inad_unconstrained",2.81399857831116,2.45305600860216,15.6378925,3.95447752553988,2.76900025263434,2.37402090957119,3.8029926116143,"tscount_tsglm",0.0449983256768194,0.0790350990309725,0.151484913925578
16,"recursive_multi_step",1,"inad_constrained_alpha",2.89997337101869,2.49248512639696,16.267698,4.03332344351405,2.76900025263434,2.37402090957119,3.8029926116143,"tscount_tsglm",0.130973118384353,0.118464216825769,0.230330831899745
16,"recursive_multi_step",2,"inad_unconstrained",2.44177061018842,2.21131459895556,17.9357125,4.23505755568918,2.3995404596209,2.32032612970583,4.46464806005575,"tscount_tsglm",0.0422301505675224,-0.109011530750267,-0.229590504366572
16,"recursive_multi_step",2,"inad_constrained_alpha",2.28828125582789,1.95821381917477,14.180589,3.7657122832208,2.3995404596209,2.32032612970583,4.46464806005575,"tscount_tsglm",-0.111259203793014,-0.362112310531063,-0.698935776834952
16,"recursive_multi_step",3,"inad_unconstrained",2.33391522883071,1.30058462063079,4.7254685,2.17381427449541,2.28346919377274,1.25427482401038,2.23777512518697,"tscount_tsglm",0.0504460350579756,0.0463097966204142,-0.0639608506915654
16,"recursive_multi_step",3,"inad_constrained_alpha",2.35978026905046,1.23209427535602,4.6079725,2.14661885298718,2.28346919377274,1.25427482401038,2.23777512518697,"tscount_tsglm",0.0763110752777281,-0.0221805486543591,-0.0911562721997932
16,"recursive_multi_step",4,"inad_unconstrained",1.93965751660473,1.49375573842145,9.213489,3.03537295896237,2.41015139305334,2.0414437551607,3.72158525496741,"tscount_tsglm",-0.470493876448603,-0.547688016739252,-0.686212296005032
16,"recursive_multi_step",4,"inad_constrained_alpha",1.74711048020479,1.12243303782264,5.1064065,2.25973593590048,2.41015139305334,2.0414437551607,3.72158525496741,"tscount_tsglm",-0.663040912848546,-0.919010717338064,-1.46184931906693
16,"rolling_one_step",1,"inad_unconstrained",2.64457830559266,1.9511081633928,13.8863335,3.72643710533265,2.50658551273309,1.81083655625114,3.53457063449231,"tscount_tsglm",0.137992792859574,0.140271607141653,0.191866470840347
16,"rolling_one_step",1,"inad_constrained_alpha",2.61468878456896,1.82764174622322,12.5423219090909,3.54151407015289,2.50658551273309,1.81083655625114,3.53457063449231,"tscount_tsglm",0.108103271835878,0.016805189972078,0.00694343566058686
17,"recursive_multi_step",1,"inad_unconstrained",2.71975913595686,2.29568374118042,16.3800625,4.0472289903093,2.94753687878362,2.5462112342502,4.30809771113997,"tscount_tsglm",-0.227777742826762,-0.250527493069781,-0.260868720830675
17,"recursive_multi_step",1,"inad_constrained_alpha",2.73122194877611,1.82059513711545,9.909145,3.14787944495973,2.94753687878362,2.5462112342502,4.30809771113997,"tscount_tsglm",-0.216314930007509,-0.725616097134752,-1.16021826618024
17,"recursive_multi_step",2,"inad_unconstrained",3.28443806525165,3.62759005403305,31.0777085,5.57473842435679,3.38593109031007,4.08492926985182,6.2972460640552,"tscount_tsglm",-0.101493025058423,-0.457339215818767,-0.722507639698414
17,"recursive_multi_step",2,"inad_constrained_alpha",3.60575012702585,4.00073293675021,36.557386,6.04627042068083,3.38593109031007,4.08492926985182,6.2972460640552,"tscount_tsglm",0.21981903671578,-0.0841963331016027,-0.250975643374367
17,"recursive_multi_step",3,"inad_unconstrained",3.14657054633582,3.76219919311449,37.780097,6.14655163485999,3.09880412331743,3.81306809429836,6.24202754956434,"tscount_tsglm",0.047766423018393,-0.0508689011838741,-0.0954759147043545
17,"recursive_multi_step",3,"inad_constrained_alpha",2.96368363299472,3.56461728084564,35.046016,5.91996756747873,3.09880412331743,3.81306809429836,6.24202754956434,"tscount_tsglm",-0.135120490322703,-0.248450813452727,-0.322059982085615
17,"recursive_multi_step",4,"inad_unconstrained",2.62976489387578,2.19246261517441,14.2238025,3.77144567772095,2.72148118024536,2.46863865616262,4.08272241183845,"tscount_tsglm",-0.0917162863695853,-0.276176040988211,-0.3112767341175
17,"recursive_multi_step",4,"inad_constrained_alpha",2.85028129339958,2.5126290509277,19.194929,4.38120177576884,2.72148118024536,2.46863865616262,4.08272241183845,"tscount_tsglm",0.128800113154219,0.0439903947650757,0.29847936393039
17,"rolling_one_step",1,"inad_unconstrained",2.78428846211662,2.41686099539733,18.5318755,4.30486649038039,2.83094614138724,2.60495349250475,4.55673570814123,"tscount_tsglm",-0.046657679270615,-0.188092497107415,-0.25186921776084
17,"rolling_one_step",1,"inad_constrained_alpha",2.76274886057507,2.39884778816737,17.7874041818182,4.21751161015808,2.83094614138724,2.60495349250475,4.55673570814123,"tscount_tsglm",-0.068197280812166,-0.20610570433737,-0.339224097983155
18,"recursive_multi_step",1,"inad_constrained_alpha",2.04550964145378,0.745031077202931,0.4517465,0.672120896863057,2.10138172006443,0.75051096944611,0.137921835319541,"tscount_tsglm",-0.0558720786106552,-0.0054798922431798,0.534199061543516
18,"recursive_multi_step",1,"inad_unconstrained",2.17252256573829,0.791454545748002,0.4846185,0.696145458938001,2.10138172006443,0.75051096944611,0.137921835319541,"tscount_tsglm",0.07114084567386,0.0409435763018914,0.55822362361846
18,"recursive_multi_step",2,"inad_constrained_alpha",2.26973751524378,1.99223767285047,14.6282245,3.82468619627807,2.21760256151995,1.7788457999534,3.54138151191098,"tscount_tsglm",0.0521349537238307,0.213391872897071,0.283304684367093
18,"recursive_multi_step",2,"inad_unconstrained",2.34300692804713,1.79143985926514,12.34666,3.51378143884904,2.21760256151995,1.7788457999534,3.54138151191098,"tscount_tsglm",0.125404366527182,0.0125940593117386,-0.0276000730619401
18,"recursive_multi_step",3,"inad_constrained_alpha",2.49318441040547,2.20434621191678,17.221685,4.14990180606722,2.61869368050416,2.17450601006129,4.12138106572715,"tscount_tsglm",-0.12550927009869,0.029840201855484,0.0285207403400713
18,"recursive_multi_step",3,"inad_unconstrained",2.61610855987266,2.06675894829434,15.0055425,3.87369881379541,2.61869368050416,2.17450601006129,4.12138106572715,"tscount_tsglm",-0.00258512063150285,-0.107747061766958,-0.247682251931737
18,"recursive_multi_step",4,"inad_constrained_alpha",2.14875164620498,1.4177425290281,7.834216,2.79896695228793,2.33378386607934,1.78669041359706,3.46569150994023,"tscount_tsglm",-0.185032219874353,-0.368947884568961,-0.666724557652302
18,"recursive_multi_step",4,"inad_unconstrained",2.39222002129604,1.67120614541263,11.7018185,3.42079208663724,2.33378386607934,1.78669041359706,3.46569150994023,"tscount_tsglm",0.0584361552166999,-0.115484268184436,-0.0448994233029891
18,"rolling_one_step",1,"inad_constrained_alpha",2.30866674347014,1.43230222816957,7.10952604545455,2.66636945029277,2.34287509712647,1.55594702144861,3.09467321813714,"tscount_tsglm",-0.0342083536563278,-0.123644793279037,-0.428303767844372
18,"rolling_one_step",1,"inad_unconstrained",2.36318219296552,1.47777811438735,7.86576172727273,2.80459653555957,2.34287509712647,1.55594702144861,3.09467321813714,"tscount_tsglm",0.0203070958390463,-0.0781689070612617,-0.29007668257757
19,"recursive_multi_step",1,"inad_unconstrained",1.94845615021319,0.766268387985739,1.41521,1.18962599164611,1.81101863460993,0.697995091164928,0.962810679838747,"tscount_tsglm",0.137437515603263,0.0682732968208106,0.226815311807367
19,"recursive_multi_step",1,"inad_constrained_alpha",1.8925245791497,0.732397644978228,1.2273565,1.10786122777178,1.81101863460993,0.697995091164928,0.962810679838747,"tscount_tsglm",0.0815059445397779,0.0344025538133004,0.145050547933035
19,"recursive_multi_step",2,"inad_unconstrained",2.12926180125072,1.72899298916074,10.8345725,3.29159118056906,2.39929565077408,1.93871190840302,3.56961222937985,"tscount_tsglm",-0.270033849523365,-0.209718919242282,-0.278021048810796
19,"recursive_multi_step",2,"inad_constrained_alpha",2.49430365469606,2.00697046443802,12.6559925,3.55752617699435,2.39929565077408,1.93871190840302,3.56961222937985,"tscount_tsglm",0.0950080039219818,0.0682585560349989,-0.012086052385508
19,"recursive_multi_step",3,"inad_unconstrained",2.02822189546269,1.10991129607746,4.4838265,2.11750478157666,2.1386513381841,1.41136851928045,2.7122382134603,"tscount_tsglm",-0.110429442721415,-0.301457223202985,-0.594733431883641
19,"recursive_multi_step",3,"inad_constrained_alpha",2.07391506105895,1.28536775339897,6.405617,2.53093204175853,2.1386513381841,1.41136851928045,2.7122382134603,"tscount_tsglm",-0.0647362771251525,-0.12600076588148,-0.181306171701767
19,"recursive_multi_step",4,"inad_unconstrained",2.1160557430214,2.61111020164365,25.25002,5.02493980063443,2.95847982266006,3.26630209048046,5.31820621004368,"tscount_tsglm",-0.842424079638666,-0.655191888836809,-0.293266409409251
19,"recursive_multi_step",4,"inad_constrained_alpha",1.92306596634663,2.07052838036261,16.6593565,4.08158749753083,2.95847982266006,3.26630209048046,5.31820621004368,"tscount_tsglm",-1.03541385631344,-1.19577371011785,-1.23661871251285
19,"rolling_one_step",1,"inad_unconstrained",2.20206369369135,1.64082002716522,10.8132097727273,3.28834453376274,2.25274227501295,1.74713640504424,3.52232353766073,"tscount_tsglm",-0.0506785813215971,-0.106316377879019,-0.233979003897996
19,"rolling_one_step",1,"inad_constrained_alpha",2.22810979709053,1.69867572697633,11.6968721818182,3.42006903173287,2.25274227501295,1.74713640504424,3.52232353766073,"tscount_tsglm",-0.0246324779224234,-0.0484606780679147,-0.102254505927867
2,"recursive_multi_step",1,"inad_unconstrained",3.16780541537608,3.58944349818402,39.4783065,6.28317646576952,2.47302701212975,2.69829959255762,5.67132429075798,"tscount_tsglm",0.694778403246332,0.891143905626398,0.611852175011546
2,"recursive_multi_step",1,"inad_constrained_alpha",3.60898463086285,3.54948086203941,38.961442,6.24191012431291,2.47302701212975,2.69829959255762,5.67132429075798,"tscount_tsglm",1.1359576187331,0.851181269481792,0.570585833554931
2,"recursive_multi_step",2,"inad_unconstrained",2.53135168153514,2.32997378651433,22.8368565,4.7787923683709,2.37125206363042,1.84794859529122,3.90222540388416,"tscount_tsglm",0.160099617904721,0.482025191223109,0.87656696448675
2,"recursive_multi_step",2,"inad_constrained_alpha",2.41458529168137,2.12736625694669,17.220321,4.14973746157513,2.37125206363042,1.84794859529122,3.90222540388416,"tscount_tsglm",0.0433332280509484,0.279417661655473,0.247512057690974
2,"recursive_multi_step",3,"inad_unconstrained",2.15759726203624,1.00237144708393,1.9028525,1.37943919764519,2.2914174720666,1.20631923721399,1.72992061813093,"tscount_tsglm",-0.133820210030351,-0.20394779013006,-0.35048142048574
2,"recursive_multi_step",3,"inad_constrained_alpha",2.37046904395435,1.20861708097388,3.287853,1.81324377842584,2.2914174720666,1.20631923721399,1.72992061813093,"tscount_tsglm",0.0790515718877507,0.00229784375988706,0.0833231602949076
2,"recursive_multi_step",4,"inad_unconstrained",2.23503744876801,2.03089135277988,18.791081,4.33486804874151,2.3279999214305,2.17184954660226,4.25246977270054,"tscount_tsglm",-0.09296247266249,-0.140958193822381,0.0823982760409692
2,"recursive_multi_step",4,"inad_constrained_alpha",1.97949287340196,1.36324123089804,9.349405,3.05767967583264,2.3279999214305,2.17184954660226,4.25246977270054,"tscount_tsglm",-0.348507048028544,-0.808608315704218,-1.1947900968679
2,"rolling_one_step",1,"inad_unconstrained",2.67503824726129,2.13597381119285,16.3875551818182,4.04815454025883,2.64020032818764,2.03170936421171,3.80900060329815,"tscount_tsglm",0.034837919073655,0.104264446981139,0.239153936960682
2,"rolling_one_step",1,"inad_constrained_alpha",2.69678071205363,2.19812819680088,17.1628948181818,4.14281242855404,2.64020032818764,2.03170936421171,3.80900060329815,"tscount_tsglm",0.056580383865994,0.166418832589167,0.333811825255891
20,"recursive_multi_step",1,"inad_unconstrained",2.86850642159479,2.37573087401257,13.2923845,3.64587225503034,2.60876956724096,2.14454814201079,3.33299427556361,"tscount_tsglm",0.259736854353827,0.231182732001779,0.312877979466729
20,"recursive_multi_step",1,"inad_constrained_alpha",2.54681642161541,2.2806284064662,13.0872125,3.61762525698835,2.60876956724096,2.14454814201079,3.33299427556361,"tscount_tsglm",-0.061953145625548,0.13608026445541,0.284630981424737
20,"recursive_multi_step",2,"inad_unconstrained",3.57345385447839,4.28453281294023,42.005825,6.48119009133354,3.34681101242447,3.96438328675181,6.16065740385234,"tscount_tsglm",0.226642842053915,0.32014952618842,0.32053268748119
20,"recursive_multi_step",2,"inad_constrained_alpha",3.93793244166658,4.47537627868666,43.9621645,6.63039700922954,3.34681101242447,3.96438328675181,6.16065740385234,"tscount_tsglm",0.59112142924211,0.510992991934845,0.469739605377193
20,"recursive_multi_step",3,"inad_unconstrained",2.27231720240574,1.63643244323423,10.788905,3.28464686077514,2.29914800297368,1.70130275371421,3.41375292285702,"tscount_tsglm",-0.0268308005679412,-0.0648703104799846,-0.129106062081875
20,"recursive_multi_step",3,"inad_constrained_alpha",2.3510316533995,1.75572280622912,11.419369,3.3792556872779,2.29914800297368,1.70130275371421,3.41375292285702,"tscount_tsglm",0.0518836504258182,0.054420052514903,-0.034497235579122
20,"recursive_multi_step",4,"inad_unconstrained",2.65176885297457,2.66879169542453,20.9548125,4.57764267937112,2.82025222281068,2.586462226929,4.40845345876418,"tscount_tsglm",-0.168483369836115,0.0823294684955362,0.169189220606937
20,"recursive_multi_step",4,"inad_constrained_alpha",2.81031241746969,2.71721095113359,19.08386,4.36850775437105,2.82025222281068,2.586462226929,4.40845345876418,"tscount_tsglm",-0.00993980534099626,0.130748724204598,-0.0399457043931317
20,"rolling_one_step",1,"inad_unconstrained",2.43451718425407,1.68014259909126,8.38123763636364,2.89503672452762,2.45142347874464,1.69050750970965,2.989903664269,"tscount_tsglm",-0.0169062944905698,-0.0103649106183912,-0.0948669397413715
20,"rolling_one_step",1,"inad_constrained_alpha",2.46425746584473,1.75666206722959,9.37336245454545,3.06159475674777,2.45142347874464,1.69050750970965,2.989903664269,"tscount_tsglm",0.0128339871000889,0.0661545575199365,0.071691092478777
21,"recursive_multi_step",1,"inad_unconstrained",2.39347808181156,1.82908532528882,11.9656,3.45913283931103,2.26505301717793,1.67410230757748,3.12345117539425,"tscount_tsglm",0.128425064633633,0.154983017711337,0.335681663916785
21,"recursive_multi_step",1,"inad_constrained_alpha",2.36417800405591,1.90721759608976,12.268624,3.50265956096221,2.26505301717793,1.67410230757748,3.12345117539425,"tscount_tsglm",0.0991249868779822,0.233115288512286,0.379208385567966
21,"recursive_multi_step",2,"inad_unconstrained",2.52431165456633,1.52118176798637,6.3725285,2.52438675721451,2.39732675637398,1.49240458386175,2.51187822793878,"tscount_tsglm",0.126984898192357,0.0287771841246229,0.0125085292757361
21,"recursive_multi_step",2,"inad_constrained_alpha",2.2889667702779,1.36593389883916,5.04157,2.24534407162911,2.39732675637398,1.49240458386175,2.51187822793878,"tscount_tsglm",-0.108359986096078,-0.12647068502258,-0.266534156309664
21,"recursive_multi_step",3,"inad_unconstrained",2.4550981688158,1.66910258308924,7.590145,2.75502177849831,2.48523799268163,1.57966117413736,2.67022828695266,"tscount_tsglm",-0.0301398238658201,0.0894414089518736,0.0847934915456476
21,"recursive_multi_step",3,"inad_constrained_alpha",2.57772000115967,1.70198208486464,8.0493965,2.83714583692837,2.48523799268163,1.57966117413736,2.67022828695266,"tscount_tsglm",0.0924820084780449,0.122320910727276,0.166917549975709
21,"recursive_multi_step",4,"inad_unconstrained",2.38269807497811,1.73988917944773,12.0888725,3.47690559262112,2.34517017851303,1.80625144490345,3.52315138758048,"tscount_tsglm",0.0375278964650745,-0.0663622654557159,-0.0462457949593635
21,"recursive_multi_step",4,"inad_constrained_alpha",2.26081953056578,1.50870489795466,8.550125,2.92405967791357,2.34517017851303,1.80625144490345,3.52315138758048,"tscount_tsglm",-0.0843506479472507,-0.297546546948784,-0.599091709666912
21,"rolling_one_step",1,"inad_unconstrained",2.77957533163252,2.35153053703362,18.541318,4.30596307462105,2.66063072047376,2.20888263649007,4.19996267916941,"tscount_tsglm",0.118944611158767,0.142647900543544,0.106000395451644
21,"rolling_one_step",1,"inad_constrained_alpha",2.84423574705859,2.30580479979092,17.8635753181818,4.22653230416873,2.66063072047376,2.20888263649007,4.19996267916941,"tscount_tsglm",0.183605026584829,0.0969221633008508,0.0265696249993184
22,"recursive_multi_step",1,"inad_constrained_alpha",3.02117735968705,2.01239007742625,8.3631925,2.89191848087044,3.23579551671952,2.20013472172127,3.04681896932196,"tscount_tsglm",-0.214618157032474,-0.18774464429502,-0.154900488451521
22,"recursive_multi_step",1,"inad_unconstrained",2.96472892964858,1.93803437401183,7.4716465,2.7334312685707,3.23579551671952,2.20013472172127,3.04681896932196,"tscount_tsglm",-0.271066587070941,-0.262100347709446,-0.313387700751267
22,"recursive_multi_step",2,"inad_constrained_alpha",2.71389874433096,2.49841074222986,20.4655285,4.52388422707743,2.68778242283049,2.5273978345037,4.83251939778725,"tscount_tsglm",0.0261163215004707,-0.0289870922738444,-0.308635170709816
22,"recursive_multi_step",2,"inad_unconstrained",2.98116303557019,2.77910071979402,24.8984485,4.9898345162941,2.68778242283049,2.5273978345037,4.83251939778725,"tscount_tsglm",0.293380612739707,0.251702885290312,0.157315118506852
22,"recursive_multi_step",3,"inad_constrained_alpha",2.24610240405454,1.59151310976682,11.1016025,3.33190673638984,2.19643661560604,1.56899970680604,3.35277885970476,"tscount_tsglm",0.0496657884484946,0.0225134029607754,-0.0208721233149158
22,"recursive_multi_step",3,"inad_unconstrained",2.26809730036291,1.50898375589891,9.308672,3.05101163550715,2.19643661560604,1.56899970680604,3.35277885970476,"tscount_tsglm",0.0716606847568699,-0.0600159509071374,-0.301767224197609
22,"recursive_multi_step",4,"inad_constrained_alpha",2.7312783383155,2.39781172218071,16.9396625,4.11578212494296,2.82974078735014,2.52501337120331,4.5220298903733,"tscount_tsglm",-0.0984624490346402,-0.127201649022607,-0.406247765430334
22,"recursive_multi_step",4,"inad_unconstrained",2.82044333314103,2.63063537370865,22.029188,4.69352617975015,2.82974078735014,2.52501337120331,4.5220298903733,"tscount_tsglm",-0.00929745420910866,0.105622002505338,0.17149628937685
22,"rolling_one_step",1,"inad_constrained_alpha",2.62772360484811,2.03558555839897,14.4475337272727,3.80099115064383,2.57207241005861,2.09589645130077,4.05990765748544,"tscount_tsglm",0.0556511947895006,-0.0603108929018035,-0.258916506841607
22,"rolling_one_step",1,"inad_unconstrained",2.64299399517304,2.0459200661104,14.1747839545455,3.76494142777088,2.57207241005861,2.09589645130077,4.05990765748544,"tscount_tsglm",0.0709215851144354,-0.049976385190369,-0.294966229714557
23,"recursive_multi_step",1,"inad_unconstrained",2.03666188166409,1.11607530923854,4.382285,2.09339079008197,2.16282233942289,1.10439301695001,1.89141561441699,"tscount_tsglm",-0.126160457758801,0.0116822922885336,0.201975175664976
23,"recursive_multi_step",1,"inad_constrained_alpha",2.21310188094099,1.14668636579997,4.3534145,2.08648376461452,2.16282233942289,1.10439301695001,1.89141561441699,"tscount_tsglm",0.0502795415181003,0.0422933488499617,0.195068150197534
23,"recursive_multi_step",2,"inad_unconstrained",2.33581280949115,1.00678372743135,1.3303945,1.15342728422732,2.32450358877805,0.98381649215135,0.999640935061783,"tscount_tsglm",0.0113092207130925,0.0229672352799948,0.153786349165532
23,"recursive_multi_step",2,"inad_constrained_alpha",2.24324771071408,0.903709042027029,0.521905000000001,0.722429927397807,2.32450358877805,0.98381649215135,0.999640935061783,"tscount_tsglm",-0.0812558780639754,-0.0801074501243214,-0.277211007663976
23,"recursive_multi_step",3,"inad_unconstrained",2.34254240363947,1.05341015563063,2.01973,1.42117205151241,2.28746349803392,1.05714868460772,1.54112962320753,"tscount_tsglm",0.0550789056055492,-0.00373852897708948,-0.11995757169512
23,"recursive_multi_step",3,"inad_constrained_alpha",2.43706010481896,1.14958526488374,2.5433225,1.59477976535947,2.28746349803392,1.05714868460772,1.54112962320753,"tscount_tsglm",0.149596606785037,0.0924365802760261,0.0536501421519349
23,"recursive_multi_step",4,"inad_unconstrained",2.34992610678113,1.42003761010491,7.540685,2.74603077185963,2.23492706576943,1.46178482298096,2.87680828459085,"tscount_tsglm",0.114999041011695,-0.0417472128760465,-0.130777512731215
23,"recursive_multi_step",4,"inad_constrained_alpha",2.2537817940879,1.26711635651788,5.393105,2.32230596606046,2.23492706576943,1.46178482298096,2.87680828459085,"tscount_tsglm",0.0188547283184626,-0.194668466463082,-0.554502318530388
23,"rolling_one_step",1,"inad_unconstrained",2.33419181654029,1.56133349687238,10.474185,3.23638455687825,2.4497969728438,1.70627351681299,3.3952992456921,"tscount_tsglm",-0.11560515630351,-0.144940019940611,-0.158914688813858
23,"rolling_one_step",1,"inad_constrained_alpha",2.27594480681148,1.55538828524737,10.4769897272727,3.23681783968031,2.4497969728438,1.70627351681299,3.3952992456921,"tscount_tsglm",-0.173852166032326,-0.150885231565621,-0.158481406011791
24,"recursive_multi_step",1,"inad_unconstrained",2.60111009862934,1.64717660377466,5.625677,2.37185096496386,2.73869360649092,1.68688942888695,2.27748688090821,"tscount_tsglm",-0.137583507861585,-0.0397128251122987,0.0943640840556506
24,"recursive_multi_step",1,"inad_constrained_alpha",2.51974700202265,1.48934045892967,4.734985,2.17600206801372,2.73869360649092,1.68688942888695,2.27748688090821,"tscount_tsglm",-0.21894660446827,-0.197548969957284,-0.101484812894487
24,"recursive_multi_step",2,"inad_unconstrained",2.59518685384552,1.86345685880388,8.1156965,2.84880615346148,2.82056783668416,1.88673428799456,2.72591872568575,"tscount_tsglm",-0.225380982838638,-0.023277429190683,0.122887427775731
24,"recursive_multi_step",2,"inad_constrained_alpha",2.7232914683585,1.82205661719458,7.5662005,2.75067273589571,2.82056783668416,1.88673428799456,2.72591872568575,"tscount_tsglm",-0.0972763683256606,-0.0646776707999748,0.0247540102099615
24,"recursive_multi_step",3,"inad_unconstrained",2.77801293265534,3.30474631859115,30.525625,5.525,2.93425543270981,3.25850158046945,5.33926507185976,"tscount_tsglm",-0.156242500054468,0.0462447381217084,0.185734928140243
24,"recursive_multi_step",3,"inad_constrained_alpha",3.11770411755444,3.24317730906005,27.562933,5.25004123793328,2.93425543270981,3.25850158046945,5.33926507185976,"tscount_tsglm",0.18344868484463,-0.0153242714093982,-0.0892238339264768
24,"recursive_multi_step",4,"inad_unconstrained",3.58455936487129,4.6385739664363,62.1008525,7.88040941195316,3.51121721559549,4.59215697022207,7.87034003522063,"tscount_tsglm",0.0733421492758004,0.0464169962142273,0.0100693767325302
24,"recursive_multi_step",4,"inad_constrained_alpha",3.82456770197842,5.49339038075101,78.044525,8.83428123844832,3.51121721559549,4.59215697022207,7.87034003522063,"tscount_tsglm",0.313350486382933,0.90123341052894,0.963941203227689
24,"rolling_one_step",1,"inad_unconstrained",2.86839384467471,2.50784606568678,18.1301662272727,4.25795329087494,2.88956666682082,2.53666013180181,4.48403220761868,"tscount_tsglm",-0.0211728221461112,-0.028814066115034,-0.226078916743742
24,"rolling_one_step",1,"inad_constrained_alpha",3.05333769807582,2.72080912175293,20.8017055,4.56088867437038,2.88956666682082,2.53666013180181,4.48403220761868,"tscount_tsglm",0.163771031254998,0.184148989951117,0.076856466751698
25,"recursive_multi_step",1,"inad_unconstrained",3.00902353402077,2.51915564848943,15.379425,3.92166100013757,3.2655138525549,3.02461483969245,4.42492063737682,"tscount_tsglm",-0.256490318534125,-0.505459191203022,-0.503259637239247
25,"recursive_multi_step",1,"inad_constrained_alpha",2.89299015554148,2.08860914801373,10.7143825,3.27328313776856,3.2655138525549,3.02461483969245,4.42492063737682,"tscount_tsglm",-0.372523697013413,-0.936005691678727,-1.15163749960826
25,"recursive_multi_step",2,"inad_unconstrained",4.55580391756315,6.98362964202235,90.245493,9.49976278651209,4.57602077372741,7.91629630771243,10.4663834398843,"tscount_tsglm",-0.0202168561642582,-0.932666665690087,-0.96662065337218
25,"recursive_multi_step",2,"inad_constrained_alpha",4.98470058927132,8.33036134678928,112.1740325,10.5912243154415,4.57602077372741,7.91629630771243,10.4663834398843,"tscount_tsglm",0.408679815543904,0.414065039076847,0.124840875557261
25,"recursive_multi_step",3,"inad_unconstrained",2.65271638639875,1.48260615670977,3.0398465,1.74351555771665,2.72821380957927,1.57522740610954,1.86184165787319,"tscount_tsglm",-0.0754974231805239,-0.0926212493997709,-0.118326100156535
25,"recursive_multi_step",3,"inad_constrained_alpha",2.61422506534721,1.57735953673194,4.501873,2.12176176796548,2.72821380957927,1.57522740610954,1.86184165787319,"tscount_tsglm",-0.113988744232065,0.00213213062239515,0.259920110092295
25,"recursive_multi_step",4,"inad_unconstrained",3.92392989874624,3.78991271208581,28.8026245,5.36680766377928,3.58964788379564,3.62440247906375,5.28042648484484,"tscount_tsglm",0.334282014950601,0.16551023302206,0.0863811789344346
25,"recursive_multi_step",4,"inad_constrained_alpha",4.13200228087473,4.99744418621917,43.473697,6.59345865233111,3.58964788379564,3.62440247906375,5.28042648484484,"tscount_tsglm",0.542354397079089,1.37304170715542,1.31303216748627
25,"rolling_one_step",1,"inad_unconstrained",3.5775592010719,4.22542874031041,45.4357455,6.74060423849376,3.61727293822226,4.46955956914439,6.90598497189715,"tscount_tsglm",-0.0397137371503593,-0.244130828833983,-0.165380733403393
25,"rolling_one_step",1,"inad_constrained_alpha",3.59838098099334,4.30063772386706,46.0022656363636,6.7824970059974,3.61727293822226,4.46955956914439,6.90598497189715,"tscount_tsglm",-0.0188919572289179,-0.168921845277331,-0.123487965899755
26,"recursive_multi_step",1,"inad_unconstrained",2.36537205226873,1.87284094244631,11.7757625,3.43158308947926,2.15257400966217,1.71654567726439,3.3775055194165,"tscount_tsglm",0.212798042606556,0.15629526518192,0.0540775700627609
26,"recursive_multi_step",1,"inad_constrained_alpha",2.3542872681042,2.02821393751019,13.7396,3.70669664256464,2.15257400966217,1.71654567726439,3.3775055194165,"tscount_tsglm",0.201713258442027,0.311668260245807,0.329191123148148
26,"recursive_multi_step",2,"inad_unconstrained",2.63703433782067,1.84814464148287,9.8864725,3.1442761488139,2.58453064583025,1.81592538925541,3.0624435678168,"tscount_tsglm",0.0525036919904251,0.032219252227466,0.0818325809971094
26,"recursive_multi_step",2,"inad_constrained_alpha",2.56668785171809,1.77503714945909,9.02513,3.00418541371867,2.58453064583025,1.81592538925541,3.0624435678168,"tscount_tsglm",-0.0178427941121542,-0.0408882397963153,-0.0582581540981284
26,"recursive_multi_step",3,"inad_unconstrained",2.49797701435317,1.24891558290334,1.57824,1.25628022351703,2.46115517855984,1.10303892279809,0.771243895093392,"tscount_tsglm",0.0368218357933272,0.145876660105247,0.485036328423639
26,"recursive_multi_step",3,"inad_constrained_alpha",2.56960310647661,1.14902125420913,1.012133,1.00604820958044,2.46115517855984,1.10303892279809,0.771243895093392,"tscount_tsglm",0.108447927916774,0.0459823314110357,0.234804314487044
26,"recursive_multi_step",4,"inad_unconstrained",2.43018114310581,1.64944965475473,9.289757,3.04791026770802,2.33069925855613,1.55977703266181,2.9215827039804,"tscount_tsglm",0.0994818845496832,0.0896726220929229,0.126327563727623
26,"recursive_multi_step",4,"inad_constrained_alpha",2.51822069347634,1.52213830602441,6.3745625,2.52478959519402,2.33069925855613,1.55977703266181,2.9215827039804,"tscount_tsglm",0.187521434920209,-0.0376387266373996,-0.396793108786378
26,"rolling_one_step",1,"inad_unconstrained",2.57729749476667,1.78191373167451,9.39723022727273,3.06549020994567,2.49771182861101,1.61702525176648,2.61961073399799,"tscount_tsglm",0.0795856661556589,0.164888479908036,0.445879475947678
26,"rolling_one_step",1,"inad_constrained_alpha",2.44978416019046,1.65521481708804,7.85866763636364,2.80333152451929,2.49771182861101,1.61702525176648,2.61961073399799,"tscount_tsglm",-0.0479276684205536,0.0381895653215594,0.1837207905213
27,"recursive_multi_step",1,"inad_constrained_alpha",2.14564004105564,2.00235092234118,13.062517,3.61421042552865,1.90814823577198,1.53380954920761,2.98132741829303,"tscount_tsglm",0.237491805283661,0.46854137313357,0.632883007235621
27,"recursive_multi_step",1,"inad_unconstrained",2.12575921841402,1.97598400500248,13.473434,3.67061765919579,1.90814823577198,1.53380954920761,2.98132741829303,"tscount_tsglm",0.217610982642041,0.442174455794868,0.689290240902761
27,"recursive_multi_step",2,"inad_constrained_alpha",2.54820694178392,2.61253147059572,19.787674,4.44833384538526,2.60156308300975,2.65097881024787,4.58453974882175,"tscount_tsglm",-0.053356141225831,-0.0384473396521519,-0.136205903436489
27,"recursive_multi_step",2,"inad_unconstrained",2.62667061581743,2.69900584594223,22.6960925,4.76404161400801,2.60156308300975,2.65097881024787,4.58453974882175,"tscount_tsglm",0.0251075328076813,0.0480270356943575,0.179501865186258
27,"recursive_multi_step",3,"inad_constrained_alpha",2.39221057737972,1.21192330577594,3.7709225,1.94188632520032,2.22106987775933,1.07905643183951,1.69992601745629,"tscount_tsglm",0.171140699620381,0.132866873936431,0.241960307744028
27,"recursive_multi_step",3,"inad_unconstrained",2.26087800199099,1.15029864772658,3.489428,1.8680010706635,2.22106987775933,1.07905643183951,1.69992601745629,"tscount_tsglm",0.0398081242316533,0.0712422158870671,0.168075053207213
27,"recursive_multi_step",4,"inad_constrained_alpha",3.37036607907906,3.44608193091255,27.604377,5.2539867719666,3.02793962405053,2.68390388974605,4.31195350156223,"tscount_tsglm",0.342426455028527,0.762178041166499,0.942033270404368
27,"recursive_multi_step",4,"inad_unconstrained",3.41026883943184,3.23988554368547,25.193053,5.01926817374804,3.02793962405053,2.68390388974605,4.31195350156223,"tscount_tsglm",0.382329215381312,0.555981653939412,0.70731467218581
27,"rolling_one_step",1,"inad_constrained_alpha",2.72168002190719,2.24293636790119,16.3050040454545,4.03794552284383,2.44423761136369,1.93937351083723,3.74187964888277,"tscount_tsglm",0.277442410543502,0.30356285706396,0.296065873961059
27,"rolling_one_step",1,"inad_unconstrained",2.64872397629449,2.17101218722215,15.9560543636364,3.99450301835364,2.44423761136369,1.93937351083723,3.74187964888277,"tscount_tsglm",0.204486364930794,0.23163867638492,0.25262336947087
28,"recursive_multi_step",1,"inad_unconstrained",4.25405637196476,4.96786786520127,62.3713625,7.89755421000705,3.70799120065765,5.07011137314423,8.05007625582375,"tscount_tsglm",0.546065171307112,-0.10224350794296,-0.152522045816707
28,"recursive_multi_step",1,"inad_constrained_alpha",3.25575790462042,4.7739896034986,59.24729,7.69722612374094,3.70799120065765,5.07011137314423,8.05007625582375,"tscount_tsglm",-0.452233296037231,-0.296121769645627,-0.352850132082811
28,"recursive_multi_step",2,"inad_unconstrained",4.40015621578172,8.72348919348706,188.4507565,13.7277367581113,4.27690023525511,8.78326127600877,13.7321905721275,"tscount_tsglm",0.12325598052661,-0.0597720825217092,-0.00445381401616629
28,"recursive_multi_step",2,"inad_constrained_alpha",4.37554345920158,9.00816490119999,194.1725545,13.9345812459507,4.27690023525511,8.78326127600877,13.7321905721275,"tscount_tsglm",0.0986432239464703,0.224903625191219,0.202390673823206
28,"recursive_multi_step",3,"inad_unconstrained",2.53245967101756,2.02441435890139,10.1022805,3.17840848539013,2.66981715699329,2.08032022905284,3.30639719492414,"tscount_tsglm",-0.137357485975734,-0.0559058701514439,-0.127988709534008
28,"recursive_multi_step",3,"inad_constrained_alpha",2.44122399558835,1.8563325506178,8.8426985,2.97366751672072,2.66981715699329,2.08032022905284,3.30639719492414,"tscount_tsglm",-0.228593161404942,-0.223987678435032,-0.332729678203417
28,"recursive_multi_step",4,"inad_unconstrained",2.14518904846787,1.48957488829507,6.1737925,2.48471175390628,2.51264933668373,1.77713679219799,2.95204034263849,"tscount_tsglm",-0.367460288215864,-0.287561903902921,-0.467328588732212
28,"recursive_multi_step",4,"inad_constrained_alpha",2.12821455910741,1.37417094354673,4.4800565,2.11661439568004,2.51264933668373,1.77713679219799,2.95204034263849,"tscount_tsglm",-0.384434777576319,-0.402965848651256,-0.835425946958443
28,"rolling_one_step",1,"inad_unconstrained",3.09758114082927,3.76826136688716,46.434217,6.81426569778432,2.89524202900332,3.50177803195109,6.83334982568871,"tscount_tsglm",0.202339111825948,0.266483334936074,-0.0190841279043914
28,"rolling_one_step",1,"inad_constrained_alpha",3.1796958027069,3.88388256454222,50.0332370909091,7.07341763866019,2.89524202900332,3.50177803195109,6.83334982568871,"tscount_tsglm",0.284453773703584,0.382104532591137,0.24006781297148
29,"recursive_multi_step",1,"inad_unconstrained",2.15650539998957,1.20229194273773,5.5663085,2.3593025452451,2.22532714905489,1.26883906597927,2.55031098299924,"tscount_tsglm",-0.0688217490653171,-0.0665471232415347,-0.191008437754138
29,"recursive_multi_step",1,"inad_constrained_alpha",2.27867615827461,1.34065062748173,7.20477,2.68417026285592,2.22532714905489,1.26883906597927,2.55031098299924,"tscount_tsglm",0.0533490092197244,0.071811561502469,0.13385927985668
29,"recursive_multi_step",2,"inad_unconstrained",2.44219725519622,1.14734621595485,0.485,0.696419413859206,2.49917828144524,1.12708853192661,0.326923822416747,"tscount_tsglm",-0.0569810262490238,0.0202576840282371,0.369495591442459
29,"recursive_multi_step",2,"inad_constrained_alpha",2.43147635492749,1.06048911916927,0.2165665,0.465367059427287,2.49917828144524,1.12708853192661,0.326923822416747,"tscount_tsglm",-0.067701926517751,-0.0665994127573384,0.13844323701054
29,"recursive_multi_step",3,"inad_unconstrained",2.40802461759009,1.52182516576362,8.908249,2.98466899337263,2.2917505772652,1.61492448458183,3.30289488493368,"tscount_tsglm",0.116274040324889,-0.0930993188182088,-0.318225891561047
29,"recursive_multi_step",3,"inad_constrained_alpha",2.3790793990435,1.69248308571611,11.275272,3.35786718022021,2.2917505772652,1.61492448458183,3.30289488493368,"tscount_tsglm",0.087328821778307,0.0775586011342801,0.0549722952865275
29,"recursive_multi_step",4,"inad_unconstrained",2.18113687723644,1.52399205361023,5.303321,2.30289404880034,2.58321156666801,1.89362595377623,3.03775147157251,"tscount_tsglm",-0.402074689431573,-0.369633900166006,-0.734857422772179
29,"recursive_multi_step",4,"inad_constrained_alpha",2.1624434543934,1.52396164033506,5.741984,2.39624372716967,2.58321156666801,1.89362595377623,3.03775147157251,"tscount_tsglm",-0.420768112274617,-0.369664313441174,-0.641507744402843
29,"rolling_one_step",1,"inad_unconstrained",2.45683231644481,1.53574872015247,6.74337640909091,2.5968011878253,2.54555975824456,1.73943257459971,3.19737038569993,"tscount_tsglm",-0.0887274417997528,-0.203683854447243,-0.600569197874629
29,"rolling_one_step",1,"inad_constrained_alpha",2.55123870673008,1.61748744870865,7.66899231818182,2.76929455244144,2.54555975824456,1.73943257459971,3.19737038569993,"tscount_tsglm",0.00567894848551687,-0.121945125891067,-0.428075833258496
3,"recursive_multi_step",1,"inad_unconstrained",2.33590328995162,1.70712048961224,11.515024,3.393379436491,2.16974783202309,1.62130014848236,3.26002678173877,"tscount_tsglm",0.16615545792853,0.085820341129875,0.133352654752237
3,"recursive_multi_step",1,"inad_constrained_alpha",2.4968262768075,1.7575229587764,11.7988685,3.43494810732273,2.16974783202309,1.62130014848236,3.26002678173877,"tscount_tsglm",0.327078444784415,0.136222810294031,0.174921325583962
3,"recursive_multi_step",2,"inad_unconstrained",2.52075671277188,1.76273483352787,9.001672,3.00027865372535,2.49409649279963,1.67237529652585,2.94809807576816,"tscount_tsglm",0.0266602199722503,0.0903595370020238,0.052180577957186
3,"recursive_multi_step",2,"inad_constrained_alpha",2.47977895063702,1.55891353253085,7.216505,2.68635533762754,2.49409649279963,1.67237529652585,2.94809807576816,"tscount_tsglm",-0.0143175421626052,-0.113461763994998,-0.261742738140619
3,"recursive_multi_step",3,"inad_unconstrained",2.50734815267615,1.09825161749268,1.1506865,1.07270056399724,2.26566529208827,0.96835796438713,0.883950895302733,"tscount_tsglm",0.24168286058788,0.129893653105546,0.188749668694508
3,"recursive_multi_step",3,"inad_constrained_alpha",2.37439665714119,1.02907904824813,0.874256,0.93501657739315,2.26566529208827,0.96835796438713,0.883950895302733,"tscount_tsglm",0.108731365052918,0.0607210838610029,0.0510656820904166
3,"recursive_multi_step",4,"inad_unconstrained",2.0452563085645,1.15393167965398,6.2122365,2.49243585674737,2.13870322061125,1.59062376055951,3.05989884725396,"tscount_tsglm",-0.0934469120467463,-0.436692080905532,-0.56746299050659
3,"recursive_multi_step",4,"inad_constrained_alpha",1.95624364500756,0.881595222173205,2.810314,1.67639911715558,2.13870322061125,1.59062376055951,3.05989884725396,"tscount_tsglm",-0.182459575603689,-0.709028538386308,-1.38349973009838
3,"rolling_one_step",1,"inad_unconstrained",2.21864744601891,1.40278866924097,7.15688009090909,2.6752345861455,2.23042240686874,1.44619117165409,2.74085108492824,"tscount_tsglm",-0.0117749608498308,-0.0434025024131208,-0.065616498782743
3,"rolling_one_step",1,"inad_constrained_alpha",2.1607962132334,1.31275823733251,6.20569186363636,2.49112261112061,2.23042240686874,1.44619117165409,2.74085108492824,"tscount_tsglm",-0.0696261936353428,-0.133432934321585,-0.249728473807635
30,"recursive_multi_step",1,"inad_unconstrained",2.17983160428342,0.817331284233016,0.028125,0.167705098312484,2.20041357789244,0.849819545709535,0.298609993780107,"tscount_tsglm",-0.0205819736090209,-0.0324882614765184,-0.130904895467622
30,"recursive_multi_step",1,"inad_constrained_alpha",2.09256299793682,0.81528760153991,0.245033,0.495008080742123,2.20041357789244,0.849819545709535,0.298609993780107,"tscount_tsglm",-0.107850579955629,-0.0345319441696246,0.196398086962016
30,"recursive_multi_step",2,"inad_unconstrained",2.89942919064618,2.86082557341559,25.3975325,5.03959646201955,2.95355133963966,2.79228215373543,4.88632998912133,"tscount_tsglm",-0.0541221489934758,0.0685434196801591,0.153266472898225
30,"recursive_multi_step",2,"inad_constrained_alpha",3.05249642119928,3.02211778500139,27.4658885,5.2407908277282,2.95355133963966,2.79228215373543,4.88632998912133,"tscount_tsglm",0.0989450815596276,0.229835631265958,0.35446083860687
30,"recursive_multi_step",3,"inad_unconstrained",3.05701846413429,3.3862430238543,34.2424825,5.85170765674431,3.00198811437408,3.12960982222517,5.54843771049122,"tscount_tsglm",0.0550303497602038,0.256633201629125,0.303269946253097
30,"recursive_multi_step",3,"inad_constrained_alpha",3.08902285912617,3.07504031458937,29.596858,5.44029944028819,3.00198811437408,3.12960982222517,5.54843771049122,"tscount_tsglm",0.0870347447520858,-0.0545695076358075,-0.108138270203025
30,"recursive_multi_step",4,"inad_unconstrained",2.3299065702188,0.986804500866092,1.017274,1.00860001982947,2.17774908711257,0.912967861013945,1.11738920867722,"tscount_tsglm",0.152157483106229,0.0738366398521473,-0.108789188847756
30,"recursive_multi_step",4,"inad_constrained_alpha",2.43690483075831,0.9760276085114,0.19477,0.441327542761609,2.17774908711257,0.912967861013945,1.11738920867722,"tscount_tsglm",0.259155743645735,0.063059747497455,-0.676061665915613
30,"rolling_one_step",1,"inad_unconstrained",2.64359498094306,2.19736222445763,21.9105751363636,4.68087333051896,2.63294985445107,2.15701021249844,4.42611215663131,"tscount_tsglm",0.0106451264919882,0.0403520119591856,0.254761173887647
30,"rolling_one_step",1,"inad_constrained_alpha",2.49523818737552,2.01437359312257,19.0289070454545,4.36221354881378,2.63294985445107,2.15701021249844,4.42611215663131,"tscount_tsglm",-0.13771166707555,-0.142636619375873,-0.063898607817527
31,"recursive_multi_step",1,"inad_constrained_alpha",2.71335704320589,1.83742163663433,8.6643485,2.94352654141253,2.71809498283364,1.82228403095224,2.88982252787635,"tscount_tsglm",-0.00473793962774582,0.0151376056820922,0.0537040135361813
31,"recursive_multi_step",1,"inad_unconstrained",2.73994583271868,1.79681020517642,8.407825,2.89962497575117,2.71809498283364,1.82228403095224,2.88982252787635,"tscount_tsglm",0.0218508498850447,-0.0254738257758156,0.00980244787482754
31,"recursive_multi_step",2,"inad_constrained_alpha",2.35507642177389,1.02424537935688,0.4646525,0.681654237865503,2.44893343915329,1.09112691644877,0.726338728110078,"tscount_tsglm",-0.0938570173794093,-0.0668815370918894,-0.0446844902445743
31,"recursive_multi_step",2,"inad_unconstrained",2.42549771816984,1.12052101395934,0.864121000000001,0.92958108844791,2.44893343915329,1.09112691644877,0.726338728110078,"tscount_tsglm",-0.0234357209834579,0.029394097510572,0.203242360337832
31,"recursive_multi_step",3,"inad_constrained_alpha",2.8699506037548,2.00934250820663,8.658037,2.94245424773266,2.81668391799572,1.89373484544211,2.7069759956783,"tscount_tsglm",0.0532666857590853,0.115607662764526,0.235478252054363
31,"recursive_multi_step",3,"inad_unconstrained",3.18106623956772,2.208147947099,10.328365,3.21377737250109,2.81668391799572,1.89373484544211,2.7069759956783,"tscount_tsglm",0.364382321572002,0.314413101656893,0.506801376822787
31,"recursive_multi_step",4,"inad_constrained_alpha",3.17072050524414,2.61479390936515,15.1092485,3.88706167946947,2.74872315800626,1.79674962065275,2.79025978817632,"tscount_tsglm",0.421997347237885,0.818044288712407,1.09680189129315
31,"recursive_multi_step",4,"inad_unconstrained",2.81792984190754,2.12036337904811,8.9556625,2.99260129318959,2.74872315800626,1.79674962065275,2.79025978817632,"tscount_tsglm",0.0692066839012861,0.323613758395363,0.20234150501327
31,"rolling_one_step",1,"inad_constrained_alpha",2.72373847154847,2.15738109318232,16.5434935454545,4.06736936427644,2.84727261031584,2.34799152438582,4.32185610406442,"tscount_tsglm",-0.123534138767374,-0.190610431203492,-0.254486739787976
31,"rolling_one_step",1,"inad_unconstrained",2.70384288403537,2.14064539018165,16.4786000909091,4.05938420094835,2.84727261031584,2.34799152438582,4.32185610406442,"tscount_tsglm",-0.143429726280471,-0.207346134204166,-0.262471903116065
32,"recursive_multi_step",1,"inad_unconstrained",1.97488413143159,0.864680708896916,2.0668545,1.43765590458913,2.03194830081273,0.910373672624726,1.57417732513552,"tscount_tsglm",-0.057064169381138,-0.0456929637278096,-0.136521420546382
32,"recursive_multi_step",1,"inad_constrained_alpha",1.99318001772927,0.927178293115583,2.643245,1.62580595398098,2.03194830081273,0.910373672624726,1.57417732513552,"tscount_tsglm",-0.038768283083455,0.0168046204908572,0.0516286288454624
32,"recursive_multi_step",2,"inad_unconstrained",2.20178164780056,1.19007193514531,5.829545,2.41444507081855,2.20103557359167,1.37457929470507,2.8569179924422,"tscount_tsglm",0.000746074208882952,-0.184507359559763,-0.44247292162365
32,"recursive_multi_step",2,"inad_constrained_alpha",2.298929581646,1.43010531098979,8.2572425,2.87354180411561,2.20103557359167,1.37457929470507,2.8569179924422,"tscount_tsglm",0.097894008054324,0.055526016284724,0.0166238116734094
32,"recursive_multi_step",3,"inad_unconstrained",2.13871389369163,0.95277471311171,1.568929,1.25256896017744,2.2246706916332,1.12732873792863,1.71870012749608,"tscount_tsglm",-0.0859567979415776,-0.174554024816924,-0.466131167318635
32,"recursive_multi_step",3,"inad_constrained_alpha",2.20119531987327,1.01375973568675,1.977994,1.40641174625356,2.2246706916332,1.12732873792863,1.71870012749608,"tscount_tsglm",-0.0234753717599316,-0.113569002241888,-0.312288381242514
32,"recursive_multi_step",4,"inad_unconstrained",2.33958905185919,1.02830859161988,0.810949,0.900527067888578,2.21369907712135,1.1029947432199,1.57872286310289,"tscount_tsglm",0.12588997473784,-0.0746861516000168,-0.678195795214311
32,"recursive_multi_step",4,"inad_constrained_alpha",2.3312649589344,1.06191875911743,0.8796845,0.937914974824477,2.21369907712135,1.1029947432199,1.57872286310289,"tscount_tsglm",0.117565881813041,-0.0410759841024622,-0.640807888278412
32,"rolling_one_step",1,"inad_unconstrained",2.42803704777859,1.54134590787867,7.55815240909091,2.74920941528486,2.49042830594768,1.5387556024175,2.64118291003655,"tscount_tsglm",-0.0623912581690917,0.00259030546116779,0.108026505248306
32,"rolling_one_step",1,"inad_constrained_alpha",2.42805946513677,1.54647365680415,7.49191445454546,2.73713617756688,2.49042830594768,1.5387556024175,2.64118291003655,"tscount_tsglm",-0.0623688408109051,0.00771805438664797,0.0959532675303327
33,"recursive_multi_step",1,"inad_unconstrained",2.10364259724884,0.775686256540719,0.151978,0.389843558366686,2.04056683165698,0.760643075864003,0.347030230902593,"tscount_tsglm",0.0630757655918517,0.0150431806767156,0.0428133274640931
33,"recursive_multi_step",1,"inad_constrained_alpha",2.01855395507162,0.727031619186225,0.040833,0.202071769428587,2.04056683165698,0.760643075864003,0.347030230902593,"tscount_tsglm",-0.0220128765853618,-0.0336114566777778,-0.144958461474006
33,"recursive_multi_step",2,"inad_unconstrained",2.74411410985247,1.62294367291661,3.831154,1.95733339009991,2.64802311539256,1.44359573744044,1.69533727542869,"tscount_tsglm",0.0960909944599058,0.179347935476172,0.261996114671218
33,"recursive_multi_step",2,"inad_constrained_alpha",2.57927759797875,1.30530581177429,2.0324845,1.42565230684063,2.64802311539256,1.44359573744044,1.69533727542869,"tscount_tsglm",-0.0687455174138139,-0.13828992566615,-0.269684968588064
33,"recursive_multi_step",3,"inad_unconstrained",2.18406577188187,0.858471916404181,0.0622845000000001,0.249568627836113,2.20625279605201,0.883472556882727,0.651449241410673,"tscount_tsglm",-0.0221870241701478,-0.0250006404785459,-0.40188061357456
33,"recursive_multi_step",3,"inad_constrained_alpha",2.19224500175581,0.872185674266738,0.3024765,0.549978635948707,2.20625279605201,0.883472556882727,0.651449241410673,"tscount_tsglm",-0.0140077942962011,-0.0112868826159894,-0.101470605461966
33,"recursive_multi_step",4,"inad_unconstrained",2.92663830979558,2.17289632359348,13.2867025,3.64509293434338,2.69735386911298,2.45226269566933,4.09796660149522,"tscount_tsglm",0.2292844406826,-0.27936637207585,-0.452873667151848
33,"recursive_multi_step",4,"inad_constrained_alpha",2.81520665917577,2.5845852926387,20.321209,4.50790516759171,2.69735386911298,2.45226269566933,4.09796660149522,"tscount_tsglm",0.11785279006279,0.132322596969375,0.409938566096481
33,"rolling_one_step",1,"inad_unconstrained",2.39330985343969,1.61435161649495,9.51198927272727,3.08415130509631,2.50009648584535,1.71975399398951,3.17354771581888,"tscount_tsglm",-0.106786632405655,-0.105402377494563,-0.0893964107225691
33,"rolling_one_step",1,"inad_constrained_alpha",2.38518847462135,1.59674527945318,9.22766872727273,3.03770780808042,2.50009648584535,1.71975399398951,3.17354771581888,"tscount_tsglm",-0.114908011224003,-0.123008714536331,-0.135839907738463
34,"recursive_multi_step",1,"inad_unconstrained",2.73404658509589,2.13605842210107,12.2702645,3.50289373233046,3.30293472915647,2.85367456676474,4.40640941709634,"tscount_tsglm",-0.568888144060586,-0.717616144663675,-0.903515684765887
34,"recursive_multi_step",1,"inad_constrained_alpha",2.66839643300029,2.09413636014735,11.761074,3.42944222870134,3.30293472915647,2.85367456676474,4.40640941709634,"tscount_tsglm",-0.634538296156181,-0.759538206617393,-0.976967188395006
34,"recursive_multi_step",2,"inad_unconstrained",2.05610539043716,1.40620052419537,8.816968,2.96933797335366,2.09028802037022,1.45169396221106,2.92582037089213,"tscount_tsglm",-0.0341826299330563,-0.0454934380156911,0.0435176024615287
34,"recursive_multi_step",2,"inad_constrained_alpha",2.37588905763071,1.8747580810458,13.000429,3.60561076656924,2.09028802037022,1.45169396221106,2.92582037089213,"tscount_tsglm",0.285601037260487,0.423064118834739,0.679790395677109
34,"recursive_multi_step",3,"inad_unconstrained",2.08310757029291,1.32677924708552,7.5687965,2.75114457998848,2.08600230665887,1.45072207419145,2.94350494271682,"tscount_tsglm",-0.00289473636595394,-0.123942827105932,-0.19236036272834
34,"recursive_multi_step",3,"inad_constrained_alpha",2.2689123732673,1.53480885642712,9.891205,3.14502861672195,2.08600230665887,1.45072207419145,2.94350494271682,"tscount_tsglm",0.182910066608434,0.0840867822356728,0.201523674005131
34,"recursive_multi_step",4,"inad_unconstrained",2.13604878624049,1.9155758622738,16.117609,4.01467420845079,2.54937917100233,2.18900578952587,4.15707719231136,"tscount_tsglm",-0.413330384761837,-0.27342992725207,-0.142402983860571
34,"recursive_multi_step",4,"inad_constrained_alpha",2.03069126118018,1.64770672317295,11.704921,3.42124553342785,2.54937917100233,2.18900578952587,4.15707719231136,"tscount_tsglm",-0.518687909822146,-0.541299066352925,-0.735831658883516
34,"rolling_one_step",1,"inad_unconstrained",2.44306916904071,1.66231957914568,8.79604168181818,2.9658121454027,2.53982121669183,1.714622911247,2.9045379590663,"tscount_tsglm",-0.0967520476511217,-0.0523033321013198,0.0612741863364059
34,"rolling_one_step",1,"inad_constrained_alpha",2.4406754326293,1.62595602071371,8.05387668181818,2.83793528499474,2.53982121669183,1.714622911247,2.9045379590663,"tscount_tsglm",-0.0991457840625314,-0.0886668905332879,-0.0666026740715555
35,"recursive_multi_step",1,"inad_constrained_alpha",1.75965137141402,0.886351441982699,2.9506445,1.71774401468903,1.81941594452977,0.829136442609447,1.53623780917598,"tscount_tsglm",-0.0597645731157457,0.0572149993732526,0.181506205513052
35,"recursive_multi_step",1,"inad_unconstrained",1.87052442990133,0.913667097205506,3.0704985,1.75228379550802,1.81941594452977,0.829136442609447,1.53623780917598,"tscount_tsglm",0.051108485371564,0.084530654596059,0.21604598633204
35,"recursive_multi_step",2,"inad_constrained_alpha",2.02120718987571,1.1681193059816,6.0553485,2.46076177229735,2.11675708085851,1.52107058284404,3.11707204967463,"tscount_tsglm",-0.095549890982797,-0.352951276862437,-0.656310277377283
35,"recursive_multi_step",2,"inad_unconstrained",2.00939120095285,1.46053972631358,9.581234,3.0953568453411,2.11675708085851,1.52107058284404,3.11707204967463,"tscount_tsglm",-0.107365879905658,-0.0605308565304543,-0.0217152043335349
35,"recursive_multi_step",3,"inad_constrained_alpha",2.09148390451276,1.56303226978128,10.372114,3.22057665643903,2.22562189280906,1.89038972374587,3.74290692843556,"tscount_tsglm",-0.1341379882963,-0.327357453964586,-0.52233027199653
35,"recursive_multi_step",3,"inad_unconstrained",2.23163239583188,1.81109408309156,13.610957,3.68930305071297,2.22562189280906,1.89038972374587,3.74290692843556,"tscount_tsglm",0.00601050302281925,-0.0792956406543026,-0.0536038777225936
35,"recursive_multi_step",4,"inad_constrained_alpha",2.19913620604353,1.82155594907421,11.5813305,3.40313539254612,2.64355362619191,2.25133429072541,4.17266877353514,"tscount_tsglm",-0.444417420148383,-0.429778341651205,-0.76953338098902
35,"recursive_multi_step",4,"inad_unconstrained",2.47841656213402,2.19954254698928,17.8085825,4.22002162316735,2.64355362619191,2.25133429072541,4.17266877353514,"tscount_tsglm",-0.165137064057892,-0.0517917437361368,0.0473528496322153
35,"rolling_one_step",1,"inad_constrained_alpha",2.27114127656728,1.47234205983231,8.86126577272727,2.97678782796612,2.26722276643057,1.54087266085734,3.1616987390494,"tscount_tsglm",0.00391851013670985,-0.0685306010250335,-0.184910911083273
35,"rolling_one_step",1,"inad_unconstrained",2.25439856702603,1.45786712122169,8.47699272727273,2.91152755907835,2.26722276643057,1.54087266085734,3.1616987390494,"tscount_tsglm",-0.0128241994045388,-0.0830055396356486,-0.250171179971048
4,"recursive_multi_step",1,"inad_unconstrained",2.02572724544163,1.1364149162723,5.194516,2.27914808645687,2.17861178452508,1.18670099937126,2.2945226028922,"tscount_tsglm",-0.152884539083455,-0.0502860830989567,-0.0153745164353318
4,"recursive_multi_step",1,"inad_constrained_alpha",2.04151579362932,1.17495153343831,5.63833,2.37451679294967,2.17861178452508,1.18670099937126,2.2945226028922,"tscount_tsglm",-0.137095990895759,-0.0117494659329531,0.0799941900574739
4,"recursive_multi_step",2,"inad_unconstrained",2.25475289191859,1.31662084882987,3.779321,1.94404758172222,2.46010421876264,1.52029885257063,2.28284093561155,"tscount_tsglm",-0.205351326844058,-0.203678003740761,-0.338793353889338
4,"recursive_multi_step",2,"inad_constrained_alpha",2.28584288224304,1.32605274009944,4.1422445,2.0352504759857,2.46010421876264,1.52029885257063,2.28284093561155,"tscount_tsglm",-0.174261336519607,-0.194246112471195,-0.247590459625859
4,"recursive_multi_step",3,"inad_unconstrained",2.41586387075281,1.08144698371209,2.206345,1.48537705650788,2.28421496537389,1.18808371114784,1.74710382437308,"tscount_tsglm",0.131648905378924,-0.106636727435754,-0.261726767865206
4,"recursive_multi_step",3,"inad_constrained_alpha",2.23609026018231,1.01289175094614,1.7140625,1.30922209727762,2.28421496537389,1.18808371114784,1.74710382437308,"tscount_tsglm",-0.0481247051915812,-0.175191960201707,-0.437881727095465
4,"recursive_multi_step",4,"inad_unconstrained",2.85409533229606,2.35360815851522,17.187637,4.14579751073301,2.79431930498569,2.40440336113524,4.25227670248321,"tscount_tsglm",0.0597760273103631,-0.0507952026200176,-0.106479191750198
4,"recursive_multi_step",4,"inad_constrained_alpha",2.90818477199439,2.90124031055565,24.029465,4.90198582209292,2.79431930498569,2.40440336113524,4.25227670248321,"tscount_tsglm",0.113865467008695,0.496836949420413,0.649709119609714
4,"rolling_one_step",1,"inad_unconstrained",2.8476470647905,2.58371211944393,24.2695889545455,4.92641745638202,2.80558273633296,2.38871132044549,4.28673677629751,"tscount_tsglm",0.0420643284575362,0.195000798998439,0.639680680084505
4,"rolling_one_step",1,"inad_constrained_alpha",2.86732614586988,2.54354427639993,23.2079306818182,4.81746102026972,2.80558273633296,2.38871132044549,4.28673677629751,"tscount_tsglm",0.0617434095369136,0.154832955954442,0.530724243972211
5,"recursive_multi_step",1,"inad_constrained_alpha",2.77455710703898,2.45479078858748,17.30261,4.15964060947578,2.63038299180392,2.42709372432718,4.1603172067166,"tscount_tsglm",0.144174115235062,0.0276970642602969,-0.000676597240821586
5,"recursive_multi_step",1,"inad_unconstrained",2.61906365599418,2.48434693490606,17.77802,4.21639893748208,2.63038299180392,2.42709372432718,4.1603172067166,"tscount_tsglm",-0.011319335809735,0.0572532105788754,0.0560817307654817
5,"recursive_multi_step",2,"inad_constrained_alpha",2.48870678470294,1.79529525926233,9.3539825,3.05842810933983,2.50895152033751,1.70733523160512,2.75649849927431,"tscount_tsglm",-0.0202447356345696,0.0879600276572143,0.301929610065514
5,"recursive_multi_step",2,"inad_unconstrained",2.50032964260454,1.619002648935,7.310452,2.70378475474658,2.50895152033751,1.70733523160512,2.75649849927431,"tscount_tsglm",-0.00862187773297451,-0.0883325826701162,-0.0527137445277388
5,"recursive_multi_step",3,"inad_constrained_alpha",2.26615320313131,1.10549007204275,2.5378525,1.59306387191475,2.18830658103925,1.05917145570208,1.59239980749857,"tscount_tsglm",0.0778466220920588,0.0463186163406721,0.000664064416174392
5,"recursive_multi_step",3,"inad_unconstrained",2.16811722850964,0.929923246503789,1.3495565,1.16170413617237,2.18830658103925,1.05917145570208,1.59239980749857,"tscount_tsglm",-0.0201893525296146,-0.129248209198287,-0.430695671326198
5,"recursive_multi_step",4,"inad_constrained_alpha",2.97261201868695,2.06697636351268,9.519626,3.08538911646489,2.55570467814507,1.42617813794803,2.12634133960729,"tscount_tsglm",0.416907340541881,0.640798225564653,0.959047776857603
5,"recursive_multi_step",4,"inad_unconstrained",2.87504833406164,1.74246741811581,5.913025,2.4316712360021,2.55570467814507,1.42617813794803,2.12634133960729,"tscount_tsglm",0.319343655916572,0.316289280167777,0.305329896394816
5,"rolling_one_step",1,"inad_constrained_alpha",3.03980903046129,2.85264407911321,29.9381915454545,5.47158035173153,2.90764135891125,2.76626193403432,5.7274288015972,"tscount_tsglm",0.132167671550047,0.0863821450788849,-0.255848449865673
5,"rolling_one_step",1,"inad_unconstrained",2.97416643341865,2.72747728142794,27.9697277727273,5.28864139195761,2.90764135891125,2.76626193403432,5.7274288015972,"tscount_tsglm",0.066525074507398,-0.0387846526063829,-0.438787409639599
6,"recursive_multi_step",1,"inad_unconstrained",2.43137024713831,1.75277358344051,11.3023865,3.36190221452082,2.33721931942067,1.62662960184378,3.42803683641504,"tscount_tsglm",0.0941509277176333,0.126143981596735,-0.0661346218942174
6,"recursive_multi_step",1,"inad_constrained_alpha",2.45370655435705,1.919552972352,13.296025,3.6463714840921,2.33721931942067,1.62662960184378,3.42803683641504,"tscount_tsglm",0.116487234936381,0.29292337050822,0.218334647677058
6,"recursive_multi_step",2,"inad_unconstrained",3.44688902535157,3.46376736437888,36.767624,6.0636312552793,3.056401828045,3.11761012985652,5.87978634605668,"tscount_tsglm",0.390487197306566,0.346157234522364,0.183844909222621
6,"recursive_multi_step",2,"inad_constrained_alpha",3.48056125831158,3.24167764490512,33.2295385,5.7645067872282,3.056401828045,3.11761012985652,5.87978634605668,"tscount_tsglm",0.424159430266578,0.124067515048602,-0.115279558828475
6,"recursive_multi_step",3,"inad_unconstrained",2.73502765525311,2.58238159085273,23.414797,4.83888385890796,2.69642865618846,2.71607532033523,5.1590293686604,"tscount_tsglm",0.0385989990646478,-0.133693729482498,-0.320145509752435
6,"recursive_multi_step",3,"inad_constrained_alpha",2.86179554113147,2.73029122565899,24.9274265,4.99273737542843,2.69642865618846,2.71607532033523,5.1590293686604,"tscount_tsglm",0.165366884943014,0.0142159053237627,-0.166291993231963
6,"recursive_multi_step",4,"inad_unconstrained",2.30346068391797,1.82154114602093,14.910281,3.86138330135717,2.3216623336631,1.93928995613252,3.8891990775413,"tscount_tsglm",-0.0182016497451229,-0.117748810111591,-0.027815776184128
6,"recursive_multi_step",4,"inad_constrained_alpha",2.09766859568106,1.36177070061697,8.40149,2.89853238726084,2.3216623336631,1.93928995613252,3.8891990775413,"tscount_tsglm",-0.223993737982039,-0.577519255515546,-0.990666690280462
6,"rolling_one_step",1,"inad_unconstrained",2.32755444188631,1.47434258874587,8.09357986363636,2.84492176757751,2.25451356564466,1.43114795892471,2.74566392877632,"tscount_tsglm",0.073040876241643,0.0431946298211578,0.0992578388011967
6,"rolling_one_step",1,"inad_constrained_alpha",2.30726653610635,1.53681221883907,8.88986468181818,2.98158761095799,2.25451356564466,1.43114795892471,2.74566392877632,"tscount_tsglm",0.0527529704616896,0.105664259914366,0.235923682181674
7,"recursive_multi_step",1,"inad_unconstrained",2.16395614943558,1.5696461405849,9.4948825,3.08137672153211,2.16037178520364,1.51530979423001,3.12676767103132,"tscount_tsglm",0.00358436423193531,0.0543363463548925,-0.0453909494992071
7,"recursive_multi_step",1,"inad_constrained_alpha",2.1720082028585,1.53976592025081,9.0774205,3.01287578569048,2.16037178520364,1.51530979423001,3.12676767103132,"tscount_tsglm",0.0116364176548598,0.0244561260207992,-0.113891885340846
7,"recursive_multi_step",2,"inad_unconstrained",2.36508047323889,1.05972660755962,0.986386000000001,0.993169673318714,2.43599992745633,1.26369101696826,1.45035074608294,"tscount_tsglm",-0.0709194542174418,-0.203964409408642,-0.457181072764222
7,"recursive_multi_step",2,"inad_constrained_alpha",2.40404658195785,1.136203946355,2.099729,1.44904416771884,2.43599992745633,1.26369101696826,1.45035074608294,"tscount_tsglm",-0.0319533454984833,-0.127487070613261,-0.00130657836409109
7,"recursive_multi_step",3,"inad_unconstrained",2.16549748847626,1.23188743800007,5.680666,2.38341477716322,2.24451928113341,1.31917248466035,2.67693423858845,"tscount_tsglm",-0.0790217926571515,-0.0872850466602775,-0.293519461425231
7,"recursive_multi_step",3,"inad_constrained_alpha",2.22211376763841,1.25909863369859,5.696093,2.38664890589295,2.24451928113341,1.31917248466035,2.67693423858845,"tscount_tsglm",-0.0224055134950047,-0.0600738509617607,-0.290285332695504
7,"recursive_multi_step",4,"inad_unconstrained",3.67869947955494,3.79340140092288,34.294594,5.85615863856163,3.35846952694217,3.56657379074806,5.80574496492387,"tscount_tsglm",0.320229952612771,0.22682761017482,0.0504136736377587
7,"recursive_multi_step",4,"inad_constrained_alpha",4.03019554746063,4.68046573302237,47.2177525,6.87151748160477,3.35846952694217,3.56657379074806,5.80574496492387,"tscount_tsglm",0.671726020518456,1.1138919422743,1.0657725166809
7,"rolling_one_step",1,"inad_unconstrained",2.77433295965797,2.14587614925034,14.9466376818182,3.86608816270635,2.74012037789451,2.07681338550031,3.73914875406001,"tscount_tsglm",0.0342125817634602,0.0690627637500283,0.126939408646344
7,"rolling_one_step",1,"inad_constrained_alpha",2.73366659865618,2.22552418479869,16.0401260909091,4.00501262056802,2.74012037789451,2.07681338550031,3.73914875406001,"tscount_tsglm",-0.00645377923833568,0.148710799298372,0.265863866508007
8,"recursive_multi_step",1,"inad_unconstrained",3.18741099978908,2.85814274592108,21.48281,4.63495523171476,2.90947181575002,2.70106870716076,4.48743576646222,"tscount_tsglm",0.277939184039062,0.157074038760327,0.147519465252541
8,"recursive_multi_step",1,"inad_constrained_alpha",2.89631000909708,2.70515657062924,19.4453605,4.40968938815423,2.90947181575002,2.70106870716076,4.48743576646222,"tscount_tsglm",-0.0131618066529335,0.00408786346848844,-0.0777463783079888
8,"recursive_multi_step",2,"inad_unconstrained",3.14726943907654,3.03217165727684,24.172201,4.91652326344542,2.97915794018043,2.92964789418465,4.84770509030158,"tscount_tsglm",0.168111498896113,0.102523763092194,0.0688181731438382
8,"recursive_multi_step",2,"inad_constrained_alpha",3.18232200397471,3.16771775202617,25.3439325,5.03427576717843,2.97915794018043,2.92964789418465,4.84770509030158,"tscount_tsglm",0.203164063794279,0.238069857841529,0.186570676876851
8,"recursive_multi_step",3,"inad_unconstrained",2.18718035863938,1.31122885939153,6.8308925,2.61359761631357,2.27193578964204,1.54602653669045,3.18695641281148,"tscount_tsglm",-0.0847554310026575,-0.234797677298919,-0.573358796497907
8,"recursive_multi_step",3,"inad_constrained_alpha",2.16744378626003,1.43487854503875,8.6633,2.94334843333235,2.27193578964204,1.54602653669045,3.18695641281148,"tscount_tsglm",-0.104492003382008,-0.111147991651696,-0.243607979479132
8,"recursive_multi_step",4,"inad_unconstrained",2.38575415698276,1.53656040227002,7.8863465,2.80826396551321,2.3428537081855,1.5821530142337,3.01791044840091,"tscount_tsglm",0.042900448797254,-0.0455926119636767,-0.209646482887692
8,"recursive_multi_step",4,"inad_constrained_alpha",2.41489599604787,1.50285853328312,7.0306585,2.65153889279415,2.3428537081855,1.5821530142337,3.01791044840091,"tscount_tsglm",0.0720422878623697,-0.0792944809505776,-0.366371555606761
8,"rolling_one_step",1,"inad_unconstrained",2.70929010681118,2.05779358743137,14.3291056363636,3.78538051407829,2.70529316439067,2.13933810716114,4.0408290541517,"tscount_tsglm",0.00399694242051174,-0.0815445197297611,-0.255448540073406
8,"rolling_one_step",1,"inad_constrained_alpha",2.65107472778961,1.97446399287778,13.0715099545455,3.61545432201065,2.70529316439067,2.13933810716114,4.0408290541517,"tscount_tsglm",-0.0542184366010612,-0.16487411428336,-0.425374732141053
9,"recursive_multi_step",1,"inad_constrained_alpha",2.90381729575575,2.11388168189196,9.2847305,3.04708557477469,2.97877966969307,2.24271790268891,3.26542962916453,"tscount_tsglm",-0.0749623739373266,-0.128836220796956,-0.218344054389839
9,"recursive_multi_step",1,"inad_unconstrained",2.92865158184566,2.33554128371691,11.2776065,3.358214778718,2.97877966969307,2.24271790268891,3.26542962916453,"tscount_tsglm",-0.0501280878474155,0.0928233810279941,0.0927851495534742
9,"recursive_multi_step",2,"inad_constrained_alpha",2.8873095492911,2.45757441868912,17.10185,4.13543830808779,2.8458043067997,2.21482814920918,3.60774269792735,"tscount_tsglm",0.0415052424914033,0.242746269479935,0.527695610160443
9,"recursive_multi_step",2,"inad_unconstrained",2.83067715090202,2.28126020794476,14.0907205,3.75376084747017,2.8458043067997,2.21482814920918,3.60774269792735,"tscount_tsglm",-0.0151271558976753,0.0664320587355838,0.146018149542828
9,"recursive_multi_step",3,"inad_constrained_alpha",3.18424143174739,2.81593580369603,19.935081,4.46487189065935,3.06951313714644,2.70210686023332,4.30435195641943,"tscount_tsglm",0.114728294600944,0.113828943462713,0.160519934239919
9,"recursive_multi_step",3,"inad_unconstrained",3.24715884977732,3.02330979530804,22.256225,4.71765036856272,3.06951313714644,2.70210686023332,4.30435195641943,"tscount_tsglm",0.177645712630881,0.321202935074724,0.413298412143293
9,"recursive_multi_step",4,"inad_constrained_alpha",3.30462676776533,2.4832529091052,11.48165,3.38845835152212,2.72287783568852,1.63434796642422,2.12799014546429,"tscount_tsglm",0.581748932076811,0.848904942680972,1.26046820605783
9,"recursive_multi_step",4,"inad_unconstrained",3.033702317435,2.19936760140004,8.382753,2.89529843021406,2.72287783568852,1.63434796642422,2.12799014546429,"tscount_tsglm",0.31082448174648,0.565019634975811,0.767308284749766
9,"rolling_one_step",1,"inad_constrained_alpha",2.79791066340078,2.53743724493563,25.3457651363636,5.03445777977764,2.87589273978227,2.56973148386727,4.94839727521325,"tscount_tsglm",-0.0779820763814891,-0.0322942389316312,0.0860605045643901
9,"rolling_one_step",1,"inad_unconstrained",2.74621956422958,2.50640787135534,24.1299958181818,4.91222921067226,2.87589273978227,2.56973148386727,4.94839727521325,"tscount_tsglm",-0.129673175552693,-0.063323612511923,-0.036168064540993
