"fold","heldout_subject","heldout_group","model","reference","task","time","horizon","epsilon_label","epsilon","observed","mean","log_score","rps","squared_error"
1,24,1,"inad_unconstrained",NA,"recursive_multi_step",9,1,"small",9.99900009999e-05,7,3.448,3.3230612522592,2.55246463191462,12.616704
1,24,1,"inad_constrained_alpha",NA,"recursive_multi_step",9,1,"small",9.99900009999e-05,7,3.623,3.05738049791512,2.43320500036091,11.404129
1,24,1,"nb_glm",NA,"recursive_multi_step",9,1,"small",9.99900009999e-05,7,3.66656810447094,2.98985962963793,2.35044341768866,11.1117682021304
1,24,1,"inad_unconstrained",NA,"recursive_multi_step",9,1,"main",0.000999000999000999,7,3.448,3.31272198346276,2.51624465946365,12.616704
1,24,1,"inad_constrained_alpha",NA,"recursive_multi_step",9,1,"main",0.000999000999000999,7,3.623,3.05537820777474,2.3894483739283,11.404129
1,24,1,"nb_glm",NA,"recursive_multi_step",9,1,"main",0.000999000999000999,7,3.66656810447094,2.9890806597372,2.30837793256077,11.1117682021304
1,24,1,"inad_unconstrained",NA,"recursive_multi_step",9,1,"large",0.0099009900990099,7,3.448,3.22832200932025,2.22860888246037,12.616704
1,24,1,"inad_constrained_alpha",NA,"recursive_multi_step",9,1,"large",0.0099009900990099,7,3.623,3.03881376325644,2.06795939131944,11.404129
1,24,1,"nb_glm",NA,"recursive_multi_step",9,1,"large",0.0099009900990099,7,3.66656810447094,2.98260027530845,2.00063714069248,11.1117682021304
1,63,2,"inad_unconstrained",NA,"recursive_multi_step",9,1,"small",9.99900009999e-05,6,6.108,2.34496243360117,0.928049298769815,0.0116639999999999
1,63,2,"inad_constrained_alpha",NA,"recursive_multi_step",9,1,"small",9.99900009999e-05,6,6.209,2.27535022301042,0.865868252951416,0.0436809999999998
1,63,2,"nb_glm",NA,"recursive_multi_step",9,1,"small",9.99900009999e-05,6,6.28401905839547,2.37340842894288,0.970149361672931,0.0806668255318522
1,63,2,"inad_unconstrained",NA,"recursive_multi_step",9,1,"main",0.000999000999000999,6,6.108,2.3586970301245,0.945016623470105,0.0116639999999999
1,63,2,"inad_constrained_alpha",NA,"recursive_multi_step",9,1,"main",0.000999000999000999,6,6.209,2.29580926141889,0.895811620426766,0.0436809999999998
1,63,2,"nb_glm",NA,"recursive_multi_step",9,1,"main",0.000999000999000999,6,6.28401905839547,2.39297961983437,1.00164650028833,0.0806668255318522
1,63,2,"inad_unconstrained",NA,"recursive_multi_step",9,1,"large",0.0099009900990099,6,6.108,2.47431724665895,1.15789803806808,0.0116639999999999
1,63,2,"inad_constrained_alpha",NA,"recursive_multi_step",9,1,"large",0.0099009900990099,6,6.209,2.46396332127569,1.32888898691245,0.0436809999999998
1,63,2,"nb_glm",NA,"recursive_multi_step",9,1,"large",0.0099009900990099,6,6.28401905839547,2.55313579484194,1.4378468115514,0.0806668255318522
1,24,1,"inad_unconstrained",NA,"recursive_multi_step",10,2,"small",9.99900009999e-05,5,4.264,2.34416426933651,0.979821139774841,0.541696
1,24,1,"inad_constrained_alpha",NA,"recursive_multi_step",10,2,"small",9.99900009999e-05,5,4.908,2.29394238145718,0.853573135274005,0.00846399999999993
1,24,1,"nb_glm",NA,"recursive_multi_step",10,2,"small",9.99900009999e-05,5,4.59620322291858,2.2303262724005,0.857440049162328,0.163051837181344
1,24,1,"inad_unconstrained",NA,"recursive_multi_step",10,2,"main",0.000999000999000999,5,4.264,2.35087685341866,0.978344897420069,0.541696
1,24,1,"inad_constrained_alpha",NA,"recursive_multi_step",10,2,"main",0.000999000999000999,5,4.908,2.3055092861575,0.864345594842911,0.00846399999999993
1,24,1,"nb_glm",NA,"recursive_multi_step",10,2,"main",0.000999000999000999,5,4.59620322291858,2.24244112292833,0.863389522117343,0.163051837181344
1,24,1,"inad_unconstrained",NA,"recursive_multi_step",10,2,"large",0.0099009900990099,5,4.264,2.40925365331189,0.992163832356472,0.541696
1,24,1,"inad_constrained_alpha",NA,"recursive_multi_step",10,2,"large",0.0099009900990099,5,4.908,2.40427850557543,1.01547880189906,0.00846399999999993
1,24,1,"nb_glm",NA,"recursive_multi_step",10,2,"large",0.0099009900990099,5,4.59620322291858,2.34616256489918,0.982766664224741,0.163051837181344
1,63,2,"inad_unconstrained",NA,"recursive_multi_step",10,2,"small",9.99900009999e-05,6,7.41,2.39899215642384,1.10857680148354,1.9881
1,63,2,"inad_constrained_alpha",NA,"recursive_multi_step",10,2,"small",9.99900009999e-05,6,7.166,2.37757474260956,0.965873746028665,1.359556
1,63,2,"nb_glm",NA,"recursive_multi_step",10,2,"small",9.99900009999e-05,6,7.38432507676566,2.41550995690572,1.10382352113395,1.91635591816226
1,63,2,"inad_unconstrained",NA,"recursive_multi_step",10,2,"main",0.000999000999000999,6,7.41,2.41744525050298,1.15547027236716,1.9881
1,63,2,"inad_constrained_alpha",NA,"recursive_multi_step",10,2,"main",0.000999000999000999,6,7.166,2.39883876794302,1.01752228311854,1.359556
1,63,2,"nb_glm",NA,"recursive_multi_step",10,2,"main",0.000999000999000999,6,7.38432507676566,2.4364103742204,1.1589145102955,1.91635591816226
1,63,2,"inad_unconstrained",NA,"recursive_multi_step",10,2,"large",0.0099009900990099,6,7.41,2.5688441503752,1.64799997003788,1.9881
1,63,2,"inad_constrained_alpha",NA,"recursive_multi_step",10,2,"large",0.0099009900990099,6,7.166,2.57152238312977,1.61715661667388,1.359556
1,63,2,"nb_glm",NA,"recursive_multi_step",10,2,"large",0.0099009900990099,6,7.38432507676566,2.60582833415157,1.76923652969844,1.91635591816226
1,24,1,"inad_unconstrained",NA,"recursive_multi_step",11,3,"small",9.99900009999e-05,6,3.585,2.63189873742198,1.71637772696026,5.832225
1,24,1,"inad_constrained_alpha",NA,"recursive_multi_step",11,3,"small",9.99900009999e-05,6,4.086,2.73392847190525,1.53681470717805,3.663396
1,24,1,"nb_glm",NA,"recursive_multi_step",11,3,"small",9.99900009999e-05,6,4.09241030260798,2.52896448281024,1.40977684672924,3.63889845359616
1,24,1,"inad_unconstrained",NA,"recursive_multi_step",11,3,"main",0.000999000999000999,6,3.585,2.63904950950898,1.68351665767982,5.832225
1,24,1,"inad_constrained_alpha",NA,"recursive_multi_step",11,3,"main",0.000999000999000999,6,4.086,2.73887766489747,1.51590252342975,3.663396
1,24,1,"nb_glm",NA,"recursive_multi_step",11,3,"main",0.000999000999000999,6,4.09241030260798,2.53732247525034,1.38884002818683,3.63889845359616
1,24,1,"inad_unconstrained",NA,"recursive_multi_step",11,3,"large",0.0099009900990099,6,3.585,2.69930803760634,1.49351663989689,5.832225
1,24,1,"inad_constrained_alpha",NA,"recursive_multi_step",11,3,"large",0.0099009900990099,6,4.086,2.78048869749294,1.39954606839559,3.663396
1,24,1,"nb_glm",NA,"recursive_multi_step",11,3,"large",0.0099009900990099,6,4.09241030260798,2.60816358294102,1.28722027570087,3.63889845359616
1,63,2,"inad_unconstrained",NA,"recursive_multi_step",11,3,"small",9.99900009999e-05,6,6.297,2.50271289829373,0.992524017021607,0.0882089999999998
1,63,2,"inad_constrained_alpha",NA,"recursive_multi_step",11,3,"small",9.99900009999e-05,6,6.461,2.40983043525151,1.02587257544524,0.212521
1,63,2,"nb_glm",NA,"recursive_multi_step",11,3,"small",9.99900009999e-05,6,6.42439717965375,2.37543977822695,0.975611276591106,0.180112966098059
1,63,2,"inad_unconstrained",NA,"recursive_multi_step",11,3,"main",0.000999000999000999,6,6.297,2.51748600932305,1.01663925156848,0.0882089999999998
1,63,2,"inad_constrained_alpha",NA,"recursive_multi_step",11,3,"main",0.000999000999000999,6,6.461,2.42643645526024,1.05448854176682,0.212521
1,63,2,"nb_glm",NA,"recursive_multi_step",11,3,"main",0.000999000999000999,6,6.42439717965375,2.39238700426413,1.0037998441941,0.180112966098059
1,63,2,"inad_unconstrained",NA,"recursive_multi_step",11,3,"large",0.0099009900990099,6,6.297,2.6394574096366,1.32123620053254,0.0882089999999998
1,63,2,"inad_constrained_alpha",NA,"recursive_multi_step",11,3,"large",0.0099009900990099,6,6.461,2.56365248883563,1.40368998572344,0.212521
1,63,2,"nb_glm",NA,"recursive_multi_step",11,3,"large",0.0099009900990099,6,6.42439717965375,2.53264065280634,1.35292524800869,0.180112966098059
1,24,1,"inad_unconstrained",NA,"recursive_multi_step",12,4,"small",9.99900009999e-05,5,3.295,2.78160581760462,1.49985081487872,2.907025
1,24,1,"inad_constrained_alpha",NA,"recursive_multi_step",12,4,"small",9.99900009999e-05,5,2.77,2.79724137953617,1.69051963183719,4.9729
1,24,1,"nb_glm",NA,"recursive_multi_step",12,4,"small",9.99900009999e-05,5,3.88189250569399,2.2879085714539,1.00675502930599,1.25016436882327
1,24,1,"inad_unconstrained",NA,"recursive_multi_step",12,4,"main",0.000999000999000999,5,3.295,2.79027884048838,1.47329276160132,2.907025
1,24,1,"inad_constrained_alpha",NA,"recursive_multi_step",12,4,"main",0.000999000999000999,5,2.77,2.80042004583564,1.65863821957118,4.9729
1,24,1,"nb_glm",NA,"recursive_multi_step",12,4,"main",0.000999000999000999,5,3.88189250569399,2.3021575359524,0.998747767396515,1.25016436882327
1,24,1,"inad_unconstrained",NA,"recursive_multi_step",12,4,"large",0.0099009900990099,5,3.295,2.86153181346645,1.41255126486453,2.907025
1,24,1,"inad_constrained_alpha",NA,"recursive_multi_step",12,4,"large",0.0099009900990099,5,2.77,2.82714090957194,1.46251744061198,4.9729
1,24,1,"nb_glm",NA,"recursive_multi_step",12,4,"large",0.0099009900990099,5,3.88189250569399,2.42241108907663,1.07249366295863,1.25016436882327
1,63,2,"inad_unconstrained",NA,"recursive_multi_step",12,4,"small",9.99900009999e-05,0,6.371,2.59302606297267,3.51448077124636,40.589641
1,63,2,"inad_constrained_alpha",NA,"recursive_multi_step",12,4,"small",9.99900009999e-05,0,5.01,2.05813872008476,2.56245872968837,25.1001
1,63,2,"nb_glm",NA,"recursive_multi_step",12,4,"small",9.99900009999e-05,0,6.00077805482094,3.39767877059633,3.77742957999405,36.0093372632206
1,63,2,"inad_unconstrained",NA,"recursive_multi_step",12,4,"main",0.000999000999000999,0,6.371,2.61717752653028,3.66001026241706,40.589641
1,63,2,"inad_constrained_alpha",NA,"recursive_multi_step",12,4,"main",0.000999000999000999,0,5.01,2.07941830864866,2.65743013374517,25.1001
1,63,2,"nb_glm",NA,"recursive_multi_step",12,4,"main",0.000999000999000999,0,6.00077805482094,3.40731610971497,3.89403473487944,36.0093372632206
1,63,2,"inad_unconstrained",NA,"recursive_multi_step",12,4,"large",0.0099009900990099,0,6.371,2.80697606454926,5.10069426517556,40.589641
1,63,2,"inad_constrained_alpha",NA,"recursive_multi_step",12,4,"large",0.0099009900990099,0,5.01,2.25644792575587,3.59038756221381,25.1001
1,63,2,"nb_glm",NA,"recursive_multi_step",12,4,"large",0.0099009900990099,0,6.00077805482094,3.47825697695793,5.17127226651674,36.0093372632206
2,13,1,"inad_unconstrained",NA,"recursive_multi_step",9,1,"small",9.99900009999e-05,2,4.114,1.77306722530444,1.0093468833675,4.468996
2,13,1,"inad_constrained_alpha",NA,"recursive_multi_step",9,1,"small",9.99900009999e-05,2,4.187,1.90493632655657,1.07387019135559,4.782969
2,13,1,"nb_glm",NA,"recursive_multi_step",9,1,"small",9.99900009999e-05,2,4.36123301943502,1.94571321314894,1.11625695815874,5.57542137207021
2,13,1,"inad_unconstrained",NA,"recursive_multi_step",9,1,"main",0.000999000999000999,2,4.114,1.7829379824029,1.02905993410555,4.468996
2,13,1,"inad_constrained_alpha",NA,"recursive_multi_step",9,1,"main",0.000999000999000999,2,4.187,1.91494889882222,1.09596666420734,4.782969
2,13,1,"nb_glm",NA,"recursive_multi_step",9,1,"main",0.000999000999000999,2,4.36123301943502,1.95550156099527,1.13931114503607,5.57542137207021
2,13,1,"inad_unconstrained",NA,"recursive_multi_step",9,1,"large",0.0099009900990099,2,4.114,1.87091274205758,1.21874127779374,4.468996
2,13,1,"inad_constrained_alpha",NA,"recursive_multi_step",9,1,"large",0.0099009900990099,2,4.187,2.00347695077251,1.31007895014476,4.782969
2,13,1,"nb_glm",NA,"recursive_multi_step",9,1,"large",0.0099009900990099,2,4.36123301943502,2.04191343318548,1.35951229388651,5.57542137207021
2,39,2,"inad_unconstrained",NA,"recursive_multi_step",9,1,"small",9.99900009999e-05,2,10.602,5.10336017325376,6.02620422461485,73.994404
2,39,2,"inad_constrained_alpha",NA,"recursive_multi_step",9,1,"small",9.99900009999e-05,2,10.439,4.95125508008302,5.89096395126414,71.216721
2,39,2,"nb_glm",NA,"recursive_multi_step",9,1,"small",9.99900009999e-05,2,10.2883281719667,3.22943455440107,4.79571585239866,68.6963838862163
2,39,2,"inad_unconstrained",NA,"recursive_multi_step",9,1,"main",0.000999000999000999,2,10.602,5.00020906736012,6.08427599846154,73.994404
2,39,2,"inad_constrained_alpha",NA,"recursive_multi_step",9,1,"main",0.000999000999000999,2,10.439,4.86377104913903,5.93665820569404,71.216721
2,39,2,"nb_glm",NA,"recursive_multi_step",9,1,"main",0.000999000999000999,2,10.2883281719667,3.24141272961879,4.90446564757946,68.6963838862163
2,39,2,"inad_unconstrained",NA,"recursive_multi_step",9,1,"large",0.0099009900990099,2,10.602,4.46789580708473,6.70179567020408,73.994404
2,39,2,"inad_constrained_alpha",NA,"recursive_multi_step",9,1,"large",0.0099009900990099,2,10.439,4.38524348201582,6.41386274170174,71.216721
2,39,2,"nb_glm",NA,"recursive_multi_step",9,1,"large",0.0099009900990099,2,10.2883281719667,3.33174361189014,5.86719635883054,68.6963838862163
2,13,1,"inad_unconstrained",NA,"recursive_multi_step",10,2,"small",9.99900009999e-05,3,4.711,2.0116661941052,0.886814815776477,2.927521
2,13,1,"inad_constrained_alpha",NA,"recursive_multi_step",10,2,"small",9.99900009999e-05,3,5.219,2.12192726399876,1.11477178166188,4.923961
2,13,1,"nb_glm",NA,"recursive_multi_step",10,2,"small",9.99900009999e-05,3,5.0086453192835,2.04454445651139,1.00111426183508,4.03465601867953
2,13,1,"inad_unconstrained",NA,"recursive_multi_step",10,2,"main",0.000999000999000999,3,4.711,2.02715614699398,0.924681252984774,2.927521
2,13,1,"inad_constrained_alpha",NA,"recursive_multi_step",10,2,"main",0.000999000999000999,3,5.219,2.13664123604158,1.15463000237205,4.923961
2,13,1,"nb_glm",NA,"recursive_multi_step",10,2,"main",0.000999000999000999,3,5.0086453192835,2.05981734468999,1.03998318154971,4.03465601867953
2,13,1,"inad_unconstrained",NA,"recursive_multi_step",10,2,"large",0.0099009900990099,3,4.711,2.15979117475703,1.32081330731922,2.927521
2,13,1,"inad_constrained_alpha",NA,"recursive_multi_step",10,2,"large",0.0099009900990099,3,5.219,2.26214412343553,1.55544115501386,4.923961
2,13,1,"nb_glm",NA,"recursive_multi_step",10,2,"large",0.0099009900990099,3,5.0086453192835,2.19044159883047,1.43853786125419,4.03465601867953
2,39,2,"inad_unconstrained",NA,"recursive_multi_step",10,2,"small",9.99900009999e-05,4,10.519,2.9205144547914,3.63643871946947,42.497361
2,39,2,"inad_constrained_alpha",NA,"recursive_multi_step",10,2,"small",9.99900009999e-05,4,9.336,2.79903599616937,2.82363616791993,28.472896
2,39,2,"nb_glm",NA,"recursive_multi_step",10,2,"small",9.99900009999e-05,4,9.33788592813707,2.65516463771252,2.65360792634893,28.4930261818037
2,39,2,"inad_unconstrained",NA,"recursive_multi_step",10,2,"main",0.000999000999000999,4,10.519,2.93577268648346,3.71225931374347,42.497361
2,39,2,"inad_constrained_alpha",NA,"recursive_multi_step",10,2,"main",0.000999000999000999,4,9.336,2.81789621877021,2.91461238603232,28.472896
2,39,2,"nb_glm",NA,"recursive_multi_step",10,2,"main",0.000999000999000999,4,9.33788592813707,2.67599271726071,2.7555840813048,28.4930261818037
2,39,2,"inad_unconstrained",NA,"recursive_multi_step",10,2,"large",0.0099009900990099,4,10.519,3.05528083219835,4.3904558666418,42.497361
2,39,2,"inad_constrained_alpha",NA,"recursive_multi_step",10,2,"large",0.0099009900990099,4,9.336,2.96582429710589,3.77851301599296,28.472896
2,39,2,"nb_glm",NA,"recursive_multi_step",10,2,"large",0.0099009900990099,4,9.33788592813707,2.84081765399979,3.68833051584644,28.4930261818037
2,13,1,"inad_unconstrained",NA,"recursive_multi_step",11,3,"small",9.99900009999e-05,2,3.932,1.91903960454717,0.908638643296915,3.732624
2,13,1,"inad_constrained_alpha",NA,"recursive_multi_step",11,3,"small",9.99900009999e-05,2,4.428,2.0416493343683,1.15415190720614,5.895184
2,13,1,"nb_glm",NA,"recursive_multi_step",11,3,"small",9.99900009999e-05,2,4.32915899486226,1.94147213127135,1.10937601061945,5.42498162334776
2,13,1,"inad_unconstrained",NA,"recursive_multi_step",11,3,"main",0.000999000999000999,2,3.932,1.93424286750484,0.946587692556335,3.732624
2,13,1,"inad_constrained_alpha",NA,"recursive_multi_step",11,3,"main",0.000999000999000999,2,4.428,2.05430556840829,1.18906209028895,5.895184
2,13,1,"nb_glm",NA,"recursive_multi_step",11,3,"main",0.000999000999000999,2,4.32915899486226,1.95653995597985,1.14892730199848,5.42498162334776
2,13,1,"inad_unconstrained",NA,"recursive_multi_step",11,3,"large",0.0099009900990099,2,3.932,2.06533352934163,1.350920249088,3.732624
2,13,1,"inad_constrained_alpha",NA,"recursive_multi_step",11,3,"large",0.0099009900990099,2,4.428,2.16388415867598,1.53491452759601,5.895184
2,13,1,"nb_glm",NA,"recursive_multi_step",11,3,"large",0.0099009900990099,2,4.32915899486226,2.08636997982415,1.55705221169675,5.42498162334776
2,39,2,"inad_unconstrained",NA,"recursive_multi_step",11,3,"small",9.99900009999e-05,7,7.062,2.49130387428294,1.04376497617917,0.00384400000000003
2,39,2,"inad_constrained_alpha",NA,"recursive_multi_step",11,3,"small",9.99900009999e-05,7,7.586,2.52737506371876,1.0436367382861,0.343396
2,39,2,"nb_glm",NA,"recursive_multi_step",11,3,"small",9.99900009999e-05,7,7.20472946131882,2.5086101260656,1.11127172028386,0.0419141523318924
2,39,2,"inad_unconstrained",NA,"recursive_multi_step",11,3,"main",0.000999000999000999,7,7.062,2.51228280199289,1.07620626830604,0.00384400000000003
2,39,2,"inad_constrained_alpha",NA,"recursive_multi_step",11,3,"main",0.000999000999000999,7,7.586,2.54187775963988,1.07121643571119,0.343396
2,39,2,"nb_glm",NA,"recursive_multi_step",11,3,"main",0.000999000999000999,7,7.20472946131882,2.52940619740957,1.1464875455355,0.0419141523318924
2,39,2,"inad_unconstrained",NA,"recursive_multi_step",11,3,"large",0.0099009900990099,7,7.062,2.68108138452021,1.55835169385689,0.00384400000000003
2,39,2,"inad_constrained_alpha",NA,"recursive_multi_step",11,3,"large",0.0099009900990099,7,7.586,2.66146025784238,1.3713144287574,0.343396
2,39,2,"nb_glm",NA,"recursive_multi_step",11,3,"large",0.0099009900990099,7,7.20472946131882,2.6965774086469,1.63942094377344,0.0419141523318924
2,13,1,"inad_unconstrained",NA,"recursive_multi_step",12,4,"small",9.99900009999e-05,2,3.48,1.96799526355704,0.771303454472724,2.1904
2,13,1,"inad_constrained_alpha",NA,"recursive_multi_step",12,4,"small",9.99900009999e-05,2,2.82,1.67801010680644,0.557407847652181,0.6724
2,13,1,"nb_glm",NA,"recursive_multi_step",12,4,"small",9.99900009999e-05,2,4.03606573123623,1.87602303255531,0.969999200421214,4.14556366191453
2,13,1,"inad_unconstrained",NA,"recursive_multi_step",12,4,"main",0.000999000999000999,2,3.48,1.98464490435587,0.812113144614399,2.1904
2,13,1,"inad_constrained_alpha",NA,"recursive_multi_step",12,4,"main",0.000999000999000999,2,2.82,1.6901217569645,0.575762536926182,0.6724
2,13,1,"nb_glm",NA,"recursive_multi_step",12,4,"main",0.000999000999000999,2,4.03606573123623,1.89323360447955,1.01313169578562,4.14556366191453
2,13,1,"inad_unconstrained",NA,"recursive_multi_step",12,4,"large",0.0099009900990099,2,3.48,2.12684683844929,1.27760642978486,2.1904
2,13,1,"inad_constrained_alpha",NA,"recursive_multi_step",12,4,"large",0.0099009900990099,2,2.82,1.79742549085468,0.784928542916666,0.6724
2,13,1,"nb_glm",NA,"recursive_multi_step",12,4,"large",0.0099009900990099,2,4.03606573123623,2.04064071130464,1.4857555064105,4.14556366191453
2,39,2,"inad_unconstrained",NA,"recursive_multi_step",12,4,"small",9.99900009999e-05,1,6.746,2.70556300692383,3.06757885272085,33.016516
2,39,2,"inad_constrained_alpha",NA,"recursive_multi_step",12,4,"small",9.99900009999e-05,1,5.249,2.2287898564528,2.07651511021752,18.054001
2,39,2,"nb_glm",NA,"recursive_multi_step",12,4,"small",9.99900009999e-05,1,6.31021881222988,2.72686067533601,3.03638516188238,28.1984238337601
2,39,2,"inad_unconstrained",NA,"recursive_multi_step",12,4,"main",0.000999000999000999,1,6.746,2.72744455440486,3.19743716773479,33.016516
2,39,2,"inad_constrained_alpha",NA,"recursive_multi_step",12,4,"main",0.000999000999000999,1,5.249,2.25655900493987,2.20287823596012,18.054001
2,39,2,"nb_glm",NA,"recursive_multi_step",12,4,"main",0.000999000999000999,1,6.31021881222988,2.74931976775886,3.15497041676638,28.1984238337601
2,39,2,"inad_unconstrained",NA,"recursive_multi_step",12,4,"large",0.0099009900990099,1,6.746,2.89887590094066,4.48495171108093,33.016516
2,39,2,"inad_constrained_alpha",NA,"recursive_multi_step",12,4,"large",0.0099009900990099,1,5.249,2.47861661444773,3.5842984918171,18.054001
2,39,2,"nb_glm",NA,"recursive_multi_step",12,4,"large",0.0099009900990099,1,6.31021881222988,2.92441568446074,4.42647000509442,28.1984238337601
3,20,1,"inad_unconstrained",NA,"recursive_multi_step",9,1,"small",9.99900009999e-05,2,2.346,1.69417425271832,0.502857007238636,0.119716
3,20,1,"inad_constrained_alpha",NA,"recursive_multi_step",9,1,"small",9.99900009999e-05,2,2.258,1.75558426150532,0.507120230143677,0.066564
3,20,1,"nb_glm",NA,"recursive_multi_step",9,1,"small",9.99900009999e-05,2,1.76485153207718,1.56762011372976,0.430924847514287,0.0552948019664514
3,20,1,"inad_unconstrained",NA,"recursive_multi_step",9,1,"main",0.000999000999000999,2,2.346,1.70620798088689,0.515211989198385,0.119716
3,20,1,"inad_constrained_alpha",NA,"recursive_multi_step",9,1,"main",0.000999000999000999,2,2.258,1.76554613896439,0.516104492585331,0.066564
3,20,1,"nb_glm",NA,"recursive_multi_step",9,1,"main",0.000999000999000999,2,1.76485153207718,1.58023168453562,0.434166784452824,0.0552948019664514
3,20,1,"inad_unconstrained",NA,"recursive_multi_step",9,1,"large",0.0099009900990099,2,2.346,1.81277883645213,0.683483469583333,0.119716
3,20,1,"inad_constrained_alpha",NA,"recursive_multi_step",9,1,"large",0.0099009900990099,2,2.258,1.85437441788916,0.637165970554438,0.066564
3,20,1,"nb_glm",NA,"recursive_multi_step",9,1,"large",0.0099009900990099,2,1.76485153207718,1.69225149277642,0.540079222394378,0.0552948019664514
3,34,2,"inad_unconstrained",NA,"recursive_multi_step",9,1,"small",9.99900009999e-05,0,4.814,2.63209825857188,2.8719211498305,23.174596
3,34,2,"inad_constrained_alpha",NA,"recursive_multi_step",9,1,"small",9.99900009999e-05,0,4.949,3.24412969856668,3.03883469901771,24.492601
3,34,2,"nb_glm",NA,"recursive_multi_step",9,1,"small",9.99900009999e-05,0,4.70160472848974,2.90700358270895,2.87602655329469,22.1050870229571
3,34,2,"inad_unconstrained",NA,"recursive_multi_step",9,1,"main",0.000999000999000999,0,4.814,2.64100263512987,2.9191159516326,23.174596
3,34,2,"inad_constrained_alpha",NA,"recursive_multi_step",9,1,"main",0.000999000999000999,0,4.949,3.24356904662055,3.08690982934635,24.492601
3,34,2,"nb_glm",NA,"recursive_multi_step",9,1,"main",0.000999000999000999,0,4.70160472848974,2.91289696081633,2.92420927020469,22.1050870229571
3,34,2,"inad_unconstrained",NA,"recursive_multi_step",9,1,"large",0.0099009900990099,0,4.814,2.71543741953623,3.376205150976,23.174596
3,34,2,"inad_constrained_alpha",NA,"recursive_multi_step",9,1,"large",0.0099009900990099,0,4.949,3.23911902539299,3.56085480706727,24.492601
3,34,2,"nb_glm",NA,"recursive_multi_step",9,1,"large",0.0099009900990099,0,4.70160472848974,2.96107003339586,3.40457235129418,22.1050870229571
3,20,1,"inad_unconstrained",NA,"recursive_multi_step",10,2,"small",9.99900009999e-05,6,3.179,3.21847678256442,2.1371021221907,7.958041
3,20,1,"inad_constrained_alpha",NA,"recursive_multi_step",10,2,"small",9.99900009999e-05,6,3.813,2.51426980520136,1.56291324840755,4.782969
3,20,1,"nb_glm",NA,"recursive_multi_step",10,2,"small",9.99900009999e-05,6,3.40305900157063,2.72326877104042,1.81605790678774,6.74410254932336
3,20,1,"inad_unconstrained",NA,"recursive_multi_step",10,2,"main",0.000999000999000999,6,3.179,3.21496956990114,2.09274609497225,7.958041
3,20,1,"inad_constrained_alpha",NA,"recursive_multi_step",10,2,"main",0.000999000999000999,6,3.813,2.52278820136751,1.53570742724855,4.782969
3,20,1,"nb_glm",NA,"recursive_multi_step",10,2,"main",0.000999000999000999,6,3.40305900157063,2.72924221720522,1.77709783721023,6.74410254932336
3,20,1,"inad_unconstrained",NA,"recursive_multi_step",10,2,"large",0.0099009900990099,6,3.179,3.18661496264998,1.80140771707874,7.958041
3,20,1,"inad_constrained_alpha",NA,"recursive_multi_step",10,2,"large",0.0099009900990099,6,3.813,2.59504822421085,1.38784006418137,4.782969
3,20,1,"nb_glm",NA,"recursive_multi_step",10,2,"large",0.0099009900990099,6,3.40305900157063,2.7792958698671,1.54353922329262,6.74410254932336
3,34,2,"inad_unconstrained",NA,"recursive_multi_step",10,2,"small",9.99900009999e-05,3,6.256,2.17397434781545,1.54760222680916,10.601536
3,34,2,"inad_constrained_alpha",NA,"recursive_multi_step",10,2,"small",9.99900009999e-05,3,6.219,2.43227806944301,1.55986981101388,10.361961
3,34,2,"nb_glm",NA,"recursive_multi_step",10,2,"small",9.99900009999e-05,3,6.28916056707687,2.25935259457826,1.59464256664857,10.8185772360134
3,34,2,"inad_unconstrained",NA,"recursive_multi_step",10,2,"main",0.000999000999000999,3,6.256,2.19526711337498,1.62318451500062,10.601536
3,34,2,"inad_constrained_alpha",NA,"recursive_multi_step",10,2,"main",0.000999000999000999,3,6.219,2.44865983874506,1.62127728967008,10.361961
3,34,2,"nb_glm",NA,"recursive_multi_step",10,2,"main",0.000999000999000999,3,6.28916056707687,2.27995132955425,1.66835851966968,10.8185772360134
3,34,2,"inad_unconstrained",NA,"recursive_multi_step",10,2,"large",0.0099009900990099,3,6.256,2.37099178237474,2.38829846959234,10.601536
3,34,2,"inad_constrained_alpha",NA,"recursive_multi_step",10,2,"large",0.0099009900990099,3,6.219,2.58387542248582,2.23154770147427,10.361961
3,34,2,"nb_glm",NA,"recursive_multi_step",10,2,"large",0.0099009900990099,3,6.28916056707687,2.4493639058656,2.42050313360686,10.8185772360134
3,20,1,"inad_unconstrained",NA,"recursive_multi_step",11,3,"small",9.99900009999e-05,3,3.267,1.840120414148,0.620081668468104,0.0712889999999999
3,20,1,"inad_constrained_alpha",NA,"recursive_multi_step",11,3,"small",9.99900009999e-05,3,3.501,1.98894277300838,0.643062033892126,0.251001
3,20,1,"nb_glm",NA,"recursive_multi_step",11,3,"small",9.99900009999e-05,3,3.61505263740244,1.86347919706521,0.598328371983856,0.378289746775698
3,20,1,"inad_unconstrained",NA,"recursive_multi_step",11,3,"main",0.000999000999000999,3,3.267,1.85139083448714,0.631508051581123,0.0712889999999999
3,20,1,"inad_constrained_alpha",NA,"recursive_multi_step",11,3,"main",0.000999000999000999,3,3.501,1.99931195995191,0.656753108019031,0.251001
3,20,1,"nb_glm",NA,"recursive_multi_step",11,3,"main",0.000999000999000999,3,3.61505263740244,1.8746210531979,0.613289671823701,0.378289746775698
3,20,1,"inad_unconstrained",NA,"recursive_multi_step",11,3,"large",0.0099009900990099,3,3.267,1.95081381908366,0.775379851736111,0.0712889999999999
3,20,1,"inad_constrained_alpha",NA,"recursive_multi_step",11,3,"large",0.0099009900990099,3,3.501,2.09036768181339,0.816007929375,0.251001
3,20,1,"nb_glm",NA,"recursive_multi_step",11,3,"large",0.0099009900990099,3,3.61505263740244,1.97283946414718,0.782486872817812,0.378289746775698
3,34,2,"inad_unconstrained",NA,"recursive_multi_step",11,3,"small",9.99900009999e-05,7,5.648,2.75010687915786,1.38071856203555,1.827904
3,34,2,"inad_constrained_alpha",NA,"recursive_multi_step",11,3,"small",9.99900009999e-05,7,5.703,2.45494207598253,1.27304565222816,1.682209
3,34,2,"nb_glm",NA,"recursive_multi_step",11,3,"small",9.99900009999e-05,7,5.91807800574625,2.52901058882419,1.2245438246691,1.17055520165
3,34,2,"inad_unconstrained",NA,"recursive_multi_step",11,3,"main",0.000999000999000999,7,5.648,2.76097133496958,1.37276411269114,1.827904
3,34,2,"inad_constrained_alpha",NA,"recursive_multi_step",11,3,"main",0.000999000999000999,7,5.703,2.46847430986347,1.26757829968565,1.682209
3,34,2,"nb_glm",NA,"recursive_multi_step",11,3,"main",0.000999000999000999,7,5.91807800574625,2.54262808892587,1.2226305519905,1.17055520165
3,34,2,"inad_unconstrained",NA,"recursive_multi_step",11,3,"large",0.0099009900990099,7,5.648,2.84972094081663,1.42763433964305,1.827904
3,34,2,"inad_constrained_alpha",NA,"recursive_multi_step",11,3,"large",0.0099009900990099,7,5.703,2.58134871993858,1.32527324554443,1.682209
3,34,2,"nb_glm",NA,"recursive_multi_step",11,3,"large",0.0099009900990099,7,5.91807800574625,2.65532932815006,1.32074719450362,1.17055520165
3,20,1,"inad_unconstrained",NA,"recursive_multi_step",12,4,"small",9.99900009999e-05,1,3.071,1.79736268660992,0.884841100474446,4.289041
3,20,1,"inad_constrained_alpha",NA,"recursive_multi_step",12,4,"small",9.99900009999e-05,1,2.436,1.68326937134586,0.644815089480083,2.062096
3,20,1,"nb_glm",NA,"recursive_multi_step",12,4,"small",9.99900009999e-05,1,3.71080310010203,1.92685868725986,1.36628523677561,7.34845344752276
3,20,1,"inad_unconstrained",NA,"recursive_multi_step",12,4,"main",0.000999000999000999,1,3.071,1.81150743526159,0.923407898495885,4.289041
3,20,1,"inad_constrained_alpha",NA,"recursive_multi_step",12,4,"main",0.000999000999000999,1,2.436,1.69447425830066,0.66811717337034,2.062096
3,20,1,"nb_glm",NA,"recursive_multi_step",12,4,"main",0.000999000999000999,1,3.71080310010203,1.94026070352153,1.40229311922643,7.34845344752276
3,20,1,"inad_unconstrained",NA,"recursive_multi_step",12,4,"large",0.0099009900990099,1,3.071,1.93489783702491,1.32464178762641,4.289041
3,20,1,"inad_constrained_alpha",NA,"recursive_multi_step",12,4,"large",0.0099009900990099,1,2.436,1.7941488762105,0.915410766047595,2.062096
3,20,1,"nb_glm",NA,"recursive_multi_step",12,4,"large",0.0099009900990099,1,3.71080310010203,2.05673084908972,1.77274365207635,7.34845344752276
3,34,2,"inad_unconstrained",NA,"recursive_multi_step",12,4,"small",9.99900009999e-05,3,6.235,2.31621493303008,1.4884690508746,10.465225
3,34,2,"inad_constrained_alpha",NA,"recursive_multi_step",12,4,"small",9.99900009999e-05,3,4.699,2.24736495050641,0.951129635283318,2.886601
3,34,2,"nb_glm",NA,"recursive_multi_step",12,4,"small",9.99900009999e-05,3,5.75091758888392,2.16634943517844,1.33408043342556,7.56754758083089
3,34,2,"inad_unconstrained",NA,"recursive_multi_step",12,4,"main",0.000999000999000999,3,6.235,2.34752451460925,1.63061747660802,10.465225
3,34,2,"inad_constrained_alpha",NA,"recursive_multi_step",12,4,"main",0.000999000999000999,3,4.699,2.2741180703215,1.03772827998369,2.886601
3,34,2,"nb_glm",NA,"recursive_multi_step",12,4,"main",0.000999000999000999,3,5.75091758888392,2.1989110317273,1.45415755479389,7.56754758083089
3,34,2,"inad_unconstrained",NA,"recursive_multi_step",12,4,"large",0.0099009900990099,3,6.235,2.59262822720376,3.21345533874774,10.465225
3,34,2,"inad_constrained_alpha",NA,"recursive_multi_step",12,4,"large",0.0099009900990099,3,4.699,2.48865835950914,2.13303678793823,2.886601
3,34,2,"nb_glm",NA,"recursive_multi_step",12,4,"large",0.0099009900990099,3,5.75091758888392,2.45536765380358,2.94825227976013,7.56754758083089
4,14,1,"inad_unconstrained",NA,"recursive_multi_step",9,1,"small",9.99900009999e-05,2,3.957,1.81578871585937,0.924299000452216,3.829849
4,14,1,"inad_constrained_alpha",NA,"recursive_multi_step",9,1,"small",9.99900009999e-05,2,4.256,1.98944165054429,1.10765462735757,5.089536
4,14,1,"nb_glm",NA,"recursive_multi_step",9,1,"small",9.99900009999e-05,2,4.31689991983124,1.93892758776336,1.10170725346685,5.36802523851401
4,14,1,"inad_unconstrained",NA,"recursive_multi_step",9,1,"main",0.000999000999000999,2,3.957,1.83158805490329,0.960777078713147,3.829849
4,14,1,"inad_constrained_alpha",NA,"recursive_multi_step",9,1,"main",0.000999000999000999,2,4.256,2.0042019452461,1.14490510846211,5.089536
4,14,1,"nb_glm",NA,"recursive_multi_step",9,1,"main",0.000999000999000999,2,4.31689991983124,1.95401127552426,1.14127899542954,5.36802523851401
4,14,1,"inad_unconstrained",NA,"recursive_multi_step",9,1,"large",0.0099009900990099,2,3.957,1.96822938034459,1.355089083072,3.829849
4,14,1,"inad_constrained_alpha",NA,"recursive_multi_step",9,1,"large",0.0099009900990099,2,4.256,2.13118967633364,1.538193227392,5.089536
4,14,1,"nb_glm",NA,"recursive_multi_step",9,1,"large",0.0099009900990099,2,4.31689991983124,2.08398823150453,1.54978848968039,5.36802523851401
4,42,2,"inad_unconstrained",NA,"recursive_multi_step",9,1,"small",9.99900009999e-05,5,7.278,2.19265439140213,1.16477528009347,5.189284
4,42,2,"inad_constrained_alpha",NA,"recursive_multi_step",9,1,"small",9.99900009999e-05,5,7.755,2.33471009896285,1.3802515915528,7.590025
4,42,2,"nb_glm",NA,"recursive_multi_step",9,1,"small",9.99900009999e-05,5,7.77153109703995,2.41732591666077,1.4252959919093,7.68138462185949
4,42,2,"inad_unconstrained",NA,"recursive_multi_step",9,1,"main",0.000999000999000999,5,7.278,2.22243629015304,1.26023671552458,5.189284
4,42,2,"inad_constrained_alpha",NA,"recursive_multi_step",9,1,"main",0.000999000999000999,5,7.755,2.34941366095116,1.4202361294238,7.590025
4,42,2,"nb_glm",NA,"recursive_multi_step",9,1,"main",0.000999000999000999,5,7.77153109703995,2.4451071283469,1.53241622868673,7.68138462185949
4,42,2,"inad_unconstrained",NA,"recursive_multi_step",9,1,"large",0.0099009900990099,5,7.278,2.45923890303942,2.3859517347608,5.189284
4,42,2,"inad_constrained_alpha",NA,"recursive_multi_step",9,1,"large",0.0099009900990099,5,7.755,2.47276194615461,1.79468708477783,7.590025
4,42,2,"nb_glm",NA,"recursive_multi_step",9,1,"large",0.0099009900990099,5,7.77153109703995,2.66386965171799,2.69384498882723,7.68138462185949
4,14,1,"inad_unconstrained",NA,"recursive_multi_step",10,2,"small",9.99900009999e-05,2,4.581,2.06657359917208,1.22405095113438,6.661561
4,14,1,"inad_constrained_alpha",NA,"recursive_multi_step",10,2,"small",9.99900009999e-05,2,4.241,1.97465984047943,1.07071567241087,5.022081
4,14,1,"nb_glm",NA,"recursive_multi_step",10,2,"small",9.99900009999e-05,2,4.96290487639448,2.08796688265524,1.44182834699883,8.77880530656218
4,14,1,"inad_unconstrained",NA,"recursive_multi_step",10,2,"main",0.000999000999000999,2,4.581,2.09299203157229,1.31205497143548,6.661561
4,14,1,"inad_constrained_alpha",NA,"recursive_multi_step",10,2,"main",0.000999000999000999,2,4.241,1.98688198356814,1.10130683603866,5.022081
4,14,1,"nb_glm",NA,"recursive_multi_step",10,2,"main",0.000999000999000999,2,4.96290487639448,2.11423348635353,1.53238340747553,8.77880530656218
4,14,1,"inad_unconstrained",NA,"recursive_multi_step",10,2,"large",0.0099009900990099,2,4.581,2.30785073072421,2.37542625221262,6.661561
4,14,1,"inad_constrained_alpha",NA,"recursive_multi_step",10,2,"large",0.0099009900990099,2,4.241,2.09337421778378,1.407155330086,5.022081
4,14,1,"nb_glm",NA,"recursive_multi_step",10,2,"large",0.0099009900990099,2,4.96290487639448,2.32769740136574,2.59453812831397,8.77880530656218
4,42,2,"inad_unconstrained",NA,"recursive_multi_step",10,2,"small",9.99900009999e-05,9,8.157,2.90299565456586,1.45369924425425,0.710649
4,42,2,"inad_constrained_alpha",NA,"recursive_multi_step",10,2,"small",9.99900009999e-05,9,6.923,2.53973862291981,1.60021923639823,4.313929
4,42,2,"nb_glm",NA,"recursive_multi_step",10,2,"small",9.99900009999e-05,9,8.03289390332668,2.74301500400072,1.46874428979485,0.935294202222714
4,42,2,"inad_unconstrained",NA,"recursive_multi_step",10,2,"main",0.000999000999000999,9,8.157,2.92543881279335,1.47507105810123,0.710649
4,42,2,"inad_constrained_alpha",NA,"recursive_multi_step",10,2,"main",0.000999000999000999,9,6.923,2.5523567985986,1.58506602871258,4.313929
4,42,2,"nb_glm",NA,"recursive_multi_step",10,2,"main",0.000999000999000999,9,8.03289390332668,2.7678358423046,1.48619665213524,0.935294202222714
4,42,2,"inad_unconstrained",NA,"recursive_multi_step",10,2,"large",0.0099009900990099,9,8.157,3.09650562520491,2.04913678111772,0.710649
4,42,2,"inad_constrained_alpha",NA,"recursive_multi_step",10,2,"large",0.0099009900990099,9,6.923,2.65714174638095,1.54081613079834,4.313929
4,42,2,"nb_glm",NA,"recursive_multi_step",10,2,"large",0.0099009900990099,9,8.03289390332668,2.95911393090541,2.04039028118697,0.935294202222714
4,14,1,"inad_unconstrained",NA,"recursive_multi_step",11,3,"small",9.99900009999e-05,2,3.847,1.8407190373326,0.850364611335174,3.411409
4,14,1,"inad_constrained_alpha",NA,"recursive_multi_step",11,3,"small",9.99900009999e-05,2,3.878,1.84642560567383,0.879237049677033,3.526884
4,14,1,"nb_glm",NA,"recursive_multi_step",11,3,"small",9.99900009999e-05,2,4.33437820064969,1.94301988690595,1.110761576107,5.44932158366849
4,14,1,"inad_unconstrained",NA,"recursive_multi_step",11,3,"main",0.000999000999000999,2,3.847,1.85725595393954,0.891461927401213,3.411409
4,14,1,"inad_constrained_alpha",NA,"recursive_multi_step",11,3,"main",0.000999000999000999,2,3.878,1.85766048676989,0.904879267968089,3.526884
4,14,1,"nb_glm",NA,"recursive_multi_step",11,3,"main",0.000999000999000999,2,4.33437820064969,1.95895341591559,1.15327016309159,5.44932158366849
4,14,1,"inad_unconstrained",NA,"recursive_multi_step",11,3,"large",0.0099009900990099,2,3.847,1.9996039832531,1.33604596176619,3.411409
4,14,1,"inad_constrained_alpha",NA,"recursive_multi_step",11,3,"large",0.0099009900990099,2,3.878,1.95675204390023,1.15801536069444,3.526884
4,14,1,"nb_glm",NA,"recursive_multi_step",11,3,"large",0.0099009900990099,2,4.33437820064969,2.09568781539654,1.59772322324788,5.44932158366849
4,42,2,"inad_unconstrained",NA,"recursive_multi_step",11,3,"small",9.99900009999e-05,7,6.181,2.51476853345468,1.21203763403222,0.670761
4,42,2,"inad_constrained_alpha",NA,"recursive_multi_step",11,3,"small",9.99900009999e-05,7,6.359,2.76642856215166,1.1956091485747,0.410881
4,42,2,"nb_glm",NA,"recursive_multi_step",11,3,"small",9.99900009999e-05,7,6.69256965995207,2.51460350212255,1.12925338283613,0.0945134139819888
4,42,2,"inad_unconstrained",NA,"recursive_multi_step",11,3,"main",0.000999000999000999,7,6.181,2.527663881431,1.21566146514803,0.670761
4,42,2,"inad_constrained_alpha",NA,"recursive_multi_step",11,3,"main",0.000999000999000999,7,6.359,2.78228973151915,1.2075975268305,0.410881
4,42,2,"nb_glm",NA,"recursive_multi_step",11,3,"main",0.000999000999000999,7,6.69256965995207,2.53360036502982,1.14964420261408,0.0945134139819888
4,42,2,"inad_unconstrained",NA,"recursive_multi_step",11,3,"large",0.0099009900990099,7,6.181,2.63489413275805,1.33176408599854,0.670761
4,42,2,"inad_constrained_alpha",NA,"recursive_multi_step",11,3,"large",0.0099009900990099,7,6.359,2.90880732005185,1.51598510172839,0.410881
4,42,2,"nb_glm",NA,"recursive_multi_step",11,3,"large",0.0099009900990099,7,6.69256965995207,2.6873962083606,1.50825039535076,0.0945134139819888
4,14,1,"inad_unconstrained",NA,"recursive_multi_step",12,4,"small",9.99900009999e-05,3,3.373,2.17327647629518,0.763701856543362,0.139129
4,14,1,"inad_constrained_alpha",NA,"recursive_multi_step",12,4,"small",9.99900009999e-05,3,2.705,2.09655652930113,0.752234590489917,0.087025
4,14,1,"nb_glm",NA,"recursive_multi_step",12,4,"small",9.99900009999e-05,3,3.89138582036342,1.89936123897012,0.655488262922877,0.794568680744971
4,14,1,"inad_unconstrained",NA,"recursive_multi_step",12,4,"main",0.000999000999000999,3,3.373,2.18847426823517,0.785122037530968,0.139129
4,14,1,"inad_constrained_alpha",NA,"recursive_multi_step",12,4,"main",0.000999000999000999,3,2.705,2.10530402377673,0.754386557338922,0.087025
4,14,1,"nb_glm",NA,"recursive_multi_step",12,4,"main",0.000999000999000999,3,3.89138582036342,1.9164342774998,0.685619996415304,0.794568680744971
4,14,1,"inad_unconstrained",NA,"recursive_multi_step",12,4,"large",0.0099009900990099,3,3.373,2.31733906888242,1.1008661493583,0.139129
4,14,1,"inad_constrained_alpha",NA,"recursive_multi_step",12,4,"large",0.0099009900990099,3,2.705,2.18215383960603,0.819102680954735,0.087025
4,14,1,"nb_glm",NA,"recursive_multi_step",12,4,"large",0.0099009900990099,3,3.89138582036342,2.0625623859294,1.05992201147358,0.794568680744971
4,42,2,"inad_unconstrained",NA,"recursive_multi_step",12,4,"small",9.99900009999e-05,12,6.015,3.50861537465029,4.34494184310603,35.820225
4,42,2,"inad_constrained_alpha",NA,"recursive_multi_step",12,4,"small",9.99900009999e-05,12,5.016,4.19695322361612,5.23213961946955,48.776256
4,42,2,"nb_glm",NA,"recursive_multi_step",12,4,"small",9.99900009999e-05,12,5.84731619831701,3.70779261044048,4.42503863579163,37.8555179634922
4,42,2,"inad_unconstrained",NA,"recursive_multi_step",12,4,"main",0.000999000999000999,12,6.015,3.52634156744988,4.09423065707868,35.820225
4,42,2,"inad_constrained_alpha",NA,"recursive_multi_step",12,4,"main",0.000999000999000999,12,5.016,4.1734502090743,4.99980997588942,48.776256
4,42,2,"nb_glm",NA,"recursive_multi_step",12,4,"main",0.000999000999000999,12,5.84731619831701,3.71914731135527,4.1515060291675,37.8555179634922
4,42,2,"inad_unconstrained",NA,"recursive_multi_step",12,4,"large",0.0099009900990099,12,6.015,3.64965874096066,3.49299713194589,35.820225
4,42,2,"inad_constrained_alpha",NA,"recursive_multi_step",12,4,"large",0.0099009900990099,12,5.016,4.0193696190576,3.75889950622449,48.776256
4,42,2,"nb_glm",NA,"recursive_multi_step",12,4,"large",0.0099009900990099,12,5.84731619831701,3.79611347656841,3.44709661175433,37.8555179634922
5,15,1,"inad_unconstrained",NA,"recursive_multi_step",9,1,"small",9.99900009999e-05,1,3.172,1.64634534361188,0.982054501907659,4.717584
5,15,1,"inad_constrained_alpha",NA,"recursive_multi_step",9,1,"small",9.99900009999e-05,1,3.266,1.83405430997734,1.0954446550845,5.134756
5,15,1,"nb_glm",NA,"recursive_multi_step",9,1,"small",9.99900009999e-05,1,3.14864781258237,1.73668258601717,1.04205126145808,4.61668742251502
5,15,1,"inad_unconstrained",NA,"recursive_multi_step",9,1,"main",0.000999000999000999,1,3.172,1.65772452332926,1.00813728093216,4.717584
5,15,1,"inad_constrained_alpha",NA,"recursive_multi_step",9,1,"main",0.000999000999000999,1,3.266,1.8471191104405,1.12773115902206,5.134756
5,15,1,"nb_glm",NA,"recursive_multi_step",9,1,"main",0.000999000999000999,1,3.14864781258237,1.75026602897658,1.07316007385617,4.61668742251502
5,15,1,"inad_unconstrained",NA,"recursive_multi_step",9,1,"large",0.0099009900990099,1,3.172,1.75904012869371,1.26841299103171,4.717584
5,15,1,"inad_constrained_alpha",NA,"recursive_multi_step",9,1,"large",0.0099009900990099,1,3.266,1.96143995067344,1.46578419107767,5.134756
5,15,1,"nb_glm",NA,"recursive_multi_step",9,1,"large",0.0099009900990099,1,3.14864781258237,1.86943853374333,1.40463014294259,4.61668742251502
5,62,2,"inad_unconstrained",NA,"recursive_multi_step",9,1,"small",9.99900009999e-05,11,5.429,4.13153299459523,4.10608298859404,31.036041
5,62,2,"inad_constrained_alpha",NA,"recursive_multi_step",9,1,"small",9.99900009999e-05,11,5.609,3.38185208217244,3.95030018859404,29.062881
5,62,2,"nb_glm",NA,"recursive_multi_step",9,1,"small",9.99900009999e-05,11,5.73317446588914,3.47723167597286,3.72878223106257,27.7394512067621
5,62,2,"inad_unconstrained",NA,"recursive_multi_step",9,1,"main",0.000999000999000999,11,5.429,4.10024313203062,4.00541810620832,31.036041
5,62,2,"inad_constrained_alpha",NA,"recursive_multi_step",9,1,"main",0.000999000999000999,11,5.609,3.38583768717001,3.80836182048683,29.062881
5,62,2,"nb_glm",NA,"recursive_multi_step",9,1,"main",0.000999000999000999,11,5.73317446588914,3.47864997972271,3.59848006412739,27.7394512067621
5,62,2,"inad_unconstrained",NA,"recursive_multi_step",9,1,"large",0.0099009900990099,11,5.429,3.88254065286364,3.30622644571889,31.036041
5,62,2,"inad_constrained_alpha",NA,"recursive_multi_step",9,1,"large",0.0099009900990099,11,5.609,3.41597266724431,3.01137060910837,29.062881
5,62,2,"nb_glm",NA,"recursive_multi_step",9,1,"large",0.0099009900990099,11,5.73317446588914,3.48925615905908,2.87827929820094,27.7394512067621
5,15,1,"inad_unconstrained",NA,"recursive_multi_step",10,2,"small",9.99900009999e-05,2,3.991,1.95372094509196,0.916039612203036,3.964081
5,15,1,"inad_constrained_alpha",NA,"recursive_multi_step",10,2,"small",9.99900009999e-05,2,4.556,1.98894277300838,1.21908798170294,6.533136
5,15,1,"nb_glm",NA,"recursive_multi_step",10,2,"small",9.99900009999e-05,2,4.33409345525852,1.94217540703743,1.1191286202469,5.44799225788066
5,15,1,"inad_unconstrained",NA,"recursive_multi_step",10,2,"main",0.000999000999000999,2,3.991,1.9695858811831,0.958274317479452,3.964081
5,15,1,"inad_constrained_alpha",NA,"recursive_multi_step",10,2,"main",0.000999000999000999,2,4.556,1.99931195995191,1.24529024814302,6.533136
5,15,1,"nb_glm",NA,"recursive_multi_step",10,2,"main",0.000999000999000999,2,4.33409345525852,1.95811373421681,1.16116655356105,5.44799225788066
5,15,1,"inad_unconstrained",NA,"recursive_multi_step",10,2,"large",0.0099009900990099,2,3.991,2.10568774141437,1.407790175548,3.964081
5,15,1,"inad_constrained_alpha",NA,"recursive_multi_step",10,2,"large",0.0099009900990099,2,4.556,2.09036768181339,1.49477442833333,6.533136
5,15,1,"nb_glm",NA,"recursive_multi_step",10,2,"large",0.0099009900990099,2,4.33409345525852,2.0948934410896,1.60232857965758,5.44799225788066
5,62,2,"inad_unconstrained",NA,"recursive_multi_step",10,2,"small",9.99900009999e-05,10,6.931,2.83171909570701,2.26188211231741,9.418761
5,62,2,"inad_constrained_alpha",NA,"recursive_multi_step",10,2,"small",9.99900009999e-05,10,6.766,2.60553445356847,2.28319454657722,10.458756
5,62,2,"nb_glm",NA,"recursive_multi_step",10,2,"small",9.99900009999e-05,10,6.98528390890277,2.96083143694445,2.19600924665585,9.08851310992054
5,62,2,"inad_unconstrained",NA,"recursive_multi_step",10,2,"main",0.000999000999000999,10,6.931,2.84489505671972,2.21569220326608,9.418761
5,62,2,"inad_constrained_alpha",NA,"recursive_multi_step",10,2,"main",0.000999000999000999,10,6.766,2.62174817535228,2.23259130712059,10.458756
5,62,2,"nb_glm",NA,"recursive_multi_step",10,2,"main",0.000999000999000999,10,6.98528390890277,2.97194893971387,2.15210252063823,9.08851310992054
5,62,2,"inad_unconstrained",NA,"recursive_multi_step",10,2,"large",0.0099009900990099,10,6.931,2.95031334235904,2.02204780886427,9.418761
5,62,2,"inad_constrained_alpha",NA,"recursive_multi_step",10,2,"large",0.0099009900990099,10,6.766,2.75334647601739,2.01271310554582,10.458756
5,62,2,"nb_glm",NA,"recursive_multi_step",10,2,"large",0.0099009900990099,10,6.98528390890277,3.06004359511208,1.97495169994078,9.08851310992054
5,15,1,"inad_unconstrained",NA,"recursive_multi_step",11,3,"small",9.99900009999e-05,2,3.685,1.80927714490027,0.788021161379056,2.839225
5,15,1,"inad_constrained_alpha",NA,"recursive_multi_step",11,3,"small",9.99900009999e-05,2,4.094,1.99656280684111,1.02440344739505,4.384836
5,15,1,"nb_glm",NA,"recursive_multi_step",11,3,"small",9.99900009999e-05,2,4.10181862318899,1.8878137544731,1.00409841847178,4.41764152478407
5,15,1,"inad_unconstrained",NA,"recursive_multi_step",11,3,"main",0.000999000999000999,2,3.685,1.82159889850084,0.815256918153641,2.839225
5,15,1,"inad_constrained_alpha",NA,"recursive_multi_step",11,3,"main",0.000999000999000999,2,4.094,2.0095216317951,1.05772806556722,4.384836
5,15,1,"nb_glm",NA,"recursive_multi_step",11,3,"main",0.000999000999000999,2,4.10181862318899,1.90145179076366,1.0368092683236,4.41764152478407
5,15,1,"inad_unconstrained",NA,"recursive_multi_step",11,3,"large",0.0099009900990099,2,3.685,1.92993919289727,1.09290187944812,2.839225
5,15,1,"inad_constrained_alpha",NA,"recursive_multi_step",11,3,"large",0.0099009900990099,2,4.094,2.12189087585947,1.39668720536718,4.384836
5,15,1,"nb_glm",NA,"recursive_multi_step",11,3,"large",0.0099009900990099,2,4.10181862318899,2.02011206920754,1.37227157633596,4.41764152478407
5,62,2,"inad_unconstrained",NA,"recursive_multi_step",11,3,"small",9.99900009999e-05,6,6.038,2.18257788016474,0.999723373773741,0.00144400000000002
5,62,2,"inad_constrained_alpha",NA,"recursive_multi_step",11,3,"small",9.99900009999e-05,6,6.376,2.29474014775398,0.989311557265296,0.141376
5,62,2,"nb_glm",NA,"recursive_multi_step",11,3,"small",9.99900009999e-05,6,6.30624503850453,2.36317015623104,0.961031244494631,0.0937860236086383
5,62,2,"inad_unconstrained",NA,"recursive_multi_step",11,3,"main",0.000999000999000999,6,6.038,2.20206476051898,1.02342503204059,0.00144400000000002
5,62,2,"inad_constrained_alpha",NA,"recursive_multi_step",11,3,"main",0.000999000999000999,6,6.376,2.31329142659956,1.01892757929774,0.141376
5,62,2,"nb_glm",NA,"recursive_multi_step",11,3,"main",0.000999000999000999,6,6.30624503850453,2.38110135940323,0.98920801347735,0.0937860236086383
5,62,2,"inad_unconstrained",NA,"recursive_multi_step",11,3,"large",0.0099009900990099,6,6.038,2.36405761205256,1.36638418985308,0.00144400000000002
5,62,2,"inad_constrained_alpha",NA,"recursive_multi_step",11,3,"large",0.0099009900990099,6,6.376,2.46679886255677,1.3966070370753,0.141376
5,62,2,"nb_glm",NA,"recursive_multi_step",11,3,"large",0.0099009900990099,6,6.30624503850453,2.52902039417679,1.36000531252536,0.0937860236086383
5,15,1,"inad_unconstrained",NA,"recursive_multi_step",12,4,"small",9.99900009999e-05,4,3.192,2.48980828598881,1.07988027668855,0.652864
5,15,1,"inad_constrained_alpha",NA,"recursive_multi_step",12,4,"small",9.99900009999e-05,4,2.73,2.39759578675749,1.10830634153392,1.6129
5,15,1,"nb_glm",NA,"recursive_multi_step",12,4,"small",9.99900009999e-05,4,3.81962274309974,2.04308264391926,0.696769918453556,0.0325359548068629
5,15,1,"inad_unconstrained",NA,"recursive_multi_step",12,4,"main",0.000999000999000999,4,3.192,2.49771236452701,1.07412838937887,0.652864
5,15,1,"inad_constrained_alpha",NA,"recursive_multi_step",12,4,"main",0.000999000999000999,4,2.73,2.40379981460607,1.09608403027849,1.6129
5,15,1,"nb_glm",NA,"recursive_multi_step",12,4,"main",0.000999000999000999,4,3.81962274309974,2.05485229812712,0.704211482175659,0.0325359548068629
5,15,1,"inad_unconstrained",NA,"recursive_multi_step",12,4,"large",0.0099009900990099,4,3.192,2.56512150342534,1.09785427653856,0.652864
5,15,1,"inad_constrained_alpha",NA,"recursive_multi_step",12,4,"large",0.0099009900990099,4,2.73,2.45761851526497,1.03962817343408,1.6129
5,15,1,"nb_glm",NA,"recursive_multi_step",12,4,"large",0.0099009900990099,4,3.81962274309974,2.15716516660951,0.827625190263086,0.0325359548068629
5,62,2,"inad_unconstrained",NA,"recursive_multi_step",12,4,"small",9.99900009999e-05,9,5.913,3.10256605741921,2.40134392176133,9.529569
5,62,2,"inad_constrained_alpha",NA,"recursive_multi_step",12,4,"small",9.99900009999e-05,9,5.014,3.29862803621709,2.96387153286019,15.888196
5,62,2,"nb_glm",NA,"recursive_multi_step",12,4,"small",9.99900009999e-05,9,5.72222968180682,2.96691362675029,2.2884194274455,10.7437782588282
5,62,2,"inad_unconstrained",NA,"recursive_multi_step",12,4,"main",0.000999000999000999,9,5.913,3.1154318845525,2.33814173849871,9.529569
5,62,2,"inad_constrained_alpha",NA,"recursive_multi_step",12,4,"main",0.000999000999000999,9,5.014,3.31416927441095,2.83522149060429,15.888196
5,62,2,"nb_glm",NA,"recursive_multi_step",12,4,"main",0.000999000999000999,9,5.72222968180682,2.98915634055254,2.20079417903754,10.7437782588282
5,62,2,"inad_unconstrained",NA,"recursive_multi_step",12,4,"large",0.0099009900990099,9,5.913,3.21435706435487,2.18802805581811,9.529569
5,62,2,"inad_constrained_alpha",NA,"recursive_multi_step",12,4,"large",0.0099009900990099,9,5.014,3.42820259776672,2.61481475014074,15.888196
5,62,2,"nb_glm",NA,"recursive_multi_step",12,4,"large",0.0099009900990099,9,5.72222968180682,3.15729447688448,2.23018680357789,10.7437782588282
6,21,1,"inad_unconstrained",NA,"recursive_multi_step",9,1,"small",9.99900009999e-05,4,3.25,2.11293691327397,0.860996155825919,0.5625
6,21,1,"inad_constrained_alpha",NA,"recursive_multi_step",9,1,"small",9.99900009999e-05,4,3.19,2.22629720846992,0.883310550398833,0.6561
6,21,1,"nb_glm",NA,"recursive_multi_step",9,1,"small",9.99900009999e-05,4,3.20844325418266,2.09649215184546,0.80403783875406,0.626562081848937
6,21,1,"inad_unconstrained",NA,"recursive_multi_step",9,1,"main",0.000999000999000999,4,3.25,2.12156467672269,0.857830193370129,0.5625
6,21,1,"inad_constrained_alpha",NA,"recursive_multi_step",9,1,"main",0.000999000999000999,4,3.19,2.23227417867511,0.879595625369698,0.6561
6,21,1,"nb_glm",NA,"recursive_multi_step",9,1,"main",0.000999000999000999,4,3.20844325418266,2.10524245944998,0.800935833812511,0.626562081848937
6,21,1,"inad_unconstrained",NA,"recursive_multi_step",9,1,"large",0.0099009900990099,4,3.25,2.19731701858357,0.871057483087353,0.5625
6,21,1,"inad_constrained_alpha",NA,"recursive_multi_step",9,1,"large",0.0099009900990099,4,3.19,2.28496349164423,0.872304577982322,0.6561
6,21,1,"nb_glm",NA,"recursive_multi_step",9,1,"large",0.0099009900990099,4,3.20844325418266,2.18211483024243,0.815798443026461,0.626562081848937
6,53,2,"inad_unconstrained",NA,"recursive_multi_step",9,1,"small",9.99900009999e-05,3,7.887,2.67539526486095,2.76899390453091,23.882769
6,53,2,"inad_constrained_alpha",NA,"recursive_multi_step",9,1,"small",9.99900009999e-05,3,8.112,2.88321601123621,2.99864630574877,26.132544
6,53,2,"nb_glm",NA,"recursive_multi_step",9,1,"small",9.99900009999e-05,3,8.18583169679282,2.59671923411478,2.6456630654959,26.8928503874611
6,53,2,"inad_unconstrained",NA,"recursive_multi_step",9,1,"main",0.000999000999000999,3,7.887,2.69074199828188,2.82842657964144,23.882769
6,53,2,"inad_constrained_alpha",NA,"recursive_multi_step",9,1,"main",0.000999000999000999,3,8.112,2.89036396824783,3.03013296224717,26.132544
6,53,2,"nb_glm",NA,"recursive_multi_step",9,1,"main",0.000999000999000999,3,8.18583169679282,2.6130663587148,2.71927185188005,26.8928503874611
6,53,2,"inad_unconstrained",NA,"recursive_multi_step",9,1,"large",0.0099009900990099,3,7.887,2.81479011380614,3.41308853202555,23.882769
6,53,2,"inad_constrained_alpha",NA,"recursive_multi_step",9,1,"large",0.0099009900990099,3,8.112,2.94866838293968,3.32550317676235,26.132544
6,53,2,"nb_glm",NA,"recursive_multi_step",9,1,"large",0.0099009900990099,3,8.18583169679282,2.74577247658141,3.39134016578895,26.8928503874611
6,21,1,"inad_unconstrained",NA,"recursive_multi_step",10,2,"small",9.99900009999e-05,5,4.054,2.31442174665598,1.04249025180873,0.894915999999999
6,21,1,"inad_constrained_alpha",NA,"recursive_multi_step",10,2,"small",9.99900009999e-05,5,4.59,2.3442640747161,0.851560900785555,0.1681
6,21,1,"nb_glm",NA,"recursive_multi_step",10,2,"small",9.99900009999e-05,5,4.38977829097752,2.24458894361188,0.88941930359106,0.372370534162322
6,21,1,"inad_unconstrained",NA,"recursive_multi_step",10,2,"main",0.000999000999000999,5,4.054,2.33018303957276,1.03882474254775,0.894915999999999
6,21,1,"inad_constrained_alpha",NA,"recursive_multi_step",10,2,"main",0.000999000999000999,5,4.59,2.35185772647426,0.854916304527105,0.1681
6,21,1,"nb_glm",NA,"recursive_multi_step",10,2,"main",0.000999000999000999,5,4.38977829097752,2.26095722488791,0.894563503852449,0.372370534162322
6,21,1,"inad_unconstrained",NA,"recursive_multi_step",10,2,"large",0.0099009900990099,5,4.054,2.46200804478669,1.17880331855057,0.894915999999999
6,21,1,"inad_constrained_alpha",NA,"recursive_multi_step",10,2,"large",0.0099009900990099,5,4.59,2.4176219029824,0.913486752083333,0.1681
6,21,1,"nb_glm",NA,"recursive_multi_step",10,2,"large",0.0099009900990099,5,4.38977829097752,2.3982675572856,1.09437193399053,0.372370534162322
6,53,2,"inad_unconstrained",NA,"recursive_multi_step",10,2,"small",9.99900009999e-05,0,8.869,4.2646760866434,6.15643512274685,78.659161
6,53,2,"inad_constrained_alpha",NA,"recursive_multi_step",10,2,"small",9.99900009999e-05,0,8.059,4.50380628138204,5.61777042825513,64.947481
6,53,2,"nb_glm",NA,"recursive_multi_step",10,2,"small",9.99900009999e-05,0,8.4227314885021,4.12437423232535,5.42085021377911,70.9424057274048
6,53,2,"inad_unconstrained",NA,"recursive_multi_step",10,2,"main",0.000999000999000999,0,8.869,4.2302708468907,6.20701634968696,78.659161
6,53,2,"inad_constrained_alpha",NA,"recursive_multi_step",10,2,"main",0.000999000999000999,0,8.059,4.45246158744461,5.6661389593908,64.947481
6,53,2,"nb_glm",NA,"recursive_multi_step",10,2,"main",0.000999000999000999,0,8.4227314885021,4.09777378916813,5.48825427480987,70.9424057274048
6,53,2,"inad_unconstrained",NA,"recursive_multi_step",10,2,"large",0.0099009900990099,0,8.869,4.00151679991103,6.68033830400597,78.659161
6,53,2,"inad_constrained_alpha",NA,"recursive_multi_step",10,2,"large",0.0099009900990099,0,8.059,4.12803555433497,6.13175928051978,64.947481
6,53,2,"nb_glm",NA,"recursive_multi_step",10,2,"large",0.0099009900990099,0,8.4227314885021,3.91598013260272,6.09540189316653,70.9424057274048
6,21,1,"inad_unconstrained",NA,"recursive_multi_step",11,3,"small",9.99900009999e-05,2,3.595,1.94610966995629,0.794294759121209,2.544025
6,21,1,"inad_constrained_alpha",NA,"recursive_multi_step",11,3,"small",9.99900009999e-05,2,4.052,1.8279274149146,0.941089029278036,4.210704
6,21,1,"nb_glm",NA,"recursive_multi_step",11,3,"small",9.99900009999e-05,2,4.11473003529457,1.89232939898048,1.00628900745835,4.47208312217697
6,21,1,"inad_unconstrained",NA,"recursive_multi_step",11,3,"main",0.000999000999000999,2,3.595,1.95675204390023,0.81804730841311,2.544025
6,21,1,"inad_constrained_alpha",NA,"recursive_multi_step",11,3,"main",0.000999000999000999,2,4.052,1.84190509707801,0.974857928798915,4.210704
6,21,1,"nb_glm",NA,"recursive_multi_step",11,3,"main",0.000999000999000999,2,4.11473003529457,1.90594135695009,1.03925989270012,4.47208312217697
6,21,1,"inad_unconstrained",NA,"recursive_multi_step",11,3,"large",0.0099009900990099,2,3.595,2.05033591654118,1.05981515784722,2.544025
6,21,1,"inad_constrained_alpha",NA,"recursive_multi_step",11,3,"large",0.0099009900990099,2,4.052,1.96373473396787,1.31915598968868,4.210704
6,21,1,"nb_glm",NA,"recursive_multi_step",11,3,"large",0.0099009900990099,2,4.11473003529457,2.02435814430676,1.37640096460343,4.47208312217697
6,53,2,"inad_unconstrained",NA,"recursive_multi_step",11,3,"small",9.99900009999e-05,0,6.89,3.72843936736135,4.44791912220626,47.4721
6,53,2,"inad_constrained_alpha",NA,"recursive_multi_step",11,3,"small",9.99900009999e-05,0,6.796,3.61091801236501,4.49126569343264,46.185616
6,53,2,"nb_glm",NA,"recursive_multi_step",11,3,"small",9.99900009999e-05,0,6.98872157738891,3.70603199780758,4.43936914790738,48.8422292862614
6,53,2,"inad_unconstrained",NA,"recursive_multi_step",11,3,"main",0.000999000999000999,0,6.89,3.71747871686078,4.50868690843623,47.4721
6,53,2,"inad_constrained_alpha",NA,"recursive_multi_step",11,3,"main",0.000999000999000999,0,6.796,3.60220211475043,4.53958544403587,46.185616
6,53,2,"nb_glm",NA,"recursive_multi_step",11,3,"main",0.000999000999000999,0,6.98872157738891,3.69585622194759,4.50193859468903,48.8422292862614
6,53,2,"inad_unconstrained",NA,"recursive_multi_step",11,3,"large",0.0099009900990099,0,6.89,3.63672499217609,5.08055935857988,47.4721
6,53,2,"inad_constrained_alpha",NA,"recursive_multi_step",11,3,"large",0.0099009900990099,0,6.796,3.5364266434225,4.99617687316895,46.185616
6,53,2,"nb_glm",NA,"recursive_multi_step",11,3,"large",0.0099009900990099,0,6.98872157738891,3.62066487884255,5.08513591383186,48.8422292862614
6,21,1,"inad_unconstrained",NA,"recursive_multi_step",12,4,"small",9.99900009999e-05,3,3.285,2.21808684434039,0.771692076170852,0.0812250000000001
6,21,1,"inad_constrained_alpha",NA,"recursive_multi_step",12,4,"small",9.99900009999e-05,3,2.518,2.07287747935383,0.758682963682264,0.232324
6,21,1,"nb_glm",NA,"recursive_multi_step",12,4,"small",9.99900009999e-05,3,3.85225565343723,1.88910094310754,0.644377514619889,0.726339698815718
6,21,1,"inad_unconstrained",NA,"recursive_multi_step",12,4,"main",0.000999000999000999,3,3.285,2.23292642567156,0.791162055600064,0.0812250000000001
6,21,1,"inad_constrained_alpha",NA,"recursive_multi_step",12,4,"main",0.000999000999000999,3,2.518,2.08531604534049,0.75911640366201,0.232324
6,21,1,"nb_glm",NA,"recursive_multi_step",12,4,"main",0.000999000999000999,3,3.85225565343723,1.90623469391337,0.673909192273184,0.726339698815718
6,21,1,"inad_unconstrained",NA,"recursive_multi_step",12,4,"large",0.0099009900990099,3,3.285,2.35853071778005,1.09440386514973,0.0812250000000001
6,21,1,"inad_constrained_alpha",NA,"recursive_multi_step",12,4,"large",0.0099009900990099,3,2.518,2.19289251088597,0.865302161940644,0.232324
6,21,1,"nb_glm",NA,"recursive_multi_step",12,4,"large",0.0099009900990099,3,3.85225565343723,2.05292745124343,1.04486950125226,0.726339698815718
6,53,2,"inad_unconstrained",NA,"recursive_multi_step",12,4,"small",9.99900009999e-05,1,6.908,2.5537569730676,2.96763251027624,34.904464
6,53,2,"inad_constrained_alpha",NA,"recursive_multi_step",12,4,"small",9.99900009999e-05,1,5.075,2.19275394837369,1.85493734237329,16.605625
6,53,2,"nb_glm",NA,"recursive_multi_step",12,4,"small",9.99900009999e-05,1,6.15005918362187,2.69090903111233,2.93884270651937,26.5231095948079
6,53,2,"inad_unconstrained",NA,"recursive_multi_step",12,4,"main",0.000999000999000999,1,6.908,2.57750236147709,3.1069483328581,34.904464
6,53,2,"inad_constrained_alpha",NA,"recursive_multi_step",12,4,"main",0.000999000999000999,1,5.075,2.22339368610937,1.99973315591035,16.605625
6,53,2,"nb_glm",NA,"recursive_multi_step",12,4,"main",0.000999000999000999,1,6.15005918362187,2.71642496758664,3.07030463354317,26.5231095948079
6,53,2,"inad_unconstrained",NA,"recursive_multi_step",12,4,"large",0.0099009900990099,1,6.908,2.76518358396632,4.44938062974699,34.904464
6,53,2,"inad_constrained_alpha",NA,"recursive_multi_step",12,4,"large",0.0099009900990099,1,5.075,2.466159345884,3.62071725008323,16.605625
6,53,2,"nb_glm",NA,"recursive_multi_step",12,4,"large",0.0099009900990099,1,6.15005918362187,2.91370366799515,4.53892798002309,26.5231095948079
7,7,1,"inad_unconstrained",NA,"recursive_multi_step",9,1,"small",9.99900009999e-05,1,3.663,1.88571377630347,1.33499963452593,7.091569
7,7,1,"inad_constrained_alpha",NA,"recursive_multi_step",9,1,"small",9.99900009999e-05,1,3.6,1.80310199628169,1.27685688397423,6.76
7,7,1,"nb_glm",NA,"recursive_multi_step",9,1,"small",9.99900009999e-05,1,3.83078528513803,1.96394194753638,1.43575496676318,8.01334533055398
7,7,1,"inad_unconstrained",NA,"recursive_multi_step",9,1,"main",0.000999000999000999,1,3.663,1.90199213344481,1.37821261271179,7.091569
7,7,1,"inad_constrained_alpha",NA,"recursive_multi_step",9,1,"main",0.000999000999000999,1,3.6,1.81457663568511,1.30476749881392,6.76
7,7,1,"nb_glm",NA,"recursive_multi_step",9,1,"main",0.000999000999000999,1,3.83078528513803,1.97974274306263,1.48077348934241,8.01334533055398
7,7,1,"inad_unconstrained",NA,"recursive_multi_step",9,1,"large",0.0099009900990099,1,3.663,2.04193169293018,1.8487019462711,7.091569
7,7,1,"inad_constrained_alpha",NA,"recursive_multi_step",9,1,"large",0.0099009900990099,1,3.6,1.91590646197094,1.58256853930556,6.76
7,7,1,"nb_glm",NA,"recursive_multi_step",9,1,"large",0.0099009900990099,1,3.83078528513803,2.11524984592216,1.95921998412908,8.01334533055398
7,51,2,"inad_unconstrained",NA,"recursive_multi_step",9,1,"small",9.99900009999e-05,4,7.252,2.31492017661197,1.63136475362172,10.575504
7,51,2,"inad_constrained_alpha",NA,"recursive_multi_step",9,1,"small",9.99900009999e-05,4,7.685,2.42059242327501,1.93792369949769,13.579225
7,51,2,"nb_glm",NA,"recursive_multi_step",9,1,"small",9.99900009999e-05,4,7.91718123785081,2.45073757582045,1.89404302601182,15.3443088501704
7,51,2,"inad_unconstrained",NA,"recursive_multi_step",9,1,"main",0.000999000999000999,4,7.252,2.33503035880709,1.69600136209309,10.575504
7,51,2,"inad_constrained_alpha",NA,"recursive_multi_step",9,1,"main",0.000999000999000999,4,7.685,2.43359913933792,1.97423863748413,13.579225
7,51,2,"nb_glm",NA,"recursive_multi_step",9,1,"main",0.000999000999000999,4,7.91718123785081,2.46956009973934,1.96816983098174,15.3443088501704
7,51,2,"inad_unconstrained",NA,"recursive_multi_step",9,1,"large",0.0099009900990099,4,7.252,2.50003544037593,2.3543111099354,10.575504
7,51,2,"inad_constrained_alpha",NA,"recursive_multi_step",9,1,"large",0.0099009900990099,4,7.685,2.54270259890858,2.31356679738359,13.579225
7,51,2,"nb_glm",NA,"recursive_multi_step",9,1,"large",0.0099009900990099,4,7.91718123785081,2.62299415733523,2.66575330910294,15.3443088501704
7,7,1,"inad_unconstrained",NA,"recursive_multi_step",10,2,"small",9.99900009999e-05,3,4.271,1.92586091386317,0.741474548860517,1.615441
7,7,1,"inad_constrained_alpha",NA,"recursive_multi_step",10,2,"small",9.99900009999e-05,3,4.564,2.08916429819063,0.844690123062324,2.446096
7,7,1,"nb_glm",NA,"recursive_multi_step",10,2,"small",9.99900009999e-05,3,4.67160565493367,1.99265864221671,0.876248735465339,2.79426546560624
7,7,1,"inad_unconstrained",NA,"recursive_multi_step",10,2,"main",0.000999000999000999,3,4.271,1.94102260040894,0.772729786627008,1.615441
7,7,1,"inad_constrained_alpha",NA,"recursive_multi_step",10,2,"main",0.000999000999000999,3,4.564,2.10411778013526,0.880818710361023,2.446096
7,7,1,"nb_glm",NA,"recursive_multi_step",10,2,"main",0.000999000999000999,3,4.67160565493367,2.00827694557055,0.912621223053774,2.79426546560624
7,7,1,"inad_unconstrained",NA,"recursive_multi_step",10,2,"large",0.0099009900990099,3,4.271,2.07172737254003,1.1146782128,1.615441
7,7,1,"inad_constrained_alpha",NA,"recursive_multi_step",10,2,"large",0.0099009900990099,3,4.564,2.23181602210584,1.26737530536659,2.446096
7,7,1,"nb_glm",NA,"recursive_multi_step",10,2,"large",0.0099009900990099,3,4.67160565493367,2.14209170680368,1.29965324482125,2.79426546560624
7,51,2,"inad_unconstrained",NA,"recursive_multi_step",10,2,"small",9.99900009999e-05,9,7.937,2.60583342212917,1.34457037687459,1.129969
7,51,2,"inad_constrained_alpha",NA,"recursive_multi_step",10,2,"small",9.99900009999e-05,9,7.7,2.50311162238194,1.37309334945866,1.69
7,51,2,"nb_glm",NA,"recursive_multi_step",10,2,"small",9.99900009999e-05,9,8.10602324127067,2.73071623960177,1.44589237307393,0.799194445148193
7,51,2,"inad_unconstrained",NA,"recursive_multi_step",10,2,"main",0.000999000999000999,9,7.937,2.62464812905207,1.35270569909606,1.129969
7,51,2,"inad_constrained_alpha",NA,"recursive_multi_step",10,2,"main",0.000999000999000999,9,7.7,2.52136198316774,1.37304597215935,1.69
7,51,2,"nb_glm",NA,"recursive_multi_step",10,2,"main",0.000999000999000999,9,8.10602324127067,2.74795005203221,1.45523378335751,0.799194445148193
7,51,2,"inad_unconstrained",NA,"recursive_multi_step",10,2,"large",0.0099009900990099,9,7.937,2.77565223353168,1.59728348924092,1.129969
7,51,2,"inad_constrained_alpha",NA,"recursive_multi_step",10,2,"large",0.0099009900990099,9,7.7,2.66976275913193,1.52711636277567,1.69
7,51,2,"nb_glm",NA,"recursive_multi_step",10,2,"large",0.0099009900990099,9,8.10602324127067,2.88520693022556,1.70059246502408,0.799194445148193
7,7,1,"inad_unconstrained",NA,"recursive_multi_step",11,3,"small",9.99900009999e-05,4,3.59,2.12112902009287,0.791840039393297,0.1681
7,7,1,"inad_constrained_alpha",NA,"recursive_multi_step",11,3,"small",9.99900009999e-05,4,3.825,2.25474110389954,0.804945298827704,0.0306249999999999
7,7,1,"nb_glm",NA,"recursive_multi_step",11,3,"small",9.99900009999e-05,4,4.24668482006662,2.05665911674904,0.699344192227854,0.0608534004513012
7,7,1,"inad_unconstrained",NA,"recursive_multi_step",11,3,"main",0.000999000999000999,4,3.59,2.12881340742133,0.793588296405371,0.1681
7,7,1,"inad_constrained_alpha",NA,"recursive_multi_step",11,3,"main",0.000999000999000999,4,3.825,2.2631287364153,0.810137833930219,0.0306249999999999
7,7,1,"nb_glm",NA,"recursive_multi_step",11,3,"main",0.000999000999000999,4,4.24668482006662,2.06658524428265,0.709807873552525,0.0608534004513012
7,7,1,"inad_unconstrained",NA,"recursive_multi_step",11,3,"large",0.0099009900990099,4,3.59,2.19654684094972,0.835119684286125,0.1681
7,7,1,"inad_constrained_alpha",NA,"recursive_multi_step",11,3,"large",0.0099009900990099,4,3.825,2.33605570305565,0.893212126458333,0.0306249999999999
7,7,1,"nb_glm",NA,"recursive_multi_step",11,3,"large",0.0099009900990099,4,4.24668482006662,2.15353648982166,0.832316417880298,0.0608534004513012
7,51,2,"inad_unconstrained",NA,"recursive_multi_step",11,3,"small",9.99900009999e-05,3,6.432,2.43197895183771,1.69191174903935,11.778624
7,51,2,"inad_constrained_alpha",NA,"recursive_multi_step",11,3,"small",9.99900009999e-05,3,6.33,2.30468058844726,1.62720240425835,11.0889
7,51,2,"nb_glm",NA,"recursive_multi_step",11,3,"small",9.99900009999e-05,3,6.79929410021672,2.34925322066565,1.85683230081804,14.4346356599416
7,51,2,"inad_unconstrained",NA,"recursive_multi_step",11,3,"main",0.000999000999000999,3,6.432,2.44574580074321,1.74317949383034,11.778624
7,51,2,"inad_constrained_alpha",NA,"recursive_multi_step",11,3,"main",0.000999000999000999,3,6.33,2.32314382001508,1.69417912067897,11.0889
7,51,2,"nb_glm",NA,"recursive_multi_step",11,3,"main",0.000999000999000999,3,6.79929410021672,2.36732035780334,1.92491799143682,14.4346356599416
7,51,2,"inad_unconstrained",NA,"recursive_multi_step",11,3,"large",0.0099009900990099,3,6.432,2.56070836320428,2.22758201953125,11.778624
7,51,2,"inad_constrained_alpha",NA,"recursive_multi_step",11,3,"large",0.0099009900990099,3,6.33,2.47585681426808,2.35640290530303,11.0889
7,51,2,"nb_glm",NA,"recursive_multi_step",11,3,"large",0.0099009900990099,3,6.79929410021672,2.5164479446909,2.58239979841394,14.4346356599416
7,7,1,"inad_unconstrained",NA,"recursive_multi_step",12,4,"small",9.99900009999e-05,6,3.084,3.03687019494812,2.19160366718012,8.503056
7,7,1,"inad_constrained_alpha",NA,"recursive_multi_step",12,4,"small",9.99900009999e-05,6,2.49,3.03647111283168,2.63932971678802,12.3201
7,7,1,"nb_glm",NA,"recursive_multi_step",12,4,"small",9.99900009999e-05,6,3.75505501027354,2.61370134123692,1.5920014052276,5.03977800689793
7,7,1,"inad_unconstrained",NA,"recursive_multi_step",12,4,"main",0.000999000999000999,6,3.084,3.03964848111212,2.1381903266094,8.503056
7,7,1,"inad_constrained_alpha",NA,"recursive_multi_step",12,4,"main",0.000999000999000999,6,2.49,3.03573840770428,2.57932819244255,12.3201
7,7,1,"nb_glm",NA,"recursive_multi_step",12,4,"main",0.000999000999000999,6,3.75505501027354,2.62283059279918,1.559338416089,5.03977800689793
7,7,1,"inad_unconstrained",NA,"recursive_multi_step",12,4,"large",0.0099009900990099,6,3.084,3.06221401485482,1.827938732416,8.503056
7,7,1,"inad_constrained_alpha",NA,"recursive_multi_step",12,4,"large",0.0099009900990099,6,2.49,3.02969082314926,2.15631281046377,12.3201
7,7,1,"nb_glm",NA,"recursive_multi_step",12,4,"large",0.0099009900990099,6,3.75505501027354,2.69922716375141,1.40287385456237,5.03977800689793
7,51,2,"inad_unconstrained",NA,"recursive_multi_step",12,4,"small",9.99900009999e-05,14,6.27,4.26587154404817,5.59895865478119,59.7529
7,51,2,"inad_constrained_alpha",NA,"recursive_multi_step",12,4,"small",9.99900009999e-05,14,4.734,4.70357317386929,7.27260733876762,85.858756
7,51,2,"nb_glm",NA,"recursive_multi_step",12,4,"small",9.99900009999e-05,14,5.75102326850978,4.32322646744015,6.28628314166352,68.0456171166671
7,51,2,"inad_unconstrained",NA,"recursive_multi_step",12,4,"main",0.000999000999000999,14,6.27,4.24183166929177,5.33871126587433,59.7529
7,51,2,"inad_constrained_alpha",NA,"recursive_multi_step",12,4,"main",0.000999000999000999,14,4.734,4.64541253407643,6.91942892255776,85.858756
7,51,2,"nb_glm",NA,"recursive_multi_step",12,4,"main",0.000999000999000999,14,5.75102326850978,4.29565456762295,5.97363507324977,68.0456171166671
7,51,2,"inad_unconstrained",NA,"recursive_multi_step",12,4,"large",0.0099009900990099,14,6.27,4.08852817690066,4.0110298361304,59.7529
7,51,2,"inad_constrained_alpha",NA,"recursive_multi_step",12,4,"large",0.0099009900990099,14,4.734,4.30924751285765,4.94077241975798,85.858756
7,51,2,"nb_glm",NA,"recursive_multi_step",12,4,"large",0.0099009900990099,14,5.75102326850978,4.12196439866701,4.33810957384312,68.0456171166671
8,27,1,"inad_unconstrained",NA,"recursive_multi_step",9,1,"small",9.99900009999e-05,11,5.1,3.53911503695615,4.37218772736149,34.81
8,27,1,"inad_constrained_alpha",NA,"recursive_multi_step",9,1,"small",9.99900009999e-05,11,5.429,3.77002068285478,4.1372159669531,31.036041
8,27,1,"nb_glm",NA,"recursive_multi_step",9,1,"small",9.99900009999e-05,11,5.41815158797455,3.58583168146122,4.04159513183346,31.157031694831
8,27,1,"inad_unconstrained",NA,"recursive_multi_step",9,1,"main",0.000999000999000999,11,5.1,3.52735318935617,4.29478537828057,34.81
8,27,1,"inad_constrained_alpha",NA,"recursive_multi_step",9,1,"main",0.000999000999000999,11,5.429,3.75050506599059,4.06662408164893,31.036041
8,27,1,"nb_glm",NA,"recursive_multi_step",9,1,"main",0.000999000999000999,11,5.41815158797455,3.5725998460318,3.97451615112179,31.157031694831
8,27,1,"inad_unconstrained",NA,"recursive_multi_step",9,1,"large",0.0099009900990099,11,5.1,3.43563610415693,3.70133059983875,34.81
8,27,1,"inad_constrained_alpha",NA,"recursive_multi_step",9,1,"large",0.0099009900990099,11,5.429,3.6031530553608,3.52559948246439,31.036041
8,27,1,"nb_glm",NA,"recursive_multi_step",9,1,"large",0.0099009900990099,11,5.41815158797455,3.47010978898964,3.46003779399389,31.157031694831
8,50,2,"inad_unconstrained",NA,"recursive_multi_step",9,1,"small",9.99900009999e-05,3,5.798,2.13068740055501,1.30030922950033,7.828804
8,50,2,"inad_constrained_alpha",NA,"recursive_multi_step",9,1,"small",9.99900009999e-05,3,5.882,2.13931853634055,1.35477870549056,8.305924
8,50,2,"nb_glm",NA,"recursive_multi_step",9,1,"small",9.99900009999e-05,3,5.80005800363399,2.17296436179231,1.35206785949245,7.84032482371479
8,50,2,"inad_unconstrained",NA,"recursive_multi_step",9,1,"main",0.000999000999000999,3,5.798,2.14883116315153,1.35731741543972,7.828804
8,50,2,"inad_constrained_alpha",NA,"recursive_multi_step",9,1,"main",0.000999000999000999,3,5.882,2.15913934759851,1.41719140785935,8.305924
8,50,2,"nb_glm",NA,"recursive_multi_step",9,1,"main",0.000999000999000999,3,5.80005800363399,2.1925288784739,1.41512046714922,7.84032482371479
8,50,2,"inad_unconstrained",NA,"recursive_multi_step",9,1,"large",0.0099009900990099,3,5.798,2.30112462154032,1.93161976568047,7.828804
8,50,2,"inad_constrained_alpha",NA,"recursive_multi_step",9,1,"large",0.0099009900990099,3,5.882,2.32418023497609,2.06638927708907,8.305924
8,50,2,"nb_glm",NA,"recursive_multi_step",9,1,"large",0.0099009900990099,3,5.80005800363399,2.3552247898381,2.06818298711545,7.84032482371479
8,27,1,"inad_unconstrained",NA,"recursive_multi_step",10,2,"small",9.99900009999e-05,11,5.5,3.57448268932574,3.87282194125786,30.25
8,27,1,"inad_constrained_alpha",NA,"recursive_multi_step",10,2,"small",9.99900009999e-05,11,4.699,4.01394148168461,4.72844538519363,39.702601
8,27,1,"nb_glm",NA,"recursive_multi_step",10,2,"small",9.99900009999e-05,11,5.44011710297868,3.58009106422328,4.00098941763395,30.9122978285902
8,27,1,"inad_unconstrained",NA,"recursive_multi_step",10,2,"main",0.000999000999000999,11,5.5,3.56516214431482,3.78587510959877,30.25
8,27,1,"inad_constrained_alpha",NA,"recursive_multi_step",10,2,"main",0.000999000999000999,11,4.699,3.9841308716464,4.64133925116613,39.702601
8,27,1,"nb_glm",NA,"recursive_multi_step",10,2,"main",0.000999000999000999,11,5.44011710297868,3.57059019342735,3.90995785723354,30.9122978285902
8,27,1,"inad_unconstrained",NA,"recursive_multi_step",10,2,"large",0.0099009900990099,11,5.5,3.49393943336077,3.17154303804485,30.25
8,27,1,"inad_constrained_alpha",NA,"recursive_multi_step",10,2,"large",0.0099009900990099,11,4.699,3.76799363125677,3.97261417730449,39.702601
8,27,1,"nb_glm",NA,"recursive_multi_step",10,2,"large",0.0099009900990099,11,5.44011710297868,3.49805353566099,3.26524199266404,30.9122978285902
8,50,2,"inad_unconstrained",NA,"recursive_multi_step",10,2,"small",9.99900009999e-05,3,6.928,2.46672416901157,1.97654835964682,15.429184
8,50,2,"inad_constrained_alpha",NA,"recursive_multi_step",10,2,"small",9.99900009999e-05,3,6.225,2.21798710863991,1.61098221425058,10.400625
8,50,2,"nb_glm",NA,"recursive_multi_step",10,2,"small",9.99900009999e-05,3,7.07932667307805,2.39966066077472,2.01048229934805,16.640906105686
8,50,2,"inad_unconstrained",NA,"recursive_multi_step",10,2,"main",0.000999000999000999,3,6.928,2.48100755560561,2.03131180833383,15.429184
8,50,2,"inad_constrained_alpha",NA,"recursive_multi_step",10,2,"main",0.000999000999000999,3,6.225,2.23195224147372,1.65179427520434,10.400625
8,50,2,"nb_glm",NA,"recursive_multi_step",10,2,"main",0.000999000999000999,3,7.07932667307805,2.41464846711505,2.06595717516601,16.640906105686
8,50,2,"inad_unconstrained",NA,"recursive_multi_step",10,2,"large",0.0099009900990099,3,6.928,2.59961302786406,2.54323057797007,15.429184
8,50,2,"inad_constrained_alpha",NA,"recursive_multi_step",10,2,"large",0.0099009900990099,3,6.225,2.35062553827293,2.04128492346939,10.400625
8,50,2,"nb_glm",NA,"recursive_multi_step",10,2,"large",0.0099009900990099,3,7.07932667307805,2.53947984476871,2.58099901305773,16.640906105686
8,27,1,"inad_unconstrained",NA,"recursive_multi_step",11,3,"small",9.99900009999e-05,4,4.166,2.15560060600171,0.73702522443279,0.0275560000000001
8,27,1,"inad_constrained_alpha",NA,"recursive_multi_step",11,3,"small",9.99900009999e-05,4,4.078,1.99646303133591,0.728161454548666,0.00608400000000005
8,27,1,"nb_glm",NA,"recursive_multi_step",11,3,"small",9.99900009999e-05,4,4.5045109389281,2.06103020836445,0.715460152905991,0.254531287498118
8,27,1,"inad_unconstrained",NA,"recursive_multi_step",11,3,"main",0.000999000999000999,4,4.166,2.16830690897514,0.751321248565674,0.0275560000000001
8,27,1,"inad_constrained_alpha",NA,"recursive_multi_step",11,3,"main",0.000999000999000999,4,4.078,2.00854363660712,0.739113963461384,0.00608400000000005
8,27,1,"nb_glm",NA,"recursive_multi_step",11,3,"main",0.000999000999000999,4,4.5045109389281,2.07443428935585,0.73441715062169,0.254531287498118
8,27,1,"inad_unconstrained",NA,"recursive_multi_step",11,3,"large",0.0099009900990099,4,4.166,2.27742052255648,0.946476634755463,0.0275560000000001
8,27,1,"inad_constrained_alpha",NA,"recursive_multi_step",11,3,"large",0.0099009900990099,4,4.078,2.11372756522031,0.885515144584789,0.00608400000000005
8,27,1,"nb_glm",NA,"recursive_multi_step",11,3,"large",0.0099009900990099,4,4.5045109389281,2.18993494486462,0.960888341172813,0.254531287498118
8,50,2,"inad_unconstrained",NA,"recursive_multi_step",11,3,"small",9.99900009999e-05,2,5.767,2.18227879238025,1.86861495326058,14.190289
8,50,2,"inad_constrained_alpha",NA,"recursive_multi_step",11,3,"small",9.99900009999e-05,2,6.154,2.31422230509169,2.12262869326193,17.255716
8,50,2,"nb_glm",NA,"recursive_multi_step",11,3,"small",9.99900009999e-05,2,6.44918148650251,2.43895906888812,2.31849077818112,19.7952158998367
8,50,2,"inad_unconstrained",NA,"recursive_multi_step",11,3,"main",0.000999000999000999,2,5.767,2.19915355031153,1.92728866196624,14.190289
8,50,2,"inad_constrained_alpha",NA,"recursive_multi_step",11,3,"main",0.000999000999000999,2,6.154,2.32823751366727,2.17426895522167,17.255716
8,50,2,"nb_glm",NA,"recursive_multi_step",11,3,"main",0.000999000999000999,2,6.44918148650251,2.45354108704006,2.3767489353566,19.7952158998367
8,50,2,"inad_unconstrained",NA,"recursive_multi_step",11,3,"large",0.0099009900990099,2,5.767,2.34106809382786,2.50038333784027,14.190289
8,50,2,"inad_constrained_alpha",NA,"recursive_multi_step",11,3,"large",0.0099009900990099,2,6.154,2.44638272688361,2.65713133312667,17.255716
8,50,2,"nb_glm",NA,"recursive_multi_step",11,3,"large",0.0099009900990099,2,6.44918148650251,2.57477827133724,2.92859441726323,19.7952158998367
8,27,1,"inad_unconstrained",NA,"recursive_multi_step",12,4,"small",9.99900009999e-05,5,3.584,2.68907534225426,1.3145662366877,2.005056
8,27,1,"inad_constrained_alpha",NA,"recursive_multi_step",12,4,"small",9.99900009999e-05,5,2.585,2.90130183659501,1.79590430840479,5.832225
8,27,1,"nb_glm",NA,"recursive_multi_step",12,4,"small",9.99900009999e-05,5,3.97836406333871,2.27454096808204,0.97683353919332,1.0437399870778
8,27,1,"inad_unconstrained",NA,"recursive_multi_step",12,4,"main",0.000999000999000999,5,3.584,2.69638027904927,1.2986593976326,2.005056
8,27,1,"inad_constrained_alpha",NA,"recursive_multi_step",12,4,"main",0.000999000999000999,5,2.585,2.90903709440955,1.74430092446801,5.832225
8,27,1,"nb_glm",NA,"recursive_multi_step",12,4,"main",0.000999000999000999,5,3.97836406333871,2.28978056645877,0.971329605411769,1.0437399870778
8,27,1,"inad_unconstrained",NA,"recursive_multi_step",12,4,"large",0.0099009900990099,5,3.584,2.75747766507822,1.26042136654527,2.005056
8,27,1,"inad_constrained_alpha",NA,"recursive_multi_step",12,4,"large",0.0099009900990099,5,2.585,2.97180214670395,1.5382107399292,5.832225
8,27,1,"nb_glm",NA,"recursive_multi_step",12,4,"large",0.0099009900990099,5,3.97836406333871,2.4179626164483,1.08160066345177,1.0437399870778
8,50,2,"inad_unconstrained",NA,"recursive_multi_step",12,4,"small",9.99900009999e-05,2,5.873,2.15689665323961,1.73195943811906,15.000129
8,50,2,"inad_constrained_alpha",NA,"recursive_multi_step",12,4,"small",9.99900009999e-05,2,5.019,2.07397435337316,1.31560298018977,9.114361
8,50,2,"nb_glm",NA,"recursive_multi_step",12,4,"small",9.99900009999e-05,2,5.94512676820779,2.32306822049471,2.01817522245052,15.5640252172296
8,50,2,"inad_unconstrained",NA,"recursive_multi_step",12,4,"main",0.000999000999000999,2,5.873,2.18092231160522,1.83586035917439,15.000129
8,50,2,"inad_constrained_alpha",NA,"recursive_multi_step",12,4,"main",0.000999000999000999,2,5.019,2.09601133445724,1.39863402959998,9.114361
8,50,2,"nb_glm",NA,"recursive_multi_step",12,4,"main",0.000999000999000999,2,5.94512676820779,2.34570626512511,2.10828525563587,15.5640252172296
8,50,2,"inad_unconstrained",NA,"recursive_multi_step",12,4,"large",0.0099009900990099,2,5.873,2.37711988277957,2.88059649342,15.000129
8,50,2,"inad_constrained_alpha",NA,"recursive_multi_step",12,4,"large",0.0099009900990099,2,5.019,2.27854795546447,2.26221222716641,9.114361
8,50,2,"nb_glm",NA,"recursive_multi_step",12,4,"large",0.0099009900990099,2,5.94512676820779,2.52932046042337,3.06153437779742,15.5640252172296
9,23,1,"inad_unconstrained",NA,"recursive_multi_step",9,1,"small",9.99900009999e-05,7,3.93,2.84738798950686,2.18870699628719,9.4249
9,23,1,"inad_constrained_alpha",NA,"recursive_multi_step",9,1,"small",9.99900009999e-05,7,4.061,2.68897557670323,2.02269000249317,8.637721
9,23,1,"nb_glm",NA,"recursive_multi_step",9,1,"small",9.99900009999e-05,7,4.1704764264635,2.81087694298113,1.97921970367737,8.00620365319879
9,23,1,"inad_unconstrained",NA,"recursive_multi_step",9,1,"main",0.000999000999000999,7,3.93,2.8480570213476,2.15534366037823,9.4249
9,23,1,"inad_constrained_alpha",NA,"recursive_multi_step",9,1,"main",0.000999000999000999,7,4.061,2.69540323940144,1.98164991459864,8.637721
9,23,1,"nb_glm",NA,"recursive_multi_step",9,1,"main",0.000999000999000999,7,4.1704764264635,2.81561814091721,1.94130611346448,8.00620365319879
9,23,1,"inad_unconstrained",NA,"recursive_multi_step",9,1,"large",0.0099009900990099,7,3.93,2.8537076390708,1.90561240971683,9.4249
9,23,1,"inad_constrained_alpha",NA,"recursive_multi_step",9,1,"large",0.0099009900990099,7,4.061,2.7493804548456,1.71795878610615,8.637721
9,23,1,"nb_glm",NA,"recursive_multi_step",9,1,"large",0.0099009900990099,7,4.1704764264635,2.85511273391124,1.699760149433,8.00620365319879
9,64,2,"inad_unconstrained",NA,"recursive_multi_step",9,1,"small",9.99900009999e-05,9,5.602,2.95808406265202,2.42134692330119,11.546404
9,64,2,"inad_constrained_alpha",NA,"recursive_multi_step",9,1,"small",9.99900009999e-05,9,5.959,2.88341545280049,2.12408731085497,9.247681
9,64,2,"nb_glm",NA,"recursive_multi_step",9,1,"small",9.99900009999e-05,9,5.66580329488587,2.98486709060707,2.33399066697997,11.1168676683939
9,64,2,"inad_unconstrained",NA,"recursive_multi_step",9,1,"main",0.000999000999000999,9,5.602,2.97184985818732,2.34683538977877,11.546404
9,64,2,"inad_constrained_alpha",NA,"recursive_multi_step",9,1,"main",0.000999000999000999,9,5.959,2.89230949415332,2.08102737353484,9.247681
9,64,2,"nb_glm",NA,"recursive_multi_step",9,1,"main",0.000999000999000999,9,5.66580329488587,2.99817279506399,2.26387823079371,11.1168676683939
9,64,2,"inad_unconstrained",NA,"recursive_multi_step",9,1,"large",0.0099009900990099,9,5.602,3.07975347317682,2.07829812435121,11.546404
9,64,2,"inad_constrained_alpha",NA,"recursive_multi_step",9,1,"large",0.0099009900990099,9,5.959,2.96429370084276,1.85896985884262,9.247681
9,64,2,"nb_glm",NA,"recursive_multi_step",9,1,"large",0.0099009900990099,9,5.66580329488587,3.10224959462416,2.02443192365718,11.1168676683939
9,23,1,"inad_unconstrained",NA,"recursive_multi_step",10,2,"small",9.99900009999e-05,5,4.451,2.44339460222444,1.00174311462678,0.301401
9,23,1,"inad_constrained_alpha",NA,"recursive_multi_step",10,2,"small",9.99900009999e-05,5,4.032,2.21788736299123,0.950698873677233,0.937024
9,23,1,"nb_glm",NA,"recursive_multi_step",10,2,"small",9.99900009999e-05,5,4.87660605155925,2.22571002013376,0.836708718553883,0.0152260665117989
9,23,1,"inad_unconstrained",NA,"recursive_multi_step",10,2,"main",0.000999000999000999,5,4.451,2.45704548355234,1.00630733950457,0.301401
9,23,1,"inad_constrained_alpha",NA,"recursive_multi_step",10,2,"main",0.000999000999000999,5,4.032,2.23097710731551,0.9464314549511,0.937024
9,23,1,"nb_glm",NA,"recursive_multi_step",10,2,"main",0.000999000999000999,5,4.87660605155925,2.24136312231396,0.851277459519161,0.0152260665117989
9,23,1,"inad_unconstrained",NA,"recursive_multi_step",10,2,"large",0.0099009900990099,5,4.451,2.57097528947594,1.17759751409912,0.301401
9,23,1,"inad_constrained_alpha",NA,"recursive_multi_step",10,2,"large",0.0099009900990099,5,4.032,2.34265736862376,1.010923709312,0.937024
9,23,1,"nb_glm",NA,"recursive_multi_step",10,2,"large",0.0099009900990099,5,4.87660605155925,2.37328916497201,1.09074225478109,0.0152260665117989
9,64,2,"inad_unconstrained",NA,"recursive_multi_step",10,2,"small",9.99900009999e-05,12,6.806,3.27093515354439,3.68667931223351,26.977636
9,64,2,"inad_constrained_alpha",NA,"recursive_multi_step",10,2,"small",9.99900009999e-05,12,6.21,3.57438294367706,4.08450409757484,33.5241
9,64,2,"nb_glm",NA,"recursive_multi_step",10,2,"small",9.99900009999e-05,12,6.9022715641879,3.3939504420157,3.5532712884799,25.9868352052872
9,64,2,"inad_unconstrained",NA,"recursive_multi_step",10,2,"main",0.000999000999000999,12,6.806,3.27762117497505,3.57379414042055,26.977636
9,64,2,"inad_constrained_alpha",NA,"recursive_multi_step",10,2,"main",0.000999000999000999,12,6.21,3.56418701015662,4.00778074511077,33.5241
9,64,2,"nb_glm",NA,"recursive_multi_step",10,2,"main",0.000999000999000999,12,6.9022715641879,3.39762422930426,3.44511574638771,25.9868352052872
9,64,2,"inad_unconstrained",NA,"recursive_multi_step",10,2,"large",0.0099009900990099,12,6.806,3.32877336625059,2.93556205607682,26.977636
9,64,2,"inad_constrained_alpha",NA,"recursive_multi_step",10,2,"large",0.0099009900990099,12,6.21,3.48597126371159,3.443761134848,33.5241
9,64,2,"nb_glm",NA,"recursive_multi_step",10,2,"large",0.0099009900990099,12,6.9022715641879,3.42536260920288,2.8406061034524,25.9868352052872
9,23,1,"inad_unconstrained",NA,"recursive_multi_step",11,3,"small",9.99900009999e-05,6,3.695,2.56445033038433,1.67688581880668,5.313025
9,23,1,"inad_constrained_alpha",NA,"recursive_multi_step",11,3,"small",9.99900009999e-05,6,3.902,2.56455013576392,1.47640177844564,4.401604
9,23,1,"nb_glm",NA,"recursive_multi_step",11,3,"small",9.99900009999e-05,6,4.22299295019637,2.50322275596563,1.35193592742728,3.15775405505181
9,23,1,"inad_unconstrained",NA,"recursive_multi_step",11,3,"main",0.000999000999000999,6,3.695,2.56888151398718,1.6534270235448,5.313025
9,23,1,"inad_constrained_alpha",NA,"recursive_multi_step",11,3,"main",0.000999000999000999,6,3.902,2.56986238704278,1.45707933934448,4.401604
9,23,1,"nb_glm",NA,"recursive_multi_step",11,3,"main",0.000999000999000999,6,4.22299295019637,2.50922827159139,1.33705150897514,3.15775405505181
9,23,1,"inad_unconstrained",NA,"recursive_multi_step",11,3,"large",0.0099009900990099,6,3.695,2.60698882950155,1.48934514476379,5.313025
9,23,1,"inad_constrained_alpha",NA,"recursive_multi_step",11,3,"large",0.0099009900990099,6,3.902,2.61535707917207,1.33431301763889,4.401604
9,23,1,"nb_glm",NA,"recursive_multi_step",11,3,"large",0.0099009900990099,6,4.22299295019637,2.56082377682827,1.24828749491137,3.15775405505181
9,64,2,"inad_unconstrained",NA,"recursive_multi_step",11,3,"small",9.99900009999e-05,12,5.857,3.96106267734452,4.4344092773803,37.736449
9,64,2,"inad_constrained_alpha",NA,"recursive_multi_step",11,3,"small",9.99900009999e-05,12,6.031,3.68808240316011,4.31979428028804,35.628961
9,64,2,"nb_glm",NA,"recursive_multi_step",11,3,"small",9.99900009999e-05,12,6.12288509171632,3.61194601545677,4.19368650061601,34.5404796451703
9,64,2,"inad_unconstrained",NA,"recursive_multi_step",11,3,"main",0.000999000999000999,12,5.857,3.94160266142738,4.30670944589783,37.736449
9,64,2,"inad_constrained_alpha",NA,"recursive_multi_step",11,3,"main",0.000999000999000999,12,6.031,3.68116485461861,4.18386070868034,35.628961
9,64,2,"nb_glm",NA,"recursive_multi_step",11,3,"main",0.000999000999000999,12,6.12288509171632,3.60756606453433,4.06228088286551,34.5404796451703
9,64,2,"inad_unconstrained",NA,"recursive_multi_step",11,3,"large",0.0099009900990099,12,5.857,3.80395623132917,3.475812104248,37.736449
9,64,2,"inad_constrained_alpha",NA,"recursive_multi_step",11,3,"large",0.0099009900990099,12,6.031,3.63046869195752,3.34407896234948,35.628961
9,64,2,"nb_glm",NA,"recursive_multi_step",11,3,"large",0.0099009900990099,12,6.12288509171632,3.57513053618748,3.25482398458556,34.5404796451703
9,23,1,"inad_unconstrained",NA,"recursive_multi_step",12,4,"small",9.99900009999e-05,7,3.238,3.21907528632294,2.77830239621181,14.152644
9,23,1,"inad_constrained_alpha",NA,"recursive_multi_step",12,4,"small",9.99900009999e-05,7,2.762,3.26923964623151,3.14363841950018,17.960644
9,23,1,"nb_glm",NA,"recursive_multi_step",12,4,"small",9.99900009999e-05,7,3.89602812790025,2.90141178148484,2.168620313834,9.63464138278645
9,23,1,"inad_unconstrained",NA,"recursive_multi_step",12,4,"main",0.000999000999000999,7,3.238,3.2208232451526,2.69495248616368,14.152644
9,23,1,"inad_constrained_alpha",NA,"recursive_multi_step",12,4,"main",0.000999000999000999,7,2.762,3.26105966638605,3.08890691703174,17.960644
9,23,1,"nb_glm",NA,"recursive_multi_step",12,4,"main",0.000999000999000999,7,3.89602812790025,2.90914535796721,2.10884813149466,9.63464138278645
9,23,1,"inad_unconstrained",NA,"recursive_multi_step",12,4,"large",0.0099009900990099,7,3.238,3.23462418183634,2.21336668322754,14.152644
9,23,1,"inad_constrained_alpha",NA,"recursive_multi_step",12,4,"large",0.0099009900990099,7,2.762,3.19418321227783,2.66061742933065,17.960644
9,23,1,"nb_glm",NA,"recursive_multi_step",12,4,"large",0.0099009900990099,7,3.89602812790025,2.97189612648276,1.79662202800695,9.63464138278645
9,64,2,"inad_unconstrained",NA,"recursive_multi_step",12,4,"small",9.99900009999e-05,7,5.942,3.06186146135016,1.5827368278525,1.119364
9,64,2,"inad_constrained_alpha",NA,"recursive_multi_step",12,4,"small",9.99900009999e-05,7,4.778,2.84878435917321,1.84478179183688,4.937284
9,64,2,"nb_glm",NA,"recursive_multi_step",12,4,"small",9.99900009999e-05,7,5.69443536664519,2.55099984809788,1.27984009933128,1.70449901186688
9,64,2,"inad_unconstrained",NA,"recursive_multi_step",12,4,"main",0.000999000999000999,7,5.942,3.09855037963995,1.62683745866649,1.119364
9,64,2,"inad_constrained_alpha",NA,"recursive_multi_step",12,4,"main",0.000999000999000999,7,4.778,2.86170245724451,1.80615303659957,4.937284
9,64,2,"nb_glm",NA,"recursive_multi_step",12,4,"main",0.000999000999000999,7,5.69443536664519,2.59520929348023,1.30717175632457,1.70449901186688
9,64,2,"inad_unconstrained",NA,"recursive_multi_step",12,4,"large",0.0099009900990099,7,5.942,3.35726749437498,3.54456843915519,1.119364
9,64,2,"inad_constrained_alpha",NA,"recursive_multi_step",12,4,"large",0.0099009900990099,7,4.778,2.96493327418103,1.74468585403358,4.937284
9,64,2,"nb_glm",NA,"recursive_multi_step",12,4,"large",0.0099009900990099,7,5.69443536664519,2.9177969962465,3.2046921024491,1.70449901186688
10,28,1,"inad_unconstrained",NA,"recursive_multi_step",9,1,"small",9.99900009999e-05,1,2.501,1.51527189751432,0.636013669741763,2.253001
10,28,1,"inad_constrained_alpha",NA,"recursive_multi_step",9,1,"small",9.99900009999e-05,1,2.384,1.60565141886611,0.611496925071964,1.915456
10,28,1,"nb_glm",NA,"recursive_multi_step",9,1,"small",9.99900009999e-05,1,1.77822398257746,1.2788361026049,0.389389181621037,0.60563256705872
10,28,1,"inad_unconstrained",NA,"recursive_multi_step",9,1,"main",0.000999000999000999,1,2.501,1.52545471457445,0.655698095831049,2.253001
10,28,1,"inad_constrained_alpha",NA,"recursive_multi_step",9,1,"main",0.000999000999000999,1,2.384,1.61633294493791,0.632162776531278,1.915456
10,28,1,"nb_glm",NA,"recursive_multi_step",9,1,"main",0.000999000999000999,1,1.77822398257746,1.29075916858878,0.404145768124739,0.60563256705872
10,28,1,"inad_unconstrained",NA,"recursive_multi_step",9,1,"large",0.0099009900990099,1,2.501,1.61715995852801,0.856556917159764,2.253001
10,28,1,"inad_constrained_alpha",NA,"recursive_multi_step",9,1,"large",0.0099009900990099,1,2.384,1.71193060449552,0.850237749640907,1.915456
10,28,1,"nb_glm",NA,"recursive_multi_step",9,1,"large",0.0099009900990099,1,1.77822398257746,1.39815579848031,0.58341910444181,0.60563256705872
10,47,2,"inad_unconstrained",NA,"recursive_multi_step",9,1,"small",9.99900009999e-05,9,9.438,2.22739473913634,0.985118846476276,0.191844000000001
10,47,2,"inad_constrained_alpha",NA,"recursive_multi_step",9,1,"small",9.99900009999e-05,9,10.249,2.36649223454629,1.06954214273288,1.560001
10,47,2,"nb_glm",NA,"recursive_multi_step",9,1,"small",9.99900009999e-05,9,9.86857092602525,2.7055848847242,1.36848920378713,0.754415453536359
10,47,2,"inad_unconstrained",NA,"recursive_multi_step",9,1,"main",0.000999000999000999,9,9.438,2.24303222864166,1.005782255248,0.191844000000001
10,47,2,"inad_constrained_alpha",NA,"recursive_multi_step",9,1,"main",0.000999000999000999,9,10.249,2.38438806996316,1.10344294381253,1.560001
10,47,2,"nb_glm",NA,"recursive_multi_step",9,1,"main",0.000999000999000999,9,9.86857092602525,2.71977214338833,1.39750722047373,0.754415453536359
10,47,2,"inad_unconstrained",NA,"recursive_multi_step",9,1,"large",0.0099009900990099,9,9.438,2.37481982076609,1.20648198425293,0.191844000000001
10,47,2,"inad_constrained_alpha",NA,"recursive_multi_step",9,1,"large",0.0099009900990099,9,10.249,2.53199825732185,1.43071074328512,1.560001
10,47,2,"nb_glm",NA,"recursive_multi_step",9,1,"large",0.0099009900990099,9,9.86857092602525,2.83451119561651,1.68260112011735,0.754415453536359
10,28,1,"inad_unconstrained",NA,"recursive_multi_step",10,2,"small",9.99900009999e-05,5,3.318,2.66012975718008,1.34887271855975,2.829124
10,28,1,"inad_constrained_alpha",NA,"recursive_multi_step",10,2,"small",9.99900009999e-05,5,4.021,2.12132864081416,0.950351620280686,0.958441
10,28,1,"nb_glm",NA,"recursive_multi_step",10,2,"small",9.99900009999e-05,5,3.51503791009171,2.34256789434997,1.13878256902532,2.2051124084648
10,28,1,"inad_unconstrained",NA,"recursive_multi_step",10,2,"main",0.000999000999000999,5,3.318,2.66780649876065,1.32666535527229,2.829124
10,28,1,"inad_constrained_alpha",NA,"recursive_multi_step",10,2,"main",0.000999000999000999,5,4.021,2.13077611658918,0.946677138436179,0.958441
10,28,1,"nb_glm",NA,"recursive_multi_step",10,2,"main",0.000999000999000999,5,3.51503791009171,2.35369604570058,1.12265024110507,2.2051124084648
10,28,1,"inad_unconstrained",NA,"recursive_multi_step",10,2,"large",0.0099009900990099,5,3.318,2.73212808332318,1.24598891584287,2.829124
10,28,1,"inad_constrained_alpha",NA,"recursive_multi_step",10,2,"large",0.0099009900990099,5,4.021,2.2133539592661,0.953700877013889,0.958441
10,28,1,"nb_glm",NA,"recursive_multi_step",10,2,"large",0.0099009900990099,5,3.51503791009171,2.44851284107246,1.08831818326607,2.2051124084648
10,47,2,"inad_unconstrained",NA,"recursive_multi_step",10,2,"small",9.99900009999e-05,4,10.059,3.21997237085855,3.41317989284887,36.711481
10,47,2,"inad_constrained_alpha",NA,"recursive_multi_step",10,2,"small",9.99900009999e-05,4,8.529,2.4788437267936,2.36919806335368,20.511841
10,47,2,"nb_glm",NA,"recursive_multi_step",10,2,"small",9.99900009999e-05,4,8.97760123056433,2.60662101285792,2.47136127576958,24.7765140105155
10,47,2,"inad_unconstrained",NA,"recursive_multi_step",10,2,"main",0.000999000999000999,4,10.059,3.22954000736701,3.48784501586804,36.711481
10,47,2,"inad_constrained_alpha",NA,"recursive_multi_step",10,2,"main",0.000999000999000999,4,8.529,2.4956149422401,2.42724389002595,20.511841
10,47,2,"nb_glm",NA,"recursive_multi_step",10,2,"main",0.000999000999000999,4,8.97760123056433,2.62631445382397,2.5611199889779,24.7765140105155
10,47,2,"inad_unconstrained",NA,"recursive_multi_step",10,2,"large",0.0099009900990099,4,10.059,3.30257484374485,4.17356985822367,36.711481
10,47,2,"inad_constrained_alpha",NA,"recursive_multi_step",10,2,"large",0.0099009900990099,4,8.529,2.63319575438321,2.96496733993343,20.511841
10,47,2,"nb_glm",NA,"recursive_multi_step",10,2,"large",0.0099009900990099,4,8.97760123056433,2.78374830594386,3.38589380915904,24.7765140105155
10,28,1,"inad_unconstrained",NA,"recursive_multi_step",11,3,"small",9.99900009999e-05,3,3.245,1.90463685063719,0.59498204127636,0.0600250000000001
10,28,1,"inad_constrained_alpha",NA,"recursive_multi_step",11,3,"small",9.99900009999e-05,3,3.654,1.77276771948679,0.618242408382773,0.427716
10,28,1,"nb_glm",NA,"recursive_multi_step",11,3,"small",9.99900009999e-05,3,3.5458029783044,1.85031842188239,0.581959592563498,0.297900891125948
10,28,1,"inad_unconstrained",NA,"recursive_multi_step",11,3,"main",0.000999000999000999,3,3.245,1.91200049373793,0.601733727144236,0.0600250000000001
10,28,1,"inad_constrained_alpha",NA,"recursive_multi_step",11,3,"main",0.000999000999000999,3,3.654,1.77998667676831,0.626428841596739,0.427716
10,28,1,"nb_glm",NA,"recursive_multi_step",11,3,"main",0.000999000999000999,3,3.5458029783044,1.85801940861798,0.590761477363205,0.297900891125948
10,28,1,"inad_unconstrained",NA,"recursive_multi_step",11,3,"large",0.0099009900990099,3,3.245,1.97794364876735,0.678007999925684,0.0600250000000001
10,28,1,"inad_constrained_alpha",NA,"recursive_multi_step",11,3,"large",0.0099009900990099,3,3.654,1.84516024595517,0.707719632060492,0.427716
10,28,1,"nb_glm",NA,"recursive_multi_step",11,3,"large",0.0099009900990099,3,3.5458029783044,1.92707778292543,0.682709904755729,0.297900891125948
10,47,2,"inad_unconstrained",NA,"recursive_multi_step",11,3,"small",9.99900009999e-05,22,6.856,6.16881790559968,12.9174384657029,229.340736
10,47,2,"inad_constrained_alpha",NA,"recursive_multi_step",11,3,"small",9.99900009999e-05,22,6.786,5.7787532781784,12.8329164649185,231.465796
10,47,2,"nb_glm",NA,"recursive_multi_step",11,3,"small",9.99900009999e-05,22,6.61122055307036,6.20746238812845,12.9953636873823,236.814532866244
10,47,2,"inad_unconstrained",NA,"recursive_multi_step",11,3,"main",0.000999000999000999,22,6.856,5.83900575080569,12.6231244132155,229.340736
10,47,2,"inad_constrained_alpha",NA,"recursive_multi_step",11,3,"main",0.000999000999000999,22,6.786,5.54540381156207,12.6739489057428,231.465796
10,47,2,"nb_glm",NA,"recursive_multi_step",11,3,"main",0.000999000999000999,22,6.61122055307036,5.86576552108489,12.6977002161651,236.814532866244
10,47,2,"inad_unconstrained",NA,"recursive_multi_step",11,3,"large",0.0099009900990099,22,6.856,4.69121048708814,10.4952506611503,229.340736
10,47,2,"inad_constrained_alpha",NA,"recursive_multi_step",11,3,"large",0.0099009900990099,22,6.786,4.56364443915959,11.441738002944,231.465796
10,47,2,"nb_glm",NA,"recursive_multi_step",11,3,"large",0.0099009900990099,22,6.61122055307036,4.69761684263907,10.5466125482237,236.814532866244
10,28,1,"inad_unconstrained",NA,"recursive_multi_step",12,4,"small",9.99900009999e-05,0,3.13,1.52469965928284,1.48225397279551,9.7969
10,28,1,"inad_constrained_alpha",NA,"recursive_multi_step",12,4,"small",9.99900009999e-05,0,2.717,1.43287124941899,1.29472880871711,7.382089
10,28,1,"nb_glm",NA,"recursive_multi_step",12,4,"small",9.99900009999e-05,0,3.64504243628972,2.45924302580571,2.15939062032876,13.2863343623529
10,28,1,"inad_unconstrained",NA,"recursive_multi_step",12,4,"main",0.000999000999000999,0,3.13,1.53749123778753,1.51821715326605,9.7969
10,28,1,"inad_constrained_alpha",NA,"recursive_multi_step",12,4,"main",0.000999000999000999,0,2.717,1.44690355700242,1.33056639251238,7.382089
10,28,1,"nb_glm",NA,"recursive_multi_step",12,4,"main",0.000999000999000999,0,3.64504243628972,2.46659073474186,2.19098177240449,13.2863343623529
10,28,1,"inad_unconstrained",NA,"recursive_multi_step",12,4,"large",0.0099009900990099,0,3.13,1.65121522423575,1.86791957347222,9.7969
10,28,1,"inad_constrained_alpha",NA,"recursive_multi_step",12,4,"large",0.0099009900990099,0,2.717,1.57137012047319,1.69660079072468,7.382089
10,28,1,"nb_glm",NA,"recursive_multi_step",12,4,"large",0.0099009900990099,0,3.64504243628972,2.52960965484428,2.50670048351044,13.2863343623529
10,47,2,"inad_unconstrained",NA,"recursive_multi_step",12,4,"small",9.99900009999e-05,22,6.639,5.49996531600446,12.6839774721095,235.960321
10,47,2,"inad_constrained_alpha",NA,"recursive_multi_step",12,4,"small",9.99900009999e-05,22,5.319,5.77925190695961,14.2984219386715,278.255761
10,47,2,"nb_glm",NA,"recursive_multi_step",12,4,"small",9.99900009999e-05,22,5.83265053768628,6.84880132979015,13.9692489881198,261.383188636576
10,47,2,"inad_unconstrained",NA,"recursive_multi_step",12,4,"main",0.000999000999000999,22,6.639,5.32998487651497,12.3553968488167,235.960321
10,47,2,"inad_constrained_alpha",NA,"recursive_multi_step",12,4,"main",0.000999000999000999,22,5.319,5.55027000121324,13.9715872034094,278.255761
10,47,2,"nb_glm",NA,"recursive_multi_step",12,4,"main",0.000999000999000999,22,5.83265053768628,6.26464966035069,13.5853469088684,261.383188636576
10,47,2,"inad_unconstrained",NA,"recursive_multi_step",12,4,"large",0.0099009900990099,22,6.639,4.55102382261813,10.0357694277234,235.960321
10,47,2,"inad_constrained_alpha",NA,"recursive_multi_step",12,4,"large",0.0099009900990099,22,5.319,4.60286515231287,11.5926189051479,278.255761
10,47,2,"nb_glm",NA,"recursive_multi_step",12,4,"large",0.0099009900990099,22,5.83265053768628,4.79737606706191,10.8844430177796,261.383188636576
11,10,1,"inad_unconstrained",NA,"recursive_multi_step",9,1,"small",9.99900009999e-05,5,2.704,2.91891908103593,1.76447495482124,5.271616
11,10,1,"inad_constrained_alpha",NA,"recursive_multi_step",9,1,"small",9.99900009999e-05,5,2.467,3.05698121661615,1.87506889310824,6.416089
11,10,1,"nb_glm",NA,"recursive_multi_step",9,1,"small",9.99900009999e-05,5,2.53903540131309,2.68585791665972,1.73602403575832,6.05634675599024
11,10,1,"inad_unconstrained",NA,"recursive_multi_step",9,1,"main",0.000999000999000999,5,2.704,2.9202232964186,1.72910526792787,5.271616
11,10,1,"inad_constrained_alpha",NA,"recursive_multi_step",9,1,"main",0.000999000999000999,5,2.467,3.05144892963485,1.84719079787863,6.416089
11,10,1,"nb_glm",NA,"recursive_multi_step",9,1,"main",0.000999000999000999,5,2.53903540131309,2.69056619245818,1.69774735342566,6.05634675599024
11,10,1,"inad_unconstrained",NA,"recursive_multi_step",9,1,"large",0.0099009900990099,5,2.704,2.93109045196697,1.50710862673315,5.271616
11,10,1,"inad_constrained_alpha",NA,"recursive_multi_step",9,1,"large",0.0099009900990099,5,2.467,3.00491221158076,1.63228858910523,6.416089
11,10,1,"nb_glm",NA,"recursive_multi_step",9,1,"large",0.0099009900990099,5,2.53903540131309,2.73043549188677,1.45637810494309,6.05634675599024
11,52,2,"inad_unconstrained",NA,"recursive_multi_step",9,1,"small",9.99900009999e-05,3,4.967,1.99706153509443,0.94949389183896,3.869089
11,52,2,"inad_constrained_alpha",NA,"recursive_multi_step",9,1,"small",9.99900009999e-05,3,5.458,1.9899402793255,1.14031536730115,6.041764
11,52,2,"nb_glm",NA,"recursive_multi_step",9,1,"small",9.99900009999e-05,3,5.1752074494083,2.06527696852595,1.07206084797822,4.73152744796135
11,52,2,"inad_unconstrained",NA,"recursive_multi_step",9,1,"main",0.000999000999000999,3,4.967,2.01439731185858,0.994855619064066,3.869089
11,52,2,"inad_constrained_alpha",NA,"recursive_multi_step",9,1,"main",0.000999000999000999,3,5.458,2.00906813489727,1.19506114273353,6.041764
11,52,2,"nb_glm",NA,"recursive_multi_step",9,1,"main",0.000999000999000999,3,5.1752074494083,2.08389657498564,1.1236214617225,4.73152744796135
11,52,2,"inad_unconstrained",NA,"recursive_multi_step",9,1,"large",0.0099009900990099,3,4.967,2.16173678440667,1.47228417584228,3.869089
11,52,2,"inad_constrained_alpha",NA,"recursive_multi_step",9,1,"large",0.0099009900990099,3,5.458,2.17041038948693,1.7629490843787,6.041764
11,52,2,"nb_glm",NA,"recursive_multi_step",9,1,"large",0.0099009900990099,3,5.1752074494083,2.24055130898831,1.67554342099602,4.73152744796135
11,10,1,"inad_unconstrained",NA,"recursive_multi_step",10,2,"small",9.99900009999e-05,4,3.774,2.00373791110964,0.78709212735427,0.051076
11,10,1,"inad_constrained_alpha",NA,"recursive_multi_step",10,2,"small",9.99900009999e-05,4,3.066,2.32366602199977,0.893747260534022,0.872356
11,10,1,"nb_glm",NA,"recursive_multi_step",10,2,"small",9.99900009999e-05,4,3.9247904118215,2.04310413789786,0.692132385106266,0.0056564821539794
11,10,1,"inad_unconstrained",NA,"recursive_multi_step",10,2,"main",0.000999000999000999,4,3.774,2.01489077771809,0.792653727687227,0.051076
11,10,1,"inad_constrained_alpha",NA,"recursive_multi_step",10,2,"main",0.000999000999000999,4,3.066,2.33144864678074,0.887680792502883,0.872356
11,10,1,"nb_glm",NA,"recursive_multi_step",10,2,"main",0.000999000999000999,4,3.9247904118215,2.05399597298433,0.700163222150285,0.0056564821539794
11,10,1,"inad_unconstrained",NA,"recursive_multi_step",10,2,"large",0.0099009900990099,4,3.774,2.11237462545289,0.889106300389318,0.051076
11,10,1,"inad_constrained_alpha",NA,"recursive_multi_step",10,2,"large",0.0099009900990099,4,3.066,2.39891245662114,0.889747258333333,0.872356
11,10,1,"nb_glm",NA,"recursive_multi_step",10,2,"large",0.0099009900990099,4,3.9247904118215,2.14906653183404,0.81600192328048,0.0056564821539794
11,52,2,"inad_unconstrained",NA,"recursive_multi_step",10,2,"small",9.99900009999e-05,10,6.292,3.038564519368,2.60069593556842,13.749264
11,52,2,"inad_constrained_alpha",NA,"recursive_multi_step",10,2,"small",9.99900009999e-05,10,5.835,3.32435820460342,2.88749028515865,17.347225
11,52,2,"nb_glm",NA,"recursive_multi_step",10,2,"small",9.99900009999e-05,10,6.53926011858783,3.03429232453089,2.43276037182159,11.9767205267967
11,52,2,"inad_unconstrained",NA,"recursive_multi_step",10,2,"main",0.000999000999000999,10,6.292,3.05609781185293,2.50852991105802,13.749264
11,52,2,"inad_constrained_alpha",NA,"recursive_multi_step",10,2,"main",0.000999000999000999,10,5.835,3.32542366863788,2.81344002471204,17.347225
11,52,2,"nb_glm",NA,"recursive_multi_step",10,2,"main",0.000999000999000999,10,6.53926011858783,3.05190400191986,2.35326698107057,11.9767205267967
11,52,2,"inad_unconstrained",NA,"recursive_multi_step",10,2,"large",0.0099009900990099,10,6.292,3.18972733515378,2.29123885885737,13.749264
11,52,2,"inad_constrained_alpha",NA,"recursive_multi_step",10,2,"large",0.0099009900990099,10,5.835,3.33368252497808,2.37501193,17.347225
11,52,2,"nb_glm",NA,"recursive_multi_step",10,2,"large",0.0099009900990099,10,6.53926011858783,3.18617814639281,2.21150609067607,11.9767205267967
11,10,1,"inad_unconstrained",NA,"recursive_multi_step",11,3,"small",9.99900009999e-05,1,3.464,1.78509430571236,1.18009253003896,6.071296
11,10,1,"inad_constrained_alpha",NA,"recursive_multi_step",11,3,"small",9.99900009999e-05,1,3.221,1.69417425271832,1.02652086038889,4.932841
11,10,1,"nb_glm",NA,"recursive_multi_step",11,3,"small",9.99900009999e-05,1,3.80109159415126,1.96186583277297,1.42402897780216,7.84611411882483
11,10,1,"inad_unconstrained",NA,"recursive_multi_step",11,3,"main",0.000999000999000999,1,3.464,1.79666560228815,1.20870571023068,6.071296
11,10,1,"inad_constrained_alpha",NA,"recursive_multi_step",11,3,"main",0.000999000999000999,1,3.221,1.70620798088689,1.05486446500288,4.932841
11,10,1,"nb_glm",NA,"recursive_multi_step",11,3,"main",0.000999000999000999,1,3.80109159415126,1.97241455541925,1.45194657396864,7.84611411882483
11,10,1,"inad_unconstrained",NA,"recursive_multi_step",11,3,"large",0.0099009900990099,1,3.464,1.89889934478596,1.49359706416667,6.071296
11,10,1,"inad_constrained_alpha",NA,"recursive_multi_step",11,3,"large",0.0099009900990099,1,3.221,1.81277883645213,1.34129022145833,4.932841
11,10,1,"nb_glm",NA,"recursive_multi_step",11,3,"large",0.0099009900990099,1,3.80109159415126,2.06512293129041,1.7265497176235,7.84611411882483
11,52,2,"inad_unconstrained",NA,"recursive_multi_step",11,3,"small",9.99900009999e-05,21,5.427,6.81524999733091,13.5221850207498,242.518329
11,52,2,"inad_constrained_alpha",NA,"recursive_multi_step",11,3,"small",9.99900009999e-05,21,5.84,5.77905248528181,12.881072883344,229.8256
11,52,2,"nb_glm",NA,"recursive_multi_step",11,3,"small",9.99900009999e-05,21,5.88525703551709,6.48281763016425,12.9291633183125,228.455454882386
11,52,2,"inad_unconstrained",NA,"recursive_multi_step",11,3,"main",0.000999000999000999,21,5.427,6.24269568023245,13.2230725544449,242.518329
11,52,2,"inad_constrained_alpha",NA,"recursive_multi_step",11,3,"main",0.000999000999000999,21,5.84,5.54832636600467,12.6275341926184,229.8256
11,52,2,"nb_glm",NA,"recursive_multi_step",11,3,"main",0.000999000999000999,21,5.88525703551709,6.04617648771064,12.6521261859075,228.455454882386
11,52,2,"inad_unconstrained",NA,"recursive_multi_step",11,3,"large",0.0099009900990099,21,5.427,4.76359354662113,11.0247856992368,242.518329
11,52,2,"inad_constrained_alpha",NA,"recursive_multi_step",11,3,"large",0.0099009900990099,21,5.84,4.58736096577691,10.7387593146973,229.8256
11,52,2,"nb_glm",NA,"recursive_multi_step",11,3,"large",0.0099009900990099,21,5.88525703551709,4.72432911345562,10.6125942487875,228.455454882386
11,10,1,"inad_unconstrained",NA,"recursive_multi_step",12,4,"small",9.99900009999e-05,0,3.259,1.55319409540129,1.57724829567637,10.621081
11,10,1,"inad_constrained_alpha",NA,"recursive_multi_step",12,4,"small",9.99900009999e-05,0,2.314,1.29241884968114,1.01649803536002,5.354596
11,10,1,"nb_glm",NA,"recursive_multi_step",12,4,"small",9.99900009999e-05,0,3.79382968948454,2.53103857240851,2.26368083144788,14.3931437128143
11,10,1,"inad_unconstrained",NA,"recursive_multi_step",12,4,"main",0.000999000999000999,0,3.259,1.57113604984474,1.63204028137528,10.621081
11,10,1,"inad_constrained_alpha",NA,"recursive_multi_step",12,4,"main",0.000999000999000999,0,2.314,1.30518028674788,1.04611363989017,5.354596
11,10,1,"nb_glm",NA,"recursive_multi_step",12,4,"main",0.000999000999000999,0,3.79382968948454,2.5420041423344,2.30990080145979,14.3931437128143
11,10,1,"inad_unconstrained",NA,"recursive_multi_step",12,4,"large",0.0099009900990099,0,3.259,1.72668537724844,2.19991047096246,10.621081
11,10,1,"inad_constrained_alpha",NA,"recursive_multi_step",12,4,"large",0.0099009900990099,0,2.314,1.41961653850358,1.34900721912294,5.354596
11,10,1,"nb_glm",NA,"recursive_multi_step",12,4,"large",0.0099009900990099,0,3.79382968948454,2.63382824277974,2.79921226682437,14.3931437128143
11,52,2,"inad_unconstrained",NA,"recursive_multi_step",12,4,"small",9.99900009999e-05,11,5.573,3.6881820692787,3.89944308532259,29.452329
11,52,2,"inad_constrained_alpha",NA,"recursive_multi_step",12,4,"small",9.99900009999e-05,11,4.58,3.72863874927807,4.80646439821125,41.2164
11,52,2,"nb_glm",NA,"recursive_multi_step",12,4,"small",9.99900009999e-05,11,5.66286977316583,3.50110811230646,3.79088879803162,28.4849590581869
11,52,2,"inad_unconstrained",NA,"recursive_multi_step",12,4,"main",0.000999000999000999,11,5.573,3.68213244056734,3.77233430526976,29.452329
11,52,2,"inad_constrained_alpha",NA,"recursive_multi_step",12,4,"main",0.000999000999000999,11,4.58,3.71941858167861,4.64385161604245,41.2164
11,52,2,"nb_glm",NA,"recursive_multi_step",12,4,"main",0.000999000999000999,11,5.66286977316583,3.50097568163228,3.6625795740297,28.4849590581869
11,52,2,"inad_unconstrained",NA,"recursive_multi_step",12,4,"large",0.0099009900990099,11,5.573,3.63795936368668,3.03813953469592,29.452329
11,52,2,"inad_constrained_alpha",NA,"recursive_multi_step",12,4,"large",0.0099009900990099,11,4.58,3.65199246430688,3.61935952272727,41.2164
11,52,2,"nb_glm",NA,"recursive_multi_step",12,4,"large",0.0099009900990099,11,5.66286977316583,3.49998459875041,2.92752418876949,28.4849590581869
12,25,1,"inad_unconstrained",NA,"recursive_multi_step",9,1,"small",9.99900009999e-05,7,4.487,2.91911864200247,1.80814592274157,6.315169
12,25,1,"inad_constrained_alpha",NA,"recursive_multi_step",9,1,"small",9.99900009999e-05,7,4.813,2.56455013576392,1.48821087971907,4.782969
12,25,1,"nb_glm",NA,"recursive_multi_step",9,1,"small",9.99900009999e-05,7,4.64362435273543,2.69472316794297,1.70082875395005,5.55250619102151
12,25,1,"inad_unconstrained",NA,"recursive_multi_step",9,1,"main",0.000999000999000999,7,4.487,2.92218024420556,1.7768359116766,6.315169
12,25,1,"inad_constrained_alpha",NA,"recursive_multi_step",9,1,"main",0.000999000999000999,7,4.813,2.56986238704278,1.47153975600442,4.782969
12,25,1,"nb_glm",NA,"recursive_multi_step",9,1,"main",0.000999000999000999,7,4.64362435273543,2.70107995581129,1.67452109491597,5.55250619102151
12,25,1,"inad_unconstrained",NA,"recursive_multi_step",9,1,"large",0.0099009900990099,7,4.487,2.94748426174265,1.58422632103906,6.315169
12,25,1,"inad_constrained_alpha",NA,"recursive_multi_step",9,1,"large",0.0099009900990099,7,4.813,2.61535707917207,1.36124774631944,4.782969
12,25,1,"nb_glm",NA,"recursive_multi_step",9,1,"large",0.0099009900990099,7,4.64362435273543,2.75443731519948,1.5184352611296,5.55250619102151
12,54,2,"inad_unconstrained",NA,"recursive_multi_step",9,1,"small",9.99900009999e-05,1,4.038,1.81027455172542,1.36048125214075,9.229444
12,54,2,"inad_constrained_alpha",NA,"recursive_multi_step",9,1,"small",9.99900009999e-05,1,3.804,1.80997543412012,1.29203941844753,7.862416
12,54,2,"nb_glm",NA,"recursive_multi_step",9,1,"small",9.99900009999e-05,1,3.19032777931406,1.74717483000318,1.06148125851553,4.79753578083487
12,54,2,"inad_unconstrained",NA,"recursive_multi_step",9,1,"main",0.000999000999000999,1,4.038,1.83134556435313,1.43034886970077,9.229444
12,54,2,"inad_constrained_alpha",NA,"recursive_multi_step",9,1,"main",0.000999000999000999,1,3.804,1.82843152635128,1.34753089939666,7.862416
12,54,2,"nb_glm",NA,"recursive_multi_step",9,1,"main",0.000999000999000999,1,3.19032777931406,1.76857908353019,1.11570192074298,4.79753578083487
12,54,2,"inad_unconstrained",NA,"recursive_multi_step",9,1,"large",0.0099009900990099,1,4.038,2.00934597050168,2.17742148394616,9.229444
12,54,2,"inad_constrained_alpha",NA,"recursive_multi_step",9,1,"large",0.0099009900990099,1,3.804,1.98617891122015,1.93831760180664,7.862416
12,54,2,"nb_glm",NA,"recursive_multi_step",9,1,"large",0.0099009900990099,1,3.19032777931406,1.94969863266827,1.78480952552193,4.79753578083487
12,25,1,"inad_unconstrained",NA,"recursive_multi_step",10,2,"small",9.99900009999e-05,7,4.889,2.60513568973107,1.63009573472965,4.456321
12,25,1,"inad_constrained_alpha",NA,"recursive_multi_step",10,2,"small",9.99900009999e-05,7,4.365,2.84758759030593,1.87181886882109,6.943225
12,25,1,"nb_glm",NA,"recursive_multi_step",10,2,"small",9.99900009999e-05,7,5.06113502482994,2.62230219971262,1.501005195656,3.7591973919412
12,25,1,"inad_unconstrained",NA,"recursive_multi_step",10,2,"main",0.000999000999000999,7,4.889,2.61786844206669,1.60157354278971,4.456321
12,25,1,"inad_constrained_alpha",NA,"recursive_multi_step",10,2,"main",0.000999000999000999,7,4.365,2.85001780628954,1.84319577715669,6.943225
12,25,1,"nb_glm",NA,"recursive_multi_step",10,2,"main",0.000999000999000999,7,5.06113502482994,2.63482876669834,1.4776933170351,3.7591973919412
12,25,1,"inad_unconstrained",NA,"recursive_multi_step",10,2,"large",0.0099009900990099,7,4.889,2.7228097521573,1.52130423778619,4.456321
12,25,1,"inad_constrained_alpha",NA,"recursive_multi_step",10,2,"large",0.0099009900990099,7,4.365,2.87037469155601,1.64813579229561,6.943225
12,25,1,"nb_glm",NA,"recursive_multi_step",10,2,"large",0.0099009900990099,7,5.06113502482994,2.73796618831756,1.43444583255402,3.7591973919412
12,54,2,"inad_unconstrained",NA,"recursive_multi_step",10,2,"small",9.99900009999e-05,3,5.733,2.21908365463026,1.28174624270507,7.469289
12,54,2,"inad_constrained_alpha",NA,"recursive_multi_step",10,2,"small",9.99900009999e-05,3,5.363,2.08896479694309,1.13838525008502,5.583769
12,54,2,"nb_glm",NA,"recursive_multi_step",10,2,"small",9.99900009999e-05,3,5.40413182473271,2.10795097427076,1.17084142466163,5.77984983069261
12,54,2,"inad_unconstrained",NA,"recursive_multi_step",10,2,"main",0.000999000999000999,3,5.733,2.24261642397253,1.36560132448955,7.469289
12,54,2,"inad_constrained_alpha",NA,"recursive_multi_step",10,2,"main",0.000999000999000999,3,5.363,2.102166560004,1.17383631939602,5.583769
12,54,2,"nb_glm",NA,"recursive_multi_step",10,2,"main",0.000999000999000999,3,5.40413182473271,2.13234393174778,1.24787516366846,5.77984983069261
12,54,2,"inad_unconstrained",NA,"recursive_multi_step",10,2,"large",0.0099009900990099,3,5.733,2.43432455714958,2.27936457536363,7.469289
12,54,2,"inad_constrained_alpha",NA,"recursive_multi_step",10,2,"large",0.0099009900990099,3,5.363,2.2158156807594,1.51563851762487,5.583769
12,54,2,"nb_glm",NA,"recursive_multi_step",10,2,"large",0.0099009900990099,3,5.40413182473271,2.33190115506221,2.13190166131104,5.77984983069261
12,25,1,"inad_unconstrained",NA,"recursive_multi_step",11,3,"small",9.99900009999e-05,1,3.909,2.08053994909967,1.44646832780719,8.462281
12,25,1,"inad_constrained_alpha",NA,"recursive_multi_step",11,3,"small",9.99900009999e-05,1,4.086,2.02669277399345,1.55531682033358,9.523396
12,25,1,"nb_glm",NA,"recursive_multi_step",11,3,"small",9.99900009999e-05,1,4.36809958258441,2.1425666332419,1.76879094815512,11.3440947982053
12,25,1,"inad_unconstrained",NA,"recursive_multi_step",11,3,"main",0.000999000999000999,1,3.909,2.09028442760454,1.47609629486063,8.462281
12,25,1,"inad_constrained_alpha",NA,"recursive_multi_step",11,3,"main",0.000999000999000999,1,4.086,2.04208190848979,1.60281258250592,9.523396
12,25,1,"nb_glm",NA,"recursive_multi_step",11,3,"main",0.000999000999000999,1,4.36809958258441,2.15712714042952,1.81574599994704,11.3440947982053
12,25,1,"inad_unconstrained",NA,"recursive_multi_step",11,3,"large",0.0099009900990099,1,3.909,2.17558540223274,1.76216692868056,8.462281
12,25,1,"inad_constrained_alpha",NA,"recursive_multi_step",11,3,"large",0.0099009900990099,1,4.086,2.17378710750877,2.09281774389015,9.523396
12,25,1,"nb_glm",NA,"recursive_multi_step",11,3,"large",0.0099009900990099,1,4.36809958258441,2.28122351879129,2.29485025833708,11.3440947982053
12,54,2,"inad_unconstrained",NA,"recursive_multi_step",11,3,"small",9.99900009999e-05,3,5.422,2.19115984621287,1.17184167481992,5.866084
12,54,2,"inad_constrained_alpha",NA,"recursive_multi_step",11,3,"small",9.99900009999e-05,3,5.775,2.33520857861027,1.36601405443369,7.700625
12,54,2,"nb_glm",NA,"recursive_multi_step",11,3,"small",9.99900009999e-05,3,5.66407866938389,2.15105771853792,1.2865088933186,7.09731515666626
12,54,2,"inad_unconstrained",NA,"recursive_multi_step",11,3,"main",0.000999000999000999,3,5.422,2.20796425754451,1.22293236117226,5.866084
12,54,2,"inad_constrained_alpha",NA,"recursive_multi_step",11,3,"main",0.000999000999000999,3,5.775,2.35426568405569,1.43393708547366,7.700625
12,54,2,"nb_glm",NA,"recursive_multi_step",11,3,"main",0.000999000999000999,3,5.66407866938389,2.17166028690655,1.35225895520683,7.09731515666626
12,54,2,"inad_unconstrained",NA,"recursive_multi_step",11,3,"large",0.0099009900990099,3,5.422,2.34923800782509,1.74632891268554,5.866084
12,54,2,"inad_constrained_alpha",NA,"recursive_multi_step",11,3,"large",0.0099009900990099,3,5.775,2.51108081045675,2.13924013799536,7.700625
12,54,2,"nb_glm",NA,"recursive_multi_step",11,3,"large",0.0099009900990099,3,5.66407866938389,2.34248095990041,2.04930284986623,7.09731515666626
12,25,1,"inad_unconstrained",NA,"recursive_multi_step",12,4,"small",9.99900009999e-05,1,3.443,1.95332190278818,1.08246576225486,5.968249
12,25,1,"inad_constrained_alpha",NA,"recursive_multi_step",12,4,"small",9.99900009999e-05,1,2.84,1.68336917672545,0.797386801609376,3.3856
12,25,1,"nb_glm",NA,"recursive_multi_step",12,4,"small",9.99900009999e-05,1,3.99442911864861,2.01880144677006,1.53439061422309,8.96660574661069
12,25,1,"inad_unconstrained",NA,"recursive_multi_step",12,4,"main",0.000999000999000999,1,3.443,1.96567962621603,1.12005406335281,5.968249
12,25,1,"inad_constrained_alpha",NA,"recursive_multi_step",12,4,"main",0.000999000999000999,1,2.84,1.69545513135625,0.825394463958093,3.3856
12,25,1,"nb_glm",NA,"recursive_multi_step",12,4,"main",0.000999000999000999,1,3.99442911864861,2.03073761225122,1.56839859694947,8.96660574661069
12,25,1,"inad_unconstrained",NA,"recursive_multi_step",12,4,"large",0.0099009900990099,1,3.443,2.07342687919615,1.49444139391293,5.968249
12,25,1,"inad_constrained_alpha",NA,"recursive_multi_step",12,4,"large",0.0099009900990099,1,2.84,1.80251712588102,1.11457477097222,3.3856
12,25,1,"nb_glm",NA,"recursive_multi_step",12,4,"large",0.0099009900990099,1,3.99442911864861,2.13458236998424,1.90659426519751,8.96660574661069
12,54,2,"inad_unconstrained",NA,"recursive_multi_step",12,4,"small",9.99900009999e-05,1,5.957,2.21115436514339,2.36324280946953,24.571849
12,54,2,"inad_constrained_alpha",NA,"recursive_multi_step",12,4,"small",9.99900009999e-05,1,5.033,2.11463225150102,1.81143791150395,16.265089
12,54,2,"nb_glm",NA,"recursive_multi_step",12,4,"small",9.99900009999e-05,1,5.66030385486204,2.54749339039117,2.61431724530597,21.718432019642
12,54,2,"inad_unconstrained",NA,"recursive_multi_step",12,4,"main",0.000999000999000999,1,5.957,2.24507190680038,2.54194434957711,24.571849
12,54,2,"inad_constrained_alpha",NA,"recursive_multi_step",12,4,"main",0.000999000999000999,1,5.033,2.13811006631939,1.91431932310472,16.265089
12,54,2,"nb_glm",NA,"recursive_multi_step",12,4,"main",0.000999000999000999,1,5.66030385486204,2.5781779691279,2.76080264392801,21.718432019642
12,54,2,"inad_unconstrained",NA,"recursive_multi_step",12,4,"large",0.0099009900990099,1,5.957,2.50991474838046,4.47150578888338,24.571849
12,54,2,"inad_constrained_alpha",NA,"recursive_multi_step",12,4,"large",0.0099009900990099,1,5.033,2.33084841120809,2.97020990543901,16.265089
12,54,2,"nb_glm",NA,"recursive_multi_step",12,4,"large",0.0099009900990099,1,5.66030385486204,2.8140947533783,4.52216187183044,21.718432019642
13,1,1,"inad_unconstrained",NA,"recursive_multi_step",9,1,"small",9.99900009999e-05,4,3.087,2.17247831203051,0.919298507145307,0.833569
13,1,1,"inad_constrained_alpha",NA,"recursive_multi_step",9,1,"small",9.99900009999e-05,4,3.171,2.23608998343294,0.874585407585541,0.687241
13,1,1,"nb_glm",NA,"recursive_multi_step",9,1,"small",9.99900009999e-05,4,3.16991063300925,2.09158628695856,0.8074823057138,0.689048357191103
13,1,1,"inad_unconstrained",NA,"recursive_multi_step",9,1,"main",0.000999000999000999,4,3.087,2.18065409152933,0.91362915980762,0.833569
13,1,1,"inad_constrained_alpha",NA,"recursive_multi_step",9,1,"main",0.000999000999000999,4,3.171,2.24639529335838,0.870016692672171,0.687241
13,1,1,"nb_glm",NA,"recursive_multi_step",9,1,"main",0.000999000999000999,4,3.16991063300925,2.1030126227749,0.803631562672506,0.689048357191103
13,1,1,"inad_unconstrained",NA,"recursive_multi_step",9,1,"large",0.0099009900990099,4,3.087,2.25227547553536,0.907799266082904,0.833569
13,1,1,"inad_constrained_alpha",NA,"recursive_multi_step",9,1,"large",0.0099009900990099,4,3.171,2.33532846880828,0.907188459352325,0.687241
13,1,1,"nb_glm",NA,"recursive_multi_step",9,1,"large",0.0099009900990099,4,3.16991063300925,2.20217273762497,0.847451198261342,0.689048357191103
13,55,2,"inad_unconstrained",NA,"recursive_multi_step",9,1,"small",9.99900009999e-05,9,8.429,2.36649223454629,1.12259812681613,0.326041
13,55,2,"inad_constrained_alpha",NA,"recursive_multi_step",9,1,"small",9.99900009999e-05,9,8.804,2.44379340581896,1.00000749408055,0.0384159999999999
13,55,2,"nb_glm",NA,"recursive_multi_step",9,1,"small",9.99900009999e-05,9,8.98339132538369,2.69710163357709,1.34653492714046,0.000275848072510434
13,55,2,"inad_unconstrained",NA,"recursive_multi_step",9,1,"main",0.000999000999000999,9,8.429,2.38438806996316,1.13606960712341,0.326041
13,55,2,"inad_constrained_alpha",NA,"recursive_multi_step",9,1,"main",0.000999000999000999,9,8.804,2.46092898357874,1.01972283435866,0.0384159999999999
13,55,2,"nb_glm",NA,"recursive_multi_step",9,1,"main",0.000999000999000999,9,8.98339132538369,2.71135218927221,1.36614132416795,0.000275848072510434
13,55,2,"inad_unconstrained",NA,"recursive_multi_step",9,1,"large",0.0099009900990099,9,8.429,2.53199825732185,1.34256798995638,0.326041
13,55,2,"inad_constrained_alpha",NA,"recursive_multi_step",9,1,"large",0.0099009900990099,9,8.804,2.60174694814269,1.26835399104683,0.0384159999999999
13,55,2,"nb_glm",NA,"recursive_multi_step",9,1,"large",0.0099009900990099,9,8.98339132538369,2.82673837492527,1.59763728802802,0.000275848072510434
13,1,1,"inad_unconstrained",NA,"recursive_multi_step",10,2,"small",9.99900009999e-05,4,3.969,2.05754051468307,0.775007190325853,0.000961000000000009
13,1,1,"inad_constrained_alpha",NA,"recursive_multi_step",10,2,"small",9.99900009999e-05,4,4.461,2.06507830905646,0.711840759928456,0.212521
13,1,1,"nb_glm",NA,"recursive_multi_step",10,2,"small",9.99900009999e-05,4,4.39892698623427,2.05088558747637,0.702750902459069,0.15914274034596
13,1,1,"inad_unconstrained",NA,"recursive_multi_step",10,2,"main",0.000999000999000999,4,3.969,2.07359304945758,0.789404711165617,0.000961000000000009
13,1,1,"inad_constrained_alpha",NA,"recursive_multi_step",10,2,"main",0.000999000999000999,4,4.461,2.07844984607251,0.730122161759377,0.212521
13,1,1,"nb_glm",NA,"recursive_multi_step",10,2,"main",0.000999000999000999,4,4.39892698623427,2.06698523915186,0.724983169486001,0.15914274034596
13,1,1,"inad_unconstrained",NA,"recursive_multi_step",10,2,"large",0.0099009900990099,4,3.969,2.2102858839927,1.03495481449563,0.000961000000000009
13,1,1,"inad_constrained_alpha",NA,"recursive_multi_step",10,2,"large",0.0099009900990099,4,4.461,2.19365836319856,0.952228517754943,0.212521
13,1,1,"nb_glm",NA,"recursive_multi_step",10,2,"large",0.0099009900990099,4,4.39892698623427,2.20410989654714,1.02226890545345,0.15914274034596
13,55,2,"inad_unconstrained",NA,"recursive_multi_step",10,2,"small",9.99900009999e-05,4,9.153,2.59292647625746,2.64124697097067,26.553409
13,55,2,"inad_constrained_alpha",NA,"recursive_multi_step",10,2,"small",9.99900009999e-05,4,8.547,2.73512512142978,2.42842664451665,20.675209
13,55,2,"nb_glm",NA,"recursive_multi_step",10,2,"small",9.99900009999e-05,4,8.84440803443919,2.58828821990745,2.40585602059066,23.468289204139
13,55,2,"inad_unconstrained",NA,"recursive_multi_step",10,2,"main",0.000999000999000999,4,9.153,2.61621737283193,2.74845731485649,26.553409
13,55,2,"inad_constrained_alpha",NA,"recursive_multi_step",10,2,"main",0.000999000999000999,4,8.547,2.75055094920219,2.49414338519075,20.675209
13,55,2,"nb_glm",NA,"recursive_multi_step",10,2,"main",0.000999000999000999,4,8.84440803443919,2.6116416359723,2.51639528600177,23.468289204139
13,55,2,"inad_unconstrained",NA,"recursive_multi_step",10,2,"large",0.0099009900990099,4,9.153,2.79990889732616,3.76948964443438,26.553409
13,55,2,"inad_constrained_alpha",NA,"recursive_multi_step",10,2,"large",0.0099009900990099,4,8.547,2.87430745271059,3.11548722081755,20.675209
13,55,2,"nb_glm",NA,"recursive_multi_step",10,2,"large",0.0099009900990099,4,8.84440803443919,2.79586155336211,3.57122992492759,23.468289204139
13,1,1,"inad_unconstrained",NA,"recursive_multi_step",11,3,"small",9.99900009999e-05,4,3.523,2.30358349563289,0.861968768150391,0.227529
13,1,1,"inad_constrained_alpha",NA,"recursive_multi_step",11,3,"small",9.99900009999e-05,4,3.992,2.19932247541837,0.736955041932787,6.40000000000001e-05
13,1,1,"nb_glm",NA,"recursive_multi_step",11,3,"small",9.99900009999e-05,4,4.12699442809391,2.04245558738059,0.688595206334431,0.0161275847669
13,1,1,"inad_unconstrained",NA,"recursive_multi_step",11,3,"main",0.000999000999000999,4,3.523,2.31242769213824,0.863456851648199,0.227529
13,1,1,"inad_constrained_alpha",NA,"recursive_multi_step",11,3,"main",0.000999000999000999,4,3.992,2.20904836622804,0.745497496802217,6.40000000000001e-05
13,1,1,"nb_glm",NA,"recursive_multi_step",11,3,"main",0.000999000999000999,4,4.12699442809391,2.05335392903874,0.699066676166226,0.0161275847669
13,1,1,"inad_unconstrained",NA,"recursive_multi_step",11,3,"large",0.0099009900990099,4,3.523,2.38884543727845,0.929971565398538,0.227529
13,1,1,"inad_constrained_alpha",NA,"recursive_multi_step",11,3,"large",0.0099009900990099,4,3.992,2.29345336074586,0.863744338774674,6.40000000000001e-05
13,1,1,"nb_glm",NA,"recursive_multi_step",11,3,"large",0.0099009900990099,4,4.12699442809391,2.14848128717307,0.831850126112283,0.0161275847669
13,55,2,"inad_unconstrained",NA,"recursive_multi_step",11,3,"small",9.99900009999e-05,3,6.878,2.34506215935543,1.94600122340329,15.038884
13,55,2,"inad_constrained_alpha",NA,"recursive_multi_step",11,3,"small",9.99900009999e-05,3,7.169,2.64666329271283,2.12418800904991,17.380561
13,55,2,"nb_glm",NA,"recursive_multi_step",11,3,"small",9.99900009999e-05,3,7.08815411997942,2.40437453049186,2.0275945628485,16.7130041087047
13,55,2,"inad_unconstrained",NA,"recursive_multi_step",11,3,"main",0.000999000999000999,3,6.878,2.35967026621105,1.99628836015118,15.038884
13,55,2,"inad_constrained_alpha",NA,"recursive_multi_step",11,3,"main",0.000999000999000999,3,7.169,2.66063273977796,2.18638764101317,17.380561
13,55,2,"nb_glm",NA,"recursive_multi_step",11,3,"main",0.000999000999000999,3,7.08815411997942,2.42104891227191,2.09132001902224,16.7130041087047
13,55,2,"inad_unconstrained",NA,"recursive_multi_step",11,3,"large",0.0099009900990099,3,6.878,2.48216042411998,2.4645891842041,15.038884
13,55,2,"inad_constrained_alpha",NA,"recursive_multi_step",11,3,"large",0.0099009900990099,3,7.169,2.77460602279858,2.77497121840219,17.380561
13,55,2,"nb_glm",NA,"recursive_multi_step",11,3,"large",0.0099009900990099,3,7.08815411997942,2.5588457554638,2.69353368488386,16.7130041087047
13,1,1,"inad_unconstrained",NA,"recursive_multi_step",12,4,"small",9.99900009999e-05,2,3.029,2.03419184968076,0.68614996870902,1.058841
13,1,1,"inad_constrained_alpha",NA,"recursive_multi_step",12,4,"small",9.99900009999e-05,2,2.621,1.72150941268567,0.534797599272129,0.385641
13,1,1,"nb_glm",NA,"recursive_multi_step",12,4,"small",9.99900009999e-05,2,3.74911269122843,1.80902061020795,0.843953040100652,3.05939520661636
13,1,1,"inad_unconstrained",NA,"recursive_multi_step",12,4,"main",0.000999000999000999,2,3.029,2.04865403687108,0.715773880296966,1.058841
13,1,1,"inad_constrained_alpha",NA,"recursive_multi_step",12,4,"main",0.000999000999000999,2,2.621,1.73164439590813,0.5479334873775,0.385641
13,1,1,"nb_glm",NA,"recursive_multi_step",12,4,"main",0.000999000999000999,2,3.74911269122843,1.82485741724461,0.879477303606482,3.05939520661636
13,1,1,"inad_unconstrained",NA,"recursive_multi_step",12,4,"large",0.0099009900990099,2,3.029,2.17289105360078,1.073601688768,1.058841
13,1,1,"inad_constrained_alpha",NA,"recursive_multi_step",12,4,"large",0.0099009900990099,2,2.621,1.82209637072049,0.698626973068084,0.385641
13,1,1,"nb_glm",NA,"recursive_multi_step",12,4,"large",0.0099009900990099,2,3.74911269122843,1.96184791001289,1.27026641747741,3.05939520661636
13,55,2,"inad_unconstrained",NA,"recursive_multi_step",12,4,"small",9.99900009999e-05,16,6.475,4.0729677535115,7.15865140296853,90.725625
13,55,2,"inad_constrained_alpha",NA,"recursive_multi_step",12,4,"small",9.99900009999e-05,16,5.049,5.28181093790972,8.86070454066176,119.924401
13,55,2,"nb_glm",NA,"recursive_multi_step",12,4,"small",9.99900009999e-05,16,5.9216200030182,4.86200091854859,7.97092891138456,101.573743363563
13,55,2,"inad_unconstrained",NA,"recursive_multi_step",12,4,"main",0.000999000999000999,16,6.475,4.05949901180902,6.82403482643109,90.725625
13,55,2,"inad_constrained_alpha",NA,"recursive_multi_step",12,4,"main",0.000999000999000999,16,5.049,5.14859759953643,8.55537468645829,119.924401
13,55,2,"nb_glm",NA,"recursive_multi_step",12,4,"main",0.000999000999000999,16,5.9216200030182,4.79026254458423,7.58005564347596,101.573743363563
13,55,2,"inad_unconstrained",NA,"recursive_multi_step",12,4,"large",0.0099009900990099,16,6.475,3.97028496913179,4.96878794275656,90.725625
13,55,2,"inad_constrained_alpha",NA,"recursive_multi_step",12,4,"large",0.0099009900990099,16,5.049,4.48904690175007,6.51291118706839,119.924401
13,55,2,"nb_glm",NA,"recursive_multi_step",12,4,"large",0.0099009900990099,16,5.9216200030182,4.39629761837384,5.38840879334749,101.573743363563
14,30,1,"inad_unconstrained",NA,"recursive_multi_step",9,1,"small",9.99900009999e-05,6,5.591,2.2459696941509,0.828124872351413,0.167281
14,30,1,"inad_constrained_alpha",NA,"recursive_multi_step",9,1,"small",9.99900009999e-05,6,5.89,2.15589984294974,0.767241019206773,0.0121000000000001
14,30,1,"nb_glm",NA,"recursive_multi_step",9,1,"small",9.99900009999e-05,6,5.71914245483546,2.37307837761928,0.97932754418049,0.0788809606758523
14,30,1,"inad_unconstrained",NA,"recursive_multi_step",9,1,"main",0.000999000999000999,6,5.591,2.26057821163509,0.837364854140732,0.167281
14,30,1,"inad_constrained_alpha",NA,"recursive_multi_step",9,1,"main",0.000999000999000999,6,5.89,2.17123231330425,0.781702080583733,0.0121000000000001
14,30,1,"nb_glm",NA,"recursive_multi_step",9,1,"main",0.000999000999000999,6,5.71914245483546,2.38655775785185,0.990214176591087,0.0788809606758523
14,30,1,"inad_unconstrained",NA,"recursive_multi_step",9,1,"large",0.0099009900990099,6,5.591,2.38408555558956,1.00561645749892,0.167281
14,30,1,"inad_constrained_alpha",NA,"recursive_multi_step",9,1,"large",0.0099009900990099,6,5.89,2.30132604341004,0.984898019220039,0.0121000000000001
14,30,1,"nb_glm",NA,"recursive_multi_step",9,1,"large",0.0099009900990099,6,5.71914245483546,2.49987105687832,1.16322470168126,0.0788809606758523
14,59,2,"inad_unconstrained",NA,"recursive_multi_step",9,1,"small",9.99900009999e-05,5,3.927,2.57989793192423,1.21888762301721,1.151329
14,59,2,"inad_constrained_alpha",NA,"recursive_multi_step",9,1,"small",9.99900009999e-05,5,3.998,2.55226198101161,1.24986820334302,1.004004
14,59,2,"nb_glm",NA,"recursive_multi_step",9,1,"small",9.99900009999e-05,5,3.17423124231167,2.43381113252915,1.30704616575851,3.3334315565508
14,59,2,"inad_unconstrained",NA,"recursive_multi_step",9,1,"main",0.000999000999000999,5,3.927,2.60506450693712,1.2152947906658,1.151329
14,59,2,"inad_constrained_alpha",NA,"recursive_multi_step",9,1,"main",0.000999000999000999,5,3.998,2.56298831859283,1.24213498070251,1.004004
14,59,2,"nb_glm",NA,"recursive_multi_step",9,1,"main",0.000999000999000999,5,3.17423124231167,2.46056588666373,1.26644540026654,3.3334315565508
14,59,2,"inad_unconstrained",NA,"recursive_multi_step",9,1,"large",0.0099009900990099,5,3.927,2.80228403729528,1.81183514748887,1.151329
14,59,2,"inad_constrained_alpha",NA,"recursive_multi_step",9,1,"large",0.0099009900990099,5,3.998,2.65270560053963,1.29071807420005,1.004004
14,59,2,"nb_glm",NA,"recursive_multi_step",9,1,"large",0.0099009900990099,5,3.17423124231167,2.67182642476598,1.67471519224508,3.3334315565508
14,30,1,"inad_unconstrained",NA,"recursive_multi_step",10,2,"small",9.99900009999e-05,9,5.468,3.12488890010134,2.51109007370331,12.475024
14,30,1,"inad_constrained_alpha",NA,"recursive_multi_step",10,2,"small",9.99900009999e-05,9,5.855,3.10186846408782,2.21741850091868,9.891025
14,30,1,"nb_glm",NA,"recursive_multi_step",10,2,"small",9.99900009999e-05,9,5.50038332169946,3.02179074494752,2.43799578630078,12.2473168950393
14,30,1,"inad_unconstrained",NA,"recursive_multi_step",10,2,"main",0.000999000999000999,9,5.468,3.13644741839475,2.42924840792509,12.475024
14,30,1,"inad_constrained_alpha",NA,"recursive_multi_step",10,2,"main",0.000999000999000999,9,5.855,3.10866530484363,2.16586534747465,9.891025
14,30,1,"nb_glm",NA,"recursive_multi_step",10,2,"main",0.000999000999000999,9,5.50038332169946,3.03530842519542,2.35806612340383,12.2473168950393
14,30,1,"inad_unconstrained",NA,"recursive_multi_step",10,2,"large",0.0099009900990099,9,5.468,3.22546684103891,2.14389277968991,12.475024
14,30,1,"inad_constrained_alpha",NA,"recursive_multi_step",10,2,"large",0.0099009900990099,9,5.855,3.16230070239882,1.92313122877455,9.891025
14,30,1,"nb_glm",NA,"recursive_multi_step",10,2,"large",0.0099009900990099,9,5.50038332169946,3.14034279095981,2.08745353718671,12.2473168950393
14,59,2,"inad_unconstrained",NA,"recursive_multi_step",10,2,"small",9.99900009999e-05,6,5.607,2.49090526939475,1.11499007345042,0.154449
14,59,2,"inad_constrained_alpha",NA,"recursive_multi_step",10,2,"small",9.99900009999e-05,6,6.306,2.39998837089156,1.06269712017621,0.093636
14,59,2,"nb_glm",NA,"recursive_multi_step",10,2,"small",9.99900009999e-05,6,5.37122928581596,2.38593223804153,1.01862449840886,0.395352611015506
14,59,2,"inad_unconstrained",NA,"recursive_multi_step",10,2,"main",0.000999000999000999,6,5.607,2.508418062883,1.12957893456778,0.154449
14,59,2,"inad_constrained_alpha",NA,"recursive_multi_step",10,2,"main",0.000999000999000999,6,6.306,2.42707923638412,1.11288552358645,0.093636
14,59,2,"nb_glm",NA,"recursive_multi_step",10,2,"main",0.000999000999000999,6,5.37122928581596,2.41315952303808,1.03891217251243,0.395352611015506
14,59,2,"inad_unconstrained",NA,"recursive_multi_step",10,2,"large",0.0099009900990099,6,5.607,2.65144958691384,1.43779012431455,0.154449
14,59,2,"inad_constrained_alpha",NA,"recursive_multi_step",10,2,"large",0.0099009900990099,6,6.306,2.64133965241335,1.93034268414103,0.093636
14,59,2,"nb_glm",NA,"recursive_multi_step",10,2,"large",0.0099009900990099,6,5.37122928581596,2.62864033850312,1.71310804525828,0.395352611015506
14,30,1,"inad_unconstrained",NA,"recursive_multi_step",11,3,"small",9.99900009999e-05,8,3.942,3.32346049370577,2.90343457794345,16.467364
14,30,1,"inad_constrained_alpha",NA,"recursive_multi_step",11,3,"small",9.99900009999e-05,8,4.365,3.05787937545104,2.57459284195859,13.213225
14,30,1,"nb_glm",NA,"recursive_multi_step",11,3,"small",9.99900009999e-05,8,4.3896222835518,3.05626649375118,2.52839518462003,13.0348272554257
14,30,1,"inad_unconstrained",NA,"recursive_multi_step",11,3,"main",0.000999000999000999,8,3.942,3.31664740557886,2.8486385241275,16.467364
14,30,1,"inad_constrained_alpha",NA,"recursive_multi_step",11,3,"main",0.000999000999000999,8,4.365,3.06026819306893,2.51648891599286,13.213225
14,30,1,"nb_glm",NA,"recursive_multi_step",11,3,"main",0.000999000999000999,8,4.3896222835518,3.05868588312554,2.47040053083262,13.0348272554257
14,30,1,"inad_unconstrained",NA,"recursive_multi_step",11,3,"large",0.0099009900990099,8,3.942,3.26193862011924,2.44297368554061,16.467364
14,30,1,"inad_constrained_alpha",NA,"recursive_multi_step",11,3,"large",0.0099009900990099,8,4.365,3.0796357577767,2.13874946336,13.213225
14,30,1,"nb_glm",NA,"recursive_multi_step",11,3,"large",0.0099009900990099,8,4.3896222835518,3.07830344717783,2.09490669924431,13.0348272554257
14,59,2,"inad_unconstrained",NA,"recursive_multi_step",11,3,"small",9.99900009999e-05,7,5.281,2.59133173855279,1.5369989109719,2.954961
14,59,2,"inad_constrained_alpha",NA,"recursive_multi_step",11,3,"small",9.99900009999e-05,7,6.086,2.51496795513248,1.2976655387945,0.835395999999999
14,59,2,"nb_glm",NA,"recursive_multi_step",11,3,"small",9.99900009999e-05,7,5.50726885206549,2.56404617883996,1.33490211444994,2.22824628001387
14,59,2,"inad_unconstrained",NA,"recursive_multi_step",11,3,"main",0.000999000999000999,7,5.281,2.60072819578947,1.52052565567638,2.954961
14,59,2,"inad_constrained_alpha",NA,"recursive_multi_step",11,3,"main",0.000999000999000999,7,6.086,2.52960751663957,1.29927258526911,0.835395999999999
14,59,2,"nb_glm",NA,"recursive_multi_step",11,3,"main",0.000999000999000999,7,5.50726885206549,2.57813653383693,1.32322605971505,2.22824628001387
14,59,2,"inad_unconstrained",NA,"recursive_multi_step",11,3,"large",0.0099009900990099,7,5.281,2.6794627442503,1.45682086368,2.954961
14,59,2,"inad_constrained_alpha",NA,"recursive_multi_step",11,3,"large",0.0099009900990099,7,6.086,2.65039831929402,1.43313160426036,0.835395999999999
14,59,2,"nb_glm",NA,"recursive_multi_step",11,3,"large",0.0099009900990099,7,5.50726885206549,2.69408431063652,1.37620545002943,2.22824628001387
14,30,1,"inad_unconstrained",NA,"recursive_multi_step",12,4,"small",9.99900009999e-05,4,3.332,2.50191497285742,1.00875766912043,0.446224
14,30,1,"inad_constrained_alpha",NA,"recursive_multi_step",12,4,"small",9.99900009999e-05,4,2.635,2.30328407949212,1.11307428117294,1.863225
14,30,1,"nb_glm",NA,"recursive_multi_step",12,4,"small",9.99900009999e-05,4,3.87221572030762,2.05149555812197,0.699906034037981,0.0163288221365014
14,30,1,"inad_unconstrained",NA,"recursive_multi_step",12,4,"main",0.000999000999000999,4,3.332,2.50968869886302,1.00614992778061,0.446224
14,30,1,"inad_constrained_alpha",NA,"recursive_multi_step",12,4,"main",0.000999000999000999,4,2.635,2.30948507108404,1.10026980035491,1.863225
14,30,1,"nb_glm",NA,"recursive_multi_step",12,4,"main",0.000999000999000999,4,3.87221572030762,2.06320772823632,0.708076604785129,0.0163288221365014
14,30,1,"inad_unconstrained",NA,"recursive_multi_step",12,4,"large",0.0099009900990099,4,3.332,2.57594400391427,1.05309585917764,0.446224
14,30,1,"inad_constrained_alpha",NA,"recursive_multi_step",12,4,"large",0.0099009900990099,4,2.635,2.36373951614738,1.03020548570813,1.863225
14,30,1,"nb_glm",NA,"recursive_multi_step",12,4,"large",0.0099009900990099,4,3.87221572030762,2.1649905505361,0.83636143638394,0.0163288221365014
14,59,2,"inad_unconstrained",NA,"recursive_multi_step",12,4,"small",9.99900009999e-05,11,5.531,3.86217551562485,4.13148700890113,29.909961
14,59,2,"inad_constrained_alpha",NA,"recursive_multi_step",12,4,"small",9.99900009999e-05,11,4.872,3.72883809144957,4.6270509872221,37.552384
14,59,2,"nb_glm",NA,"recursive_multi_step",12,4,"small",9.99900009999e-05,11,5.44799087521434,3.57847734655586,3.98008131264098,30.8248053217032
14,59,2,"inad_unconstrained",NA,"recursive_multi_step",12,4,"main",0.000999000999000999,11,5.531,3.85305452020178,3.97600965072802,29.909961
14,59,2,"inad_constrained_alpha",NA,"recursive_multi_step",12,4,"main",0.000999000999000999,11,4.872,3.72135469070547,4.46246006051689,37.552384
14,59,2,"nb_glm",NA,"recursive_multi_step",12,4,"main",0.000999000999000999,11,5.44799087521434,3.57950179777951,3.81899530030028,30.8248053217032
14,59,2,"inad_unconstrained",NA,"recursive_multi_step",12,4,"large",0.0099009900990099,11,5.531,3.78910022186856,3.17271150593363,29.909961
14,59,2,"inad_constrained_alpha",NA,"recursive_multi_step",12,4,"large",0.0099009900990099,11,4.872,3.66703034167142,3.47876681120517,37.552384
14,59,2,"nb_glm",NA,"recursive_multi_step",12,4,"large",0.0099009900990099,11,5.44799087521434,3.5869853060578,2.9957767331347,30.8248053217032
15,19,1,"inad_unconstrained",NA,"recursive_multi_step",9,1,"small",9.99900009999e-05,9,2.984,3.85998143874985,4.74564268829792,36.192256
15,19,1,"inad_constrained_alpha",NA,"recursive_multi_step",9,1,"small",9.99900009999e-05,9,2.885,4.26347919840955,4.90424199460774,37.393225
15,19,1,"nb_glm",NA,"recursive_multi_step",9,1,"small",9.99900009999e-05,9,3.10930493063794,4.23003494424698,4.65222154676434,34.7002884002065
15,19,1,"inad_unconstrained",NA,"recursive_multi_step",9,1,"main",0.000999000999000999,9,2.984,3.83163208461437,4.68449784411619,36.192256
15,19,1,"inad_constrained_alpha",NA,"recursive_multi_step",9,1,"main",0.000999000999000999,9,2.885,4.21857480712751,4.80645471493176,37.393225
15,19,1,"nb_glm",NA,"recursive_multi_step",9,1,"main",0.000999000999000999,9,3.10930493063794,4.18709912613547,4.56125213942396,34.7002884002065
15,19,1,"inad_unconstrained",NA,"recursive_multi_step",9,1,"large",0.0099009900990099,9,2.984,3.61543672781772,4.17689727824019,36.192256
15,19,1,"inad_constrained_alpha",NA,"recursive_multi_step",9,1,"large",0.0099009900990099,9,2.885,3.90620662010671,4.04589502881945,37.393225
15,19,1,"nb_glm",NA,"recursive_multi_step",9,1,"large",0.0099009900990099,9,3.10930493063794,3.8863131983272,3.85418026324829,34.7002884002065
15,32,2,"inad_unconstrained",NA,"recursive_multi_step",9,1,"small",9.99900009999e-05,2,4.864,1.96098258328968,1.32145637040457,8.202496
15,32,2,"inad_constrained_alpha",NA,"recursive_multi_step",9,1,"small",9.99900009999e-05,2,4.81,2.03469047846197,1.34721205256402,7.8961
15,32,2,"nb_glm",NA,"recursive_multi_step",9,1,"small",9.99900009999e-05,2,4.56665512009642,1.99654844525764,1.23285145904236,6.58771850551719
15,32,2,"inad_unconstrained",NA,"recursive_multi_step",9,1,"main",0.000999000999000999,2,4.864,1.97855092332382,1.37407306098313,8.202496
15,32,2,"inad_constrained_alpha",NA,"recursive_multi_step",9,1,"main",0.000999000999000999,2,4.81,2.05352022652225,1.4060672964351,7.8961
15,32,2,"nb_glm",NA,"recursive_multi_step",9,1,"main",0.000999000999000999,2,4.56665512009642,2.01563357622989,1.28864987148739,6.58771850551719
15,32,2,"inad_unconstrained",NA,"recursive_multi_step",9,1,"large",0.0099009900990099,2,4.864,2.1280410990159,1.91225496081543,8.202496
15,32,2,"inad_constrained_alpha",NA,"recursive_multi_step",9,1,"large",0.0099009900990099,2,4.81,2.21211176675406,2.02444120639053,7.8961
15,32,2,"nb_glm",NA,"recursive_multi_step",9,1,"large",0.0099009900990099,2,4.56665512009642,2.17658012650118,1.89385443419711,6.58771850551719
15,19,1,"inad_unconstrained",NA,"recursive_multi_step",10,2,"small",9.99900009999e-05,3,3.772,2.01136692730662,0.70207447125589,0.595984
15,19,1,"inad_constrained_alpha",NA,"recursive_multi_step",10,2,"small",9.99900009999e-05,3,4.382,1.87896117122814,0.798455795070601,1.909924
15,19,1,"nb_glm",NA,"recursive_multi_step",10,2,"small",9.99900009999e-05,3,4.28906666270497,1.93954963726394,0.752848548247185,1.66169286089734
15,19,1,"inad_unconstrained",NA,"recursive_multi_step",10,2,"main",0.000999000999000999,3,3.772,2.02422788721489,0.723514650584933,0.595984
15,19,1,"inad_constrained_alpha",NA,"recursive_multi_step",10,2,"main",0.000999000999000999,3,4.382,1.89352618989326,0.827922843200684,1.909924
15,19,1,"nb_glm",NA,"recursive_multi_step",10,2,"main",0.000999000999000999,3,4.28906666270497,1.95375322234611,0.781225859681479,1.66169286089734
15,19,1,"inad_unconstrained",NA,"recursive_multi_step",10,2,"large",0.0099009900990099,3,3.772,2.13569362317797,0.971585178266904,0.595984
15,19,1,"inad_constrained_alpha",NA,"recursive_multi_step",10,2,"large",0.0099009900990099,3,4.382,2.01977373420052,1.14082502809573,1.909924
15,19,1,"nb_glm",NA,"recursive_multi_step",10,2,"large",0.0099009900990099,3,4.28906666270497,2.07663806112718,1.08839453405616,1.66169286089734
15,32,2,"inad_unconstrained",NA,"recursive_multi_step",10,2,"small",9.99900009999e-05,5,6.414,2.41042840218183,1.05627498077633,1.999396
15,32,2,"inad_constrained_alpha",NA,"recursive_multi_step",10,2,"small",9.99900009999e-05,5,6.618,2.304979586805,1.0695235425324,2.617924
15,32,2,"nb_glm",NA,"recursive_multi_step",10,2,"small",9.99900009999e-05,5,6.35577081922872,2.28456139720359,0.987961227436995,1.83811451427213
15,32,2,"inad_unconstrained",NA,"recursive_multi_step",10,2,"main",0.000999000999000999,5,6.414,2.43223917947281,1.11686332399018,1.999396
15,32,2,"inad_constrained_alpha",NA,"recursive_multi_step",10,2,"main",0.000999000999000999,5,6.618,2.32604657967304,1.12691410614203,2.617924
15,32,2,"nb_glm",NA,"recursive_multi_step",10,2,"main",0.000999000999000999,5,6.35577081922872,2.30754242957219,1.04750646815143,1.83811451427213
15,32,2,"inad_unconstrained",NA,"recursive_multi_step",10,2,"large",0.0099009900990099,5,6.414,2.60843609146261,1.82761015802653,1.999396
15,32,2,"inad_constrained_alpha",NA,"recursive_multi_step",10,2,"large",0.0099009900990099,5,6.618,2.49832967012014,1.76294374496571,2.617924
15,32,2,"nb_glm",NA,"recursive_multi_step",10,2,"large",0.0099009900990099,5,6.35577081922872,2.49424875622437,1.75688234226776,1.83811451427213
15,19,1,"inad_unconstrained",NA,"recursive_multi_step",11,3,"small",9.99900009999e-05,2,3.578,1.81558919470947,0.783950633134472,2.490084
15,19,1,"inad_constrained_alpha",NA,"recursive_multi_step",11,3,"small",9.99900009999e-05,2,3.888,1.96789552785656,0.89994759714487,3.564544
15,19,1,"nb_glm",NA,"recursive_multi_step",11,3,"small",9.99900009999e-05,2,4.06971391937289,1.88285583868863,0.986227418375841,4.28371570804589
15,19,1,"inad_unconstrained",NA,"recursive_multi_step",11,3,"main",0.000999000999000999,2,3.578,1.8296349292824,0.81482021288851,2.490084
15,19,1,"inad_constrained_alpha",NA,"recursive_multi_step",11,3,"main",0.000999000999000999,2,3.888,1.98367072015803,0.940111131609346,3.564544
15,19,1,"nb_glm",NA,"recursive_multi_step",11,3,"main",0.000999000999000999,2,4.06971391937289,1.89915179934805,1.02687571582643,4.28371570804589
15,19,1,"inad_unconstrained",NA,"recursive_multi_step",11,3,"large",0.0099009900990099,2,3.578,1.95209999841471,1.14423222777447,2.490084
15,19,1,"inad_constrained_alpha",NA,"recursive_multi_step",11,3,"large",0.0099009900990099,2,3.888,2.11894165894218,1.37701972650542,3.564544
15,19,1,"nb_glm",NA,"recursive_multi_step",11,3,"large",0.0099009900990099,2,4.06971391937289,2.0392535974777,1.46385344287621,4.28371570804589
15,32,2,"inad_unconstrained",NA,"recursive_multi_step",11,3,"small",9.99900009999e-05,1,5.901,2.33461037320859,2.60651944980587,24.019801
15,32,2,"inad_constrained_alpha",NA,"recursive_multi_step",11,3,"small",9.99900009999e-05,1,6.126,2.56554764208104,2.8335958678907,26.275876
15,32,2,"nb_glm",NA,"recursive_multi_step",11,3,"small",9.99900009999e-05,1,6.12052990107239,2.67868573719792,2.90880465804837,26.2198264677764
15,32,2,"inad_unconstrained",NA,"recursive_multi_step",11,3,"main",0.000999000999000999,1,5.901,2.34844042486461,2.66350857723738,24.019801
15,32,2,"inad_constrained_alpha",NA,"recursive_multi_step",11,3,"main",0.000999000999000999,1,6.126,2.57961856198814,2.90122631547365,26.275876
15,32,2,"nb_glm",NA,"recursive_multi_step",11,3,"main",0.000999000999000999,1,6.12052990107239,2.69138223753873,2.97291514741039,26.2198264677764
15,32,2,"inad_unconstrained",NA,"recursive_multi_step",11,3,"large",0.0099009900990099,1,5.901,2.46491876869359,3.19335720509641,24.019801
15,32,2,"inad_constrained_alpha",NA,"recursive_multi_step",11,3,"large",0.0099009900990099,1,6.126,2.6953997868456,3.54431380390533,26.275876
15,32,2,"nb_glm",NA,"recursive_multi_step",11,3,"large",0.0099009900990099,1,6.12052990107239,2.7951591808498,3.59174883390902,26.2198264677764
15,19,1,"inad_unconstrained",NA,"recursive_multi_step",12,4,"small",9.99900009999e-05,4,3.175,2.45434357222402,1.11443460261772,0.680625
15,19,1,"inad_constrained_alpha",NA,"recursive_multi_step",12,4,"small",9.99900009999e-05,4,2.468,2.57810403070566,1.25724826656815,2.347024
15,19,1,"nb_glm",NA,"recursive_multi_step",12,4,"small",9.99900009999e-05,4,3.82173912296368,2.05650054210993,0.705786245795147,0.0317769402817576
15,19,1,"inad_unconstrained",NA,"recursive_multi_step",12,4,"main",0.000999000999000999,4,3.175,2.46262063461201,1.10811175209098,0.680625
15,19,1,"inad_constrained_alpha",NA,"recursive_multi_step",12,4,"main",0.000999000999000999,4,2.468,2.58765594350885,1.23289259466127,2.347024
15,19,1,"nb_glm",NA,"recursive_multi_step",12,4,"main",0.000999000999000999,4,3.82173912296368,2.0708097536594,0.715742618842278,0.0317769402817576
15,19,1,"inad_unconstrained",NA,"recursive_multi_step",12,4,"large",0.0099009900990099,4,3.175,2.53333950075222,1.12705035413867,0.680625
15,19,1,"inad_constrained_alpha",NA,"recursive_multi_step",12,4,"large",0.0099009900990099,4,2.468,2.66775314433767,1.176637661824,2.347024
15,19,1,"nb_glm",NA,"recursive_multi_step",12,4,"large",0.0099009900990099,4,3.82173912296368,2.1936373147742,0.899344206008531,0.0317769402817576
15,32,2,"inad_unconstrained",NA,"recursive_multi_step",12,4,"small",9.99900009999e-05,1,5.907,2.32625747167091,2.36774077367087,24.078649
15,32,2,"inad_constrained_alpha",NA,"recursive_multi_step",12,4,"small",9.99900009999e-05,1,5.075,2.0901612078535,1.89095374193635,16.605625
15,32,2,"nb_glm",NA,"recursive_multi_step",12,4,"small",9.99900009999e-05,1,5.77951413850538,2.58169488676414,2.6912678659965,22.8437554001729
15,32,2,"inad_unconstrained",NA,"recursive_multi_step",12,4,"main",0.000999000999000999,1,5.907,2.35661938512729,2.52963294599567,24.078649
15,32,2,"inad_constrained_alpha",NA,"recursive_multi_step",12,4,"main",0.000999000999000999,1,5.075,2.11381717722397,1.99247620589194,16.605625
15,32,2,"nb_glm",NA,"recursive_multi_step",12,4,"main",0.000999000999000999,1,5.77951413850538,2.6094174886053,2.8246535647193,22.8437554001729
15,32,2,"inad_unconstrained",NA,"recursive_multi_step",12,4,"large",0.0099009900990099,1,5.907,2.59502733554743,4.2353385504316,24.078649
15,32,2,"inad_constrained_alpha",NA,"recursive_multi_step",12,4,"large",0.0099009900990099,1,5.075,2.30818900089041,3.03628620669334,16.605625
15,32,2,"nb_glm",NA,"recursive_multi_step",12,4,"large",0.0099009900990099,1,5.77951413850538,2.82437335246905,4.36911335016143,22.8437554001729
16,5,1,"inad_unconstrained",NA,"recursive_multi_step",9,1,"small",9.99900009999e-05,7,3.903,2.93807516988628,2.22192439890186,9.591409
16,5,1,"inad_constrained_alpha",NA,"recursive_multi_step",9,1,"small",9.99900009999e-05,7,4.203,2.81364361147604,1.94169316111429,7.823209
16,5,1,"nb_glm",NA,"recursive_multi_step",9,1,"small",9.99900009999e-05,7,4.23904623591134,2.7884248327801,1.93022685871154,7.62286568743534
16,5,1,"inad_unconstrained",NA,"recursive_multi_step",9,1,"main",0.000999000999000999,7,3.903,2.94345797902298,2.16603060819188,9.591409
16,5,1,"inad_constrained_alpha",NA,"recursive_multi_step",9,1,"main",0.000999000999000999,7,4.203,2.81570091897159,1.91180752704633,7.823209
16,5,1,"nb_glm",NA,"recursive_multi_step",9,1,"main",0.000999000999000999,7,4.23904623591134,2.79612484891597,1.88716524455075,7.62286568743534
16,5,1,"inad_unconstrained",NA,"recursive_multi_step",9,1,"large",0.0099009900990099,7,3.903,2.98735476466708,1.84065320666415,9.591409
16,5,1,"inad_constrained_alpha",NA,"recursive_multi_step",9,1,"large",0.0099009900990099,7,4.203,2.8330466912769,1.69864520409722,7.823209
16,5,1,"nb_glm",NA,"recursive_multi_step",9,1,"large",0.0099009900990099,7,4.23904623591134,2.85960346075104,1.6536232297183,7.62286568743534
16,45,2,"inad_unconstrained",NA,"recursive_multi_step",9,1,"small",9.99900009999e-05,0,4.743,2.78170554335888,2.81471538466056,22.496049
16,45,2,"inad_constrained_alpha",NA,"recursive_multi_step",9,1,"small",9.99900009999e-05,0,4.974,3.19434376731206,3.00716625948899,24.740676
16,45,2,"nb_glm",NA,"recursive_multi_step",9,1,"small",9.99900009999e-05,0,4.66405393996225,2.90432798006363,2.85737533868253,21.7533991548773
16,45,2,"inad_unconstrained",NA,"recursive_multi_step",9,1,"main",0.000999000999000999,0,4.743,2.79125207657493,2.8727090231561,22.496049
16,45,2,"inad_constrained_alpha",NA,"recursive_multi_step",9,1,"main",0.000999000999000999,0,4.974,3.19575187733306,3.06088472510569,24.740676
16,45,2,"nb_glm",NA,"recursive_multi_step",9,1,"main",0.000999000999000999,0,4.66405393996225,2.91201508858341,2.9122354686158,21.7533991548773
16,45,2,"inad_unconstrained",NA,"recursive_multi_step",9,1,"large",0.0099009900990099,0,4.743,2.86937499092747,3.45527427532959,22.496049
16,45,2,"inad_constrained_alpha",NA,"recursive_multi_step",9,1,"large",0.0099009900990099,0,4.974,3.20693947338522,3.58975376191952,24.740676
16,45,2,"nb_glm",NA,"recursive_multi_step",9,1,"large",0.0099009900990099,0,4.66405393996225,2.97437455835299,3.47382635073772,21.7533991548773
16,5,1,"inad_unconstrained",NA,"recursive_multi_step",10,2,"small",9.99900009999e-05,2,4.371,1.84101821459736,1.06521893078372,5.621641
16,5,1,"inad_constrained_alpha",NA,"recursive_multi_step",10,2,"small",9.99900009999e-05,2,4.493,2.02669277399345,1.19194514634176,6.215049
16,5,1,"nb_glm",NA,"recursive_multi_step",10,2,"small",9.99900009999e-05,2,4.96977648960561,2.09233258238141,1.45309327572355,8.81957239821419
16,5,1,"inad_unconstrained",NA,"recursive_multi_step",10,2,"main",0.000999000999000999,2,4.371,1.86017566404288,1.1191696027515,5.621641
16,5,1,"inad_constrained_alpha",NA,"recursive_multi_step",10,2,"main",0.000999000999000999,2,4.493,2.04208190848979,1.23522659507104,6.215049
16,5,1,"nb_glm",NA,"recursive_multi_step",10,2,"main",0.000999000999000999,2,4.96977648960561,2.10988732362068,1.50785061098925,8.81957239821419
16,5,1,"inad_unconstrained",NA,"recursive_multi_step",10,2,"large",0.0099009900990099,2,4.371,2.02313448066329,1.69732027804819,5.621641
16,5,1,"inad_constrained_alpha",NA,"recursive_multi_step",10,2,"large",0.0099009900990099,2,4.493,2.17378710750877,1.68173178338372,6.215049
16,5,1,"nb_glm",NA,"recursive_multi_step",10,2,"large",0.0099009900990099,2,4.96977648960561,2.25801673096186,2.07464514332127,8.81957239821419
16,45,2,"inad_unconstrained",NA,"recursive_multi_step",10,2,"small",9.99900009999e-05,1,6.353,2.64646389091756,3.00644865257831,28.654609
16,45,2,"inad_constrained_alpha",NA,"recursive_multi_step",10,2,"small",9.99900009999e-05,1,5.817,2.52767412168839,2.75261203310096,23.203489
16,45,2,"nb_glm",NA,"recursive_multi_step",10,2,"small",9.99900009999e-05,1,6.47358561000799,2.79949203219059,3.16445590387678,29.9601394300865
16,45,2,"inad_unconstrained",NA,"recursive_multi_step",10,2,"main",0.000999000999000999,1,6.353,2.65869099159504,3.06762141402061,28.654609
16,45,2,"inad_constrained_alpha",NA,"recursive_multi_step",10,2,"main",0.000999000999000999,1,5.817,2.54478614753584,2.82714356576349,23.203489
16,45,2,"nb_glm",NA,"recursive_multi_step",10,2,"main",0.000999000999000999,1,6.47358561000799,2.81314621122278,3.24100783593583,29.9601394300865
16,45,2,"inad_unconstrained",NA,"recursive_multi_step",10,2,"large",0.0099009900990099,1,6.353,2.7592211039591,3.64409580211526,28.654609
16,45,2,"inad_constrained_alpha",NA,"recursive_multi_step",10,2,"large",0.0099009900990099,1,5.817,2.68427493560855,3.58558798388829,23.203489
16,45,2,"nb_glm",NA,"recursive_multi_step",10,2,"large",0.0099009900990099,1,6.47358561000799,2.92262944006628,3.98979707548284,29.9601394300865
16,5,1,"inad_unconstrained",NA,"recursive_multi_step",11,3,"small",9.99900009999e-05,5,3.622,2.31382330259263,1.14622911085613,1.898884
16,5,1,"inad_constrained_alpha",NA,"recursive_multi_step",11,3,"small",9.99900009999e-05,5,3.745,2.47754703318016,1.12097580691104,1.575025
16,5,1,"nb_glm",NA,"recursive_multi_step",11,3,"small",9.99900009999e-05,5,4.23723175807526,2.24629187952831,0.911520421109097,0.58181539088896
16,5,1,"inad_unconstrained",NA,"recursive_multi_step",11,3,"main",0.000999000999000999,5,3.622,2.32433506969034,1.13351118201789,1.898884
16,5,1,"inad_constrained_alpha",NA,"recursive_multi_step",11,3,"main",0.000999000999000999,5,3.745,2.48293802942132,1.11241198773548,1.575025
16,5,1,"nb_glm",NA,"recursive_multi_step",11,3,"main",0.000999000999000999,5,4.23723175807526,2.25739408376541,0.910972322864003,0.58181539088896
16,5,1,"inad_unconstrained",NA,"recursive_multi_step",11,3,"large",0.0099009900990099,5,3.622,2.41437999579744,1.10719366818693,1.898884
16,5,1,"inad_constrained_alpha",NA,"recursive_multi_step",11,3,"large",0.0099009900990099,5,3.745,2.52951732490837,1.07276318035449,1.575025
16,5,1,"nb_glm",NA,"recursive_multi_step",11,3,"large",0.0099009900990099,5,4.23723175807526,2.35276994543866,0.972633712099558,0.58181539088896
16,45,2,"inad_unconstrained",NA,"recursive_multi_step",11,3,"small",9.99900009999e-05,3,5.696,2.17377500564395,1.29202834374026,7.268416
16,45,2,"inad_constrained_alpha",NA,"recursive_multi_step",11,3,"small",9.99900009999e-05,3,5.735,2.13882000699177,1.30833418744317,7.480225
16,45,2,"nb_glm",NA,"recursive_multi_step",11,3,"small",9.99900009999e-05,3,5.99232587693608,2.20620558733532,1.44648894945456,8.95401415378126
16,45,2,"inad_unconstrained",NA,"recursive_multi_step",11,3,"main",0.000999000999000999,3,5.696,2.19333100434811,1.35592696412851,7.268416
16,45,2,"inad_constrained_alpha",NA,"recursive_multi_step",11,3,"main",0.000999000999000999,3,5.735,2.15428261148556,1.35503349121812,7.480225
16,45,2,"nb_glm",NA,"recursive_multi_step",11,3,"main",0.000999000999000999,3,5.99232587693608,2.22550677983293,1.51067519405927,8.95401415378126
16,45,2,"inad_unconstrained",NA,"recursive_multi_step",11,3,"large",0.0099009900990099,3,5.696,2.3559539050102,2.0167998073921,7.268416
16,45,2,"inad_constrained_alpha",NA,"recursive_multi_step",11,3,"large",0.0099009900990099,3,5.735,2.28556539884831,1.80865664077128,7.480225
16,45,2,"nb_glm",NA,"recursive_multi_step",11,3,"large",0.0099009900990099,3,5.99232587693608,2.38580310618275,2.16566800593735,8.95401415378126
16,5,1,"inad_unconstrained",NA,"recursive_multi_step",12,4,"small",9.99900009999e-05,0,3.182,1.42909670259833,1.45562685969159,10.125124
16,5,1,"inad_constrained_alpha",NA,"recursive_multi_step",12,4,"small",9.99900009999e-05,0,2.599,1.39986021411531,1.18435409712165,6.754801
16,5,1,"nb_glm",NA,"recursive_multi_step",12,4,"small",9.99900009999e-05,0,3.96604168225387,2.60248737335002,2.37752926902552,15.7294866253751
16,5,1,"inad_unconstrained",NA,"recursive_multi_step",12,4,"main",0.000999000999000999,0,3.182,1.44665560298972,1.50864572020654,10.125124
16,5,1,"inad_constrained_alpha",NA,"recursive_multi_step",12,4,"main",0.000999000999000999,0,2.599,1.4131336880182,1.21785691912053,6.754801
16,5,1,"nb_glm",NA,"recursive_multi_step",12,4,"main",0.000999000999000999,0,3.96604168225387,2.61175167210519,2.4212819882065,15.7294866253751
16,5,1,"inad_unconstrained",NA,"recursive_multi_step",12,4,"large",0.0099009900990099,0,3.182,1.59988369962929,2.049843468288,10.125124
16,5,1,"inad_constrained_alpha",NA,"recursive_multi_step",12,4,"large",0.0099009900990099,0,2.599,1.53143574678956,1.55693703145833,6.754801
16,5,1,"nb_glm",NA,"recursive_multi_step",12,4,"large",0.0099009900990099,0,3.96604168225387,2.68932850544654,2.87235572797955,15.7294866253751
16,45,2,"inad_unconstrained",NA,"recursive_multi_step",12,4,"small",9.99900009999e-05,3,6.033,2.295537278127,1.36766766110962,9.199089
16,45,2,"inad_constrained_alpha",NA,"recursive_multi_step",12,4,"small",9.99900009999e-05,3,4.619,2.21045753568908,0.919164962307552,2.621161
16,45,2,"nb_glm",NA,"recursive_multi_step",12,4,"small",9.99900009999e-05,3,5.81483590770691,2.17615897617325,1.36430016020524,7.92330118731618
16,45,2,"inad_unconstrained",NA,"recursive_multi_step",12,4,"main",0.000999000999000999,3,6.033,2.32101347269347,1.47464643316106,9.199089
16,45,2,"inad_constrained_alpha",NA,"recursive_multi_step",12,4,"main",0.000999000999000999,3,4.619,2.2383765207174,1.0077858909367,2.621161
16,45,2,"nb_glm",NA,"recursive_multi_step",12,4,"main",0.000999000999000999,3,5.81483590770691,2.20435114430442,1.46474861174157,7.92330118731618
16,45,2,"inad_unconstrained",NA,"recursive_multi_step",12,4,"large",0.0099009900990099,3,6.033,2.5256393625797,2.60611528096939,9.199089
16,45,2,"inad_constrained_alpha",NA,"recursive_multi_step",12,4,"large",0.0099009900990099,3,4.619,2.46179550003626,2.1569605974509,2.621161
16,45,2,"nb_glm",NA,"recursive_multi_step",12,4,"large",0.0099009900990099,3,5.81483590770691,2.43025732586429,2.63975508753149,7.92330118731618
17,4,1,"inad_unconstrained",NA,"recursive_multi_step",9,1,"small",9.99900009999e-05,5,5.204,2.12192726399876,0.731781783600063,0.0416159999999999
17,4,1,"inad_constrained_alpha",NA,"recursive_multi_step",9,1,"small",9.99900009999e-05,5,5.304,1.91226451042183,0.663005004387744,0.0924160000000002
17,4,1,"nb_glm",NA,"recursive_multi_step",9,1,"small",9.99900009999e-05,5,5.48575595082385,2.23610955298824,0.849986651701071,0.235958843760778
17,4,1,"inad_unconstrained",NA,"recursive_multi_step",9,1,"main",0.000999000999000999,5,5.204,2.13664123604158,0.74910629668008,0.0416159999999999
17,4,1,"inad_constrained_alpha",NA,"recursive_multi_step",9,1,"main",0.000999000999000999,5,5.304,1.92750879002113,0.680900979032481,0.0924160000000002
17,4,1,"nb_glm",NA,"recursive_multi_step",9,1,"main",0.000999000999000999,5,5.48575595082385,2.24993533643636,0.870932925345869,0.235958843760778
17,4,1,"inad_unconstrained",NA,"recursive_multi_step",9,1,"large",0.0099009900990099,5,5.204,2.26214412343553,0.975190524313429,0.0416159999999999
17,4,1,"inad_constrained_alpha",NA,"recursive_multi_step",9,1,"large",0.0099009900990099,5,5.304,2.05898030778319,0.898072210944,0.0924160000000002
17,4,1,"nb_glm",NA,"recursive_multi_step",9,1,"large",0.0099009900990099,5,5.48575595082385,2.3673252622709,1.1160006447917,0.235958843760778
17,36,2,"inad_unconstrained",NA,"recursive_multi_step",9,1,"small",9.99900009999e-05,16,10.191,3.57537995273273,4.04063929516296,33.744481
17,36,2,"inad_constrained_alpha",NA,"recursive_multi_step",9,1,"small",9.99900009999e-05,16,11.459,3.14832372348596,2.95927268759774,20.620681
17,36,2,"nb_glm",NA,"recursive_multi_step",9,1,"small",9.99900009999e-05,16,10.7281377080302,3.45978947607752,3.73187793090052,27.7925320254929
17,36,2,"inad_unconstrained",NA,"recursive_multi_step",9,1,"main",0.000999000999000999,16,10.191,3.57389582428358,3.94353283394898,33.744481
17,36,2,"inad_constrained_alpha",NA,"recursive_multi_step",9,1,"main",0.000999000999000999,16,11.459,3.16373079288788,2.88490886452028,20.620681
17,36,2,"nb_glm",NA,"recursive_multi_step",9,1,"main",0.000999000999000999,16,10.7281377080302,3.46777064138802,3.63363841928586,27.7925320254929
17,36,2,"inad_unconstrained",NA,"recursive_multi_step",9,1,"large",0.0099009900990099,16,10.191,3.56293230484772,3.33926723989026,33.744481
17,36,2,"inad_constrained_alpha",NA,"recursive_multi_step",9,1,"large",0.0099009900990099,16,11.459,3.28003976462563,2.57758776914303,20.620681
17,36,2,"nb_glm",NA,"recursive_multi_step",9,1,"large",0.0099009900990099,16,10.7281377080302,3.52607814754626,3.15068186444889,27.7925320254929
17,4,1,"inad_unconstrained",NA,"recursive_multi_step",10,2,"small",9.99900009999e-05,0,5.562,2.93847405301881,3.35978418801774,30.935844
17,4,1,"inad_constrained_alpha",NA,"recursive_multi_step",10,2,"small",9.99900009999e-05,0,5.576,3.50582680596747,3.621464426961,31.091776
17,4,1,"nb_glm",NA,"recursive_multi_step",10,2,"small",9.99900009999e-05,0,5.61676000329374,3.24198200375586,3.49788184756847,31.5479929346003
17,4,1,"inad_unconstrained",NA,"recursive_multi_step",10,2,"main",0.000999000999000999,0,5.562,2.94734903451595,3.4270268153021,30.935844
17,4,1,"inad_constrained_alpha",NA,"recursive_multi_step",10,2,"main",0.000999000999000999,0,5.576,3.49944273146827,3.66883385801092,31.091776
17,4,1,"nb_glm",NA,"recursive_multi_step",10,2,"main",0.000999000999000999,0,5.61676000329374,3.24497126311541,3.56190352112214,31.5479929346003
17,4,1,"inad_unconstrained",NA,"recursive_multi_step",10,2,"large",0.0099009900990099,0,5.562,3.01860730817119,4.08573083751479,30.935844
17,4,1,"inad_constrained_alpha",NA,"recursive_multi_step",10,2,"large",0.0099009900990099,0,5.576,3.4504207105,4.13505607452415,31.091776
17,4,1,"nb_glm",NA,"recursive_multi_step",10,2,"large",0.0099009900990099,0,5.61676000329374,3.26833896168651,4.19531330733385,31.5479929346003
17,36,2,"inad_unconstrained",NA,"recursive_multi_step",10,2,"small",9.99900009999e-05,16,10.342,3.27183161259142,3.84285033836198,32.012964
17,36,2,"inad_constrained_alpha",NA,"recursive_multi_step",10,2,"small",9.99900009999e-05,16,9.344,3.96146136169147,4.61563672429629,44.302336
17,36,2,"nb_glm",NA,"recursive_multi_step",10,2,"small",9.99900009999e-05,16,9.45465815811074,3.64131467350165,4.55378857412536,42.8414998271864
17,36,2,"inad_unconstrained",NA,"recursive_multi_step",10,2,"main",0.000999000999000999,16,10.342,3.28627923771817,3.71636506750121,32.012964
17,36,2,"inad_constrained_alpha",NA,"recursive_multi_step",10,2,"main",0.000999000999000999,16,9.344,3.94547488310989,4.49627768174193,44.302336
17,36,2,"nb_glm",NA,"recursive_multi_step",10,2,"main",0.000999000999000999,16,9.45465815811074,3.64551246341705,4.3890109834328,42.8414998271864
17,36,2,"inad_unconstrained",NA,"recursive_multi_step",10,2,"large",0.0099009900990099,16,10.342,3.39331188738816,3.13034406886574,32.012964
17,36,2,"inad_constrained_alpha",NA,"recursive_multi_step",10,2,"large",0.0099009900990099,16,9.344,3.83403368656645,3.73663519473251,44.302336
17,36,2,"nb_glm",NA,"recursive_multi_step",10,2,"large",0.0099009900990099,16,9.45465815811074,3.67528947126704,3.56163009170952,42.8414998271864
17,4,1,"inad_unconstrained",NA,"recursive_multi_step",11,3,"small",9.99900009999e-05,1,4.155,2.04916586166294,1.57169745287224,9.954025
17,4,1,"inad_constrained_alpha",NA,"recursive_multi_step",11,3,"small",9.99900009999e-05,1,4.567,2.1298894751187,1.86113693441805,12.723489
17,4,1,"nb_glm",NA,"recursive_multi_step",11,3,"small",9.99900009999e-05,1,4.55923545817247,2.20278440848928,1.88502824909562,12.6681570467122
17,4,1,"inad_unconstrained",NA,"recursive_multi_step",11,3,"main",0.000999000999000999,1,4.155,2.0600115520286,1.6048699254989,9.954025
17,4,1,"inad_constrained_alpha",NA,"recursive_multi_step",11,3,"main",0.000999000999000999,1,4.567,2.1410338526915,1.89630040596601,12.723489
17,4,1,"nb_glm",NA,"recursive_multi_step",11,3,"main",0.000999000999000999,1,4.55923545817247,2.21337198427132,1.91951386318287,12.6681570467122
17,4,1,"inad_unconstrained",NA,"recursive_multi_step",11,3,"large",0.0099009900990099,1,4.155,2.15466392986011,1.92388958452291,9.954025
17,4,1,"inad_constrained_alpha",NA,"recursive_multi_step",11,3,"large",0.0099009900990099,1,4.567,2.237611215818,2.233692436509,12.723489
17,4,1,"nb_glm",NA,"recursive_multi_step",11,3,"large",0.0099009900990099,1,4.55923545817247,2.30485452794223,2.2517483770171,12.6681570467122
17,36,2,"inad_unconstrained",NA,"recursive_multi_step",11,3,"small",9.99900009999e-05,15,6.882,4.41764554863961,6.12404886504549,65.901924
17,36,2,"inad_constrained_alpha",NA,"recursive_multi_step",11,3,"small",9.99900009999e-05,15,7.108,4.33833838400687,5.81195192292839,62.283664
17,36,2,"nb_glm",NA,"recursive_multi_step",11,3,"small",9.99900009999e-05,15,7.12548714700636,4.01559365774256,5.76972765662757,62.007952671962
17,36,2,"inad_unconstrained",NA,"recursive_multi_step",11,3,"main",0.000999000999000999,15,6.882,4.3733819374304,5.95057849984226,65.901924
17,36,2,"inad_constrained_alpha",NA,"recursive_multi_step",11,3,"main",0.000999000999000999,15,7.108,4.30023699893156,5.64322440735121,62.283664
17,36,2,"nb_glm",NA,"recursive_multi_step",11,3,"main",0.000999000999000999,15,7.12548714700636,3.99535417158969,5.60281322297273,62.007952671962
17,36,2,"inad_unconstrained",NA,"recursive_multi_step",11,3,"large",0.0099009900990099,15,6.882,4.08890483892628,4.77327177548209,65.901924
17,36,2,"inad_constrained_alpha",NA,"recursive_multi_step",11,3,"large",0.0099009900990099,15,7.108,4.05180374497245,4.52046700299621,62.283664
17,36,2,"nb_glm",NA,"recursive_multi_step",11,3,"large",0.0099009900990099,15,7.12548714700636,3.85461605030684,4.49268933439105,62.007952671962
17,4,1,"inad_unconstrained",NA,"recursive_multi_step",12,4,"small",9.99900009999e-05,1,3.762,1.97465984047943,1.22502835218002,7.628644
17,4,1,"inad_constrained_alpha",NA,"recursive_multi_step",12,4,"small",9.99900009999e-05,1,3.038,1.61604570667614,0.844699257570443,4.153444
17,4,1,"nb_glm",NA,"recursive_multi_step",12,4,"small",9.99900009999e-05,1,4.08840369650357,2.04962175503971,1.59172936963613,9.53823739257689
17,4,1,"inad_unconstrained",NA,"recursive_multi_step",12,4,"main",0.000999000999000999,1,3.762,1.98688198356814,1.26416325638689,7.628644
17,4,1,"inad_constrained_alpha",NA,"recursive_multi_step",12,4,"main",0.000999000999000999,1,3.038,1.6302048989,0.880001586253117,4.153444
17,4,1,"nb_glm",NA,"recursive_multi_step",12,4,"main",0.000999000999000999,1,4.08840369650357,2.0613486692949,1.62589271284329,9.53823739257689
17,4,1,"inad_unconstrained",NA,"recursive_multi_step",12,4,"large",0.0099009900990099,1,3.762,2.09337421778378,1.64529047863478,7.628644
17,4,1,"inad_constrained_alpha",NA,"recursive_multi_step",12,4,"large",0.0099009900990099,1,3.038,1.75479539873927,1.24514028594464,4.153444
17,4,1,"nb_glm",NA,"recursive_multi_step",12,4,"large",0.0099009900990099,1,4.08840369650357,2.1632643830176,1.96363663454999,9.53823739257689
17,36,2,"inad_unconstrained",NA,"recursive_multi_step",12,4,"small",9.99900009999e-05,11,6.426,3.35334685309717,3.27102502055697,20.921476
17,36,2,"inad_constrained_alpha",NA,"recursive_multi_step",12,4,"small",9.99900009999e-05,11,5.076,4.13322698134878,4.38088004709672,35.093776
17,36,2,"nb_glm",NA,"recursive_multi_step",12,4,"small",9.99900009999e-05,11,6.12162514568034,3.36199812260226,3.40746613920638,23.7985412192583
17,36,2,"inad_unconstrained",NA,"recursive_multi_step",12,4,"main",0.000999000999000999,11,6.426,3.36152330272282,3.15782149378104,20.921476
17,36,2,"inad_constrained_alpha",NA,"recursive_multi_step",12,4,"main",0.000999000999000999,11,5.076,4.11666069054465,4.16823790652662,35.093776
17,36,2,"nb_glm",NA,"recursive_multi_step",12,4,"main",0.000999000999000999,11,6.12162514568034,3.37427302027764,3.25729494918891,23.7985412192583
17,36,2,"inad_unconstrained",NA,"recursive_multi_step",12,4,"large",0.0099009900990099,11,6.426,3.42264884956359,2.66039430609182,20.921476
17,36,2,"inad_constrained_alpha",NA,"recursive_multi_step",12,4,"large",0.0099009900990099,11,5.076,4.00816686598105,3.26146954513889,35.093776
17,36,2,"nb_glm",NA,"recursive_multi_step",12,4,"large",0.0099009900990099,11,6.12162514568034,3.46435635582033,2.7297562955309,23.7985412192583
18,6,1,"inad_unconstrained",NA,"recursive_multi_step",9,1,"small",9.99900009999e-05,5,4.798,2.02649327274591,0.733077667728756,0.040804
18,6,1,"inad_constrained_alpha",NA,"recursive_multi_step",9,1,"small",9.99900009999e-05,5,4.9,2.20826433373329,0.753195602711264,0.00999999999999993
18,6,1,"nb_glm",NA,"recursive_multi_step",9,1,"small",9.99900009999e-05,5,5.07293349083757,2.22814648880088,0.833913361802509,0.0053192940857532
18,6,1,"inad_unconstrained",NA,"recursive_multi_step",9,1,"main",0.000999000999000999,5,4.798,2.04013068835853,0.742534742471695,0.040804
18,6,1,"inad_constrained_alpha",NA,"recursive_multi_step",9,1,"main",0.000999000999000999,5,4.9,2.2170372046824,0.760155377212611,0.00999999999999993
18,6,1,"nb_glm",NA,"recursive_multi_step",9,1,"main",0.000999000999000999,5,5.07293349083757,2.24028543240719,0.846675105044363,0.0053192940857532
18,6,1,"inad_unconstrained",NA,"recursive_multi_step",9,1,"large",0.0099009900990099,5,4.798,2.15778676616233,0.88871686537461,0.040804
18,6,1,"inad_constrained_alpha",NA,"recursive_multi_step",9,1,"large",0.0099009900990099,5,4.9,2.29346018521705,0.846219503611111,0.00999999999999993
18,6,1,"nb_glm",NA,"recursive_multi_step",9,1,"large",0.0099009900990099,5,5.07293349083757,2.34421536496524,1.01156733976388,0.0053192940857532
18,33,2,"inad_unconstrained",NA,"recursive_multi_step",9,1,"small",9.99900009999e-05,3,4.171,2.03469047846197,0.808540001212902,1.371241
18,33,2,"inad_constrained_alpha",NA,"recursive_multi_step",9,1,"small",9.99900009999e-05,3,3.863,2.11373507753863,0.732730216184617,0.744769
18,33,2,"nb_glm",NA,"recursive_multi_step",9,1,"small",9.99900009999e-05,3,3.1705553164492,1.84447248561735,0.559963322016876,0.0290891159690861
18,33,2,"inad_unconstrained",NA,"recursive_multi_step",9,1,"main",0.000999000999000999,3,4.171,2.05352022652225,0.851053318898106,1.371241
18,33,2,"inad_constrained_alpha",NA,"recursive_multi_step",9,1,"main",0.000999000999000999,3,3.863,2.12938485342852,0.762900776909519,0.744769
18,33,2,"nb_glm",NA,"recursive_multi_step",9,1,"main",0.000999000999000999,3,3.1705553164492,1.86448270021115,0.581830763379344,0.0290891159690861
18,33,2,"inad_unconstrained",NA,"recursive_multi_step",9,1,"large",0.0099009900990099,3,4.171,2.21211176675406,1.36064034431953,1.371241
18,33,2,"inad_constrained_alpha",NA,"recursive_multi_step",9,1,"large",0.0099009900990099,3,3.863,2.26238061193063,1.13455957151714,0.744769
18,33,2,"nb_glm",NA,"recursive_multi_step",9,1,"large",0.0099009900990099,3,3.1705553164492,2.03401617386056,0.979226250651228,0.0290891159690861
18,6,1,"inad_unconstrained",NA,"recursive_multi_step",10,2,"small",9.99900009999e-05,2,5.17,2.08926403389111,1.50889168863377,10.0489
18,6,1,"inad_constrained_alpha",NA,"recursive_multi_step",10,2,"small",9.99900009999e-05,2,5.526,2.32376581741924,1.86895649808953,12.432676
18,6,1,"nb_glm",NA,"recursive_multi_step",10,2,"small",9.99900009999e-05,2,5.38948197147599,2.18764167404001,1.67948097642345,11.4885880349607
18,6,1,"inad_unconstrained",NA,"recursive_multi_step",10,2,"main",0.000999000999000999,2,5.17,2.1050919643331,1.55964737603688,10.0489
18,6,1,"inad_constrained_alpha",NA,"recursive_multi_step",10,2,"main",0.000999000999000999,2,5.526,2.33242855866709,1.89570091733345,12.432676
18,6,1,"nb_glm",NA,"recursive_multi_step",10,2,"main",0.000999000999000999,2,5.38948197147599,2.20273287597669,1.72920398092299,11.4885880349607
18,6,1,"inad_unconstrained",NA,"recursive_multi_step",10,2,"large",0.0099009900990099,2,5.17,2.23972120161295,2.05986814309629,10.0489
18,6,1,"inad_constrained_alpha",NA,"recursive_multi_step",10,2,"large",0.0099009900990099,2,5.526,2.40721125943583,2.1436705939485,12.432676
18,6,1,"nb_glm",NA,"recursive_multi_step",10,2,"large",0.0099009900990099,2,5.38948197147599,2.3306141118241,2.21666519113643,11.4885880349607
18,33,2,"inad_unconstrained",NA,"recursive_multi_step",10,2,"small",9.99900009999e-05,2,5.948,2.36669157671779,1.95432765554865,15.586704
18,33,2,"inad_constrained_alpha",NA,"recursive_multi_step",10,2,"small",9.99900009999e-05,2,6.005,2.26490003026003,2.02164261874183,16.040025
18,33,2,"nb_glm",NA,"recursive_multi_step",10,2,"small",9.99900009999e-05,2,5.48194595775801,2.21034611653442,1.73679735676644,12.1239476527474
18,33,2,"inad_unconstrained",NA,"recursive_multi_step",10,2,"main",0.000999000999000999,2,5.948,2.38632417899003,2.03565823828141,15.586704
18,33,2,"inad_constrained_alpha",NA,"recursive_multi_step",10,2,"main",0.000999000999000999,2,6.005,2.2784726895806,2.06920036586661,16.040025
18,33,2,"nb_glm",NA,"recursive_multi_step",10,2,"main",0.000999000999000999,2,5.48194595775801,2.2313500208958,1.8125864624947,12.1239476527474
18,33,2,"inad_unconstrained",NA,"recursive_multi_step",10,2,"large",0.0099009900990099,2,5.948,2.54703613468639,2.85522193183337,15.586704
18,33,2,"inad_constrained_alpha",NA,"recursive_multi_step",10,2,"large",0.0099009900990099,2,6.005,2.39358710597279,2.51382868096498,16.040025
18,33,2,"nb_glm",NA,"recursive_multi_step",10,2,"large",0.0099009900990099,2,5.48194595775801,2.40444299810261,2.61282338437655,12.1239476527474
18,6,1,"inad_unconstrained",NA,"recursive_multi_step",11,3,"small",9.99900009999e-05,4,3.882,2.09685591556153,0.744006068242025,0.013924
18,6,1,"inad_constrained_alpha",NA,"recursive_multi_step",11,3,"small",9.99900009999e-05,4,4.523,2.15550084045068,0.75243878909466,0.273529
18,6,1,"nb_glm",NA,"recursive_multi_step",11,3,"small",9.99900009999e-05,4,4.47143856096116,2.06539514170874,0.715811462310958,0.222254316761133
18,6,1,"inad_unconstrained",NA,"recursive_multi_step",11,3,"main",0.000999000999000999,4,3.882,2.10824376131765,0.752284003551993,0.013924
18,6,1,"inad_constrained_alpha",NA,"recursive_multi_step",11,3,"main",0.000999000999000999,4,4.523,2.16732986932732,0.769782347712295,0.273529
18,6,1,"nb_glm",NA,"recursive_multi_step",11,3,"main",0.000999000999000999,4,4.47143856096116,2.07789271572488,0.73280019671433,0.222254316761133
18,6,1,"inad_unconstrained",NA,"recursive_multi_step",11,3,"large",0.0099009900990099,4,3.882,2.20705139122776,0.880110613141628,0.013924
18,6,1,"inad_constrained_alpha",NA,"recursive_multi_step",11,3,"large",0.0099009900990099,4,4.523,2.26932331232386,0.970944303589133,0.273529
18,6,1,"nb_glm",NA,"recursive_multi_step",11,3,"large",0.0099009900990099,4,4.47143856096116,2.1860012725608,0.932686850847047,0.222254316761133
18,33,2,"inad_unconstrained",NA,"recursive_multi_step",11,3,"small",9.99900009999e-05,0,5.578,3.07993775578458,3.37599818417681,31.114084
18,33,2,"inad_constrained_alpha",NA,"recursive_multi_step",11,3,"small",9.99900009999e-05,0,5.908,3.14712802784729,3.69619938240199,34.904464
18,33,2,"nb_glm",NA,"recursive_multi_step",11,3,"small",9.99900009999e-05,0,5.64853110569692,3.25178534547143,3.51947130002673,31.9059036520257
18,33,2,"inad_unconstrained",NA,"recursive_multi_step",11,3,"main",0.000999000999000999,0,5.578,3.08715863754012,3.44738834080084,31.114084
18,33,2,"inad_constrained_alpha",NA,"recursive_multi_step",11,3,"main",0.000999000999000999,0,5.908,3.15214765179825,3.76052873700066,34.904464
18,33,2,"nb_glm",NA,"recursive_multi_step",11,3,"main",0.000999000999000999,0,5.64853110569692,3.25542665331714,3.58760186368319,31.9059036520257
18,33,2,"inad_unconstrained",NA,"recursive_multi_step",11,3,"large",0.0099009900990099,0,5.578,3.14424999336985,4.15289268259425,31.114084
18,33,2,"inad_constrained_alpha",NA,"recursive_multi_step",11,3,"large",0.0099009900990099,0,5.908,3.19174715747995,4.38694827715976,34.904464
18,33,2,"nb_glm",NA,"recursive_multi_step",11,3,"large",0.0099009900990099,0,5.64853110569692,3.2837565170074,4.26729495573317,31.9059036520257
18,6,1,"inad_unconstrained",NA,"recursive_multi_step",12,4,"small",9.99900009999e-05,4,3.304,2.32356621662018,0.96747408652832,0.484416
18,6,1,"inad_constrained_alpha",NA,"recursive_multi_step",12,4,"small",9.99900009999e-05,4,2.743,2.43098124647708,1.12840350618835,1.580049
18,6,1,"nb_glm",NA,"recursive_multi_step",12,4,"small",9.99900009999e-05,4,3.98788222152871,2.05315638094962,0.696926825160584,0.000146840555079249
18,6,1,"inad_unconstrained",NA,"recursive_multi_step",12,4,"main",0.000999000999000999,4,3.304,2.33046777372515,0.96460731851254,0.484416
18,6,1,"inad_constrained_alpha",NA,"recursive_multi_step",12,4,"main",0.000999000999000999,4,2.743,2.43597055183857,1.11657946916119,1.580049
18,6,1,"nb_glm",NA,"recursive_multi_step",12,4,"main",0.000999000999000999,4,3.98788222152871,2.06222435292507,0.70377060823169,0.000146840555079249
18,6,1,"inad_unconstrained",NA,"recursive_multi_step",12,4,"large",0.0099009900990099,4,3.304,2.39054420695062,0.97780209434362,0.484416
18,6,1,"inad_constrained_alpha",NA,"recursive_multi_step",12,4,"large",0.0099009900990099,4,2.743,2.47936272375033,1.05335058883941,1.580049
18,6,1,"nb_glm",NA,"recursive_multi_step",12,4,"large",0.0099009900990099,4,3.98788222152871,2.14200093918258,0.791863866897448,0.000146840555079249
18,33,2,"inad_unconstrained",NA,"recursive_multi_step",12,4,"small",9.99900009999e-05,1,6.18,2.22918810416814,2.42849902485354,26.8324
18,33,2,"inad_constrained_alpha",NA,"recursive_multi_step",12,4,"small",9.99900009999e-05,1,4.813,2.29593560515875,1.75000121779845,14.538969
18,33,2,"nb_glm",NA,"recursive_multi_step",12,4,"small",9.99900009999e-05,1,5.56879430777875,2.51839972347807,2.55125534324586,20.8738814267915
18,33,2,"inad_unconstrained",NA,"recursive_multi_step",12,4,"main",0.000999000999000999,1,6.18,2.26039042725142,2.59805677291622,26.8324
18,33,2,"inad_constrained_alpha",NA,"recursive_multi_step",12,4,"main",0.000999000999000999,1,4.813,2.32485224900063,1.8838429814824,14.538969
18,33,2,"nb_glm",NA,"recursive_multi_step",12,4,"main",0.000999000999000999,1,5.56879430777875,2.54683974603504,2.68279915950039,20.8738814267915
18,33,2,"inad_unconstrained",NA,"recursive_multi_step",12,4,"large",0.0099009900990099,1,6.18,2.50639617855481,4.33462954381685,26.8324
18,33,2,"inad_constrained_alpha",NA,"recursive_multi_step",12,4,"large",0.0099009900990099,1,4.813,2.5538102395464,3.41440860652971,14.538969
18,33,2,"nb_glm",NA,"recursive_multi_step",12,4,"large",0.0099009900990099,1,5.56879430777875,2.76811005911761,4.23044586231881,20.8738814267915
19,26,1,"inad_unconstrained",NA,"recursive_multi_step",9,1,"small",9.99900009999e-05,1,2.482,1.56664110730782,0.632673452033554,2.196324
19,26,1,"inad_constrained_alpha",NA,"recursive_multi_step",9,1,"small",9.99900009999e-05,1,2.249,1.43666312911953,0.535400904011598,1.560001
19,26,1,"nb_glm",NA,"recursive_multi_step",9,1,"small",9.99900009999e-05,1,1.78328595717164,1.27859087943223,0.391011868008244,0.613536890702295
19,26,1,"inad_unconstrained",NA,"recursive_multi_step",9,1,"main",0.000999000999000999,1,2.482,1.57749292321885,0.65434698442379,2.196324
19,26,1,"inad_constrained_alpha",NA,"recursive_multi_step",9,1,"main",0.000999000999000999,1,2.249,1.4471535237132,0.553724838401066,1.560001
19,26,1,"nb_glm",NA,"recursive_multi_step",9,1,"main",0.000999000999000999,1,1.78328595717164,1.29051473149993,0.405795176033348,0.613536890702295
19,26,1,"inad_unconstrained",NA,"recursive_multi_step",9,1,"large",0.0099009900990099,1,2.482,1.67469985902258,0.879347133438667,2.196324
19,26,1,"inad_constrained_alpha",NA,"recursive_multi_step",9,1,"large",0.0099009900990099,1,2.249,1.54177926396029,0.746209831616626,1.560001
19,26,1,"nb_glm",NA,"recursive_multi_step",9,1,"large",0.0099009900990099,1,1.78328595717164,1.39791888353209,0.585232535653958,0.613536890702295
19,40,2,"inad_unconstrained",NA,"recursive_multi_step",9,1,"small",9.99900009999e-05,5,5.965,2.1144329490589,0.871048763825507,0.931225
19,40,2,"inad_constrained_alpha",NA,"recursive_multi_step",9,1,"small",9.99900009999e-05,5,6.058,2.35582162447972,0.868346850914692,1.119364
19,40,2,"nb_glm",NA,"recursive_multi_step",9,1,"small",9.99900009999e-05,5,6.32434940487042,2.2655831823911,0.969198315947532,1.75390134618064
19,40,2,"inad_unconstrained",NA,"recursive_multi_step",9,1,"main",0.000999000999000999,5,5.965,2.13617769856834,0.915950207755463,0.931225
19,40,2,"inad_constrained_alpha",NA,"recursive_multi_step",9,1,"main",0.000999000999000999,5,6.058,2.37294719853059,0.905670236593817,1.119364
19,40,2,"nb_glm",NA,"recursive_multi_step",9,1,"main",0.000999000999000999,5,6.32434940487042,2.2861283912547,1.01947451222403,1.75390134618064
19,40,2,"inad_unconstrained",NA,"recursive_multi_step",9,1,"large",0.0099009900990099,5,5.965,2.31603332542295,1.46699203179996,0.931225
19,40,2,"inad_constrained_alpha",NA,"recursive_multi_step",9,1,"large",0.0099009900990099,5,6.058,2.51481513148089,1.34138408950527,1.119364
19,40,2,"nb_glm",NA,"recursive_multi_step",9,1,"large",0.0099009900990099,5,6.32434940487042,2.45505719546888,1.59539552870798,1.75390134618064
19,26,1,"inad_unconstrained",NA,"recursive_multi_step",10,2,"small",9.99900009999e-05,0,3.525,2.16385205778893,1.93236596199582,12.425625
19,26,1,"inad_constrained_alpha",NA,"recursive_multi_step",10,2,"small",9.99900009999e-05,0,4.014,2.47764683855976,2.40441849408144,16.112196
19,26,1,"nb_glm",NA,"recursive_multi_step",10,2,"small",9.99900009999e-05,0,3.55073071492952,2.42834774820653,2.10131467599658,12.6076886099439
19,26,1,"inad_unconstrained",NA,"recursive_multi_step",10,2,"main",0.000999000999000999,0,3.525,2.17297682695353,1.96476812837851,12.425625
19,26,1,"inad_constrained_alpha",NA,"recursive_multi_step",10,2,"main",0.000999000999000999,0,4.014,2.48391890247691,2.43358654476547,16.112196
19,26,1,"nb_glm",NA,"recursive_multi_step",10,2,"main",0.000999000999000999,0,3.55073071492952,2.43513063694364,2.12994914366306,12.6076886099439
19,26,1,"inad_unconstrained",NA,"recursive_multi_step",10,2,"large",0.0099009900990099,0,3.525,2.25260516068902,2.27943290034722,12.425625
19,26,1,"inad_constrained_alpha",NA,"recursive_multi_step",10,2,"large",0.0099009900990099,0,4.014,2.53788557457889,2.71501860930556,16.112196
19,26,1,"nb_glm",NA,"recursive_multi_step",10,2,"large",0.0099009900990099,0,3.55073071492952,2.49363628408033,2.41442088258016,12.6076886099439
19,40,2,"inad_unconstrained",NA,"recursive_multi_step",10,2,"small",9.99900009999e-05,4,7.243,2.33490952064064,1.64984493643698,10.517049
19,40,2,"inad_constrained_alpha",NA,"recursive_multi_step",10,2,"small",9.99900009999e-05,4,7.135,2.3986930984542,1.59849481536266,9.828225
19,40,2,"nb_glm",NA,"recursive_multi_step",10,2,"small",9.99900009999e-05,4,7.41290567689058,2.37426423501829,1.65382986827627,11.647925159352
19,40,2,"inad_unconstrained",NA,"recursive_multi_step",10,2,"main",0.000999000999000999,4,7.243,2.35135729615973,1.70245867848336,10.517049
19,40,2,"inad_constrained_alpha",NA,"recursive_multi_step",10,2,"main",0.000999000999000999,4,7.135,2.41453686260702,1.649751498555,9.828225
19,40,2,"nb_glm",NA,"recursive_multi_step",10,2,"main",0.000999000999000999,4,7.41290567689058,2.3903698546144,1.70883844181467,11.647925159352
19,40,2,"inad_unconstrained",NA,"recursive_multi_step",10,2,"large",0.0099009900990099,4,7.243,2.48826613269058,2.2029844143787,10.517049
19,40,2,"inad_constrained_alpha",NA,"recursive_multi_step",10,2,"large",0.0099009900990099,4,7.135,2.54602947260903,2.1444535039645,9.828225
19,40,2,"nb_glm",NA,"recursive_multi_step",10,2,"large",0.0099009900990099,4,7.41290567689058,2.5241545170715,2.22371016419663,11.647925159352
19,26,1,"inad_unconstrained",NA,"recursive_multi_step",11,3,"small",9.99900009999e-05,1,3.432,1.83375492371693,1.16666928870441,5.914624
19,26,1,"inad_constrained_alpha",NA,"recursive_multi_step",11,3,"small",9.99900009999e-05,1,3.792,1.98177509405276,1.37429864918363,7.795264
19,26,1,"nb_glm",NA,"recursive_multi_step",11,3,"small",9.99900009999e-05,1,3.73770621589206,1.94463066765227,1.39095205480612,7.49503532453404
19,26,1,"inad_unconstrained",NA,"recursive_multi_step",11,3,"main",0.000999000999000999,1,3.432,1.84417937289958,1.19286322556606,5.914624
19,26,1,"inad_constrained_alpha",NA,"recursive_multi_step",11,3,"main",0.000999000999000999,1,3.792,1.99307157178426,1.40653848488691,7.795264
19,26,1,"nb_glm",NA,"recursive_multi_step",11,3,"main",0.000999000999000999,1,3.73770621589206,1.95616588596551,1.42134760975554,7.49503532453404
19,26,1,"inad_unconstrained",NA,"recursive_multi_step",11,3,"large",0.0099009900990099,1,3.432,1.93654239905171,1.45017302182049,5.914624
19,26,1,"inad_constrained_alpha",NA,"recursive_multi_step",11,3,"large",0.0099009900990099,1,3.792,2.09188224366187,1.72392060132505,7.795264
19,26,1,"nb_glm",NA,"recursive_multi_step",11,3,"large",0.0099009900990099,1,3.73770621589206,2.05718221582615,1.7256169623883,7.49503532453404
19,40,2,"inad_unconstrained",NA,"recursive_multi_step",11,3,"small",9.99900009999e-05,4,6.284,2.29483982380689,1.17187929994689,5.216656
19,40,2,"inad_constrained_alpha",NA,"recursive_multi_step",11,3,"small",9.99900009999e-05,4,6.26,2.38807501623675,1.20025143735212,5.1076
19,40,2,"nb_glm",NA,"recursive_multi_step",11,3,"small",9.99900009999e-05,4,6.44497980369858,2.24231674971462,1.23420743506443,5.97792624049395
19,40,2,"inad_unconstrained",NA,"recursive_multi_step",11,3,"main",0.000999000999000999,4,6.284,2.31425994967769,1.23302619857575,5.216656
19,40,2,"inad_constrained_alpha",NA,"recursive_multi_step",11,3,"main",0.000999000999000999,4,6.26,2.40663421763722,1.26056450556608,5.1076
19,40,2,"nb_glm",NA,"recursive_multi_step",11,3,"main",0.000999000999000999,4,6.44497980369858,2.26219155061383,1.29583717353813,5.97792624049395
19,40,2,"inad_unconstrained",NA,"recursive_multi_step",11,3,"large",0.0099009900990099,4,6.284,2.47434606819215,1.87109681790944,5.216656
19,40,2,"inad_constrained_alpha",NA,"recursive_multi_step",11,3,"large",0.0099009900990099,4,6.26,2.55898223380226,1.89242431341512,5.1076
19,40,2,"nb_glm",NA,"recursive_multi_step",11,3,"large",0.0099009900990099,4,6.44497980369858,2.42638353719346,1.93349483772484,5.97792624049395
19,26,1,"inad_unconstrained",NA,"recursive_multi_step",12,4,"small",9.99900009999e-05,0,3.216,1.4935077050891,1.48889560280202,10.342656
19,26,1,"inad_constrained_alpha",NA,"recursive_multi_step",12,4,"small",9.99900009999e-05,0,2.664,1.4409717150239,1.23862115560233,7.096896
19,26,1,"nb_glm",NA,"recursive_multi_step",12,4,"small",9.99900009999e-05,0,3.81437656056643,2.55508045211583,2.28388590749303,14.5494685457986
19,26,1,"inad_unconstrained",NA,"recursive_multi_step",12,4,"main",0.000999000999000999,0,3.216,1.50994172636226,1.53857261792564,10.342656
19,26,1,"inad_constrained_alpha",NA,"recursive_multi_step",12,4,"main",0.000999000999000999,0,2.664,1.45232922059791,1.26670753307267,7.096896
19,26,1,"nb_glm",NA,"recursive_multi_step",12,4,"main",0.000999000999000999,0,3.81437656056643,2.56402119970801,2.32404704055326,14.5494685457986
19,26,1,"inad_unconstrained",NA,"recursive_multi_step",12,4,"large",0.0099009900990099,0,3.216,1.65375222110905,2.0389773812435,10.342656
19,26,1,"inad_constrained_alpha",NA,"recursive_multi_step",12,4,"large",0.0099009900990099,0,2.664,1.5543319801419,1.54337477046826,7.096896
19,26,1,"nb_glm",NA,"recursive_multi_step",12,4,"large",0.0099009900990099,0,3.81437656056643,2.63939055781634,2.73760794736926,14.5494685457986
19,40,2,"inad_unconstrained",NA,"recursive_multi_step",12,4,"small",9.99900009999e-05,0,6.442,2.45583916051815,3.60853557822554,41.499364
19,40,2,"inad_constrained_alpha",NA,"recursive_multi_step",12,4,"small",9.99900009999e-05,0,4.935,2.09884953663651,2.5489098144129,24.354225
19,40,2,"nb_glm",NA,"recursive_multi_step",12,4,"small",9.99900009999e-05,0,6.02307994833759,3.46054983912731,3.81998711131312,36.2774920640663
19,40,2,"inad_unconstrained",NA,"recursive_multi_step",12,4,"main",0.000999000999000999,0,6.442,2.47719107207789,3.72506606722716,41.499364
19,40,2,"inad_constrained_alpha",NA,"recursive_multi_step",12,4,"main",0.000999000999000999,0,4.935,2.12762421286731,2.68485729892408,24.354225
19,40,2,"nb_glm",NA,"recursive_multi_step",12,4,"main",0.000999000999000999,0,6.02307994833759,3.46849704523396,3.93520940942087,36.2774920640663
19,40,2,"inad_unconstrained",NA,"recursive_multi_step",12,4,"large",0.0099009900990099,0,6.442,2.64929938184709,4.83482792093345,41.499364
19,40,2,"inad_constrained_alpha",NA,"recursive_multi_step",12,4,"large",0.0099009900990099,0,4.935,2.35885740409576,4.14950079889903,24.354225
19,40,2,"nb_glm",NA,"recursive_multi_step",12,4,"large",0.0099009900990099,0,6.02307994833759,3.52657664701569,5.20240705868246,36.2774920640663
20,29,1,"inad_unconstrained",NA,"recursive_multi_step",9,1,"small",9.99900009999e-05,6,2.684,3.12309392554681,2.44192387661732,10.995856
20,29,1,"inad_constrained_alpha",NA,"recursive_multi_step",9,1,"small",9.99900009999e-05,6,2.606,3.35215079992956,2.54012910701626,11.519236
20,29,1,"nb_glm",NA,"recursive_multi_step",9,1,"small",9.99900009999e-05,6,2.50887506647058,3.21566334245987,2.57450492287821,12.1879533015108
20,29,1,"inad_unconstrained",NA,"recursive_multi_step",9,1,"main",0.000999000999000999,6,2.684,3.11893724338795,2.394538779255,10.995856
20,29,1,"inad_constrained_alpha",NA,"recursive_multi_step",9,1,"main",0.000999000999000999,6,2.606,3.34990652155215,2.46051693044754,11.519236
20,29,1,"nb_glm",NA,"recursive_multi_step",9,1,"main",0.000999000999000999,6,2.50887506647058,3.21661030261992,2.4903685777556,12.1879533015108
20,29,1,"inad_unconstrained",NA,"recursive_multi_step",9,1,"large",0.0099009900990099,6,2.684,3.08460940832231,2.04408463851423,10.995856
20,29,1,"inad_constrained_alpha",NA,"recursive_multi_step",9,1,"large",0.0099009900990099,6,2.606,3.33236200289149,2.00887471845744,11.519236
20,29,1,"nb_glm",NA,"recursive_multi_step",9,1,"large",0.0099009900990099,6,2.50887506647058,3.22411847090193,2.00913210443196,12.1879533015108
20,60,2,"inad_unconstrained",NA,"recursive_multi_step",9,1,"small",9.99900009999e-05,0,3.914,2.15530127948414,2.1375371909535,15.319396
20,60,2,"inad_constrained_alpha",NA,"recursive_multi_step",9,1,"small",9.99900009999e-05,0,3.799,2.24557069165184,2.09231114566049,14.432401
20,60,2,"nb_glm",NA,"recursive_multi_step",9,1,"small",9.99900009999e-05,0,3.16437209652441,2.20483323267332,1.82505643930673,10.0132507652623
20,60,2,"inad_unconstrained",NA,"recursive_multi_step",9,1,"main",0.000999000999000999,0,3.914,2.16537292154036,2.17423646369627,15.319396
20,60,2,"inad_constrained_alpha",NA,"recursive_multi_step",9,1,"main",0.000999000999000999,0,3.799,2.25667576765816,2.13442135253681,14.432401
20,60,2,"nb_glm",NA,"recursive_multi_step",9,1,"main",0.000999000999000999,0,3.16437209652441,2.21627400654725,1.86132681526204,10.0132507652623
20,60,2,"inad_unconstrained",NA,"recursive_multi_step",9,1,"large",0.0099009900990099,0,3.914,2.25292950254818,2.52572500867427,15.319396
20,60,2,"inad_constrained_alpha",NA,"recursive_multi_step",9,1,"large",0.0099009900990099,0,3.799,2.35208282450339,2.55082063910371,14.432401
20,60,2,"nb_glm",NA,"recursive_multi_step",9,1,"large",0.0099009900990099,0,3.16437209652441,2.31472880113529,2.24634323807869,10.0132507652623
20,29,1,"inad_unconstrained",NA,"recursive_multi_step",10,2,"small",9.99900009999e-05,12,3.571,4.59761773033368,6.87570296273765,71.048041
20,29,1,"inad_constrained_alpha",NA,"recursive_multi_step",10,2,"small",9.99900009999e-05,12,3.266,5.2800154262054,7.31266115691621,76.282756
20,29,1,"nb_glm",NA,"recursive_multi_step",10,2,"small",9.99900009999e-05,12,3.81867808392365,4.95528003915278,6.66926454425098,66.9340282944712
20,29,1,"inad_unconstrained",NA,"recursive_multi_step",10,2,"main",0.000999000999000999,12,3.571,4.53364394083792,6.70367194716002,71.048041
20,29,1,"inad_constrained_alpha",NA,"recursive_multi_step",10,2,"main",0.000999000999000999,12,3.266,5.13103617260648,7.23823516946377,76.282756
20,29,1,"nb_glm",NA,"recursive_multi_step",10,2,"main",0.000999000999000999,12,3.81867808392365,4.85676068516334,6.50431513021821,66.9340282944712
20,29,1,"inad_unconstrained",NA,"recursive_multi_step",10,2,"large",0.0099009900990099,12,3.571,4.13017901523132,5.43210985504,71.048041
20,29,1,"inad_constrained_alpha",NA,"recursive_multi_step",10,2,"large",0.0099009900990099,12,3.266,4.34479729290553,6.61346767910226,76.282756
20,29,1,"nb_glm",NA,"recursive_multi_step",10,2,"large",0.0099009900990099,12,3.81867808392365,4.29574884903762,5.28530146134281,66.9340282944712
20,60,2,"inad_unconstrained",NA,"recursive_multi_step",10,2,"small",9.99900009999e-05,2,5.482,2.10541161060431,1.65808645607027,12.124324
20,60,2,"inad_constrained_alpha",NA,"recursive_multi_step",10,2,"small",9.99900009999e-05,2,5.491,2.29404213705605,1.72606083776298,12.187081
20,60,2,"nb_glm",NA,"recursive_multi_step",10,2,"small",9.99900009999e-05,2,5.29778533391381,2.16699138165893,1.62874795037606,10.875388108577
20,60,2,"inad_unconstrained",NA,"recursive_multi_step",10,2,"main",0.000999000999000999,2,5.482,2.12024729201754,1.70716357799361,12.124324
20,60,2,"inad_constrained_alpha",NA,"recursive_multi_step",10,2,"main",0.000999000999000999,2,5.491,2.30648537213056,1.76970501292374,12.187081
20,60,2,"nb_glm",NA,"recursive_multi_step",10,2,"main",0.000999000999000999,2,5.29778533391381,2.18137067313314,1.67469248512734,10.875388108577
20,60,2,"inad_unconstrained",NA,"recursive_multi_step",10,2,"large",0.0099009900990099,2,5.482,2.24686510296049,2.17419225422021,12.124324
20,60,2,"inad_constrained_alpha",NA,"recursive_multi_step",10,2,"large",0.0099009900990099,2,5.491,2.4123106772727,2.184025203392,12.187081
20,60,2,"nb_glm",NA,"recursive_multi_step",10,2,"large",0.0099009900990099,2,5.29778533391381,2.30380080833551,2.12290078741422,10.875388108577
20,29,1,"inad_unconstrained",NA,"recursive_multi_step",11,3,"small",9.99900009999e-05,4,3.428,2.2459696941509,0.8458982156164,0.327184
20,29,1,"inad_constrained_alpha",NA,"recursive_multi_step",11,3,"small",9.99900009999e-05,4,3.35,1.96699745864488,0.770898325886245,0.4225
20,29,1,"nb_glm",NA,"recursive_multi_step",11,3,"small",9.99900009999e-05,4,3.83793238860507,2.05442007807271,0.703544551635678,0.0262659106632567
20,29,1,"inad_unconstrained",NA,"recursive_multi_step",11,3,"main",0.000999000999000999,4,3.428,2.26057821163509,0.848484835319784,0.327184
20,29,1,"inad_constrained_alpha",NA,"recursive_multi_step",11,3,"main",0.000999000999000999,4,3.35,1.97486009047588,0.769941527988792,0.4225
20,29,1,"nb_glm",NA,"recursive_multi_step",11,3,"main",0.000999000999000999,4,3.83793238860507,2.0704945846693,0.71566774770549,0.0262659106632567
20,29,1,"inad_unconstrained",NA,"recursive_multi_step",11,3,"large",0.0099009900990099,4,3.428,2.38408555558956,1.01747859582119,0.327184
20,29,1,"inad_constrained_alpha",NA,"recursive_multi_step",11,3,"large",0.0099009900990099,4,3.35,2.04483368678845,0.784892792899408,0.4225
20,29,1,"nb_glm",NA,"recursive_multi_step",11,3,"large",0.0099009900990099,4,3.83793238860507,2.2073890576742,0.949654608374082,0.0262659106632567
20,60,2,"inad_unconstrained",NA,"recursive_multi_step",11,3,"small",9.99900009999e-05,1,5.387,2.45494207598253,2.35162409542423,19.245769
20,60,2,"inad_constrained_alpha",NA,"recursive_multi_step",11,3,"small",9.99900009999e-05,1,5.697,2.33510890255736,2.46680757854953,22.061809
20,60,2,"nb_glm",NA,"recursive_multi_step",11,3,"small",9.99900009999e-05,1,5.61787829636101,2.53617261438626,2.58142945528821,21.3247999600021
20,60,2,"inad_unconstrained",NA,"recursive_multi_step",11,3,"main",0.000999000999000999,1,5.387,2.46847430986347,2.41005256623018,19.245769
20,60,2,"inad_constrained_alpha",NA,"recursive_multi_step",11,3,"main",0.000999000999000999,1,5.697,2.35329716097756,2.54497211911187,22.061809
20,60,2,"nb_glm",NA,"recursive_multi_step",11,3,"main",0.000999000999000999,1,5.61787829636101,2.55232135254837,2.6530594914322,21.3247999600021
20,60,2,"inad_unconstrained",NA,"recursive_multi_step",11,3,"large",0.0099009900990099,1,5.387,2.58134871993858,2.97696712347412,19.245769
20,60,2,"inad_constrained_alpha",NA,"recursive_multi_step",11,3,"large",0.0099009900990099,1,5.697,2.50353360482137,3.31303392935032,22.061809
20,60,2,"nb_glm",NA,"recursive_multi_step",11,3,"large",0.0099009900990099,1,5.61787829636101,2.68439574824009,3.37772300207094,21.3247999600021
20,29,1,"inad_unconstrained",NA,"recursive_multi_step",12,4,"small",9.99900009999e-05,6,3.119,3.10176876816031,2.11006152616695,8.300161
20,29,1,"inad_constrained_alpha",NA,"recursive_multi_step",12,4,"small",9.99900009999e-05,6,2.385,3.35215079992956,2.77361530724615,13.068225
20,29,1,"nb_glm",NA,"recursive_multi_step",12,4,"small",9.99900009999e-05,6,3.71040656496655,2.62491608469109,1.61570202199505,5.24223809774825
20,29,1,"inad_unconstrained",NA,"recursive_multi_step",12,4,"main",0.000999000999000999,6,3.119,3.10769490205035,2.04640187177774,8.300161
20,29,1,"inad_constrained_alpha",NA,"recursive_multi_step",12,4,"main",0.000999000999000999,6,2.385,3.34990652155215,2.68475635929893,13.068225
20,29,1,"nb_glm",NA,"recursive_multi_step",12,4,"main",0.000999000999000999,6,3.71040656496655,2.63828228466541,1.57348063610778,5.24223809774825
20,29,1,"inad_unconstrained",NA,"recursive_multi_step",12,4,"large",0.0099009900990099,6,3.119,3.15463782965325,1.77771902775148,8.300161
20,29,1,"inad_constrained_alpha",NA,"recursive_multi_step",12,4,"large",0.0099009900990099,6,2.385,3.33236200289149,2.1665387492715,13.068225
20,29,1,"nb_glm",NA,"recursive_multi_step",12,4,"large",0.0099009900990099,6,3.71040656496655,2.74789360235752,1.45462354997131,5.24223809774825
20,60,2,"inad_unconstrained",NA,"recursive_multi_step",12,4,"small",9.99900009999e-05,0,5.482,2.21005912930931,2.93299066180479,30.052324
20,60,2,"inad_constrained_alpha",NA,"recursive_multi_step",12,4,"small",9.99900009999e-05,0,4.831,2.09785322291456,2.54145574112925,23.338561
20,60,2,"nb_glm",NA,"recursive_multi_step",12,4,"small",9.99900009999e-05,0,5.57069263399161,3.23418130038082,3.47435624347914,31.0326164224083
20,60,2,"inad_unconstrained",NA,"recursive_multi_step",12,4,"main",0.000999000999000999,0,5.482,2.23453036212992,3.05207781932611,30.052324
20,60,2,"inad_constrained_alpha",NA,"recursive_multi_step",12,4,"main",0.000999000999000999,0,4.831,2.11798093659551,2.62798448854392,23.338561
20,60,2,"nb_glm",NA,"recursive_multi_step",12,4,"main",0.000999000999000999,0,5.57069263399161,3.24430171186442,3.57124512454263,31.0326164224083
20,60,2,"inad_unconstrained",NA,"recursive_multi_step",12,4,"large",0.0099009900990099,0,5.482,2.4332221275922,4.25051749453896,30.052324
20,60,2,"inad_constrained_alpha",NA,"recursive_multi_step",12,4,"large",0.0099009900990099,0,4.831,2.28583226908087,3.48668235347796,23.338561
20,60,2,"nb_glm",NA,"recursive_multi_step",12,4,"large",0.0099009900990099,0,5.57069263399161,3.32117045891035,4.6178588416221,31.0326164224083
21,2,1,"inad_unconstrained",NA,"recursive_multi_step",9,1,"small",9.99900009999e-05,3,5.034,2.08856567500604,1.02756225601882,4.137156
21,2,1,"inad_constrained_alpha",NA,"recursive_multi_step",9,1,"small",9.99900009999e-05,3,5.111,1.93884640700123,1.08678240660948,4.456321
21,2,1,"nb_glm",NA,"recursive_multi_step",9,1,"small",9.99900009999e-05,3,5.25568053460161,2.07170055117637,1.08863690965288,5.08809467418062
21,2,1,"inad_unconstrained",NA,"recursive_multi_step",9,1,"main",0.000999000999000999,3,5.034,2.09825266068286,1.0488505124875,4.137156
21,2,1,"inad_constrained_alpha",NA,"recursive_multi_step",9,1,"main",0.000999000999000999,3,5.111,1.9468860429807,1.09993450700046,4.456321
21,2,1,"nb_glm",NA,"recursive_multi_step",9,1,"main",0.000999000999000999,3,5.25568053460161,2.08155522233364,1.11120038042993,5.08809467418062
21,2,1,"inad_unconstrained",NA,"recursive_multi_step",9,1,"large",0.0099009900990099,3,5.034,2.18302585793641,1.25285052722222,4.137156
21,2,1,"inad_constrained_alpha",NA,"recursive_multi_step",9,1,"large",0.0099009900990099,3,5.111,2.01849922272262,1.22215731689678,4.456321
21,2,1,"nb_glm",NA,"recursive_multi_step",9,1,"large",0.0099009900990099,3,5.25568053460161,2.16779955640429,1.32298045099282,5.08809467418062
21,37,2,"inad_unconstrained",NA,"recursive_multi_step",9,1,"small",9.99900009999e-05,0,4.421,2.64626444935327,2.59303096074701,19.545241
21,37,2,"inad_constrained_alpha",NA,"recursive_multi_step",9,1,"small",9.99900009999e-05,0,4.26,2.56494925770097,2.41500206043783,18.1476
21,37,2,"nb_glm",NA,"recursive_multi_step",9,1,"small",9.99900009999e-05,0,3.98234071007586,2.62526527872527,2.39658897439897,15.8590375311275
21,37,2,"inad_unconstrained",NA,"recursive_multi_step",9,1,"main",0.000999000999000999,0,4.421,2.65674546568955,2.64712240118078,19.545241
21,37,2,"inad_constrained_alpha",NA,"recursive_multi_step",9,1,"main",0.000999000999000999,0,4.26,2.57377628636391,2.46031039617538,18.1476
21,37,2,"nb_glm",NA,"recursive_multi_step",9,1,"main",0.000999000999000999,0,3.98234071007586,2.63600600516751,2.44628227301412,15.8590375311275
21,37,2,"inad_unconstrained",NA,"recursive_multi_step",9,1,"large",0.0099009900990099,0,4.421,2.74359578605602,3.19377382819766,19.545241
21,37,2,"inad_constrained_alpha",NA,"recursive_multi_step",9,1,"large",0.0099009900990099,0,4.26,2.64814690199506,2.90365959807492,18.1476
21,37,2,"nb_glm",NA,"recursive_multi_step",9,1,"large",0.0099009900990099,0,3.98234071007586,2.72511890430201,2.97274235596756,15.8590375311275
21,2,1,"inad_unconstrained",NA,"recursive_multi_step",10,2,"small",9.99900009999e-05,2,5.328,2.1387202712913,1.62300152348536,11.075584
21,2,1,"inad_constrained_alpha",NA,"recursive_multi_step",10,2,"small",9.99900009999e-05,2,4.678,2.0190515139033,1.29907566121675,7.171684
21,2,1,"nb_glm",NA,"recursive_multi_step",10,2,"small",9.99900009999e-05,2,5.35669170684788,2.18626559248686,1.67352693005877,11.2673792148213
21,2,1,"inad_unconstrained",NA,"recursive_multi_step",10,2,"main",0.000999000999000999,2,5.328,2.15330842728772,1.6700867938264,11.075584
21,2,1,"inad_constrained_alpha",NA,"recursive_multi_step",10,2,"main",0.000999000999000999,2,4.678,2.03361604654764,1.33989347157359,7.171684
21,2,1,"nb_glm",NA,"recursive_multi_step",10,2,"main",0.000999000999000999,2,5.35669170684788,2.20049318682603,1.71916518722516,11.2673792148213
21,2,1,"inad_unconstrained",NA,"recursive_multi_step",10,2,"large",0.0099009900990099,2,5.328,2.2776602193412,2.12567809133283,11.075584
21,2,1,"inad_constrained_alpha",NA,"recursive_multi_step",10,2,"large",0.0099009900990099,2,4.678,2.15879648591687,1.749956414208,7.171684
21,2,1,"nb_glm",NA,"recursive_multi_step",10,2,"large",0.0099009900990099,2,5.35669170684788,2.32154124287556,2.16385196274381,11.2673792148213
21,37,2,"inad_unconstrained",NA,"recursive_multi_step",10,2,"small",9.99900009999e-05,7,6.206,2.64706197705979,1.27235166763834,0.630435999999999
21,37,2,"inad_constrained_alpha",NA,"recursive_multi_step",10,2,"small",9.99900009999e-05,7,5.374,2.45494207598253,1.36677692191226,2.643876
21,37,2,"nb_glm",NA,"recursive_multi_step",10,2,"small",9.99900009999e-05,7,5.80902576390632,2.52694313836707,1.23894382951704,1.41841963103893
21,37,2,"inad_unconstrained",NA,"recursive_multi_step",10,2,"main",0.000999000999000999,7,6.206,2.66450496146046,1.2796191556153,0.630435999999999
21,37,2,"inad_constrained_alpha",NA,"recursive_multi_step",10,2,"main",0.000999000999000999,7,5.374,2.46847430986347,1.3525753120827,2.643876
21,37,2,"nb_glm",NA,"recursive_multi_step",10,2,"main",0.000999000999000999,7,5.80902576390632,2.54580097855629,1.2361379932839,1.41841963103893
21,37,2,"inad_unconstrained",NA,"recursive_multi_step",10,2,"large",0.0099009900990099,7,6.206,2.80468347803586,1.55759762820302,0.630435999999999
21,37,2,"inad_constrained_alpha",NA,"recursive_multi_step",10,2,"large",0.0099009900990099,7,5.374,2.58134871993858,1.35276497827148,2.643876
21,37,2,"nb_glm",NA,"recursive_multi_step",10,2,"large",0.0099009900990099,7,5.80902576390632,2.69837606222068,1.46037209839635,1.41841963103893
21,2,1,"inad_unconstrained",NA,"recursive_multi_step",11,3,"small",9.99900009999e-05,7,4.023,3.12339331180721,2.14084645161034,8.862529
21,2,1,"inad_constrained_alpha",NA,"recursive_multi_step",11,3,"small",9.99900009999e-05,7,3.911,3.0369699405968,2.18505852086853,9.541921
21,2,1,"nb_glm",NA,"recursive_multi_step",11,3,"small",9.99900009999e-05,7,4.41864729890945,2.73666753584875,1.81577240678842,6.66338176742746
21,2,1,"inad_unconstrained",NA,"recursive_multi_step",11,3,"main",0.000999000999000999,7,4.023,3.12187698092887,2.10136787104925,8.862529
21,2,1,"inad_constrained_alpha",NA,"recursive_multi_step",11,3,"main",0.000999000999000999,7,3.911,3.04062361527033,2.13242046675805,9.541921
21,2,1,"nb_glm",NA,"recursive_multi_step",11,3,"main",0.000999000999000999,7,4.41864729890945,2.7450927951745,1.77813235532842,6.66338176742746
21,2,1,"inad_unconstrained",NA,"recursive_multi_step",11,3,"large",0.0099009900990099,7,4.023,3.10950695994404,1.83425184258264,8.862529
21,2,1,"inad_constrained_alpha",NA,"recursive_multi_step",11,3,"large",0.0099009900990099,7,3.911,3.070182184504,1.82903881739733,9.541921
21,2,1,"nb_glm",NA,"recursive_multi_step",11,3,"large",0.0099009900990099,7,4.41864729890945,2.81478910989961,1.58308133435579,6.66338176742746
21,37,2,"inad_unconstrained",NA,"recursive_multi_step",11,3,"small",9.99900009999e-05,3,5.53,2.19962180193595,1.21992911151242,6.4009
21,37,2,"inad_constrained_alpha",NA,"recursive_multi_step",11,3,"small",9.99900009999e-05,3,5.505,2.13078709648252,1.1951951541644,6.275025
21,37,2,"nb_glm",NA,"recursive_multi_step",11,3,"small",9.99900009999e-05,3,5.68783631952901,2.15156056956355,1.30169680394583,7.22446408057927
21,37,2,"inad_unconstrained",NA,"recursive_multi_step",11,3,"main",0.000999000999000999,3,5.53,2.21198235366283,1.25581451028442,6.4009
21,37,2,"inad_constrained_alpha",NA,"recursive_multi_step",11,3,"main",0.000999000999000999,3,5.505,2.14980156594481,1.25573922708829,6.275025
21,37,2,"nb_glm",NA,"recursive_multi_step",11,3,"main",0.000999000999000999,3,5.68783631952901,2.17042004139795,1.36023843737467,7.22446408057927
21,37,2,"inad_unconstrained",NA,"recursive_multi_step",11,3,"large",0.0099009900990099,3,5.53,2.31794438075415,1.59797288865765,6.4009
21,37,2,"inad_constrained_alpha",NA,"recursive_multi_step",11,3,"large",0.0099009900990099,3,5.505,2.30878749428589,1.87795918448808,6.275025
21,37,2,"nb_glm",NA,"recursive_multi_step",11,3,"large",0.0099009900990099,3,5.68783631952901,2.32798430467848,1.96575298740262,7.22446408057927
21,2,1,"inad_unconstrained",NA,"recursive_multi_step",12,4,"small",9.99900009999e-05,4,3.468,2.33411159520433,0.963365484274787,0.283024
21,2,1,"inad_constrained_alpha",NA,"recursive_multi_step",12,4,"small",9.99900009999e-05,4,2.79,2.29364305493961,1.11018328218407,1.4641
21,2,1,"nb_glm",NA,"recursive_multi_step",12,4,"small",9.99900009999e-05,4,4.03841771611838,2.04037217109316,0.687709442347942,0.00147592091175227
21,2,1,"inad_unconstrained",NA,"recursive_multi_step",12,4,"main",0.000999000999000999,4,3.468,2.3435599856997,0.963550746066,0.283024
21,2,1,"inad_constrained_alpha",NA,"recursive_multi_step",12,4,"main",0.000999000999000999,4,2.79,2.30257529872272,1.09733908370066,1.4641
21,2,1,"nb_glm",NA,"recursive_multi_step",12,4,"main",0.000999000999000999,4,4.03841771611838,2.05216171887125,0.698193929958223,0.00147592091175227
21,2,1,"inad_unconstrained",NA,"recursive_multi_step",12,4,"large",0.0099009900990099,4,3.468,2.42475272696825,1.03065441104542,0.283024
21,2,1,"inad_constrained_alpha",NA,"recursive_multi_step",12,4,"large",0.0099009900990099,4,2.79,2.37978748556714,1.0588906599276,1.4641
21,2,1,"nb_glm",NA,"recursive_multi_step",12,4,"large",0.0099009900990099,4,4.03841771611838,2.15465573773685,0.842513302306028,0.00147592091175227
21,37,2,"inad_unconstrained",NA,"recursive_multi_step",12,4,"small",9.99900009999e-05,1,5.749,2.32516190859135,2.3297466901195,22.553001
21,37,2,"inad_constrained_alpha",NA,"recursive_multi_step",12,4,"small",9.99900009999e-05,1,4.912,2.00503434609551,1.70981651688088,15.303744
21,37,2,"nb_glm",NA,"recursive_multi_step",12,4,"small",9.99900009999e-05,1,5.64249164094983,2.56699064882638,2.61934002076564,21.5527286362891
21,37,2,"inad_unconstrained",NA,"recursive_multi_step",12,4,"main",0.000999000999000999,1,5.749,2.34604744620189,2.42975426519079,22.553001
21,37,2,"inad_constrained_alpha",NA,"recursive_multi_step",12,4,"main",0.000999000999000999,1,4.912,2.0275430146218,1.80428411518992,15.303744
21,37,2,"nb_glm",NA,"recursive_multi_step",12,4,"main",0.000999000999000999,1,5.64249164094983,2.58539532845663,2.70230967362732,21.5527286362891
21,37,2,"inad_unconstrained",NA,"recursive_multi_step",12,4,"large",0.0099009900990099,1,5.749,2.51669549227752,3.40936573547325,22.553001
21,37,2,"inad_constrained_alpha",NA,"recursive_multi_step",12,4,"large",0.0099009900990099,1,4.912,2.21442387980706,2.7581621441301,15.303744
21,37,2,"nb_glm",NA,"recursive_multi_step",12,4,"large",0.0099009900990099,1,5.64249164094983,2.73398124867005,3.57146902849576,21.5527286362891
22,3,1,"inad_unconstrained",NA,"recursive_multi_step",9,1,"small",9.99900009999e-05,6,2.134,3.53861601004825,2.97963729763308,14.945956
22,3,1,"inad_constrained_alpha",NA,"recursive_multi_step",9,1,"small",9.99900009999e-05,6,2.081,3.47254558439007,3.03030162393745,15.358561
22,3,1,"nb_glm",NA,"recursive_multi_step",9,1,"small",9.99900009999e-05,6,1.6518214147673,4.23597652965746,3.54774130525607,18.9066570090762
22,3,1,"inad_unconstrained",NA,"recursive_multi_step",9,1,"main",0.000999000999000999,6,2.134,3.52244881464108,2.92664940232566,14.945956
22,3,1,"inad_constrained_alpha",NA,"recursive_multi_step",9,1,"main",0.000999000999000999,6,2.081,3.46183363430039,2.95646637921475,15.358561
22,3,1,"nb_glm",NA,"recursive_multi_step",9,1,"main",0.000999000999000999,6,1.6518214147673,4.19358539901095,3.45565052088279,18.9066570090762
22,3,1,"inad_unconstrained",NA,"recursive_multi_step",9,1,"large",0.0099009900990099,6,2.134,3.39378899422143,2.51013778084593,14.945956
22,3,1,"inad_constrained_alpha",NA,"recursive_multi_step",9,1,"large",0.0099009900990099,6,2.081,3.37727103718211,2.42845787958473,15.358561
22,3,1,"nb_glm",NA,"recursive_multi_step",9,1,"large",0.0099009900990099,6,1.6518214147673,3.89812979665439,2.7890524372854,18.9066570090762
22,65,2,"inad_unconstrained",NA,"recursive_multi_step",9,1,"small",9.99900009999e-05,6,6.474,2.5151673370492,0.897769385181733,0.224676
22,65,2,"inad_constrained_alpha",NA,"recursive_multi_step",9,1,"small",9.99900009999e-05,6,6.685,2.27455261578967,0.863538267959111,0.469224999999999
22,65,2,"nb_glm",NA,"recursive_multi_step",9,1,"small",9.99900009999e-05,6,6.72616556411059,2.37824165120757,0.995466452835858,0.527316426500056
22,65,2,"inad_unconstrained",NA,"recursive_multi_step",9,1,"main",0.000999000999000999,6,6.474,2.5315473814574,0.928574868303437,0.224676
22,65,2,"inad_constrained_alpha",NA,"recursive_multi_step",9,1,"main",0.000999000999000999,6,6.685,2.28804223208123,0.88566216491969,0.469224999999999
22,65,2,"nb_glm",NA,"recursive_multi_step",9,1,"main",0.000999000999000999,6,6.72616556411059,2.39603311485906,1.0303686567043,0.527316426500056
22,65,2,"inad_unconstrained",NA,"recursive_multi_step",9,1,"large",0.0099009900990099,6,6.474,2.66566579142481,1.31762790059688,0.224676
22,65,2,"inad_constrained_alpha",NA,"recursive_multi_step",9,1,"large",0.0099009900990099,6,6.685,2.40240542827626,1.11943064493575,0.469224999999999
22,65,2,"nb_glm",NA,"recursive_multi_step",9,1,"large",0.0099009900990099,6,6.72616556411059,2.54269208438313,1.43841542900018,0.527316426500056
22,3,1,"inad_unconstrained",NA,"recursive_multi_step",10,2,"small",9.99900009999e-05,5,3.219,2.53953916146508,1.38803333403079,3.171961
22,3,1,"inad_constrained_alpha",NA,"recursive_multi_step",10,2,"small",9.99900009999e-05,5,3.897,2.36549492719326,1.05753034448136,1.216609
22,3,1,"nb_glm",NA,"recursive_multi_step",10,2,"small",9.99900009999e-05,5,3.36664552355655,2.37674886921097,1.20725929894076,2.66784684571785
22,3,1,"inad_unconstrained",NA,"recursive_multi_step",10,2,"main",0.000999000999000999,5,3.219,2.55040937831421,1.36141650926686,3.171961
22,3,1,"inad_constrained_alpha",NA,"recursive_multi_step",10,2,"main",0.000999000999000999,5,3.897,2.37465089468531,1.05078635421414,1.216609
22,3,1,"nb_glm",NA,"recursive_multi_step",10,2,"main",0.000999000999000999,5,3.36664552355655,2.38930884362011,1.18545539717575,2.66784684571785
22,3,1,"inad_unconstrained",NA,"recursive_multi_step",10,2,"large",0.0099009900990099,5,3.219,2.64139338941281,1.28507301014109,3.171961
22,3,1,"inad_constrained_alpha",NA,"recursive_multi_step",10,2,"large",0.0099009900990099,5,3.897,2.45321737946874,1.05455343959957,1.216609
22,3,1,"nb_glm",NA,"recursive_multi_step",10,2,"large",0.0099009900990099,5,3.36664552355655,2.49530474138254,1.14605370408162,2.66784684571785
22,65,2,"inad_unconstrained",NA,"recursive_multi_step",10,2,"small",9.99900009999e-05,1,7.859,3.12429093317103,4.1767698342272,47.045881
22,65,2,"inad_constrained_alpha",NA,"recursive_multi_step",10,2,"small",9.99900009999e-05,1,7.37,3.14712802784729,3.90910637754477,40.5769
22,65,2,"nb_glm",NA,"recursive_multi_step",10,2,"small",9.99900009999e-05,1,7.73928793002439,3.14507319335489,4.01736861221652,45.4180018037725
22,65,2,"inad_unconstrained",NA,"recursive_multi_step",10,2,"main",0.000999000999000999,1,7.859,3.13064469418218,4.23960622990966,47.045881
22,65,2,"inad_constrained_alpha",NA,"recursive_multi_step",10,2,"main",0.000999000999000999,1,7.37,3.15214765179825,3.96622526604204,40.5769
22,65,2,"nb_glm",NA,"recursive_multi_step",10,2,"main",0.000999000999000999,1,7.73928793002439,3.15101813966699,4.08234990046285,45.4180018037725
22,65,2,"inad_unconstrained",NA,"recursive_multi_step",10,2,"large",0.0099009900990099,1,7.859,3.18068323841193,4.81391736792728,47.045881
22,65,2,"inad_constrained_alpha",NA,"recursive_multi_step",10,2,"large",0.0099009900990099,1,7.37,3.19174715747995,4.49895180733728,40.5769
22,65,2,"nb_glm",NA,"recursive_multi_step",10,2,"large",0.0099009900990099,1,7.73928793002439,3.19773093077538,4.67697712005653,45.4180018037725
22,3,1,"inad_unconstrained",NA,"recursive_multi_step",11,3,"small",9.99900009999e-05,3,3.2,2.13792202738541,0.65694433501524,0.0400000000000001
22,3,1,"inad_constrained_alpha",NA,"recursive_multi_step",11,3,"small",9.99900009999e-05,3,3.775,1.87205160920485,0.651551907539522,0.600625
22,3,1,"nb_glm",NA,"recursive_multi_step",11,3,"small",9.99900009999e-05,3,3.60080064008596,1.85829293265923,0.594174676125096,0.360961409127703
22,3,1,"inad_unconstrained",NA,"recursive_multi_step",11,3,"main",0.000999000999000999,3,3.2,2.14548059866747,0.664894975021325,0.0400000000000001
22,3,1,"inad_constrained_alpha",NA,"recursive_multi_step",11,3,"main",0.000999000999000999,3,3.775,1.88313973421449,0.668200672559592,0.600625
22,3,1,"nb_glm",NA,"recursive_multi_step",11,3,"main",0.000999000999000999,3,3.60080064008596,1.86946418529275,0.609006283804774,0.360961409127703
22,3,1,"inad_unconstrained",NA,"recursive_multi_step",11,3,"large",0.0099009900990099,3,3.2,2.21206293685538,0.763731032318299,0.0400000000000001
22,3,1,"inad_constrained_alpha",NA,"recursive_multi_step",11,3,"large",0.0099009900990099,3,3.775,1.98086397831884,0.848025967430555,0.600625
22,3,1,"nb_glm",NA,"recursive_multi_step",11,3,"large",0.0099009900990099,3,3.60080064008596,1.9679569828734,0.777383558155072,0.360961409127703
22,65,2,"inad_unconstrained",NA,"recursive_multi_step",11,3,"small",9.99900009999e-05,2,6.302,2.4211906286767,2.15882553788153,18.507204
22,65,2,"inad_constrained_alpha",NA,"recursive_multi_step",11,3,"small",9.99900009999e-05,2,6.512,2.40993012124073,2.35587195450269,20.358144
22,65,2,"nb_glm",NA,"recursive_multi_step",11,3,"small",9.99900009999e-05,2,6.69249129106958,2.50014514921209,2.48027332774343,22.0194745167639
22,65,2,"inad_unconstrained",NA,"recursive_multi_step",11,3,"main",0.000999000999000999,2,6.302,2.439424398529,2.2372891259923,18.507204
22,65,2,"inad_constrained_alpha",NA,"recursive_multi_step",11,3,"main",0.000999000999000999,2,6.512,2.42740591728479,2.42679915009615,20.358144
22,65,2,"nb_glm",NA,"recursive_multi_step",11,3,"main",0.000999000999000999,2,6.69249129106958,2.51756359071809,2.55562415120903,22.0194745167639
22,65,2,"inad_unconstrained",NA,"recursive_multi_step",11,3,"large",0.0099009900990099,2,6.302,2.58886464067174,3.00363940109673,18.507204
22,65,2,"inad_constrained_alpha",NA,"recursive_multi_step",11,3,"large",0.0099009900990099,2,6.512,2.57125708822085,3.11569102571166,20.358144
22,65,2,"nb_glm",NA,"recursive_multi_step",11,3,"large",0.0099009900990099,2,6.69249129106958,2.65974915746782,3.28775706448316,22.0194745167639
22,3,1,"inad_unconstrained",NA,"recursive_multi_step",12,4,"small",9.99900009999e-05,5,2.939,2.86474953971677,1.62512940012185,4.247721
22,3,1,"inad_constrained_alpha",NA,"recursive_multi_step",12,4,"small",9.99900009999e-05,5,2.488,3.10077126184319,1.87224787188673,6.310144
22,3,1,"nb_glm",NA,"recursive_multi_step",12,4,"small",9.99900009999e-05,5,3.62422263988369,2.32186952994827,1.09501758590991,1.89276334460861
22,3,1,"inad_unconstrained",NA,"recursive_multi_step",12,4,"main",0.000999000999000999,5,2.939,2.86515174664671,1.60085543076541,4.247721
22,3,1,"inad_constrained_alpha",NA,"recursive_multi_step",12,4,"main",0.000999000999000999,5,2.488,3.09793872710499,1.8349412423837,6.310144
22,3,1,"nb_glm",NA,"recursive_multi_step",12,4,"main",0.000999000999000999,5,3.62422263988369,2.32967129528019,1.08407274412861,1.89276334460861
22,3,1,"inad_unconstrained",NA,"recursive_multi_step",12,4,"large",0.0099009900990099,5,2.939,2.86854448854149,1.43879633818233,4.247721
22,3,1,"inad_constrained_alpha",NA,"recursive_multi_step",12,4,"large",0.0099009900990099,5,2.488,3.07459512197972,1.58533276222222,6.310144
22,3,1,"nb_glm",NA,"recursive_multi_step",12,4,"large",0.0099009900990099,5,3.62422263988369,2.39730338789434,1.03686579598234,1.89276334460861
22,65,2,"inad_unconstrained",NA,"recursive_multi_step",12,4,"small",9.99900009999e-05,0,6.19,2.49090526939475,3.39352298617415,38.3161
22,65,2,"inad_constrained_alpha",NA,"recursive_multi_step",12,4,"small",9.99900009999e-05,0,5.195,2.38857324752602,2.73991766726881,26.988025
22,65,2,"nb_glm",NA,"recursive_multi_step",12,4,"small",9.99900009999e-05,0,6.08414718684122,3.44953594522839,3.8446830165875,37.0168469911479
22,65,2,"inad_unconstrained",NA,"recursive_multi_step",12,4,"main",0.000999000999000999,0,6.19,2.508418062883,3.4897206688683,38.3161
22,65,2,"inad_constrained_alpha",NA,"recursive_multi_step",12,4,"main",0.000999000999000999,0,5.195,2.41146281224342,2.8573526690176,26.988025
22,65,2,"nb_glm",NA,"recursive_multi_step",12,4,"main",0.000999000999000999,0,6.08414718684122,3.45432813333142,3.9427786171821,37.0168469911479
22,65,2,"inad_unconstrained",NA,"recursive_multi_step",12,4,"large",0.0099009900990099,0,6.19,2.65144958691384,4.38684375725027,38.3161
22,65,2,"inad_constrained_alpha",NA,"recursive_multi_step",12,4,"large",0.0099009900990099,0,5.195,2.59588679073771,4.05942283748162,26.988025
22,65,2,"nb_glm",NA,"recursive_multi_step",12,4,"large",0.0099009900990099,0,6.08414718684122,3.48989463598884,4.97207418371916,37.0168469911479
23,18,1,"inad_unconstrained",NA,"recursive_multi_step",9,1,"small",9.99900009999e-05,5,3.976,2.13822144352618,0.929386100744369,1.048576
23,18,1,"inad_constrained_alpha",NA,"recursive_multi_step",9,1,"small",9.99900009999e-05,5,4.076,2.2085636901193,0.923299177628639,0.853776000000001
23,18,1,"nb_glm",NA,"recursive_multi_step",9,1,"small",9.99900009999e-05,5,4.25057051453369,2.25363750980412,0.915436187175911,0.561644553686294
23,18,1,"inad_unconstrained",NA,"recursive_multi_step",9,1,"main",0.000999000999000999,5,3.976,2.14842321972167,0.924510582392673,1.048576
23,18,1,"inad_constrained_alpha",NA,"recursive_multi_step",9,1,"main",0.000999000999000999,5,4.076,2.21997406435571,0.919610183605041,0.853776000000001
23,18,1,"nb_glm",NA,"recursive_multi_step",9,1,"main",0.000999000999000999,5,4.25057051453369,2.26467814689782,0.915072035051864,0.561644553686294
23,18,1,"inad_unconstrained",NA,"recursive_multi_step",9,1,"large",0.0099009900990099,5,3.976,2.23716885798646,0.933303737449628,1.048576
23,18,1,"inad_constrained_alpha",NA,"recursive_multi_step",9,1,"large",0.0099009900990099,5,4.076,2.31815279780742,0.959931088505519,0.853776000000001
23,18,1,"nb_glm",NA,"recursive_multi_step",9,1,"large",0.0099009900990099,5,4.25057051453369,2.35949543571219,0.977854411938601,0.561644553686294
23,57,2,"inad_unconstrained",NA,"recursive_multi_step",9,1,"small",9.99900009999e-05,2,4.759,1.98237365751836,1.23746952025656,7.612081
23,57,2,"inad_constrained_alpha",NA,"recursive_multi_step",9,1,"small",9.99900009999e-05,2,4.785,2.00433647457524,1.27054928590179,7.756225
23,57,2,"nb_glm",NA,"recursive_multi_step",9,1,"small",9.99900009999e-05,2,4.65579027983771,2.01682750657967,1.27811652525611,7.05322201048046
23,57,2,"inad_unconstrained",NA,"recursive_multi_step",9,1,"main",0.000999000999000999,2,4.759,1.99893096354816,1.28823511240802,7.612081
23,57,2,"inad_constrained_alpha",NA,"recursive_multi_step",9,1,"main",0.000999000999000999,2,4.785,2.02075016948198,1.32095213556752,7.756225
23,57,2,"nb_glm",NA,"recursive_multi_step",9,1,"main",0.000999000999000999,2,4.65579027983771,2.03316001214549,1.32516314949679,7.05322201048046
23,57,2,"inad_unconstrained",NA,"recursive_multi_step",9,1,"large",0.0099009900990099,2,4.759,2.14027878452372,1.79864262353525,7.612081
23,57,2,"inad_constrained_alpha",NA,"recursive_multi_step",9,1,"large",0.0099009900990099,2,4.785,2.16077116631474,1.82785566340133,7.756225
23,57,2,"nb_glm",NA,"recursive_multi_step",9,1,"large",0.0099009900990099,2,4.65579027983771,2.1724281937612,1.81080279629322,7.05322201048046
23,18,1,"inad_unconstrained",NA,"recursive_multi_step",10,2,"small",9.99900009999e-05,5,4.508,2.36559470269846,0.975642732713283,0.242064
23,18,1,"inad_constrained_alpha",NA,"recursive_multi_step",10,2,"small",9.99900009999e-05,5,3.875,2.39759578675749,1.03016738565954,1.265625
23,18,1,"nb_glm",NA,"recursive_multi_step",10,2,"small",9.99900009999e-05,5,4.89085892266264,2.22746094803934,0.837399553602186,0.0119117747623597
23,18,1,"inad_unconstrained",NA,"recursive_multi_step",10,2,"main",0.000999000999000999,5,4.508,2.37562888987328,0.978814889393414,0.242064
23,18,1,"inad_constrained_alpha",NA,"recursive_multi_step",10,2,"main",0.000999000999000999,5,3.875,2.40379981460607,1.02386386327202,1.265625
23,18,1,"nb_glm",NA,"recursive_multi_step",10,2,"main",0.000999000999000999,5,4.89085892266264,2.23872801442931,0.846678899179635,0.0119117747623597
23,18,1,"inad_unconstrained",NA,"recursive_multi_step",10,2,"large",0.0099009900990099,5,4.508,2.4613806901079,1.0634608884923,0.242064
23,18,1,"inad_constrained_alpha",NA,"recursive_multi_step",10,2,"large",0.0099009900990099,5,3.875,2.45761851526497,1.00219893588023,1.265625
23,18,1,"nb_glm",NA,"recursive_multi_step",10,2,"large",0.0099009900990099,5,4.89085892266264,2.33558650063263,0.976131205651925,0.0119117747623597
23,57,2,"inad_unconstrained",NA,"recursive_multi_step",10,2,"small",9.99900009999e-05,5,6.178,2.49070590735262,1.02952072287592,1.387684
23,57,2,"inad_constrained_alpha",NA,"recursive_multi_step",10,2,"small",9.99900009999e-05,5,5.783,2.44429168676005,0.902606934552507,0.613089000000001
23,57,2,"nb_glm",NA,"recursive_multi_step",10,2,"small",9.99900009999e-05,5,6.33972042677263,2.28319648922251,0.984272373334281,1.79485082191184
23,57,2,"inad_unconstrained",NA,"recursive_multi_step",10,2,"main",0.000999000999000999,5,6.178,2.50648007778032,1.06963574880922,1.387684
23,57,2,"inad_constrained_alpha",NA,"recursive_multi_step",10,2,"main",0.000999000999000999,5,5.783,2.46576224576675,0.950585726120987,0.613089000000001
23,57,2,"nb_glm",NA,"recursive_multi_step",10,2,"main",0.000999000999000999,5,6.33972042677263,2.30618938176083,1.0435433013692,1.79485082191184
23,57,2,"inad_unconstrained",NA,"recursive_multi_step",10,2,"large",0.0099009900990099,5,6.178,2.63629778189324,1.51422662956704,1.387684
23,57,2,"inad_constrained_alpha",NA,"recursive_multi_step",10,2,"large",0.0099009900990099,5,5.783,2.63892595138444,1.60320040028771,0.613089000000001
23,57,2,"nb_glm",NA,"recursive_multi_step",10,2,"large",0.0099009900990099,5,6.33972042677263,2.49300296043182,1.75167521790069,1.79485082191184
23,18,1,"inad_unconstrained",NA,"recursive_multi_step",11,3,"small",9.99900009999e-05,5,3.704,2.34396462868901,1.10655527943963,1.679616
23,18,1,"inad_constrained_alpha",NA,"recursive_multi_step",11,3,"small",9.99900009999e-05,5,3.652,2.60423788928172,1.1539584595603,1.817104
23,18,1,"nb_glm",NA,"recursive_multi_step",11,3,"small",9.99900009999e-05,5,4.26134344465111,2.25148784428794,0.913203831890526,0.545613506759892
23,18,1,"inad_unconstrained",NA,"recursive_multi_step",11,3,"main",0.000999000999000999,5,3.704,2.3489122162445,1.09891574738589,1.679616
23,18,1,"inad_constrained_alpha",NA,"recursive_multi_step",11,3,"main",0.000999000999000999,5,3.652,2.60908361251095,1.14327435528451,1.817104
23,18,1,"nb_glm",NA,"recursive_multi_step",11,3,"main",0.000999000999000999,5,4.26134344465111,2.25991445388373,0.912269385775564,0.545613506759892
23,18,1,"inad_unconstrained",NA,"recursive_multi_step",11,3,"large",0.0099009900990099,5,3.704,2.39230409499811,1.05268047687925,1.679616
23,18,1,"inad_constrained_alpha",NA,"recursive_multi_step",11,3,"large",0.0099009900990099,5,3.652,2.65048909057768,1.09655491930556,1.817104
23,18,1,"nb_glm",NA,"recursive_multi_step",11,3,"large",0.0099009900990099,5,4.26134344465111,2.33317812967823,0.939435133802917,0.545613506759892
23,57,2,"inad_unconstrained",NA,"recursive_multi_step",11,3,"small",9.99900009999e-05,4,5.406,2.14762260774649,0.914164586057322,1.976836
23,57,2,"inad_constrained_alpha",NA,"recursive_multi_step",11,3,"small",9.99900009999e-05,4,5.867,2.20966056413863,1.06475699305903,3.485689
23,57,2,"nb_glm",NA,"recursive_multi_step",11,3,"small",9.99900009999e-05,4,5.99814882123191,2.19793556598087,1.07047682855817,3.99259871179045
23,57,2,"inad_unconstrained",NA,"recursive_multi_step",11,3,"main",0.000999000999000999,4,5.406,2.16563842257093,0.957356219713451,1.976836
23,57,2,"inad_constrained_alpha",NA,"recursive_multi_step",11,3,"main",0.000999000999000999,4,5.867,2.23066935347246,1.12498560945924,3.485689
23,57,2,"nb_glm",NA,"recursive_multi_step",11,3,"main",0.000999000999000999,4,5.99814882123191,2.21904048098639,1.13148268125873,3.99259871179045
23,57,2,"inad_unconstrained",NA,"recursive_multi_step",11,3,"large",0.0099009900990099,4,5.406,2.3167620357079,1.43424049076923,1.976836
23,57,2,"inad_constrained_alpha",NA,"recursive_multi_step",11,3,"large",0.0099009900990099,4,5.867,2.40380824238591,1.78915703202272,3.485689
23,57,2,"nb_glm",NA,"recursive_multi_step",11,3,"large",0.0099009900990099,4,5.99814882123191,2.39304999433576,1.79973101185584,3.99259871179045
23,18,1,"inad_unconstrained",NA,"recursive_multi_step",12,4,"small",9.99900009999e-05,4,3.278,2.24527133526583,0.958659522801343,0.521284
23,18,1,"inad_constrained_alpha",NA,"recursive_multi_step",12,4,"small",9.99900009999e-05,4,2.637,2.40883302842636,1.18412585499483,1.857769
23,18,1,"nb_glm",NA,"recursive_multi_step",12,4,"small",9.99900009999e-05,4,3.94119905363518,2.05378841961628,0.69884220195468,0.00345755129339865
23,18,1,"inad_unconstrained",NA,"recursive_multi_step",12,4,"main",0.000999000999000999,4,3.278,2.25373890798485,0.955761631164937,0.521284
23,18,1,"inad_constrained_alpha",NA,"recursive_multi_step",12,4,"main",0.000999000999000999,4,2.637,2.41668978940795,1.16789925193176,1.857769
23,18,1,"nb_glm",NA,"recursive_multi_step",12,4,"main",0.000999000999000999,4,3.94119905363518,2.06460714716099,0.707033742477244,0.00345755129339865
23,18,1,"inad_unconstrained",NA,"recursive_multi_step",12,4,"large",0.0099009900990099,4,3.278,2.32739021191302,0.978619851666667,0.521284
23,18,1,"inad_constrained_alpha",NA,"recursive_multi_step",12,4,"large",0.0099009900990099,4,2.637,2.48424571123122,1.10430603667782,1.857769
23,18,1,"nb_glm",NA,"recursive_multi_step",12,4,"large",0.0099009900990099,4,3.94119905363518,2.15900371140949,0.823824074243444,0.00345755129339865
23,57,2,"inad_unconstrained",NA,"recursive_multi_step",12,4,"small",9.99900009999e-05,2,5.529,2.24806184933495,1.55623038121465,12.453841
23,57,2,"inad_constrained_alpha",NA,"recursive_multi_step",12,4,"small",9.99900009999e-05,2,4.834,1.99736065269973,1.19605189928927,8.031556
23,57,2,"nb_glm",NA,"recursive_multi_step",12,4,"small",9.99900009999e-05,2,5.75662945058747,2.27621866095824,1.90373125953136,14.1122648290211
23,57,2,"inad_unconstrained",NA,"recursive_multi_step",12,4,"main",0.000999000999000999,2,5.529,2.28081986658752,1.70873612426887,12.453841
23,57,2,"inad_constrained_alpha",NA,"recursive_multi_step",12,4,"main",0.000999000999000999,2,4.834,2.01731134986043,1.26618662054581,8.031556
23,57,2,"nb_glm",NA,"recursive_multi_step",12,4,"main",0.000999000999000999,2,5.75662945058747,2.30873677714741,2.0406867613886,14.1122648290211
23,57,2,"inad_unconstrained",NA,"recursive_multi_step",12,4,"large",0.0099009900990099,2,5.529,2.53711074289509,3.45885673981921,12.453841
23,57,2,"inad_constrained_alpha",NA,"recursive_multi_step",12,4,"large",0.0099009900990099,2,4.834,2.1849038436882,1.98205027457607,8.031556
23,57,2,"nb_glm",NA,"recursive_multi_step",12,4,"large",0.0099009900990099,2,5.75662945058747,2.56285563894251,3.68862703498029,14.1122648290211
24,8,1,"inad_unconstrained",NA,"recursive_multi_step",9,1,"small",9.99900009999e-05,8,4.821,3.1010706182292,2.23163849022082,10.106041
24,8,1,"inad_constrained_alpha",NA,"recursive_multi_step",9,1,"small",9.99900009999e-05,8,5.04,2.81344399075475,2.00721936811968,8.7616
24,8,1,"nb_glm",NA,"recursive_multi_step",9,1,"small",9.99900009999e-05,8,5.05871898220048,2.86828670419298,2.07710323580582,8.65113402566779
24,8,1,"inad_unconstrained",NA,"recursive_multi_step",9,1,"main",0.000999000999000999,8,4.821,3.1008755867783,2.19107359121916,10.106041
24,8,1,"inad_constrained_alpha",NA,"recursive_multi_step",9,1,"main",0.000999000999000999,8,5.04,2.81373820980374,1.98667012977216,8.7616
24,8,1,"nb_glm",NA,"recursive_multi_step",9,1,"main",0.000999000999000999,8,5.05871898220048,2.87216372820883,2.04319116690611,8.65113402566779
24,8,1,"inad_unconstrained",NA,"recursive_multi_step",9,1,"large",0.0099009900990099,8,4.821,3.09928773457009,1.91684072608897,10.106041
24,8,1,"inad_constrained_alpha",NA,"recursive_multi_step",9,1,"large",0.0099009900990099,8,5.04,2.81623957296051,1.82647060945131,8.7616
24,8,1,"nb_glm",NA,"recursive_multi_step",9,1,"large",0.0099009900990099,8,5.05871898220048,2.90432235038863,1.81789211961041,8.65113402566779
24,41,2,"inad_unconstrained",NA,"recursive_multi_step",9,1,"small",9.99900009999e-05,6,5.452,2.39829421532167,0.992474576116161,0.300304
24,41,2,"inad_constrained_alpha",NA,"recursive_multi_step",9,1,"small",9.99900009999e-05,6,5.723,2.2271952776816,0.939470472387701,0.0767290000000001
24,41,2,"nb_glm",NA,"recursive_multi_step",9,1,"small",9.99900009999e-05,6,5.74653745731022,2.37684301754093,0.981344437286466,0.0642432605467672
24,41,2,"inad_unconstrained",NA,"recursive_multi_step",9,1,"main",0.000999000999000999,6,5.452,2.41064580711406,0.997800960608962,0.300304
24,41,2,"inad_constrained_alpha",NA,"recursive_multi_step",9,1,"main",0.000999000999000999,6,5.723,2.24108480835727,0.949574084002105,0.0767290000000001
24,41,2,"nb_glm",NA,"recursive_multi_step",9,1,"main",0.000999000999000999,6,5.74653745731022,2.38941528420233,0.991527600903356,0.0642432605467672
24,41,2,"inad_unconstrained",NA,"recursive_multi_step",9,1,"large",0.0099009900990099,6,5.452,2.51477692910492,1.1202321749811,0.300304
24,41,2,"inad_constrained_alpha",NA,"recursive_multi_step",9,1,"large",0.0099009900990099,6,5.723,2.35907146379795,1.1042420415092,0.0767290000000001
24,41,2,"nb_glm",NA,"recursive_multi_step",9,1,"large",0.0099009900990099,6,5.74653745731022,2.49549785059934,1.14535966586228,0.0642432605467672
24,8,1,"inad_unconstrained",NA,"recursive_multi_step",10,2,"small",9.99900009999e-05,9,5.077,3.12359285286345,2.77270455544503,15.389929
24,8,1,"inad_constrained_alpha",NA,"recursive_multi_step",10,2,"small",9.99900009999e-05,9,5.176,3.07933943107586,2.682704607689,14.622976
24,8,1,"nb_glm",NA,"recursive_multi_step",10,2,"small",9.99900009999e-05,9,5.29856886467356,3.07221957797945,2.58494424728309,13.700592449564
24,8,1,"inad_unconstrained",NA,"recursive_multi_step",10,2,"main",0.000999000999000999,9,5.077,3.12383201576467,2.71881186575031,15.389929
24,8,1,"inad_constrained_alpha",NA,"recursive_multi_step",10,2,"main",0.000999000999000999,9,5.176,3.08132204509567,2.62744892908888,14.622976
24,8,1,"nb_glm",NA,"recursive_multi_step",10,2,"main",0.000999000999000999,9,5.29856886467356,3.07433964352788,2.53348203274819,13.700592449564
24,8,1,"inad_unconstrained",NA,"recursive_multi_step",10,2,"large",0.0099009900990099,9,5.077,3.12576748081582,2.34379468919095,15.389929
24,8,1,"inad_constrained_alpha",NA,"recursive_multi_step",10,2,"large",0.0099009900990099,9,5.176,3.097366407471,2.256367867136,14.622976
24,8,1,"nb_glm",NA,"recursive_multi_step",10,2,"large",0.0099009900990099,9,5.29856886467356,3.09150437650852,2.19021915406898,13.700592449564
24,41,2,"inad_unconstrained",NA,"recursive_multi_step",10,2,"small",9.99900009999e-05,6,6.711,2.4321783735155,1.01736883208871,0.505521
24,41,2,"inad_constrained_alpha",NA,"recursive_multi_step",10,2,"small",9.99900009999e-05,6,6.692,2.23678820300148,0.936137400034784,0.478864
24,41,2,"nb_glm",NA,"recursive_multi_step",10,2,"small",9.99900009999e-05,6,6.97303390946533,2.39825332165461,1.03367027680327,0.946794988969387
24,41,2,"inad_unconstrained",NA,"recursive_multi_step",10,2,"main",0.000999000999000999,6,6.711,2.44768943595178,1.04792706765294,0.505521
24,41,2,"inad_constrained_alpha",NA,"recursive_multi_step",10,2,"main",0.000999000999000999,6,6.692,2.25322125842878,0.964656686935999,0.478864
24,41,2,"nb_glm",NA,"recursive_multi_step",10,2,"main",0.000999000999000999,6,6.97303390946533,2.41412074069965,1.06695921415145,0.946794988969387
24,41,2,"inad_unconstrained",NA,"recursive_multi_step",10,2,"large",0.0099009900990099,6,6.711,2.57621254974025,1.38987128242604,0.505521
24,41,2,"inad_constrained_alpha",NA,"recursive_multi_step",10,2,"large",0.0099009900990099,6,6.692,2.3911198284367,1.28024021705426,0.478864
24,41,2,"nb_glm",NA,"recursive_multi_step",10,2,"large",0.0099009900990099,6,6.97303390946533,2.54578621434018,1.42467167779602,0.946794988969387
24,8,1,"inad_unconstrained",NA,"recursive_multi_step",11,3,"small",9.99900009999e-05,1,3.931,1.93213039028584,1.45000276323996,8.590761
24,8,1,"inad_constrained_alpha",NA,"recursive_multi_step",11,3,"small",9.99900009999e-05,1,4.066,1.94610966995629,1.5160243597106,9.400356
24,8,1,"nb_glm",NA,"recursive_multi_step",11,3,"small",9.99900009999e-05,1,4.39399360525667,2.14787459487471,1.77681397821384,11.5191925925232
24,8,1,"inad_unconstrained",NA,"recursive_multi_step",11,3,"main",0.000999000999000999,1,3.931,1.94197775367731,1.47672858959938,8.590761
24,8,1,"inad_constrained_alpha",NA,"recursive_multi_step",11,3,"main",0.000999000999000999,1,4.066,1.95675204390023,1.54598590992695,9.400356
24,8,1,"nb_glm",NA,"recursive_multi_step",11,3,"main",0.000999000999000999,1,4.39399360525667,2.15713787146017,1.80511012362895,11.5191925925232
24,8,1,"inad_unconstrained",NA,"recursive_multi_step",11,3,"large",0.0099009900990099,1,3.931,2.02897211599068,1.7320655338606,8.590761
24,8,1,"inad_constrained_alpha",NA,"recursive_multi_step",11,3,"large",0.0099009900990099,1,4.066,2.05033591654118,1.83284599222222,9.400356
24,8,1,"nb_glm",NA,"recursive_multi_step",11,3,"large",0.0099009900990099,1,4.39399360525667,2.2380083412262,2.07455773162218,11.5191925925232
24,41,2,"inad_unconstrained",NA,"recursive_multi_step",11,3,"small",9.99900009999e-05,13,6.05,4.13143325889475,5.07924608154545,48.3025
24,41,2,"inad_constrained_alpha",NA,"recursive_multi_step",11,3,"small",9.99900009999e-05,13,6.151,4.01434052398839,4.90577745909046,46.908801
24,41,2,"nb_glm",NA,"recursive_multi_step",11,3,"small",9.99900009999e-05,13,6.21483158574097,3.83711481084359,4.96227852357967,46.0385104098585
24,41,2,"inad_unconstrained",NA,"recursive_multi_step",11,3,"main",0.000999000999000999,13,6.05,4.09926894783278,4.9745052488135,48.3025
24,41,2,"inad_constrained_alpha",NA,"recursive_multi_step",11,3,"main",0.000999000999000999,13,6.151,3.98803712661346,4.80537740324183,46.908801
24,41,2,"nb_glm",NA,"recursive_multi_step",11,3,"main",0.000999000999000999,13,6.21483158574097,3.81849148480064,4.86016355137715,46.0385104098585
24,41,2,"inad_unconstrained",NA,"recursive_multi_step",11,3,"large",0.0099009900990099,13,6.05,3.87463547335653,4.20474598765432,48.3025
24,41,2,"inad_constrained_alpha",NA,"recursive_multi_step",11,3,"large",0.0099009900990099,13,6.151,3.80025449347499,4.06930022266314,46.908801
24,41,2,"nb_glm",NA,"recursive_multi_step",11,3,"large",0.0099009900990099,13,6.21483158574097,3.68154943861087,4.11139718528344,46.0385104098585
24,8,1,"inad_unconstrained",NA,"recursive_multi_step",12,4,"small",9.99900009999e-05,4,3.355,2.2087632112692,0.947996973314435,0.416025
24,8,1,"inad_constrained_alpha",NA,"recursive_multi_step",12,4,"small",9.99900009999e-05,4,2.684,2.3546246168555,1.12976941841604,1.731856
24,8,1,"nb_glm",NA,"recursive_multi_step",12,4,"small",9.99900009999e-05,4,3.84880530514603,2.05640773030883,0.704361355778837,0.0228598357519865
24,8,1,"inad_unconstrained",NA,"recursive_multi_step",12,4,"main",0.000999000999000999,4,3.355,2.22192718997659,0.947852520365497,0.416025
24,8,1,"inad_constrained_alpha",NA,"recursive_multi_step",12,4,"main",0.000999000999000999,4,2.684,2.36123974773636,1.11637046399277,1.731856
24,8,1,"nb_glm",NA,"recursive_multi_step",12,4,"main",0.000999000999000999,4,3.84880530514603,2.07071764046134,0.714806610400032,0.0228598357519865
24,8,1,"inad_unconstrained",NA,"recursive_multi_step",12,4,"large",0.0099009900990099,4,3.355,2.3342821797373,1.058218752576,0.416025
24,8,1,"inad_constrained_alpha",NA,"recursive_multi_step",12,4,"large",0.0099009900990099,4,2.684,2.41874130139127,1.05107829687169,1.731856
24,8,1,"nb_glm",NA,"recursive_multi_step",12,4,"large",0.0099009900990099,4,3.84880530514603,2.19355153573898,0.901615106037656,0.0228598357519865
24,41,2,"inad_unconstrained",NA,"recursive_multi_step",12,4,"small",9.99900009999e-05,17,6.179,4.70387187452368,8.41606423332651,117.094041
24,41,2,"inad_constrained_alpha",NA,"recursive_multi_step",12,4,"small",9.99900009999e-05,17,4.579,5.78024841924935,10.3779870270911,154.281241
24,41,2,"nb_glm",NA,"recursive_multi_step",12,4,"small",9.99900009999e-05,17,5.61503802586067,5.34580268940359,9.27855238627295,129.617359152599
24,41,2,"inad_unconstrained",NA,"recursive_multi_step",12,4,"main",0.000999000999000999,17,6.179,4.64828747616203,8.00784209767816,117.094041
24,41,2,"inad_constrained_alpha",NA,"recursive_multi_step",12,4,"main",0.000999000999000999,17,4.579,5.55993191212498,9.91894374263221,154.281241
24,41,2,"nb_glm",NA,"recursive_multi_step",12,4,"main",0.000999000999000999,17,5.61503802586067,5.21239439578709,8.80769187802758,129.617359152599
24,41,2,"inad_unconstrained",NA,"recursive_multi_step",12,4,"large",0.0099009900990099,17,6.179,4.33015419767696,5.71111753231867,117.094041
24,41,2,"inad_constrained_alpha",NA,"recursive_multi_step",12,4,"large",0.0099009900990099,17,4.579,4.6769731244666,7.08107174647959,154.281241
24,41,2,"nb_glm",NA,"recursive_multi_step",12,4,"large",0.0099009900990099,17,5.61503802586067,4.58902508545442,6.14183057270991,129.617359152599
25,22,1,"inad_unconstrained",NA,"recursive_multi_step",9,1,"small",9.99900009999e-05,13,7.601,3.29673494543102,3.74072344660213,29.149201
25,22,1,"inad_constrained_alpha",NA,"recursive_multi_step",9,1,"small",9.99900009999e-05,13,8.433,3.01659254012897,3.01141000882973,20.857489
25,22,1,"nb_glm",NA,"recursive_multi_step",9,1,"small",9.99900009999e-05,13,7.31984916564827,3.50834050684947,4.00095569893259,32.2641135009866
25,22,1,"inad_unconstrained",NA,"recursive_multi_step",9,1,"main",0.000999000999000999,13,7.601,3.29583783971464,3.67108084709058,29.149201
25,22,1,"inad_constrained_alpha",NA,"recursive_multi_step",9,1,"main",0.000999000999000999,13,8.433,3.02236792047346,2.96016959318555,20.857489
25,22,1,"nb_glm",NA,"recursive_multi_step",9,1,"main",0.000999000999000999,13,7.31984916564827,3.50274217758047,3.92008337689794,32.2641135009866
25,22,1,"inad_unconstrained",NA,"recursive_multi_step",9,1,"large",0.0099009900990099,13,7.601,3.28878306251698,3.17678423777048,29.149201
25,22,1,"inad_constrained_alpha",NA,"recursive_multi_step",9,1,"large",0.0099009900990099,13,8.433,3.06880712571385,2.61431008087158,20.857489
25,22,1,"nb_glm",NA,"recursive_multi_step",9,1,"large",0.0099009900990099,13,7.31984916564827,3.45996320574429,3.35287582309191,32.2641135009866
25,35,2,"inad_unconstrained",NA,"recursive_multi_step",9,1,"small",9.99900009999e-05,10,9.788,2.50291228021045,1.11927109532506,0.0449439999999999
25,35,2,"inad_constrained_alpha",NA,"recursive_multi_step",9,1,"small",9.99900009999e-05,10,10.143,2.43287603637332,1.02076600931787,0.0204490000000002
25,35,2,"nb_glm",NA,"recursive_multi_step",9,1,"small",9.99900009999e-05,10,9.91012533706184,2.80752764319272,1.50621523848824,0.00807745503824842
25,35,2,"inad_unconstrained",NA,"recursive_multi_step",9,1,"main",0.000999000999000999,10,9.788,2.51942587414088,1.13934247408134,0.0449439999999999
25,35,2,"inad_constrained_alpha",NA,"recursive_multi_step",9,1,"main",0.000999000999000999,10,10.143,2.45446256295763,1.05323096104593,0.0204490000000002
25,35,2,"nb_glm",NA,"recursive_multi_step",9,1,"main",0.000999000999000999,10,9.91012533706184,2.82457984396305,1.53244333412555,0.00807745503824842
25,35,2,"inad_unconstrained",NA,"recursive_multi_step",9,1,"large",0.0099009900990099,10,9.788,2.65472488176739,1.36676023393021,0.0449439999999999
25,35,2,"inad_constrained_alpha",NA,"recursive_multi_step",9,1,"large",0.0099009900990099,10,10.143,2.62865902511279,1.44473265219244,0.0204490000000002
25,35,2,"nb_glm",NA,"recursive_multi_step",9,1,"large",0.0099009900990099,10,9.91012533706184,2.95915126843174,1.86124625487466,0.00807745503824842
25,22,1,"inad_unconstrained",NA,"recursive_multi_step",10,2,"small",9.99900009999e-05,16,6.613,4.41684778234282,7.23215017683303,88.115769
25,22,1,"inad_constrained_alpha",NA,"recursive_multi_step",10,2,"small",9.99900009999e-05,16,5.866,5.49906787365475,8.18007024441962,102.697956
25,22,1,"nb_glm",NA,"recursive_multi_step",10,2,"small",9.99900009999e-05,16,5.926209493633,4.82336803512258,8.02487807508817,101.48125516617
25,22,1,"inad_unconstrained",NA,"recursive_multi_step",10,2,"main",0.000999000999000999,16,6.613,4.36559979698835,7.12253394764423,88.115769
25,22,1,"inad_constrained_alpha",NA,"recursive_multi_step",10,2,"main",0.000999000999000999,16,5.866,5.32123421299479,8.0430550458374,102.697956
25,22,1,"nb_glm",NA,"recursive_multi_step",10,2,"main",0.000999000999000999,16,5.926209493633,4.73779816478818,7.89207573446599,101.48125516617
25,22,1,"inad_unconstrained",NA,"recursive_multi_step",10,2,"large",0.0099009900990099,16,6.613,4.02638448194495,6.27287810126171,88.115769
25,22,1,"inad_constrained_alpha",NA,"recursive_multi_step",10,2,"large",0.0099009900990099,16,5.866,4.48095626000142,6.98439051404787,102.697956
25,22,1,"nb_glm",NA,"recursive_multi_step",10,2,"large",0.0099009900990099,16,5.926209493633,4.22939650774876,6.86604885626801,101.48125516617
25,35,2,"inad_unconstrained",NA,"recursive_multi_step",10,2,"small",9.99900009999e-05,19,9.453,4.1966543741842,7.06925383497025,91.145209
25,35,2,"inad_constrained_alpha",NA,"recursive_multi_step",10,2,"small",9.99900009999e-05,19,7.78,5.281511909749,8.91337388669271,125.8884
25,35,2,"nb_glm",NA,"recursive_multi_step",10,2,"small",9.99900009999e-05,19,8.66082199664013,4.3903737161121,7.72290365521233,106.898601785161
25,35,2,"inad_unconstrained",NA,"recursive_multi_step",10,2,"main",0.000999000999000999,19,9.453,4.17056142516841,6.86259403925815,91.145209
25,35,2,"inad_constrained_alpha",NA,"recursive_multi_step",10,2,"main",0.000999000999000999,19,7.78,5.14569202848501,8.70599614033441,125.8884
25,35,2,"nb_glm",NA,"recursive_multi_step",10,2,"main",0.000999000999000999,19,8.66082199664013,4.35230587867127,7.48673602530204,106.898601785161
25,35,2,"inad_unconstrained",NA,"recursive_multi_step",10,2,"large",0.0099009900990099,19,9.453,3.99770812227642,5.50870019729341,91.145209
25,35,2,"inad_constrained_alpha",NA,"recursive_multi_step",10,2,"large",0.0099009900990099,19,7.78,4.46640442500031,7.21973291335004,125.8884
25,35,2,"nb_glm",NA,"recursive_multi_step",10,2,"large",0.0099009900990099,19,8.66082199664013,4.11047046089091,5.93479171312231,106.898601785161
25,22,1,"inad_unconstrained",NA,"recursive_multi_step",11,3,"small",9.99900009999e-05,7,4.48,2.81394296786205,1.79686399670778,6.3504
25,22,1,"inad_constrained_alpha",NA,"recursive_multi_step",11,3,"small",9.99900009999e-05,7,4.275,2.67459757811011,1.92972562539155,7.425625
25,22,1,"nb_glm",NA,"recursive_multi_step",11,3,"small",9.99900009999e-05,7,4.60332258177715,2.70472312043907,1.72183084231482,5.74406264701937
25,22,1,"inad_unconstrained",NA,"recursive_multi_step",11,3,"main",0.000999000999000999,7,4.48,2.81863777864489,1.76737570226721,6.3504
25,22,1,"inad_constrained_alpha",NA,"recursive_multi_step",11,3,"main",0.000999000999000999,7,4.275,2.68296742073475,1.89037556156288,7.425625
25,22,1,"nb_glm",NA,"recursive_multi_step",11,3,"main",0.000999000999000999,7,4.60332258177715,2.71270231365876,1.69114521338223,5.74406264701937
25,22,1,"inad_unconstrained",NA,"recursive_multi_step",11,3,"large",0.0099009900990099,7,4.48,2.85773930386727,1.58725189490383,6.3504
25,22,1,"inad_constrained_alpha",NA,"recursive_multi_step",11,3,"large",0.0099009900990099,7,4.275,2.75275472288669,1.665934961088,7.425625
25,22,1,"nb_glm",NA,"recursive_multi_step",11,3,"large",0.0099009900990099,7,4.60332258177715,2.77910485904275,1.52955907540462,5.74406264701937
25,35,2,"inad_unconstrained",NA,"recursive_multi_step",11,3,"small",9.99900009999e-05,8,7.134,2.49090526939475,1.24110881389863,0.749955999999999
25,35,2,"inad_constrained_alpha",NA,"recursive_multi_step",11,3,"small",9.99900009999e-05,8,6.295,2.61832393420989,1.44428745645559,2.907025
25,35,2,"nb_glm",NA,"recursive_multi_step",11,3,"small",9.99900009999e-05,8,6.94866767244525,2.63980628532276,1.34669565324792,1.10529966296168
25,35,2,"inad_unconstrained",NA,"recursive_multi_step",11,3,"main",0.000999000999000999,8,7.134,2.508418062883,1.24870855433239,0.749955999999999
25,35,2,"inad_constrained_alpha",NA,"recursive_multi_step",11,3,"main",0.000999000999000999,8,6.295,2.62739679813988,1.43486877567829,2.907025
25,35,2,"nb_glm",NA,"recursive_multi_step",11,3,"main",0.000999000999000999,8,6.94866767244525,2.6556094754978,1.34882916347211,1.10529966296168
25,35,2,"inad_unconstrained",NA,"recursive_multi_step",11,3,"large",0.0099009900990099,8,7.134,2.65144958691384,1.45587321691447,0.749955999999999
25,35,2,"inad_constrained_alpha",NA,"recursive_multi_step",11,3,"large",0.0099009900990099,8,6.295,2.70330149408001,1.408862262208,2.907025
25,35,2,"nb_glm",NA,"recursive_multi_step",11,3,"large",0.0099009900990099,8,6.94866767244525,2.7836093544212,1.51953259481248,1.10529966296168
25,22,1,"inad_unconstrained",NA,"recursive_multi_step",12,4,"small",9.99900009999e-05,11,3.644,4.41704728359036,5.74324730551054,54.110736
25,22,1,"inad_constrained_alpha",NA,"recursive_multi_step",12,4,"small",9.99900009999e-05,11,2.745,4.7011803511922,6.82057990217647,68.145025
25,22,1,"nb_glm",NA,"recursive_multi_step",12,4,"small",9.99900009999e-05,11,3.88721045245567,4.45620691678046,5.62498238406481,50.5917751476559
25,22,1,"inad_unconstrained",NA,"recursive_multi_step",12,4,"main",0.000999000999000999,11,3.644,4.36755101711961,5.58854179357941,54.110736
25,22,1,"inad_constrained_alpha",NA,"recursive_multi_step",12,4,"main",0.000999000999000999,11,2.745,4.62211050887359,6.71730473126069,68.145025
25,22,1,"nb_glm",NA,"recursive_multi_step",12,4,"main",0.000999000999000999,11,3.88721045245567,4.40395079634508,5.47388840006993,50.5917751476559
25,22,1,"inad_unconstrained",NA,"recursive_multi_step",12,4,"large",0.0099009900990099,11,3.644,4.04238482329139,4.47777933345931,54.110736
25,22,1,"inad_constrained_alpha",NA,"recursive_multi_step",12,4,"large",0.0099009900990099,11,2.745,4.12410507972205,5.87732864974145,68.145025
25,22,1,"nb_glm",NA,"recursive_multi_step",12,4,"large",0.0099009900990099,11,3.88721045245567,4.06382148776476,4.39024264996136,50.5917751476559
25,35,2,"inad_unconstrained",NA,"recursive_multi_step",12,4,"small",9.99900009999e-05,9,6.832,2.97965422720304,1.98611066131037,4.700224
25,35,2,"inad_constrained_alpha",NA,"recursive_multi_step",12,4,"small",9.99900009999e-05,9,4.772,3.50791896115152,3.20378262135723,17.875984
25,35,2,"nb_glm",NA,"recursive_multi_step",12,4,"small",9.99900009999e-05,9,5.91983989591491,2.94003324289405,2.18233838570679,9.48738626679747
25,35,2,"inad_unconstrained",NA,"recursive_multi_step",12,4,"main",0.000999000999000999,9,6.832,3.01191160524595,1.95907334738476,4.700224
25,35,2,"inad_constrained_alpha",NA,"recursive_multi_step",12,4,"main",0.000999000999000999,9,4.772,3.5196843864207,3.05181809352055,17.875984
25,35,2,"nb_glm",NA,"recursive_multi_step",12,4,"main",0.000999000999000999,9,5.91983989591491,2.97296246133026,2.09489819534652,9.48738626679747
25,35,2,"inad_unconstrained",NA,"recursive_multi_step",12,4,"large",0.0099009900990099,9,6.832,3.24598036280074,2.90515297316135,4.700224
25,35,2,"inad_constrained_alpha",NA,"recursive_multi_step",12,4,"large",0.0099009900990099,9,4.772,3.60344589780552,2.79621003405771,17.875984
25,35,2,"nb_glm",NA,"recursive_multi_step",12,4,"large",0.0099009900990099,9,5.91983989591491,3.21263067453107,2.77804687758848,9.48738626679747
26,9,1,"inad_unconstrained",NA,"recursive_multi_step",9,1,"small",9.99900009999e-05,1,4.917,2.60453724566773,2.29521489447483,15.342889
26,9,1,"inad_constrained_alpha",NA,"recursive_multi_step",9,1,"small",9.99900009999e-05,1,5.119,2.73412801296148,2.45918945314711,16.966161
26,9,1,"nb_glm",NA,"recursive_multi_step",9,1,"small",9.99900009999e-05,1,5.19388209945722,2.39999694974821,2.29103743316624,17.5886470641477
26,9,1,"inad_unconstrained",NA,"recursive_multi_step",9,1,"main",0.000999000999000999,1,4.917,2.61202047218426,2.32766630415497,15.342889
26,9,1,"inad_constrained_alpha",NA,"recursive_multi_step",9,1,"main",0.000999000999000999,1,5.119,2.74083269973327,2.49392843184185,16.966161
26,9,1,"nb_glm",NA,"recursive_multi_step",9,1,"main",0.000999000999000999,1,5.19388209945722,2.4105894244833,2.33213494697118,17.5886470641477
26,9,1,"inad_unconstrained",NA,"recursive_multi_step",9,1,"large",0.0099009900990099,1,4.917,2.67518170316805,2.64790678967546,15.342889
26,9,1,"inad_constrained_alpha",NA,"recursive_multi_step",9,1,"large",0.0099009900990099,1,5.119,2.79674921836472,2.83853698926899,16.966161
26,9,1,"nb_glm",NA,"recursive_multi_step",9,1,"large",0.0099009900990099,1,5.19388209945722,2.50058669242689,2.72376560796494,17.5886470641477
26,48,2,"inad_unconstrained",NA,"recursive_multi_step",9,1,"small",9.99900009999e-05,2,4.879,1.94750590036163,1.34049074973312,8.288641
26,48,2,"inad_constrained_alpha",NA,"recursive_multi_step",9,1,"small",9.99900009999e-05,2,4.927,2.16415141417494,1.37624997475501,8.567329
26,48,2,"nb_glm",NA,"recursive_multi_step",9,1,"small",9.99900009999e-05,2,4.75937798783092,2.0414748781245,1.33446624816591,7.61416687972582
26,48,2,"inad_unconstrained",NA,"recursive_multi_step",9,1,"main",0.000999000999000999,2,4.879,1.97038419269029,1.41508762466562,8.288641
26,48,2,"inad_constrained_alpha",NA,"recursive_multi_step",9,1,"main",0.000999000999000999,2,4.927,2.17591368662684,1.41331511131082,8.567329
26,48,2,"nb_glm",NA,"recursive_multi_step",9,1,"main",0.000999000999000999,2,4.75937798783092,2.06373839049505,1.4048992401183,7.61416687972582
26,48,2,"inad_unconstrained",NA,"recursive_multi_step",9,1,"large",0.0099009900990099,2,4.879,2.16068397371005,2.23001825779684,8.288641
26,48,2,"inad_constrained_alpha",NA,"recursive_multi_step",9,1,"large",0.0099009900990099,2,4.927,2.2772977732794,1.76723346718223,8.567329
26,48,2,"nb_glm",NA,"recursive_multi_step",9,1,"large",0.0099009900990099,2,4.75937798783092,2.24835842967211,2.19680401780206,7.61416687972582
26,9,1,"inad_unconstrained",NA,"recursive_multi_step",10,2,"small",9.99900009999e-05,8,5.189,2.75020658502563,2.05597177078498,7.901721
26,9,1,"inad_constrained_alpha",NA,"recursive_multi_step",10,2,"small",9.99900009999e-05,8,5.009,2.73402824741045,2.03766603241378,8.946081
26,9,1,"nb_glm",NA,"recursive_multi_step",10,2,"small",9.99900009999e-05,8,5.2532499295197,2.83001623252183,1.96046366305787,7.54463594968352
26,9,1,"inad_unconstrained",NA,"recursive_multi_step",10,2,"main",0.000999000999000999,8,5.189,2.76194268035921,2.00963274725516,7.901721
26,9,1,"inad_constrained_alpha",NA,"recursive_multi_step",10,2,"main",0.000999000999000999,8,5.009,2.73985566008545,2.00366869873553,8.946081
26,9,1,"nb_glm",NA,"recursive_multi_step",10,2,"main",0.000999000999000999,8,5.2532499295197,2.84060499017051,1.91697556354786,7.54463594968352
26,9,1,"inad_unconstrained",NA,"recursive_multi_step",10,2,"large",0.0099009900990099,8,5.189,2.85744298691054,1.80394071970414,7.901721
26,9,1,"inad_constrained_alpha",NA,"recursive_multi_step",10,2,"large",0.0099009900990099,8,5.009,2.7886520081321,1.77881389510212,8.946081
26,9,1,"nb_glm",NA,"recursive_multi_step",10,2,"large",0.0099009900990099,8,5.2532499295197,2.92630282843895,1.73255121097337,7.54463594968352
26,48,2,"inad_unconstrained",NA,"recursive_multi_step",10,2,"small",9.99900009999e-05,3,6.198,2.30438150066277,1.52274261586765,10.227204
26,48,2,"inad_constrained_alpha",NA,"recursive_multi_step",10,2,"small",9.99900009999e-05,3,6.167,2.33441089185943,1.58892362297875,10.029889
26,48,2,"nb_glm",NA,"recursive_multi_step",10,2,"small",9.99900009999e-05,3,6.32611674675547,2.2648096913689,1.60459782990243,11.0630526130472
26,48,2,"inad_unconstrained",NA,"recursive_multi_step",10,2,"main",0.000999000999000999,3,6.198,2.32023260980762,1.57895074568136,10.227204
26,48,2,"inad_constrained_alpha",NA,"recursive_multi_step",10,2,"main",0.000999000999000999,3,6.167,2.34649110650856,1.62743592112219,10.029889
26,48,2,"nb_glm",NA,"recursive_multi_step",10,2,"main",0.000999000999000999,3,6.32611674675547,2.28101903851024,1.65937287292844,11.0630526130472
26,48,2,"inad_unconstrained",NA,"recursive_multi_step",10,2,"large",0.0099009900990099,3,6.198,2.45286729604338,2.11865585649901,10.227204
26,48,2,"inad_constrained_alpha",NA,"recursive_multi_step",10,2,"large",0.0099009900990099,3,6.167,2.4490454195373,1.988481435456,10.029889
26,48,2,"nb_glm",NA,"recursive_multi_step",10,2,"large",0.0099009900990099,3,6.32611674675547,2.41686529142611,2.18708689944076,11.0630526130472
26,9,1,"inad_unconstrained",NA,"recursive_multi_step",11,3,"small",9.99900009999e-05,5,3.881,2.40903258939289,1.0749788955416,1.252161
26,9,1,"inad_constrained_alpha",NA,"recursive_multi_step",11,3,"small",9.99900009999e-05,5,4.124,2.28380045482673,0.975803621657109,0.767376000000001
26,9,1,"nb_glm",NA,"recursive_multi_step",11,3,"small",9.99900009999e-05,5,4.33640849470483,2.24931248890899,0.900344758552421,0.440353685899911
26,9,1,"inad_unconstrained",NA,"recursive_multi_step",11,3,"main",0.000999000999000999,5,3.881,2.41864673719491,1.06754853419733,1.252161
26,9,1,"inad_constrained_alpha",NA,"recursive_multi_step",11,3,"main",0.000999000999000999,5,4.124,2.29281902868781,0.97293021303268,0.767376000000001
26,9,1,"nb_glm",NA,"recursive_multi_step",11,3,"main",0.000999000999000999,5,4.33640849470483,2.26039043053728,0.901438129745366,0.440353685899911
26,9,1,"inad_unconstrained",NA,"recursive_multi_step",11,3,"large",0.0099009900990099,5,3.881,2.5006395210069,1.07856758179655,1.252161
26,9,1,"inad_constrained_alpha",NA,"recursive_multi_step",11,3,"large",0.0099009900990099,5,4.124,2.37081084438909,0.994414111331193,0.767376000000001
26,9,1,"nb_glm",NA,"recursive_multi_step",11,3,"large",0.0099009900990099,5,4.33640849470483,2.35554449584067,0.974389054044171,0.440353685899911
26,48,2,"inad_unconstrained",NA,"recursive_multi_step",11,3,"small",9.99900009999e-05,7,5.7,2.59173066146623,1.44685508141661,1.69
26,48,2,"inad_constrained_alpha",NA,"recursive_multi_step",11,3,"small",9.99900009999e-05,7,5.883,2.67469732375879,1.30605346866701,1.247689
26,48,2,"nb_glm",NA,"recursive_multi_step",11,3,"small",9.99900009999e-05,7,5.94499657221072,2.53421720078319,1.22589779360738,1.11303223264712
26,48,2,"inad_unconstrained",NA,"recursive_multi_step",11,3,"main",0.000999000999000999,7,5.7,2.60462304005102,1.43865678227987,1.69
26,48,2,"inad_constrained_alpha",NA,"recursive_multi_step",11,3,"main",0.000999000999000999,7,5.883,2.68394255489295,1.30272620307958,1.247689
26,48,2,"nb_glm",NA,"recursive_multi_step",11,3,"main",0.000999000999000999,7,5.94499657221072,2.54777735061398,1.22449348067434,1.11303223264712
26,48,2,"inad_unconstrained",NA,"recursive_multi_step",11,3,"large",0.0099009900990099,7,5.7,2.71096141130967,1.48927559677904,1.69
26,48,2,"inad_constrained_alpha",NA,"recursive_multi_step",11,3,"large",0.0099009900990099,7,5.883,2.76072289253587,1.34372279875283,1.247689
26,48,2,"nb_glm",NA,"recursive_multi_step",11,3,"large",0.0099009900990099,7,5.94499657221072,2.65997151796673,1.32564746635385,1.11303223264712
26,9,1,"inad_unconstrained",NA,"recursive_multi_step",12,4,"small",9.99900009999e-05,5,3.362,2.55196271421303,1.39690241584619,2.683044
26,9,1,"inad_constrained_alpha",NA,"recursive_multi_step",12,4,"small",9.99900009999e-05,5,2.741,2.57750534779016,1.65212935262649,5.103081
26,9,1,"nb_glm",NA,"recursive_multi_step",12,4,"small",9.99900009999e-05,5,3.94847439126171,2.28462055348162,0.991290729860533,1.10570610583244
26,9,1,"inad_unconstrained",NA,"recursive_multi_step",12,4,"main",0.000999000999000999,5,3.362,2.56006005881374,1.37713575953079,2.683044
26,9,1,"inad_constrained_alpha",NA,"recursive_multi_step",12,4,"main",0.000999000999000999,5,2.741,2.58178508515907,1.62439427264988,5.103081
26,9,1,"nb_glm",NA,"recursive_multi_step",12,4,"main",0.000999000999000999,5,3.94847439126171,2.29539301732177,0.985285050191991,1.10570610583244
26,9,1,"inad_unconstrained",NA,"recursive_multi_step",12,4,"large",0.0099009900990099,5,3.362,2.62860804896057,1.29661276264129,2.683044
26,9,1,"inad_constrained_alpha",NA,"recursive_multi_step",12,4,"large",0.0099009900990099,5,2.741,2.6185629001469,1.43707887458513,5.103081
26,9,1,"nb_glm",NA,"recursive_multi_step",12,4,"large",0.0099009900990099,5,3.94847439126171,2.38778700216288,1.00822170025901,1.10570610583244
26,48,2,"inad_unconstrained",NA,"recursive_multi_step",12,4,"small",9.99900009999e-05,2,6.077,2.2757487881811,1.78598111878374,16.621929
26,48,2,"inad_constrained_alpha",NA,"recursive_multi_step",12,4,"small",9.99900009999e-05,2,4.73,1.96237770060614,1.12071828581499,7.4529
26,48,2,"nb_glm",NA,"recursive_multi_step",12,4,"small",9.99900009999e-05,2,5.74207721567159,2.27118238667752,1.89075303640384,14.0031418880484
26,48,2,"inad_unconstrained",NA,"recursive_multi_step",12,4,"main",0.000999000999000999,2,6.077,2.29967027007635,1.90069512233118,16.621929
26,48,2,"inad_constrained_alpha",NA,"recursive_multi_step",12,4,"main",0.000999000999000999,2,4.73,1.99207769962202,1.23514259879679,7.4529
26,48,2,"nb_glm",NA,"recursive_multi_step",12,4,"main",0.000999000999000999,2,5.74207721567159,2.29859449902502,2.00099248089965,14.0031418880484
26,48,2,"inad_unconstrained",NA,"recursive_multi_step",12,4,"large",0.0099009900990099,2,6.077,2.49337720648198,3.03184795132325,16.621929
26,48,2,"inad_constrained_alpha",NA,"recursive_multi_step",12,4,"large",0.0099009900990099,2,4.73,2.23183789269755,2.56110973219599,7.4529
26,48,2,"nb_glm",NA,"recursive_multi_step",12,4,"large",0.0099009900990099,2,5.74207721567159,2.51741628268972,3.24900082047324,14.0031418880484
27,12,1,"inad_unconstrained",NA,"recursive_multi_step",9,1,"small",9.99900009999e-05,1,4.422,2.19056140214952,1.88603424174844,11.710084
27,12,1,"inad_constrained_alpha",NA,"recursive_multi_step",9,1,"small",9.99900009999e-05,1,4.596,2.57770494858922,2.09444305602597,12.931216
27,12,1,"nb_glm",NA,"recursive_multi_step",9,1,"small",9.99900009999e-05,1,4.75122394194727,2.27672150885629,2.01985518911813,14.0716810626384
27,12,1,"inad_unconstrained",NA,"recursive_multi_step",9,1,"main",0.000999000999000999,1,4.422,2.20211628766209,1.92105208949011,11.710084
27,12,1,"inad_constrained_alpha",NA,"recursive_multi_step",9,1,"main",0.000999000999000999,1,4.596,2.58374587010101,2.12083757979205,12.931216
27,12,1,"nb_glm",NA,"recursive_multi_step",9,1,"main",0.000999000999000999,1,4.75122394194727,2.28756859676627,2.05728361066143,14.0716810626384
27,12,1,"inad_unconstrained",NA,"recursive_multi_step",9,1,"large",0.0099009900990099,1,4.422,2.30160995883584,2.27008067697799,11.710084
27,12,1,"inad_constrained_alpha",NA,"recursive_multi_step",9,1,"large",0.0099009900990099,1,4.596,2.63522995263211,2.38036190943242,12.931216
27,12,1,"nb_glm",NA,"recursive_multi_step",9,1,"large",0.0099009900990099,1,4.75122394194727,2.38062747158595,2.41866647195857,14.0716810626384
27,61,2,"inad_unconstrained",NA,"recursive_multi_step",9,1,"small",9.99900009999e-05,0,3.778,2.07287747935383,2.03063002610526,14.273284
27,61,2,"inad_constrained_alpha",NA,"recursive_multi_step",9,1,"small",9.99900009999e-05,0,3.694,2.00503434609551,1.92716523157867,13.645636
27,61,2,"nb_glm",NA,"recursive_multi_step",9,1,"small",9.99900009999e-05,0,2.20725245264473,1.69233186366523,1.19206617165135,4.87196338970618
27,61,2,"inad_unconstrained",NA,"recursive_multi_step",9,1,"main",0.000999000999000999,0,3.778,2.08531604534049,2.07405614351633,14.273284
27,61,2,"inad_constrained_alpha",NA,"recursive_multi_step",9,1,"main",0.000999000999000999,0,3.694,2.0275430146218,2.00932422803408,13.645636
27,61,2,"nb_glm",NA,"recursive_multi_step",9,1,"main",0.000999000999000999,0,2.20725245264473,1.71661722310268,1.24883948261459,4.87196338970618
27,61,2,"inad_unconstrained",NA,"recursive_multi_step",9,1,"large",0.0099009900990099,0,3.778,2.19289251088597,2.50099870566462,14.273284
27,61,2,"inad_constrained_alpha",NA,"recursive_multi_step",9,1,"large",0.0099009900990099,0,3.694,2.21442387980706,2.93314256783248,13.645636
27,61,2,"nb_glm",NA,"recursive_multi_step",9,1,"large",0.0099009900990099,0,2.20725245264473,1.92005172333628,2.06995822743104,4.87196338970618
27,12,1,"inad_unconstrained",NA,"recursive_multi_step",10,2,"small",9.99900009999e-05,1,4.887,2.33431113626057,2.08813199868077,15.108769
27,12,1,"inad_constrained_alpha",NA,"recursive_multi_step",10,2,"small",9.99900009999e-05,1,4.544,2.28400001579327,1.95119760246608,12.559936
27,12,1,"nb_glm",NA,"recursive_multi_step",10,2,"small",9.99900009999e-05,1,5.2120381059708,2.42305431787973,2.31888677436036,17.7412650061501
27,12,1,"inad_unconstrained",NA,"recursive_multi_step",10,2,"main",0.000999000999000999,1,4.887,2.3455150205355,2.13003772876263,15.108769
27,12,1,"inad_constrained_alpha",NA,"recursive_multi_step",10,2,"main",0.000999000999000999,1,4.544,2.29477597647477,1.98663046630719,12.559936
27,12,1,"nb_glm",NA,"recursive_multi_step",10,2,"main",0.000999000999000999,1,5.2120381059708,2.43341728951349,2.35953552596884,17.7412650061501
27,12,1,"inad_unconstrained",NA,"recursive_multi_step",10,2,"large",0.0099009900990099,1,4.887,2.44101324784003,2.53308639925858,15.108769
27,12,1,"inad_constrained_alpha",NA,"recursive_multi_step",10,2,"large",0.0099009900990099,1,4.544,2.38720465416477,2.33657492722586,12.559936
27,12,1,"nb_glm",NA,"recursive_multi_step",10,2,"large",0.0099009900990099,1,5.2120381059708,2.52136722185828,2.74735646693088,17.7412650061501
27,61,2,"inad_unconstrained",NA,"recursive_multi_step",10,2,"small",9.99900009999e-05,0,5.585,3.17100201386745,3.43155228210329,31.192225
27,61,2,"inad_constrained_alpha",NA,"recursive_multi_step",10,2,"small",9.99900009999e-05,0,5.477,3.14672914471476,3.47138167807621,29.997529
27,61,2,"nb_glm",NA,"recursive_multi_step",10,2,"small",9.99900009999e-05,0,4.74077524822092,2.93905892040928,2.91383360717129,22.4749499541441
27,61,2,"inad_unconstrained",NA,"recursive_multi_step",10,2,"main",0.000999000999000999,0,5.585,3.17901367189298,3.51349558960245,31.192225
27,61,2,"inad_constrained_alpha",NA,"recursive_multi_step",10,2,"main",0.000999000999000999,0,5.477,3.14825659630528,3.51776206946392,29.997529
27,61,2,"nb_glm",NA,"recursive_multi_step",10,2,"main",0.000999000999000999,0,4.74077524822092,2.95140811226104,2.99040702844615,22.4749499541441
27,61,2,"inad_unconstrained",NA,"recursive_multi_step",10,2,"large",0.0099009900990099,0,5.585,3.2411366950497,4.35490008893963,31.192225
27,61,2,"inad_constrained_alpha",NA,"recursive_multi_step",10,2,"large",0.0099009900990099,0,5.477,3.16049461397584,3.96577420225498,29.997529
27,61,2,"nb_glm",NA,"recursive_multi_step",10,2,"large",0.0099009900990099,0,4.74077524822092,3.0490702311284,3.82964134457929,22.4749499541441
27,12,1,"inad_unconstrained",NA,"recursive_multi_step",11,3,"small",9.99900009999e-05,5,3.701,2.40883302842636,1.13600665477327,1.687401
27,12,1,"inad_constrained_alpha",NA,"recursive_multi_step",11,3,"small",9.99900009999e-05,5,3.912,2.55216223536293,1.10220441314917,1.183744
27,12,1,"nb_glm",NA,"recursive_multi_step",11,3,"small",9.99900009999e-05,5,4.27058448947709,2.24332209831626,0.904103364295716,0.532046986991402
27,12,1,"inad_unconstrained",NA,"recursive_multi_step",11,3,"main",0.000999000999000999,5,3.701,2.41668978940795,1.12564590731466,1.687401
27,12,1,"inad_constrained_alpha",NA,"recursive_multi_step",11,3,"main",0.000999000999000999,5,3.912,2.56201318443463,1.09454838715051,1.183744
27,12,1,"nb_glm",NA,"recursive_multi_step",11,3,"main",0.000999000999000999,5,4.27058448947709,2.256202808989,0.904763708512517,0.532046986991402
27,12,1,"inad_unconstrained",NA,"recursive_multi_step",11,3,"large",0.0099009900990099,5,3.701,2.48424571123122,1.09155349135988,1.687401
27,12,1,"inad_constrained_alpha",NA,"recursive_multi_step",11,3,"large",0.0099009900990099,5,3.912,2.64473743089046,1.132169552,1.183744
27,12,1,"nb_glm",NA,"recursive_multi_step",11,3,"large",0.0099009900990099,5,4.27058448947709,2.36598325742,1.00264995428278,0.532046986991402
27,61,2,"inad_unconstrained",NA,"recursive_multi_step",11,3,"small",9.99900009999e-05,3,5.512,2.06537754600448,1.17926700939372,6.310144
27,61,2,"inad_constrained_alpha",NA,"recursive_multi_step",11,3,"small",9.99900009999e-05,3,5.716,2.12212672545349,1.2558611959719,7.376656
27,61,2,"nb_glm",NA,"recursive_multi_step",11,3,"small",9.99900009999e-05,3,5.14472427779093,2.06088376995425,1.05819354475996,4.59984222774583
27,61,2,"inad_unconstrained",NA,"recursive_multi_step",11,3,"main",0.000999000999000999,3,5.512,2.08137525040162,1.22602215175083,6.310144
27,61,2,"inad_constrained_alpha",NA,"recursive_multi_step",11,3,"main",0.000999000999000999,3,5.716,2.13858865632597,1.30778706539085,7.376656
27,61,2,"nb_glm",NA,"recursive_multi_step",11,3,"main",0.000999000999000999,3,5.14472427779093,2.07779000169897,1.1035622499412,4.59984222774583
27,61,2,"inad_unconstrained",NA,"recursive_multi_step",11,3,"large",0.0099009900990099,3,5.512,2.21756388405211,1.68480928104656,6.310144
27,61,2,"inad_constrained_alpha",NA,"recursive_multi_step",11,3,"large",0.0099009900990099,3,5.716,2.27789248040367,1.81351101757813,7.376656
27,61,2,"nb_glm",NA,"recursive_multi_step",11,3,"large",0.0099009900990099,3,5.14472427779093,2.22116507955398,1.57676080466143,4.59984222774583
27,12,1,"inad_unconstrained",NA,"recursive_multi_step",12,4,"small",9.99900009999e-05,10,3.196,3.6106188052616,5.31617701311408,46.294416
27,12,1,"inad_constrained_alpha",NA,"recursive_multi_step",12,4,"small",9.99900009999e-05,10,2.661,4.50260927375782,5.96854356463836,53.860921
27,12,1,"nb_glm",NA,"recursive_multi_step",12,4,"small",9.99900009999e-05,10,3.79983069471128,4.11802196148045,4.79451715794152,38.4420994142444
27,12,1,"inad_unconstrained",NA,"recursive_multi_step",12,4,"main",0.000999000999000999,10,3.196,3.59927956030782,5.17377719414444,46.294416
27,12,1,"inad_constrained_alpha",NA,"recursive_multi_step",12,4,"main",0.000999000999000999,10,2.661,4.44075413665037,5.86250197438559,53.860921
27,12,1,"nb_glm",NA,"recursive_multi_step",12,4,"main",0.000999000999000999,10,3.79983069471128,4.08568065598782,4.67042649542598,38.4420994142444
27,12,1,"inad_unconstrained",NA,"recursive_multi_step",12,4,"large",0.0099009900990099,10,3.196,3.51271011680518,4.147620364672,46.294416
27,12,1,"inad_constrained_alpha",NA,"recursive_multi_step",12,4,"large",0.0099009900990099,10,2.661,4.03196172424535,5.0170000441353,53.860921
27,12,1,"nb_glm",NA,"recursive_multi_step",12,4,"large",0.0099009900990099,10,3.79983069471128,3.85836503333773,3.77972187372874,38.4420994142444
27,61,2,"inad_unconstrained",NA,"recursive_multi_step",12,4,"small",9.99900009999e-05,4,5.609,2.5785029536191,1.11746669949639,2.588881
27,61,2,"inad_constrained_alpha",NA,"recursive_multi_step",12,4,"small",9.99900009999e-05,4,4.853,2.35661883428777,0.96568327306748,0.727609
27,61,2,"nb_glm",NA,"recursive_multi_step",12,4,"small",9.99900009999e-05,4,5.20923780754135,2.10930867313905,0.838464640023061,1.46225607518741
27,61,2,"inad_unconstrained",NA,"recursive_multi_step",12,4,"main",0.000999000999000999,4,5.609,2.59155078777039,1.15977969009606,2.588881
27,61,2,"inad_constrained_alpha",NA,"recursive_multi_step",12,4,"main",0.000999000999000999,4,4.853,2.38067670561286,1.02242761558043,0.727609
27,61,2,"nb_glm",NA,"recursive_multi_step",12,4,"main",0.000999000999000999,4,5.20923780754135,2.1354205386065,0.901714120027871,1.46225607518741
27,61,2,"inad_unconstrained",NA,"recursive_multi_step",12,4,"large",0.0099009900990099,4,5.609,2.69925181139704,1.60229451601466,2.588881
27,61,2,"inad_constrained_alpha",NA,"recursive_multi_step",12,4,"large",0.0099009900990099,4,4.853,2.57409174141043,1.83186552450701,0.727609
27,61,2,"nb_glm",NA,"recursive_multi_step",12,4,"large",0.0099009900990099,4,5.20923780754135,2.34746522587942,1.75345039984615,1.46225607518741
28,17,1,"inad_unconstrained",NA,"recursive_multi_step",9,1,"small",9.99900009999e-05,1,2.697,1.49726150442898,0.74684432687511,2.879809
28,17,1,"inad_constrained_alpha",NA,"recursive_multi_step",9,1,"small",9.99900009999e-05,1,2.483,1.53361262337479,0.667513006500221,2.199289
28,17,1,"nb_glm",NA,"recursive_multi_step",9,1,"small",9.99900009999e-05,1,2.47595201773805,1.50166695470946,0.684440898776339,2.17843435866501
28,17,1,"inad_unconstrained",NA,"recursive_multi_step",9,1,"main",0.000999000999000999,1,2.697,1.50751693352535,0.766596893768569,2.879809
28,17,1,"inad_constrained_alpha",NA,"recursive_multi_step",9,1,"main",0.000999000999000999,1,2.483,1.54372014587685,0.685860669011272,2.199289
28,17,1,"nb_glm",NA,"recursive_multi_step",9,1,"main",0.000999000999000999,1,2.47595201773805,1.51190571365506,0.702149513303199,2.17843435866501
28,17,1,"inad_unconstrained",NA,"recursive_multi_step",9,1,"large",0.0099009900990099,1,2.697,1.59991079035613,0.966114285849953,2.879809
28,17,1,"inad_constrained_alpha",NA,"recursive_multi_step",9,1,"large",0.0099009900990099,1,2.483,1.63471189056587,0.876321987800423,2.199289
28,17,1,"nb_glm",NA,"recursive_multi_step",9,1,"large",0.0099009900990099,1,2.47595201773805,1.6041401815326,0.8876147295202,2.17843435866501
28,49,2,"inad_unconstrained",NA,"recursive_multi_step",9,1,"small",9.99900009999e-05,15,4.032,5.28061428838519,9.30062890175529,120.297024
28,49,2,"inad_constrained_alpha",NA,"recursive_multi_step",9,1,"small",9.99900009999e-05,15,3.888,5.4986687517177,9.47313551185017,123.476544
28,49,2,"nb_glm",NA,"recursive_multi_step",9,1,"small",9.99900009999e-05,15,3.73846199845167,6.50249917134068,9.74724178678077,126.822238160317
28,49,2,"inad_unconstrained",NA,"recursive_multi_step",9,1,"main",0.000999000999000999,15,4.032,5.1369243152317,9.14242820061389,120.297024
28,49,2,"inad_constrained_alpha",NA,"recursive_multi_step",9,1,"main",0.000999000999000999,15,3.888,5.31732031367365,9.34287709338908,123.476544
28,49,2,"nb_glm",NA,"recursive_multi_step",9,1,"main",0.000999000999000999,15,3.73846199845167,6.0522291076406,9.57646105111836,126.822238160317
28,49,2,"inad_unconstrained",NA,"recursive_multi_step",9,1,"large",0.0099009900990099,15,4.032,4.39522814653242,7.9006338813491,120.297024
28,49,2,"inad_constrained_alpha",NA,"recursive_multi_step",9,1,"large",0.0099009900990099,15,3.888,4.44816643717843,8.29473724736111,123.476544
28,49,2,"nb_glm",NA,"recursive_multi_step",9,1,"large",0.0099009900990099,15,3.73846199845167,4.67141517513992,8.23750287548528,126.822238160317
28,17,1,"inad_unconstrained",NA,"recursive_multi_step",10,2,"small",9.99900009999e-05,3,3.481,1.95312232190736,0.619658653353981,0.231361
28,17,1,"inad_constrained_alpha",NA,"recursive_multi_step",10,2,"small",9.99900009999e-05,3,3.424,1.86528383490298,0.590626421094003,0.179776
28,17,1,"nb_glm",NA,"recursive_multi_step",10,2,"small",9.99900009999e-05,3,3.85805849165439,1.87380898234125,0.636727543993407,0.736264375100206
28,17,1,"inad_unconstrained",NA,"recursive_multi_step",10,2,"main",0.000999000999000999,3,3.481,1.9637207617307,0.633171897540369,0.231361
28,17,1,"inad_constrained_alpha",NA,"recursive_multi_step",10,2,"main",0.000999000999000999,3,3.424,1.873763292339,0.599943381016331,0.179776
28,17,1,"nb_glm",NA,"recursive_multi_step",10,2,"main",0.000999000999000999,3,3.85805849165439,1.88489279469025,0.653713534901305,0.736264375100206
28,17,1,"inad_unconstrained",NA,"recursive_multi_step",10,2,"large",0.0099009900990099,3,3.481,2.05689757724494,0.791700722291667,0.231361
28,17,1,"inad_constrained_alpha",NA,"recursive_multi_step",10,2,"large",0.0099009900990099,3,3.424,1.94946346315211,0.702098415370005,0.179776
28,17,1,"nb_glm",NA,"recursive_multi_step",10,2,"large",0.0099009900990099,3,3.85805849165439,1.98256824235797,0.836273479422643,0.736264375100206
28,49,2,"inad_unconstrained",NA,"recursive_multi_step",10,2,"small",9.99900009999e-05,25,5.423,9.2135352628727,17.3893322386438,383.258929
28,49,2,"inad_constrained_alpha",NA,"recursive_multi_step",10,2,"small",9.99900009999e-05,25,5.111,9.21303673352392,17.9156235659704,395.572321
28,49,2,"nb_glm",NA,"recursive_multi_step",10,2,"small",9.99900009999e-05,25,5.52139835752632,8.10305355108131,17.378186995617,379.415921946178
28,49,2,"inad_unconstrained",NA,"recursive_multi_step",10,2,"main",0.000999000999000999,25,5.423,6.93925394604151,16.9739915676276,383.258929
28,49,2,"inad_constrained_alpha",NA,"recursive_multi_step",10,2,"main",0.000999000999000999,25,5.111,6.93439720992856,17.6314186015924,395.572321
28,49,2,"nb_glm",NA,"recursive_multi_step",10,2,"main",0.000999000999000999,25,5.52139835752632,6.75376035410757,16.9637068918193,379.415921946178
28,49,2,"inad_unconstrained",NA,"recursive_multi_step",10,2,"large",0.0099009900990099,25,5.423,4.88280192258637,14.0030433609389,383.258929
28,49,2,"inad_constrained_alpha",NA,"recursive_multi_step",10,2,"large",0.0099009900990099,25,5.111,4.84418708645859,15.4894581213342,395.572321
28,49,2,"nb_glm",NA,"recursive_multi_step",10,2,"large",0.0099009900990099,25,5.52139835752632,4.86241052857443,13.9982988132483,379.415921946178
28,17,1,"inad_unconstrained",NA,"recursive_multi_step",11,3,"small",9.99900009999e-05,0,3.339,2.03399232853086,1.80116203010132,11.148921
28,17,1,"inad_constrained_alpha",NA,"recursive_multi_step",11,3,"small",9.99900009999e-05,0,3.465,2.08034032837838,1.93728570364553,12.006225
28,17,1,"nb_glm",NA,"recursive_multi_step",11,3,"small",9.99900009999e-05,0,3.97946303172858,2.63920578070842,2.40031309701697,15.8361260208944
28,17,1,"inad_unconstrained",NA,"recursive_multi_step",11,3,"main",0.000999000999000999,0,3.339,2.0467009112502,1.84173098375009,11.148921
28,17,1,"inad_constrained_alpha",NA,"recursive_multi_step",11,3,"main",0.000999000999000999,0,3.465,2.0883217184367,1.96289780457946,12.006225
28,17,1,"nb_glm",NA,"recursive_multi_step",11,3,"main",0.000999000999000999,0,3.97946303172858,2.64626724356035,2.43764904366289,15.8361260208944
28,17,1,"inad_unconstrained",NA,"recursive_multi_step",11,3,"large",0.0099009900990099,0,3.339,2.15676167167089,2.25612844821204,11.148921
28,17,1,"inad_constrained_alpha",NA,"recursive_multi_step",11,3,"large",0.0099009900990099,0,3.465,2.15877828391636,2.20869398398449,12.006225
28,17,1,"nb_glm",NA,"recursive_multi_step",11,3,"large",0.0099009900990099,0,3.97946303172858,2.70574602882909,2.81341535420697,15.8361260208944
28,49,2,"inad_unconstrained",NA,"recursive_multi_step",11,3,"small",9.99900009999e-05,8,5.387,2.93887277710703,1.96104754239013,6.827769
28,49,2,"inad_constrained_alpha",NA,"recursive_multi_step",11,3,"small",9.99900009999e-05,8,5.183,2.83191841801184,2.09314818055223,7.935489
28,49,2,"nb_glm",NA,"recursive_multi_step",11,3,"small",9.99900009999e-05,8,5.64622754020563,2.74284802888697,1.74045793550329,5.54024479248643
28,49,2,"inad_unconstrained",NA,"recursive_multi_step",11,3,"main",0.000999000999000999,8,5.387,2.95122500836064,1.91509956713239,6.827769
28,49,2,"inad_constrained_alpha",NA,"recursive_multi_step",11,3,"main",0.000999000999000999,8,5.183,2.84682929329955,2.03720276331396,7.935489
28,49,2,"nb_glm",NA,"recursive_multi_step",11,3,"main",0.000999000999000999,8,5.64622754020563,2.7590369407065,1.70325002479301,5.54024479248643
28,49,2,"inad_unconstrained",NA,"recursive_multi_step",11,3,"large",0.0099009900990099,8,5.387,3.04891265766652,1.80452930480062,6.827769
28,49,2,"inad_constrained_alpha",NA,"recursive_multi_step",11,3,"large",0.0099009900990099,8,5.183,2.96523899257572,1.88978898935528,7.935489
28,49,2,"nb_glm",NA,"recursive_multi_step",11,3,"large",0.0099009900990099,8,5.64622754020563,2.88836723699829,1.67925466516928,5.54024479248643
28,17,1,"inad_unconstrained",NA,"recursive_multi_step",12,4,"small",9.99900009999e-05,0,3.269,1.4669026080506,1.50403170332137,10.686361
28,17,1,"inad_constrained_alpha",NA,"recursive_multi_step",12,4,"small",9.99900009999e-05,0,2.607,1.35988876523702,1.19485412233572,6.796449
28,17,1,"nb_glm",NA,"recursive_multi_step",12,4,"small",9.99900009999e-05,0,3.90322070885556,2.60344971698141,2.34656103901676,15.2351319020389
28,17,1,"inad_unconstrained",NA,"recursive_multi_step",12,4,"main",0.000999000999000999,0,3.269,1.48080525221333,1.54469623845666,10.686361
28,17,1,"inad_constrained_alpha",NA,"recursive_multi_step",12,4,"main",0.000999000999000999,0,2.607,1.37065718289825,1.22046625460292,6.796449
28,17,1,"nb_glm",NA,"recursive_multi_step",12,4,"main",0.000999000999000999,0,3.90322070885556,2.60918817006007,2.37799424497563,15.2351319020389
28,17,1,"inad_unconstrained",NA,"recursive_multi_step",12,4,"large",0.0099009900990099,0,3.269,1.6040392881252,1.93895895860938,10.686361
28,17,1,"inad_constrained_alpha",NA,"recursive_multi_step",12,4,"large",0.0099009900990099,0,2.607,1.46793093090967,1.47036886602381,6.796449
28,17,1,"nb_glm",NA,"recursive_multi_step",12,4,"large",0.0099009900990099,0,3.90322070885556,2.65801999322025,2.68808059840736,15.2351319020389
28,49,2,"inad_unconstrained",NA,"recursive_multi_step",12,4,"small",9.99900009999e-05,6,5.474,2.6206155707431,1.26229959580118,0.276676
28,49,2,"inad_constrained_alpha",NA,"recursive_multi_step",12,4,"small",9.99900009999e-05,6,4.616,2.86644487794382,1.49934291895694,1.915456
28,49,2,"nb_glm",NA,"recursive_multi_step",12,4,"small",9.99900009999e-05,6,5.52032118516378,2.36236914646599,0.982866158737366,0.23009176540268
28,49,2,"inad_unconstrained",NA,"recursive_multi_step",12,4,"main",0.000999000999000999,6,5.474,2.64958777144836,1.29417276305649,0.276676
28,49,2,"inad_constrained_alpha",NA,"recursive_multi_step",12,4,"main",0.000999000999000999,6,4.616,2.88169713624342,1.48400828640561,1.915456
28,49,2,"nb_glm",NA,"recursive_multi_step",12,4,"main",0.000999000999000999,6,5.52032118516378,2.39411022329492,1.01684663002671,0.23009176540268
28,49,2,"inad_unconstrained",NA,"recursive_multi_step",12,4,"large",0.0099009900990099,6,5.474,2.87220003054182,2.22968597315559,0.276676
28,49,2,"inad_constrained_alpha",NA,"recursive_multi_step",12,4,"large",0.0099009900990099,6,4.616,3.00207588116601,1.6877724354455,1.915456
28,49,2,"nb_glm",NA,"recursive_multi_step",12,4,"large",0.0099009900990099,6,5.52032118516378,2.6412297729693,1.98706146883326,0.23009176540268
29,16,1,"inad_unconstrained",NA,"recursive_multi_step",9,1,"small",9.99900009999e-05,4,4.062,1.83355528306943,0.616993928752647,0.00384400000000003
29,16,1,"inad_constrained_alpha",NA,"recursive_multi_step",9,1,"small",9.99900009999e-05,4,4.158,1.98167529863329,0.634179371846288,0.0249640000000001
29,16,1,"nb_glm",NA,"recursive_multi_step",9,1,"small",9.99900009999e-05,4,4.29554220795518,2.05802903600592,0.701549805404019,0.0873451966830226
29,16,1,"inad_unconstrained",NA,"recursive_multi_step",9,1,"main",0.000999000999000999,4,4.062,1.84221473572541,0.623489154661801,0.00384400000000003
29,16,1,"inad_constrained_alpha",NA,"recursive_multi_step",9,1,"main",0.000999000999000999,4,4.158,1.99209165989792,0.644093153706267,0.0249640000000001
29,16,1,"nb_glm",NA,"recursive_multi_step",9,1,"main",0.000999000999000999,4,4.29554220795518,2.0679467296557,0.712467288155013,0.0873451966830226
29,16,1,"inad_unconstrained",NA,"recursive_multi_step",9,1,"large",0.0099009900990099,4,4.062,1.91959284073794,0.696042040032143,0.00384400000000003
29,16,1,"inad_constrained_alpha",NA,"recursive_multi_step",9,1,"large",0.0099009900990099,4,4.158,2.08358344084717,0.764115855277778,0.0249640000000001
29,16,1,"nb_glm",NA,"recursive_multi_step",9,1,"large",0.0099009900990099,4,4.29554220795518,2.15481876470183,0.838117055535618,0.0873451966830226
29,44,2,"inad_unconstrained",NA,"recursive_multi_step",9,1,"small",9.99900009999e-05,3,6.382,2.19205684133954,1.63229892101282,11.437924
29,44,2,"inad_constrained_alpha",NA,"recursive_multi_step",9,1,"small",9.99900009999e-05,3,6.749,2.2379840177927,1.87323803518494,14.055001
29,44,2,"nb_glm",NA,"recursive_multi_step",9,1,"small",9.99900009999e-05,3,6.89647840198752,2.36795447056504,1.91584274182797,15.1825439371552
29,44,2,"inad_unconstrained",NA,"recursive_multi_step",9,1,"main",0.000999000999000999,3,6.382,2.21667258543629,1.71954758566942,11.437924
29,44,2,"inad_constrained_alpha",NA,"recursive_multi_step",9,1,"main",0.000999000999000999,3,6.749,2.2648155912097,1.97362870298824,14.055001
29,44,2,"nb_glm",NA,"recursive_multi_step",9,1,"main",0.000999000999000999,3,6.89647840198752,2.39363217313788,2.02385636599853,15.1825439371552
29,44,2,"inad_unconstrained",NA,"recursive_multi_step",9,1,"large",0.0099009900990099,3,6.382,2.41667928862063,2.66192815028355,11.437924
29,44,2,"inad_constrained_alpha",NA,"recursive_multi_step",9,1,"large",0.0099009900990099,3,6.749,2.4800673144532,3.07253594301091,14.055001
29,44,2,"nb_glm",NA,"recursive_multi_step",9,1,"large",0.0099009900990099,3,6.89647840198752,2.59847449942762,3.15822381122286,15.1825439371552
29,16,1,"inad_unconstrained",NA,"recursive_multi_step",10,2,"small",9.99900009999e-05,5,4.499,2.38707780833601,0.942430825326084,0.251001
29,16,1,"inad_constrained_alpha",NA,"recursive_multi_step",10,2,"small",9.99900009999e-05,5,4.886,2.35542278112016,0.820160137418817,0.012996
29,16,1,"nb_glm",NA,"recursive_multi_step",10,2,"small",9.99900009999e-05,5,4.90159012579093,2.22972042879431,0.839035130800269,0.00968450334184459
29,16,1,"inad_unconstrained",NA,"recursive_multi_step",10,2,"main",0.000999000999000999,5,4.499,2.39690651446921,0.945660644057642,0.251001
29,16,1,"inad_constrained_alpha",NA,"recursive_multi_step",10,2,"main",0.000999000999000999,5,4.886,2.36905992444219,0.833561235945916,0.012996
29,16,1,"nb_glm",NA,"recursive_multi_step",10,2,"main",0.000999000999000999,5,4.90159012579093,2.24446717137369,0.852878177059848,0.00968450334184459
29,16,1,"inad_unconstrained",NA,"recursive_multi_step",10,2,"large",0.0099009900990099,5,4.499,2.48081746095292,1.03163732996232,0.251001
29,16,1,"inad_constrained_alpha",NA,"recursive_multi_step",10,2,"large",0.0099009900990099,5,4.886,2.48380489473833,1.048235999008,0.012996
29,16,1,"nb_glm",NA,"recursive_multi_step",10,2,"large",0.0099009900990099,5,4.90159012579093,2.36922316775742,1.06964749572349,0.00968450334184459
29,44,2,"inad_unconstrained",NA,"recursive_multi_step",10,2,"small",9.99900009999e-05,8,7.26,2.60563411968706,1.27462593126855,0.5476
29,44,2,"inad_constrained_alpha",NA,"recursive_multi_step",10,2,"small",9.99900009999e-05,8,7.701,2.46752153773716,1.18109649805088,0.0894010000000002
29,44,2,"nb_glm",NA,"recursive_multi_step",10,2,"small",9.99900009999e-05,8,7.56163440122961,2.62101950199455,1.26387523198939,0.192164398185326
29,44,2,"inad_unconstrained",NA,"recursive_multi_step",10,2,"main",0.000999000999000999,8,7.26,2.62271576130101,1.28560634340919,0.5476
29,44,2,"inad_constrained_alpha",NA,"recursive_multi_step",10,2,"main",0.000999000999000999,8,7.701,2.48875202800109,1.20543517318334,0.0894010000000002
29,44,2,"nb_glm",NA,"recursive_multi_step",10,2,"main",0.000999000999000999,8,7.56163440122961,2.6405228137896,1.28450769431857,0.192164398185326
29,44,2,"inad_unconstrained",NA,"recursive_multi_step",10,2,"large",0.0099009900990099,8,7.26,2.76083714774654,1.53137817409223,0.5476
29,44,2,"inad_constrained_alpha",NA,"recursive_multi_step",10,2,"large",0.0099009900990099,8,7.701,2.65978154933052,1.60157573397624,0.0894010000000002
29,44,2,"nb_glm",NA,"recursive_multi_step",10,2,"large",0.0099009900990099,8,7.56163440122961,2.79633257955008,1.65579547433557,0.192164398185326
29,16,1,"inad_unconstrained",NA,"recursive_multi_step",11,3,"small",9.99900009999e-05,4,3.732,2.21798710863991,0.799971065148806,0.0718239999999999
29,16,1,"inad_constrained_alpha",NA,"recursive_multi_step",11,3,"small",9.99900009999e-05,4,4.26,2.26420160169584,0.739514740423338,0.0675999999999999
29,16,1,"nb_glm",NA,"recursive_multi_step",11,3,"small",9.99900009999e-05,4,4.34474243486249,2.06154369574589,0.707048450529948,0.118847346394916
29,16,1,"inad_unconstrained",NA,"recursive_multi_step",11,3,"main",0.000999000999000999,4,3.732,2.23195224147372,0.808638826379627,0.0718239999999999
29,16,1,"inad_constrained_alpha",NA,"recursive_multi_step",11,3,"main",0.000999000999000999,4,4.26,2.27162669707261,0.748708128017135,0.0675999999999999
29,16,1,"nb_glm",NA,"recursive_multi_step",11,3,"main",0.000999000999000999,4,4.34474243486249,2.07669460618227,0.726916031650788,0.118847346394916
29,16,1,"inad_unconstrained",NA,"recursive_multi_step",11,3,"large",0.0099009900990099,4,3.732,2.35062553827293,0.99830617271353,0.0718239999999999
29,16,1,"inad_constrained_alpha",NA,"recursive_multi_step",11,3,"large",0.0099009900990099,4,4.26,2.33642869213284,0.852634115952263,0.0675999999999999
29,16,1,"nb_glm",NA,"recursive_multi_step",11,3,"large",0.0099009900990099,4,4.34474243486249,2.2062038254175,0.991078519080665,0.118847346394916
29,44,2,"inad_unconstrained",NA,"recursive_multi_step",11,3,"small",9.99900009999e-05,2,6.14,2.33451063750811,2.15107704856543,17.1396
29,44,2,"inad_constrained_alpha",NA,"recursive_multi_step",11,3,"small",9.99900009999e-05,2,6.615,2.55345815340304,2.38835229810197,21.298225
29,44,2,"nb_glm",NA,"recursive_multi_step",11,3,"small",9.99900009999e-05,2,6.59906322943843,2.46810124457034,2.40864749290417,21.1513825883727
29,44,2,"inad_unconstrained",NA,"recursive_multi_step",11,3,"main",0.000999000999000999,2,6.14,2.34746624066676,2.19763647492866,17.1396
29,44,2,"inad_constrained_alpha",NA,"recursive_multi_step",11,3,"main",0.000999000999000999,2,6.615,2.57461635658795,2.48802241552508,21.298225
29,44,2,"nb_glm",NA,"recursive_multi_step",11,3,"main",0.000999000999000999,2,6.59906322943843,2.49019214105964,2.50701719043897,21.1513825883727
29,44,2,"inad_unconstrained",NA,"recursive_multi_step",11,3,"large",0.0099009900990099,2,6.14,2.45701358918647,2.63138109611993,17.1396
29,44,2,"inad_constrained_alpha",NA,"recursive_multi_step",11,3,"large",0.0099009900990099,2,6.615,2.74367737874536,3.50121308931947,21.298225
29,44,2,"nb_glm",NA,"recursive_multi_step",11,3,"large",0.0099009900990099,2,6.59906322943843,2.66749377166453,3.51206751675109,21.1513825883727
29,16,1,"inad_unconstrained",NA,"recursive_multi_step",12,4,"small",9.99900009999e-05,0,3.458,1.55399170262204,1.64065646448668,11.957764
29,16,1,"inad_constrained_alpha",NA,"recursive_multi_step",12,4,"small",9.99900009999e-05,0,2.685,1.52919545043776,1.30477908862572,7.209225
29,16,1,"nb_glm",NA,"recursive_multi_step",12,4,"small",9.99900009999e-05,0,3.96198261552105,2.57689380117392,2.36611695781494,15.6973062456911
29,16,1,"inad_unconstrained",NA,"recursive_multi_step",12,4,"main",0.000999000999000999,0,3.458,1.5789030791824,1.72684658496234,11.957764
29,16,1,"inad_constrained_alpha",NA,"recursive_multi_step",12,4,"main",0.000999000999000999,0,2.685,1.54108705268444,1.33440096796875,7.209225
29,16,1,"nb_glm",NA,"recursive_multi_step",12,4,"main",0.000999000999000999,0,3.96198261552105,2.59431511692258,2.43901520599156,15.6973062456911
29,16,1,"inad_unconstrained",NA,"recursive_multi_step",12,4,"large",0.0099009900990099,0,3.458,1.78824327024787,2.6887392399198,11.957764
29,16,1,"inad_constrained_alpha",NA,"recursive_multi_step",12,4,"large",0.0099009900990099,0,2.685,1.6472444998842,1.63146894294188,7.209225
29,16,1,"nb_glm",NA,"recursive_multi_step",12,4,"large",0.0099009900990099,0,3.96198261552105,2.73541194860866,3.28719988698729,15.6973062456911
29,44,2,"inad_unconstrained",NA,"recursive_multi_step",12,4,"small",9.99900009999e-05,7,6.098,2.97796260035057,1.51736122593897,0.813604
29,44,2,"inad_constrained_alpha",NA,"recursive_multi_step",12,4,"small",9.99900009999e-05,7,5.114,2.81533878065099,1.81212834261069,3.556996
29,44,2,"nb_glm",NA,"recursive_multi_step",12,4,"small",9.99900009999e-05,7,5.94938650009897,2.53487576952935,1.22419546619996,1.10378872617429
29,44,2,"inad_unconstrained",NA,"recursive_multi_step",12,4,"main",0.000999000999000999,7,6.098,2.99571306144268,1.52473882940459,0.813604
29,44,2,"inad_constrained_alpha",NA,"recursive_multi_step",12,4,"main",0.000999000999000999,7,5.114,2.8322302209228,1.78177035259711,3.556996
29,44,2,"nb_glm",NA,"recursive_multi_step",12,4,"main",0.000999000999000999,7,5.94938650009897,2.5588341652237,1.2295332285033,1.10378872617429
29,44,2,"inad_unconstrained",NA,"recursive_multi_step",12,4,"large",0.0099009900990099,7,6.098,3.13214522015194,1.97171575816106,0.813604
29,44,2,"inad_constrained_alpha",NA,"recursive_multi_step",12,4,"large",0.0099009900990099,7,5.114,2.96553587432297,1.88014698183174,3.556996
29,44,2,"nb_glm",NA,"recursive_multi_step",12,4,"large",0.0099009900990099,7,5.94938650009897,2.74839103382893,1.68721153723819,1.10378872617429
30,11,1,"inad_unconstrained",NA,"recursive_multi_step",9,1,"small",9.99900009999e-05,3,2.82,2.06477898253888,0.669517300954813,0.0324000000000001
30,11,1,"inad_constrained_alpha",NA,"recursive_multi_step",9,1,"small",9.99900009999e-05,3,2.617,2.04125017260269,0.687430905268183,0.146689
30,11,1,"nb_glm",NA,"recursive_multi_step",9,1,"small",9.99900009999e-05,3,2.56348321873002,1.86412831152606,0.60332758942095,0.190546900330305
30,11,1,"inad_unconstrained",NA,"recursive_multi_step",9,1,"main",0.000999000999000999,3,2.82,2.07551585863773,0.674956571174771,0.0324000000000001
30,11,1,"inad_constrained_alpha",NA,"recursive_multi_step",9,1,"main",0.000999000999000999,3,2.617,2.05038783567939,0.688597363900416,0.146689
30,11,1,"nb_glm",NA,"recursive_multi_step",9,1,"main",0.000999000999000999,3,2.56348321873002,1.87614302919927,0.604892981206897,0.190546900330305
30,11,1,"inad_unconstrained",NA,"recursive_multi_step",9,1,"large",0.0099009900990099,3,2.82,2.16916734319026,0.788013210299843,0.0324000000000001
30,11,1,"inad_constrained_alpha",NA,"recursive_multi_step",9,1,"large",0.0099009900990099,3,2.617,2.13082329641509,0.74759824708707,0.146689
30,11,1,"nb_glm",NA,"recursive_multi_step",9,1,"large",0.0099009900990099,3,2.56348321873002,1.98161876085692,0.692821235744801,0.190546900330305
30,58,2,"inad_unconstrained",NA,"recursive_multi_step",9,1,"small",9.99900009999e-05,6,6.276,2.4788437267936,0.996251898425974,0.0761759999999999
30,58,2,"inad_constrained_alpha",NA,"recursive_multi_step",9,1,"small",9.99900009999e-05,6,6.412,2.22739473913634,0.888975612784761,0.169744
30,58,2,"nb_glm",NA,"recursive_multi_step",9,1,"small",9.99900009999e-05,6,6.25796079792719,2.3834564515136,0.978701800126793,0.0665437732672338
30,58,2,"inad_unconstrained",NA,"recursive_multi_step",9,1,"main",0.000999000999000999,6,6.276,2.4956149422401,1.02265076424005,0.0761759999999999
30,58,2,"inad_constrained_alpha",NA,"recursive_multi_step",9,1,"main",0.000999000999000999,6,6.412,2.24303222864166,0.911913210756408,0.169744
30,58,2,"nb_glm",NA,"recursive_multi_step",9,1,"main",0.000999000999000999,6,6.25796079792719,2.40119518413886,1.00594353282347,0.0665437732672338
30,58,2,"inad_unconstrained",NA,"recursive_multi_step",9,1,"large",0.0099009900990099,6,6.276,2.63319575438321,1.38138121751607,0.0761759999999999
30,58,2,"inad_constrained_alpha",NA,"recursive_multi_step",9,1,"large",0.0099009900990099,6,6.412,2.37481982076609,1.17882822973633,0.169744
30,58,2,"nb_glm",NA,"recursive_multi_step",9,1,"large",0.0099009900990099,6,6.25796079792719,2.54738751314946,1.37047723437964,0.0665437732672338
30,11,1,"inad_unconstrained",NA,"recursive_multi_step",10,2,"small",9.99900009999e-05,4,3.772,2.11293691327397,0.766600002008002,0.0519840000000001
30,11,1,"inad_constrained_alpha",NA,"recursive_multi_step",10,2,"small",9.99900009999e-05,4,3.346,2.07227867694073,0.794214656112661,0.427716
30,11,1,"nb_glm",NA,"recursive_multi_step",10,2,"small",9.99900009999e-05,4,3.92875820070582,2.05809362776958,0.702049957288217,0.0050753939666729
30,11,1,"inad_unconstrained",NA,"recursive_multi_step",10,2,"main",0.000999000999000999,4,3.772,2.12156467672269,0.770903368061782,0.0519840000000001
30,11,1,"inad_constrained_alpha",NA,"recursive_multi_step",10,2,"main",0.000999000999000999,4,3.346,2.07943367543742,0.793063913838395,0.427716
30,11,1,"nb_glm",NA,"recursive_multi_step",10,2,"main",0.000999000999000999,4,3.92875820070582,2.06712644886282,0.708262970236402,0.0050753939666729
30,11,1,"inad_unconstrained",NA,"recursive_multi_step",10,2,"large",0.0099009900990099,4,3.772,2.19731701858357,0.839371298919568,0.0519840000000001
30,11,1,"inad_constrained_alpha",NA,"recursive_multi_step",10,2,"large",0.0099009900990099,4,3.346,2.14288209031131,0.806194636569508,0.427716
30,11,1,"nb_glm",NA,"recursive_multi_step",10,2,"large",0.0099009900990099,4,3.92875820070582,2.14658073486181,0.791746587377069,0.0050753939666729
30,58,2,"inad_unconstrained",NA,"recursive_multi_step",10,2,"small",9.99900009999e-05,14,7.101,3.64851644005868,4.9672067312967,47.596201
30,58,2,"inad_constrained_alpha",NA,"recursive_multi_step",10,2,"small",9.99900009999e-05,14,6.377,4.01453998544312,5.64019240491678,58.110129
30,58,2,"nb_glm",NA,"recursive_multi_step",10,2,"small",9.99900009999e-05,14,7.09846778304389,3.78710310762006,4.97782974477738,47.6311469416831
30,58,2,"inad_unconstrained",NA,"recursive_multi_step",10,2,"main",0.000999000999000999,14,7.101,3.63857108039922,4.86267702318828,47.596201
30,58,2,"inad_constrained_alpha",NA,"recursive_multi_step",10,2,"main",0.000999000999000999,14,6.377,3.98998454689786,5.50951392458345,58.110129
30,58,2,"nb_glm",NA,"recursive_multi_step",10,2,"main",0.000999000999000999,14,7.09846778304389,3.7721807944429,4.87214525014121,47.6311469416831
30,58,2,"inad_unconstrained",NA,"recursive_multi_step",10,2,"large",0.0099009900990099,14,7.101,3.56390015158696,4.11262902056885,47.596201
30,58,2,"inad_constrained_alpha",NA,"recursive_multi_step",10,2,"large",0.0099009900990099,14,6.377,3.81600285044313,4.57176725323486,58.110129
30,58,2,"nb_glm",NA,"recursive_multi_step",10,2,"large",0.0099009900990099,14,7.09846778304389,3.66245428721952,4.11486816703682,47.6311469416831
30,11,1,"inad_unconstrained",NA,"recursive_multi_step",11,3,"small",9.99900009999e-05,3,3.409,1.8279274149146,0.605269533863205,0.167281
30,11,1,"inad_constrained_alpha",NA,"recursive_multi_step",11,3,"small",9.99900009999e-05,3,3.446,1.93934543390913,0.651702394783422,0.198916
30,11,1,"nb_glm",NA,"recursive_multi_step",11,3,"small",9.99900009999e-05,3,3.87103777058831,1.89505849900716,0.649423249131943,0.758706797791445
30,11,1,"inad_unconstrained",NA,"recursive_multi_step",11,3,"main",0.000999000999000999,3,3.409,1.84190509707801,0.622239710013769,0.167281
30,11,1,"inad_constrained_alpha",NA,"recursive_multi_step",11,3,"main",0.000999000999000999,3,3.446,1.95179041769579,0.667636697169128,0.198916
30,11,1,"nb_glm",NA,"recursive_multi_step",11,3,"main",0.000999000999000999,3,3.87103777058831,1.90865306677903,0.671834438219776,0.758706797791445
30,11,1,"inad_unconstrained",NA,"recursive_multi_step",11,3,"large",0.0099009900990099,3,3.409,1.96373473396787,0.843218036948906,0.167281
30,11,1,"inad_constrained_alpha",NA,"recursive_multi_step",11,3,"large",0.0099009900990099,3,3.446,2.06034633265812,0.866198414807847,0.198916
30,11,1,"nb_glm",NA,"recursive_multi_step",11,3,"large",0.0099009900990099,3,3.87103777058831,2.02691018246807,0.927907354458466,0.758706797791445
30,58,2,"inad_unconstrained",NA,"recursive_multi_step",11,3,"small",9.99900009999e-05,14,5.853,4.26457640065418,6.12453588245086,66.373609
30,58,2,"inad_constrained_alpha",NA,"recursive_multi_step",11,3,"small",9.99900009999e-05,14,5.927,3.77041972515856,6.05418110481715,65.173329
30,58,2,"nb_glm",NA,"recursive_multi_step",11,3,"small",9.99900009999e-05,14,6.20713551606497,4.10570593087731,5.81788436861007,60.728736864976
30,58,2,"inad_unconstrained",NA,"recursive_multi_step",11,3,"main",0.000999000999000999,14,5.853,4.22930138486615,5.94673536393998,66.373609
30,58,2,"inad_constrained_alpha",NA,"recursive_multi_step",11,3,"main",0.000999000999000999,14,5.927,3.75441132095766,5.92834132881057,65.173329
30,58,2,"nb_glm",NA,"recursive_multi_step",11,3,"main",0.000999000999000999,14,6.20713551606497,4.07926520504804,5.65278672557197,60.728736864976
30,58,2,"inad_unconstrained",NA,"recursive_multi_step",11,3,"large",0.0099009900990099,14,5.853,3.99391220052581,4.73328588013519,66.373609
30,58,2,"inad_constrained_alpha",NA,"recursive_multi_step",11,3,"large",0.0099009900990099,14,5.927,3.63541391757902,4.99445339172336,65.173329
30,58,2,"nb_glm",NA,"recursive_multi_step",11,3,"large",0.0099009900990099,14,6.20713551606497,3.89711556941122,4.52835462052946,60.728736864976
30,11,1,"inad_unconstrained",NA,"recursive_multi_step",12,4,"small",9.99900009999e-05,3,3.319,2.22669644991648,0.777287912308919,0.101761
30,11,1,"inad_constrained_alpha",NA,"recursive_multi_step",12,4,"small",9.99900009999e-05,3,2.31,2.10461336669842,0.804968366159559,0.4761
30,11,1,"nb_glm",NA,"recursive_multi_step",12,4,"small",9.99900009999e-05,3,3.82530036317629,1.89009078620973,0.639310212824799,0.68112068945891
30,11,1,"inad_unconstrained",NA,"recursive_multi_step",12,4,"main",0.000999000999000999,3,3.319,2.23619960079122,0.78918555585496,0.101761
30,11,1,"inad_constrained_alpha",NA,"recursive_multi_step",12,4,"main",0.000999000999000999,3,2.31,2.11241946339729,0.800659451603939,0.4761
30,11,1,"nb_glm",NA,"recursive_multi_step",12,4,"main",0.000999000999000999,3,3.82530036317629,1.90195872220114,0.657763856875718,0.68112068945891
30,11,1,"inad_unconstrained",NA,"recursive_multi_step",12,4,"large",0.0099009900990099,3,3.319,2.31858010244321,0.944200138720033,0.101761
30,11,1,"inad_constrained_alpha",NA,"recursive_multi_step",12,4,"large",0.0099009900990099,3,2.31,2.18126782047468,0.807749376903189,0.4761
30,11,1,"nb_glm",NA,"recursive_multi_step",12,4,"large",0.0099009900990099,3,3.82530036317629,2.00606134630941,0.86141973879356,0.68112068945891
30,58,2,"inad_unconstrained",NA,"recursive_multi_step",12,4,"small",9.99900009999e-05,5,6.032,2.64716162331566,1.13602665083495,1.065024
30,58,2,"inad_constrained_alpha",NA,"recursive_multi_step",12,4,"small",9.99900009999e-05,5,4.7,2.54003774052512,1.10779152640758,0.0899999999999999
30,58,2,"nb_glm",NA,"recursive_multi_step",12,4,"small",9.99900009999e-05,5,5.78662483393475,2.25534515453175,0.889573951311957,0.618778629362876
30,58,2,"inad_unconstrained",NA,"recursive_multi_step",12,4,"main",0.000999000999000999,5,6.032,2.66547067858042,1.18732680885422,1.065024
30,58,2,"inad_constrained_alpha",NA,"recursive_multi_step",12,4,"main",0.000999000999000999,5,4.7,2.55527083660045,1.11964765479448,0.0899999999999999
30,58,2,"nb_glm",NA,"recursive_multi_step",12,4,"main",0.000999000999000999,5,5.78662483393475,2.27771082217479,0.936044142280644,0.618778629362876
30,58,2,"inad_unconstrained",NA,"recursive_multi_step",12,4,"large",0.0099009900990099,5,6.032,2.81206358533348,1.81377215808823,1.065024
30,58,2,"inad_constrained_alpha",NA,"recursive_multi_step",12,4,"large",0.0099009900990099,5,4.7,2.68030880566248,1.39457213379174,0.0899999999999999
30,58,2,"nb_glm",NA,"recursive_multi_step",12,4,"large",0.0099009900990099,5,5.78662483393475,2.46031689629814,1.5507513869995,0.618778629362876
31,24,1,"inad_unconstrained",NA,"recursive_multi_step",9,1,"small",9.99900009999e-05,7,3.618,3.12279444962742,2.40349044841716,11.437924
31,24,1,"inad_constrained_alpha",NA,"recursive_multi_step",9,1,"small",9.99900009999e-05,7,3.766,3.12449029521316,2.35694283505131,10.458756
31,24,1,"nb_glm",NA,"recursive_multi_step",9,1,"small",9.99900009999e-05,7,3.70943725086956,2.97487889617923,2.31032309009959,10.8278032059649
31,24,1,"inad_unconstrained",NA,"recursive_multi_step",9,1,"main",0.000999000999000999,7,3.618,3.11598883830365,2.37469322218907,11.437924
31,24,1,"inad_constrained_alpha",NA,"recursive_multi_step",9,1,"main",0.000999000999000999,7,3.766,3.13258267928486,2.27414795861639,10.458756
31,24,1,"nb_glm",NA,"recursive_multi_step",9,1,"main",0.000999000999000999,7,3.70943725086956,2.98575130284191,2.22863922957112,10.8278032059649
31,24,1,"inad_unconstrained",NA,"recursive_multi_step",9,1,"large",0.0099009900990099,7,3.618,3.05907610631714,2.14105169173603,11.437924
31,24,1,"inad_constrained_alpha",NA,"recursive_multi_step",9,1,"large",0.0099009900990099,7,3.766,3.19583504343253,1.93474868064899,10.458756
31,24,1,"nb_glm",NA,"recursive_multi_step",9,1,"large",0.0099009900990099,7,3.70943725086956,3.07181548380278,1.89796979686722,10.8278032059649
31,56,2,"inad_unconstrained",NA,"recursive_multi_step",9,1,"small",9.99900009999e-05,5,7.408,2.18227879238025,1.20022575452059,5.798464
31,56,2,"inad_constrained_alpha",NA,"recursive_multi_step",9,1,"small",9.99900009999e-05,5,7.91,2.33461037320859,1.48684441202832,8.4681
31,56,2,"nb_glm",NA,"recursive_multi_step",9,1,"small",9.99900009999e-05,5,7.68854950836379,2.39904918997705,1.37389419431268,7.22829845892317
31,56,2,"inad_unconstrained",NA,"recursive_multi_step",9,1,"main",0.000999000999000999,5,7.408,2.19915355031153,1.24256622055625,5.798464
31,56,2,"inad_constrained_alpha",NA,"recursive_multi_step",9,1,"main",0.000999000999000999,5,7.91,2.34844042486461,1.52213964241431,8.4681
31,56,2,"nb_glm",NA,"recursive_multi_step",9,1,"main",0.000999000999000999,5,7.68854950836379,2.41406690253242,1.41950646854427,7.22829845892317
31,56,2,"inad_unconstrained",NA,"recursive_multi_step",9,1,"large",0.0099009900990099,5,7.408,2.34106809382786,1.65482167778379,5.798464
31,56,2,"inad_constrained_alpha",NA,"recursive_multi_step",9,1,"large",0.0099009900990099,5,7.91,2.46491876869359,1.84895751156302,8.4681
31,56,2,"nb_glm",NA,"recursive_multi_step",9,1,"large",0.0099009900990099,5,7.68854950836379,2.53911909451762,1.84468961592884,7.22829845892317
31,24,1,"inad_unconstrained",NA,"recursive_multi_step",10,2,"small",9.99900009999e-05,5,4.314,2.40903258939289,1.00080732347043,0.470596
31,24,1,"inad_constrained_alpha",NA,"recursive_multi_step",10,2,"small",9.99900009999e-05,5,4.915,2.37637833169916,0.856093327937999,0.00722499999999999
31,24,1,"nb_glm",NA,"recursive_multi_step",10,2,"small",9.99900009999e-05,5,4.62533659471466,2.23393712577734,0.857983456299297,0.140372667260003
31,24,1,"inad_unconstrained",NA,"recursive_multi_step",10,2,"main",0.000999000999000999,5,4.314,2.41864673719491,1.00080618015745,0.470596
31,24,1,"inad_constrained_alpha",NA,"recursive_multi_step",10,2,"main",0.000999000999000999,5,4.915,2.38718815072304,0.866960806815147,0.00722499999999999
31,24,1,"nb_glm",NA,"recursive_multi_step",10,2,"main",0.000999000999000999,5,4.62533659471466,2.24602254073197,0.864369443668704,0.140372667260003
31,24,1,"inad_unconstrained",NA,"recursive_multi_step",10,2,"large",0.0099009900990099,5,4.314,2.5006395210069,1.06354588631106,0.470596
31,24,1,"inad_constrained_alpha",NA,"recursive_multi_step",10,2,"large",0.0099009900990099,5,4.915,2.47914906299875,1.01864102282778,0.00722499999999999
31,24,1,"nb_glm",NA,"recursive_multi_step",10,2,"large",0.0099009900990099,5,4.62533659471466,2.34947600748834,0.986601905242346,0.140372667260003
31,56,2,"inad_unconstrained",NA,"recursive_multi_step",10,2,"small",9.99900009999e-05,7,8.216,2.44339460222444,1.14183614265251,1.478656
31,56,2,"inad_constrained_alpha",NA,"recursive_multi_step",10,2,"small",9.99900009999e-05,7,7.919,2.38817468235534,1.04142585322541,0.844560999999999
31,56,2,"nb_glm",NA,"recursive_multi_step",10,2,"small",9.99900009999e-05,7,8.08144060431187,2.52475655690719,1.17406090056047,1.16951378065442
31,56,2,"inad_unconstrained",NA,"recursive_multi_step",10,2,"main",0.000999000999000999,7,8.216,2.45704548355234,1.17032393438205,1.478656
31,56,2,"inad_constrained_alpha",NA,"recursive_multi_step",10,2,"main",0.000999000999000999,7,7.919,2.40760180358596,1.08235600138895,0.844560999999999
31,56,2,"nb_glm",NA,"recursive_multi_step",10,2,"main",0.000999000999000999,7,8.08144060431187,2.54279160036222,1.21672677985427,1.16951378065442
31,56,2,"inad_unconstrained",NA,"recursive_multi_step",10,2,"large",0.0099009900990099,7,8.216,2.57097528947594,1.44234125195313,1.478656
31,56,2,"inad_constrained_alpha",NA,"recursive_multi_step",10,2,"large",0.0099009900990099,7,7.919,2.56647290553141,1.53649951108265,0.844560999999999
31,56,2,"nb_glm",NA,"recursive_multi_step",10,2,"large",0.0099009900990099,7,8.08144060431187,2.6892425313488,1.67370073932328,1.16951378065442
31,24,1,"inad_unconstrained",NA,"recursive_multi_step",11,3,"small",9.99900009999e-05,6,3.535,2.70396826921916,1.74473066313109,6.076225
31,24,1,"inad_constrained_alpha",NA,"recursive_multi_step",11,3,"small",9.99900009999e-05,6,4.225,2.6739988951946,1.36015037686209,3.150625
31,24,1,"nb_glm",NA,"recursive_multi_step",11,3,"small",9.99900009999e-05,6,4.08475854860482,2.5345535007698,1.41597151037142,3.66814981714232
31,24,1,"inad_unconstrained",NA,"recursive_multi_step",11,3,"main",0.000999000999000999,6,3.535,2.7119553773624,1.70596073702701,6.076225
31,24,1,"inad_constrained_alpha",NA,"recursive_multi_step",11,3,"main",0.000999000999000999,6,4.225,2.67709656238496,1.34681501876804,3.150625
31,24,1,"nb_glm",NA,"recursive_multi_step",11,3,"main",0.000999000999000999,6,4.08475854860482,2.54460398070119,1.39246560617027,3.66814981714232
31,24,1,"inad_unconstrained",NA,"recursive_multi_step",11,3,"large",0.0099009900990099,6,3.535,2.77842974786479,1.505009864896,6.076225
31,24,1,"inad_constrained_alpha",NA,"recursive_multi_step",11,3,"large",0.0099009900990099,6,4.225,2.70356447869592,1.26144723557658,3.150625
31,24,1,"nb_glm",NA,"recursive_multi_step",11,3,"large",0.0099009900990099,6,4.08475854860482,2.62908391239165,1.30096503735857,3.66814981714232
31,56,2,"inad_unconstrained",NA,"recursive_multi_step",11,3,"small",9.99900009999e-05,10,6.565,2.99782568009031,2.46312160143505,11.799225
31,56,2,"inad_constrained_alpha",NA,"recursive_multi_step",11,3,"small",9.99900009999e-05,10,6.558,2.95758573204919,2.4222417194609,11.847364
31,56,2,"nb_glm",NA,"recursive_multi_step",11,3,"small",9.99900009999e-05,10,6.62093089715609,3.02934160018357,2.39769873692381,11.4181080017944
31,56,2,"inad_unconstrained",NA,"recursive_multi_step",11,3,"main",0.000999000999000999,10,6.565,3.01609167770264,2.3840966961651,11.799225
31,56,2,"inad_constrained_alpha",NA,"recursive_multi_step",11,3,"main",0.000999000999000999,10,6.558,2.96701191938485,2.37021256889764,11.847364
31,56,2,"nb_glm",NA,"recursive_multi_step",11,3,"main",0.000999000999000999,10,6.62093089715609,3.04704359429751,2.32227329894468,11.4181080017944
31,56,2,"inad_unconstrained",NA,"recursive_multi_step",11,3,"large",0.0099009900990099,10,6.565,3.15576878555851,2.24240865974013,11.799225
31,56,2,"inad_constrained_alpha",NA,"recursive_multi_step",11,3,"large",0.0099009900990099,10,6.558,3.04229591064192,2.09956273224171,11.847364
31,56,2,"nb_glm",NA,"recursive_multi_step",11,3,"large",0.0099009900990099,10,6.62093089715609,3.18206132004376,2.20336034725065,11.4181080017944
31,24,1,"inad_unconstrained",NA,"recursive_multi_step",12,4,"small",9.99900009999e-05,5,3.113,2.50251347661593,1.49438348360819,3.560769
31,24,1,"inad_constrained_alpha",NA,"recursive_multi_step",12,4,"small",9.99900009999e-05,5,2.669,2.76493267556008,1.73743299842625,5.433561
31,24,1,"nb_glm",NA,"recursive_multi_step",12,4,"small",9.99900009999e-05,5,3.80410632160146,2.30283707049179,1.03500859308325,1.4301616900336
31,24,1,"inad_unconstrained",NA,"recursive_multi_step",12,4,"main",0.000999000999000999,5,3.113,2.51554237411448,1.46301086152989,3.560769
31,24,1,"inad_constrained_alpha",NA,"recursive_multi_step",12,4,"main",0.000999000999000999,5,2.669,2.767690932098,1.70507065089869,5.433561
31,24,1,"nb_glm",NA,"recursive_multi_step",12,4,"main",0.000999000999000999,5,3.80410632160146,2.31782858941888,1.02475421914279,1.4301616900336
31,24,1,"inad_unconstrained",NA,"recursive_multi_step",12,4,"large",0.0099009900990099,5,3.113,2.62395322310063,1.39346047918701,3.560769
31,24,1,"inad_constrained_alpha",NA,"recursive_multi_step",12,4,"large",0.0099009900990099,5,2.669,2.79102428439547,1.49317390243056,5.433561
31,24,1,"nb_glm",NA,"recursive_multi_step",12,4,"large",0.0099009900990099,5,3.80410632160146,2.44377027905032,1.10346305544372,1.4301616900336
31,56,2,"inad_unconstrained",NA,"recursive_multi_step",12,4,"small",9.99900009999e-05,10,6.584,3.24632158945122,2.69619945034186,11.669056
31,56,2,"inad_constrained_alpha",NA,"recursive_multi_step",12,4,"small",9.99900009999e-05,10,4.84,3.47404132181805,3.8108342411517,26.6256
31,56,2,"nb_glm",NA,"recursive_multi_step",12,4,"small",9.99900009999e-05,10,5.91375644025464,3.17260373606525,2.83759763262951,16.6973864295604
31,56,2,"inad_unconstrained",NA,"recursive_multi_step",12,4,"main",0.000999000999000999,10,6.584,3.26478488577082,2.60772398720937,11.669056
31,56,2,"inad_constrained_alpha",NA,"recursive_multi_step",12,4,"main",0.000999000999000999,10,4.84,3.47641823895515,3.66746735474277,26.6256
31,56,2,"nb_glm",NA,"recursive_multi_step",12,4,"main",0.000999000999000999,10,5.91375644025464,3.1926655894463,2.70900359267635,16.6973864295604
31,56,2,"inad_unconstrained",NA,"recursive_multi_step",12,4,"large",0.0099009900990099,10,6.584,3.40004939220563,2.63595140832725,11.669056
31,56,2,"inad_constrained_alpha",NA,"recursive_multi_step",12,4,"large",0.0099009900990099,10,4.84,3.49413537732142,2.91715209645329,26.6256
31,56,2,"nb_glm",NA,"recursive_multi_step",12,4,"large",0.0099009900990099,10,5.91375644025464,3.34067747466232,2.54139127640125,16.6973864295604
32,13,1,"inad_unconstrained",NA,"recursive_multi_step",9,1,"small",9.99900009999e-05,2,4.043,1.82183904152404,0.964700243128572,4.173849
32,13,1,"inad_constrained_alpha",NA,"recursive_multi_step",9,1,"small",9.99900009999e-05,2,4.154,1.827528253149,1.0345092137894,4.639716
32,13,1,"nb_glm",NA,"recursive_multi_step",9,1,"small",9.99900009999e-05,2,4.29639059508208,1.93424485659882,1.09046270854781,5.27340976518143
32,13,1,"inad_unconstrained",NA,"recursive_multi_step",9,1,"main",0.000999000999000999,2,4.043,1.83672823331887,0.999388613604546,4.173849
32,13,1,"inad_constrained_alpha",NA,"recursive_multi_step",9,1,"main",0.000999000999000999,2,4.154,1.8379873643491,1.05701603778069,4.639716
32,13,1,"nb_glm",NA,"recursive_multi_step",9,1,"main",0.000999000999000999,2,4.29639059508208,1.94848169803487,1.12716209032146,5.27340976518143
32,13,1,"inad_unconstrained",NA,"recursive_multi_step",9,1,"large",0.0099009900990099,2,4.043,1.96599765563542,1.3641315491025,4.173849
32,13,1,"inad_constrained_alpha",NA,"recursive_multi_step",9,1,"large",0.0099009900990099,2,4.154,1.93067387170698,1.27485906404915,4.639716
32,13,1,"nb_glm",NA,"recursive_multi_step",9,1,"large",0.0099009900990099,2,4.29639059508208,2.07167415448731,1.50129668745647,5.27340976518143
32,43,2,"inad_unconstrained",NA,"recursive_multi_step",9,1,"small",9.99900009999e-05,4,4.937,2.23718696683888,0.838854086372332,0.877969000000001
32,43,2,"inad_constrained_alpha",NA,"recursive_multi_step",9,1,"small",9.99900009999e-05,4,4.675,2.10551134630478,0.759594501356749,0.455625
32,43,2,"nb_glm",NA,"recursive_multi_step",9,1,"small",9.99900009999e-05,4,4.65664417551726,2.08435034079942,0.744412523021383,0.431181573240741
32,43,2,"inad_unconstrained",NA,"recursive_multi_step",9,1,"main",0.000999000999000999,4,4.937,2.25710099171437,0.882118309099804,0.877969000000001
32,43,2,"inad_constrained_alpha",NA,"recursive_multi_step",9,1,"main",0.000999000999000999,4,4.675,2.12122147621538,0.785884837526038,0.455625
32,43,2,"nb_glm",NA,"recursive_multi_step",9,1,"main",0.000999000999000999,4,4.65664417551726,2.10544505302012,0.782136575576272,0.431181573240741
32,43,2,"inad_unconstrained",NA,"recursive_multi_step",9,1,"large",0.0099009900990099,4,4.937,2.42165655229678,1.43549800096105,0.877969000000001
32,43,2,"inad_constrained_alpha",NA,"recursive_multi_step",9,1,"large",0.0099009900990099,4,4.675,2.2547702824676,1.10643441000682,0.455625
32,43,2,"nb_glm",NA,"recursive_multi_step",9,1,"large",0.0099009900990099,4,4.65664417551726,2.28077531113478,1.30883202874522,0.431181573240741
32,13,1,"inad_unconstrained",NA,"recursive_multi_step",10,2,"small",9.99900009999e-05,3,4.585,2.14722372461396,0.86072942727521,2.512225
32,13,1,"inad_constrained_alpha",NA,"recursive_multi_step",10,2,"small",9.99900009999e-05,3,4.94,2.06497854350542,0.980549727517242,3.7636
32,13,1,"nb_glm",NA,"recursive_multi_step",10,2,"small",9.99900009999e-05,3,5.00361732496726,2.04654890480744,0.998843401226304,4.01448238490896
32,13,1,"inad_unconstrained",NA,"recursive_multi_step",10,2,"main",0.000999000999000999,3,4.585,2.16174736707796,0.896766466412267,2.512225
32,13,1,"inad_constrained_alpha",NA,"recursive_multi_step",10,2,"main",0.000999000999000999,3,4.94,2.07747280642469,1.01090648533199,3.7636
32,13,1,"nb_glm",NA,"recursive_multi_step",10,2,"main",0.000999000999000999,3,5.00361732496726,2.06180834804122,1.03776368919935,4.01448238490896
32,13,1,"inad_unconstrained",NA,"recursive_multi_step",10,2,"large",0.0099009900990099,3,4.585,2.28550949220379,1.28217889877803,2.512225
32,13,1,"inad_constrained_alpha",NA,"recursive_multi_step",10,2,"large",0.0099009900990099,3,4.94,2.18556115296594,1.31058859065371,3.7636
32,13,1,"nb_glm",NA,"recursive_multi_step",10,2,"large",0.0099009900990099,3,5.00361732496726,2.19230816632386,1.4367280830404,4.01448238490896
32,43,2,"inad_unconstrained",NA,"recursive_multi_step",10,2,"small",9.99900009999e-05,3,6.59,2.26539860932006,1.74642874296647,12.8881
32,43,2,"inad_constrained_alpha",NA,"recursive_multi_step",10,2,"small",9.99900009999e-05,3,6.573,2.31442174665598,1.7603169476798,12.766329
32,43,2,"nb_glm",NA,"recursive_multi_step",10,2,"small",9.99900009999e-05,3,6.37791617046336,2.27448067918517,1.62797695701208,11.4103176546778
32,43,2,"inad_unconstrained",NA,"recursive_multi_step",10,2,"main",0.000999000999000999,3,6.59,2.28333414786684,1.81071073285661,12.8881
32,43,2,"inad_constrained_alpha",NA,"recursive_multi_step",10,2,"main",0.000999000999000999,3,6.573,2.33018303957276,1.81547622181895,12.766329
32,43,2,"nb_glm",NA,"recursive_multi_step",10,2,"main",0.000999000999000999,3,6.37791617046336,2.29234655839268,1.69095352829541,11.4103176546778
32,43,2,"inad_unconstrained",NA,"recursive_multi_step",10,2,"large",0.0099009900990099,3,6.59,2.43250252222246,2.42916012516753,12.8881
32,43,2,"inad_constrained_alpha",NA,"recursive_multi_step",10,2,"large",0.0099009900990099,3,6.573,2.46200804478669,2.3388613416862,12.766329
32,43,2,"nb_glm",NA,"recursive_multi_step",10,2,"large",0.0099009900990099,3,6.37791617046336,2.44086725337994,2.30736283191186,11.4103176546778
32,13,1,"inad_unconstrained",NA,"recursive_multi_step",11,3,"small",9.99900009999e-05,2,3.928,1.93282881885003,0.892273603669259,3.717184
32,13,1,"inad_constrained_alpha",NA,"recursive_multi_step",11,3,"small",9.99900009999e-05,2,4.24,2.0187522172482,1.08980261349919,5.0176
32,13,1,"nb_glm",NA,"recursive_multi_step",11,3,"small",9.99900009999e-05,2,4.3273223871078,1.94152866295488,1.10662214793301,5.41642949353316
32,13,1,"inad_unconstrained",NA,"recursive_multi_step",11,3,"main",0.000999000999000999,2,3.928,1.9488237461853,0.933416927706151,3.717184
32,13,1,"inad_constrained_alpha",NA,"recursive_multi_step",11,3,"main",0.000999000999000999,2,4.24,2.03068492573878,1.12121404667185,5.0176
32,13,1,"nb_glm",NA,"recursive_multi_step",11,3,"main",0.000999000999000999,2,4.3273223871078,1.95747147810284,1.1491264113632,5.41642949353316
32,13,1,"inad_unconstrained",NA,"recursive_multi_step",11,3,"large",0.0099009900990099,2,3.928,2.08613052983063,1.37682513164525,3.717184
32,13,1,"inad_constrained_alpha",NA,"recursive_multi_step",11,3,"large",0.0099009900990099,2,4.24,2.13450379334783,1.43212772937382,5.0176
32,13,1,"nb_glm",NA,"recursive_multi_step",11,3,"large",0.0099009900990099,2,4.3273223871078,2.09429192894583,1.59369721547566,5.41642949353316
32,43,2,"inad_unconstrained",NA,"recursive_multi_step",11,3,"small",9.99900009999e-05,6,5.614,2.30487993061876,1.01156800301437,0.148996
32,43,2,"inad_constrained_alpha",NA,"recursive_multi_step",11,3,"small",9.99900009999e-05,6,5.928,2.2954376715728,1.00465685789382,0.00518400000000001
32,43,2,"nb_glm",NA,"recursive_multi_step",11,3,"small",9.99900009999e-05,6,5.96781101103402,2.3870718499428,0.983198917755655,0.0010361310106518
32,43,2,"inad_unconstrained",NA,"recursive_multi_step",11,3,"main",0.000999000999000999,6,5.614,2.32507992904195,1.02832341781555,0.148996
32,43,2,"inad_constrained_alpha",NA,"recursive_multi_step",11,3,"main",0.000999000999000999,6,5.928,2.32005147165728,1.03755004452901,0.00518400000000001
32,43,2,"nb_glm",NA,"recursive_multi_step",11,3,"main",0.000999000999000999,6,5.96781101103402,2.41084053341058,1.0164906719349,0.0010361310106518
32,43,2,"inad_unconstrained",NA,"recursive_multi_step",11,3,"large",0.0099009900990099,6,5.614,2.49089469163262,1.37956982056137,0.148996
32,43,2,"inad_constrained_alpha",NA,"recursive_multi_step",11,3,"large",0.0099009900990099,6,5.928,2.51847087310109,1.62581365457274,0.00518400000000001
32,43,2,"nb_glm",NA,"recursive_multi_step",11,3,"large",0.0099009900990099,6,5.96781101103402,2.60166247779416,1.60826224222657,0.0010361310106518
32,13,1,"inad_unconstrained",NA,"recursive_multi_step",12,4,"small",9.99900009999e-05,2,3.325,2.03439133102992,0.743869129532401,1.755625
32,13,1,"inad_constrained_alpha",NA,"recursive_multi_step",12,4,"small",9.99900009999e-05,2,2.8,1.89865097100666,0.600279573382398,0.64
32,13,1,"nb_glm",NA,"recursive_multi_step",12,4,"small",9.99900009999e-05,2,3.96654760472962,1.86186658404097,0.936747068562067,3.86730948166781
32,13,1,"inad_unconstrained",NA,"recursive_multi_step",12,4,"main",0.000999000999000999,2,3.325,2.05060335522713,0.782035451554854,1.755625
32,13,1,"inad_constrained_alpha",NA,"recursive_multi_step",12,4,"main",0.000999000999000999,2,2.8,1.91222204472616,0.622728533934559,0.64
32,13,1,"nb_glm",NA,"recursive_multi_step",12,4,"main",0.000999000999000999,2,3.96654760472962,1.87915891797538,0.979428698963427,3.86730948166781
32,13,1,"inad_unconstrained",NA,"recursive_multi_step",12,4,"large",0.0099009900990099,2,3.325,2.18876440275707,1.23201006776614,1.755625
32,13,1,"inad_constrained_alpha",NA,"recursive_multi_step",12,4,"large",0.0099009900990099,2,2.8,2.03026430570375,0.901141376825963,0.64
32,13,1,"nb_glm",NA,"recursive_multi_step",12,4,"large",0.0099009900990099,2,3.96654760472962,2.02732746386233,1.45047100936873,3.86730948166781
32,43,2,"inad_unconstrained",NA,"recursive_multi_step",12,4,"small",9.99900009999e-05,6,5.864,2.57959917177662,1.23556740705328,0.018496
32,43,2,"inad_constrained_alpha",NA,"recursive_multi_step",12,4,"small",9.99900009999e-05,6,4.54,2.79913560272356,1.46950173547341,2.1316
32,43,2,"nb_glm",NA,"recursive_multi_step",12,4,"small",9.99900009999e-05,6,5.66498189644426,2.39054416823642,0.99885046050007,0.112237129710084
32,43,2,"inad_unconstrained",NA,"recursive_multi_step",12,4,"main",0.000999000999000999,6,5.864,2.60218404407176,1.26646518382212,0.018496
32,43,2,"inad_constrained_alpha",NA,"recursive_multi_step",12,4,"main",0.000999000999000999,6,4.54,2.8188582198064,1.45229586769231,2.1316
32,43,2,"nb_glm",NA,"recursive_multi_step",12,4,"main",0.000999000999000999,6,5.66498189644426,2.41514242590647,1.02491898755843,0.112237129710084
32,43,2,"inad_unconstrained",NA,"recursive_multi_step",12,4,"large",0.0099009900990099,6,5.864,2.78108182964468,1.86308587867347,0.018496
32,43,2,"inad_constrained_alpha",NA,"recursive_multi_step",12,4,"large",0.0099009900990099,6,4.54,2.9729927865845,1.78623865795918,2.1316
32,43,2,"nb_glm",NA,"recursive_multi_step",12,4,"large",0.0099009900990099,6,5.66498189644426,2.6118776496079,1.6131433924187,0.112237129710084
33,20,1,"inad_unconstrained",NA,"recursive_multi_step",9,1,"small",9.99900009999e-05,2,2.027,1.93183091436646,0.54981682053725,0.000729000000000007
33,20,1,"inad_constrained_alpha",NA,"recursive_multi_step",9,1,"small",9.99900009999e-05,2,2.147,1.75558426150532,0.524231619135237,0.0216089999999999
33,20,1,"nb_glm",NA,"recursive_multi_step",9,1,"small",9.99900009999e-05,2,1.72812366810372,1.57586479198947,0.438637598488365,0.0739167398453757
33,20,1,"inad_unconstrained",NA,"recursive_multi_step",9,1,"main",0.000999000999000999,2,2.027,1.93902934859301,0.553891607704872,0.000729000000000007
33,20,1,"inad_constrained_alpha",NA,"recursive_multi_step",9,1,"main",0.000999000999000999,2,2.147,1.76554613896439,0.531719733844821,0.0216089999999999
33,20,1,"nb_glm",NA,"recursive_multi_step",9,1,"main",0.000999000999000999,2,1.72812366810372,1.58667696106401,0.440491860041542,0.0739167398453757
33,20,1,"inad_unconstrained",NA,"recursive_multi_step",9,1,"large",0.0099009900990099,2,2.027,2.00343881398552,0.619652199985137,0.000729000000000007
33,20,1,"inad_constrained_alpha",NA,"recursive_multi_step",9,1,"large",0.0099009900990099,2,2.147,1.85437441788916,0.641602187374318,0.0216089999999999
33,20,1,"nb_glm",NA,"recursive_multi_step",9,1,"large",0.0099009900990099,2,1.72812366810372,1.6835089401324,0.511050524810393,0.0739167398453757
33,38,2,"inad_unconstrained",NA,"recursive_multi_step",9,1,"small",9.99900009999e-05,6,5.707,2.5023140151612,1.02119853511846,0.0858490000000001
33,38,2,"inad_constrained_alpha",NA,"recursive_multi_step",9,1,"small",9.99900009999e-05,6,5.856,2.33510890255736,0.949818714463219,0.020736
33,38,2,"nb_glm",NA,"recursive_multi_step",9,1,"small",9.99900009999e-05,6,5.75123480839603,2.38099878191322,0.985010443530812,0.0618841205537615
33,38,2,"inad_unconstrained",NA,"recursive_multi_step",9,1,"main",0.000999000999000999,6,5.707,2.51359495383008,1.03007798631013,0.0858490000000001
33,38,2,"inad_constrained_alpha",NA,"recursive_multi_step",9,1,"main",0.000999000999000999,6,5.856,2.35329716097756,0.969139739519485,0.020736
33,38,2,"nb_glm",NA,"recursive_multi_step",9,1,"main",0.000999000999000999,6,5.75123480839603,2.39875844077598,1.00228754404629,0.0618841205537615
33,38,2,"inad_unconstrained",NA,"recursive_multi_step",9,1,"large",0.0099009900990099,6,5.707,2.60820486613249,1.1740976138196,0.0858490000000001
33,38,2,"inad_constrained_alpha",NA,"recursive_multi_step",9,1,"large",0.0099009900990099,6,5.856,2.50353360482137,1.28921064864555,0.020736
33,38,2,"nb_glm",NA,"recursive_multi_step",9,1,"large",0.0099009900990099,6,5.75123480839603,2.54514383004185,1.30884104998804,0.0618841205537615
33,20,1,"inad_unconstrained",NA,"recursive_multi_step",10,2,"small",9.99900009999e-05,6,3.007,3.24353107538209,2.22776415532883,8.958049
33,20,1,"inad_constrained_alpha",NA,"recursive_multi_step",10,2,"small",9.99900009999e-05,6,4.01,2.67409870057419,1.50752777749573,3.9601
33,20,1,"nb_glm",NA,"recursive_multi_step",10,2,"small",9.99900009999e-05,6,3.39812049194481,2.72827536938515,1.82395611404932,6.76977697443749
33,20,1,"inad_unconstrained",NA,"recursive_multi_step",10,2,"main",0.000999000999000999,6,3.007,3.23770392716815,2.18516831476067,8.958049
33,20,1,"inad_constrained_alpha",NA,"recursive_multi_step",10,2,"main",0.000999000999000999,6,4.01,2.67807743544055,1.48904420961361,3.9601
33,20,1,"nb_glm",NA,"recursive_multi_step",10,2,"main",0.000999000999000999,6,3.39812049194481,2.73154018234989,1.79199343068755,6.76977697443749
33,20,1,"inad_unconstrained",NA,"recursive_multi_step",10,2,"large",0.0099009900990099,6,3.007,3.19032886122356,1.88228236645833,8.958049
33,20,1,"inad_constrained_alpha",NA,"recursive_multi_step",10,2,"large",0.0099009900990099,6,4.01,2.71193272836643,1.37147139458333,3.9601
33,20,1,"nb_glm",NA,"recursive_multi_step",10,2,"large",0.0099009900990099,6,3.39812049194481,2.75922453178562,1.57277147627033,6.76977697443749
33,38,2,"inad_unconstrained",NA,"recursive_multi_step",10,2,"small",9.99900009999e-05,7,6.933,2.64676297870205,1.18195594233885,0.00448900000000002
33,38,2,"inad_constrained_alpha",NA,"recursive_multi_step",10,2,"small",9.99900009999e-05,7,6.569,2.60503597392105,1.12963353782714,0.185761
33,38,2,"nb_glm",NA,"recursive_multi_step",10,2,"small",9.99900009999e-05,7,6.88829191327884,2.5065294436035,1.11231432349547,0.0124786966389014
33,38,2,"inad_unconstrained",NA,"recursive_multi_step",10,2,"main",0.000999000999000999,7,6.933,2.6616022018025,1.20243839938537,0.00448900000000002
33,38,2,"inad_constrained_alpha",NA,"recursive_multi_step",10,2,"main",0.000999000999000999,7,6.569,2.61689615224775,1.14004239143571,0.185761
33,38,2,"nb_glm",NA,"recursive_multi_step",10,2,"main",0.000999000999000999,7,6.88829191327884,2.5230137763637,1.13231995222349,0.0124786966389014
33,38,2,"inad_unconstrained",NA,"recursive_multi_step",10,2,"large",0.0099009900990099,7,6.933,2.7822106221838,1.49091272193526,0.00448900000000002
33,38,2,"inad_constrained_alpha",NA,"recursive_multi_step",10,2,"large",0.0099009900990099,7,6.569,2.71502761171525,1.30119658148193,0.185761
33,38,2,"nb_glm",NA,"recursive_multi_step",10,2,"large",0.0099009900990099,7,6.88829191327884,2.65803320742183,1.42158491453765,0.0124786966389014
33,20,1,"inad_unconstrained",NA,"recursive_multi_step",11,3,"small",9.99900009999e-05,3,3.374,1.95292270118607,0.648383844868098,0.139876
33,20,1,"inad_constrained_alpha",NA,"recursive_multi_step",11,3,"small",9.99900009999e-05,3,3.69,2.17257811741011,0.717141647498397,0.4761
33,20,1,"nb_glm",NA,"recursive_multi_step",11,3,"small",9.99900009999e-05,3,3.67603360804986,1.87444382352785,0.610890048628862,0.457021439212911
33,20,1,"inad_unconstrained",NA,"recursive_multi_step",11,3,"main",0.000999000999000999,3,3.374,1.96175805256285,0.658123177045017,0.139876
33,20,1,"inad_constrained_alpha",NA,"recursive_multi_step",11,3,"main",0.000999000999000999,3,3.69,2.18163496458492,0.732235007206843,0.4761
33,20,1,"nb_glm",NA,"recursive_multi_step",11,3,"main",0.000999000999000999,3,3.67603360804986,1.88552326244106,0.626395734655295,0.457021439212911
33,20,1,"inad_unconstrained",NA,"recursive_multi_step",11,3,"large",0.0099009900990099,3,3.374,2.04009045892856,0.770104347026716,0.139876
33,20,1,"inad_constrained_alpha",NA,"recursive_multi_step",11,3,"large",0.0099009900990099,3,3.69,2.26064372520587,0.899679520694444,0.4761
33,20,1,"nb_glm",NA,"recursive_multi_step",11,3,"large",0.0099009900990099,3,3.67603360804986,1.98315900132771,0.79913974590846,0.457021439212911
33,38,2,"inad_unconstrained",NA,"recursive_multi_step",11,3,"small",9.99900009999e-05,6,6,2.51566561799029,1.05885191621778,0
33,38,2,"inad_constrained_alpha",NA,"recursive_multi_step",11,3,"small",9.99900009999e-05,6,6.18,2.41022911959847,1.04400479162882,0.0323999999999999
33,38,2,"nb_glm",NA,"recursive_multi_step",11,3,"small",9.99900009999e-05,6,6.22288297757945,2.38108166712282,0.9765030685468,0.0496768216946838
33,38,2,"inad_unconstrained",NA,"recursive_multi_step",11,3,"main",0.000999000999000999,6,6,2.53638064364542,1.08839539920902,0
33,38,2,"inad_constrained_alpha",NA,"recursive_multi_step",11,3,"main",0.000999000999000999,6,6.18,2.43030867694275,1.07506767195687,0.0323999999999999
33,38,2,"nb_glm",NA,"recursive_multi_step",11,3,"main",0.000999000999000999,6,6.22288297757945,2.40317913539432,1.01249426546015,0.0496768216946838
33,38,2,"inad_unconstrained",NA,"recursive_multi_step",11,3,"large",0.0099009900990099,6,6,2.70284479466656,1.59164038851297,0
33,38,2,"inad_constrained_alpha",NA,"recursive_multi_step",11,3,"large",0.0099009900990099,6,6.18,2.59372994407291,1.53058333563786,0.0323999999999999
33,38,2,"nb_glm",NA,"recursive_multi_step",11,3,"large",0.0099009900990099,6,6.22288297757945,2.58193779697809,1.55537196547837,0.0496768216946838
33,20,1,"inad_unconstrained",NA,"recursive_multi_step",12,4,"small",9.99900009999e-05,1,2.989,1.8279274149146,0.859380464155041,3.956121
33,20,1,"inad_constrained_alpha",NA,"recursive_multi_step",12,4,"small",9.99900009999e-05,1,2.693,1.75042261923989,0.739162459649545,2.866249
33,20,1,"nb_glm",NA,"recursive_multi_step",12,4,"small",9.99900009999e-05,1,3.66770711207392,1.90738572042037,1.33537215992214,7.11666123580976
33,20,1,"inad_unconstrained",NA,"recursive_multi_step",12,4,"main",0.000999000999000999,1,2.989,1.84190509707801,0.896781630782329,3.956121
33,20,1,"inad_constrained_alpha",NA,"recursive_multi_step",12,4,"main",0.000999000999000999,1,2.693,1.76569203993629,0.776031273997307,2.866249
33,20,1,"nb_glm",NA,"recursive_multi_step",12,4,"main",0.000999000999000999,1,3.66770711207392,1.92178322794413,1.37413699547404,7.11666123580976
33,20,1,"inad_unconstrained",NA,"recursive_multi_step",12,4,"large",0.0099009900990099,1,2.989,1.96373473396787,1.29095693575253,3.956121
33,20,1,"inad_constrained_alpha",NA,"recursive_multi_step",12,4,"large",0.0099009900990099,1,2.693,1.89851881225122,1.18729876190166,2.866249
33,20,1,"nb_glm",NA,"recursive_multi_step",12,4,"large",0.0099009900990099,1,3.66770711207392,2.04647186182306,1.77961151066751,7.11666123580976
33,38,2,"inad_unconstrained",NA,"recursive_multi_step",12,4,"small",9.99900009999e-05,11,5.759,3.32445790053092,3.66185247004112,27.468081
33,38,2,"inad_constrained_alpha",NA,"recursive_multi_step",12,4,"small",9.99900009999e-05,11,4.811,4.33873698889506,4.70346022887427,38.303721
33,38,2,"nb_glm",NA,"recursive_multi_step",12,4,"small",9.99900009999e-05,11,5.71065546537153,3.48502708894588,3.74915331072151,27.977165606004
33,38,2,"inad_unconstrained",NA,"recursive_multi_step",12,4,"main",0.000999000999000999,11,5.759,3.32639407143116,3.56034687797671,27.468081
33,38,2,"inad_constrained_alpha",NA,"recursive_multi_step",12,4,"main",0.000999000999000999,11,4.811,4.30410173804145,4.51533589665222,38.303721
33,38,2,"nb_glm",NA,"recursive_multi_step",12,4,"main",0.000999000999000999,11,5.71065546537153,3.48796173323558,3.60779039157926,27.977165606004
33,38,2,"inad_unconstrained",NA,"recursive_multi_step",12,4,"large",0.0099009900990099,11,5.759,3.34134539772365,2.92872897622516,27.468081
33,38,2,"inad_constrained_alpha",NA,"recursive_multi_step",12,4,"large",0.0099009900990099,11,4.811,4.08143554257882,3.47445219494912,38.303721
33,38,2,"nb_glm",NA,"recursive_multi_step",12,4,"large",0.0099009900990099,11,5.71065546537153,3.50972842181305,2.87616156285468,27.977165606004
34,14,1,"inad_unconstrained",NA,"recursive_multi_step",9,1,"small",9.99900009999e-05,2,3.928,1.76750495960531,0.930819408131498,3.717184
34,14,1,"inad_constrained_alpha",NA,"recursive_multi_step",9,1,"small",9.99900009999e-05,2,4.073,1.83385472909653,0.996778584110232,4.297329
34,14,1,"nb_glm",NA,"recursive_multi_step",9,1,"small",9.99900009999e-05,2,4.12933063130447,1.8948811987221,1.01176062569086,4.53404893741151
34,14,1,"inad_unconstrained",NA,"recursive_multi_step",9,1,"main",0.000999000999000999,2,3.928,1.78004964918034,0.957065986395393,3.717184
34,14,1,"inad_constrained_alpha",NA,"recursive_multi_step",9,1,"main",0.000999000999000999,2,4.073,1.84516024595517,1.02095130536428,4.297329
34,14,1,"nb_glm",NA,"recursive_multi_step",9,1,"main",0.000999000999000999,2,4.12933063130447,1.90672395988229,1.03956680756917,4.53404893741151
34,14,1,"inad_unconstrained",NA,"recursive_multi_step",9,1,"large",0.0099009900990099,2,3.928,1.89047544216721,1.22441095034492,3.717184
34,14,1,"inad_constrained_alpha",NA,"recursive_multi_step",9,1,"large",0.0099009900990099,2,4.073,1.94491064872223,1.26115043756944,4.297329
34,14,1,"nb_glm",NA,"recursive_multi_step",9,1,"large",0.0099009900990099,2,4.12933063130447,2.01058761689936,1.31576022082122,4.53404893741151
34,46,2,"inad_unconstrained",NA,"recursive_multi_step",9,1,"small",9.99900009999e-05,8,3.566,3.44189477024851,3.39415642653011,19.660356
34,46,2,"inad_constrained_alpha",NA,"recursive_multi_step",9,1,"small",9.99900009999e-05,8,3.427,3.53951407925993,3.44343899100429,20.912329
34,46,2,"nb_glm",NA,"recursive_multi_step",9,1,"small",9.99900009999e-05,8,2.06869975052495,4.9799167046241,4.95381000807161,35.1803226494228
34,46,2,"inad_unconstrained",NA,"recursive_multi_step",9,1,"main",0.000999000999000999,8,3.566,3.44080769543317,3.27903025020297,19.660356
34,46,2,"inad_constrained_alpha",NA,"recursive_multi_step",9,1,"main",0.000999000999000999,8,3.427,3.53125944432323,3.34831323076521,20.912329
34,46,2,"nb_glm",NA,"recursive_multi_step",9,1,"main",0.000999000999000999,8,2.06869975052495,4.8838963918842,4.75439864309754,35.1803226494228
34,46,2,"inad_unconstrained",NA,"recursive_multi_step",9,1,"large",0.0099009900990099,8,3.566,3.43252262864515,2.62656715727522,19.660356
34,46,2,"inad_constrained_alpha",NA,"recursive_multi_step",9,1,"large",0.0099009900990099,8,3.427,3.46789696637516,2.71803680454774,20.912329
34,46,2,"nb_glm",NA,"recursive_multi_step",9,1,"large",0.0099009900990099,8,2.06869975052495,4.35264751670669,3.53398458095712,35.1803226494228
34,14,1,"inad_unconstrained",NA,"recursive_multi_step",10,2,"small",9.99900009999e-05,2,4.548,1.93974447621291,1.21827831033956,6.492304
34,14,1,"inad_constrained_alpha",NA,"recursive_multi_step",10,2,"small",9.99900009999e-05,2,5.012,2.05694195121747,1.45019757832874,9.072144
34,14,1,"nb_glm",NA,"recursive_multi_step",10,2,"small",9.99900009999e-05,2,4.92981424217087,2.08073308419733,1.42461814226089,8.58381149362729
34,14,1,"inad_unconstrained",NA,"recursive_multi_step",10,2,"main",0.000999000999000999,2,4.548,1.95569667266285,1.26202635138447,6.492304
34,14,1,"inad_constrained_alpha",NA,"recursive_multi_step",10,2,"main",0.000999000999000999,2,5.012,2.06773365769369,1.47970588350228,9.072144
34,14,1,"nb_glm",NA,"recursive_multi_step",10,2,"main",0.000999000999000999,2,4.92981424217087,2.0957513767091,1.46960861134402,8.58381149362729
34,14,1,"inad_unconstrained",NA,"recursive_multi_step",10,2,"large",0.0099009900990099,2,4.548,2.09260719487634,1.71057605631141,6.492304
34,14,1,"inad_constrained_alpha",NA,"recursive_multi_step",10,2,"large",0.0099009900990099,2,5.012,2.16188934313085,1.75693557161396,9.072144
34,14,1,"nb_glm",NA,"recursive_multi_step",10,2,"large",0.0099009900990099,2,4.92981424217087,2.22403655348319,1.91887335487224,8.58381149362729
34,46,2,"inad_unconstrained",NA,"recursive_multi_step",10,2,"small",9.99900009999e-05,2,5.617,2.18217907657022,1.6789864328277,13.082689
34,46,2,"inad_constrained_alpha",NA,"recursive_multi_step",10,2,"small",9.99900009999e-05,2,5.768,2.20031988224353,1.84317356600963,14.197824
34,46,2,"nb_glm",NA,"recursive_multi_step",10,2,"small",9.99900009999e-05,2,4.58378268638853,2.00073586045896,1.24296797831191,6.67593297048113
34,46,2,"inad_unconstrained",NA,"recursive_multi_step",10,2,"main",0.000999000999000999,2,5.617,2.19818126049259,1.73727242702104,13.082689
34,46,2,"inad_constrained_alpha",NA,"recursive_multi_step",10,2,"main",0.000999000999000999,2,5.768,2.21879503208034,1.91110036368785,14.197824
34,46,2,"nb_glm",NA,"recursive_multi_step",10,2,"main",0.000999000999000999,2,4.58378268638853,2.0206646808214,1.30197859034093,6.67593297048113
34,46,2,"inad_unconstrained",NA,"recursive_multi_step",10,2,"large",0.0099009900990099,2,5.617,2.33328595338581,2.29621239727783,13.082689
34,46,2,"inad_constrained_alpha",NA,"recursive_multi_step",10,2,"large",0.0099009900990099,2,5.768,2.37286013835027,2.58378759314725,14.197824
34,46,2,"nb_glm",NA,"recursive_multi_step",10,2,"large",0.0099009900990099,2,4.58378268638853,2.18805447416827,1.95030617264962,6.67593297048113
34,14,1,"inad_unconstrained",NA,"recursive_multi_step",11,3,"small",9.99900009999e-05,2,3.946,1.9257611582643,0.915528877736429,3.786916
34,14,1,"inad_constrained_alpha",NA,"recursive_multi_step",11,3,"small",9.99900009999e-05,2,4.201,1.91196521376673,1.04468331454093,4.844401
34,14,1,"nb_glm",NA,"recursive_multi_step",11,3,"small",9.99900009999e-05,2,4.31514866724719,1.93785830755695,1.10393522421878,5.35991335145644
34,14,1,"inad_unconstrained",NA,"recursive_multi_step",11,3,"main",0.000999000999000999,2,3.946,1.94004651443589,0.951422080602646,3.786916
34,14,1,"inad_constrained_alpha",NA,"recursive_multi_step",11,3,"main",0.000999000999000999,2,4.201,1.92457766921227,1.07602305943892,4.844401
34,14,1,"nb_glm",NA,"recursive_multi_step",11,3,"main",0.000999000999000999,2,4.31514866724719,1.95207246772047,1.14051721502887,5.35991335145644
34,14,1,"inad_unconstrained",NA,"recursive_multi_step",11,3,"large",0.0099009900990099,2,3.946,2.06369520084276,1.32558517104579,3.786916
34,14,1,"inad_constrained_alpha",NA,"recursive_multi_step",11,3,"large",0.0099009900990099,2,4.201,2.03468761521415,1.38763989619726,4.844401
34,14,1,"nb_glm",NA,"recursive_multi_step",11,3,"large",0.0099009900990099,2,4.31514866724719,2.07505519315828,1.51346490019187,5.35991335145644
34,46,2,"inad_unconstrained",NA,"recursive_multi_step",11,3,"small",9.99900009999e-05,2,5.598,2.33421137070953,1.80146597162943,12.945604
34,46,2,"inad_constrained_alpha",NA,"recursive_multi_step",11,3,"small",9.99900009999e-05,2,5.721,2.21838599177244,1.78833832793829,13.845841
34,46,2,"nb_glm",NA,"recursive_multi_step",11,3,"small",9.99900009999e-05,2,5.18288685790762,2.14073725922198,1.56677787339718,10.130768750241
34,46,2,"inad_unconstrained",NA,"recursive_multi_step",11,3,"main",0.000999000999000999,2,5.598,2.34453798088767,1.83791507869538,12.945604
34,46,2,"inad_constrained_alpha",NA,"recursive_multi_step",11,3,"main",0.000999000999000999,2,5.721,2.23584329696669,1.85390397689415,13.845841
34,46,2,"nb_glm",NA,"recursive_multi_step",11,3,"main",0.000999000999000999,2,5.18288685790762,2.15880693286266,1.62623972159908,10.130768750241
34,46,2,"inad_unconstrained",NA,"recursive_multi_step",11,3,"large",0.0099009900990099,2,5.598,2.43291603760741,2.1756126506709,12.945604
34,46,2,"inad_constrained_alpha",NA,"recursive_multi_step",11,3,"large",0.0099009900990099,2,5.721,2.38187808177704,2.49278357911243,13.845841
34,46,2,"nb_glm",NA,"recursive_multi_step",11,3,"large",0.0099009900990099,2,5.18288685790762,2.31041958673053,2.23853006008314,10.130768750241
34,14,1,"inad_unconstrained",NA,"recursive_multi_step",12,4,"small",9.99900009999e-05,3,3.658,2.13068740055501,0.798522706190561,0.432964
34,14,1,"inad_constrained_alpha",NA,"recursive_multi_step",12,4,"small",9.99900009999e-05,3,2.751,2.16405163866974,0.728591851570638,0.0620010000000001
34,14,1,"nb_glm",NA,"recursive_multi_step",12,4,"small",9.99900009999e-05,3,3.97919804439782,1.90210196399625,0.672679734727702,0.958828810152519
34,14,1,"inad_unconstrained",NA,"recursive_multi_step",12,4,"main",0.000999000999000999,3,3.658,2.14883116315153,0.830816481483646,0.432964
34,14,1,"inad_constrained_alpha",NA,"recursive_multi_step",12,4,"main",0.000999000999000999,3,2.751,2.17493569143886,0.73314996899043,0.0620010000000001
34,14,1,"nb_glm",NA,"recursive_multi_step",12,4,"main",0.000999000999000999,3,3.97919804439782,1.92177788919253,0.710117621656823,0.958828810152519
34,14,1,"inad_unconstrained",NA,"recursive_multi_step",12,4,"large",0.0099009900990099,3,3.658,2.30112462154032,1.27986357431953,0.432964
34,14,1,"inad_constrained_alpha",NA,"recursive_multi_step",12,4,"large",0.0099009900990099,3,2.751,2.26913446264024,0.852455147205052,0.0620010000000001
34,14,1,"nb_glm",NA,"recursive_multi_step",12,4,"large",0.0099009900990099,3,3.97919804439782,2.08819910157439,1.19543662582876,0.958828810152519
34,46,2,"inad_unconstrained",NA,"recursive_multi_step",12,4,"small",9.99900009999e-05,0,5.82,2.35651921781112,3.20577314158767,33.8724
34,46,2,"inad_constrained_alpha",NA,"recursive_multi_step",12,4,"small",9.99900009999e-05,0,4.433,1.95402012235672,2.2210259256921,19.651489
34,46,2,"nb_glm",NA,"recursive_multi_step",12,4,"small",9.99900009999e-05,0,5.38488680742104,3.1644381844103,3.34590137282585,28.9970059287372
34,46,2,"inad_unconstrained",NA,"recursive_multi_step",12,4,"main",0.000999000999000999,0,5.82,2.37971377823947,3.32420122325615,33.8724
34,46,2,"inad_constrained_alpha",NA,"recursive_multi_step",12,4,"main",0.000999000999000999,0,4.433,1.97250559128643,2.29444649283037,19.651489
34,46,2,"nb_glm",NA,"recursive_multi_step",12,4,"main",0.000999000999000999,0,5.38488680742104,3.17605741476783,3.44193926640294,28.9970059287372
34,46,2,"inad_unconstrained",NA,"recursive_multi_step",12,4,"large",0.0099009900990099,0,5.82,2.56687149343694,4.50170871613106,33.8724
34,46,2,"inad_constrained_alpha",NA,"recursive_multi_step",12,4,"large",0.0099009900990099,0,4.433,2.12921823882457,3.01703755273121,19.651489
34,46,2,"nb_glm",NA,"recursive_multi_step",12,4,"large",0.0099009900990099,0,5.38488680742104,3.26489964429586,4.4922776627421,28.9970059287372
35,15,1,"inad_unconstrained",NA,"recursive_multi_step",9,1,"small",9.99900009999e-05,1,3.239,1.72760750887749,1.03065166010357,5.013121
35,15,1,"inad_constrained_alpha",NA,"recursive_multi_step",9,1,"small",9.99900009999e-05,1,3.142,1.62604191863587,0.976647668051149,4.588164
35,15,1,"nb_glm",NA,"recursive_multi_step",9,1,"small",9.99900009999e-05,1,3.20209923009174,1.75219443915208,1.06842899775242,4.84924101917064
35,15,1,"inad_unconstrained",NA,"recursive_multi_step",9,1,"main",0.000999000999000999,1,3.239,1.74211504080453,1.0664251011993,5.013121
35,15,1,"inad_constrained_alpha",NA,"recursive_multi_step",9,1,"main",0.000999000999000999,1,3.142,1.63927633260937,1.00690763632474,4.588164
35,15,1,"nb_glm",NA,"recursive_multi_step",9,1,"main",0.000999000999000999,1,3.20209923009174,1.76657728829405,1.1023313319126,4.84924101917064
35,15,1,"inad_unconstrained",NA,"recursive_multi_step",9,1,"large",0.0099009900990099,1,3.239,1.86890394182085,1.4448546059224,5.013121
35,15,1,"inad_constrained_alpha",NA,"recursive_multi_step",9,1,"large",0.0099009900990099,1,3.142,1.75618493759878,1.32029307547299,4.588164
35,15,1,"nb_glm",NA,"recursive_multi_step",9,1,"large",0.0099009900990099,1,3.20209923009174,1.89219619319888,1.46719419011319,4.84924101917064
35,31,2,"inad_unconstrained",NA,"recursive_multi_step",9,1,"small",9.99900009999e-05,3,4.03,1.99716125090445,0.773388103142128,1.0609
35,31,2,"inad_constrained_alpha",NA,"recursive_multi_step",9,1,"small",9.99900009999e-05,3,3.803,2.13008901617494,0.716323310485551,0.644809
35,31,2,"nb_glm",NA,"recursive_multi_step",9,1,"small",9.99900009999e-05,3,3.19358265213274,1.84042574675593,0.558194917358715,0.0374742432067451
35,31,2,"inad_unconstrained",NA,"recursive_multi_step",9,1,"main",0.000999000999000999,3,4.03,2.01536960167752,0.81072615570232,1.0609
35,31,2,"inad_constrained_alpha",NA,"recursive_multi_step",9,1,"main",0.000999000999000999,3,3.803,2.1429888875273,0.739680452170372,0.644809
35,31,2,"nb_glm",NA,"recursive_multi_step",9,1,"main",0.000999000999000999,3,3.19358265213274,1.85958653441669,0.579230879960856,0.0374742432067451
35,31,2,"inad_unconstrained",NA,"recursive_multi_step",9,1,"large",0.0099009900990099,3,4.03,2.16951892484872,1.26746105582597,1.0609
35,31,2,"inad_constrained_alpha",NA,"recursive_multi_step",9,1,"large",0.0099009900990099,3,3.803,2.25387173668978,1.01496181158949,0.644809
35,31,2,"nb_glm",NA,"recursive_multi_step",9,1,"large",0.0099009900990099,3,3.19358265213274,2.02257646783129,0.946165029075033,0.0374742432067451
35,15,1,"inad_unconstrained",NA,"recursive_multi_step",10,2,"small",9.99900009999e-05,2,3.881,1.93242977654625,0.89146929682337,3.538161
35,15,1,"inad_constrained_alpha",NA,"recursive_multi_step",10,2,"small",9.99900009999e-05,2,3.663,1.71673971316632,0.757257154229833,2.765569
35,15,1,"nb_glm",NA,"recursive_multi_step",10,2,"small",9.99900009999e-05,2,4.37328052064799,1.95145293902141,1.13521370752694,5.6324604296872
35,15,1,"inad_unconstrained",NA,"recursive_multi_step",10,2,"main",0.000999000999000999,2,3.881,1.94491749121824,0.922194329524435,3.538161
35,15,1,"inad_constrained_alpha",NA,"recursive_multi_step",10,2,"main",0.000999000999000999,2,3.663,1.73393201348957,0.796372014769027,2.765569
35,15,1,"nb_glm",NA,"recursive_multi_step",10,2,"main",0.000999000999000999,2,4.37328052064799,1.96733362676821,1.17766510240708,5.6324604296872
35,15,1,"inad_unconstrained",NA,"recursive_multi_step",10,2,"large",0.0099009900990099,2,3.881,2.05386966761241,1.23367843852459,3.538161
35,15,1,"inad_constrained_alpha",NA,"recursive_multi_step",10,2,"large",0.0099009900990099,2,3.663,1.88241383749619,1.23161141465105,2.765569
35,15,1,"nb_glm",NA,"recursive_multi_step",10,2,"large",0.0099009900990099,2,4.37328052064799,2.10357864403753,1.62089585948138,5.6324604296872
35,31,2,"inad_unconstrained",NA,"recursive_multi_step",10,2,"small",9.99900009999e-05,2,5.969,2.35641959141004,1.95847409280347,15.752961
35,31,2,"inad_constrained_alpha",NA,"recursive_multi_step",10,2,"small",9.99900009999e-05,2,5.198,2.08063974451915,1.53096338030971,10.227204
35,31,2,"nb_glm",NA,"recursive_multi_step",10,2,"small",9.99900009999e-05,2,5.4572465277129,2.2075048277485,1.72904155858022,11.9525535533829
35,31,2,"inad_unconstrained",NA,"recursive_multi_step",10,2,"main",0.000999000999000999,2,5.969,2.37874992274316,2.05412585824494,15.752961
35,31,2,"inad_constrained_alpha",NA,"recursive_multi_step",10,2,"main",0.000999000999000999,2,5.198,2.09126433949089,1.56146186647686,10.227204
35,31,2,"nb_glm",NA,"recursive_multi_step",10,2,"main",0.000999000999000999,2,5.4572465277129,2.23113187856846,1.8159008750421,11.9525535533829
35,31,2,"inad_unconstrained",NA,"recursive_multi_step",10,2,"large",0.0099009900990099,2,5.969,2.55959873410786,3.04073317997762,15.752961
35,31,2,"inad_constrained_alpha",NA,"recursive_multi_step",10,2,"large",0.0099009900990099,2,5.198,2.18388420504743,1.84356232169934,10.227204
35,31,2,"nb_glm",NA,"recursive_multi_step",10,2,"large",0.0099009900990099,2,5.4572465277129,2.42369658460472,2.76949234612516,11.9525535533829
35,15,1,"inad_unconstrained",NA,"recursive_multi_step",11,3,"small",9.99900009999e-05,2,3.538,1.90493632655657,0.785152124057594,2.365444
35,15,1,"inad_constrained_alpha",NA,"recursive_multi_step",11,3,"small",9.99900009999e-05,2,3.417,1.82143991958699,0.736688485725306,2.007889
35,15,1,"nb_glm",NA,"recursive_multi_step",11,3,"small",9.99900009999e-05,2,4.08916669137735,1.88497144859812,0.992641592425822,4.3646174643606
35,15,1,"inad_unconstrained",NA,"recursive_multi_step",11,3,"main",0.000999000999000999,2,3.538,1.91494889882222,0.806261915478336,2.365444
35,15,1,"inad_constrained_alpha",NA,"recursive_multi_step",11,3,"main",0.000999000999000999,2,3.417,1.83281433399774,0.759175098245867,2.007889
35,15,1,"nb_glm",NA,"recursive_multi_step",11,3,"main",0.000999000999000999,2,4.08916669137735,1.89599479297582,1.01772624003294,4.3646174643606
35,15,1,"inad_unconstrained",NA,"recursive_multi_step",11,3,"large",0.0099009900990099,2,3.538,2.00347695077251,1.01921025478427,2.365444
35,15,1,"inad_constrained_alpha",NA,"recursive_multi_step",11,3,"large",0.0099009900990099,2,3.417,1.93320783281243,0.993342723263889,2.007889
35,15,1,"nb_glm",NA,"recursive_multi_step",11,3,"large",0.0099009900990099,2,4.08916669137735,1.99310052149105,1.26447985593653,4.3646174643606
35,31,2,"inad_unconstrained",NA,"recursive_multi_step",11,3,"small",9.99900009999e-05,1,5.484,2.36599370519752,2.41159360505003,20.106256
35,31,2,"inad_constrained_alpha",NA,"recursive_multi_step",11,3,"small",9.99900009999e-05,1,5.362,2.43247743148513,2.29495745129702,19.027044
35,31,2,"nb_glm",NA,"recursive_multi_step",11,3,"small",9.99900009999e-05,1,5.65745130674404,2.55368711561831,2.61300341224568,21.6918526746917
35,31,2,"inad_unconstrained",NA,"recursive_multi_step",11,3,"main",0.000999000999000999,1,5.484,2.37953133385021,2.46670630983694,20.106256
35,31,2,"inad_constrained_alpha",NA,"recursive_multi_step",11,3,"main",0.000999000999000999,1,5.362,2.45059782384774,2.37470001117245,19.027044
35,31,2,"nb_glm",NA,"recursive_multi_step",11,3,"main",0.000999000999000999,1,5.65745130674404,2.57050768444197,2.68856109137437,21.6918526746917
35,31,2,"inad_unconstrained",NA,"recursive_multi_step",11,3,"large",0.0099009900990099,1,5.484,2.49338342119407,2.99208364238328,20.106256
35,31,2,"inad_constrained_alpha",NA,"recursive_multi_step",11,3,"large",0.0099009900990099,1,5.362,2.59902722750642,3.18640288439143,19.027044
35,31,2,"nb_glm",NA,"recursive_multi_step",11,3,"large",0.0099009900990099,1,5.65745130674404,2.70742664138204,3.46006157980312,21.6918526746917
35,15,1,"inad_unconstrained",NA,"recursive_multi_step",12,4,"small",9.99900009999e-05,4,3.152,2.39809471407413,1.08482235644945,0.719104
35,15,1,"inad_constrained_alpha",NA,"recursive_multi_step",12,4,"small",9.99900009999e-05,4,2.449,2.39779538755655,1.29833840274455,2.405601
35,15,1,"nb_glm",NA,"recursive_multi_step",12,4,"small",9.99900009999e-05,4,3.85274000748622,2.05092281269542,0.70042569315321,0.0216855053951577
35,15,1,"inad_unconstrained",NA,"recursive_multi_step",12,4,"main",0.000999000999000999,4,3.152,2.4086945869828,1.07847052547264,0.719104
35,15,1,"inad_constrained_alpha",NA,"recursive_multi_step",12,4,"main",0.000999000999000999,4,2.449,2.40576059954801,1.2773411606441,2.405601
35,15,1,"nb_glm",NA,"recursive_multi_step",12,4,"main",0.000999000999000999,4,3.85274000748622,2.0643941267149,0.710049096003454,0.0216855053951577
35,15,1,"inad_unconstrained",NA,"recursive_multi_step",12,4,"large",0.0099009900990099,4,3.152,2.49877658775848,1.12734113670656,0.719104
35,15,1,"inad_constrained_alpha",NA,"recursive_multi_step",12,4,"large",0.0099009900990099,4,2.449,2.47428556775018,1.17804176237962,2.405601
35,15,1,"nb_glm",NA,"recursive_multi_step",12,4,"large",0.0099009900990099,4,3.85274000748622,2.18051858133907,0.875642220974509,0.0216855053951577
35,31,2,"inad_unconstrained",NA,"recursive_multi_step",12,4,"small",9.99900009999e-05,0,5.748,2.32615792460995,3.05279112225417,33.039504
35,31,2,"inad_constrained_alpha",NA,"recursive_multi_step",12,4,"small",9.99900009999e-05,0,4.719,1.99795861963004,2.36849222674624,22.268961
35,31,2,"nb_glm",NA,"recursive_multi_step",12,4,"small",9.99900009999e-05,0,5.58761497665625,3.2526122060947,3.49473589272959,31.2214411273533
35,31,2,"inad_unconstrained",NA,"recursive_multi_step",12,4,"main",0.000999000999000999,0,5.748,2.35566290490133,3.21344082183833,33.039504
35,31,2,"inad_constrained_alpha",NA,"recursive_multi_step",12,4,"main",0.000999000999000999,0,4.719,2.023114074073,2.48075166596303,22.268961
35,31,2,"nb_glm",NA,"recursive_multi_step",12,4,"main",0.000999000999000999,0,5.58761497665625,3.26835884345795,3.62249675534769,31.2214411273533
35,31,2,"inad_unconstrained",NA,"recursive_multi_step",12,4,"large",0.0099009900990099,0,5.748,2.58815445625967,4.89002383200951,33.039504
35,31,2,"inad_constrained_alpha",NA,"recursive_multi_step",12,4,"large",0.0099009900990099,0,4.719,2.22968744631517,3.64383255767489,22.268961
35,31,2,"nb_glm",NA,"recursive_multi_step",12,4,"large",0.0099009900990099,0,5.58761497665625,3.38483599851058,5.10615565320565,31.2214411273533
