"rep","fit","convergence","log_l","alpha_mean","nb_size_mean","nb_size_min","nb_size_max"
1,"unconstrained","0",-2077.18275283685,0.328905384076483,2.10872615169618,0.900773400278426,3.21201066752679
1,"constrained_alpha",NA,-2096.26677450226,0.324752119593793,2.10872615169618,0.900773400278426,3.21201066752679
2,"unconstrained","0",-2026.35444929185,0.364561842850963,1.88100716042235,1.18467032720899,3.39072989363773
2,"constrained_alpha",NA,-2030.2236017392,0.374581943460563,1.88100716042235,1.18467032720899,3.39072989363773
3,"unconstrained","0",-2022.20666731051,0.402402165086037,1.93994545746125,1.06408375734555,3.61107383942244
3,"constrained_alpha",NA,-2027.40914475434,0.395769267427536,1.93994545746125,1.06408375734555,3.61107383942244
4,"unconstrained","0",-2066.11022909954,0.347538723235666,1.78462096105128,0.947960741612782,3.09376882654395
4,"constrained_alpha",NA,-2068.95736380869,0.353600568297935,1.78462096105128,0.947960741612782,3.09376882654395
5,"unconstrained","0",-2077.29787898287,0.371390927462245,1.6785066055864,0.758098190423831,2.48610012779094
5,"constrained_alpha",NA,-2080.60940639158,0.370250238646783,1.6785066055864,0.758098190423831,2.48610012779094
6,"unconstrained","0",-2058.18174967733,0.349364790545552,2.05928481283472,1.14982905102404,5.06102013297475
6,"constrained_alpha",NA,-2069.15017034666,0.346501981154564,2.05928481283472,1.14982905102404,5.06102013297475
7,"unconstrained","0",-2065.00360568134,0.319291980247507,2.03850675984122,1.07767883251096,4.85587670328732
7,"constrained_alpha",NA,-2069.39981540719,0.319541123960895,2.03850675984122,1.07767883251096,4.85587670328732
8,"unconstrained","0",-2042.78199000939,0.344394890737817,1.96484167752405,0.924146646146993,3.66717158330509
8,"constrained_alpha",NA,-2050.57417064832,0.333296555211044,1.96484167752405,0.924146646146993,3.66717158330509
9,"unconstrained","0",-2033.58888618442,0.347817453777837,2.33617525985254,0.507263762717219,8.32733492557284
9,"constrained_alpha",NA,-2039.91172134116,0.363628487295675,2.33617525985254,0.507263762717219,8.32733492557284
10,"unconstrained","0",-2064.63543044075,0.304949375967846,2.35776335572491,0.776677190399658,3.49058782919505
10,"constrained_alpha",NA,-2071.26931018628,0.301066288890459,2.35776335572491,0.776677190399658,3.49058782919505
11,"unconstrained","0",-1998.03894589122,0.373490027447809,1.92551858895425,0.762839926266737,4.80362472790155
11,"constrained_alpha",NA,-2000.23717000381,0.379152314546147,1.92551858895425,0.762839926266737,4.80362472790155
12,"unconstrained","0",-2017.14382811112,0.351355244306996,2.16734170593263,0.881700386596248,5.3006212855598
12,"constrained_alpha",NA,-2025.56605765407,0.333077405928869,2.16734170593263,0.881700386596248,5.3006212855598
13,"unconstrained","0",-2022.52163894539,0.285526362348813,2.07619639059119,1.04823656679149,3.8347762230701
13,"constrained_alpha",NA,-2030.37213838247,0.275545187411135,2.07619639059119,1.04823656679149,3.8347762230701
14,"unconstrained","0",-2023.55820036234,0.378871759484494,2.27698050404751,1.06598779911942,4.93861970117645
14,"constrained_alpha",NA,-2027.46009349943,0.373146293591239,2.27698050404751,1.06598779911942,4.93861970117645
15,"unconstrained","0",-2042.95045625352,0.312151708426214,2.03586914038347,1.10127618264796,4.19818744129834
15,"constrained_alpha",NA,-2053.37003330842,0.288084676147946,2.03586914038347,1.10127618264796,4.19818744129834
16,"unconstrained","0",-2041.85002641652,0.342499864142583,1.63673565904866,0.872605818634003,3.07674119121824
16,"constrained_alpha",NA,-2049.80853643765,0.351207965336124,1.63673565904866,0.872605818634003,3.07674119121824
17,"unconstrained","0",-2056.44673778679,0.355033797898265,2.4356599720769,1.41284868916205,5.03961194167883
17,"constrained_alpha",NA,-2059.69664174993,0.351825301495085,2.4356599720769,1.41284868916205,5.03961194167883
18,"unconstrained","0",-2009.43536948745,0.362146993005021,2.3965559630103,1.0355967480078,5.29461775777868
18,"constrained_alpha",NA,-2016.10253889697,0.358949218355504,2.3965559630103,1.0355967480078,5.29461775777868
19,"unconstrained","0",-2068.71383815794,0.305882369384788,1.58073219239174,0.829492315417528,2.63517950236904
19,"constrained_alpha",NA,-2074.38953808162,0.31837079221634,1.58073219239174,0.829492315417528,2.63517950236904
20,"unconstrained","0",-2038.20937905884,0.311139531763495,2.45122911360702,1.215330166929,9.00216514395679
20,"constrained_alpha",NA,-2041.33909909287,0.296631663814379,2.45122911360702,1.215330166929,9.00216514395679
21,"unconstrained","0",-2030.39679260754,0.371203215142218,2.16106699647623,1.15369595860821,4.68714965131309
21,"constrained_alpha",NA,-2037.10081291354,0.356475948187546,2.16106699647623,1.15369595860821,4.68714965131309
22,"unconstrained","0",-2022.98248496599,0.345763677362587,3.6673216543666,0.622444988096505,11.5981495971483
22,"constrained_alpha",NA,-2036.44013768062,0.344462183400776,3.6673216543666,0.622444988096505,11.5981495971483
23,"unconstrained","0",-2044.27631192509,0.318120065054881,2.72076192903032,0.877911873332658,7.12938162064588
23,"constrained_alpha",NA,-2054.59226907873,0.329535106781515,2.72076192903032,0.877911873332658,7.12938162064588
24,"unconstrained","0",-2040.830469825,0.368629613651334,2.13403463743908,0.790124530192881,7.60910506889197
24,"constrained_alpha",NA,-2048.20866238896,0.379803452406628,2.13403463743908,0.790124530192881,7.60910506889197
25,"unconstrained","0",-2004.53531653288,0.301884805236087,2.64571050474347,0.721140043470758,6.12944666526674
25,"constrained_alpha",NA,-2019.36905348804,0.30014323727051,2.64571050474347,0.721140043470758,6.12944666526674
26,"unconstrained","0",-2082.0607874797,0.327437030172172,1.99682303870142,1.12694951577974,5.85367736488277
26,"constrained_alpha",NA,-2093.03335055299,0.329826039822317,1.99682303870142,1.12694951577974,5.85367736488277
27,"unconstrained","0",-2096.54050393521,0.332418394138953,1.97663287012644,0.805089841342198,3.36282744979081
27,"constrained_alpha",NA,-2104.95222991441,0.335082929462299,1.97663287012644,0.805089841342198,3.36282744979081
28,"unconstrained","0",-2053.11976194404,0.351859996288149,2.38774637117244,0.665080454952201,7.66482262284901
28,"constrained_alpha",NA,-2057.43351175527,0.360422886273608,2.38774637117244,0.665080454952201,7.66482262284901
29,"unconstrained","0",-2091.8770053393,0.308486031497783,2.34366557412801,1.06191317619244,4.3040993378338
29,"constrained_alpha",NA,-2099.76528251148,0.308031197169557,2.34366557412801,1.06191317619244,4.3040993378338
30,"unconstrained","0",-2039.96629533393,0.336727607749629,2.26334236151421,1.06263738971754,6.86425741739496
30,"constrained_alpha",NA,-2058.31889657939,0.326364840853123,2.26334236151421,1.06263738971754,6.86425741739496
31,"unconstrained","0",-2007.86063831849,0.475642387562657,1.90191844026819,0.844350803997234,4.86459303995072
31,"constrained_alpha",NA,-2015.7863188621,0.464752253643025,1.90191844026819,0.844350803997234,4.86459303995072
32,"unconstrained","0",-2061.01915558595,0.347125276140763,2.16077882261101,1.24202778942978,3.89644967898416
32,"constrained_alpha",NA,-2066.18733056684,0.33988762173398,2.16077882261101,1.24202778942978,3.89644967898416
33,"unconstrained","0",-2047.32620313706,0.339696007702673,2.03952631919135,1.35268038632302,3.68136518201917
33,"constrained_alpha",NA,-2050.7033994461,0.331910624380073,2.03952631919135,1.35268038632302,3.68136518201917
34,"unconstrained","0",-2052.03127223739,0.333499953120857,1.75869226120826,0.798452932674072,3.17305751883014
34,"constrained_alpha",NA,-2066.77326363153,0.315894925473426,1.75869226120826,0.798452932674072,3.17305751883014
35,"unconstrained","0",-2043.6785386277,0.326226496101654,4.69879649041963,1.37532790441831,32.2790502602372
35,"constrained_alpha",NA,-2051.23486637685,0.32396808206512,4.69879649041963,1.37532790441831,32.2790502602372
36,"unconstrained","0",-2028.22697124871,0.301334629589421,2.43061140925684,1.15131773923512,7.24231763518462
36,"constrained_alpha",NA,-2039.04579320311,0.318422862319077,2.43061140925684,1.15131773923512,7.24231763518462
37,"unconstrained","0",-2037.23824754336,0.30079334007753,1.90496705324167,1.07514122894337,3.27338718107141
37,"constrained_alpha",NA,-2042.60841703281,0.298146229216989,1.90496705324167,1.07514122894337,3.27338718107141
38,"unconstrained","0",-1973.23365491986,0.389956825221066,2.9775377195587,0.635094009780493,12.5221385048184
38,"constrained_alpha",NA,-1984.48616818799,0.377566468155363,2.9775377195587,0.635094009780493,12.5221385048184
39,"unconstrained","0",-2043.35611579392,0.369232399593194,2.2593992683575,0.854786681109055,4.74752427952865
39,"constrained_alpha",NA,-2049.2732617098,0.361521419120142,2.2593992683575,0.854786681109055,4.74752427952865
40,"unconstrained","0",-2027.43290008153,0.293724486236204,2.37144428533491,0.989785315142132,4.90930884979095
40,"constrained_alpha",NA,-2034.52400024704,0.287501854054316,2.37144428533491,0.989785315142132,4.90930884979095
41,"unconstrained","0",-2032.97144255627,0.352256730322299,2.24990047539543,0.575765501836466,4.07937748825713
41,"constrained_alpha",NA,-2045.90870653954,0.330433369835696,2.24990047539543,0.575765501836466,4.07937748825713
42,"unconstrained","0",-2015.64272094188,0.330501188594894,1.76605737371628,1.08673784879168,2.86343987762372
42,"constrained_alpha",NA,-2025.90606098851,0.336669285545174,1.76605737371628,1.08673784879168,2.86343987762372
43,"unconstrained","0",-2047.46001494191,0.317465703413114,1.87446780793472,0.786049086397873,3.40213625141679
43,"constrained_alpha",NA,-2049.95289613002,0.323145267634486,1.87446780793472,0.786049086397873,3.40213625141679
44,"unconstrained","0",-2079.20796244138,0.307239091079713,1.94796410807686,1.16961239852265,2.99345788654151
44,"constrained_alpha",NA,-2082.23840370331,0.305171490888405,1.94796410807686,1.16961239852265,2.99345788654151
45,"unconstrained","0",-2024.88670260392,0.409051091815898,2.08180163063979,0.867579679990617,3.0250193283674
45,"constrained_alpha",NA,-2031.11590773956,0.404365432527671,2.08180163063979,0.867579679990617,3.0250193283674
46,"unconstrained","0",-2022.95550268157,0.38271169887974,1.85673445771316,0.350565941385634,4.62188019848841
46,"constrained_alpha",NA,-2031.33260573514,0.371781565281622,1.85673445771316,0.350565941385634,4.62188019848841
47,"unconstrained","0",-2042.93475293916,0.342334044193989,2.12798313431591,0.977312524404665,5.01903272055611
47,"constrained_alpha",NA,-2048.47970135009,0.347528522704682,2.12798313431591,0.977312524404665,5.01903272055611
48,"unconstrained","0",-2080.23916123006,0.32991496462943,2.05463370287859,0.852227682176292,4.86532668148146
48,"constrained_alpha",NA,-2085.98927266279,0.334290426866585,2.05463370287859,0.852227682176292,4.86532668148146
49,"unconstrained","0",-2055.86968077171,0.382434166320192,1.98917932455488,0.780624001525255,6.72382140546164
49,"constrained_alpha",NA,-2062.39547931388,0.377651081039806,1.98917932455488,0.780624001525255,6.72382140546164
50,"unconstrained","0",-2095.98216301077,0.404082693920978,2.06141854876257,0.808813429036668,3.63658168105917
50,"constrained_alpha",NA,-2101.66246135835,0.401707808191562,2.06141854876257,0.808813429036668,3.63658168105917
51,"unconstrained","0",-2006.77918177676,0.380679876089275,1.78800140872438,0.573876987442029,3.19978830537276
51,"constrained_alpha",NA,-2011.47132414801,0.390319969633578,1.78800140872438,0.573876987442029,3.19978830537276
52,"unconstrained","0",-2080.28151405679,0.359955691077877,1.60373584475425,0.692012524181109,3.36848634704219
52,"constrained_alpha",NA,-2083.15187960233,0.365382177703842,1.60373584475425,0.692012524181109,3.36848634704219
53,"unconstrained","0",-2011.95492783729,0.339705910497399,1.98196725042742,1.00698781641419,5.29859884185071
53,"constrained_alpha",NA,-2019.44054891321,0.334114539968511,1.98196725042742,1.00698781641419,5.29859884185071
54,"unconstrained","0",-2063.13846293995,0.399697491235743,6.57582358634122,1.06945905854009,50
54,"constrained_alpha",NA,-2083.2903337655,0.391503710919606,6.57582358634122,1.06945905854009,50
55,"unconstrained","0",-2063.38049534738,0.327617896413605,2.08339539786189,1.02206896127075,3.58994754350591
55,"constrained_alpha",NA,-2069.35911665093,0.334218797505883,2.08339539786189,1.02206896127075,3.58994754350591
56,"unconstrained","0",-2045.02648889232,0.365261149905718,1.69949071076985,0.852946284537284,2.53988146116773
56,"constrained_alpha",NA,-2049.42189497616,0.355890978592768,1.69949071076985,0.852946284537284,2.53988146116773
57,"unconstrained","0",-2048.84791419761,0.339693714987526,2.27713331418593,1.28302842924529,2.95892548342817
57,"constrained_alpha",NA,-2057.16266552888,0.314563555909804,2.27713331418593,1.28302842924529,2.95892548342817
58,"unconstrained","0",-2041.92860001962,0.283710953453511,2.39780806301698,0.78322149617154,7.44363211490807
58,"constrained_alpha",NA,-2051.98874711637,0.29816980391985,2.39780806301698,0.78322149617154,7.44363211490807
59,"unconstrained","0",-2018.29559318482,0.324562530519774,3.3680019970917,1.11894481321846,14.9227244990975
59,"constrained_alpha",NA,-2024.13087964312,0.307723166236525,3.3680019970917,1.11894481321846,14.9227244990975
60,"unconstrained","0",-2069.17729035783,0.332184387061205,1.95658503068386,1.22371442270439,2.69923776099095
60,"constrained_alpha",NA,-2074.59020173111,0.330722398833839,1.95658503068386,1.22371442270439,2.69923776099095
61,"unconstrained","0",-2039.2953660565,0.348588649577314,1.93273139720434,1.20684496286396,3.77193112438534
61,"constrained_alpha",NA,-2044.90029796545,0.345510372563002,1.93273139720434,1.20684496286396,3.77193112438534
62,"unconstrained","0",-2046.65130798366,0.392404981717605,1.87851439916854,0.906739577431577,3.05086642827141
62,"constrained_alpha",NA,-2052.51439937897,0.389951263407211,1.87851439916854,0.906739577431577,3.05086642827141
63,"unconstrained","0",-2005.68275808568,0.301869213102611,2.43685129010902,1.03052587536098,5.47123981918306
63,"constrained_alpha",NA,-2016.52857874257,0.320439137543031,2.43685129010902,1.03052587536098,5.47123981918306
64,"unconstrained","0",-2012.29960833403,0.375195139743725,1.78921098959662,1.09321291231495,2.34597732409
64,"constrained_alpha",NA,-2016.19316087588,0.378096256385463,1.78921098959662,1.09321291231495,2.34597732409
65,"unconstrained","0",-2017.40279352789,0.387103303994351,2.096173388594,1.17173635889864,3.36438394705747
65,"constrained_alpha",NA,-2020.88027313749,0.380456809102797,2.096173388594,1.17173635889864,3.36438394705747
66,"unconstrained","0",-2015.70987927991,0.346052472178227,2.63819135097942,0.99536945679847,8.67669988785591
66,"constrained_alpha",NA,-2021.83510783441,0.347914993819286,2.63819135097942,0.99536945679847,8.67669988785591
67,"unconstrained","0",-2085.52597321237,0.372727656685537,1.87693312372867,0.8183822434206,4.05959713610913
67,"constrained_alpha",NA,-2098.19934436125,0.362373142729166,1.87693312372867,0.8183822434206,4.05959713610913
68,"unconstrained","0",-2016.14666891116,0.294266928488752,1.96895069877942,1.19737122195123,2.87238150682183
68,"constrained_alpha",NA,-2021.94715209562,0.309686570183649,1.96895069877942,1.19737122195123,2.87238150682183
69,"unconstrained","0",-2027.96347648833,0.339279744558762,3.48636847897182,0.883122510192551,13.4044991060119
69,"constrained_alpha",NA,-2035.871091587,0.348004043751693,3.48636847897182,0.883122510192551,13.4044991060119
70,"unconstrained","0",-2060.6878422156,0.379331657144988,2.29750378061162,0.775963305045711,5.25824044566692
70,"constrained_alpha",NA,-2064.45905321429,0.394334695291831,2.29750378061162,0.775963305045711,5.25824044566692
71,"unconstrained","0",-2044.27360220916,0.394876925001742,2.04250311789085,0.73675677825149,3.98814441968493
71,"constrained_alpha",NA,-2051.34449712834,0.385008744959444,2.04250311789085,0.73675677825149,3.98814441968493
72,"unconstrained","0",-2084.80190895899,0.378621304088919,1.78693866366541,1.0538778362514,3.19523844449828
72,"constrained_alpha",NA,-2088.25354003924,0.365716457077802,1.78693866366541,1.0538778362514,3.19523844449828
73,"unconstrained","0",-1990.52560082508,0.394458234123125,2.79690416274711,0.761896923166403,6.29818860149833
73,"constrained_alpha",NA,-1995.71612342881,0.389378316901932,2.79690416274711,0.761896923166403,6.29818860149833
74,"unconstrained","0",-2044.62005509019,0.399793240880735,1.69374647254877,0.783424202707767,2.42640019050365
74,"constrained_alpha",NA,-2050.2392264661,0.394137058785308,1.69374647254877,0.783424202707767,2.42640019050365
75,"unconstrained","0",-2054.96811337834,0.403923154141525,1.68087394331576,0.737217144996938,3.95390958325054
75,"constrained_alpha",NA,-2060.40845410149,0.391446205887655,1.68087394331576,0.737217144996938,3.95390958325054
76,"unconstrained","0",-2034.9124172871,0.395220447985811,1.9036878710918,0.573687107156023,3.32856330964811
76,"constrained_alpha",NA,-2039.77595818319,0.387297028874474,1.9036878710918,0.573687107156023,3.32856330964811
77,"unconstrained","0",-2031.61987161403,0.324425351573192,2.76346295500069,1.11314569963642,5.06010896763196
77,"constrained_alpha",NA,-2033.30885164538,0.317900095653323,2.76346295500069,1.11314569963642,5.06010896763196
78,"unconstrained","0",-2020.32912932705,0.371507283792177,2.34638098424039,1.1068065886474,6.36311612734885
78,"constrained_alpha",NA,-2027.50790592783,0.363127431611415,2.34638098424039,1.1068065886474,6.36311612734885
79,"unconstrained","0",-2060.29751733784,0.297184731637853,1.83931825536935,1.15663863230727,2.78233668790432
79,"constrained_alpha",NA,-2067.02407145347,0.303910601460432,1.83931825536935,1.15663863230727,2.78233668790432
80,"unconstrained","0",-2072.48430346275,0.352970165500536,1.75988218374114,0.805226702681245,3.26711135119441
80,"constrained_alpha",NA,-2080.10207322607,0.35911585411351,1.75988218374114,0.805226702681245,3.26711135119441
81,"unconstrained","0",-2031.29965081588,0.332216823548611,2.36556223565807,1.2792045901825,4.01687781201811
81,"constrained_alpha",NA,-2036.49789011921,0.314453520998501,2.36556223565807,1.2792045901825,4.01687781201811
82,"unconstrained","0",-2065.32606618349,0.372075682846342,2.4697775114557,0.94075298855138,6.10730068893097
82,"constrained_alpha",NA,-2073.00861281601,0.370661403407676,2.4697775114557,0.94075298855138,6.10730068893097
83,"unconstrained","0",-2016.88895442841,0.403967825788888,1.63500697374172,0.708596211560519,3.34627576803147
83,"constrained_alpha",NA,-2024.61448849863,0.396465944490868,1.63500697374172,0.708596211560519,3.34627576803147
84,"unconstrained","0",-2005.62321902678,0.375986321277896,2.12141244903654,0.918414071836158,3.52202664184073
84,"constrained_alpha",NA,-2018.80368371116,0.375483376133838,2.12141244903654,0.918414071836158,3.52202664184073
85,"unconstrained","0",-2035.44075689403,0.264852106984149,3.19325809132035,0.785760855236359,9.14737255329265
85,"constrained_alpha",NA,-2041.41566441336,0.275714232193874,3.19325809132035,0.785760855236359,9.14737255329265
86,"unconstrained","0",-2087.42045910209,0.376781916425896,1.57160145043689,0.874807000004679,2.6873709388183
86,"constrained_alpha",NA,-2092.44158722933,0.373979681760835,1.57160145043689,0.874807000004679,2.6873709388183
87,"unconstrained","0",-2036.64496326851,0.348500332292702,2.00235124273435,1.05756691968659,2.91867165184471
87,"constrained_alpha",NA,-2039.30642491426,0.340107719933609,2.00235124273435,1.05756691968659,2.91867165184471
88,"unconstrained","0",-2024.56838823394,0.393022826964262,1.90934901123504,0.757802938495637,3.87278778870269
88,"constrained_alpha",NA,-2027.11354221014,0.398293729818663,1.90934901123504,0.757802938495637,3.87278778870269
89,"unconstrained","0",-2019.27274245584,0.379785069115026,6.20884545528354,0.994937863977599,50
89,"constrained_alpha",NA,-2025.18622438646,0.378690651331903,6.20884545528354,0.994937863977599,50
90,"unconstrained","0",-2043.01071628648,0.363474115650044,2.32206770125014,1.12837755900205,5.86473156147935
90,"constrained_alpha",NA,-2044.63820966585,0.358129621971318,2.32206770125014,1.12837755900205,5.86473156147935
91,"unconstrained","0",-2059.5994158859,0.367671528515128,1.81384182260359,0.720185841434898,3.71112786842421
91,"constrained_alpha",NA,-2065.22395792462,0.373205644227161,1.81384182260359,0.720185841434898,3.71112786842421
92,"unconstrained","0",-2080.66494509209,0.393296712558883,1.66009465036252,0.670006053364711,2.81443209528459
92,"constrained_alpha",NA,-2093.48596611943,0.378967603491967,1.66009465036252,0.670006053364711,2.81443209528459
93,"unconstrained","0",-2023.59456200816,0.411478655739926,2.06620070239812,0.47802556665157,5.65080211796044
93,"constrained_alpha",NA,-2033.4043724279,0.413755823812692,2.06620070239812,0.47802556665157,5.65080211796044
94,"unconstrained","0",-2076.62165743673,0.286680959104157,2.38836255200804,1.1578203034292,3.85717278209769
94,"constrained_alpha",NA,-2084.95224957077,0.289162326302859,2.38836255200804,1.1578203034292,3.85717278209769
95,"unconstrained","0",-1998.74435827195,0.317948384189843,10.1202335065509,0.999661299853764,50
95,"constrained_alpha",NA,-2013.42140690169,0.34717476982611,10.1202335065509,0.999661299853764,50
96,"unconstrained","0",-2052.39130829044,0.3513088237531,1.72441320913242,0.623798415222092,2.9421619612788
96,"constrained_alpha",NA,-2060.98015476875,0.345255292302138,1.72441320913242,0.623798415222092,2.9421619612788
97,"unconstrained","0",-2076.30145148156,0.348220684983341,2.20684875130056,1.34648817371569,3.7662954103155
97,"constrained_alpha",NA,-2081.1416305245,0.328917832454004,2.20684875130056,1.34648817371569,3.7662954103155
98,"unconstrained","0",-2045.99135693284,0.374151829064098,2.43168336435879,0.773855767868535,11.1751944468115
98,"constrained_alpha",NA,-2052.6091287212,0.377827099588101,2.43168336435879,0.773855767868535,11.1751944468115
99,"unconstrained","0",-2057.15689686338,0.358031280442403,1.95832374060688,0.879299491157064,3.80313864589698
99,"constrained_alpha",NA,-2063.21214730552,0.360041231305392,1.95832374060688,0.879299491157064,3.80313864589698
100,"unconstrained","0",-2035.77174503229,0.331484428840801,2.40851800316943,1.05414011104385,5.56500310063426
100,"constrained_alpha",NA,-2041.55217027602,0.321839984099369,2.40851800316943,1.05414011104385,5.56500310063426
101,"unconstrained","0",-2040.40781050175,0.321988401508498,1.80521948411311,0.780528798974355,2.9361886078565
101,"constrained_alpha",NA,-2043.87451901106,0.313714710059674,1.80521948411311,0.780528798974355,2.9361886078565
102,"unconstrained","0",-2031.62202416671,0.304804206463634,2.62042224085809,1.00242887742445,4.41553991482752
102,"constrained_alpha",NA,-2041.18001280865,0.288184744577631,2.62042224085809,1.00242887742445,4.41553991482752
103,"unconstrained","0",-2009.98980124302,0.354013369060327,1.75122520351953,1.10703381934674,3.1092490346564
103,"constrained_alpha",NA,-2012.64420667009,0.354754944881282,1.75122520351953,1.10703381934674,3.1092490346564
104,"unconstrained","0",-2034.32408252902,0.379162785537157,1.72546804035014,0.822591859998338,4.18872397785009
104,"constrained_alpha",NA,-2043.72611083602,0.360875518311413,1.72546804035014,0.822591859998338,4.18872397785009
105,"unconstrained","0",-2042.65745330129,0.368117071985842,1.7785356339628,1.08297050453564,2.74920121325226
105,"constrained_alpha",NA,-2048.50462747068,0.371078880086371,1.7785356339628,1.08297050453564,2.74920121325226
106,"unconstrained","0",-2083.17919228767,0.333707934368061,2.07327810005139,0.956235525650276,3.61763513320701
106,"constrained_alpha",NA,-2087.6747624107,0.324689259383139,2.07327810005139,0.956235525650276,3.61763513320701
107,"unconstrained","0",-2038.22980106823,0.398889200995256,2.32981217658856,0.976172145744805,5.69539136373299
107,"constrained_alpha",NA,-2048.55652910505,0.358558626167269,2.32981217658856,0.976172145744805,5.69539136373299
108,"unconstrained","0",-2070.3139372775,0.376944525613861,2.51054552116915,0.830782133081242,5.69929500090039
108,"constrained_alpha",NA,-2078.23732770758,0.386317693909778,2.51054552116915,0.830782133081242,5.69929500090039
109,"unconstrained","0",-2032.54786076324,0.304352393617087,2.11807989220175,0.905093592291122,3.1018613205154
109,"constrained_alpha",NA,-2040.56194777517,0.299036954279509,2.11807989220175,0.905093592291122,3.1018613205154
110,"unconstrained","0",-2026.72151054834,0.356794552003416,2.00970223192943,0.648206967093183,3.36493293147739
110,"constrained_alpha",NA,-2040.03151025011,0.34163255228109,2.00970223192943,0.648206967093183,3.36493293147739
111,"unconstrained","0",-2023.93960756082,0.326309372658595,2.35384373860116,0.714574357763895,9.72071625424089
111,"constrained_alpha",NA,-2039.92501828777,0.309242938600782,2.35384373860116,0.714574357763895,9.72071625424089
112,"unconstrained","0",-2074.86116022864,0.377134115198471,1.65525348192514,0.550448679881197,2.80851340451385
112,"constrained_alpha",NA,-2083.57697618773,0.364065348048378,1.65525348192514,0.550448679881197,2.80851340451385
113,"unconstrained","0",-2041.39088883407,0.296724263585958,1.97287389094032,1.12865100617307,3.7515040317032
113,"constrained_alpha",NA,-2048.29871307773,0.302373071929661,1.97287389094032,1.12865100617307,3.7515040317032
114,"unconstrained","0",-2048.58593496425,0.265349413762017,2.32692018674176,1.17183583838079,4.49319690828009
114,"constrained_alpha",NA,-2059.24432039378,0.259627397238719,2.32692018674176,1.17183583838079,4.49319690828009
115,"unconstrained","0",-2027.85925316949,0.351662929222432,2.61851241344826,0.904827319636992,10.6026965970073
115,"constrained_alpha",NA,-2033.75638784116,0.344697093900283,2.61851241344826,0.904827319636992,10.6026965970073
116,"unconstrained","0",-2037.45413519109,0.327686823407182,2.27812474297981,0.509660007944618,6.27830082853134
116,"constrained_alpha",NA,-2041.77336723512,0.333881027234421,2.27812474297981,0.509660007944618,6.27830082853134
117,"unconstrained","0",-2081.6336595224,0.357885545610279,1.56939149000207,0.386301660805267,3.98662948560187
117,"constrained_alpha",NA,-2089.68358149265,0.364958185590253,1.56939149000207,0.386301660805267,3.98662948560187
118,"unconstrained","0",-2054.66431525698,0.374670272375976,1.99455557010596,0.845334951512509,4.84578318303574
118,"constrained_alpha",NA,-2057.28015556076,0.384542898404471,1.99455557010596,0.845334951512509,4.84578318303574
119,"unconstrained","0",-2028.70303995708,0.323278028285412,2.58508526981643,1.30255984359103,8.70219169668561
119,"constrained_alpha",NA,-2035.94919278159,0.31833082053628,2.58508526981643,1.30255984359103,8.70219169668561
120,"unconstrained","0",-2009.93874825769,0.367337898544416,2.26640365535742,1.01464720562511,3.53089574864059
120,"constrained_alpha",NA,-2015.92223486342,0.370753168068169,2.26640365535742,1.01464720562511,3.53089574864059
121,"unconstrained","0",-2055.95634255927,0.349347474560234,2.01300606766392,0.800119828508145,4.47367220535672
121,"constrained_alpha",NA,-2064.28717170115,0.334928414274424,2.01300606766392,0.800119828508145,4.47367220535672
122,"unconstrained","0",-2067.39361713124,0.311569216296985,2.36440615737464,1.11119671448068,6.5930187953282
122,"constrained_alpha",NA,-2083.50281458689,0.298138018982734,2.36440615737464,1.11119671448068,6.5930187953282
123,"unconstrained","0",-2075.38326702665,0.360421909775848,2.24316634300773,1.04615836504793,4.23853689490044
123,"constrained_alpha",NA,-2080.62362720807,0.356672575051921,2.24316634300773,1.04615836504793,4.23853689490044
124,"unconstrained","0",-2073.42112372776,0.404820111775513,1.93026852447937,0.698474660119563,7.39655919450535
124,"constrained_alpha",NA,-2081.45940287353,0.385466158666559,1.93026852447937,0.698474660119563,7.39655919450535
125,"unconstrained","0",-2065.68491037219,0.356673640706963,1.71168852102663,0.577567171007786,3.52195854785889
125,"constrained_alpha",NA,-2068.24527195441,0.364430938050255,1.71168852102663,0.577567171007786,3.52195854785889
126,"unconstrained","0",-2038.14081964125,0.335791773289842,2.67022574551396,1.0667958119146,13.4051710478482
126,"constrained_alpha",NA,-2046.73395106158,0.347033887730766,2.67022574551396,1.0667958119146,13.4051710478482
127,"unconstrained","0",-1990.7958512612,0.31906356803588,2.09032953809765,1.27707217209024,4.30634283875669
127,"constrained_alpha",NA,-1994.57075065648,0.31532907160625,2.09032953809765,1.27707217209024,4.30634283875669
128,"unconstrained","0",-2052.8573318625,0.380809893247784,2.06268541277094,0.922290063473261,5.48905261554078
128,"constrained_alpha",NA,-2059.701828913,0.385479517085521,2.06268541277094,0.922290063473261,5.48905261554078
129,"unconstrained","0",-2087.25112118877,0.331501177326444,2.06284944312561,0.875048605112233,4.85559670009729
129,"constrained_alpha",NA,-2094.8542158115,0.323090938616629,2.06284944312561,0.875048605112233,4.85559670009729
130,"unconstrained","0",-2126.17549422953,0.370576342992063,1.6440572486253,0.588485765682901,2.47994725825474
130,"constrained_alpha",NA,-2130.33180898504,0.368888372363131,1.6440572486253,0.588485765682901,2.47994725825474
131,"unconstrained","0",-2011.28631348054,0.340888856626202,2.19594807567478,0.916977143452271,5.82578007288104
131,"constrained_alpha",NA,-2015.50282003982,0.345164359047013,2.19594807567478,0.916977143452271,5.82578007288104
132,"unconstrained","0",-2038.67747999972,0.39512428214417,1.88693495951946,0.795921894800028,2.95764114131384
132,"constrained_alpha",NA,-2044.21306515501,0.38543796571928,1.88693495951946,0.795921894800028,2.95764114131384
133,"unconstrained","0",-2014.16060119646,0.331863390441653,2.32903954347934,1.23871771282549,3.90178430749805
133,"constrained_alpha",NA,-2019.89462472483,0.32343760171034,2.32903954347934,1.23871771282549,3.90178430749805
134,"unconstrained","0",-2073.18691287647,0.327649841845693,2.02938807772459,1.02099380977472,3.09498199224062
134,"constrained_alpha",NA,-2082.12902646884,0.310415330399884,2.02938807772459,1.02099380977472,3.09498199224062
135,"unconstrained","0",-2081.86160403502,0.38078689848874,5.96946748348013,0.801849167295173,50
135,"constrained_alpha",NA,-2096.82971610307,0.369388926309525,5.96946748348013,0.801849167295173,50
136,"unconstrained","0",-2018.77210513776,0.360910934900692,2.3193409132541,0.978790645947924,4.74755010985504
136,"constrained_alpha",NA,-2031.68151991971,0.336680846683386,2.3193409132541,0.978790645947924,4.74755010985504
137,"unconstrained","0",-2052.12954712985,0.345138585041612,2.0705390307467,1.11604358825727,5.67475273616974
137,"constrained_alpha",NA,-2056.7987994781,0.348108729229424,2.0705390307467,1.11604358825727,5.67475273616974
138,"unconstrained","0",-2040.91531218689,0.375358788407456,2.06250879758496,0.447948788930004,7.47525299192982
138,"constrained_alpha",NA,-2053.85909768462,0.363853347911312,2.06250879758496,0.447948788930004,7.47525299192982
139,"unconstrained","0",-2047.47349946107,0.368018862602234,4.02205825223693,1.18349316375384,25.798131044043
139,"constrained_alpha",NA,-2060.68745906879,0.346235440123537,4.02205825223693,1.18349316375384,25.798131044043
140,"unconstrained","0",-2046.63339766899,0.341206741031601,2.25879973980543,0.979707657144587,4.56504074605864
140,"constrained_alpha",NA,-2054.92677657146,0.321341256256562,2.25879973980543,0.979707657144587,4.56504074605864
141,"unconstrained","0",-2025.52351923894,0.325179898757606,1.57703401030599,1.18905103852865,2.43453811307599
141,"constrained_alpha",NA,-2035.28189922389,0.335274172759695,1.57703401030599,1.18905103852865,2.43453811307599
142,"unconstrained","0",-2088.18117097905,0.359947246925258,1.96102957181046,0.800999301422179,3.9406769941253
142,"constrained_alpha",NA,-2095.91056621093,0.358483869323555,1.96102957181046,0.800999301422179,3.9406769941253
143,"unconstrained","0",-2055.33402509156,0.372232651207165,2.45868406595665,0.90572936606537,9.3783655278014
143,"constrained_alpha",NA,-2058.9061021108,0.36747433408994,2.45868406595665,0.90572936606537,9.3783655278014
144,"unconstrained","0",-2080.02998725529,0.316383394926396,1.7784026124853,1.1624261649938,2.83113689393477
144,"constrained_alpha",NA,-2082.3314650997,0.314666484736818,1.7784026124853,1.1624261649938,2.83113689393477
145,"unconstrained","0",-2073.93625702047,0.30915035032063,2.38924288337199,0.662704858052969,9.10068861295896
145,"constrained_alpha",NA,-2080.84152922029,0.311601420651748,2.38924288337199,0.662704858052969,9.10068861295896
146,"unconstrained","0",-2030.48264959384,0.403337188318217,2.09051400120153,0.776541432804427,6.18363079326289
146,"constrained_alpha",NA,-2047.58207269717,0.400642020303175,2.09051400120153,0.776541432804427,6.18363079326289
147,"unconstrained","0",-2044.19342163601,0.305836144552718,1.80767443843277,0.665999225316316,2.87005800417431
147,"constrained_alpha",NA,-2052.49839305502,0.309437784834225,1.80767443843277,0.665999225316316,2.87005800417431
148,"unconstrained","0",-2080.96932080581,0.317114584993404,1.89060896763617,0.889961998360991,3.63923908556243
148,"constrained_alpha",NA,-2090.26228578424,0.327841852116753,1.89060896763617,0.889961998360991,3.63923908556243
149,"unconstrained","0",-2060.86631159498,0.318342518986402,1.91516244295508,1.02076874520576,3.4057746131081
149,"constrained_alpha",NA,-2063.05579736297,0.324453617895479,1.91516244295508,1.02076874520576,3.4057746131081
150,"unconstrained","0",-2061.52454389842,0.352247531914024,1.9273406469857,1.22427592862908,3.94734693524858
150,"constrained_alpha",NA,-2063.60928395305,0.347649367620445,1.9273406469857,1.22427592862908,3.94734693524858
151,"unconstrained","0",-2040.11531564666,0.337794669020137,2.79649350151168,1.00704112999161,13.145518954554
151,"constrained_alpha",NA,-2044.73741028352,0.329089772087312,2.79649350151168,1.00704112999161,13.145518954554
152,"unconstrained","0",-2049.11907914525,0.337786489120285,2.05357112715846,0.983757196850416,3.53932292735308
152,"constrained_alpha",NA,-2055.69531494762,0.344502175544964,2.05357112715846,0.983757196850416,3.53932292735308
153,"unconstrained","0",-2030.5091694032,0.393839865502663,1.94896020796396,0.960209485325955,3.92545681609479
153,"constrained_alpha",NA,-2034.80163714,0.382850141563438,1.94896020796396,0.960209485325955,3.92545681609479
154,"unconstrained","0",-2125.18191110759,0.34006111162511,1.62412387436174,0.997343019128766,2.33497507812007
154,"constrained_alpha",NA,-2131.32504924881,0.342714832220834,1.62412387436174,0.997343019128766,2.33497507812007
155,"unconstrained","0",-2050.85638557167,0.369796939871742,1.94327736283993,0.949939763827035,3.28962821246249
155,"constrained_alpha",NA,-2055.47293557292,0.366720629921754,1.94327736283993,0.949939763827035,3.28962821246249
156,"unconstrained","0",-2082.49222786769,0.304573758601125,2.58175634352675,1.01892661522068,6.89905977960902
156,"constrained_alpha",NA,-2095.4100145023,0.309395220532067,2.58175634352675,1.01892661522068,6.89905977960902
157,"unconstrained","0",-2045.81202676987,0.372602237600446,1.90169781605102,1.00509623391407,3.80646460887772
157,"constrained_alpha",NA,-2052.65823208569,0.373082075006212,1.90169781605102,1.00509623391407,3.80646460887772
158,"unconstrained","0",-2038.8109393,0.396755354225953,1.69592419975952,0.718819806813168,3.23464204439945
158,"constrained_alpha",NA,-2048.08344794734,0.406454062746299,1.69592419975952,0.718819806813168,3.23464204439945
159,"unconstrained","0",-2010.91938411458,0.362900455841794,1.88783574142846,1.02879830886186,4.96990244671326
159,"constrained_alpha",NA,-2024.09184059789,0.337590072783077,1.88783574142846,1.02879830886186,4.96990244671326
160,"unconstrained","0",-2012.44235410166,0.356655359772405,2.00683789578207,0.896789501416167,3.86817502829799
160,"constrained_alpha",NA,-2025.98047230687,0.384384137780087,2.00683789578207,0.896789501416167,3.86817502829799
161,"unconstrained","0",-1975.40683946282,0.389381676898684,2.10574091196702,0.91494391911108,4.25657333927431
161,"constrained_alpha",NA,-1983.52981140293,0.381442285819378,2.10574091196702,0.91494391911108,4.25657333927431
162,"unconstrained","0",-1998.22745473446,0.359972902659372,2.35165991689085,0.763227081549535,4.02745105459859
162,"constrained_alpha",NA,-2005.86552570047,0.360658459618583,2.35165991689085,0.763227081549535,4.02745105459859
163,"unconstrained","0",-2087.54195155748,0.335906380965684,2.09393173470425,1.20884981334208,4.47480488824973
163,"constrained_alpha",NA,-2092.4980922659,0.334665521544755,2.09393173470425,1.20884981334208,4.47480488824973
164,"unconstrained","0",-2039.02391899744,0.322367457023315,1.84158869719348,1.05440034557211,3.25091899347134
164,"constrained_alpha",NA,-2046.90744630262,0.325514982867643,1.84158869719348,1.05440034557211,3.25091899347134
165,"unconstrained","0",-2021.01986741656,0.381116933159833,2.64300218806268,0.656847569314245,5.33726549864424
165,"constrained_alpha",NA,-2032.41088774817,0.378178489967499,2.64300218806268,0.656847569314245,5.33726549864424
166,"unconstrained","0",-2038.18610202171,0.346464800321592,2.30591018980062,1.03123442117486,5.33006995574693
166,"constrained_alpha",NA,-2044.88033044719,0.350052505392475,2.30591018980062,1.03123442117486,5.33006995574693
167,"unconstrained","0",-2026.90649396645,0.3649376810194,1.63283037837213,0.59442008574069,4.88766019477784
167,"constrained_alpha",NA,-2037.48567113539,0.375704756253142,1.63283037837213,0.59442008574069,4.88766019477784
168,"unconstrained","0",-2022.14372728588,0.327531257305655,3.08510792668859,0.901771092585879,17.6884601554205
168,"constrained_alpha",NA,-2025.15938986327,0.335287554332473,3.08510792668859,0.901771092585879,17.6884601554205
169,"unconstrained","0",-2051.89002604164,0.342904865118369,2.57311178060576,0.924626643035978,7.06909117563641
169,"constrained_alpha",NA,-2059.01082946364,0.328723849981041,2.57311178060576,0.924626643035978,7.06909117563641
170,"unconstrained","0",-2055.92141525128,0.294556388600707,2.28106180721684,1.41007117569062,3.43338466362385
170,"constrained_alpha",NA,-2061.56671462152,0.303286947548825,2.28106180721684,1.41007117569062,3.43338466362385
171,"unconstrained","0",-2075.66436296916,0.340022180611349,1.91515179677444,0.971821072074587,3.1794213764492
171,"constrained_alpha",NA,-2080.76009039439,0.342796273557745,1.91515179677444,0.971821072074587,3.1794213764492
172,"unconstrained","0",-1992.34707955395,0.374543806328592,2.02208585185332,1.08394227371357,5.01348612651541
172,"constrained_alpha",NA,-2000.83269468543,0.363658576856179,2.02208585185332,1.08394227371357,5.01348612651541
173,"unconstrained","0",-2059.38568129761,0.401711733578942,1.76161012251628,0.56836477145797,4.28626208596562
173,"constrained_alpha",NA,-2068.88485278111,0.383259119251622,1.76161012251628,0.56836477145797,4.28626208596562
174,"unconstrained","0",-2042.28633530032,0.395743576735796,1.8366447934809,0.895780451362366,3.99617901440991
174,"constrained_alpha",NA,-2050.74045886947,0.402513706186683,1.8366447934809,0.895780451362366,3.99617901440991
175,"unconstrained","0",-2044.68806930766,0.323789152199804,2.38576183573049,0.916036031492016,4.67763254738872
175,"constrained_alpha",NA,-2050.47730448044,0.32219320161024,2.38576183573049,0.916036031492016,4.67763254738872
176,"unconstrained","0",-2054.85719332162,0.368504407643879,1.57332283319092,1.00936021722981,2.28795678144426
176,"constrained_alpha",NA,-2059.40887755184,0.369562899121741,1.57332283319092,1.00936021722981,2.28795678144426
177,"unconstrained","0",-2037.77765946816,0.363140146445164,6.36136552461697,1.57514846015612,50
177,"constrained_alpha",NA,-2079.50653792145,0.427100022221515,6.36136552461697,1.57514846015612,50
178,"unconstrained","0",-1998.23518678542,0.352309100477697,1.64878276571412,0.60029664149186,2.68259816128182
178,"constrained_alpha",NA,-2003.35186657663,0.373402218361229,1.64878276571412,0.60029664149186,2.68259816128182
179,"unconstrained","0",-2085.73133943318,0.319216358003745,2.60934039947344,0.888722304964411,12.2325013521505
179,"constrained_alpha",NA,-2097.44300716199,0.299933932356834,2.60934039947344,0.888722304964411,12.2325013521505
180,"unconstrained","0",-2046.94929414933,0.368927919552478,2.09278790877419,0.635343572551069,4.8482527755739
180,"constrained_alpha",NA,-2054.12630259442,0.364079109797715,2.09278790877419,0.635343572551069,4.8482527755739
181,"unconstrained","0",-2073.3767375153,0.328108462006665,1.60873985323855,0.822395134325656,2.43621040490418
181,"constrained_alpha",NA,-2085.19441761207,0.339833542852389,1.60873985323855,0.822395134325656,2.43621040490418
182,"unconstrained","0",-2032.50838772551,0.303902699724466,1.99449813626391,0.929023919146372,3.52776620020188
182,"constrained_alpha",NA,-2042.83055205288,0.29951605942652,1.99449813626391,0.929023919146372,3.52776620020188
183,"unconstrained","0",-2067.83512358516,0.346483970089858,1.75454678730186,0.932136010474776,3.34350522582603
183,"constrained_alpha",NA,-2069.31661659039,0.347241444622574,1.75454678730186,0.932136010474776,3.34350522582603
184,"unconstrained","0",-2015.94033264839,0.387438681189291,3.21594416814887,0.860396542489209,15.6290308186423
184,"constrained_alpha",NA,-2020.82527253619,0.386383388791319,3.21594416814887,0.860396542489209,15.6290308186423
185,"unconstrained","0",-2025.60704055635,0.362350850195288,2.45058769754079,1.00149984494014,5.88453633171054
185,"constrained_alpha",NA,-2029.56888692326,0.360426225159593,2.45058769754079,1.00149984494014,5.88453633171054
186,"unconstrained","0",-2113.32101356634,0.345151164790272,2.25340392873706,1.04856557793724,4.80333796184125
186,"constrained_alpha",NA,-2119.3846689131,0.341495232225498,2.25340392873706,1.04856557793724,4.80333796184125
187,"unconstrained","0",-2051.07617782814,0.359324310029133,2.12788747518361,0.811452028290927,4.23680804648821
187,"constrained_alpha",NA,-2054.99466701627,0.362751905665156,2.12788747518361,0.811452028290927,4.23680804648821
188,"unconstrained","0",-2055.41351082775,0.367885846622392,2.06970294015077,0.826836197860072,4.37689720774655
188,"constrained_alpha",NA,-2062.85981090055,0.359260894532334,2.06970294015077,0.826836197860072,4.37689720774655
189,"unconstrained","0",-2060.22176233477,0.340030393241679,1.71645620161966,0.842283398362652,2.74349008467736
189,"constrained_alpha",NA,-2066.85016387077,0.326374593828975,1.71645620161966,0.842283398362652,2.74349008467736
190,"unconstrained","0",-2020.06779914534,0.364908201396758,2.29881107054139,0.791110429823148,3.89064597499921
190,"constrained_alpha",NA,-2031.43131474581,0.349038286093057,2.29881107054139,0.791110429823148,3.89064597499921
191,"unconstrained","0",-2011.88093302722,0.323872078896541,2.14957458944114,0.678471308322109,3.52359311184349
191,"constrained_alpha",NA,-2019.80539592864,0.303519611690473,2.14957458944114,0.678471308322109,3.52359311184349
192,"unconstrained","0",-2076.17074586812,0.34660433835193,2.09346171077367,1.19968916450609,3.62799453322171
192,"constrained_alpha",NA,-2080.50943816305,0.338825515456784,2.09346171077367,1.19968916450609,3.62799453322171
193,"unconstrained","0",-2070.0283574142,0.329845256864598,2.33173961010615,0.980782806201678,9.10214326475985
193,"constrained_alpha",NA,-2077.777387249,0.327014756169793,2.33173961010615,0.980782806201678,9.10214326475985
194,"unconstrained","0",-2029.83585933691,0.389321211984248,2.31668201686175,0.470876878925059,5.39925766499893
194,"constrained_alpha",NA,-2038.84601022979,0.378660530668426,2.31668201686175,0.470876878925059,5.39925766499893
195,"unconstrained","0",-2020.73612272989,0.291389204482802,2.14339743779445,0.569779862336345,3.26041210485954
195,"constrained_alpha",NA,-2025.11287229007,0.302415347509301,2.14339743779445,0.569779862336345,3.26041210485954
196,"unconstrained","0",-2018.36063456885,0.357338669077146,2.3020298598059,0.892672251237073,5.77936331703983
196,"constrained_alpha",NA,-2027.37067090636,0.33313187400035,2.3020298598059,0.892672251237073,5.77936331703983
197,"unconstrained","0",-2044.12647077223,0.359632985803445,2.245494693283,0.936891706480214,5.57317086824931
197,"constrained_alpha",NA,-2054.46807817547,0.35533865580435,2.245494693283,0.936891706480214,5.57317086824931
198,"unconstrained","0",-2032.27080352501,0.326463205514232,2.35213893834021,1.20286926052822,5.04449216790515
198,"constrained_alpha",NA,-2034.97404753929,0.334366822893559,2.35213893834021,1.20286926052822,5.04449216790515
199,"unconstrained","0",-2054.76536917291,0.349260832127068,2.09698735001255,1.21521650158731,5.81670035531796
199,"constrained_alpha",NA,-2058.29779678382,0.357411332581932,2.09698735001255,1.21521650158731,5.81670035531796
200,"unconstrained","0",-2071.22405801368,0.338292054628154,1.86918475016028,1.12350006124598,3.64595002163621
200,"constrained_alpha",NA,-2074.17920993954,0.34784784311356,1.86918475016028,1.12350006124598,3.64595002163621
201,"unconstrained","0",-2078.75841404692,0.327141064329735,2.23404072067535,1.20434949726676,3.96802403045096
201,"constrained_alpha",NA,-2080.84660685105,0.327461283848265,2.23404072067535,1.20434949726676,3.96802403045096
202,"unconstrained","0",-2043.28824495926,0.337567236304024,3.34948263116731,0.83542138624172,12.1196598146847
202,"constrained_alpha",NA,-2048.63311508513,0.331666100273058,3.34948263116731,0.83542138624172,12.1196598146847
203,"unconstrained","0",-2044.13167955948,0.350715968919656,1.85075833788715,0.648012565598099,4.44463521442174
203,"constrained_alpha",NA,-2053.60105488853,0.349214949214534,1.85075833788715,0.648012565598099,4.44463521442174
204,"unconstrained","0",-2020.45203890314,0.364734831417125,1.86336734424228,0.986373933563834,2.74655334271485
204,"constrained_alpha",NA,-2025.19508359289,0.362835796594675,1.86336734424228,0.986373933563834,2.74655334271485
205,"unconstrained","0",-2068.0335138797,0.331213900842623,2.03620530411538,0.447920183784887,4.65381904043806
205,"constrained_alpha",NA,-2079.09835452388,0.324685565398935,2.03620530411538,0.447920183784887,4.65381904043806
206,"unconstrained","0",-2009.25952201818,0.36890499410003,2.63259896481075,1.16539451759171,6.9753148446837
206,"constrained_alpha",NA,-2022.59744490766,0.348492443817758,2.63259896481075,1.16539451759171,6.9753148446837
207,"unconstrained","0",-2027.16949658605,0.299763245693963,2.51544931144956,0.769075994409236,4.95862779614288
207,"constrained_alpha",NA,-2032.69713490487,0.286154720015766,2.51544931144956,0.769075994409236,4.95862779614288
208,"unconstrained","0",-2042.30961669119,0.358911821515035,2.05563723896503,0.401425891135158,3.55983928205058
208,"constrained_alpha",NA,-2050.42884225886,0.368317056030717,2.05563723896503,0.401425891135158,3.55983928205058
209,"unconstrained","0",-2062.24561290841,0.361720670661604,1.91141197774868,0.708569985872269,4.07638768490762
209,"constrained_alpha",NA,-2067.30988081921,0.367793229297216,1.91141197774868,0.708569985872269,4.07638768490762
210,"unconstrained","0",-2020.49995823308,0.359555531942092,6.05496639008247,1.07512247579864,50
210,"constrained_alpha",NA,-2034.26447511473,0.377791324714826,6.05496639008247,1.07512247579864,50
211,"unconstrained","0",-2079.51096324276,0.372290400462147,2.06852606845829,1.07530582510882,4.72951879646264
211,"constrained_alpha",NA,-2089.2302923074,0.362953305917235,2.06852606845829,1.07530582510882,4.72951879646264
212,"unconstrained","0",-2053.39272270778,0.381574966995185,2.27055721790479,1.00117444767211,4.62332335143703
212,"constrained_alpha",NA,-2063.46510827125,0.38847206475464,2.27055721790479,1.00117444767211,4.62332335143703
213,"unconstrained","0",-2017.71260784417,0.365766894526287,2.41070415972996,1.05904674499744,4.89034403566156
213,"constrained_alpha",NA,-2029.65484663461,0.374690491663579,2.41070415972996,1.05904674499744,4.89034403566156
214,"unconstrained","0",-2117.22085754962,0.308168404345248,1.70628049224642,0.719170247460557,3.75177494583409
214,"constrained_alpha",NA,-2126.25905373161,0.305968686770247,1.70628049224642,0.719170247460557,3.75177494583409
215,"unconstrained","0",-2111.10287959407,0.349555808542053,1.65458112015622,0.671679654965379,2.34258292316462
215,"constrained_alpha",NA,-2117.6645936454,0.346921875351982,1.65458112015622,0.671679654965379,2.34258292316462
216,"unconstrained","0",-2039.14683202506,0.325335833978016,2.46519194882951,1.06326996827903,6.23178891913448
216,"constrained_alpha",NA,-2059.81709791729,0.335563097272699,2.46519194882951,1.06326996827903,6.23178891913448
217,"unconstrained","0",-2063.50823817218,0.302932124642058,1.97207701459259,0.931698167130155,3.57778869064706
217,"constrained_alpha",NA,-2068.56175901663,0.302149820672173,1.97207701459259,0.931698167130155,3.57778869064706
218,"unconstrained","0",-2020.20100328807,0.348053681331592,1.86407415624557,1.0106099869381,4.58900780015405
218,"constrained_alpha",NA,-2024.72111292811,0.338846822301582,1.86407415624557,1.0106099869381,4.58900780015405
219,"unconstrained","0",-2065.85945703736,0.346076240555024,2.66306685832736,1.32184556602553,8.95925274747063
219,"constrained_alpha",NA,-2068.90612856746,0.339804459898609,2.66306685832736,1.32184556602553,8.95925274747063
220,"unconstrained","0",-2042.6819272325,0.373136494570442,2.07596561645513,1.00407833776576,4.05684737781944
220,"constrained_alpha",NA,-2052.83924176537,0.351441873794835,2.07596561645513,1.00407833776576,4.05684737781944
221,"unconstrained","0",-2043.62078255787,0.319661951088423,2.28235712512872,0.909452070140001,4.19579175179684
221,"constrained_alpha",NA,-2048.01212554173,0.320010521198942,2.28235712512872,0.909452070140001,4.19579175179684
222,"unconstrained","0",-2083.85291550795,0.339038943603329,2.51636230356258,1.05728462201513,7.37616444039473
222,"constrained_alpha",NA,-2089.52168283574,0.321152642826292,2.51636230356258,1.05728462201513,7.37616444039473
223,"unconstrained","0",-2039.30217160887,0.319943709617287,2.45562627071643,1.1260188383341,6.34719249131452
223,"constrained_alpha",NA,-2048.94475200214,0.30262278732596,2.45562627071643,1.1260188383341,6.34719249131452
224,"unconstrained","0",-1998.34238064787,0.353883705340991,2.62634742616072,1.01242763630006,4.64960654822329
224,"constrained_alpha",NA,-2002.64828399794,0.34232022323959,2.62634742616072,1.01242763630006,4.64960654822329
225,"unconstrained","0",-2071.45060923723,0.418523566622631,1.69535692278716,0.80231527595407,5.35129426073548
225,"constrained_alpha",NA,-2080.08333746822,0.410991471918528,1.69535692278716,0.80231527595407,5.35129426073548
226,"unconstrained","0",-2027.10535793311,0.388732995727789,1.99006959562541,0.655941795125421,3.48680332104069
226,"constrained_alpha",NA,-2034.27449990043,0.346620969392421,1.99006959562541,0.655941795125421,3.48680332104069
227,"unconstrained","0",-1977.34900277308,0.32461395198559,2.1684220118838,1.18876730927404,2.71954149630683
227,"constrained_alpha",NA,-1980.24985092351,0.333037335023331,2.1684220118838,1.18876730927404,2.71954149630683
228,"unconstrained","0",-2010.55756075274,0.354059712715372,1.99310678845841,1.03177822206979,5.32307483902881
228,"constrained_alpha",NA,-2017.61750782604,0.351767995949352,1.99310678845841,1.03177822206979,5.32307483902881
229,"unconstrained","0",-1998.23417135048,0.354544122774319,1.58162198194607,0.730464423705254,4.01907403931009
229,"constrained_alpha",NA,-2002.51780095936,0.355926075474733,1.58162198194607,0.730464423705254,4.01907403931009
230,"unconstrained","0",-2032.30412224539,0.300222493433765,1.98399761515131,1.15002997644865,3.31911813168954
230,"constrained_alpha",NA,-2038.61475252521,0.295019896673612,1.98399761515131,1.15002997644865,3.31911813168954
231,"unconstrained","0",-2056.86422506493,0.401399949682242,1.57307194264413,0.790644860481524,2.3756917274643
231,"constrained_alpha",NA,-2061.51179434949,0.417480284953031,1.57307194264413,0.790644860481524,2.3756917274643
232,"unconstrained","0",-2031.44689642042,0.307394862163289,2.15817791500837,0.675467182567981,4.45217719208603
232,"constrained_alpha",NA,-2039.30610692105,0.301991979950982,2.15817791500837,0.675467182567981,4.45217719208603
233,"unconstrained","0",-2032.91234815309,0.361374114746939,2.21499248125089,0.964089309670056,4.07349051084486
233,"constrained_alpha",NA,-2041.59492190916,0.366307543092773,2.21499248125089,0.964089309670056,4.07349051084486
234,"unconstrained","0",-2048.59220503828,0.382908747186187,1.62287488720427,0.820245346739299,3.01116501705683
234,"constrained_alpha",NA,-2056.26780311665,0.387566677456979,1.62287488720427,0.820245346739299,3.01116501705683
235,"unconstrained","0",-2083.70220438551,0.313163048926973,2.10500434494538,1.04481697943189,3.91330456586447
235,"constrained_alpha",NA,-2091.87289760748,0.309879061411838,2.10500434494538,1.04481697943189,3.91330456586447
236,"unconstrained","0",-2030.94142764759,0.375982440654538,1.95037444071217,0.907487783553898,3.60208665059839
236,"constrained_alpha",NA,-2034.65230840896,0.377473274053372,1.95037444071217,0.907487783553898,3.60208665059839
237,"unconstrained","0",-2058.9165241074,0.370239593005995,1.75844235914843,0.800872406333414,2.96679701509835
237,"constrained_alpha",NA,-2065.87863539405,0.366344383433961,1.75844235914843,0.800872406333414,2.96679701509835
238,"unconstrained","0",-2072.43554922149,0.338866103216089,1.80780140677296,1.12521933307489,3.00388245866085
238,"constrained_alpha",NA,-2077.66687672859,0.327194489661009,1.80780140677296,1.12521933307489,3.00388245866085
239,"unconstrained","0",-2071.77955590389,0.26099617914579,2.29711004644093,1.05596721106237,4.14960646157585
239,"constrained_alpha",NA,-2084.5312299131,0.251419026661065,2.29711004644093,1.05596721106237,4.14960646157585
240,"unconstrained","0",-2073.04416664445,0.346443111956333,1.90833913789931,0.560586763039328,3.28966313234489
240,"constrained_alpha",NA,-2078.2339175205,0.356411387938004,1.90833913789931,0.560586763039328,3.28966313234489
241,"unconstrained","0",-2046.10877962518,0.402193851824913,1.74731423984916,1.04804067085468,2.27437531836281
241,"constrained_alpha",NA,-2051.97037673947,0.380473945730792,1.74731423984916,1.04804067085468,2.27437531836281
242,"unconstrained","0",-2075.15524927144,0.313325879177886,1.86480547619434,1.08190929393749,3.23428549427732
242,"constrained_alpha",NA,-2080.02809251723,0.307128107606798,1.86480547619434,1.08190929393749,3.23428549427732
243,"unconstrained","0",-1986.51713370076,0.353449568323792,2.51947764970516,1.23230084771801,5.19423839296557
243,"constrained_alpha",NA,-1997.17436750487,0.326503292945733,2.51947764970516,1.23230084771801,5.19423839296557
244,"unconstrained","0",-2071.61534225589,0.29865653932626,2.76446625143796,1.00283790423383,5.10888870246596
244,"constrained_alpha",NA,-2074.06294467508,0.308704878204132,2.76446625143796,1.00283790423383,5.10888870246596
245,"unconstrained","0",-2085.38797771449,0.389674981375284,1.77568274148899,0.730579235313783,3.93388987216823
245,"constrained_alpha",NA,-2097.50878837488,0.380374145548689,1.77568274148899,0.730579235313783,3.93388987216823
246,"unconstrained","0",-2036.59563382813,0.368101940848711,1.61171187818474,0.878066515606048,2.4684995529084
246,"constrained_alpha",NA,-2041.43283310177,0.354367258675228,1.61171187818474,0.878066515606048,2.4684995529084
247,"unconstrained","0",-2083.326154818,0.331320601296188,2.27402459072925,1.18099259095165,4.84389950221047
247,"constrained_alpha",NA,-2089.86643205949,0.335534347152325,2.27402459072925,1.18099259095165,4.84389950221047
248,"unconstrained","0",-2033.7187209567,0.400599071344405,2.28708746544825,1.13059566686417,5.08492481047985
248,"constrained_alpha",NA,-2039.8819451847,0.391883352491109,2.28708746544825,1.13059566686417,5.08492481047985
249,"unconstrained","0",-2031.53493150983,0.38292838073074,1.53488535424687,0.818902155418277,2.68302268334973
249,"constrained_alpha",NA,-2040.29672888629,0.396474493113201,1.53488535424687,0.818902155418277,2.68302268334973
250,"unconstrained","0",-2082.80489849016,0.32641586333249,2.24538511003414,1.24903146516489,6.74072070635137
250,"constrained_alpha",NA,-2089.32233861437,0.326063324399115,2.24538511003414,1.24903146516489,6.74072070635137
251,"unconstrained","0",-2038.77732999302,0.31770761187424,1.93673343721475,0.802979126692269,3.75124713599656
251,"constrained_alpha",NA,-2049.75803453334,0.313585825884656,1.93673343721475,0.802979126692269,3.75124713599656
252,"unconstrained","0",-2016.76204219053,0.35681070715255,6.03741710009895,0.931060381329831,50
252,"constrained_alpha",NA,-2027.18483524397,0.350779920391267,6.03741710009895,0.931060381329831,50
253,"unconstrained","0",-2028.47351797775,0.37661332624486,2.37194384817344,0.801802206359364,4.6077761541651
253,"constrained_alpha",NA,-2032.54784377784,0.36431597544202,2.37194384817344,0.801802206359364,4.6077761541651
254,"unconstrained","0",-1994.33657395539,0.379865970553898,1.75915036482887,0.648000020723481,4.16896147451338
254,"constrained_alpha",NA,-2003.66146531638,0.37438942882853,1.75915036482887,0.648000020723481,4.16896147451338
255,"unconstrained","0",-2013.05318201219,0.317682450721673,2.01438397121568,1.09430581723918,2.87061796993525
255,"constrained_alpha",NA,-2020.77089159943,0.338070972554617,2.01438397121568,1.09430581723918,2.87061796993525
256,"unconstrained","0",-2087.81457351087,0.333651974750432,2.20420467248474,0.978455224719958,5.79979287336497
256,"constrained_alpha",NA,-2091.75018782297,0.32757340170508,2.20420467248474,0.978455224719958,5.79979287336497
257,"unconstrained","0",-2016.97640868449,0.352515339977605,2.33268344066804,0.556096323405064,7.01431128765293
257,"constrained_alpha",NA,-2022.22036626792,0.36922475126338,2.33268344066804,0.556096323405064,7.01431128765293
258,"unconstrained","0",-2023.16482591761,0.284503569474988,2.33056809955236,0.944298637153536,4.39531634906352
258,"constrained_alpha",NA,-2030.18711862701,0.288365664539179,2.33056809955236,0.944298637153536,4.39531634906352
259,"unconstrained","0",-2083.91045613442,0.346307846369114,2.08578066022593,1.13648467345046,3.262315436985
259,"constrained_alpha",NA,-2088.6989497089,0.332558281897668,2.08578066022593,1.13648467345046,3.262315436985
260,"unconstrained","0",-2084.1449549094,0.353756332368933,1.83544401825769,1.05567346410658,3.50287556822859
260,"constrained_alpha",NA,-2086.03880350147,0.353731216448496,1.83544401825769,1.05567346410658,3.50287556822859
261,"unconstrained","0",-2042.43327095744,0.366314202162562,1.983569410836,0.997991810287418,3.87508730901651
261,"constrained_alpha",NA,-2045.75604081347,0.368930934049047,1.983569410836,0.997991810287418,3.87508730901651
262,"unconstrained","0",-2022.20284088641,0.324415382617463,6.18133282402743,0.857391739784974,50
262,"constrained_alpha",NA,-2027.56536183204,0.346145966776852,6.18133282402743,0.857391739784974,50
263,"unconstrained","0",-2055.79913818825,0.39408311889493,1.48723468905075,0.651712793546672,2.20636518788878
263,"constrained_alpha",NA,-2066.50376106677,0.371454791759541,1.48723468905075,0.651712793546672,2.20636518788878
264,"unconstrained","0",-2027.78814173054,0.323578739001425,2.51568649893,1.00982316769859,6.3195504515324
264,"constrained_alpha",NA,-2034.89722327712,0.311171515157256,2.51568649893,1.00982316769859,6.3195504515324
265,"unconstrained","0",-2044.99655915422,0.349106165143651,1.75542047340084,1.04864190542463,3.29123446774019
265,"constrained_alpha",NA,-2046.01298402536,0.345485743971034,1.75542047340084,1.04864190542463,3.29123446774019
266,"unconstrained","0",-2096.58049425455,0.35744592721969,1.68148194992191,0.706200876697703,2.98538698367883
266,"constrained_alpha",NA,-2107.16942744724,0.360147011348387,1.68148194992191,0.706200876697703,2.98538698367883
267,"unconstrained","0",-2040.26218018317,0.335930327738725,2.20473980183473,1.24833549379592,4.30141973550965
267,"constrained_alpha",NA,-2044.15905749821,0.343464186230328,2.20473980183473,1.24833549379592,4.30141973550965
268,"unconstrained","0",-2057.80713145902,0.382461066534107,1.80963774832265,0.923502943454642,3.061826097362
268,"constrained_alpha",NA,-2061.50397844007,0.37411684812608,1.80963774832265,0.923502943454642,3.061826097362
269,"unconstrained","0",-2036.49384918811,0.377741816436711,2.13773863581198,0.416401406910431,5.25705383065955
269,"constrained_alpha",NA,-2043.66970348712,0.400180772119913,2.13773863581198,0.416401406910431,5.25705383065955
270,"unconstrained","0",-2033.10665776104,0.329471800604459,5.69814167237272,0.996676047960372,50
270,"constrained_alpha",NA,-2042.43051126186,0.333575628524133,5.69814167237272,0.996676047960372,50
271,"unconstrained","0",-2062.25965373927,0.392275089516528,2.33276933864617,0.547993887966261,9.96006780372403
271,"constrained_alpha",NA,-2071.50728707688,0.388716813970075,2.33276933864617,0.547993887966261,9.96006780372403
272,"unconstrained","0",-2068.51808238944,0.334767560297264,2.16345439340817,0.972050847786958,4.28882737351847
272,"constrained_alpha",NA,-2070.5412941972,0.335637461064578,2.16345439340817,0.972050847786958,4.28882737351847
273,"unconstrained","0",-2023.76615377602,0.337825459468547,2.12356092755834,1.02840661884498,3.57278683482568
273,"constrained_alpha",NA,-2029.2932515335,0.329412790512138,2.12356092755834,1.02840661884498,3.57278683482568
274,"unconstrained","0",-2048.63210507625,0.382293463402469,1.9523053072815,0.526991586585266,6.35228833903105
274,"constrained_alpha",NA,-2059.71846259151,0.338432749882855,1.9523053072815,0.526991586585266,6.35228833903105
275,"unconstrained","0",-1996.44420717333,0.442119719259324,3.36619633050423,0.761207172330722,19.2142382221454
275,"constrained_alpha",NA,-2003.05416333839,0.421552963123484,3.36619633050423,0.761207172330722,19.2142382221454
276,"unconstrained","0",-2021.92537131448,0.368213813910934,1.86560196262503,0.580101737312832,4.13098015093915
276,"constrained_alpha",NA,-2028.99407678784,0.362875973891879,1.86560196262503,0.580101737312832,4.13098015093915
277,"unconstrained","0",-2055.28664789133,0.351688705532041,2.32230800835871,1.19917152372035,7.87373247524649
277,"constrained_alpha",NA,-2064.9341401486,0.345294731108612,2.32230800835871,1.19917152372035,7.87373247524649
278,"unconstrained","0",-2022.95453249307,0.329874818826517,6.26052701115922,1.12550701485871,50
278,"constrained_alpha",NA,-2032.22830987497,0.313390171689389,6.26052701115922,1.12550701485871,50
279,"unconstrained","0",-2059.91863569655,0.359132484770246,1.80230883170854,0.742875071695917,2.92946750257251
279,"constrained_alpha",NA,-2062.95728899152,0.368486350189913,1.80230883170854,0.742875071695917,2.92946750257251
280,"unconstrained","0",-2039.96852285488,0.390161932451897,2.16812543622473,0.725582470361446,3.82297422641348
280,"constrained_alpha",NA,-2044.07035458097,0.395805379039094,2.16812543622473,0.725582470361446,3.82297422641348
281,"unconstrained","0",-2040.12936912205,0.385989861437842,6.15238871313696,1.09717118754147,50
281,"constrained_alpha",NA,-2043.6730416442,0.390434227097778,6.15238871313696,1.09717118754147,50
282,"unconstrained","0",-2086.98289577709,0.310131412376953,2.22263330553723,0.684464246183558,5.08146023847074
282,"constrained_alpha",NA,-2095.33076746843,0.316071149289439,2.22263330553723,0.684464246183558,5.08146023847074
283,"unconstrained","0",-2010.65455442681,0.355319926849435,2.6523626369926,1.01857476051994,6.39916901890254
283,"constrained_alpha",NA,-2015.1242818333,0.350218193948341,2.6523626369926,1.01857476051994,6.39916901890254
284,"unconstrained","0",-2067.23772835872,0.381397517033582,1.63747738734603,1.03643160977968,3.13284253677983
284,"constrained_alpha",NA,-2075.36880932449,0.364492016969884,1.63747738734603,1.03643160977968,3.13284253677983
285,"unconstrained","0",-2080.55301186709,0.344198851030869,1.9069599172472,0.911588849202762,3.26569203023859
285,"constrained_alpha",NA,-2086.48469404804,0.349680704144544,1.9069599172472,0.911588849202762,3.26569203023859
286,"unconstrained","0",-2059.42018373836,0.302135040852939,2.69642380077152,1.28710377718981,11.5859412243496
286,"constrained_alpha",NA,-2062.72658734029,0.309154174916308,2.69642380077152,1.28710377718981,11.5859412243496
287,"unconstrained","0",-2090.81401048227,0.356662631076436,1.71388445164117,0.822512596103035,2.9304129918025
287,"constrained_alpha",NA,-2096.18184533559,0.352988234792136,1.71388445164117,0.822512596103035,2.9304129918025
288,"unconstrained","0",-2033.79448005873,0.361344951148355,2.62712893505902,0.873845419540103,5.42128950478929
288,"constrained_alpha",NA,-2040.99970441865,0.35791554833457,2.62712893505902,0.873845419540103,5.42128950478929
289,"unconstrained","0",-2050.62354889307,0.366907796531074,1.96013078183571,0.968579941955092,5.47059180829012
289,"constrained_alpha",NA,-2059.52790071901,0.379077863010243,1.96013078183571,0.968579941955092,5.47059180829012
290,"unconstrained","0",-2082.76439432897,0.39121855303318,2.04305752290844,0.759937938741241,3.63785534139614
290,"constrained_alpha",NA,-2085.75364284199,0.392644198469375,2.04305752290844,0.759937938741241,3.63785534139614
291,"unconstrained","0",-2021.7057734892,0.351521433431206,2.39320021913929,0.827753917313918,5.80073692892088
291,"constrained_alpha",NA,-2026.60647762746,0.350717159150355,2.39320021913929,0.827753917313918,5.80073692892088
292,"unconstrained","0",-2022.888311427,0.30902423547489,1.96737711877493,0.877343735953678,4.1345989890998
292,"constrained_alpha",NA,-2032.32257449946,0.294034102886104,1.96737711877493,0.877343735953678,4.1345989890998
293,"unconstrained","0",-2096.73227952279,0.31426661335094,1.95335601194245,0.84735790763497,3.31563150271217
293,"constrained_alpha",NA,-2104.13144641126,0.312894687257047,1.95335601194245,0.84735790763497,3.31563150271217
294,"unconstrained","0",-2013.72371685168,0.405872052440577,1.71890208436792,0.900413923548022,3.00083919100631
294,"constrained_alpha",NA,-2021.76828478043,0.406098206913936,1.71890208436792,0.900413923548022,3.00083919100631
295,"unconstrained","0",-2037.70144486332,0.345900068062889,1.76178392750931,0.784412026500583,4.37337144779499
295,"constrained_alpha",NA,-2043.91456759469,0.354626048720264,1.76178392750931,0.784412026500583,4.37337144779499
296,"unconstrained","0",-2076.98654284991,0.34166412146393,1.82625234626568,1.11595899433237,2.90009683464302
296,"constrained_alpha",NA,-2085.26975166088,0.345737360146584,1.82625234626568,1.11595899433237,2.90009683464302
297,"unconstrained","0",-2093.58446829381,0.304365289155404,1.96752815298898,0.650203448873479,3.07795454222509
297,"constrained_alpha",NA,-2096.38432927229,0.308211465373732,1.96752815298898,0.650203448873479,3.07795454222509
298,"unconstrained","0",-1958.98487341421,0.388242153543161,2.03182859973183,1.01035238893052,4.61429076247702
298,"constrained_alpha",NA,-1963.82857940433,0.391146898032366,2.03182859973183,1.01035238893052,4.61429076247702
299,"unconstrained","0",-2086.20827648936,0.371669682444841,2.03211753505446,1.11522598335174,3.66782153331949
299,"constrained_alpha",NA,-2093.53938354336,0.346374853642547,2.03211753505446,1.11522598335174,3.66782153331949
300,"unconstrained","0",-2034.87705404423,0.303702907764106,1.88838509808614,0.565636440706217,3.51252449340484
300,"constrained_alpha",NA,-2043.69988616941,0.30402034666172,1.88838509808614,0.565636440706217,3.51252449340484
301,"unconstrained","0",-2002.12912590117,0.35723812092633,1.71384136575087,0.748207467513791,2.26196044327233
301,"constrained_alpha",NA,-2008.82073236105,0.348016441375921,1.71384136575087,0.748207467513791,2.26196044327233
302,"unconstrained","0",-2037.50594281447,0.389265746651061,2.63155659476971,1.0642215382191,6.32086402121846
302,"constrained_alpha",NA,-2043.10784611067,0.374325087046754,2.63155659476971,1.0642215382191,6.32086402121846
303,"unconstrained","0",-2068.61690685948,0.345457002719155,1.74330982652752,0.946701527874267,2.83103449556881
303,"constrained_alpha",NA,-2083.8201512913,0.340060765443892,1.74330982652752,0.946701527874267,2.83103449556881
304,"unconstrained","0",-1990.51884243281,0.32988255114489,2.69287288124865,0.95748875535114,6.45855452602948
304,"constrained_alpha",NA,-1996.97739492425,0.318766959382977,2.69287288124865,0.95748875535114,6.45855452602948
305,"unconstrained","0",-2057.19701952393,0.350947161605286,2.0584427552543,0.978247534168066,5.60204016291421
305,"constrained_alpha",NA,-2063.52926502798,0.345793415797388,2.0584427552543,0.978247534168066,5.60204016291421
306,"unconstrained","0",-2094.12916639799,0.345989762896962,1.81553609746307,1.00498627112763,2.80654174451357
306,"constrained_alpha",NA,-2097.07261429657,0.351311773496376,1.81553609746307,1.00498627112763,2.80654174451357
307,"unconstrained","0",-2023.39697955213,0.385628554037687,1.75298796752599,0.817107075835339,4.48881320051002
307,"constrained_alpha",NA,-2029.1951741564,0.395141786613939,1.75298796752599,0.817107075835339,4.48881320051002
308,"unconstrained","0",-2022.64388421342,0.365145098824175,2.10387576647145,0.705631838955854,4.64120276926988
308,"constrained_alpha",NA,-2032.76681339929,0.351930803695352,2.10387576647145,0.705631838955854,4.64120276926988
309,"unconstrained","0",-2028.61968818488,0.370364655456876,2.44149589144938,1.22061440195542,5.63236215647707
309,"constrained_alpha",NA,-2038.5261307242,0.358610141609918,2.44149589144938,1.22061440195542,5.63236215647707
310,"unconstrained","0",-2069.58659081008,0.356226088984919,2.31219792544433,1.1177913368631,4.87147615935027
310,"constrained_alpha",NA,-2075.97802912788,0.358910304883087,2.31219792544433,1.1177913368631,4.87147615935027
311,"unconstrained","0",-2035.76828709899,0.341095346901989,2.11284654443345,0.798557202456408,3.58029510129137
311,"constrained_alpha",NA,-2042.03674544985,0.350551008699408,2.11284654443345,0.798557202456408,3.58029510129137
312,"unconstrained","0",-2045.02951348085,0.339599366781621,2.25962127101598,1.12102221891667,5.10982054100972
312,"constrained_alpha",NA,-2048.08261882854,0.336413589396734,2.25962127101598,1.12102221891667,5.10982054100972
313,"unconstrained","0",-2056.05889622894,0.363011700171935,1.52010543430014,0.781989522644564,2.58222371339835
313,"constrained_alpha",NA,-2061.60815671838,0.372050420882171,1.52010543430014,0.781989522644564,2.58222371339835
314,"unconstrained","0",-1997.01531176735,0.355085623686341,2.21890308367935,1.2587315789418,5.73312515652929
314,"constrained_alpha",NA,-2003.25349462159,0.349185629810245,2.21890308367935,1.2587315789418,5.73312515652929
315,"unconstrained","0",-2068.91843216711,0.386582801064471,1.99629386413461,0.469413384704152,3.46084960144951
315,"constrained_alpha",NA,-2076.44316971661,0.393132833570529,1.99629386413461,0.469413384704152,3.46084960144951
316,"unconstrained","0",-2046.5065802431,0.351888859166217,1.99859569599175,0.980509931198358,4.9342190629816
316,"constrained_alpha",NA,-2052.62124665826,0.344823093479701,1.99859569599175,0.980509931198358,4.9342190629816
317,"unconstrained","0",-2103.94298196493,0.367383654444223,1.65252849433894,0.600478342231418,3.69651423850806
317,"constrained_alpha",NA,-2111.39444182133,0.361026927218747,1.65252849433894,0.600478342231418,3.69651423850806
318,"unconstrained","0",-2071.5144357415,0.371146317239634,2.04572147387934,1.03092794927447,2.99549177171125
318,"constrained_alpha",NA,-2082.84804360083,0.355978469473205,2.04572147387934,1.03092794927447,2.99549177171125
319,"unconstrained","0",-2055.22268774819,0.327421842483517,2.29089746168446,1.38244168762661,6.89028579037634
319,"constrained_alpha",NA,-2062.54360482184,0.327399522177303,2.29089746168446,1.38244168762661,6.89028579037634
320,"unconstrained","0",-2067.29268534385,0.387826499201091,1.95665161445372,0.508032730358196,3.3802201666441
320,"constrained_alpha",NA,-2074.41682919512,0.400146238643144,1.95665161445372,0.508032730358196,3.3802201666441
321,"unconstrained","0",-2044.24167846203,0.315543167185865,2.20070175981602,1.39105934194147,3.46896530249835
321,"constrained_alpha",NA,-2052.11235577707,0.303754979689102,2.20070175981602,1.39105934194147,3.46896530249835
322,"unconstrained","0",-2102.5396777507,0.365506311465315,1.69702328089662,0.913971951459186,4.01937545524468
322,"constrained_alpha",NA,-2107.14402667622,0.363236333032251,1.69702328089662,0.913971951459186,4.01937545524468
323,"unconstrained","0",-1974.44381050028,0.334552922221177,7.12214969669378,0.791988232955342,50
323,"constrained_alpha",NA,-1983.31199953919,0.352363742191395,7.12214969669378,0.791988232955342,50
324,"unconstrained","0",-2032.3957888861,0.359052550009282,2.31583857745373,0.511145673763034,4.17048533255688
324,"constrained_alpha",NA,-2040.22370688704,0.355366406517872,2.31583857745373,0.511145673763034,4.17048533255688
325,"unconstrained","0",-2060.87479999902,0.357511762032923,2.04444178315039,0.854547432056217,4.02117579723719
325,"constrained_alpha",NA,-2072.16229680913,0.353592397735934,2.04444178315039,0.854547432056217,4.02117579723719
326,"unconstrained","0",-2028.63270847605,0.367992025350064,1.87664698844516,0.866070400621323,6.15874519659082
326,"constrained_alpha",NA,-2038.05569774824,0.362632333050462,1.87664698844516,0.866070400621323,6.15874519659082
327,"unconstrained","0",-2076.63606496103,0.314513099848185,2.01991333359274,1.26470958064458,3.50336272728245
327,"constrained_alpha",NA,-2081.32001879551,0.318436903306804,2.01991333359274,1.26470958064458,3.50336272728245
328,"unconstrained","0",-2048.73497466289,0.344366855228994,2.14714823664587,1.26184646519477,5.27822138421976
328,"constrained_alpha",NA,-2052.28620663597,0.346890244137136,2.14714823664587,1.26184646519477,5.27822138421976
329,"unconstrained","0",-2007.6181079662,0.354211735335419,1.99232609669211,1.32219944396523,3.04660621562931
329,"constrained_alpha",NA,-2016.35571078675,0.347696383899276,1.99232609669211,1.32219944396523,3.04660621562931
330,"unconstrained","0",-2064.73073311722,0.37766796851136,1.93451432040287,0.885389134513648,3.8873336033299
330,"constrained_alpha",NA,-2076.35976370233,0.376412525803853,1.93451432040287,0.885389134513648,3.8873336033299
331,"unconstrained","0",-2045.93844082038,0.347596674387623,1.8487308075643,0.754898364325332,3.59360942866417
331,"constrained_alpha",NA,-2051.2387241143,0.355135819635485,1.8487308075643,0.754898364325332,3.59360942866417
332,"unconstrained","0",-1991.50428991887,0.40630922765474,2.0856604057914,1.09518090690685,4.12133850307777
332,"constrained_alpha",NA,-1998.83267911074,0.377351815339685,2.0856604057914,1.09518090690685,4.12133850307777
333,"unconstrained","0",-2058.49603851111,0.357281101306368,1.88551666252925,0.857662931177876,3.90931243514136
333,"constrained_alpha",NA,-2064.6228259924,0.347433595483981,1.88551666252925,0.857662931177876,3.90931243514136
334,"unconstrained","0",-2051.31014123284,0.367140271882344,2.06282028200813,0.495165234932991,3.07749725136029
334,"constrained_alpha",NA,-2060.88113246179,0.348451518548619,2.06282028200813,0.495165234932991,3.07749725136029
335,"unconstrained","0",-2031.03956577447,0.350376147648349,1.92489251133903,1.01984065336275,4.0707464074363
335,"constrained_alpha",NA,-2035.03512969908,0.355761292221283,1.92489251133903,1.01984065336275,4.0707464074363
336,"unconstrained","0",-2005.767982877,0.272109234788022,2.2868607058429,0.713198566761053,3.78585752383611
336,"constrained_alpha",NA,-2017.06219730839,0.269787222734042,2.2868607058429,0.713198566761053,3.78585752383611
337,"unconstrained","0",-2070.31868215133,0.395322738307109,1.86200024053631,0.708638223502788,5.08430911325391
337,"constrained_alpha",NA,-2079.34756466836,0.39136290620492,1.86200024053631,0.708638223502788,5.08430911325391
338,"unconstrained","0",-2067.9392638043,0.384315822719488,1.72015976893923,0.93290430051262,5.81266423373467
338,"constrained_alpha",NA,-2069.91521657114,0.388876347575527,1.72015976893923,0.93290430051262,5.81266423373467
339,"unconstrained","0",-2005.47143160661,0.345532060649108,2.14757843646696,0.957944490960351,5.68042016907354
339,"constrained_alpha",NA,-2013.66334864937,0.334528589679095,2.14757843646696,0.957944490960351,5.68042016907354
340,"unconstrained","0",-1990.34052561643,0.345286335135941,2.229013355216,0.916888504634012,3.57371112343415
340,"constrained_alpha",NA,-2000.64753626846,0.326357489533487,2.229013355216,0.916888504634012,3.57371112343415
341,"unconstrained","0",-2046.61067269163,0.364684222064446,2.97757653982938,0.806718772339061,17.048760897941
341,"constrained_alpha",NA,-2058.69896165698,0.350689324924077,2.97757653982938,0.806718772339061,17.048760897941
342,"unconstrained","0",-2028.28859478041,0.328487785816451,2.56771861739442,1.33910726204698,5.46592542175361
342,"constrained_alpha",NA,-2032.44318012377,0.3322448647123,2.56771861739442,1.33910726204698,5.46592542175361
343,"unconstrained","0",-2048.93921375046,0.386842309008075,1.93285747941808,1.18239278525144,3.45960971754454
343,"constrained_alpha",NA,-2060.17860563397,0.400837651906082,1.93285747941808,1.18239278525144,3.45960971754454
344,"unconstrained","0",-1976.61432350991,0.304331119581892,2.24172294211926,1.02690515986995,3.89165105131129
344,"constrained_alpha",NA,-1987.06184266461,0.295769268458108,2.24172294211926,1.02690515986995,3.89165105131129
345,"unconstrained","0",-2066.48135899764,0.389145060013681,1.9377011898833,0.877428199866335,3.86463280472499
345,"constrained_alpha",NA,-2073.09536755741,0.381361890285683,1.9377011898833,0.877428199866335,3.86463280472499
346,"unconstrained","0",-2099.12783506166,0.304463061526847,2.01240608508298,1.27313435844974,2.94932701784574
346,"constrained_alpha",NA,-2105.97626507618,0.293675058531312,2.01240608508298,1.27313435844974,2.94932701784574
347,"unconstrained","0",-2056.13194630343,0.332512643941006,1.98231413953584,0.815695407886219,4.19840050053696
347,"constrained_alpha",NA,-2060.06060835969,0.332730770616013,1.98231413953584,0.815695407886219,4.19840050053696
348,"unconstrained","0",-2044.24005915577,0.348701315692534,2.31386424954605,1.08594933540442,4.46511280055037
348,"constrained_alpha",NA,-2053.17580506851,0.353473806379154,2.31386424954605,1.08594933540442,4.46511280055037
349,"unconstrained","0",-2051.69385941874,0.352184692373819,1.72197920238986,0.762566869380625,2.35876323689013
349,"constrained_alpha",NA,-2059.71991207479,0.347853432166672,1.72197920238986,0.762566869380625,2.35876323689013
350,"unconstrained","0",-2037.75184176911,0.332715950517496,2.44161784499449,1.51685088918035,4.28463491003835
350,"constrained_alpha",NA,-2041.23977082552,0.337944632038714,2.44161784499449,1.51685088918035,4.28463491003835
351,"unconstrained","0",-2061.45775148093,0.37286498020067,2.0375865623661,0.900935351339823,3.3232229765418
351,"constrained_alpha",NA,-2075.08358628844,0.35144173346652,2.0375865623661,0.900935351339823,3.3232229765418
352,"unconstrained","0",-1988.9829110212,0.310562249993193,2.42858093408213,1.26602130548882,4.95161096402418
352,"constrained_alpha",NA,-1992.77584410802,0.311256499982252,2.42858093408213,1.26602130548882,4.95161096402418
353,"unconstrained","0",-2050.91976214157,0.348382747371801,1.84082175493801,0.693028662752167,3.44422035946273
353,"constrained_alpha",NA,-2053.67248610289,0.35571263370174,1.84082175493801,0.693028662752167,3.44422035946273
354,"unconstrained","0",-2054.74973096564,0.347182422114862,1.99355989610082,0.89347748314488,3.1204121532512
354,"constrained_alpha",NA,-2058.08877410695,0.33653288075432,1.99355989610082,0.89347748314488,3.1204121532512
355,"unconstrained","0",-2014.42090630245,0.317691169480925,2.0304883150432,1.13784082578302,4.30229227461778
355,"constrained_alpha",NA,-2023.09496934631,0.305097808946122,2.0304883150432,1.13784082578302,4.30229227461778
356,"unconstrained","0",-2059.48132579424,0.387121443669983,1.98759520202124,1.10633372755131,4.25436628589353
356,"constrained_alpha",NA,-2063.86469494778,0.384569506949386,1.98759520202124,1.10633372755131,4.25436628589353
357,"unconstrained","0",-2069.19652788516,0.38295551781013,1.65553086886482,0.607109659842835,3.35236690110259
357,"constrained_alpha",NA,-2075.5856213325,0.394801180117688,1.65553086886482,0.607109659842835,3.35236690110259
358,"unconstrained","0",-2018.88415171673,0.329812692772596,1.84402748290449,1.16556378287689,2.97575478045438
358,"constrained_alpha",NA,-2029.36662787655,0.328507429301875,1.84402748290449,1.16556378287689,2.97575478045438
359,"unconstrained","0",-2053.94847304837,0.302457297544818,2.51769301057872,1.25460292943776,4.38449406972097
359,"constrained_alpha",NA,-2070.23174534154,0.294372149368952,2.51769301057872,1.25460292943776,4.38449406972097
360,"unconstrained","0",-2011.98117399712,0.359513026848344,1.82356710773642,0.944482352633838,5.64081326869337
360,"constrained_alpha",NA,-2019.61375074191,0.355580246730308,1.82356710773642,0.944482352633838,5.64081326869337
361,"unconstrained","0",-1996.58547618507,0.38840885654358,2.0019056259984,0.899520653373554,4.81292928308958
361,"constrained_alpha",NA,-2012.99998680914,0.37679941014962,2.0019056259984,0.899520653373554,4.81292928308958
362,"unconstrained","0",-2042.3717263837,0.356147683690958,1.96697385337005,1.05663480459353,5.49258748429634
362,"constrained_alpha",NA,-2050.19277294588,0.355732039453286,1.96697385337005,1.05663480459353,5.49258748429634
363,"unconstrained","0",-2032.79572484872,0.410257801303981,5.96824347425184,0.755724015064935,49.9994060001532
363,"constrained_alpha",NA,-2042.69742445504,0.421853285227164,5.96824347425184,0.755724015064935,49.9994060001532
364,"unconstrained","0",-2004.12531721402,0.30866230870138,3.42592137461253,0.992382626543531,10.1094452400333
364,"constrained_alpha",NA,-2013.78172559787,0.308077982610728,3.42592137461253,0.992382626543531,10.1094452400333
365,"unconstrained","0",-2014.48599999284,0.314203217363216,2.21279062928099,0.94569298867775,4.49098999889198
365,"constrained_alpha",NA,-2026.3786601199,0.315412965505997,2.21279062928099,0.94569298867775,4.49098999889198
366,"unconstrained","0",-2062.38464617839,0.378536858535008,2.36798026303759,0.689817528137229,5.87840658197886
366,"constrained_alpha",NA,-2065.34385380996,0.377921199420659,2.36798026303759,0.689817528137229,5.87840658197886
367,"unconstrained","0",-2037.80439226002,0.366193471893027,1.71225240816761,0.398950746313501,2.93682376772545
367,"constrained_alpha",NA,-2042.64311180393,0.361970898747935,1.71225240816761,0.398950746313501,2.93682376772545
368,"unconstrained","0",-2044.6229220459,0.358331797505426,2.45244077628851,0.802867726735852,5.12250305631166
368,"constrained_alpha",NA,-2060.13396260953,0.346189974798727,2.45244077628851,0.802867726735852,5.12250305631166
369,"unconstrained","0",-2080.21176745677,0.314576846839951,2.4907484629585,0.689555816783283,4.74850525899646
369,"constrained_alpha",NA,-2091.30563987638,0.326732262413278,2.4907484629585,0.689555816783283,4.74850525899646
370,"unconstrained","0",-2080.17031401467,0.435322097642882,1.73577908683475,0.923268801583516,3.12509155185702
370,"constrained_alpha",NA,-2093.09577862474,0.414034683839225,1.73577908683475,0.923268801583516,3.12509155185702
371,"unconstrained","0",-2046.91219576056,0.378119262071327,2.25249103604287,0.891419964091553,5.99057613980142
371,"constrained_alpha",NA,-2054.20018645743,0.3603885647925,2.25249103604287,0.891419964091553,5.99057613980142
372,"unconstrained","0",-2011.28421037649,0.386615070211918,1.98017237636508,1.21065645106485,3.36698648207733
372,"constrained_alpha",NA,-2017.95006245594,0.393029821374101,1.98017237636508,1.21065645106485,3.36698648207733
373,"unconstrained","0",-2015.53471691711,0.367212145266635,1.77461334781446,1.19194103359242,3.21387996437387
373,"constrained_alpha",NA,-2020.91070607989,0.353303694924773,1.77461334781446,1.19194103359242,3.21387996437387
374,"unconstrained","0",-2084.27344864547,0.315079132673169,1.95844574191989,0.999734711425809,3.58869474088649
374,"constrained_alpha",NA,-2092.7724293679,0.297425687049405,1.95844574191989,0.999734711425809,3.58869474088649
375,"unconstrained","0",-2026.74422093283,0.362030703071312,1.92312410570515,0.909491318364529,4.34048856703895
375,"constrained_alpha",NA,-2037.54354735269,0.367676599958876,1.92312410570515,0.909491318364529,4.34048856703895
376,"unconstrained","0",-2013.67225789741,0.311199565270175,2.37845730966646,0.995689545260373,4.87368194710693
376,"constrained_alpha",NA,-2017.23683329995,0.310981389214814,2.37845730966646,0.995689545260373,4.87368194710693
377,"unconstrained","0",-2033.69328042761,0.376845836325418,2.41111797782845,1.12174039752035,5.80233836544286
377,"constrained_alpha",NA,-2038.25391439122,0.381476241865769,2.41111797782845,1.12174039752035,5.80233836544286
378,"unconstrained","0",-2026.42584056501,0.331283023554809,2.59255089288376,0.897322121931153,6.12128514359238
378,"constrained_alpha",NA,-2030.04623349475,0.338909137394182,2.59255089288376,0.897322121931153,6.12128514359238
379,"unconstrained","0",-2021.39761739809,0.366269293316845,1.71729795893939,0.851617885715525,3.34701836309853
379,"constrained_alpha",NA,-2026.69553077098,0.36193860166478,1.71729795893939,0.851617885715525,3.34701836309853
380,"unconstrained","0",-2023.53266142031,0.309557975374882,2.5259913652033,1.34057019056706,6.57010935398028
380,"constrained_alpha",NA,-2030.58276500051,0.322933366750144,2.5259913652033,1.34057019056706,6.57010935398028
381,"unconstrained","0",-2034.41898936121,0.38420196730307,2.29738897734191,0.630731926643072,3.82399712101396
381,"constrained_alpha",NA,-2041.23539071362,0.385485669207188,2.29738897734191,0.630731926643072,3.82399712101396
382,"unconstrained","0",-2064.65956679334,0.289123974764834,2.36317026236065,1.33274606642474,4.51454563482422
382,"constrained_alpha",NA,-2069.52653742685,0.292051391998327,2.36317026236065,1.33274606642474,4.51454563482422
383,"unconstrained","0",-2068.53179930695,0.374672001224557,2.58660662093655,0.768196795656169,11.8009801573459
383,"constrained_alpha",NA,-2074.24473769254,0.386563245082057,2.58660662093655,0.768196795656169,11.8009801573459
384,"unconstrained","0",-2076.09445005529,0.366362468502068,2.06844432011655,0.776522379802817,3.86863842345103
384,"constrained_alpha",NA,-2083.76655747013,0.354826896911573,2.06844432011655,0.776522379802817,3.86863842345103
385,"unconstrained","0",-2037.99856262499,0.342489791032776,2.56428102152926,1.44338882960322,6.14236732556986
385,"constrained_alpha",NA,-2046.34296686813,0.354915097510755,2.56428102152926,1.44338882960322,6.14236732556986
386,"unconstrained","0",-2019.60754241537,0.360107506100126,2.13797288553064,1.22533181847777,5.19673116569596
386,"constrained_alpha",NA,-2029.07325257752,0.355298427515135,2.13797288553064,1.22533181847777,5.19673116569596
387,"unconstrained","0",-2033.60773556909,0.28880593290588,2.25868873453526,1.23159779260631,4.91388015646643
387,"constrained_alpha",NA,-2040.70141573077,0.29563973133929,2.25868873453526,1.23159779260631,4.91388015646643
388,"unconstrained","0",-2065.82215882167,0.359824813198708,2.37964642426175,0.933026450303144,4.48327933726596
388,"constrained_alpha",NA,-2073.30681340536,0.351194502801418,2.37964642426175,0.933026450303144,4.48327933726596
389,"unconstrained","0",-2063.28356788665,0.389866994498384,1.83783961340563,0.861975220773549,2.81657188217048
389,"constrained_alpha",NA,-2069.41325351101,0.389753263358785,1.83783961340563,0.861975220773549,2.81657188217048
390,"unconstrained","0",-1995.17545293267,0.345165570924402,1.93612278525009,1.06747609516268,3.40647247426959
390,"constrained_alpha",NA,-2002.50146862064,0.341230174882818,1.93612278525009,1.06747609516268,3.40647247426959
391,"unconstrained","0",-2069.28689920697,0.341238430167685,2.1096118201068,0.66383314292228,4.14226886270165
391,"constrained_alpha",NA,-2076.96429966354,0.339322201542986,2.1096118201068,0.66383314292228,4.14226886270165
392,"unconstrained","0",-2059.26725690771,0.328229305880408,2.08857168827626,0.99643062411471,3.45644608911082
392,"constrained_alpha",NA,-2069.91877551628,0.325211278261142,2.08857168827626,0.99643062411471,3.45644608911082
393,"unconstrained","0",-2047.96954927157,0.336389589874377,2.0345978933293,1.07356483095961,5.38745054553554
393,"constrained_alpha",NA,-2055.70009995872,0.32550231985785,2.0345978933293,1.07356483095961,5.38745054553554
394,"unconstrained","0",-2043.29756898144,0.402045077722262,1.62236172682932,0.944658780597104,4.80374972592827
394,"constrained_alpha",NA,-2052.06299290672,0.379415979890057,1.62236172682932,0.944658780597104,4.80374972592827
395,"unconstrained","0",-1999.88087988861,0.340017259344749,2.25739239480005,1.10661221376805,3.53399465166103
395,"constrained_alpha",NA,-2004.20047224799,0.340554861717314,2.25739239480005,1.10661221376805,3.53399465166103
396,"unconstrained","0",-2044.19436723434,0.371398968374641,1.89814325708303,1.08734077237312,4.2737316758644
396,"constrained_alpha",NA,-2046.96783539246,0.361351032631865,1.89814325708303,1.08734077237312,4.2737316758644
397,"unconstrained","0",-2024.77136351059,0.349178391862249,2.18417835693985,0.785915204180256,4.05439385052483
397,"constrained_alpha",NA,-2035.66686793106,0.339854899550324,2.18417835693985,0.785915204180256,4.05439385052483
398,"unconstrained","0",-2051.13397094861,0.351620432905673,1.82755211064148,1.12517686177109,3.02422139872256
398,"constrained_alpha",NA,-2052.78235570204,0.359124907453673,1.82755211064148,1.12517686177109,3.02422139872256
399,"unconstrained","0",-2066.08704878421,0.385306000784749,1.96069016865642,0.761877988424284,2.88228852456658
399,"constrained_alpha",NA,-2075.34233723269,0.360306422623811,1.96069016865642,0.761877988424284,2.88228852456658
400,"unconstrained","0",-2034.47652524294,0.393097555897025,1.63114273722707,0.793066946205853,2.29556285499797
400,"constrained_alpha",NA,-2040.77237723783,0.391106731946548,1.63114273722707,0.793066946205853,2.29556285499797
401,"unconstrained","0",-2036.90761803948,0.343617210645865,2.7411081433537,0.893539994193439,9.56807112781752
401,"constrained_alpha",NA,-2044.77340945162,0.335095470511794,2.7411081433537,0.893539994193439,9.56807112781752
402,"unconstrained","0",-2033.4808851828,0.309321876440338,1.94632636063165,0.796375980397712,3.31526821786321
402,"constrained_alpha",NA,-2038.43677657312,0.312071942690606,1.94632636063165,0.796375980397712,3.31526821786321
403,"unconstrained","0",-2007.62207224803,0.352323286494587,2.33759524538824,0.89254649274748,4.54377184106002
403,"constrained_alpha",NA,-2012.13356499206,0.349976721455396,2.33759524538824,0.89254649274748,4.54377184106002
404,"unconstrained","0",-2086.52755917546,0.305474405323863,2.24059904004198,0.644233855840296,5.9521253197165
404,"constrained_alpha",NA,-2102.33522362569,0.286942691031902,2.24059904004198,0.644233855840296,5.9521253197165
405,"unconstrained","0",-2059.56814492973,0.307206056453674,2.04956405011044,0.898993839296962,3.49698051460829
405,"constrained_alpha",NA,-2064.5434466897,0.308457061971417,2.04956405011044,0.898993839296962,3.49698051460829
406,"unconstrained","0",-2024.01587022258,0.310002854563138,2.28469675042862,0.813870179491072,5.58957577539535
406,"constrained_alpha",NA,-2032.38925146477,0.309891057937538,2.28469675042862,0.813870179491072,5.58957577539535
407,"unconstrained","0",-2039.28908973719,0.334231733493808,3.07715284432043,0.896071924127235,5.72580284352222
407,"constrained_alpha",NA,-2048.67385828265,0.317341493667506,3.07715284432043,0.896071924127235,5.72580284352222
408,"unconstrained","0",-2024.93361171039,0.367360640678309,2.08589227514433,0.818462004634354,3.15639679229256
408,"constrained_alpha",NA,-2027.72612187498,0.364013419097754,2.08589227514433,0.818462004634354,3.15639679229256
409,"unconstrained","0",-2040.37811149918,0.297601296798945,2.44765111668468,1.13032729465355,6.81956620676777
409,"constrained_alpha",NA,-2048.83022424567,0.298958388839345,2.44765111668468,1.13032729465355,6.81956620676777
410,"unconstrained","0",-2037.98374353512,0.414592598069035,2.20919044184077,0.808808880385808,3.7024100493058
410,"constrained_alpha",NA,-2045.31393003534,0.410365301411547,2.20919044184077,0.808808880385808,3.7024100493058
411,"unconstrained","0",-2009.29735280038,0.316780505575192,2.37702153583883,1.07122499735532,6.31546551287427
411,"constrained_alpha",NA,-2020.30461656839,0.298320161979837,2.37702153583883,1.07122499735532,6.31546551287427
412,"unconstrained","0",-2024.48736106569,0.318529910454036,2.11105898832249,1.00814167450812,4.36652299822187
412,"constrained_alpha",NA,-2030.11581274933,0.314067558971315,2.11105898832249,1.00814167450812,4.36652299822187
413,"unconstrained","0",-2034.17550296366,0.370378135070123,2.94585864150664,1.00896303626504,12.8819940795206
413,"constrained_alpha",NA,-2049.12658610608,0.345220266071246,2.94585864150664,1.00896303626504,12.8819940795206
414,"unconstrained","0",-1987.65026069138,0.314773371787043,1.96046062663158,0.779363525272989,3.7552561519775
414,"constrained_alpha",NA,-1995.14479265573,0.313634706483618,1.96046062663158,0.779363525272989,3.7552561519775
415,"unconstrained","0",-2040.57705996878,0.318214285745536,2.09890361190896,0.659249104077094,3.3187270079084
415,"constrained_alpha",NA,-2046.82276910772,0.315159340292864,2.09890361190896,0.659249104077094,3.3187270079084
416,"unconstrained","0",-2058.63384461272,0.352416643313122,1.96098016941824,0.759403129052669,4.1191675749603
416,"constrained_alpha",NA,-2064.3474374027,0.350257462800451,1.96098016941824,0.759403129052669,4.1191675749603
417,"unconstrained","0",-2012.53108116363,0.407405269771151,1.77790293060777,0.965717427610915,3.40849134678235
417,"constrained_alpha",NA,-2015.80685164176,0.410600012945542,1.77790293060777,0.965717427610915,3.40849134678235
418,"unconstrained","0",-2006.41054536642,0.303441627098652,2.86176951272388,1.26596909030207,4.39348017390442
418,"constrained_alpha",NA,-2011.8675997026,0.306764147650165,2.86176951272388,1.26596909030207,4.39348017390442
419,"unconstrained","0",-2046.66848174584,0.367411363968187,5.98315672910235,0.830850336903475,50
419,"constrained_alpha",NA,-2054.88598165828,0.367654653451836,5.98315672910235,0.830850336903475,50
420,"unconstrained","0",-2019.30717073283,0.30802870169195,2.9415161821365,0.679795035549652,5.24862944621897
420,"constrained_alpha",NA,-2029.75373169222,0.287688401756961,2.9415161821365,0.679795035549652,5.24862944621897
421,"unconstrained","0",-2030.11793862577,0.36054768976176,3.56485717527836,0.65539501371262,16.6976552117603
421,"constrained_alpha",NA,-2039.19299802365,0.363072478459744,3.56485717527836,0.65539501371262,16.6976552117603
422,"unconstrained","0",-2052.51649093861,0.351376049225336,2.3767251638247,0.598589827818162,3.87039718029663
422,"constrained_alpha",NA,-2058.23838154182,0.35512237312945,2.3767251638247,0.598589827818162,3.87039718029663
423,"unconstrained","0",-2025.70559704432,0.377597034790665,1.81209881161583,0.843170923385262,3.98210283973914
423,"constrained_alpha",NA,-2035.97179539217,0.366206491672023,1.81209881161583,0.843170923385262,3.98210283973914
424,"unconstrained","0",-2028.83231084483,0.350097381577981,2.03571712847431,0.664677602923998,3.96003615200075
424,"constrained_alpha",NA,-2033.76849333615,0.358518116440457,2.03571712847431,0.664677602923998,3.96003615200075
425,"unconstrained","0",-2037.97314640082,0.318433373037198,1.91502205113641,1.21155905126831,3.91739266519388
425,"constrained_alpha",NA,-2046.12298900359,0.329190145317977,1.91502205113641,1.21155905126831,3.91739266519388
426,"unconstrained","0",-2025.80716098057,0.408947028231006,1.77965130736407,1.06511819878464,4.35284575451997
426,"constrained_alpha",NA,-2030.49225259996,0.391765729960417,1.77965130736407,1.06511819878464,4.35284575451997
427,"unconstrained","0",-2059.52567698556,0.282671024588686,2.18240220243296,0.799596774778485,3.4579399879723
427,"constrained_alpha",NA,-2076.62932532346,0.312211005234706,2.18240220243296,0.799596774778485,3.4579399879723
428,"unconstrained","0",-2061.80252736062,0.330322565462995,2.16121773033927,1.09670427130559,3.31411976495598
428,"constrained_alpha",NA,-2064.59415657217,0.333944862817874,2.16121773033927,1.09670427130559,3.31411976495598
429,"unconstrained","0",-2038.56173181468,0.374924593302316,1.64368632463414,1.10966084717379,3.13531634837597
429,"constrained_alpha",NA,-2045.37753850274,0.358937459466549,1.64368632463414,1.10966084717379,3.13531634837597
430,"unconstrained","0",-2067.76452386422,0.333193319212744,2.1092973601623,0.933264316697522,3.98359192993532
430,"constrained_alpha",NA,-2075.42295854627,0.313752215065561,2.1092973601623,0.933264316697522,3.98359192993532
431,"unconstrained","0",-2070.62431996536,0.315389916264835,2.2198714461867,1.48600735210285,3.33209237550601
431,"constrained_alpha",NA,-2080.30010580407,0.293207008928242,2.2198714461867,1.48600735210285,3.33209237550601
432,"unconstrained","0",-2046.44788656009,0.334405722014386,2.22948137638961,0.850351613761245,5.04974494613691
432,"constrained_alpha",NA,-2052.27590086022,0.334783263701137,2.22948137638961,0.850351613761245,5.04974494613691
433,"unconstrained","0",-2018.86246621783,0.349055374798516,1.72183278510272,0.792672088711405,4.07704464067972
433,"constrained_alpha",NA,-2028.06829710131,0.354841788717436,1.72183278510272,0.792672088711405,4.07704464067972
434,"unconstrained","0",-2080.38001672673,0.322620238665467,2.24999877509246,1.39397393993663,3.99531073019704
434,"constrained_alpha",NA,-2087.66366833991,0.311041635268741,2.24999877509246,1.39397393993663,3.99531073019704
435,"unconstrained","0",-2064.98267789469,0.334845466280071,1.77544072511445,0.855562464725645,2.85594254981133
435,"constrained_alpha",NA,-2072.22956999877,0.331836687419941,1.77544072511445,0.855562464725645,2.85594254981133
436,"unconstrained","0",-2000.49592800813,0.366976167175767,2.66423121579159,1.03479586076579,5.81863491566453
436,"constrained_alpha",NA,-2008.32847094941,0.358674401217286,2.66423121579159,1.03479586076579,5.81863491566453
437,"unconstrained","0",-2015.08255756848,0.291782594649503,2.36469586597278,0.986141182410109,5.62144477530846
437,"constrained_alpha",NA,-2024.78171239621,0.298495520030934,2.36469586597278,0.986141182410109,5.62144477530846
438,"unconstrained","0",-2057.21267229177,0.393939110987895,1.93763916417604,0.909095045506292,4.59010660459408
438,"constrained_alpha",NA,-2061.06263960519,0.39359915497685,1.93763916417604,0.909095045506292,4.59010660459408
439,"unconstrained","0",-2062.6658029123,0.36972319766021,2.16038790926161,0.56108824095573,4.82520056029154
439,"constrained_alpha",NA,-2077.49057146024,0.361206829725763,2.16038790926161,0.56108824095573,4.82520056029154
440,"unconstrained","0",-2055.22648084083,0.388521481540395,2.08147862522864,0.646824545185567,6.81921397074405
440,"constrained_alpha",NA,-2072.57665581146,0.401180989935368,2.08147862522864,0.646824545185567,6.81921397074405
441,"unconstrained","0",-2047.7301267952,0.352404295178552,1.91884359459622,0.670520541059059,4.48708778755382
441,"constrained_alpha",NA,-2059.39071204811,0.34712731517023,1.91884359459622,0.670520541059059,4.48708778755382
442,"unconstrained","0",-2026.91752515075,0.411114992730007,2.07474674750918,1.09452861983641,3.52284406111838
442,"constrained_alpha",NA,-2034.63227274118,0.388184930936562,2.07474674750918,1.09452861983641,3.52284406111838
443,"unconstrained","0",-2095.59440905786,0.282984934879673,2.25983779989385,0.923784506852097,4.95265164263625
443,"constrained_alpha",NA,-2098.68545951676,0.266157621236232,2.25983779989385,0.923784506852097,4.95265164263625
444,"unconstrained","0",-2042.91182815151,0.391944485100624,3.85523393614758,1.11665985065261,17.4890256277213
444,"constrained_alpha",NA,-2049.56969029147,0.37801151738199,3.85523393614758,1.11665985065261,17.4890256277213
445,"unconstrained","0",-2012.77650871548,0.324674964837866,2.63023354686597,0.828215914723243,9.92217719169214
445,"constrained_alpha",NA,-2018.98416631306,0.31886852432862,2.63023354686597,0.828215914723243,9.92217719169214
446,"unconstrained","0",-2024.30572964374,0.41565719667573,1.85311556129371,1.28186560086888,3.12187129447191
446,"constrained_alpha",NA,-2030.47341566343,0.387169830428615,1.85311556129371,1.28186560086888,3.12187129447191
447,"unconstrained","0",-2018.04624532077,0.318765707177134,2.29064758873289,1.04806782324604,4.46257993230333
447,"constrained_alpha",NA,-2025.87461878705,0.328270608749947,2.29064758873289,1.04806782324604,4.46257993230333
448,"unconstrained","0",-2085.51547881314,0.33811390054788,2.13989402515811,0.746243766089511,5.2915265865254
448,"constrained_alpha",NA,-2093.74701009322,0.333152930466469,2.13989402515811,0.746243766089511,5.2915265865254
449,"unconstrained","0",-2019.32106008014,0.361524299977502,1.6178937599776,1.01164366312419,2.32827699129528
449,"constrained_alpha",NA,-2027.69829195575,0.368423146539405,1.6178937599776,1.01164366312419,2.32827699129528
450,"unconstrained","0",-2051.03709857033,0.335064862156872,2.46522889464457,1.11841626837646,3.82658190392025
450,"constrained_alpha",NA,-2058.45631150348,0.320713792216099,2.46522889464457,1.11841626837646,3.82658190392025
451,"unconstrained","0",-2018.54621643141,0.411215428589018,2.07661933855007,1.03068283439377,7.45230226302416
451,"constrained_alpha",NA,-2029.02045254248,0.395980569169741,2.07661933855007,1.03068283439377,7.45230226302416
452,"unconstrained","0",-1992.76105018196,0.340149824823999,2.78920487146294,1.61152271833325,6.35732884672685
452,"constrained_alpha",NA,-1997.22384272259,0.321849648548895,2.78920487146294,1.61152271833325,6.35732884672685
453,"unconstrained","0",-2049.84560377501,0.23225220181248,3.25247478319076,1.12567462471715,7.06100990679721
453,"constrained_alpha",NA,-2058.41622911265,0.231628359320656,3.25247478319076,1.12567462471715,7.06100990679721
454,"unconstrained","0",-2029.97149291647,0.326586832122323,2.02897501563596,0.918662251552267,4.69808045135354
454,"constrained_alpha",NA,-2035.82810487389,0.317142690864485,2.02897501563596,0.918662251552267,4.69808045135354
455,"unconstrained","0",-2099.0980058606,0.32601452601251,1.90245158212128,0.954451374839852,2.89642340525984
455,"constrained_alpha",NA,-2103.56405002222,0.315119605489302,1.90245158212128,0.954451374839852,2.89642340525984
456,"unconstrained","0",-2020.3887718541,0.326854916377653,1.9639134537246,0.964185603529433,3.52818371215996
456,"constrained_alpha",NA,-2031.11878919887,0.315033940694036,1.9639134537246,0.964185603529433,3.52818371215996
457,"unconstrained","0",-2087.21853951089,0.357762223770864,1.80757835490692,0.948548121458713,2.93890854375286
457,"constrained_alpha",NA,-2095.12687232756,0.357954849165929,1.80757835490692,0.948548121458713,2.93890854375286
458,"unconstrained","0",-2032.10894727887,0.351157528574499,2.00470802518189,0.783583595408528,6.86104964403299
458,"constrained_alpha",NA,-2040.08156660937,0.356336053746997,2.00470802518189,0.783583595408528,6.86104964403299
459,"unconstrained","0",-1999.60268161835,0.423288546186806,1.80443157269595,0.529044455403012,3.2851400447547
459,"constrained_alpha",NA,-2002.82463840882,0.41093161132072,1.80443157269595,0.529044455403012,3.2851400447547
460,"unconstrained","0",-2059.00738952674,0.373789939291483,1.57096847106878,0.485394184178567,3.42064845986329
460,"constrained_alpha",NA,-2068.75636729356,0.347382882328987,1.57096847106878,0.485394184178567,3.42064845986329
461,"unconstrained","0",-2050.58876224594,0.449598351059572,1.6535411359166,0.874562892055152,3.34895124932163
461,"constrained_alpha",NA,-2056.02781034641,0.447539268150819,1.6535411359166,0.874562892055152,3.34895124932163
462,"unconstrained","0",-1984.21234121554,0.352459034669741,2.54116751390159,1.04517845740022,4.24736928863903
462,"constrained_alpha",NA,-2000.94197623337,0.324133683296556,2.54116751390159,1.04517845740022,4.24736928863903
463,"unconstrained","0",-2025.21745165197,0.346563047719542,3.46344779308888,1.16518966737048,15.149205587629
463,"constrained_alpha",NA,-2036.51297543289,0.336109772839986,3.46344779308888,1.16518966737048,15.149205587629
464,"unconstrained","0",-2021.29794057152,0.359020754190236,2.38566497914732,0.81515409665655,6.32794295231915
464,"constrained_alpha",NA,-2029.69460907874,0.367767810719934,2.38566497914732,0.81515409665655,6.32794295231915
465,"unconstrained","0",-2019.61667039577,0.336846776578748,6.05419882934366,0.990844160363203,50
465,"constrained_alpha",NA,-2031.2485540914,0.325103257204818,6.05419882934366,0.990844160363203,50
466,"unconstrained","0",-2083.71137544499,0.397262149579513,1.58685042203513,0.879188579470885,3.50232907484638
466,"constrained_alpha",NA,-2091.88026516951,0.390851829676135,1.58685042203513,0.879188579470885,3.50232907484638
467,"unconstrained","0",-2057.23890400052,0.32026483741097,2.75596281924235,0.916028286546731,8.94982140864602
467,"constrained_alpha",NA,-2068.19458394576,0.318182889707313,2.75596281924235,0.916028286546731,8.94982140864602
468,"unconstrained","0",-2016.06490523703,0.323182667049211,1.88948247575362,1.06238642252174,2.69989348968937
468,"constrained_alpha",NA,-2022.82632352741,0.322703771596733,1.88948247575362,1.06238642252174,2.69989348968937
469,"unconstrained","0",-2036.83843905923,0.352925736212406,1.90583171392607,0.573884953803948,3.94929638939738
469,"constrained_alpha",NA,-2048.78536815592,0.362644406903817,1.90583171392607,0.573884953803948,3.94929638939738
470,"unconstrained","0",-2023.15598853327,0.360946745757736,8.91293194495059,1.395591744309,50
470,"constrained_alpha",NA,-2032.51345763946,0.356530968454506,8.91293194495059,1.395591744309,50
471,"unconstrained","0",-1997.38497058764,0.455891534112446,2.01916046391376,0.822981079002639,4.68520807282993
471,"constrained_alpha",NA,-2005.28420369494,0.437710052755094,2.01916046391376,0.822981079002639,4.68520807282993
472,"unconstrained","0",-2074.52242896243,0.317244794259311,2.11078130812473,0.952580089640577,4.15245773423622
472,"constrained_alpha",NA,-2085.11615544372,0.312481428139732,2.11078130812473,0.952580089640577,4.15245773423622
473,"unconstrained","0",-2043.55922036448,0.317768495604529,2.14444414627883,0.948255281531254,4.66037143380639
473,"constrained_alpha",NA,-2047.92890287722,0.303736280400549,2.14444414627883,0.948255281531254,4.66037143380639
474,"unconstrained","0",-2078.86355799246,0.346605719986547,1.94536880768382,1.0273436742096,3.86245270177369
474,"constrained_alpha",NA,-2088.86844729388,0.329009397693245,1.94536880768382,1.0273436742096,3.86245270177369
475,"unconstrained","0",-2022.61842739596,0.366743053024984,1.75025013755178,0.785196039885016,2.95780079402078
475,"constrained_alpha",NA,-2030.64432462935,0.365946348202895,1.75025013755178,0.785196039885016,2.95780079402078
476,"unconstrained","0",-2039.14118243912,0.365345815460474,2.15907313290905,0.763713732350523,4.27680696563317
476,"constrained_alpha",NA,-2044.58977462325,0.387022104595212,2.15907313290905,0.763713732350523,4.27680696563317
477,"unconstrained","0",-2049.3980071699,0.354993868166549,1.78710550767977,0.758276199700745,2.85051942578024
477,"constrained_alpha",NA,-2059.00288659299,0.345843920897719,1.78710550767977,0.758276199700745,2.85051942578024
478,"unconstrained","0",-2046.13836378299,0.292575515835827,2.57498617866227,0.974659050192148,7.74126388099935
478,"constrained_alpha",NA,-2056.99663703975,0.273966739101152,2.57498617866227,0.974659050192148,7.74126388099935
479,"unconstrained","0",-2056.1559397898,0.320989481075995,2.45382111834481,1.07799172124817,8.8740162505264
479,"constrained_alpha",NA,-2064.50233826144,0.319933416684101,2.45382111834481,1.07799172124817,8.8740162505264
480,"unconstrained","0",-2036.12086561053,0.379045173386429,1.97800400274586,0.803860748527854,3.30216762801647
480,"constrained_alpha",NA,-2055.13202023837,0.360493465130555,1.97800400274586,0.803860748527854,3.30216762801647
481,"unconstrained","0",-2034.96128347113,0.332515581477198,2.17944964548154,1.03140479288203,3.33002530162035
481,"constrained_alpha",NA,-2045.7312470329,0.33675957091493,2.17944964548154,1.03140479288203,3.33002530162035
482,"unconstrained","0",-2037.37065107994,0.365814388088509,6.27071658398497,0.958155657800415,50
482,"constrained_alpha",NA,-2052.37549884979,0.366208752123729,6.27071658398497,0.958155657800415,50
483,"unconstrained","0",-2043.61764223842,0.370282376984472,1.86900559637064,1.01435932751518,2.68180769406686
483,"constrained_alpha",NA,-2047.70940912275,0.378018187580049,1.86900559637064,1.01435932751518,2.68180769406686
484,"unconstrained","0",-1958.72234876096,0.36816425269624,6.73690660863418,0.627578591296201,50
484,"constrained_alpha",NA,-1972.63569098523,0.392429053755059,6.73690660863418,0.627578591296201,50
485,"unconstrained","0",-2094.43349718788,0.304523206448294,2.01697477857686,1.05995138030923,3.12880816742728
485,"constrained_alpha",NA,-2102.59615866272,0.302477237226314,2.01697477857686,1.05995138030923,3.12880816742728
486,"unconstrained","0",-2049.05671237845,0.289033602987654,2.34562865975645,0.939835531476752,4.26737323964855
486,"constrained_alpha",NA,-2055.05616990974,0.284391535151397,2.34562865975645,0.939835531476752,4.26737323964855
487,"unconstrained","0",-2052.86624900264,0.334435311025401,2.3640221984645,1.01159542975978,4.7358332997047
487,"constrained_alpha",NA,-2057.72159492321,0.322428394382662,2.3640221984645,1.01159542975978,4.7358332997047
488,"unconstrained","0",-2068.70318011071,0.316197671174693,2.00485182983904,0.920741454025559,3.20279319954359
488,"constrained_alpha",NA,-2076.46450844856,0.318428607429443,2.00485182983904,0.920741454025559,3.20279319954359
489,"unconstrained","0",-2102.82178329574,0.307888228066015,1.72958993686681,1.17940588765689,3.53090741331515
489,"constrained_alpha",NA,-2107.58939615592,0.311990659479306,1.72958993686681,1.17940588765689,3.53090741331515
490,"unconstrained","0",-2069.94660335866,0.331666135675394,1.84385330746597,1.23792819951871,2.82548548251389
490,"constrained_alpha",NA,-2072.21396241031,0.337725349472662,1.84385330746597,1.23792819951871,2.82548548251389
491,"unconstrained","0",-2065.64392497846,0.378865802180778,2.39961671147238,0.791993652336821,7.55294391065121
491,"constrained_alpha",NA,-2074.76509494041,0.375507815137011,2.39961671147238,0.791993652336821,7.55294391065121
492,"unconstrained","0",-2075.2151595174,0.287807265014036,2.22170474985594,0.605690707595164,4.44249324970365
492,"constrained_alpha",NA,-2085.69519556441,0.288899292537759,2.22170474985594,0.605690707595164,4.44249324970365
493,"unconstrained","0",-2080.24155583438,0.355867886956553,1.94557210414952,0.676432698333382,3.05055563490639
493,"constrained_alpha",NA,-2096.43839228217,0.35868121368113,1.94557210414952,0.676432698333382,3.05055563490639
494,"unconstrained","0",-2034.17536584359,0.354351780547965,2.06533834792511,1.13340649687063,3.5442426333795
494,"constrained_alpha",NA,-2039.98004572195,0.341857905381208,2.06533834792511,1.13340649687063,3.5442426333795
495,"unconstrained","0",-2052.51278387385,0.341713261356488,1.93258666153338,0.845731672204769,3.25096139583146
495,"constrained_alpha",NA,-2060.79930366891,0.340815221510407,1.93258666153338,0.845731672204769,3.25096139583146
496,"unconstrained","0",-2095.73668158175,0.304027234083126,2.03885858962258,1.29005107731629,3.03332394332776
496,"constrained_alpha",NA,-2100.64416980236,0.303868108572096,2.03885858962258,1.29005107731629,3.03332394332776
497,"unconstrained","0",-2042.53415429073,0.364018070514913,2.06596006696626,0.761123190083026,3.92323809594583
497,"constrained_alpha",NA,-2050.33318631872,0.353526898549393,2.06596006696626,0.761123190083026,3.92323809594583
498,"unconstrained","0",-2009.75036089501,0.336494793967352,2.82010930708546,0.712303002057673,5.34408627634119
498,"constrained_alpha",NA,-2019.14841953713,0.328394863982809,2.82010930708546,0.712303002057673,5.34408627634119
499,"unconstrained","0",-2038.92874264482,0.393113324132467,2.13093048355862,0.871779355919845,4.69581443872349
499,"constrained_alpha",NA,-2046.47811334882,0.381420128394586,2.13093048355862,0.871779355919845,4.69581443872349
500,"unconstrained","0",-2034.66847948156,0.353127396236583,1.58379635167239,1.0359253920955,2.20827633521957
500,"constrained_alpha",NA,-2043.4408035708,0.335766938433626,1.58379635167239,1.0359253920955,2.20827633521957
501,"unconstrained","0",-2034.57358627756,0.356781733950803,1.74585564277918,0.798143292277763,3.72849489702293
501,"constrained_alpha",NA,-2043.77854856726,0.359044044580657,1.74585564277918,0.798143292277763,3.72849489702293
502,"unconstrained","0",-2046.65568410029,0.40939697572727,2.05236959874687,0.92520799658831,3.54703354189928
502,"constrained_alpha",NA,-2051.39202759853,0.41760800693662,2.05236959874687,0.92520799658831,3.54703354189928
503,"unconstrained","0",-2053.17523339977,0.361104248932538,2.22890261196775,0.996391579509322,4.07741148870906
503,"constrained_alpha",NA,-2058.50330307945,0.345512132694515,2.22890261196775,0.996391579509322,4.07741148870906
504,"unconstrained","0",-2037.49527463954,0.322029857687596,2.19971230900311,1.03040377467162,4.15474710093418
504,"constrained_alpha",NA,-2044.07043289149,0.323241399645008,2.19971230900311,1.03040377467162,4.15474710093418
505,"unconstrained","0",-2010.85852937923,0.423790388004555,1.9613391390514,0.727067034249117,3.68824859892919
505,"constrained_alpha",NA,-2020.57427796011,0.405976747056058,1.9613391390514,0.727067034249117,3.68824859892919
506,"unconstrained","0",-2021.89965001571,0.38066348766454,2.60153893875083,1.31697849683123,6.63687820025477
506,"constrained_alpha",NA,-2032.20788884909,0.374549604317503,2.60153893875083,1.31697849683123,6.63687820025477
507,"unconstrained","0",-2066.53091929728,0.363083263119668,1.7858034290799,1.18390820611532,3.03034667834798
507,"constrained_alpha",NA,-2073.97888048433,0.357395223804716,1.7858034290799,1.18390820611532,3.03034667834798
508,"unconstrained","0",-2028.72436993287,0.362239574713295,1.87691461006996,0.837123642037696,2.74065668037199
508,"constrained_alpha",NA,-2034.27202778218,0.360229782664244,1.87691461006996,0.837123642037696,2.74065668037199
509,"unconstrained","0",-2010.51190547589,0.339941966570477,1.89188590517147,1.00541007004855,3.31229137776778
509,"constrained_alpha",NA,-2017.48100734447,0.327610345343162,1.89188590517147,1.00541007004855,3.31229137776778
510,"unconstrained","0",-2044.09477288458,0.357444785753644,2.67195387483801,0.88344481338325,11.6966326615989
510,"constrained_alpha",NA,-2056.66230092484,0.363504212437236,2.67195387483801,0.88344481338325,11.6966326615989
511,"unconstrained","0",-2076.25911564487,0.335120421058432,2.08565717057926,1.19069501551513,3.54579576201111
511,"constrained_alpha",NA,-2084.71350965841,0.340039536936236,2.08565717057926,1.19069501551513,3.54579576201111
512,"unconstrained","0",-2078.8702748303,0.424693755418267,1.51288953270314,0.722567869187424,2.18802406721822
512,"constrained_alpha",NA,-2087.77174302607,0.414369540027125,1.51288953270314,0.722567869187424,2.18802406721822
513,"unconstrained","0",-2045.36553351835,0.368183740652203,1.490888627577,0.544616275740862,2.8372987273443
513,"constrained_alpha",NA,-2050.35894635522,0.369075966169708,1.490888627577,0.544616275740862,2.8372987273443
514,"unconstrained","0",-2044.83026574107,0.356732222296628,2.37248480660896,1.32334741535489,5.5629404528766
514,"constrained_alpha",NA,-2051.2299856332,0.356405362685254,2.37248480660896,1.32334741535489,5.5629404528766
515,"unconstrained","0",-2042.61756419163,0.336952789499323,1.81643569230093,1.12024136519052,2.39371638348087
515,"constrained_alpha",NA,-2054.62971190137,0.326296436821379,1.81643569230093,1.12024136519052,2.39371638348087
516,"unconstrained","0",-2029.76113509883,0.345842511446981,1.61405784946888,0.950888020036274,2.71131934487652
516,"constrained_alpha",NA,-2034.88043224054,0.338224707769361,1.61405784946888,0.950888020036274,2.71131934487652
517,"unconstrained","0",-2028.88765563802,0.343801329956993,2.08938047277994,0.983852145784432,4.08932591604078
517,"constrained_alpha",NA,-2034.15384155519,0.340707363851121,2.08938047277994,0.983852145784432,4.08932591604078
518,"unconstrained","0",-2053.96016545855,0.355385746868247,2.08722504895756,0.877014086143623,6.14601015552962
518,"constrained_alpha",NA,-2061.52377648639,0.345033964984021,2.08722504895756,0.877014086143623,6.14601015552962
519,"unconstrained","0",-2035.75086091836,0.490924920849286,1.73893267156556,0.737095221347096,3.58287794908538
519,"constrained_alpha",NA,-2046.67299486512,0.450977132941398,1.73893267156556,0.737095221347096,3.58287794908538
520,"unconstrained","0",-2016.29338403983,0.405127014581109,1.91219349330811,0.775479072378522,4.23999044123517
520,"constrained_alpha",NA,-2023.86228470472,0.421182862045181,1.91219349330811,0.775479072378522,4.23999044123517
521,"unconstrained","0",-1998.68612615263,0.395274204020237,2.18290548175192,0.523953189534605,4.26354129967011
521,"constrained_alpha",NA,-2008.13943175593,0.376302621090154,2.18290548175192,0.523953189534605,4.26354129967011
522,"unconstrained","0",-2013.48492929186,0.428469733276278,2.230786304463,0.757571738539468,4.87839089886642
522,"constrained_alpha",NA,-2018.43888896968,0.422272799968942,2.230786304463,0.757571738539468,4.87839089886642
523,"unconstrained","0",-2015.99458953252,0.344669061589181,2.16253250866406,0.963349637406136,3.31044848298032
523,"constrained_alpha",NA,-2027.04918470665,0.339344954516688,2.16253250866406,0.963349637406136,3.31044848298032
524,"unconstrained","0",-2031.80467896589,0.331812166648605,2.09993997168102,1.30818975476003,6.12151785047035
524,"constrained_alpha",NA,-2038.16763721883,0.343153706723663,2.09993997168102,1.30818975476003,6.12151785047035
525,"unconstrained","0",-2041.07335965903,0.34457672924111,1.98966096637861,0.985934651166951,2.91448549323846
525,"constrained_alpha",NA,-2054.07991038044,0.34250606197449,1.98966096637861,0.985934651166951,2.91448549323846
526,"unconstrained","0",-2044.87208484161,0.364889002186143,1.97035677984313,0.974630208104261,3.17752788349264
526,"constrained_alpha",NA,-2053.85661227151,0.348933077328407,1.97035677984313,0.974630208104261,3.17752788349264
527,"unconstrained","0",-2075.08424403593,0.363712618053998,1.79188315809828,0.876821312156954,3.21409749665546
527,"constrained_alpha",NA,-2081.61882005129,0.362646670755245,1.79188315809828,0.876821312156954,3.21409749665546
528,"unconstrained","0",-2030.37831559467,0.393329625899865,2.05057630092441,0.813633132779893,3.1935925052083
528,"constrained_alpha",NA,-2037.69240302223,0.389838892302496,2.05057630092441,0.813633132779893,3.1935925052083
529,"unconstrained","0",-2071.22796589755,0.357048309427722,2.20670832914422,1.30289221778827,4.62034431222504
529,"constrained_alpha",NA,-2077.99976355279,0.361663867914565,2.20670832914422,1.30289221778827,4.62034431222504
530,"unconstrained","0",-2067.00967379339,0.2773534671035,1.97525222060965,1.05231437424096,3.45942867438993
530,"constrained_alpha",NA,-2074.58651274534,0.279626727575339,1.97525222060965,1.05231437424096,3.45942867438993
531,"unconstrained","0",-2088.72832323822,0.339519299478659,1.86127632095141,0.909264575166942,3.92450112672138
531,"constrained_alpha",NA,-2091.38300160752,0.341023942584241,1.86127632095141,0.909264575166942,3.92450112672138
532,"unconstrained","0",-2078.07978884817,0.362372181216269,2.15167467370375,1.07558026442494,3.92913462606709
532,"constrained_alpha",NA,-2082.0959294954,0.342456991269126,2.15167467370375,1.07558026442494,3.92913462606709
533,"unconstrained","0",-2055.11203155309,0.387744312601357,1.92571716946415,0.964727853643154,3.79559422594
533,"constrained_alpha",NA,-2062.9682915358,0.365179443885153,1.92571716946415,0.964727853643154,3.79559422594
534,"unconstrained","0",-2049.8912443986,0.352897392882785,2.80071536777955,0.989537430664864,8.21012500884886
534,"constrained_alpha",NA,-2058.6812100491,0.361147444284284,2.80071536777955,0.989537430664864,8.21012500884886
535,"unconstrained","0",-2053.22898449419,0.359990738644181,2.37932775668289,0.953242012559297,8.68362754972526
535,"constrained_alpha",NA,-2057.48622439432,0.352720549694788,2.37932775668289,0.953242012559297,8.68362754972526
536,"unconstrained","0",-1994.23397603174,0.32434345906933,3.45856876928428,0.525218089622456,11.183778883272
536,"constrained_alpha",NA,-2001.93973960082,0.338385230436048,3.45856876928428,0.525218089622456,11.183778883272
537,"unconstrained","0",-2079.24716769182,0.298602307897112,1.84038618993288,1.0643573940538,3.89911364705771
537,"constrained_alpha",NA,-2083.55659372996,0.295948987455592,1.84038618993288,1.0643573940538,3.89911364705771
538,"unconstrained","0",-2092.49867857322,0.355701540967449,1.54470772399126,0.812027396588298,2.9530624935242
538,"constrained_alpha",NA,-2096.98322369776,0.355007729765723,1.54470772399126,0.812027396588298,2.9530624935242
539,"unconstrained","0",-2059.13065517486,0.370819740292421,1.87960230377165,0.735246547203517,2.6688230149096
539,"constrained_alpha",NA,-2062.49621873276,0.377771357538238,1.87960230377165,0.735246547203517,2.6688230149096
540,"unconstrained","0",-2044.55194811962,0.331372083965229,1.82401175820231,1.18646145892194,3.26910510805003
540,"constrained_alpha",NA,-2047.4700987559,0.327489213466689,1.82401175820231,1.18646145892194,3.26910510805003
541,"unconstrained","0",-2032.51567600543,0.371183643952185,2.50965031592612,0.839007186525143,8.12117323818113
541,"constrained_alpha",NA,-2038.00571098291,0.372661236596336,2.50965031592612,0.839007186525143,8.12117323818113
542,"unconstrained","0",-2048.43412707448,0.342093731000381,1.97850385163804,0.410591098505518,3.42238108409824
542,"constrained_alpha",NA,-2061.53988601933,0.331887220107899,1.97850385163804,0.410591098505518,3.42238108409824
543,"unconstrained","0",-2033.30625936035,0.348712851499826,1.9503187174152,0.94707748551786,2.94345251445728
543,"constrained_alpha",NA,-2038.38059949478,0.35931718513894,1.9503187174152,0.94707748551786,2.94345251445728
544,"unconstrained","0",-2073.58996090934,0.384849044825728,1.85935297740017,0.710313880738834,4.26630269041404
544,"constrained_alpha",NA,-2080.69669969285,0.38483298675542,1.85935297740017,0.710313880738834,4.26630269041404
545,"unconstrained","0",-2034.66827653905,0.356075410149636,2.09698912736574,0.967938120447348,3.78493015376061
545,"constrained_alpha",NA,-2044.11947051657,0.341720339195435,2.09698912736574,0.967938120447348,3.78493015376061
546,"unconstrained","0",-2045.32398931091,0.376108989673526,2.17292555751457,0.94221463793707,4.49789563682599
546,"constrained_alpha",NA,-2054.27805035394,0.376413646174357,2.17292555751457,0.94221463793707,4.49789563682599
547,"unconstrained","0",-2056.26180785683,0.340354641129887,2.01399264890565,0.789647835849183,6.30443498356234
547,"constrained_alpha",NA,-2062.23955627908,0.340340377611555,2.01399264890565,0.789647835849183,6.30443498356234
548,"unconstrained","0",-2028.5797713934,0.366430834623118,1.97217029806111,0.566712105247906,3.7843904886873
548,"constrained_alpha",NA,-2037.46822014471,0.370950723397316,1.97217029806111,0.566712105247906,3.7843904886873
549,"unconstrained","0",-2060.90843650732,0.321273571955507,1.78292104758517,0.796178688802808,2.5266316724686
549,"constrained_alpha",NA,-2068.59270350252,0.314869426646365,1.78292104758517,0.796178688802808,2.5266316724686
550,"unconstrained","0",-2016.03418898633,0.334746845329242,2.01005681349876,1.20662780608278,3.15789942319131
550,"constrained_alpha",NA,-2022.2635949974,0.343408588223215,2.01005681349876,1.20662780608278,3.15789942319131
551,"unconstrained","0",-2081.40177185302,0.391057239754913,1.74566725358008,1.13858167311281,3.38102777255429
551,"constrained_alpha",NA,-2085.18879883539,0.380219155965847,1.74566725358008,1.13858167311281,3.38102777255429
552,"unconstrained","0",-2089.27877709501,0.381516538926259,2.41126226747236,0.71302920986367,5.87564072084853
552,"constrained_alpha",NA,-2104.30234226517,0.358567551610624,2.41126226747236,0.71302920986367,5.87564072084853
553,"unconstrained","0",-2036.20803668011,0.379795161996806,1.72161381952968,0.522175244559869,3.22688314374579
553,"constrained_alpha",NA,-2039.97205755388,0.37850734732016,1.72161381952968,0.522175244559869,3.22688314374579
554,"unconstrained","0",-2048.72461798171,0.370067049640849,1.90179456288628,0.728010585273255,3.52767484182989
554,"constrained_alpha",NA,-2053.21532250038,0.36463350829129,1.90179456288628,0.728010585273255,3.52767484182989
555,"unconstrained","0",-2032.02372925734,0.404435900135144,2.04626849252798,0.830902039280792,5.48539254329807
555,"constrained_alpha",NA,-2038.96975082104,0.373460026994579,2.04626849252798,0.830902039280792,5.48539254329807
556,"unconstrained","0",-2072.32716109393,0.359924135897489,1.92907256386636,1.08812535344933,2.97479482900281
556,"constrained_alpha",NA,-2078.25245379227,0.357855840184528,1.92907256386636,1.08812535344933,2.97479482900281
557,"unconstrained","0",-2062.70245351146,0.350216910726402,2.29490484960007,1.00880254937639,5.07485795320007
557,"constrained_alpha",NA,-2069.77114030044,0.33571571847668,2.29490484960007,1.00880254937639,5.07485795320007
558,"unconstrained","0",-2108.43622752365,0.367710381183462,1.71102118740049,0.51546823970506,2.33480935053581
558,"constrained_alpha",NA,-2117.78445934699,0.355623352745026,1.71102118740049,0.51546823970506,2.33480935053581
559,"unconstrained","0",-2030.60391365508,0.412610053668041,1.83490033239503,0.60126874887471,2.66974610618205
559,"constrained_alpha",NA,-2043.75553622221,0.393600681728689,1.83490033239503,0.60126874887471,2.66974610618205
560,"unconstrained","0",-1972.50508002536,0.368573449434725,2.38569488355512,0.93672505218735,7.771809900271
560,"constrained_alpha",NA,-1982.75721991463,0.350532789274524,2.38569488355512,0.93672505218735,7.771809900271
561,"unconstrained","0",-2016.05727532684,0.384817584607556,2.00806452214021,0.779690471543697,6.82582765135884
561,"constrained_alpha",NA,-2021.57278118411,0.391498654913603,2.00806452214021,0.779690471543697,6.82582765135884
562,"unconstrained","0",-2073.62902814139,0.348332259967189,1.66447947714896,0.871983445288337,3.85337902449592
562,"constrained_alpha",NA,-2088.50748320001,0.326088712011878,1.66447947714896,0.871983445288337,3.85337902449592
563,"unconstrained","0",-2064.47924096452,0.335422487639693,2.18819179048402,1.08328455008329,3.65126077090677
563,"constrained_alpha",NA,-2067.83075967257,0.344901710341591,2.18819179048402,1.08328455008329,3.65126077090677
564,"unconstrained","0",-2053.31044322916,0.360457492506701,5.79595431653605,0.728183965850197,50
564,"constrained_alpha",NA,-2058.29132557721,0.363110755147767,5.79595431653605,0.728183965850197,50
565,"unconstrained","0",-2053.22424712797,0.354965533856852,2.15385093423096,0.974963310559498,5.39037981829865
565,"constrained_alpha",NA,-2060.38606650849,0.353690483502562,2.15385093423096,0.974963310559498,5.39037981829865
566,"unconstrained","0",-1990.9078236735,0.347960196869495,2.70341570309947,0.859873433768374,8.85833980678235
566,"constrained_alpha",NA,-1997.11128955617,0.33054031943771,2.70341570309947,0.859873433768374,8.85833980678235
567,"unconstrained","0",-2049.719285204,0.382116392439396,1.8830877557891,0.877854814289461,3.41616174828775
567,"constrained_alpha",NA,-2052.65555466996,0.394936171808714,1.8830877557891,0.877854814289461,3.41616174828775
568,"unconstrained","0",-2037.57074304787,0.317641879538959,2.09963126237631,0.989637899105468,3.0749598172894
568,"constrained_alpha",NA,-2040.26541446568,0.315820661856858,2.09963126237631,0.989637899105468,3.0749598172894
569,"unconstrained","0",-2032.71685588142,0.359087750757083,2.17563549876082,0.630387433884422,6.74334876676574
569,"constrained_alpha",NA,-2046.0001110832,0.353078803503818,2.17563549876082,0.630387433884422,6.74334876676574
570,"unconstrained","0",-2062.01762179918,0.356371508419514,1.84669760524718,0.972215188015154,3.20344741110225
570,"constrained_alpha",NA,-2069.81855337663,0.355586430975308,1.84669760524718,0.972215188015154,3.20344741110225
571,"unconstrained","0",-2089.74682184895,0.348283359166501,1.88535927623018,1.03837605053509,4.22999549521117
571,"constrained_alpha",NA,-2097.37753040116,0.337348671944062,1.88535927623018,1.03837605053509,4.22999549521117
572,"unconstrained","0",-2038.79405966606,0.396533156819744,1.90044856915416,1.12651395348654,3.07441850578841
572,"constrained_alpha",NA,-2042.96730503153,0.388628884592466,1.90044856915416,1.12651395348654,3.07441850578841
573,"unconstrained","0",-1998.79386780666,0.454696767899907,2.28749700920492,0.7047634896779,7.54748910412941
573,"constrained_alpha",NA,-2000.80886030248,0.45142450501232,2.28749700920492,0.7047634896779,7.54748910412941
574,"unconstrained","0",-2075.41956079834,0.390638167541935,1.76843801838664,0.847173282656101,2.78286276616983
574,"constrained_alpha",NA,-2078.95856119563,0.393077224617275,1.76843801838664,0.847173282656101,2.78286276616983
575,"unconstrained","0",-2033.49193837702,0.442449790916971,1.63948969329135,0.783118900027874,2.75542292596522
575,"constrained_alpha",NA,-2045.7973166356,0.42844255071478,1.63948969329135,0.783118900027874,2.75542292596522
576,"unconstrained","0",-2031.20317644284,0.344015147434782,2.46426062075436,0.894325964877018,6.47549417755008
576,"constrained_alpha",NA,-2037.68899777134,0.350787711084414,2.46426062075436,0.894325964877018,6.47549417755008
577,"unconstrained","0",-2066.92816953938,0.353506458273396,2.00244717627616,0.796398931696096,3.34122970382449
577,"constrained_alpha",NA,-2079.27775539762,0.352550350008079,2.00244717627616,0.796398931696096,3.34122970382449
578,"unconstrained","0",-2018.38306128598,0.380982736995128,2.55913592131369,1.11642479264985,4.32075559836457
578,"constrained_alpha",NA,-2026.64493257376,0.375127740360247,2.55913592131369,1.11642479264985,4.32075559836457
579,"unconstrained","0",-1982.09270483411,0.439642835661413,2.81523462534883,0.860079602141354,12.0885341906533
579,"constrained_alpha",NA,-1990.46658191424,0.409727790232225,2.81523462534883,0.860079602141354,12.0885341906533
580,"unconstrained","0",-2036.41788507467,0.32017071177534,1.72639918666105,0.951191725151582,3.84276119635877
580,"constrained_alpha",NA,-2039.9547634042,0.328834298046932,1.72639918666105,0.951191725151582,3.84276119635877
581,"unconstrained","0",-2069.47271566103,0.385414152107205,1.56529298256224,0.947499308166567,2.19554308690902
581,"constrained_alpha",NA,-2071.50746890582,0.382153804038345,1.56529298256224,0.947499308166567,2.19554308690902
582,"unconstrained","0",-2032.79697699611,0.356236283762177,2.2222547216224,1.19582923276779,4.9709052777313
582,"constrained_alpha",NA,-2039.79171639107,0.346873977122724,2.2222547216224,1.19582923276779,4.9709052777313
583,"unconstrained","0",-2078.33825694482,0.411235732169093,1.81093742313325,1.15792739588899,3.0807031005948
583,"constrained_alpha",NA,-2081.86061474855,0.415438907802119,1.81093742313325,1.15792739588899,3.0807031005948
584,"unconstrained","0",-2045.27890167149,0.294436277607193,1.87775515427826,1.16118399650338,3.51696029744963
584,"constrained_alpha",NA,-2054.68710432267,0.292898653543838,1.87775515427826,1.16118399650338,3.51696029744963
585,"unconstrained","0",-2017.04425226695,0.309765996432188,1.86425745196009,1.05938119054534,3.05497310388716
585,"constrained_alpha",NA,-2026.83349135771,0.322944316817979,1.86425745196009,1.05938119054534,3.05497310388716
586,"unconstrained","0",-2072.63169401559,0.364297405202451,2.17210867916242,0.800242659064302,4.35093109329602
586,"constrained_alpha",NA,-2084.92542905131,0.335397981003098,2.17210867916242,0.800242659064302,4.35093109329602
587,"unconstrained","0",-2002.18737900471,0.349011015051642,2.17902688920493,1.09790825219195,4.20012547115522
587,"constrained_alpha",NA,-2012.24535849714,0.325130368665869,2.17902688920493,1.09790825219195,4.20012547115522
588,"unconstrained","0",-2022.37457802287,0.355458038444503,2.37043389521151,0.925902430177806,4.59044429304864
588,"constrained_alpha",NA,-2029.4144289013,0.345035949104696,2.37043389521151,0.925902430177806,4.59044429304864
589,"unconstrained","0",-2061.13207173051,0.306004523263603,1.85452622494187,0.77080763963127,3.50746772168461
589,"constrained_alpha",NA,-2067.1420866171,0.306428645023538,1.85452622494187,0.77080763963127,3.50746772168461
590,"unconstrained","0",-2035.59500606569,0.358738283310474,1.59241750906605,0.539916565782567,2.59630749370318
590,"constrained_alpha",NA,-2042.40393270433,0.362832188170039,1.59241750906605,0.539916565782567,2.59630749370318
591,"unconstrained","0",-2089.6834126591,0.3503470330314,1.96837665378887,0.832992067679793,4.74592251608822
591,"constrained_alpha",NA,-2096.58226160316,0.349968765621117,1.96837665378887,0.832992067679793,4.74592251608822
592,"unconstrained","0",-2019.03413155833,0.347521445626542,2.09023598853731,0.780454191012565,4.46367225976634
592,"constrained_alpha",NA,-2026.13480682032,0.325017847373823,2.09023598853731,0.780454191012565,4.46367225976634
593,"unconstrained","0",-2055.55995015908,0.316430402070181,2.15233284817272,0.948749594298012,3.75906432214267
593,"constrained_alpha",NA,-2063.49147559396,0.320029043258545,2.15233284817272,0.948749594298012,3.75906432214267
594,"unconstrained","0",-2044.26986759278,0.34128280041096,2.55466606335949,1.0525568591229,5.17731402072352
594,"constrained_alpha",NA,-2055.65012789372,0.333613750124357,2.55466606335949,1.0525568591229,5.17731402072352
595,"unconstrained","0",-2021.76511409917,0.347434063147128,1.66347421931391,0.902890818179368,4.20665551490976
595,"constrained_alpha",NA,-2024.00524301087,0.346597859355651,1.66347421931391,0.902890818179368,4.20665551490976
596,"unconstrained","0",-2062.85465801101,0.35442226058627,1.63177488459179,0.516101599045924,3.229142311217
596,"constrained_alpha",NA,-2068.0928664741,0.363849893605484,1.63177488459179,0.516101599045924,3.229142311217
597,"unconstrained","0",-2009.22182553454,0.379943871458837,4.0499476535881,1.00310703023123,26.2359913189042
597,"constrained_alpha",NA,-2013.35975597277,0.375665181260544,4.0499476535881,1.00310703023123,26.2359913189042
598,"unconstrained","0",-2039.19850816307,0.360746774223903,1.99300940660964,0.909625206677279,3.83927999432765
598,"constrained_alpha",NA,-2044.62591213862,0.36799985072538,1.99300940660964,0.909625206677279,3.83927999432765
599,"unconstrained","0",-2034.78786865366,0.375601720860272,2.14331838976292,1.00086918788001,4.59372627791053
599,"constrained_alpha",NA,-2042.27100379889,0.366709619903853,2.14331838976292,1.00086918788001,4.59372627791053
600,"unconstrained","0",-2042.14054566883,0.355522805260483,3.09015273166351,1.07890439129155,8.08299656144975
600,"constrained_alpha",NA,-2052.91536432507,0.349679444572665,3.09015273166351,1.07890439129155,8.08299656144975
601,"unconstrained","0",-2049.75664554217,0.368042379349957,1.96706877724181,0.959913508760152,5.71728759030121
601,"constrained_alpha",NA,-2056.31073312438,0.372473906265104,1.96706877724181,0.959913508760152,5.71728759030121
602,"unconstrained","0",-2060.73619017009,0.346595120161839,1.79025206918472,1.08978804153472,4.55937620101262
602,"constrained_alpha",NA,-2068.01813918635,0.327215552833076,1.79025206918472,1.08978804153472,4.55937620101262
603,"unconstrained","0",-2051.9125158708,0.315128744245659,2.73320195112269,1.42086273452652,10.8491185894349
603,"constrained_alpha",NA,-2057.30902175024,0.304932178092812,2.73320195112269,1.42086273452652,10.8491185894349
604,"unconstrained","0",-2024.56807909049,0.329785285440949,2.0375136700252,0.773689596135267,2.95636590951546
604,"constrained_alpha",NA,-2036.05749083922,0.371598912176842,2.0375136700252,0.773689596135267,2.95636590951546
605,"unconstrained","0",-2077.6635584287,0.357013689227081,2.0522728892626,1.00679817202588,4.36635234951687
605,"constrained_alpha",NA,-2087.87984891659,0.339842915844114,2.0522728892626,1.00679817202588,4.36635234951687
606,"unconstrained","0",-2018.61512682623,0.403502186615776,2.03256893036808,0.91968872674117,3.63927166510518
606,"constrained_alpha",NA,-2029.28204565556,0.386746798274748,2.03256893036808,0.91968872674117,3.63927166510518
607,"unconstrained","0",-1994.74137717277,0.397335093096585,1.77786562362864,0.974936387162663,3.05446844139853
607,"constrained_alpha",NA,-2003.03907748289,0.386140570415046,1.77786562362864,0.974936387162663,3.05446844139853
608,"unconstrained","0",-2091.21570571771,0.378572013280089,2.12672816519678,0.655745520459956,5.62029279418836
608,"constrained_alpha",NA,-2101.04352301429,0.377169281325029,2.12672816519678,0.655745520459956,5.62029279418836
609,"unconstrained","0",-2057.7754707564,0.393710318043301,1.64937005918478,0.928703330112879,3.54220234227827
609,"constrained_alpha",NA,-2062.03534071112,0.388021971104131,1.64937005918478,0.928703330112879,3.54220234227827
610,"unconstrained","0",-2057.73770771911,0.335973922447297,2.19856284331524,1.07874918368291,4.18302225029138
610,"constrained_alpha",NA,-2062.70699636515,0.33959646784707,2.19856284331524,1.07874918368291,4.18302225029138
611,"unconstrained","0",-2065.64333262275,0.317994353810948,1.87865275448255,0.925881992323607,2.7992653020542
611,"constrained_alpha",NA,-2072.64741832164,0.303449028459179,1.87865275448255,0.925881992323607,2.7992653020542
612,"unconstrained","0",-2049.06008240448,0.334802809838232,2.14620184420314,0.726628273734402,4.71437646302409
612,"constrained_alpha",NA,-2058.93603661854,0.335690960234652,2.14620184420314,0.726628273734402,4.71437646302409
613,"unconstrained","0",-2027.71511891879,0.369211913934623,1.85491526360195,0.798129086531887,2.93393105122705
613,"constrained_alpha",NA,-2038.66355611624,0.363726429294998,1.85491526360195,0.798129086531887,2.93393105122705
614,"unconstrained","0",-2045.55366247785,0.349855355499273,1.79614365231641,0.866759744370245,3.14202676431696
614,"constrained_alpha",NA,-2056.56148412204,0.349584086293112,1.79614365231641,0.866759744370245,3.14202676431696
615,"unconstrained","0",-2043.39459291065,0.358478917592659,1.85532346713392,0.769920613272634,3.1214992728117
615,"constrained_alpha",NA,-2046.94082324302,0.374425660563627,1.85532346713392,0.769920613272634,3.1214992728117
616,"unconstrained","0",-2035.36719455541,0.334185898091326,1.99599181004505,0.769019674320233,3.76948372870146
616,"constrained_alpha",NA,-2041.42014209076,0.34661888641023,1.99599181004505,0.769019674320233,3.76948372870146
617,"unconstrained","0",-2010.91527331122,0.338600557829929,2.98133179341401,0.731725261337122,12.8378320509757
617,"constrained_alpha",NA,-2017.30793154153,0.331405403704017,2.98133179341401,0.731725261337122,12.8378320509757
618,"unconstrained","0",-2038.66775686498,0.345875363586787,2.40484798092605,0.760581627555985,5.86772516552939
618,"constrained_alpha",NA,-2047.28035355218,0.333506400879834,2.40484798092605,0.760581627555985,5.86772516552939
619,"unconstrained","0",-2000.69844646884,0.319629199048394,2.6076339211443,0.824038034784421,5.48743018039168
619,"constrained_alpha",NA,-2010.994666899,0.323480489429588,2.6076339211443,0.824038034784421,5.48743018039168
620,"unconstrained","0",-1995.48875160935,0.290384977067527,2.696250962092,1.19184070623214,11.2679435197903
620,"constrained_alpha",NA,-1999.30602668923,0.292835995108416,2.696250962092,1.19184070623214,11.2679435197903
621,"unconstrained","0",-2060.14914587431,0.397998265043281,2.43538970590337,0.756147228570936,10.6868961448679
621,"constrained_alpha",NA,-2068.91414439106,0.404577458167478,2.43538970590337,0.756147228570936,10.6868961448679
622,"unconstrained","0",-2014.29526733342,0.377420986737271,1.71511247390803,0.485742589298201,2.63818179846645
622,"constrained_alpha",NA,-2025.13881186176,0.366413921531402,1.71511247390803,0.485742589298201,2.63818179846645
623,"unconstrained","0",-2078.47436149756,0.333001110184257,2.06007587606645,0.773765502402242,6.04123119031177
623,"constrained_alpha",NA,-2083.49578593558,0.330628187222909,2.06007587606645,0.773765502402242,6.04123119031177
624,"unconstrained","0",-2026.70565945543,0.362390203787706,2.05496507874988,0.944084427308357,3.42204193853026
624,"constrained_alpha",NA,-2031.1322797292,0.371729619706226,2.05496507874988,0.944084427308357,3.42204193853026
625,"unconstrained","0",-2017.4805336063,0.38427653669257,2.10188167668173,0.968103595323015,6.11287985933763
625,"constrained_alpha",NA,-2023.13388112733,0.385882480669619,2.10188167668173,0.968103595323015,6.11287985933763
626,"unconstrained","0",-2046.02273706516,0.340298895525733,2.22323530893331,0.891193581989179,3.87538739192382
626,"constrained_alpha",NA,-2055.35744476509,0.337731426478337,2.22323530893331,0.891193581989179,3.87538739192382
627,"unconstrained","0",-2069.98772023644,0.375359504996327,1.8895165259435,0.537454509751705,4.72173620535815
627,"constrained_alpha",NA,-2086.83539724261,0.369013429335746,1.8895165259435,0.537454509751705,4.72173620535815
628,"unconstrained","0",-2041.59553241462,0.389559454884931,5.68874855097607,0.904462012731121,50
628,"constrained_alpha",NA,-2050.97604856425,0.37133887588613,5.68874855097607,0.904462012731121,50
629,"unconstrained","0",-2041.19180761566,0.339909204996689,2.02735115175859,0.672115929430487,3.58559400386502
629,"constrained_alpha",NA,-2048.25918848973,0.331619988645712,2.02735115175859,0.672115929430487,3.58559400386502
630,"unconstrained","0",-2068.74701856398,0.390412411577192,2.77676565988316,0.712006324633519,6.95650062787916
630,"constrained_alpha",NA,-2075.17060034207,0.384029357960526,2.77676565988316,0.712006324633519,6.95650062787916
631,"unconstrained","0",-2054.69192317862,0.308849178220303,2.26546555557641,0.80754017409821,4.08910715253681
631,"constrained_alpha",NA,-2063.30167382458,0.305713177621727,2.26546555557641,0.80754017409821,4.08910715253681
632,"unconstrained","0",-2023.62291235228,0.349917537413259,1.94295700588139,1.01188656231929,3.62424423412155
632,"constrained_alpha",NA,-2031.2928794721,0.332325782859799,1.94295700588139,1.01188656231929,3.62424423412155
633,"unconstrained","0",-2028.58542158682,0.321775028135319,2.2148763871654,1.25416972285139,4.32195879733624
633,"constrained_alpha",NA,-2043.13817574709,0.320452142955252,2.2148763871654,1.25416972285139,4.32195879733624
634,"unconstrained","0",-2011.36937707761,0.341019205851987,1.97159971943934,1.23033810468512,2.96558865539999
634,"constrained_alpha",NA,-2015.67230940256,0.346158314124734,1.97159971943934,1.23033810468512,2.96558865539999
635,"unconstrained","0",-2021.29848260834,0.317873004278393,1.78275791830991,0.817911830057869,4.55536131986072
635,"constrained_alpha",NA,-2027.11883138836,0.306445126285163,1.78275791830991,0.817911830057869,4.55536131986072
636,"unconstrained","0",-2058.81883298859,0.337157737005348,1.79051573469203,0.931491193092255,3.06605748458603
636,"constrained_alpha",NA,-2065.62415102046,0.329119126702282,1.79051573469203,0.931491193092255,3.06605748458603
637,"unconstrained","0",-2063.64008434491,0.285990531627878,2.57564161562855,1.2932483140461,4.24172481735834
637,"constrained_alpha",NA,-2070.3930177911,0.278837130925589,2.57564161562855,1.2932483140461,4.24172481735834
638,"unconstrained","0",-2050.30068956952,0.318167856935551,1.74679682565215,1.28451861006208,3.77998348507196
638,"constrained_alpha",NA,-2055.49955351361,0.328245190023356,1.74679682565215,1.28451861006208,3.77998348507196
639,"unconstrained","0",-1994.56337870543,0.366112475967627,2.54519013629855,0.981760287723865,7.4133390303425
639,"constrained_alpha",NA,-2002.71246651217,0.359083671533489,2.54519013629855,0.981760287723865,7.4133390303425
640,"unconstrained","0",-2068.17520606923,0.378360897666551,2.63602224481555,1.1867902119251,11.7307493053635
640,"constrained_alpha",NA,-2076.21315897654,0.380376323012847,2.63602224481555,1.1867902119251,11.7307493053635
641,"unconstrained","0",-2049.8312195601,0.316648271366384,1.71038998368973,0.969103881573602,2.85104698766942
641,"constrained_alpha",NA,-2060.6205192964,0.301623545473525,1.71038998368973,0.969103881573602,2.85104698766942
642,"unconstrained","0",-2052.3412621089,0.354790272046857,2.21823545796457,1.33163381606434,3.77875052504852
642,"constrained_alpha",NA,-2055.18131644394,0.345933629319926,2.21823545796457,1.33163381606434,3.77875052504852
643,"unconstrained","0",-1984.00004784666,0.39774550158468,2.33388096727124,1.22330091157806,5.34638374790814
643,"constrained_alpha",NA,-1993.91939625247,0.364826323076143,2.33388096727124,1.22330091157806,5.34638374790814
644,"unconstrained","0",-1991.29445228946,0.295082275234896,3.4452555152833,1.17864268502165,15.3757441354766
644,"constrained_alpha",NA,-2002.37476425454,0.289222892449109,3.4452555152833,1.17864268502165,15.3757441354766
645,"unconstrained","0",-2027.06276843281,0.302301117406791,2.22698623570915,0.7898385283776,4.29968640284665
645,"constrained_alpha",NA,-2036.50325032476,0.308397629033545,2.22698623570915,0.7898385283776,4.29968640284665
646,"unconstrained","0",-2023.13764106683,0.300308386861905,2.24058715632301,1.02879295724796,4.06622774893368
646,"constrained_alpha",NA,-2033.37230782539,0.287582787314296,2.24058715632301,1.02879295724796,4.06622774893368
647,"unconstrained","0",-2069.49974337624,0.322331754243495,2.36395447928484,0.748842444594689,6.05457814840658
647,"constrained_alpha",NA,-2079.40093548167,0.318151293284643,2.36395447928484,0.748842444594689,6.05457814840658
648,"unconstrained","0",-2047.63750609387,0.359366485703352,2.42084501253428,0.997784093203793,8.08647292311264
648,"constrained_alpha",NA,-2055.50781282463,0.363105066229954,2.42084501253428,0.997784093203793,8.08647292311264
649,"unconstrained","0",-2059.20447848458,0.380608454592724,1.87191344551922,0.486529328844685,4.4748281981113
649,"constrained_alpha",NA,-2067.95419245045,0.379743746972902,1.87191344551922,0.486529328844685,4.4748281981113
650,"unconstrained","0",-2038.52732428781,0.347395253478933,2.61331548385324,1.10342381882209,5.33135515432516
650,"constrained_alpha",NA,-2046.11509927483,0.328630524949753,2.61331548385324,1.10342381882209,5.33135515432516
651,"unconstrained","0",-2071.80753738634,0.347299838459299,2.17472380875838,1.15833701577852,4.56585804837863
651,"constrained_alpha",NA,-2076.30330192753,0.349051181388079,2.17472380875838,1.15833701577852,4.56585804837863
652,"unconstrained","0",-2028.25211662352,0.306689303330104,1.83704839817864,1.27798775906259,2.29106814091478
652,"constrained_alpha",NA,-2032.25198734376,0.311198302500965,1.83704839817864,1.27798775906259,2.29106814091478
653,"unconstrained","0",-2036.75235438961,0.34808382685316,2.15152220287413,0.957013373139369,3.7513805528979
653,"constrained_alpha",NA,-2044.64230021194,0.345320698832182,2.15152220287413,0.957013373139369,3.7513805528979
654,"unconstrained","0",-2039.47259620006,0.34672927972596,4.76119545880175,0.791010553542017,32.676241804321
654,"constrained_alpha",NA,-2050.99887162043,0.334960131944578,4.76119545880175,0.791010553542017,32.676241804321
655,"unconstrained","0",-2045.71757151065,0.313254574552434,2.10619466283992,0.986312560148962,3.29346999145243
655,"constrained_alpha",NA,-2050.16566829118,0.319526477383143,2.10619466283992,0.986312560148962,3.29346999145243
656,"unconstrained","0",-2010.32607906718,0.392177406800402,1.99164531137251,1.31947081681291,4.2079848624167
656,"constrained_alpha",NA,-2015.75777335282,0.37728498003736,1.99164531137251,1.31947081681291,4.2079848624167
657,"unconstrained","0",-2070.84692017015,0.347784647708281,1.81890514823944,0.840479867793333,2.85285100474856
657,"constrained_alpha",NA,-2079.23051729639,0.332269069070402,1.81890514823944,0.840479867793333,2.85285100474856
658,"unconstrained","0",-2002.25454428841,0.367434083572272,2.33149725407217,0.877867188478328,4.40981962090507
658,"constrained_alpha",NA,-2007.07256619877,0.355744515952856,2.33149725407217,0.877867188478328,4.40981962090507
659,"unconstrained","0",-2014.67148158864,0.412657149401322,2.50096206882738,1.0804022531056,10.0126103216741
659,"constrained_alpha",NA,-2020.1856002812,0.396119696304535,2.50096206882738,1.0804022531056,10.0126103216741
660,"unconstrained","0",-2038.14982363915,0.394246526778885,2.4254825723383,0.827555801022537,6.64977963105942
660,"constrained_alpha",NA,-2048.05964219858,0.383174798046832,2.4254825723383,0.827555801022537,6.64977963105942
661,"unconstrained","0",-2006.81655064723,0.399567807532897,5.72648181071091,0.811502079534489,50
661,"constrained_alpha",NA,-2015.13915253783,0.407853948520385,5.72648181071091,0.811502079534489,50
662,"unconstrained","0",-2039.89700176931,0.366476900986151,1.77522515069011,0.788867086566638,2.73083567777891
662,"constrained_alpha",NA,-2050.70692329716,0.363002327960743,1.77522515069011,0.788867086566638,2.73083567777891
663,"unconstrained","0",-2020.57204418275,0.40369759723348,1.88130669237523,0.392869574120577,3.66749494645203
663,"constrained_alpha",NA,-2036.71970566246,0.414481077753489,1.88130669237523,0.392869574120577,3.66749494645203
664,"unconstrained","0",-2049.71172695296,0.317256049536682,2.01170360006274,1.20655790479186,2.90900852777838
664,"constrained_alpha",NA,-2060.24215078894,0.333558773618057,2.01170360006274,1.20655790479186,2.90900852777838
665,"unconstrained","0",-2035.55713994392,0.352151424057155,1.94437824290531,0.913159045747475,3.28211259942543
665,"constrained_alpha",NA,-2041.94516057948,0.350816305717515,1.94437824290531,0.913159045747475,3.28211259942543
666,"unconstrained","0",-2053.40637530729,0.32587807300976,1.99797178842802,0.956671583035862,3.75782013773715
666,"constrained_alpha",NA,-2059.00900967845,0.302618905492924,1.99797178842802,0.956671583035862,3.75782013773715
667,"unconstrained","0",-2043.22944575638,0.3805977428793,1.85733122785404,0.864858534990414,3.05434099549498
667,"constrained_alpha",NA,-2046.48841978363,0.386917256590683,1.85733122785404,0.864858534990414,3.05434099549498
668,"unconstrained","0",-2041.40941384598,0.37058662982262,1.92696640674458,0.973072397330523,4.71512333174544
668,"constrained_alpha",NA,-2048.54994011906,0.347158291041327,1.92696640674458,0.973072397330523,4.71512333174544
669,"unconstrained","0",-2019.43941084348,0.385542148754312,1.50274877565409,0.548152608008595,2.4146645745009
669,"constrained_alpha",NA,-2026.47885520821,0.376460488418835,1.50274877565409,0.548152608008595,2.4146645745009
670,"unconstrained","0",-2043.07018367511,0.314437899490394,2.00268140249544,0.941580167623901,3.44754548119539
670,"constrained_alpha",NA,-2059.70798699866,0.321742813135174,2.00268140249544,0.941580167623901,3.44754548119539
671,"unconstrained","0",-2051.5875257203,0.390137286405313,1.93178048146708,1.39857064737095,2.7910207860093
671,"constrained_alpha",NA,-2056.61966874045,0.388243370958501,1.93178048146708,1.39857064737095,2.7910207860093
672,"unconstrained","0",-2046.77349969235,0.36474625712565,1.75810288529251,0.984927423065687,2.82904688511542
672,"constrained_alpha",NA,-2051.25354836043,0.35921978331888,1.75810288529251,0.984927423065687,2.82904688511542
673,"unconstrained","0",-2053.07986278596,0.316346044886012,1.89987651700294,0.89051050935925,3.41249621902934
673,"constrained_alpha",NA,-2057.55067612923,0.31914103538255,1.89987651700294,0.89051050935925,3.41249621902934
674,"unconstrained","0",-2012.23157228779,0.345566913899008,2.91938628500639,1.18220384044697,7.25942330732765
674,"constrained_alpha",NA,-2017.78756689245,0.330940915654951,2.91938628500639,1.18220384044697,7.25942330732765
675,"unconstrained","0",-2074.99350185007,0.45067833065668,1.56418467153838,0.237031507829876,3.23751060085425
675,"constrained_alpha",NA,-2088.71645972247,0.437360622935075,1.56418467153838,0.237031507829876,3.23751060085425
676,"unconstrained","0",-2032.70627244462,0.406604065179651,1.92263201092101,0.950391624997678,4.20322102067401
676,"constrained_alpha",NA,-2036.80502261433,0.394340586948858,1.92263201092101,0.950391624997678,4.20322102067401
677,"unconstrained","0",-2013.88955842227,0.333239021798183,2.11802069872752,0.881747008047854,4.28987258203136
677,"constrained_alpha",NA,-2015.66855856725,0.335603742241848,2.11802069872752,0.881747008047854,4.28987258203136
678,"unconstrained","0",-2020.25765989512,0.416527618746172,6.28124724698146,0.994337907663412,50
678,"constrained_alpha",NA,-2035.51416643173,0.39834676031301,6.28124724698146,0.994337907663412,50
679,"unconstrained","0",-2041.67823020955,0.44984498044544,1.93179374837766,0.656973908278487,3.75336021190583
679,"constrained_alpha",NA,-2048.61653842263,0.42723523257896,1.93179374837766,0.656973908278487,3.75336021190583
680,"unconstrained","0",-2046.28330794098,0.351480067638851,2.18711300439078,0.640145353787607,4.06438787242604
680,"constrained_alpha",NA,-2057.14273188043,0.359080507382506,2.18711300439078,0.640145353787607,4.06438787242604
681,"unconstrained","0",-2095.81784596737,0.348365828905755,1.99785136246672,1.21444158458767,3.20204161064559
681,"constrained_alpha",NA,-2104.16328728788,0.335147090417052,1.99785136246672,1.21444158458767,3.20204161064559
682,"unconstrained","0",-2032.28491352766,0.388635202893599,1.71224543617561,0.458707515705197,3.46207785904255
682,"constrained_alpha",NA,-2043.47043602247,0.394928859358157,1.71224543617561,0.458707515705197,3.46207785904255
683,"unconstrained","0",-2030.08062175064,0.318358407763107,2.41431453801661,0.805618693428009,4.29876940374484
683,"constrained_alpha",NA,-2034.92849338502,0.329725724082123,2.41431453801661,0.805618693428009,4.29876940374484
684,"unconstrained","0",-2026.33783864497,0.389303371964909,2.04817912492414,0.631780382626512,5.17073364674041
684,"constrained_alpha",NA,-2035.10789346584,0.381230129929485,2.04817912492414,0.631780382626512,5.17073364674041
685,"unconstrained","0",-2028.71041645939,0.360811318282163,3.48526366819098,1.10370892614847,14.6850627346718
685,"constrained_alpha",NA,-2037.48278325501,0.335691716520347,3.48526366819098,1.10370892614847,14.6850627346718
686,"unconstrained","0",-1998.74273367936,0.333222176594422,2.60620211791862,1.44207575381707,4.2508075227617
686,"constrained_alpha",NA,-2011.90053321682,0.354564848137938,2.60620211791862,1.44207575381707,4.2508075227617
687,"unconstrained","0",-2033.98317430603,0.394627205176604,2.11378743879345,0.6059820638645,6.56137591970816
687,"constrained_alpha",NA,-2038.32100380258,0.396587501544792,2.11378743879345,0.6059820638645,6.56137591970816
688,"unconstrained","0",-2027.79705738227,0.322362111387452,2.08527559376684,1.05415268214619,3.87840177638386
688,"constrained_alpha",NA,-2035.94412698119,0.30552144188824,2.08527559376684,1.05415268214619,3.87840177638386
689,"unconstrained","0",-1963.2620441008,0.422020830032304,5.68500906496678,0.698609111771549,50
689,"constrained_alpha",NA,-1973.79491814598,0.388582735988724,5.68500906496678,0.698609111771549,50
690,"unconstrained","0",-2076.82291449845,0.348020398593689,1.95365090027335,0.93700970982342,3.26830103230831
690,"constrained_alpha",NA,-2082.32465933171,0.351373810837553,1.95365090027335,0.93700970982342,3.26830103230831
691,"unconstrained","0",-2039.79571921385,0.324124369054405,2.1212281918384,1.2852747642107,3.70962070089846
691,"constrained_alpha",NA,-2049.31328953483,0.317453142944295,2.1212281918384,1.2852747642107,3.70962070089846
692,"unconstrained","0",-2038.54485952329,0.298979401445102,1.97488213818916,1.03271106705234,2.96820240516028
692,"constrained_alpha",NA,-2048.38329465161,0.304508006721875,1.97488213818916,1.03271106705234,2.96820240516028
693,"unconstrained","0",-2053.74527181012,0.332600541368508,2.19446932419327,0.901291461669313,5.84619240629237
693,"constrained_alpha",NA,-2059.11745395645,0.333732480545066,2.19446932419327,0.901291461669313,5.84619240629237
694,"unconstrained","0",-2025.56602157531,0.388053508514235,1.72665401753349,1.08680213837768,2.91009661511172
694,"constrained_alpha",NA,-2036.77320089895,0.374813423539944,1.72665401753349,1.08680213837768,2.91009661511172
695,"unconstrained","0",-2056.7683621307,0.335392527971969,2.19284098432171,0.945529537454976,4.07991890800123
695,"constrained_alpha",NA,-2064.00550134557,0.335025735889127,2.19284098432171,0.945529537454976,4.07991890800123
696,"unconstrained","0",-2046.02331057313,0.363783458800057,1.85357662004993,1.00060072275809,3.55975868830318
696,"constrained_alpha",NA,-2052.36134962762,0.355341004955858,1.85357662004993,1.00060072275809,3.55975868830318
697,"unconstrained","0",-2055.32684055194,0.333205115551799,1.92313456548031,0.657998778411018,3.88757401255661
697,"constrained_alpha",NA,-2062.37215353623,0.341072283742285,1.92313456548031,0.657998778411018,3.88757401255661
698,"unconstrained","0",-2052.55610981548,0.337623635393823,2.25593181219546,1.3561814997767,4.40467351235619
698,"constrained_alpha",NA,-2060.1466013114,0.319228524593732,2.25593181219546,1.3561814997767,4.40467351235619
699,"unconstrained","0",-2028.45773353016,0.386416407889623,1.85251921872203,0.942634934858517,3.42610262950625
699,"constrained_alpha",NA,-2038.47807261423,0.37072065319496,1.85251921872203,0.942634934858517,3.42610262950625
700,"unconstrained","0",-2029.40569774764,0.317047954426899,2.26317835725483,1.23485232176489,4.65762490501026
700,"constrained_alpha",NA,-2043.76925610244,0.298561168730804,2.26317835725483,1.23485232176489,4.65762490501026
701,"unconstrained","0",-2047.60263041097,0.420821138595613,1.8007825634495,0.975450156942519,3.60906367735129
701,"constrained_alpha",NA,-2051.96260922714,0.415195455603591,1.8007825634495,0.975450156942519,3.60906367735129
702,"unconstrained","0",-2018.31692146075,0.333433463520604,3.00646859806154,0.8450755477461,12.7192012786779
702,"constrained_alpha",NA,-2029.67414704471,0.314062610008356,3.00646859806154,0.8450755477461,12.7192012786779
703,"unconstrained","0",-2024.68293149254,0.370196473831418,3.58968384190288,1.42035261956047,15.9652405327078
703,"constrained_alpha",NA,-2029.70658594962,0.357144223044926,3.58968384190288,1.42035261956047,15.9652405327078
704,"unconstrained","0",-2073.12930245982,0.267456822270185,2.02089628871767,1.14651230258298,3.19351699887849
704,"constrained_alpha",NA,-2081.34793064061,0.268190849942032,2.02089628871767,1.14651230258298,3.19351699887849
705,"unconstrained","0",-2009.5645230179,0.375122421891162,2.47887215913196,0.894247613638061,5.8007098113497
705,"constrained_alpha",NA,-2016.94210984246,0.369954128123784,2.47887215913196,0.894247613638061,5.8007098113497
706,"unconstrained","0",-2094.31076960242,0.37938189572455,1.91763671044958,0.629573484199683,3.40115658944504
706,"constrained_alpha",NA,-2097.7976240484,0.372318435938749,1.91763671044958,0.629573484199683,3.40115658944504
707,"unconstrained","0",-2038.33944603196,0.393452360753309,1.96000380440093,0.778823815871014,3.79885818496192
707,"constrained_alpha",NA,-2050.29915427694,0.371306192519923,1.96000380440093,0.778823815871014,3.79885818496192
708,"unconstrained","0",-2039.82052689304,0.323466931489109,2.51195026963152,0.943680946159933,5.55038848354329
708,"constrained_alpha",NA,-2047.52068306417,0.319422235741744,2.51195026963152,0.943680946159933,5.55038848354329
709,"unconstrained","0",-2020.33713868182,0.347886480476075,6.11518654538883,0.739816128020118,50
709,"constrained_alpha",NA,-2025.70171763451,0.355205207687024,6.11518654538883,0.739816128020118,50
710,"unconstrained","0",-2008.03983311756,0.357882889136179,2.64294830646167,0.753286316948442,4.94939717680086
710,"constrained_alpha",NA,-2025.62992739551,0.360764420848595,2.64294830646167,0.753286316948442,4.94939717680086
711,"unconstrained","0",-1977.5930064538,0.294550628380114,3.11828932817826,1.29800815934049,7.99993479160248
711,"constrained_alpha",NA,-1986.19530557194,0.287586801271521,3.11828932817826,1.29800815934049,7.99993479160248
712,"unconstrained","0",-2027.14333793252,0.379134625596352,2.64022217469905,1.49943629539594,5.26021066646008
712,"constrained_alpha",NA,-2032.4236302119,0.36323680775469,2.64022217469905,1.49943629539594,5.26021066646008
713,"unconstrained","0",-2054.14976679324,0.368891600120195,1.72791292544794,0.382667019948605,2.32687449730358
713,"constrained_alpha",NA,-2066.84426257886,0.364370537251539,1.72791292544794,0.382667019948605,2.32687449730358
714,"unconstrained","0",-2075.04987099635,0.396053842438391,2.10677387587462,0.962537032348893,5.31926331159205
714,"constrained_alpha",NA,-2083.5624727984,0.370492167124481,2.10677387587462,0.962537032348893,5.31926331159205
715,"unconstrained","0",-2087.22982960466,0.318658807974589,2.19149825849968,1.09486500339374,3.78208059500932
715,"constrained_alpha",NA,-2095.36776189913,0.315129960166613,2.19149825849968,1.09486500339374,3.78208059500932
716,"unconstrained","0",-2075.03813135667,0.308352139218335,2.15846885949189,0.993415602572673,5.04741300005266
716,"constrained_alpha",NA,-2080.80413164122,0.310729461810809,2.15846885949189,0.993415602572673,5.04741300005266
717,"unconstrained","0",-2045.26077437586,0.364268091831968,4.64004974339389,1.07713473983479,15.9177202393728
717,"constrained_alpha",NA,-2049.10669954891,0.348792135102606,4.64004974339389,1.07713473983479,15.9177202393728
718,"unconstrained","0",-2063.22035548813,0.353801846183401,1.88782672116628,0.918764456519981,3.75513348600146
718,"constrained_alpha",NA,-2064.7502293632,0.351454162883673,1.88782672116628,0.918764456519981,3.75513348600146
719,"unconstrained","0",-2033.08567839468,0.379499588968559,2.38226247299308,0.782247681102611,5.45024084068048
719,"constrained_alpha",NA,-2040.67116764361,0.3556292636321,2.38226247299308,0.782247681102611,5.45024084068048
720,"unconstrained","0",-2027.37343591977,0.305210207501173,1.92673147684304,0.387494255722271,3.31374939121306
720,"constrained_alpha",NA,-2042.3638917869,0.301255536274685,1.92673147684304,0.387494255722271,3.31374939121306
721,"unconstrained","0",-2048.38068380569,0.350616186477258,1.86130455751012,1.04302763817768,2.59839063590261
721,"constrained_alpha",NA,-2052.32723720362,0.344619659351449,1.86130455751012,1.04302763817768,2.59839063590261
722,"unconstrained","0",-2035.98613767583,0.29638748545308,2.36848104370657,0.661932162335058,3.29714533872132
722,"constrained_alpha",NA,-2042.50895433868,0.291445749658132,2.36848104370657,0.661932162335058,3.29714533872132
723,"unconstrained","0",-2017.88937955658,0.3419149028939,2.18790566053344,0.781816037549618,4.68145291840901
723,"constrained_alpha",NA,-2022.54847508168,0.327662664047118,2.18790566053344,0.781816037549618,4.68145291840901
724,"unconstrained","0",-2066.17920780193,0.36315320782973,2.1279079860119,1.03416728702765,4.29364476193546
724,"constrained_alpha",NA,-2073.26063334967,0.361554690637977,2.1279079860119,1.03416728702765,4.29364476193546
725,"unconstrained","0",-2001.3175593728,0.344788405140529,2.53171626348977,0.943820952481404,4.41489500904428
725,"constrained_alpha",NA,-2005.87561382341,0.34222029766998,2.53171626348977,0.943820952481404,4.41489500904428
726,"unconstrained","0",-2028.18568478873,0.384265764069711,1.95732328691322,0.809886981780546,3.12152586487677
726,"constrained_alpha",NA,-2034.16772169975,0.386615796240661,1.95732328691322,0.809886981780546,3.12152586487677
727,"unconstrained","0",-2039.49590182001,0.348376477640729,1.80540283193999,0.962723519309053,2.79198210028193
727,"constrained_alpha",NA,-2043.68845268796,0.344685197314708,1.80540283193999,0.962723519309053,2.79198210028193
728,"unconstrained","0",-2037.27614294471,0.33722318285461,1.98250752529956,0.69218434805177,3.58674593591287
728,"constrained_alpha",NA,-2042.20007437518,0.361180374598451,1.98250752529956,0.69218434805177,3.58674593591287
729,"unconstrained","0",-2059.21833355994,0.397007692091964,5.71857591131557,0.868976812117833,50
729,"constrained_alpha",NA,-2070.32892756446,0.375729483627202,5.71857591131557,0.868976812117833,50
730,"unconstrained","0",-2044.17518229195,0.36450498342518,1.92831092130514,0.981223732660546,5.14023189761935
730,"constrained_alpha",NA,-2047.43183440082,0.36610625802104,1.92831092130514,0.981223732660546,5.14023189761935
731,"unconstrained","0",-2077.79206988259,0.364618947694107,2.03957691235893,1.26421631583397,4.29411931730578
731,"constrained_alpha",NA,-2085.3550402517,0.36515204863567,2.03957691235893,1.26421631583397,4.29411931730578
732,"unconstrained","0",-2019.38437910446,0.381959964466779,1.70761869884155,0.947906429529923,3.22540481447428
732,"constrained_alpha",NA,-2025.67776986577,0.382611725247099,1.70761869884155,0.947906429529923,3.22540481447428
733,"unconstrained","0",-2057.57428635181,0.308311593564761,2.10193782073538,1.03563197827684,4.74726887305459
733,"constrained_alpha",NA,-2062.10241201397,0.314219205523778,2.10193782073538,1.03563197827684,4.74726887305459
734,"unconstrained","0",-2044.17045745404,0.347154213341954,2.17780481542627,0.688588036092295,7.29784233599746
734,"constrained_alpha",NA,-2048.26779275601,0.345579341415431,2.17780481542627,0.688588036092295,7.29784233599746
735,"unconstrained","0",-2018.69964467595,0.318823273187651,3.0008817873783,1.13586010427925,8.16361607823212
735,"constrained_alpha",NA,-2023.6790742312,0.317444750993387,3.0008817873783,1.13586010427925,8.16361607823212
736,"unconstrained","0",-2018.42852850666,0.394226656241902,1.99713681010765,0.372478930751074,7.14833914683962
736,"constrained_alpha",NA,-2034.35561976964,0.405884121220362,1.99713681010765,0.372478930751074,7.14833914683962
737,"unconstrained","0",-2044.79872091892,0.378878969566377,1.96620294643092,0.726600675748461,4.48090336069037
737,"constrained_alpha",NA,-2054.86255649699,0.359010622117934,1.96620294643092,0.726600675748461,4.48090336069037
738,"unconstrained","0",-2019.53516816577,0.303138049704019,2.36629275220627,0.620942437071744,3.62358859689285
738,"constrained_alpha",NA,-2034.34969048479,0.325673420817263,2.36629275220627,0.620942437071744,3.62358859689285
739,"unconstrained","0",-2043.42236816811,0.356664960430574,1.90948527805424,1.18309943258413,4.63787827316097
739,"constrained_alpha",NA,-2051.29633423132,0.368623848931421,1.90948527805424,1.18309943258413,4.63787827316097
740,"unconstrained","0",-2050.14264752328,0.331813184479591,3.11302089951376,1.08083691871626,15.4486461605057
740,"constrained_alpha",NA,-2054.27807562531,0.332831936735596,3.11302089951376,1.08083691871626,15.4486461605057
741,"unconstrained","0",-2022.17222321272,0.421772837402581,1.58268512277828,0.880345025432609,2.88255485430115
741,"constrained_alpha",NA,-2027.49252393688,0.399133896766147,1.58268512277828,0.880345025432609,2.88255485430115
742,"unconstrained","0",-2066.90529957774,0.302715143521932,1.80059625969205,1.15344988165494,3.05328009907108
742,"constrained_alpha",NA,-2079.60800145404,0.301087690017606,1.80059625969205,1.15344988165494,3.05328009907108
743,"unconstrained","0",-2071.00146776936,0.311424695799566,2.07063217576407,1.16652130560697,4.2071982514049
743,"constrained_alpha",NA,-2078.5180397803,0.312374614456992,2.07063217576407,1.16652130560697,4.2071982514049
744,"unconstrained","0",-2025.88416755981,0.386261467234572,1.68634943669613,0.727395730792063,3.39856816251242
744,"constrained_alpha",NA,-2045.64052794337,0.382800737680284,1.68634943669613,0.727395730792063,3.39856816251242
745,"unconstrained","0",-2050.40280598022,0.356078223095489,1.9771516938849,1.03232723437824,2.94848991221598
745,"constrained_alpha",NA,-2059.28678952137,0.35652123134561,1.9771516938849,1.03232723437824,2.94848991221598
746,"unconstrained","0",-2073.09168671417,0.353819213015538,1.98273025258858,0.837986759577671,4.76656852310895
746,"constrained_alpha",NA,-2082.4411484587,0.352507283947772,1.98273025258858,0.837986759577671,4.76656852310895
747,"unconstrained","0",-1987.58081650835,0.335573235309274,2.09895468824563,1.16616160459607,4.40768563400568
747,"constrained_alpha",NA,-1991.41125771172,0.325639784296158,2.09895468824563,1.16616160459607,4.40768563400568
748,"unconstrained","0",-2068.01894357296,0.367571179137418,1.91464254457029,0.830825471024931,3.51254247368818
748,"constrained_alpha",NA,-2072.20679114387,0.371298516415831,1.91464254457029,0.830825471024931,3.51254247368818
749,"unconstrained","0",-2030.38247511341,0.339811332383592,1.91123046181906,1.18238103615004,2.9899892277131
749,"constrained_alpha",NA,-2034.08632340622,0.349533227705865,1.91123046181906,1.18238103615004,2.9899892277131
750,"unconstrained","0",-2029.29503802009,0.360035595655597,2.50595852836788,0.858506601729171,5.91883771091037
750,"constrained_alpha",NA,-2036.62080605634,0.335244480002516,2.50595852836788,0.858506601729171,5.91883771091037
751,"unconstrained","0",-2009.24801635943,0.364696412103931,1.96267359389012,1.18548893771507,3.62755128451131
751,"constrained_alpha",NA,-2022.0310009418,0.348245079786755,1.96267359389012,1.18548893771507,3.62755128451131
752,"unconstrained","0",-2005.40751844319,0.427936786218934,1.93862644360768,0.914108233828179,4.01339376196518
752,"constrained_alpha",NA,-2009.00340897558,0.425053316536574,1.93862644360768,0.914108233828179,4.01339376196518
753,"unconstrained","0",-2062.69782664906,0.345747189408505,2.00706569904583,0.881292714574182,4.7441513047471
753,"constrained_alpha",NA,-2066.33838334065,0.339770232069097,2.00706569904583,0.881292714574182,4.7441513047471
754,"unconstrained","0",-2031.65951691179,0.379667571282844,2.10384815312196,1.38571260505904,3.26476130489916
754,"constrained_alpha",NA,-2041.11655827941,0.361741505597613,2.10384815312196,1.38571260505904,3.26476130489916
755,"unconstrained","0",-2073.31642619219,0.312004366934999,1.86600266451414,1.04343836138105,3.06084969675937
755,"constrained_alpha",NA,-2076.5547486366,0.330869266884727,1.86600266451414,1.04343836138105,3.06084969675937
756,"unconstrained","0",-2021.56787195034,0.378787740995685,1.8486920323638,0.41382260713021,3.67877509752179
756,"constrained_alpha",NA,-2029.2413518416,0.366736763903727,1.8486920323638,0.41382260713021,3.67877509752179
757,"unconstrained","0",-2059.20661608133,0.38625130895863,2.28235247602919,0.695121976059965,5.84467756461357
757,"constrained_alpha",NA,-2065.33405857162,0.365604746499603,2.28235247602919,0.695121976059965,5.84467756461357
758,"unconstrained","0",-2062.97496275382,0.304178863258452,2.44343143453431,1.03897395506378,3.83705109222955
758,"constrained_alpha",NA,-2067.57028485169,0.319787778485662,2.44343143453431,1.03897395506378,3.83705109222955
759,"unconstrained","0",-2114.79773014932,0.37441232164628,1.7028404078356,0.905032999671093,2.62565165255869
759,"constrained_alpha",NA,-2120.14612166959,0.382091767147649,1.7028404078356,0.905032999671093,2.62565165255869
760,"unconstrained","0",-2064.25953229059,0.338935540045661,1.77066399077494,0.977428400480649,4.56052690633107
760,"constrained_alpha",NA,-2070.41935074628,0.334584764237052,1.77066399077494,0.977428400480649,4.56052690633107
761,"unconstrained","0",-2025.94493701416,0.361074756894398,2.06406984859417,0.969185866395802,3.8285967969023
761,"constrained_alpha",NA,-2033.29270463034,0.354674058598917,2.06406984859417,0.969185866395802,3.8285967969023
762,"unconstrained","0",-2056.46975902025,0.425563359358192,1.69786779998767,0.898954115664594,3.21066999164627
762,"constrained_alpha",NA,-2064.98708154064,0.398274330200829,1.69786779998767,0.898954115664594,3.21066999164627
763,"unconstrained","0",-2008.4244323197,0.389386078610433,1.59198982639605,0.864603588060037,3.06136713792776
763,"constrained_alpha",NA,-2012.97001415811,0.381060238835603,1.59198982639605,0.864603588060037,3.06136713792776
764,"unconstrained","0",-2057.66102406484,0.368372198666149,1.86194715025938,0.84859054216854,3.23904322195316
764,"constrained_alpha",NA,-2067.4356295214,0.353799800605304,1.86194715025938,0.84859054216854,3.23904322195316
765,"unconstrained","0",-2036.29695222008,0.361247346502596,1.79977406246595,1.19246746403772,2.25574057299892
765,"constrained_alpha",NA,-2041.19347302721,0.355538743069961,1.79977406246595,1.19246746403772,2.25574057299892
766,"unconstrained","0",-2042.40866896215,0.361388191407982,2.20982645574309,1.27389526134625,3.33740718310535
766,"constrained_alpha",NA,-2049.50732438433,0.348477685036582,2.20982645574309,1.27389526134625,3.33740718310535
767,"unconstrained","0",-2047.43988886605,0.334513706668525,2.015934210276,0.845195622991046,3.40847208407326
767,"constrained_alpha",NA,-2056.74544785159,0.316563538979086,2.015934210276,0.845195622991046,3.40847208407326
768,"unconstrained","0",-2002.02454204709,0.37883823717592,2.06790381666172,1.01913911452296,3.96366995031047
768,"constrained_alpha",NA,-2008.53445304512,0.353294881288153,2.06790381666172,1.01913911452296,3.96366995031047
769,"unconstrained","0",-2072.57374882094,0.355366097277436,1.98327705894219,1.09610423343008,3.1323540421237
769,"constrained_alpha",NA,-2075.81197630627,0.361076655149593,1.98327705894219,1.09610423343008,3.1323540421237
770,"unconstrained","0",-2045.82317710332,0.392132462675938,1.6192633529125,0.88937045737057,2.99719566293039
770,"constrained_alpha",NA,-2048.9799721587,0.400167820077679,1.6192633529125,0.88937045737057,2.99719566293039
771,"unconstrained","0",-2026.16331424947,0.352544868399856,2.29932443946101,0.734274232733455,5.2813082681383
771,"constrained_alpha",NA,-2036.56950080098,0.347650776761721,2.29932443946101,0.734274232733455,5.2813082681383
772,"unconstrained","0",-2032.78699455157,0.299020554811077,2.44029090426606,1.01305029613017,4.42075120527065
772,"constrained_alpha",NA,-2041.6700773091,0.296963148369786,2.44029090426606,1.01305029613017,4.42075120527065
773,"unconstrained","0",-2051.83180619759,0.402829352081003,1.60578982084945,0.984902874842567,2.52860172411983
773,"constrained_alpha",NA,-2053.67500715779,0.401072237001397,1.60578982084945,0.984902874842567,2.52860172411983
774,"unconstrained","0",-2094.64343078644,0.31769914123131,1.59774787333194,0.844640772879136,3.01237617708645
774,"constrained_alpha",NA,-2099.08191102272,0.316414504623742,1.59774787333194,0.844640772879136,3.01237617708645
775,"unconstrained","0",-2034.62000425556,0.307196430551482,2.30513272402629,1.37739264249359,3.60862484807914
775,"constrained_alpha",NA,-2037.60890431503,0.294535667754573,2.30513272402629,1.37739264249359,3.60862484807914
776,"unconstrained","0",-2080.33765408438,0.345132953763106,1.9032363086906,0.961969036045735,3.43268873837344
776,"constrained_alpha",NA,-2087.01322063174,0.334801357705729,1.9032363086906,0.961969036045735,3.43268873837344
777,"unconstrained","0",-2068.12682860514,0.373987169538923,1.84518204123884,0.530480471603331,3.4286971586499
777,"constrained_alpha",NA,-2084.265752731,0.368223923041385,1.84518204123884,0.530480471603331,3.4286971586499
778,"unconstrained","0",-2045.37323869879,0.376695358948518,2.02097948297252,0.585376760086934,7.30713283068425
778,"constrained_alpha",NA,-2048.26643368884,0.372138431217994,2.02097948297252,0.585376760086934,7.30713283068425
779,"unconstrained","0",-2060.53959076927,0.36540452025955,1.92748490499594,0.547109825952862,5.19443162742265
779,"constrained_alpha",NA,-2067.91784901794,0.356899537046864,1.92748490499594,0.547109825952862,5.19443162742265
780,"unconstrained","0",-2070.26295869232,0.378931324575392,1.67065345357187,0.937343591087232,2.77174500437567
780,"constrained_alpha",NA,-2077.17257839618,0.36194218087786,1.67065345357187,0.937343591087232,2.77174500437567
781,"unconstrained","0",-2088.17873343287,0.333395177415456,2.01933510358255,0.926217368617721,4.29475252423151
781,"constrained_alpha",NA,-2097.83873666266,0.328996668517677,2.01933510358255,0.926217368617721,4.29475252423151
782,"unconstrained","0",-2036.79041764114,0.34436961294362,2.26598581462587,0.6866441060472,5.37903860658176
782,"constrained_alpha",NA,-2050.78023366588,0.367706536411565,2.26598581462587,0.6866441060472,5.37903860658176
783,"unconstrained","0",-2019.24344641834,0.306301942244259,2.34291156698196,1.36755553434761,4.51540222935374
783,"constrained_alpha",NA,-2026.39039893937,0.294268476121282,2.34291156698196,1.36755553434761,4.51540222935374
784,"unconstrained","0",-2088.09658897175,0.294718911287702,1.79541738370621,0.972480208123371,3.6056677767958
784,"constrained_alpha",NA,-2092.63760678773,0.290656045030993,1.79541738370621,0.972480208123371,3.6056677767958
785,"unconstrained","0",-2048.07588511632,0.386695825170917,2.77419423978275,1.09285575334297,11.0127574289905
785,"constrained_alpha",NA,-2053.68186778476,0.38385793220536,2.77419423978275,1.09285575334297,11.0127574289905
786,"unconstrained","0",-2023.51445688048,0.36349800833302,1.96413955469855,0.85301793045543,3.06183685762898
786,"constrained_alpha",NA,-2031.36251527296,0.351889457868507,1.96413955469855,0.85301793045543,3.06183685762898
787,"unconstrained","0",-2017.71452743278,0.260371765706015,2.31876680336463,1.06414520004976,4.6364788299957
787,"constrained_alpha",NA,-2023.81307045098,0.265848023215488,2.31876680336463,1.06414520004976,4.6364788299957
788,"unconstrained","0",-2007.65752702694,0.398655304560082,1.92471876419869,0.985008811554919,3.7324163463916
788,"constrained_alpha",NA,-2014.01553076696,0.367624899515496,1.92471876419869,0.985008811554919,3.7324163463916
789,"unconstrained","0",-2077.5435960246,0.31394541203188,2.09603141714181,0.910294698950221,4.05838213042745
789,"constrained_alpha",NA,-2083.19330412838,0.30894341242008,2.09603141714181,0.910294698950221,4.05838213042745
790,"unconstrained","0",-2032.72840665207,0.365255347125833,1.96810482476644,0.780656944389131,4.58536772992078
790,"constrained_alpha",NA,-2046.46600801226,0.333306754400691,1.96810482476644,0.780656944389131,4.58536772992078
791,"unconstrained","0",-2019.36777070771,0.344019951398029,1.97380005987966,0.969865830836048,3.81547881466627
791,"constrained_alpha",NA,-2030.54953387742,0.320543592417615,1.97380005987966,0.969865830836048,3.81547881466627
792,"unconstrained","0",-2034.29434212567,0.394068853588024,1.84855908459519,0.908789869198826,3.24777009875879
792,"constrained_alpha",NA,-2039.98151843674,0.381148259691912,1.84855908459519,0.908789869198826,3.24777009875879
793,"unconstrained","0",-2048.78521764946,0.351633090126717,2.10671194299795,1.07782437160489,4.38073728906507
793,"constrained_alpha",NA,-2057.18126172666,0.356481709714504,2.10671194299795,1.07782437160489,4.38073728906507
794,"unconstrained","0",-2072.81222158654,0.328631617559755,2.27128251022848,0.862129596192596,5.09761360391053
794,"constrained_alpha",NA,-2081.92570775236,0.328456199894438,2.27128251022848,0.862129596192596,5.09761360391053
795,"unconstrained","0",-2056.93489961632,0.390667105801568,1.933582562926,1.15896307554597,3.47495411580411
795,"constrained_alpha",NA,-2059.96676579969,0.38486987542375,1.933582562926,1.15896307554597,3.47495411580411
796,"unconstrained","0",-1991.16563323055,0.435909344231993,2.3046502442228,0.692041174230394,4.26537810082398
796,"constrained_alpha",NA,-1997.55897816841,0.426684976709312,2.3046502442228,0.692041174230394,4.26537810082398
797,"unconstrained","0",-2018.75273269287,0.360310666957744,2.23490309321837,0.841032272165117,4.64915598169599
797,"constrained_alpha",NA,-2027.06846760504,0.337595607201109,2.23490309321837,0.841032272165117,4.64915598169599
798,"unconstrained","0",-2101.59475742425,0.387474017968907,1.66355402722057,0.450683198581819,3.65183872749676
798,"constrained_alpha",NA,-2112.06833932779,0.377973070259819,1.66355402722057,0.450683198581819,3.65183872749676
799,"unconstrained","0",-2021.6861015591,0.363629413002281,1.92886091906694,0.724427658065827,4.87004543763628
799,"constrained_alpha",NA,-2027.33386779495,0.350652511830351,1.92886091906694,0.724427658065827,4.87004543763628
800,"unconstrained","0",-2068.21164141221,0.357562625511982,1.68345683347422,1.0173657996252,2.708430672624
800,"constrained_alpha",NA,-2077.31920827425,0.353003844776302,1.68345683347422,1.0173657996252,2.708430672624
801,"unconstrained","0",-2026.34141822601,0.393193923148982,1.65472235466592,0.629561375512821,2.62227776705775
801,"constrained_alpha",NA,-2030.76275344434,0.3954869956504,1.65472235466592,0.629561375512821,2.62227776705775
802,"unconstrained","0",-2078.0130820599,0.385423570784461,2.04879501484047,0.644592161171111,4.22927783605213
802,"constrained_alpha",NA,-2087.6817971505,0.385359016002496,2.04879501484047,0.644592161171111,4.22927783605213
803,"unconstrained","0",-2041.06122739071,0.367243838420289,2.5691562675569,1.22228072973143,6.57156295034545
803,"constrained_alpha",NA,-2045.66144446078,0.363732289528321,2.5691562675569,1.22228072973143,6.57156295034545
804,"unconstrained","0",-2034.83434766552,0.344814229990458,2.82612225424312,0.942603185710911,7.17349619840713
804,"constrained_alpha",NA,-2043.67352881402,0.361399075686605,2.82612225424312,0.942603185710911,7.17349619840713
805,"unconstrained","0",-2046.49303159686,0.332114190519041,1.91275566492926,0.827137995348735,4.81349728220446
805,"constrained_alpha",NA,-2054.23645073277,0.317240604030279,1.91275566492926,0.827137995348735,4.81349728220446
806,"unconstrained","0",-2076.11233347056,0.372989958748699,2.2347039392046,1.01752115004894,3.44314876582927
806,"constrained_alpha",NA,-2080.45275219033,0.349417233201351,2.2347039392046,1.01752115004894,3.44314876582927
807,"unconstrained","0",-2064.98718511076,0.372855592461079,1.82499393184451,0.587051278547254,4.00818500141353
807,"constrained_alpha",NA,-2074.1113735442,0.373918140084077,1.82499393184451,0.587051278547254,4.00818500141353
808,"unconstrained","0",-2044.27462718256,0.338854489024423,2.04484731747179,0.89919190143921,4.33732255512842
808,"constrained_alpha",NA,-2054.35603085527,0.334007771162011,2.04484731747179,0.89919190143921,4.33732255512842
809,"unconstrained","0",-2024.23323622979,0.286328619784216,3.2852162097261,1.31070653703817,12.3350295895333
809,"constrained_alpha",NA,-2028.2786261503,0.29257106012174,3.2852162097261,1.31070653703817,12.3350295895333
810,"unconstrained","0",-2034.27267836135,0.269695625494783,2.01892155504925,0.862707311087898,3.60949754622537
810,"constrained_alpha",NA,-2038.1600023834,0.276540002733546,2.01892155504925,0.862707311087898,3.60949754622537
811,"unconstrained","0",-2005.2182711176,0.342815472550785,2.38066183999289,0.8497352982494,7.41850345830006
811,"constrained_alpha",NA,-2011.96886318898,0.319258509132645,2.38066183999289,0.8497352982494,7.41850345830006
812,"unconstrained","0",-2069.09045849026,0.375561942156361,2.45388675209955,0.796395262503199,7.02129256085804
812,"constrained_alpha",NA,-2070.5701553899,0.36312364493522,2.45388675209955,0.796395262503199,7.02129256085804
813,"unconstrained","0",-2037.9393603501,0.310047884650536,2.84856344616135,1.13772453727963,9.55177776932679
813,"constrained_alpha",NA,-2045.54101276702,0.285694774269258,2.84856344616135,1.13772453727963,9.55177776932679
814,"unconstrained","0",-2010.080962126,0.323168516328032,2.0552089495991,1.02451342354785,4.06240193710167
814,"constrained_alpha",NA,-2017.06548585971,0.316600660524673,2.0552089495991,1.02451342354785,4.06240193710167
815,"unconstrained","0",-2006.40514180117,0.319541822768943,2.20573648359488,0.965882546411191,4.36637433327743
815,"constrained_alpha",NA,-2007.59906098674,0.321189069052553,2.20573648359488,0.965882546411191,4.36637433327743
816,"unconstrained","0",-2072.78999366902,0.39538433659328,2.7294794566719,0.735532270752501,12.9403397804404
816,"constrained_alpha",NA,-2075.5121285539,0.390288158711868,2.7294794566719,0.735532270752501,12.9403397804404
817,"unconstrained","0",-2074.07289518063,0.371923980705661,1.56424554467276,0.438780832597738,2.18809716792295
817,"constrained_alpha",NA,-2080.29388675461,0.366740331329055,1.56424554467276,0.438780832597738,2.18809716792295
818,"unconstrained","0",-2062.33395928439,0.340829798062264,2.10406733865728,1.07399785780255,6.09873456221893
818,"constrained_alpha",NA,-2067.78144402522,0.344846821462479,2.10406733865728,1.07399785780255,6.09873456221893
819,"unconstrained","0",-2027.49275346427,0.350638329926938,2.22659047093849,0.822718523271848,5.01654653161033
819,"constrained_alpha",NA,-2031.52466065944,0.354384812808844,2.22659047093849,0.822718523271848,5.01654653161033
820,"unconstrained","0",-2082.94411014766,0.331216373173885,2.26305559400434,0.780247258217158,4.67107953815352
820,"constrained_alpha",NA,-2090.18942338125,0.333628268895561,2.26305559400434,0.780247258217158,4.67107953815352
821,"unconstrained","0",-2092.00329222264,0.375041728667894,1.94937203669545,1.10905687379326,3.04313463620954
821,"constrained_alpha",NA,-2096.20851475149,0.373827779272248,1.94937203669545,1.10905687379326,3.04313463620954
822,"unconstrained","0",-2088.46161835634,0.335112229890689,1.71981059528352,0.825538861952248,3.04125766852089
822,"constrained_alpha",NA,-2093.88747497129,0.328304206651679,1.71981059528352,0.825538861952248,3.04125766852089
823,"unconstrained","0",-2018.03097692283,0.383526232337171,2.22397899975124,0.757041062100525,4.72679793996865
823,"constrained_alpha",NA,-2028.83249247408,0.357525680709962,2.22397899975124,0.757041062100525,4.72679793996865
824,"unconstrained","0",-1976.34716684376,0.36692592848668,1.81551246173667,0.433338118929522,3.75511757874619
824,"constrained_alpha",NA,-1990.37644946666,0.377812076979982,1.81551246173667,0.433338118929522,3.75511757874619
825,"unconstrained","0",-2070.57440589962,0.342810869123371,1.65029599563556,1.08472773125992,2.42528832546564
825,"constrained_alpha",NA,-2081.74717953479,0.330386844710721,1.65029599563556,1.08472773125992,2.42528832546564
826,"unconstrained","0",-1994.39457776224,0.369371588287032,2.0647438418244,0.746438053800448,3.21637096905606
826,"constrained_alpha",NA,-2000.99828593474,0.36184466235815,2.0647438418244,0.746438053800448,3.21637096905606
827,"unconstrained","0",-2035.16801931154,0.400067486428078,2.23826821932661,0.908365324880445,6.91215975751745
827,"constrained_alpha",NA,-2037.3171427441,0.402193323966204,2.23826821932661,0.908365324880445,6.91215975751745
828,"unconstrained","0",-2055.72626629695,0.406447213543234,1.6044843563088,0.982100514436412,3.18095035202691
828,"constrained_alpha",NA,-2069.36858577467,0.400071299812341,1.6044843563088,0.982100514436412,3.18095035202691
829,"unconstrained","0",-2033.39422903393,0.37937847905505,1.77737442234656,0.894353279477859,3.88734459134859
829,"constrained_alpha",NA,-2035.39697728127,0.383554326279112,1.77737442234656,0.894353279477859,3.88734459134859
830,"unconstrained","0",-2061.48509679307,0.323126844997811,2.48189646874986,0.885956524078582,8.21807401578713
830,"constrained_alpha",NA,-2066.42753508232,0.3181590969373,2.48189646874986,0.885956524078582,8.21807401578713
831,"unconstrained","0",-2060.12014620678,0.363820674920728,2.21438038785823,1.25374429505879,4.29900458229361
831,"constrained_alpha",NA,-2069.22022236525,0.361692242891435,2.21438038785823,1.25374429505879,4.29900458229361
832,"unconstrained","0",-2081.99739644332,0.414357527672332,1.46565500111307,0.588623934516806,3.42465033511846
832,"constrained_alpha",NA,-2086.96618825224,0.423132770795402,1.46565500111307,0.588623934516806,3.42465033511846
833,"unconstrained","0",-2091.70268945932,0.425662374598081,1.78707798759333,0.814373099772519,4.66863072244533
833,"constrained_alpha",NA,-2099.37823935703,0.426399875202395,1.78707798759333,0.814373099772519,4.66863072244533
834,"unconstrained","0",-2058.81009218979,0.368843485675611,1.83611089430817,0.979827449490088,2.86424601891847
834,"constrained_alpha",NA,-2071.42446783331,0.352012911955846,1.83611089430817,0.979827449490088,2.86424601891847
835,"unconstrained","0",-2046.71922187853,0.322687309918219,1.724703580658,0.905600469783968,4.01503381124136
835,"constrained_alpha",NA,-2059.09096117635,0.306250336746973,1.724703580658,0.905600469783968,4.01503381124136
836,"unconstrained","0",-2064.67195823741,0.301077463130291,2.28139757455256,0.898230211619747,6.35684454356497
836,"constrained_alpha",NA,-2075.65701972758,0.299586609805355,2.28139757455256,0.898230211619747,6.35684454356497
837,"unconstrained","0",-2003.42522117662,0.312267218773487,2.31988570790274,1.12385800801525,4.59697595498236
837,"constrained_alpha",NA,-2016.96883174296,0.30972638241233,2.31988570790274,1.12385800801525,4.59697595498236
838,"unconstrained","0",-2063.35066377728,0.295844102955596,1.9706652161832,0.908523712882489,2.81914778939153
838,"constrained_alpha",NA,-2072.16389953857,0.304563605753843,1.9706652161832,0.908523712882489,2.81914778939153
839,"unconstrained","0",-2050.42627440873,0.372783518835903,1.74334991153283,0.944542334672693,3.13768710471064
839,"constrained_alpha",NA,-2058.10537785353,0.351566355600211,1.74334991153283,0.944542334672693,3.13768710471064
840,"unconstrained","0",-2054.13501291441,0.341585597916914,2.15085997397234,0.784803817964282,3.57634946712104
840,"constrained_alpha",NA,-2061.40683900354,0.352179512737712,2.15085997397234,0.784803817964282,3.57634946712104
841,"unconstrained","0",-2075.5363743576,0.321951737376802,2.06021972824189,1.0660530266613,3.42245951554564
841,"constrained_alpha",NA,-2083.56535552884,0.323428075119589,2.06021972824189,1.0660530266613,3.42245951554564
842,"unconstrained","0",-2054.03579423358,0.358869643996823,2.40144167096214,0.64772673701394,5.62540652974268
842,"constrained_alpha",NA,-2063.20074543362,0.328545019514262,2.40144167096214,0.64772673701394,5.62540652974268
843,"unconstrained","0",-2054.97782508252,0.382467228087082,1.6147725069699,0.767280219825553,2.84512799195167
843,"constrained_alpha",NA,-2058.21517718395,0.393744440572136,1.6147725069699,0.767280219825553,2.84512799195167
844,"unconstrained","0",-2049.53999470129,0.347014158158522,2.35303535878584,0.605934499360958,7.47836373540924
844,"constrained_alpha",NA,-2062.29289892942,0.332002631595366,2.35303535878584,0.605934499360958,7.47836373540924
845,"unconstrained","0",-2030.9903053205,0.318222418336665,2.24660193644099,0.918145683036631,3.20997068969386
845,"constrained_alpha",NA,-2035.70232660868,0.328422948972846,2.24660193644099,0.918145683036631,3.20997068969386
846,"unconstrained","0",-2018.26809315802,0.373861215671837,1.81177983492133,0.93965557143673,2.80447590031303
846,"constrained_alpha",NA,-2022.98401465622,0.375465598810518,1.81177983492133,0.93965557143673,2.80447590031303
847,"unconstrained","0",-2034.98529761,0.39124536990235,2.32926334428135,0.865074074671635,5.25507852657515
847,"constrained_alpha",NA,-2040.88531726725,0.377020389207836,2.32926334428135,0.865074074671635,5.25507852657515
848,"unconstrained","0",-2066.38871571256,0.351300885757211,5.69742350055021,0.827603801353535,50
848,"constrained_alpha",NA,-2068.76816614584,0.357746334690967,5.69742350055021,0.827603801353535,50
849,"unconstrained","0",-2043.70462023981,0.372720193536064,2.10899862049467,1.27105202372043,4.55760319589495
849,"constrained_alpha",NA,-2050.72692729277,0.360307174145954,2.10899862049467,1.27105202372043,4.55760319589495
850,"unconstrained","0",-2025.52341641274,0.372315475745514,2.77965599318512,0.833337486893794,4.47415855089764
850,"constrained_alpha",NA,-2035.94129677883,0.336767671509562,2.77965599318512,0.833337486893794,4.47415855089764
851,"unconstrained","0",-2092.15666115715,0.365868825357552,1.94395803881945,0.885614253432961,2.82409266982335
851,"constrained_alpha",NA,-2095.44660258499,0.370080020006308,1.94395803881945,0.885614253432961,2.82409266982335
852,"unconstrained","0",-2038.50804214017,0.310772293338529,2.08139968143239,0.807488190993101,3.39848478969984
852,"constrained_alpha",NA,-2046.44684964151,0.317869205280112,2.08139968143239,0.807488190993101,3.39848478969984
853,"unconstrained","0",-2003.19311222101,0.348136722919382,1.99892888553181,1.06855155819395,4.05878311094432
853,"constrained_alpha",NA,-2004.89449724061,0.351904982089586,1.99892888553181,1.06855155819395,4.05878311094432
854,"unconstrained","0",-2055.60361317997,0.291127729911858,2.42117466737751,1.45386927434242,3.527074470008
854,"constrained_alpha",NA,-2061.79314832021,0.309043434657356,2.42117466737751,1.45386927434242,3.527074470008
855,"unconstrained","0",-2080.68449205128,0.36514011231746,1.93204895580888,0.982296131618835,3.13799889488935
855,"constrained_alpha",NA,-2086.04979047758,0.361137470213622,1.93204895580888,0.982296131618835,3.13799889488935
856,"unconstrained","0",-2068.63940214954,0.310624470505248,2.35142338407388,1.09482051401023,4.69321788739678
856,"constrained_alpha",NA,-2078.13832445158,0.312064467152978,2.35142338407388,1.09482051401023,4.69321788739678
857,"unconstrained","0",-2076.89683442737,0.368069849220791,1.90075579271657,0.903648165621368,3.87952499369586
857,"constrained_alpha",NA,-2084.85503630023,0.350168030722974,1.90075579271657,0.903648165621368,3.87952499369586
858,"unconstrained","0",-1988.0334382325,0.428481820138565,6.83764401907333,1.04091766364241,50
858,"constrained_alpha",NA,-2000.55039960821,0.428929479390155,6.83764401907333,1.04091766364241,50
859,"unconstrained","0",-2015.05012457848,0.316867847810187,2.56985417358074,1.07210453841964,5.11851464071935
859,"constrained_alpha",NA,-2020.92595399091,0.298885792861832,2.56985417358074,1.07210453841964,5.11851464071935
860,"unconstrained","0",-2042.76008396838,0.346825921780634,2.21901269285442,0.560338274931347,4.04501750437382
860,"constrained_alpha",NA,-2052.16325892727,0.3730990592522,2.21901269285442,0.560338274931347,4.04501750437382
861,"unconstrained","0",-2040.60140774926,0.367489660160098,1.90480812114155,0.677690517235243,3.7024810267441
861,"constrained_alpha",NA,-2051.95561931577,0.35325195975811,1.90480812114155,0.677690517235243,3.7024810267441
862,"unconstrained","0",-2020.77158733702,0.421664339524148,1.90216279149509,0.241378528635681,3.24587855305977
862,"constrained_alpha",NA,-2024.70890104581,0.428130819369035,1.90216279149509,0.241378528635681,3.24587855305977
863,"unconstrained","0",-2077.92546288561,0.346941939335251,2.13242820309676,1.24842562951693,3.92815324765225
863,"constrained_alpha",NA,-2082.91099905805,0.334498207974202,2.13242820309676,1.24842562951693,3.92815324765225
864,"unconstrained","0",-1997.93279800036,0.367255953058895,2.37486053558966,1.00285992341674,4.10788794242966
864,"constrained_alpha",NA,-2009.2961501783,0.353305862802924,2.37486053558966,1.00285992341674,4.10788794242966
865,"unconstrained","0",-2030.22964956768,0.372605983307284,2.01216013618093,0.922511472742324,3.81358118655525
865,"constrained_alpha",NA,-2038.60348349329,0.363766548582285,2.01216013618093,0.922511472742324,3.81358118655525
866,"unconstrained","0",-2007.92317183157,0.377340218787973,5.5584365566119,0.828893471261843,50
866,"constrained_alpha",NA,-2018.15759240501,0.377280832855313,5.5584365566119,0.828893471261843,50
867,"unconstrained","0",-2035.27641070934,0.401304760511827,1.98848544547564,0.733845016384814,4.07075363413641
867,"constrained_alpha",NA,-2039.92396134869,0.384674972305527,1.98848544547564,0.733845016384814,4.07075363413641
868,"unconstrained","0",-2083.77077156302,0.366739790115221,1.72193295760691,0.871034085362457,2.95488487993503
868,"constrained_alpha",NA,-2096.01830903835,0.357776530304028,1.72193295760691,0.871034085362457,2.95488487993503
869,"unconstrained","0",-2049.41728819924,0.340627396556,1.7917734829965,0.750969563751228,3.8324523533657
869,"constrained_alpha",NA,-2056.81638677111,0.343271399318424,1.7917734829965,0.750969563751228,3.8324523533657
870,"unconstrained","0",-2031.5226198647,0.395873112861496,1.51922558447116,0.998592425678405,2.52684443177724
870,"constrained_alpha",NA,-2035.27732423841,0.39832875203921,1.51922558447116,0.998592425678405,2.52684443177724
871,"unconstrained","0",-2019.19475985788,0.3589451240006,2.10569036115887,1.4633438581057,3.99857965217289
871,"constrained_alpha",NA,-2027.27098911991,0.347929479366945,2.10569036115887,1.4633438581057,3.99857965217289
872,"unconstrained","0",-2023.06637219204,0.299559390211414,1.93255206694167,0.897468860674892,3.05622224378628
872,"constrained_alpha",NA,-2030.62139201921,0.296388657593185,1.93255206694167,0.897468860674892,3.05622224378628
873,"unconstrained","0",-2063.57784911999,0.400944105516636,1.50550452921467,0.676126868768267,2.35425399408625
873,"constrained_alpha",NA,-2065.85868734208,0.393561368161576,1.50550452921467,0.676126868768267,2.35425399408625
874,"unconstrained","0",-2081.81593328925,0.355287280061955,2.19271262445568,1.00433439361537,5.3861214312608
874,"constrained_alpha",NA,-2098.57122960564,0.338442762717424,2.19271262445568,1.00433439361537,5.3861214312608
875,"unconstrained","0",-2022.80051523377,0.304948960104542,2.32634768540331,0.713766082417922,4.17647556985958
875,"constrained_alpha",NA,-2033.69506537411,0.321274300639914,2.32634768540331,0.713766082417922,4.17647556985958
876,"unconstrained","0",-2053.17899407819,0.356316289460637,1.87100974951859,1.02168001005687,3.96930922537687
876,"constrained_alpha",NA,-2058.14713943592,0.349276107321496,1.87100974951859,1.02168001005687,3.96930922537687
877,"unconstrained","0",-2028.28079900837,0.345346748855858,2.24539038445422,0.678965007074355,7.00020176040942
877,"constrained_alpha",NA,-2039.6111901869,0.351270732767622,2.24539038445422,0.678965007074355,7.00020176040942
878,"unconstrained","0",-2056.74767874897,0.326720237111007,1.57287294067934,0.903399360193258,3.04752074203785
878,"constrained_alpha",NA,-2060.06466995006,0.328649283754844,1.57287294067934,0.903399360193258,3.04752074203785
879,"unconstrained","0",-2030.41797044256,0.335630421519802,2.94693851824782,1.18232409106596,10.6952644519642
879,"constrained_alpha",NA,-2035.25903949349,0.336859163780227,2.94693851824782,1.18232409106596,10.6952644519642
880,"unconstrained","0",-2094.18454007162,0.318720424122075,2.23250130218458,1.27917117619025,4.24758440290269
880,"constrained_alpha",NA,-2098.21615304626,0.325454169035394,2.23250130218458,1.27917117619025,4.24758440290269
881,"unconstrained","0",-2056.45910873217,0.348127983230058,1.8405623955325,0.866111697630898,3.7385243639734
881,"constrained_alpha",NA,-2064.62583068488,0.368255817095175,1.8405623955325,0.866111697630898,3.7385243639734
882,"unconstrained","0",-2040.87077988727,0.372615536502687,1.87436902919714,0.771486988647026,3.49884486045842
882,"constrained_alpha",NA,-2049.43187228788,0.352295874133361,1.87436902919714,0.771486988647026,3.49884486045842
883,"unconstrained","0",-2073.97360738275,0.378101989702223,1.79235661086607,0.567116195209615,5.70522407539613
883,"constrained_alpha",NA,-2089.84547568217,0.370246591376968,1.79235661086607,0.567116195209615,5.70522407539613
884,"unconstrained","0",-2040.2281653513,0.360451605723269,1.74696800769731,0.606934612274465,2.63700964147923
884,"constrained_alpha",NA,-2046.13756294308,0.362430191277543,1.74696800769731,0.606934612274465,2.63700964147923
885,"unconstrained","0",-2026.04808419287,0.326090910554518,2.23818931789367,1.24683875913111,6.18127723759749
885,"constrained_alpha",NA,-2031.78543774224,0.319421532634356,2.23818931789367,1.24683875913111,6.18127723759749
886,"unconstrained","0",-2071.43657625654,0.331229357813931,1.96234992873086,1.1488325198542,3.6539756197374
886,"constrained_alpha",NA,-2075.82195585938,0.321027180776922,1.96234992873086,1.1488325198542,3.6539756197374
887,"unconstrained","0",-2017.36216479547,0.405095246355901,1.69833374073007,0.901188471141963,2.87553988910703
887,"constrained_alpha",NA,-2025.5221892016,0.398252074062189,1.69833374073007,0.901188471141963,2.87553988910703
888,"unconstrained","0",-2033.80775938462,0.363613274674539,2.59511503107261,1.01584459837712,9.56907945511682
888,"constrained_alpha",NA,-2037.58276319545,0.361311638103494,2.59511503107261,1.01584459837712,9.56907945511682
889,"unconstrained","0",-2047.90977254199,0.367852295741634,1.84079018549156,0.787318983125056,3.4723766561006
889,"constrained_alpha",NA,-2057.90785377661,0.374525184440799,1.84079018549156,0.787318983125056,3.4723766561006
890,"unconstrained","0",-2016.95048544781,0.316749656135323,2.3501743768994,0.772926346881247,5.63661129948415
890,"constrained_alpha",NA,-2021.73160157348,0.320764528990811,2.3501743768994,0.772926346881247,5.63661129948415
891,"unconstrained","0",-2016.28672106581,0.391579257379101,2.11309165198747,1.10740612551907,4.58315779411996
891,"constrained_alpha",NA,-2024.13983357037,0.387092172167461,2.11309165198747,1.10740612551907,4.58315779411996
892,"unconstrained","0",-2021.40176237744,0.369265806486661,2.26502668482948,1.48281299510328,3.53088734338731
892,"constrained_alpha",NA,-2045.75449279236,0.356569495871754,2.26502668482948,1.48281299510328,3.53088734338731
893,"unconstrained","0",-2029.39227943429,0.356471036990809,2.00663771433386,0.715968971679,3.47178948102564
893,"constrained_alpha",NA,-2040.46082651372,0.342682726580095,2.00663771433386,0.715968971679,3.47178948102564
894,"unconstrained","0",-2021.11238267458,0.295388881835819,1.88457746075618,1.10958413520486,3.02298970128206
894,"constrained_alpha",NA,-2025.62497485404,0.306693658484595,1.88457746075618,1.10958413520486,3.02298970128206
895,"unconstrained","0",-2008.1627047291,0.308352709798009,2.41629132948745,1.02001032890629,4.74336819831945
895,"constrained_alpha",NA,-2012.33915342924,0.306577082114933,2.41629132948745,1.02001032890629,4.74336819831945
896,"unconstrained","0",-2067.26176957062,0.335195017268088,2.14376368056458,1.43761654438672,3.5237258628588
896,"constrained_alpha",NA,-2070.79878742733,0.337622469444731,2.14376368056458,1.43761654438672,3.5237258628588
897,"unconstrained","0",-2053.2136561772,0.370624110049791,1.58398027618239,0.823067637886809,2.96082425951708
897,"constrained_alpha",NA,-2055.43651599272,0.364311979625935,1.58398027618239,0.823067637886809,2.96082425951708
898,"unconstrained","0",-1999.84326450489,0.358180355133801,4.26469832886947,0.775101914118922,29.4680049465068
898,"constrained_alpha",NA,-2014.76509807884,0.360241192138011,4.26469832886947,0.775101914118922,29.4680049465068
899,"unconstrained","0",-2058.95146138843,0.346444607019458,1.98912744761719,1.028646008719,3.98660340555825
899,"constrained_alpha",NA,-2071.10869960857,0.34826638329541,1.98912744761719,1.028646008719,3.98660340555825
900,"unconstrained","0",-2051.69053828302,0.336337039023175,2.01905475557867,1.04502821727344,4.06432331307879
900,"constrained_alpha",NA,-2055.58367976376,0.330669529195064,2.01905475557867,1.04502821727344,4.06432331307879
901,"unconstrained","0",-2047.78610046995,0.359892797699225,2.00663388919014,0.84574800542541,3.81607302625546
901,"constrained_alpha",NA,-2056.4470404045,0.370296929708972,2.00663388919014,0.84574800542541,3.81607302625546
902,"unconstrained","0",-2043.85794191509,0.352119644179361,2.55775734490169,0.99854462229327,4.77972868957925
902,"constrained_alpha",NA,-2056.33035317916,0.352803580797441,2.55775734490169,0.99854462229327,4.77972868957925
903,"unconstrained","0",-2041.11399489469,0.313215193576795,1.65637371538685,0.854500788485449,3.17532372319994
903,"constrained_alpha",NA,-2049.77495439878,0.324489184175305,1.65637371538685,0.854500788485449,3.17532372319994
904,"unconstrained","0",-2038.6585468664,0.31349319491154,2.05783264606069,0.872535937416034,3.69092894809695
904,"constrained_alpha",NA,-2042.87951452718,0.310233412420323,2.05783264606069,0.872535937416034,3.69092894809695
905,"unconstrained","0",-2068.14362361049,0.369480624536894,2.15602500784975,0.918098726699352,4.81445490048751
905,"constrained_alpha",NA,-2073.97156206208,0.389045051553448,2.15602500784975,0.918098726699352,4.81445490048751
906,"unconstrained","0",-2080.21388505461,0.381987353102768,1.66736799236633,0.375256418014186,3.12968734215405
906,"constrained_alpha",NA,-2096.71056521266,0.38477583340588,1.66736799236633,0.375256418014186,3.12968734215405
907,"unconstrained","0",-2048.99406671896,0.347028926909066,2.41430856264804,1.23484655654688,6.07296946971749
907,"constrained_alpha",NA,-2060.74494367531,0.343196793364757,2.41430856264804,1.23484655654688,6.07296946971749
908,"unconstrained","0",-2031.95809637876,0.340591468356047,2.7008806411342,1.33235828306903,6.64291889859936
908,"constrained_alpha",NA,-2038.54232080842,0.342635042448555,2.7008806411342,1.33235828306903,6.64291889859936
909,"unconstrained","0",-2087.84731660933,0.357312260620503,2.09208445830108,0.898143505237351,4.70930343567587
909,"constrained_alpha",NA,-2099.67911726225,0.342568233745975,2.09208445830108,0.898143505237351,4.70930343567587
910,"unconstrained","0",-2017.28974699114,0.36820232453159,2.68607270338236,0.943452466200964,7.53591358195029
910,"constrained_alpha",NA,-2026.77339917722,0.348000842422481,2.68607270338236,0.943452466200964,7.53591358195029
911,"unconstrained","0",-2007.0008647381,0.367779685744116,1.72190008197704,0.693829722515735,2.73250000007242
911,"constrained_alpha",NA,-2015.79656096402,0.363760116616399,1.72190008197704,0.693829722515735,2.73250000007242
912,"unconstrained","0",-2058.15477335908,0.357793289411135,1.97916861093448,0.66393805693685,3.21217928578755
912,"constrained_alpha",NA,-2064.68465888201,0.362461428669934,1.97916861093448,0.66393805693685,3.21217928578755
913,"unconstrained","0",-2052.37180355,0.333993551807732,1.95728958006279,0.521718104504,3.67344033890672
913,"constrained_alpha",NA,-2059.79553161848,0.332543083764419,1.95728958006279,0.521718104504,3.67344033890672
914,"unconstrained","0",-2022.7860856924,0.357336227563792,2.59219154534051,0.714318775853967,11.3465250101926
914,"constrained_alpha",NA,-2028.75599057553,0.37062142612023,2.59219154534051,0.714318775853967,11.3465250101926
915,"unconstrained","0",-2078.48738305021,0.351682505532553,1.8059079418523,1.01188965076125,2.87003808222759
915,"constrained_alpha",NA,-2084.58322693523,0.336629841392566,1.8059079418523,1.01188965076125,2.87003808222759
916,"unconstrained","0",-1998.76295465834,0.309388664189961,2.49214831830645,0.904302498819007,6.01664723216713
916,"constrained_alpha",NA,-2016.35630276689,0.319623725385301,2.49214831830645,0.904302498819007,6.01664723216713
917,"unconstrained","0",-2072.10622543247,0.310247929229119,2.45890556785715,1.04648969948741,6.38284353705397
917,"constrained_alpha",NA,-2074.22721199976,0.305973633054033,2.45890556785715,1.04648969948741,6.38284353705397
918,"unconstrained","0",-2027.00709487522,0.353739558898727,1.9237580509805,1.1273280686378,4.07190184263486
918,"constrained_alpha",NA,-2033.34308027842,0.359285308511252,1.9237580509805,1.1273280686378,4.07190184263486
919,"unconstrained","0",-2059.21835637344,0.371492391197167,1.90020443467829,0.622271128869864,4.45058492117729
919,"constrained_alpha",NA,-2074.15706555906,0.374404694095584,1.90020443467829,0.622271128869864,4.45058492117729
920,"unconstrained","0",-2017.29141337656,0.356874777258801,3.01877749328696,0.974852613177794,7.48920999666257
920,"constrained_alpha",NA,-2026.13079644844,0.354043328252286,3.01877749328696,0.974852613177794,7.48920999666257
921,"unconstrained","0",-2013.3547696898,0.326577278804073,2.21385219540458,0.83818814654793,4.53793416426256
921,"constrained_alpha",NA,-2021.41026616857,0.333858496664436,2.21385219540458,0.83818814654793,4.53793416426256
922,"unconstrained","0",-2035.77731609753,0.291056042874743,2.53781528008022,0.815508323149809,8.31964023224634
922,"constrained_alpha",NA,-2046.05957434942,0.291158326322178,2.53781528008022,0.815508323149809,8.31964023224634
923,"unconstrained","0",-2047.12201463973,0.29938046193464,1.95126105233163,0.895396209013594,3.18110505061775
923,"constrained_alpha",NA,-2053.92133467582,0.299155540746351,1.95126105233163,0.895396209013594,3.18110505061775
924,"unconstrained","0",-2040.98567285077,0.362159479970537,2.00947110487697,0.615714122809738,4.27027497212946
924,"constrained_alpha",NA,-2050.43300914358,0.345028285374381,2.00947110487697,0.615714122809738,4.27027497212946
925,"unconstrained","0",-2078.74838485445,0.385506162148635,2.18473941933165,0.967873145411725,3.72631960887975
925,"constrained_alpha",NA,-2086.66225526105,0.385238054317929,2.18473941933165,0.967873145411725,3.72631960887975
926,"unconstrained","0",-2008.74766178312,0.389325389216197,1.68090089420081,0.865434124837944,2.77424844985551
926,"constrained_alpha",NA,-2013.9260219528,0.371277610461693,1.68090089420081,0.865434124837944,2.77424844985551
927,"unconstrained","0",-2034.58677461099,0.345463355757569,1.79713335627819,0.983159990331243,3.4053816141365
927,"constrained_alpha",NA,-2040.7551784073,0.335267472284978,1.79713335627819,0.983159990331243,3.4053816141365
928,"unconstrained","0",-2060.67115848263,0.367791578306241,1.81162692201412,0.719729932950017,3.19735788574862
928,"constrained_alpha",NA,-2062.961239976,0.367077430364112,1.81162692201412,0.719729932950017,3.19735788574862
929,"unconstrained","0",-2005.50908653128,0.385048608509929,3.56043423433027,1.78538180598151,11.6714227113692
929,"constrained_alpha",NA,-2019.49269090635,0.371063596753332,3.56043423433027,1.78538180598151,11.6714227113692
930,"unconstrained","0",-2029.24870740512,0.341316477948285,2.19715314435778,0.745760067135403,4.15781261972102
930,"constrained_alpha",NA,-2038.68103192614,0.350629241627902,2.19715314435778,0.745760067135403,4.15781261972102
931,"unconstrained","0",-2008.61698215151,0.353209782146197,2.39511419004694,1.03886499708902,4.4386968612848
931,"constrained_alpha",NA,-2011.67462347362,0.354925153454624,2.39511419004694,1.03886499708902,4.4386968612848
932,"unconstrained","0",-2030.4900226133,0.318628003388501,1.87704679652682,0.612689193815632,3.34071722545533
932,"constrained_alpha",NA,-2043.47678826791,0.323628629823152,1.87704679652682,0.612689193815632,3.34071722545533
933,"unconstrained","0",-2065.93996889314,0.37835680008897,1.68967763693459,1.01538132008211,3.02271804552568
933,"constrained_alpha",NA,-2073.54849570596,0.358853167284615,1.68967763693459,1.01538132008211,3.02271804552568
934,"unconstrained","0",-2015.80676282264,0.320340012173603,2.18064020564368,1.26683241013519,4.50122780553628
934,"constrained_alpha",NA,-2020.82404107582,0.319567110284159,2.18064020564368,1.26683241013519,4.50122780553628
935,"unconstrained","0",-2055.74136598611,0.362755118160308,1.74953576788398,0.531147080926198,3.59758146795533
935,"constrained_alpha",NA,-2061.05501692305,0.379328018167231,1.74953576788398,0.531147080926198,3.59758146795533
936,"unconstrained","0",-2052.45561055694,0.328310011980581,1.87344784901366,1.12590541557329,2.80409985430589
936,"constrained_alpha",NA,-2056.75067729276,0.331810065936954,1.87344784901366,1.12590541557329,2.80409985430589
937,"unconstrained","0",-2066.53280239391,0.283329053281683,1.84002004291391,1.01256326448164,2.9282180518784
937,"constrained_alpha",NA,-2071.87029970539,0.282857989743145,1.84002004291391,1.01256326448164,2.9282180518784
938,"unconstrained","0",-2057.24331135524,0.336439541658887,1.8814372005213,0.984069723249576,3.82474342753194
938,"constrained_alpha",NA,-2065.05895177446,0.337935358488165,1.8814372005213,0.984069723249576,3.82474342753194
939,"unconstrained","0",-2017.39562392049,0.373753575919284,2.03403931076937,0.680924444221483,4.90528125462499
939,"constrained_alpha",NA,-2024.92654237306,0.387312751134719,2.03403931076937,0.680924444221483,4.90528125462499
940,"unconstrained","0",-2031.56136948021,0.279341996413541,2.45054118610059,1.03891171748201,9.60938099486895
940,"constrained_alpha",NA,-2039.85603963291,0.275991126673745,2.45054118610059,1.03891171748201,9.60938099486895
941,"unconstrained","0",-2018.65232990643,0.318826623483691,2.28283455816773,0.916134116411608,6.68683041271392
941,"constrained_alpha",NA,-2022.05583616295,0.31177115049081,2.28283455816773,0.916134116411608,6.68683041271392
942,"unconstrained","0",-2054.37638823075,0.386963455576312,2.08829444651333,0.875514565087864,4.80658766078429
942,"constrained_alpha",NA,-2063.71740840429,0.386575726896628,2.08829444651333,0.875514565087864,4.80658766078429
943,"unconstrained","0",-2019.54097693014,0.374934173967539,2.30737479098969,1.00308481926966,6.93962732589303
943,"constrained_alpha",NA,-2027.33178181579,0.375481150364756,2.30737479098969,1.00308481926966,6.93962732589303
944,"unconstrained","0",-2066.57786655738,0.36379365067548,2.26159173955373,0.817217752133523,8.20103905379654
944,"constrained_alpha",NA,-2075.75975379215,0.386181681214399,2.26159173955373,0.817217752133523,8.20103905379654
945,"unconstrained","0",-2032.99306738192,0.346880637997093,2.01912828689865,0.927155348586855,3.49170524178213
945,"constrained_alpha",NA,-2044.04187280442,0.329662772758866,2.01912828689865,0.927155348586855,3.49170524178213
946,"unconstrained","0",-2048.26061448538,0.381610919166887,2.16976175249937,0.813768066349996,5.04318182438413
946,"constrained_alpha",NA,-2057.22877036143,0.370469870471873,2.16976175249937,0.813768066349996,5.04318182438413
947,"unconstrained","0",-2035.60239732963,0.415743796623353,1.68647972898967,0.868086142503939,4.2046512018771
947,"constrained_alpha",NA,-2042.60904739615,0.419499100618037,1.68647972898967,0.868086142503939,4.2046512018771
948,"unconstrained","0",-2056.615950255,0.379131704742671,2.31674999242814,0.530865945307839,5.55838626554531
948,"constrained_alpha",NA,-2066.41975561909,0.357910197216235,2.31674999242814,0.530865945307839,5.55838626554531
949,"unconstrained","0",-2026.66067490582,0.335357715346958,1.98303795298011,1.11636317105158,3.16608854600242
949,"constrained_alpha",NA,-2032.98509597222,0.355492409507596,1.98303795298011,1.11636317105158,3.16608854600242
950,"unconstrained","0",-2001.02538377594,0.377883366558492,2.31621838671686,1.25229127157338,3.25011983479499
950,"constrained_alpha",NA,-2006.58704853606,0.380359388846599,2.31621838671686,1.25229127157338,3.25011983479499
951,"unconstrained","0",-1996.73603350035,0.372678603254101,1.90638054950989,0.844935404420555,3.92390083528711
951,"constrained_alpha",NA,-2005.27340382461,0.371036445004061,1.90638054950989,0.844935404420555,3.92390083528711
952,"unconstrained","0",-2040.93971161683,0.367946394429974,1.75529410878816,0.928138108506255,4.10865046106686
952,"constrained_alpha",NA,-2050.7621307757,0.367451950837908,1.75529410878816,0.928138108506255,4.10865046106686
953,"unconstrained","0",-1994.28808372862,0.351994487685914,4.33116684997366,0.952821100177791,29.4625757001974
953,"constrained_alpha",NA,-2002.4447196616,0.35656983590094,4.33116684997366,0.952821100177791,29.4625757001974
954,"unconstrained","0",-2023.03807559589,0.345702415049821,2.22221846131942,0.945479831643204,4.67169560944541
954,"constrained_alpha",NA,-2028.89231536544,0.340095029503216,2.22221846131942,0.945479831643204,4.67169560944541
955,"unconstrained","0",-2039.44600933634,0.271922392202008,2.54307954598764,0.89785786274276,4.99901855506431
955,"constrained_alpha",NA,-2049.31529597362,0.281823976799958,2.54307954598764,0.89785786274276,4.99901855506431
956,"unconstrained","0",-2067.15625718802,0.355382573948418,1.8435846737436,1.04571003167735,3.17970183288869
956,"constrained_alpha",NA,-2072.73627967251,0.360922441833929,1.8435846737436,1.04571003167735,3.17970183288869
957,"unconstrained","0",-2061.8363257925,0.394920770645935,2.67408585626382,0.888573651428672,5.87402124515445
957,"constrained_alpha",NA,-2070.35441198857,0.384910556603921,2.67408585626382,0.888573651428672,5.87402124515445
958,"unconstrained","0",-2028.49171501133,0.366436001274963,2.08973460836926,0.817665796105739,4.48289476503764
958,"constrained_alpha",NA,-2037.81547085467,0.366614414677522,2.08973460836926,0.817665796105739,4.48289476503764
959,"unconstrained","0",-2062.37535226181,0.319316559567501,2.17496387455832,0.932390772168961,3.69919526544444
959,"constrained_alpha",NA,-2070.20180404427,0.302671940244019,2.17496387455832,0.932390772168961,3.69919526544444
960,"unconstrained","0",-2011.16501878195,0.319320840368205,2.07110648277105,0.968249430735975,3.47205029264591
960,"constrained_alpha",NA,-2017.38625990985,0.305638816384244,2.07110648277105,0.968249430735975,3.47205029264591
961,"unconstrained","0",-2044.12791176613,0.360516766421868,2.02313721883283,1.25431802116141,3.09857179266313
961,"constrained_alpha",NA,-2053.34993923022,0.365820050303224,2.02313721883283,1.25431802116141,3.09857179266313
962,"unconstrained","0",-2056.91672289284,0.355729236401398,2.01422629135753,0.812529059895101,3.90457412209253
962,"constrained_alpha",NA,-2063.16473485305,0.346600673228447,2.01422629135753,0.812529059895101,3.90457412209253
963,"unconstrained","0",-1997.34833060332,0.347749309978383,2.26512798865349,0.994203203261447,4.2546272058568
963,"constrained_alpha",NA,-2002.87812901962,0.347820453407754,2.26512798865349,0.994203203261447,4.2546272058568
964,"unconstrained","0",-2036.18885002878,0.350577706405657,1.97393356312149,0.568999434880618,3.7198454330191
964,"constrained_alpha",NA,-2046.77252975684,0.331015397315739,1.97393356312149,0.568999434880618,3.7198454330191
965,"unconstrained","0",-2054.64109409426,0.343719734256608,3.44467406240777,1.10758468020225,22.1243653818433
965,"constrained_alpha",NA,-2063.65600343663,0.34681211721241,3.44467406240777,1.10758468020225,22.1243653818433
966,"unconstrained","0",-2031.97412246757,0.345013630774061,4.06890927537232,1.13296067980306,27.8044312872271
966,"constrained_alpha",NA,-2042.10754361594,0.350317082638959,4.06890927537232,1.13296067980306,27.8044312872271
967,"unconstrained","0",-2020.59699244631,0.363108607486529,2.3056199320116,0.832328259665052,9.20460207922821
967,"constrained_alpha",NA,-2028.97196642205,0.361952960254059,2.3056199320116,0.832328259665052,9.20460207922821
968,"unconstrained","0",-2044.85105196477,0.307105329898031,2.18129960089564,1.21952410461012,4.15196419952714
968,"constrained_alpha",NA,-2050.08342797754,0.307585461169383,2.18129960089564,1.21952410461012,4.15196419952714
969,"unconstrained","0",-2016.45012636809,0.35627262063583,1.96447895176428,0.786603674075623,3.51667687022635
969,"constrained_alpha",NA,-2022.45132517006,0.366270166212403,1.96447895176428,0.786603674075623,3.51667687022635
970,"unconstrained","0",-2011.2499716928,0.361524611649381,2.43275170718317,0.879881275980334,4.98729537579007
970,"constrained_alpha",NA,-2021.895313277,0.358457201902914,2.43275170718317,0.879881275980334,4.98729537579007
971,"unconstrained","0",-2073.73683370302,0.336834110285673,2.01034412784521,1.40076709810967,2.85861333843285
971,"constrained_alpha",NA,-2075.93169117984,0.336849830054189,2.01034412784521,1.40076709810967,2.85861333843285
972,"unconstrained","0",-2027.98889528252,0.396085078209559,1.75450617655756,0.83671979659377,3.26926544286512
972,"constrained_alpha",NA,-2038.08403592476,0.384663283256532,1.75450617655756,0.83671979659377,3.26926544286512
973,"unconstrained","0",-2082.859443285,0.354083998010591,1.47243276411692,0.570220167201718,2.64166261256533
973,"constrained_alpha",NA,-2087.76769834924,0.351724748655368,1.47243276411692,0.570220167201718,2.64166261256533
974,"unconstrained","0",-2022.70241309286,0.346994281901784,2.50311683880912,0.635587896435157,8.83021433381391
974,"constrained_alpha",NA,-2036.22327350125,0.367002308818699,2.50311683880912,0.635587896435157,8.83021433381391
975,"unconstrained","0",-2058.2294527489,0.383437527568698,4.10227826630139,1.03219777276429,21.6887572375991
975,"constrained_alpha",NA,-2066.31406014459,0.394008732701958,4.10227826630139,1.03219777276429,21.6887572375991
976,"unconstrained","0",-2049.50714044288,0.401315283045361,2.32277951145267,1.41549759516556,4.79401809197999
976,"constrained_alpha",NA,-2060.81685930073,0.376456476645957,2.32277951145267,1.41549759516556,4.79401809197999
977,"unconstrained","0",-2043.34961324853,0.377856235041802,1.55148700387048,0.782131385550409,2.96321881509787
977,"constrained_alpha",NA,-2051.29230910664,0.373472174998936,1.55148700387048,0.782131385550409,2.96321881509787
978,"unconstrained","0",-2015.49761555505,0.331000987897783,6.22694493973896,0.369122509365482,50
978,"constrained_alpha",NA,-2031.05661393137,0.346921733516804,6.22694493973896,0.369122509365482,50
979,"unconstrained","0",-2017.48891983837,0.350089785883871,1.60380347308497,0.304577913922717,2.72645793763794
979,"constrained_alpha",NA,-2031.68457713121,0.349567705992081,1.60380347308497,0.304577913922717,2.72645793763794
980,"unconstrained","0",-2020.52608351424,0.357671969831943,5.77593299453178,1.20922638423392,41.9704078505958
980,"constrained_alpha",NA,-2030.82449098746,0.36518540241543,5.77593299453178,1.20922638423392,41.9704078505958
981,"unconstrained","0",-2056.3757039697,0.352636895262991,2.27075387629273,0.908060736384906,8.43456185881216
981,"constrained_alpha",NA,-2058.27418721525,0.357594321009575,2.27075387629273,0.908060736384906,8.43456185881216
982,"unconstrained","0",-1974.79637056774,0.3483949249865,2.31596754766795,1.1756148274019,3.65405722052461
982,"constrained_alpha",NA,-1980.60426662724,0.366533972584856,2.31596754766795,1.1756148274019,3.65405722052461
983,"unconstrained","0",-2014.93642998276,0.397063872613169,1.87524569712708,0.656785579392234,3.17897324442174
983,"constrained_alpha",NA,-2017.34217159822,0.388333610059191,1.87524569712708,0.656785579392234,3.17897324442174
984,"unconstrained","0",-2015.39305873738,0.401935067729337,1.93094682966776,1.06653813183496,4.26019674405782
984,"constrained_alpha",NA,-2021.03655695128,0.377155944857184,1.93094682966776,1.06653813183496,4.26019674405782
985,"unconstrained","0",-2044.86496819924,0.330985193558544,2.14462092356789,0.659194241862296,5.49571722447253
985,"constrained_alpha",NA,-2050.05637154012,0.328666935953918,2.14462092356789,0.659194241862296,5.49571722447253
986,"unconstrained","0",-2021.08490572526,0.352217870778114,2.45093847292583,0.526975615988867,6.84376254343042
986,"constrained_alpha",NA,-2031.61605704735,0.347596567476595,2.45093847292583,0.526975615988867,6.84376254343042
987,"unconstrained","0",-2026.85514481396,0.355877236830345,2.08485058424189,0.919634366853946,6.56351798485349
987,"constrained_alpha",NA,-2033.13120588513,0.348393472573834,2.08485058424189,0.919634366853946,6.56351798485349
988,"unconstrained","0",-2055.75212626115,0.289065113437308,1.96753745884489,1.26247570334083,2.71455953628807
988,"constrained_alpha",NA,-2059.5164190499,0.3099705719935,1.96753745884489,1.26247570334083,2.71455953628807
989,"unconstrained","0",-2025.40370320437,0.342489898698213,1.89251695370998,1.01161118194889,3.89935293602762
989,"constrained_alpha",NA,-2035.25221229549,0.337791436566123,1.89251695370998,1.01161118194889,3.89935293602762
990,"unconstrained","0",-2034.39204043875,0.37449790441104,2.22573885161995,0.741144164493414,5.74287893468325
990,"constrained_alpha",NA,-2048.41925441425,0.367129473968259,2.22573885161995,0.741144164493414,5.74287893468325
991,"unconstrained","0",-2024.72113652792,0.35221027335997,1.82561340550344,1.00403608989071,4.52690028987146
991,"constrained_alpha",NA,-2039.06855109778,0.360536488077857,1.82561340550344,1.00403608989071,4.52690028987146
992,"unconstrained","0",-2014.76735003285,0.353747030568483,1.94379340242584,0.625408169205001,2.89393641164197
992,"constrained_alpha",NA,-2019.89021614926,0.357374500791473,1.94379340242584,0.625408169205001,2.89393641164197
993,"unconstrained","0",-1992.27136311306,0.396917872842223,2.54345204956801,0.683121893685438,7.73995162064666
993,"constrained_alpha",NA,-2003.27890616754,0.396097021854503,2.54345204956801,0.683121893685438,7.73995162064666
994,"unconstrained","0",-2092.80631090122,0.357824806734327,1.88041251254047,0.928229706253629,4.69077748487731
994,"constrained_alpha",NA,-2097.18713286935,0.369922305879949,1.88041251254047,0.928229706253629,4.69077748487731
995,"unconstrained","0",-2029.75434273217,0.276090724060718,2.37230082445811,1.00593653946598,3.48742130208925
995,"constrained_alpha",NA,-2040.52190724516,0.264920538993603,2.37230082445811,1.00593653946598,3.48742130208925
996,"unconstrained","0",-2000.38799121502,0.355449198149005,1.90714108732671,1.07827254865493,3.704796488296
996,"constrained_alpha",NA,-2014.08840422205,0.315827127535588,1.90714108732671,1.07827254865493,3.704796488296
997,"unconstrained","0",-2022.60666399024,0.348114846645414,2.23706850509467,1.06439749041486,3.88710413872347
997,"constrained_alpha",NA,-2031.97474001598,0.344197504983289,2.23706850509467,1.06439749041486,3.88710413872347
998,"unconstrained","0",-2032.33785481349,0.327536362953679,2.8271986997918,1.16229186385716,4.24831441849935
998,"constrained_alpha",NA,-2042.11350219642,0.342680496628858,2.8271986997918,1.16229186385716,4.24831441849935
999,"unconstrained","0",-2070.50096348009,0.368806312518031,2.22340451108092,1.06087677056113,4.84169021481109
999,"constrained_alpha",NA,-2076.30696142209,0.355193528925954,2.22340451108092,1.06087677056113,4.84169021481109
1000,"unconstrained","0",-2026.8236832736,0.336409214900094,1.86308777856216,0.844353989387822,3.10610156334609
1000,"constrained_alpha",NA,-2031.66861136353,0.342296795867142,1.86308777856216,0.844353989387822,3.10610156334609
