"rep","fit","alpha_mae","alpha_mean","alpha_min","alpha_max","theta_bias_mean","theta_rmse","nb_size_bias_mean","nb_size_rmse","tau2_bias"
1,"unconstrained",0.141393897077774,0.328905384076483,0.106789405153293,0.580284414021647,0.116682862378933,0.858725806791649,0.425392818362846,0.783777454129208,0.243289373552955
1,"constrained_alpha",0.0252478804062067,0.324752119593793,0.324752119593793,0.324752119593793,0.241712199866548,0.529257821723644,0.425392818362846,0.783777454129208,0.157226678147439
2,"unconstrained",0.0605335012960967,0.364561842850963,0.217628221646814,0.487417466872547,-0.0829327242597565,0.45938146239251,0.197673827089012,0.660861131502203,-0.110250010298367
2,"constrained_alpha",0.0245819434605632,0.374581943460563,0.374581943460563,0.374581943460563,-0.104233647479531,0.398319862712423,0.197673827089012,0.660861131502203,-0.0879645632222328
3,"unconstrained",0.0896253731603279,0.402402165086037,0.214005345262382,0.489699582452242,-0.119087305493828,0.364274750399012,0.256612124127912,0.794060569132184,-0.329473333545761
3,"constrained_alpha",0.0457692674275356,0.395769267427536,0.395769267427536,0.395769267427536,-0.142202449270443,0.399421654322695,0.256612124127912,0.794060569132184,-0.277332535883005
4,"unconstrained",0.0529738302872111,0.347538723235666,0.193825326600902,0.46074442915286,0.228478409468699,0.610666275355397,0.101287627717947,0.570692319582419,-0.436966705956345
4,"constrained_alpha",0.00360056829793498,0.353600568297935,0.353600568297935,0.353600568297935,0.169038440881718,0.403256811835135,0.101287627717947,0.570692319582419,-0.42491095800595
5,"unconstrained",0.059903292175831,0.371390927462245,0.263279944177341,0.475107491383022,0.000321232990336336,0.38616556038385,-0.00482672774693225,0.563542338411561,-0.0480412884929931
5,"constrained_alpha",0.0202502386467832,0.370250238646783,0.370250238646783,0.370250238646783,0.0129908362782357,0.274979990467143,-0.00482672774693225,0.563542338411561,-0.0675945618005493
6,"unconstrained",0.0884693458103888,0.349364790545552,0.131246375159073,0.579628040925161,0.258354024978243,0.819449225821614,0.375951479501385,1.19422104907912,-0.316826761475936
6,"constrained_alpha",0.00349801884543638,0.346501981154564,0.346501981154564,0.346501981154564,0.334056257782022,0.474644659991183,0.375951479501385,1.19422104907912,-0.407864889204013
7,"unconstrained",0.0707870799495449,0.319291980247507,0.218112017292107,0.482860890816124,0.242838257370656,0.691800004016493,0.355173426507888,1.09401341971706,-0.12415773625213
7,"constrained_alpha",0.0304588760391052,0.319541123960895,0.319541123960895,0.319541123960895,0.210347422970282,0.541860462766799,0.355173426507888,1.09401341971706,-0.0721984125869466
8,"unconstrained",0.0966919991235183,0.344394890737817,0.190668084778686,0.546173992231597,-0.124025690536768,0.767858077081023,0.281508344190715,0.849203354053802,0.320705721718417
8,"constrained_alpha",0.0167034447889556,0.333296555211044,0.333296555211044,0.333296555211044,-0.115829150012221,0.473423115201854,0.281508344190715,0.849203354053802,0.327467095599568
9,"unconstrained",0.0830009211828092,0.347817453777837,0.154636889337966,0.503356715308705,0.0234539445121218,0.443594096842685,0.652841926519207,1.95941077560406,-0.205749802295778
9,"constrained_alpha",0.0136284872956753,0.363628487295675,0.363628487295675,0.363628487295675,0.105918984895832,0.303369243777885,0.652841926519207,1.95941077560406,-0.313177125246222
10,"unconstrained",0.0994217048522344,0.304949375967846,0.147481816247539,0.475935940436151,0.241296005054189,0.491474840088188,0.67443002239158,1.0373853079677,0.0874571449506114
10,"constrained_alpha",0.0489337111095408,0.301066288890459,0.301066288890459,0.301066288890459,0.179435912256043,0.359349538411298,0.67443002239158,1.0373853079677,0.153829228885687
11,"unconstrained",0.053431654370278,0.373490027447809,0.289943185792948,0.462094748064545,-0.273933834918703,0.443363101699276,0.242185255620915,1.00286550237479,-0.0158488556247327
11,"constrained_alpha",0.0291523145461466,0.379152314546147,0.379152314546147,0.379152314546147,-0.29135545239529,0.444970529270262,0.242185255620915,1.00286550237479,-0.00985395944388001
12,"unconstrained",0.102029605284041,0.351355244306996,0.22109723207417,0.524517963403329,-0.114093022952506,0.514025748841099,0.484008372599294,1.33412198701175,-0.00148021543941934
12,"constrained_alpha",0.0169225940711307,0.333077405928869,0.333077405928869,0.333077405928869,-0.0522410221518646,0.327683428153985,0.484008372599294,1.33412198701175,0.0052460848102136
13,"unconstrained",0.101493553132804,0.285526362348813,0.0980791659684898,0.487240188729383,0.0568585258253397,0.415862737351532,0.392863057257858,0.848467353590017,0.0812897932269592
13,"constrained_alpha",0.0744548125888652,0.275545187411135,0.275545187411135,0.275545187411135,0.151884399049933,0.32344764750795,0.392863057257858,0.848467353590017,-0.00282111973720967
14,"unconstrained",0.0579131746661462,0.378871759484494,0.280569916091679,0.538374706674226,-0.26475433737132,0.516032254772566,0.593647170714181,1.32887457191109,0.263451204679451
14,"constrained_alpha",0.0231462935912393,0.373146293591239,0.373146293591239,0.373146293591239,-0.18664312158036,0.392668451829977,0.593647170714181,1.32887457191109,0.237085364504882
15,"unconstrained",0.11946556881285,0.312151708426214,0.104472392756424,0.568224704694529,0.238931696494178,0.721604279957635,0.352535807050134,0.91811410329834,-0.323120867967756
15,"constrained_alpha",0.0619153238520537,0.288084676147946,0.288084676147946,0.288084676147946,0.338969032723443,0.551687649294056,0.352535807050134,0.91811410329834,-0.339354076996165
16,"unconstrained",0.0903120759668797,0.342499864142583,0.18594438359914,0.56347724213647,0.0621483904194922,0.660262876982478,-0.0465976742846735,0.522498649382233,-0.0465517375516169
16,"constrained_alpha",0.00120796533612416,0.351207965336124,0.351207965336124,0.351207965336124,0.0418066766717582,0.620716581224705,-0.0465976742846735,0.522498649382233,-0.0492848172632572
17,"unconstrained",0.0692218944440428,0.355033797898265,0.252309796276122,0.494541086471833,0.206402814723955,0.429514747966979,0.752326638743563,1.17339555176503,-0.212296752737094
17,"constrained_alpha",0.00182530149508536,0.351825301495085,0.351825301495085,0.351825301495085,0.213041158058225,0.442964219283694,0.752326638743563,1.17339555176503,-0.180056942841918
18,"unconstrained",0.0846721624283958,0.362146993005021,0.170769883613433,0.522215458098102,-0.300177833820318,0.503527486265058,0.71322262967697,1.40582282951833,0.286331927946956
18,"constrained_alpha",0.00894921835550361,0.358949218355504,0.358949218355504,0.358949218355504,-0.335190149863077,0.435683360290035,0.71322262967697,1.40582282951833,0.361614180924164
19,"unconstrained",0.0845833743373944,0.305882369384788,0.140564352005425,0.437695371891353,0.2752021956289,0.627727639546047,-0.10260114094159,0.511290634482405,-0.280201727886209
19,"constrained_alpha",0.0316292077836595,0.31837079221634,0.31837079221634,0.31837079221634,0.180893162047067,0.401671196324511,-0.10260114094159,0.511290634482405,-0.215468065897335
20,"unconstrained",0.067872620343569,0.311139531763495,0.178762370333659,0.435099540465402,-0.0280087543461455,0.246571922172711,0.767895780273686,2.12114442826786,0.349680297550771
20,"constrained_alpha",0.0533683361856214,0.296631663814379,0.296631663814379,0.296631663814379,0.0208274601640996,0.347805786613581,0.767895780273686,2.12114442826786,0.339379394408168
21,"unconstrained",0.0826091134453393,0.371203215142218,0.230380374258695,0.662223297721146,-0.135274596632542,0.523566500111339,0.477733663142893,0.941272115966993,0.0987287925077662
21,"constrained_alpha",0.00647594818754582,0.356475948187546,0.356475948187546,0.356475948187546,-0.111205155941769,0.389681327706102,0.477733663142893,0.941272115966993,0.147076281087142
22,"unconstrained",0.129078974763745,0.345763677362587,0.0808763100326782,0.50720511833437,-0.159282777114972,0.674479616359637,1.98398832103326,4.2639836168105,0.39588546005408
22,"constrained_alpha",0.00553781659922392,0.344462183400776,0.344462183400776,0.344462183400776,-0.0657166810198159,0.597009870758378,1.98398832103326,4.2639836168105,0.278873070558628
23,"unconstrained",0.0882206973439739,0.318120065054881,0.108486425863576,0.631784821168295,0.0398973310851881,0.682871415292158,1.03742859569699,2.05602573466746,0.195999452437711
23,"constrained_alpha",0.0204648932184852,0.329535106781515,0.329535106781515,0.329535106781515,0.0676498898027623,0.447660441879629,1.03742859569699,2.05602573466746,0.103525327434731
24,"unconstrained",0.0884086848275176,0.368629613651334,0.192568368250171,0.530888752070581,0.139422569114259,0.56791740060086,0.450701304105751,1.8037645131078,-0.664541089969978
24,"constrained_alpha",0.0298034524066285,0.379803452406628,0.379803452406628,0.379803452406628,0.0893249129269704,0.411623474884911,0.450701304105751,1.8037645131078,-0.635399403408241
25,"unconstrained",0.123456297105701,0.301884805236087,0.105708157214408,0.497068296327381,0.186708097456115,0.657146828170351,0.962377171410137,1.63406962396897,-0.105993049812709
25,"constrained_alpha",0.0498567627294903,0.30014323727051,0.30014323727051,0.30014323727051,0.120702263837729,0.299080737675722,0.962377171410137,1.63406962396897,-0.0289978638922022
26,"unconstrained",0.0828492445817171,0.327437030172172,0,0.468757298907155,0.287994895742634,0.831374867504065,0.313489705368082,1.31411478202518,-0.0208943497334411
26,"constrained_alpha",0.0201739601776834,0.329826039822317,0.329826039822317,0.329826039822317,0.307885025431587,0.555092954212368,0.313489705368082,1.31411478202518,-0.0633827747985365
27,"unconstrained",0.0860014344780186,0.332418394138953,0.151655924137187,0.528578693441584,0.333312075662287,0.793476374632161,0.293299536793108,0.823706394835831,-0.0189727400589663
27,"constrained_alpha",0.0149170705377012,0.335082929462299,0.335082929462299,0.335082929462299,0.259653281798921,0.542545180311084,0.293299536793108,0.823706394835831,0.0211806178268676
28,"unconstrained",0.0621255943462661,0.351859996288149,0.208990236357275,0.474813894699119,-0.166865934832934,0.568045607325474,0.70441303783911,1.77035625692028,0.571596399243442
28,"constrained_alpha",0.0104228862736079,0.360422886273608,0.360422886273608,0.360422886273608,-0.196958376640548,0.462558803875037,0.70441303783911,1.77035625692028,0.553501391584902
29,"unconstrained",0.100914321329696,0.308486031497783,0.0573211357454613,0.524343866033801,0.344336045493773,0.809541414951828,0.660332240794679,1.09474792694258,0.183388039590891
29,"constrained_alpha",0.0419688028304431,0.308031197169557,0.308031197169557,0.308031197169557,0.330428596969572,0.589527034810963,0.660332240794679,1.09474792694258,0.210558368572493
30,"unconstrained",0.113185501689009,0.336727607749629,0.0648862537534691,0.613229002521979,-0.0708467656623307,0.682763439492041,0.58000902818088,1.54389334032982,0.15789452851455
30,"constrained_alpha",0.0236351591468767,0.326364840853123,0.326364840853123,0.326364840853123,0.0242351088300726,0.315106951739901,0.58000902818088,1.54389334032982,0.068423183279575
31,"unconstrained",0.137254734928295,0.475642387562657,0.28613208948899,0.665532056721857,-0.532746405643304,0.623081143954538,0.21858510693486,1.21969552749251,-0.0422363823804155
31,"constrained_alpha",0.114752253643025,0.464752253643025,0.464752253643025,0.464752253643025,-0.560110283878768,0.609634409563482,0.21858510693486,1.21969552749251,-0.0344834044361872
32,"unconstrained",0.0727173821824969,0.347125276140763,0.205828487631289,0.479881402974692,0.171606847484029,0.41271599576441,0.477445489277681,1.09402742117837,-0.0905535114021978
32,"constrained_alpha",0.01011237826602,0.33988762173398,0.33988762173398,0.33988762173398,0.138748295439991,0.390908672881475,0.477445489277681,1.09402742117837,-0.0424891422223588
33,"unconstrained",0.0632900138476426,0.339696007702673,0.251924192896045,0.476957819669355,-0.0725194456795392,0.44269565691666,0.356192985858017,0.779601576379525,0.190206475662578
33,"constrained_alpha",0.0180893756199275,0.331910624380073,0.331910624380073,0.331910624380073,-0.0751976848577422,0.42675979609828,0.356192985858017,0.779601576379525,0.235420221848785
34,"unconstrained",0.13350659326515,0.333499953120857,0.14338138043524,0.78924973506823,0.107433926554432,0.712485409026757,0.0753589278749277,0.659517608981041,-0.0175769533430159
34,"constrained_alpha",0.034105074526574,0.315894925473426,0.315894925473426,0.315894925473426,0.0914480908506704,0.288790270389676,0.0753589278749277,0.659517608981041,-0.0136677558443796
35,"unconstrained",0.0986247261895997,0.326226496101654,0.183587894860919,0.518181187047974,0.0171626494304907,0.606930953078992,3.0154631570863,8.80587148551175,0.225552281612694
35,"constrained_alpha",0.0260319179348804,0.32396808206512,0.32396808206512,0.32396808206512,0.0609794906024777,0.550736418320714,3.0154631570863,8.80587148551175,0.245555905445799
36,"unconstrained",0.10506023022472,0.301334629589421,0.0502821246376417,0.435157521273321,0.0813919006687,0.783797050137398,0.747278075923505,1.75627442864814,0.0652115666414104
36,"constrained_alpha",0.0315771376809234,0.318422862319077,0.318422862319077,0.318422862319077,-0.00252296480208268,0.466131436705815,0.747278075923505,1.75627442864814,0.0521936048532168
37,"unconstrained",0.0883609758997456,0.30079334007753,0.159563706305752,0.493750249620406,0.245834037017424,0.542361850593031,0.221633719908339,0.59238130995453,-0.558809180846043
37,"constrained_alpha",0.0518537707830114,0.298146229216989,0.298146229216989,0.298146229216989,0.267515148148807,0.532574214594573,0.221633719908339,0.59238130995453,-0.561548193893976
38,"unconstrained",0.104226034004515,0.389956825221066,0.231726565509272,0.707135963253108,-0.285310383696797,0.782402065347327,1.29420438622536,3.18818985390034,-0.111953120784477
38,"constrained_alpha",0.0275664681553635,0.377566468155363,0.377566468155363,0.377566468155363,-0.225041196950883,0.492686241225865,1.29420438622536,3.18818985390034,-0.208121481402232
39,"unconstrained",0.0822095614778023,0.369232399593194,0.247026533117692,0.611070285582314,0.0268712747985057,0.581013213085523,0.576065935024162,1.19442841556075,-0.217095053991428
39,"constrained_alpha",0.0115214191201417,0.361521419120142,0.361521419120142,0.361521419120142,0.0698531014209136,0.413284080273334,0.576065935024162,1.19442841556075,-0.221485521202254
40,"unconstrained",0.0947627003116395,0.293724486236204,0.109177572626762,0.467013523320443,-0.00425105793326586,0.5420125944019,0.688110952001578,1.32870633293249,0.218268168689099
40,"constrained_alpha",0.0624981459456844,0.287501854054316,0.287501854054316,0.287501854054316,0.0645238693419039,0.332593240066802,0.688110952001578,1.32870633293249,0.229174373755762
41,"unconstrained",0.125013124873018,0.352256730322299,0.199524921051534,0.592102812594353,-0.0956773765349151,0.547720790434155,0.566567142062099,1.17917537392972,0.320242426259922
41,"constrained_alpha",0.0195666301643039,0.330433369835696,0.330433369835696,0.330433369835696,-0.0790269401040927,0.48684094796534,0.566567142062099,1.17917537392972,0.45546565698015
42,"unconstrained",0.102230397634016,0.330501188594894,0.107771040734009,0.457262948952855,-0.209823448354168,0.652997415719295,0.0827240403829427,0.628878711625056,0.0642654684268815
42,"constrained_alpha",0.0133307144548259,0.336669285545174,0.336669285545174,0.336669285545174,-0.167350369373501,0.416351922876409,0.0827240403829427,0.628878711625056,0.041028390551316
43,"unconstrained",0.0522844577958485,0.317465703413114,0.233018673765512,0.398028189188829,0.0125647323183913,0.570826639068565,0.191134474601383,0.728205282569574,0.248180594928072
43,"constrained_alpha",0.0268547323655138,0.323145267634486,0.323145267634486,0.323145267634486,-0.0178549632956047,0.600632738475397,0.191134474601383,0.728205282569574,0.254348691243393
44,"unconstrained",0.0657429710651222,0.307239091079713,0.227841295314801,0.397176451661013,0.270337465950415,0.511741587600087,0.264630774743531,0.478091326829663,0.148410888396203
44,"constrained_alpha",0.0448285091115951,0.305171490888405,0.305171490888405,0.305171490888405,0.241982631620721,0.432170094424211,0.264630774743531,0.478091326829663,0.148076090251572
45,"unconstrained",0.0925780522004528,0.409051091815898,0.257074085380772,0.563245362231037,-0.0870507988223917,0.633158922199891,0.398468297306454,0.749470027107579,-0.224546365742927
45,"constrained_alpha",0.0543654325276715,0.404365432527671,0.404365432527671,0.404365432527671,-0.131795811635255,0.423207525512782,0.398468297306454,0.749470027107579,-0.173481660896636
46,"unconstrained",0.0863367050417071,0.38271169887974,0.236463412322745,0.615305961098109,-0.148610609656729,0.637306363742178,0.173401124379826,1.16747881777089,-0.17704286273627
46,"constrained_alpha",0.0217815652816221,0.371781565281622,0.371781565281622,0.371781565281622,-0.120913864808811,0.442107975000241,0.173401124379826,1.16747881777089,-0.221457578884086
47,"unconstrained",0.0817569618897976,0.342334044193989,0.18983219966281,0.478873341812525,0.084378131866899,0.544785327039817,0.444649800982577,1.04663995235562,-0.0211333595481049
47,"constrained_alpha",0.00247147729531821,0.347528522704682,0.347528522704682,0.347528522704682,0.0654249400313596,0.407612079900177,0.444649800982577,1.04663995235562,-0.035863931742808
48,"unconstrained",0.0878148364625535,0.32991496462943,0.18462662031675,0.494622075667879,0.296348429315742,0.500697939207087,0.371300369545258,1.20469602087863,-0.308532068110069
48,"constrained_alpha",0.015709573133415,0.334290426866585,0.334290426866585,0.334290426866585,0.250248104540208,0.353797780579853,0.371300369545258,1.20469602087863,-0.275168184391116
49,"unconstrained",0.0770521155508108,0.382434166320192,0.153775074373023,0.575641924734034,-0.17967081289402,0.672190785004408,0.305845991221548,1.516459282006,0.173336838559521
49,"constrained_alpha",0.0276510810398065,0.377651081039806,0.377651081039806,0.377651081039806,-0.141728556079695,0.404251132484313,0.305845991221548,1.516459282006,0.138318038769708
50,"unconstrained",0.100121121564558,0.404082693920978,0.166599569601229,0.513924399636301,-0.0226845608350748,0.38234370056284,0.378085215429234,0.910136399747982,0.0924001903944753
50,"constrained_alpha",0.051707808191562,0.401707808191562,0.401707808191562,0.401707808191562,-0.0713058330048704,0.353644008370935,0.378085215429234,0.910136399747982,0.156275593026042
51,"unconstrained",0.0789146011501613,0.380679876089275,0.227292971034626,0.519939570691476,-0.191482143876023,0.453795663711003,0.104668075391048,0.741584367530771,-0.378494310461695
51,"constrained_alpha",0.0403199696335779,0.390319969633578,0.390319969633578,0.390319969633578,-0.181578881841547,0.372558689265881,0.104668075391048,0.741584367530771,-0.379652903273767
52,"unconstrained",0.0528973031521152,0.359955691077877,0.227645780313845,0.493143849227342,-0.023925748567128,0.464765618242079,-0.0795974885790856,0.564105558531319,0.184573695742994
52,"constrained_alpha",0.0153821777038423,0.365382177703842,0.365382177703842,0.365382177703842,-0.0815603194834132,0.294912982252096,-0.0795974885790856,0.564105558531319,0.256840066952128
53,"unconstrained",0.0828470372603993,0.339705910497399,0.0495235180928704,0.590846514763111,-0.118184032416628,0.595135997260306,0.298633917094088,1.01367624451279,0.016826865710089
53,"constrained_alpha",0.0158854600314888,0.334114539968511,0.334114539968511,0.334114539968511,-0.114172294905165,0.464122337626804,0.298633917094088,1.01367624451279,0.0377810086675343
54,"unconstrained",0.122891300930486,0.399697491235743,0.233637950145199,0.69930333279849,0.00598121958467078,0.897747791944683,4.89249025300788,14.0357759713629,0.000731135319467224
54,"constrained_alpha",0.0415037109196059,0.391503710919606,0.391503710919606,0.391503710919606,0.0507272319105482,0.547553848078607,4.89249025300788,14.0357759713629,2.21636490598254e-05
55,"unconstrained",0.0809665690119754,0.327617896413605,0.213243311550963,0.47969167227993,0.0680154018630868,0.49687108471853,0.400062064528561,0.804116382333212,0.235756076270282
55,"constrained_alpha",0.0157812024941167,0.334218797505883,0.334218797505883,0.334218797505883,0.0375495601379912,0.34894689940209,0.400062064528561,0.804116382333212,0.194488302054454
56,"unconstrained",0.0617129301787405,0.365261149905718,0.264462733705873,0.563482365420613,-0.179142449438768,0.591752989145097,0.016157377436518,0.502018621115872,0.285545924043477
56,"constrained_alpha",0.00589097859276816,0.355890978592768,0.355890978592768,0.355890978592768,-0.146663007740879,0.592871905448551,0.016157377436518,0.502018621115872,0.246022818371771
57,"unconstrained",0.104020554398224,0.339693714987526,0.190889353746395,0.569878120717558,-0.0141119692315926,0.696181197196146,0.593799980852597,0.789486343713587,0.390703791937288
57,"constrained_alpha",0.035436444090196,0.314563555909804,0.314563555909804,0.314563555909804,0.0333832469098596,0.43699807570691,0.593799980852597,0.789486343713587,0.404318079558322
58,"unconstrained",0.120209295229066,0.283710953453511,0.0276131185628138,0.536359487654772,-0.0067057891700487,0.437432197750088,0.714474729683647,1.86043780169674,0.412246685398308
58,"constrained_alpha",0.0518301960801499,0.29816980391985,0.29816980391985,0.29816980391985,0.107638083600978,0.360751993241924,0.714474729683647,1.86043780169674,0.284612899662657
59,"unconstrained",0.0789738911776387,0.324562530519774,0.194706088361123,0.632119480049545,-0.0459195231724449,0.340843827876421,1.68466866375837,4.00945259289246,0.399505504150006
59,"constrained_alpha",0.0422768337634753,0.307723166236525,0.307723166236525,0.307723166236525,-0.0140715864580137,0.388803478514768,1.68466866375837,4.00945259289246,0.419161265679396
60,"unconstrained",0.0862270940510477,0.332184387061205,0.15627998252173,0.479652154866721,0.0913502083978898,0.631680456450019,0.273251697350531,0.538666770599206,0.224494421569271
60,"constrained_alpha",0.0192776011661609,0.330722398833839,0.330722398833839,0.330722398833839,0.120358789771919,0.410379634231423,0.273251697350531,0.538666770599206,0.227656956314707
61,"unconstrained",0.0874565967644586,0.348588649577314,0.208736953229124,0.498461353134468,-0.056733376360452,0.56864592819534,0.249398063871008,0.645532649967975,0.0198621222821544
61,"constrained_alpha",0.00448962743699827,0.345510372563002,0.345510372563002,0.345510372563002,-0.0747029809825019,0.425503392169126,0.249398063871008,0.645532649967975,0.0239184995079922
62,"unconstrained",0.0869059115217902,0.392404981717605,0.242292983355628,0.565308487650515,-0.202708846419232,0.68019532934035,0.195181065835204,0.853605164847054,0.103016805277963
62,"constrained_alpha",0.0399512634072107,0.389951263407211,0.389951263407211,0.389951263407211,-0.226164789606335,0.539604237916058,0.195181065835204,0.853605164847054,0.154282238676528
63,"unconstrained",0.101969399145263,0.301869213102611,0.163778699488769,0.63929984109313,0.0340042947678022,0.686479091311442,0.753517956775685,1.40121447842443,0.0367582087666936
63,"constrained_alpha",0.0295608624569694,0.320439137543031,0.320439137543031,0.320439137543031,-0.0407215837626096,0.45249377507734,0.753517956775685,1.40121447842443,0.109119109648257
64,"unconstrained",0.0685648670223313,0.375195139743725,0.214011815167665,0.512204352549278,-0.377267692069236,0.64356186708317,0.10587765626329,0.365658005104274,0.186978267910656
64,"constrained_alpha",0.0280962563854629,0.378096256385463,0.378096256385463,0.378096256385463,-0.424320518048147,0.576556410425352,0.10587765626329,0.365658005104274,0.245633344772477
65,"unconstrained",0.0653294048767782,0.387103303994351,0.269014656657349,0.4999793298915,-0.0739405569034206,0.560614702310415,0.412840055260669,0.799177278847118,-0.210853246751153
65,"constrained_alpha",0.0304568091027965,0.380456809102797,0.380456809102797,0.380456809102797,-0.100215523612002,0.452248620117847,0.412840055260669,0.799177278847118,-0.191625906538234
66,"unconstrained",0.0838259768245483,0.346052472178227,0.192715964911186,0.5156378176767,0.212938683514192,0.58972211338311,0.954858017646085,2.24376854278885,-0.53998311336836
66,"constrained_alpha",0.00208500618071439,0.347914993819286,0.347914993819286,0.347914993819286,0.14915799052758,0.530629785414945,0.954858017646085,2.24376854278885,-0.54902697713356
67,"unconstrained",0.105836760715167,0.372727656685537,0.144685846855788,0.710077329408234,0.0637928192512683,0.765687607126545,0.193599790395341,0.919598964850508,-0.0513131109712848
67,"constrained_alpha",0.0123731427291656,0.362373142729166,0.362373142729166,0.362373142729166,0.138055096592341,0.338394149609765,0.193599790395341,0.919598964850508,-0.0685827764973441
68,"unconstrained",0.0965872115130185,0.294266928488752,0.0579606181706591,0.420532157297719,0.115380953339445,0.606219297388265,0.285617365446089,0.562520893770988,-0.31200717506779
68,"constrained_alpha",0.0403134298163509,0.309686570183649,0.309686570183649,0.309686570183649,0.0702204006091522,0.340368399528715,0.285617365446089,0.562520893770988,-0.346526125405644
69,"unconstrained",0.104044044412972,0.339279744558762,0.189812776508484,0.525811342352206,0.0715462754590856,0.620341180048328,1.80303514563849,3.72078154281742,0.116761443330994
69,"constrained_alpha",0.00199595624830673,0.348004043751693,0.348004043751693,0.348004043751693,0.0271364847222878,0.431833948107481,1.80303514563849,3.72078154281742,0.150387363947814
70,"unconstrained",0.0796452862171297,0.379331657144988,0.229269543860542,0.477059487781106,0.0472968480860486,0.561068969092498,0.614170447278291,1.3165114924951,-0.106335104024667
70,"constrained_alpha",0.0443346952918309,0.394334695291831,0.394334695291831,0.394334695291831,-0.0440550200411141,0.362369860774586,0.614170447278291,1.3165114924951,-0.0552773526481172
71,"unconstrained",0.0947035574113305,0.394876925001742,0.239164839723546,0.570639719529827,-0.00577347090810069,0.484567583393576,0.359169784557518,1.16872668125867,-0.272455983224885
71,"constrained_alpha",0.0350087449594441,0.385008744959444,0.385008744959444,0.385008744959444,-0.0692022325904987,0.313291613902818,0.359169784557518,1.16872668125867,-0.262722421659677
72,"unconstrained",0.0546121582831791,0.378621304088919,0.289973315635929,0.56915981595998,-0.0359350960588941,0.523426393371275,0.103605330332078,0.612007778077679,0.162769682409035
72,"constrained_alpha",0.0157164570778021,0.365716457077802,0.365716457077802,0.365716457077802,0.0101220361022116,0.45105899032755,0.103605330332078,0.612007778077679,0.172610104188292
73,"unconstrained",0.0792615029986404,0.394458234123125,0.247211464347924,0.575675317886092,-0.119879204676365,0.618639858498878,1.11357082941378,1.77003535547838,-0.373994488213853
73,"constrained_alpha",0.0393783169019324,0.389378316901932,0.389378316901932,0.389378316901932,-0.0285164015655214,0.424492501175269,1.11357082941378,1.77003535547838,-0.415629347123855
74,"unconstrained",0.0899378418232612,0.399793240880735,0.243608139292219,0.569702970547231,-0.130841094145355,0.468897325841299,0.0104131392154394,0.494229017219059,-0.00335553454220383
74,"constrained_alpha",0.0441370587853083,0.394137058785308,0.394137058785308,0.394137058785308,-0.118876428340786,0.308158513110488,0.0104131392154394,0.494229017219059,-0.0337279561576733
75,"unconstrained",0.0762370875491912,0.403923154141525,0.297540907924161,0.579658521835404,-0.257658706481554,0.482922151226394,-0.00245939001757696,0.823850945746594,0.154857412456644
75,"constrained_alpha",0.0414462058876549,0.391446205887655,0.391446205887655,0.391446205887655,-0.188015215826371,0.284865771863845,-0.00245939001757696,0.823850945746594,0.0840993201924003
76,"unconstrained",0.0835992016439862,0.395220447985811,0.267840216616161,0.626636040632846,-0.180649241158803,0.694935490247916,0.220354537758469,0.77267930305007,0.0638376722003007
76,"constrained_alpha",0.0372970288744736,0.387297028874474,0.387297028874474,0.387297028874474,-0.257903978238876,0.54564184850277,0.220354537758469,0.77267930305007,0.133062761568635
77,"unconstrained",0.0516266186522517,0.324425351573192,0.236599709199207,0.407490093977496,0.0311064417004742,0.422913830624811,1.08012962166736,1.51154715550962,0.364969230834541
77,"constrained_alpha",0.0320999043466774,0.317900095653323,0.317900095653323,0.317900095653323,0.0170955575673078,0.434932752089545,1.08012962166736,1.51154715550962,0.374024398680324
78,"unconstrained",0.0815919348371494,0.371507283792177,0.251054120873099,0.608678911564463,-0.114325968312047,0.659620820172814,0.66304765090706,1.43498368130002,0.0369544230279475
78,"constrained_alpha",0.0131274316114147,0.363127431611415,0.363127431611415,0.363127431611415,-0.0810821059983405,0.423089112651403,0.66304765090706,1.43498368130002,0.0213666363033553
79,"unconstrained",0.10602016506819,0.297184731637853,0.150583781837596,0.505797697361336,0.119785570447463,0.415558848562085,0.155984922036019,0.560067184437309,0.0618875863660469
79,"constrained_alpha",0.0460893985395676,0.303910601460432,0.303910601460432,0.303910601460432,0.125179511565405,0.319071982052801,0.155984922036019,0.560067184437309,0.00663490613207784
80,"unconstrained",0.0928871149515938,0.352970165500536,0.209585785408499,0.494662298892857,-0.0502208337950215,0.553519259196755,0.0765488504078107,0.611137342716007,0.274279934509668
80,"constrained_alpha",0.00911585411351012,0.35911585411351,0.35911585411351,0.35911585411351,-0.0609075823884422,0.392785904230183,0.0765488504078107,0.611137342716007,0.271774647054219
81,"unconstrained",0.0748459081257023,0.332216823548611,0.156500382910558,0.446256572932295,-0.0449434366936212,0.471796066659367,0.682228902324735,1.09147892490358,0.197613417930966
81,"constrained_alpha",0.0355464790014992,0.314453520998501,0.314453520998501,0.314453520998501,-0.0134414290744903,0.353920139466794,0.682228902324735,1.09147892490358,0.19104772655011
82,"unconstrained",0.0817042177912948,0.372075682846342,0.21793948822972,0.566484441074179,0.146191587101831,0.663580636175595,0.786444178122362,1.94892236345471,-0.113006673798574
82,"constrained_alpha",0.0206614034076755,0.370661403407676,0.370661403407676,0.370661403407676,0.181501387578796,0.475706806320769,0.786444178122362,1.94892236345471,-0.225735907065467
83,"unconstrained",0.0985731704120774,0.403967825788888,0.240196444155766,0.684259806667581,-0.432845812564185,0.630590929800113,-0.0483263595916128,0.5480268467985,0.309674229513278
83,"constrained_alpha",0.0464659444908678,0.396465944490868,0.396465944490868,0.396465944490868,-0.436665921814828,0.503264076308846,-0.0483263595916128,0.5480268467985,0.293422908199016
84,"unconstrained",0.129058464478766,0.375986321277896,0.172395545992351,0.652312173048675,-0.185438147539493,0.651747237397685,0.438079115703206,0.950899078907023,-0.0257329354126614
84,"constrained_alpha",0.0254833761338378,0.375483376133838,0.375483376133838,0.375483376133838,-0.126543134575639,0.36906513322603,0.438079115703206,0.950899078907023,-0.130511444744651
85,"unconstrained",0.0908843867514014,0.264852106984149,0.0330112864678375,0.368019021307076,0.299447244634525,0.745010852553313,1.50992475798702,2.59144039567251,0.250977810390924
85,"constrained_alpha",0.0742857678061261,0.275714232193874,0.275714232193874,0.275714232193874,0.240832452946466,0.60689743649497,1.50992475798702,2.59144039567251,0.27502249080729
86,"unconstrained",0.0666310466479842,0.376781916425896,0.243573388122911,0.54730570165382,0.0318146227897756,0.580775774065159,-0.11173188289644,0.445982078632422,0.0792403079601438
86,"constrained_alpha",0.0239796817608349,0.373979681760835,0.373979681760835,0.373979681760835,0.0415076836552093,0.431880366006273,-0.11173188289644,0.445982078632422,0.0804668636437675
87,"unconstrained",0.0561084350007753,0.348500332292702,0.279480110821416,0.504699390220949,0.0198711498236335,0.53610318194926,0.319017909401014,0.655225724213542,0.00503780581909541
87,"constrained_alpha",0.00989228006639054,0.340107719933609,0.340107719933609,0.340107719933609,0.0651286614522661,0.458377102587614,0.319017909401014,0.655225724213542,-0.00620997342859875
88,"unconstrained",0.0632611720604268,0.393022826964262,0.28413921047964,0.487723309496153,-0.193318385650964,0.598502359667466,0.226015677901707,0.899233708775565,-0.282319112709636
88,"constrained_alpha",0.0482937298186629,0.398293729818663,0.398293729818663,0.398293729818663,-0.196169245325785,0.489333417220199,0.226015677901707,0.899233708775565,-0.27700518732207
89,"unconstrained",0.068881204809914,0.379785069115026,0.223858678095723,0.567293173131118,-0.170903863264236,0.488287064846928,4.5255121219502,14.0595737855184,0.0480116377006248
89,"constrained_alpha",0.0286906513319034,0.378690651331903,0.378690651331903,0.378690651331903,-0.138581778842334,0.309430459424091,4.5255121219502,14.0595737855184,0.00125762222953707
90,"unconstrained",0.043847529715761,0.363474115650044,0.264605548436719,0.458223465209478,0.0788956927428999,0.320765938113781,0.638734367916809,1.44129055904317,-0.208435478168886
90,"constrained_alpha",0.00812962197131795,0.358129621971318,0.358129621971318,0.358129621971318,0.101555342617155,0.333979049840926,0.638734367916809,1.44129055904317,-0.214500544674366
91,"unconstrained",0.0668788057953955,0.367671528515128,0.217942292570433,0.558104945120047,-0.173288820685071,0.487172684886245,0.130508489270257,0.955159593049066,0.258029950351357
91,"constrained_alpha",0.0232056442271609,0.373205644227161,0.373205644227161,0.373205644227161,-0.138423645441462,0.272876617461874,0.130508489270257,0.955159593049066,0.179355029444457
92,"unconstrained",0.109897270424402,0.393296712558883,0.184415319566595,0.765400849985112,-0.0788951021023891,0.586819739000638,-0.0232386829708133,0.58290923960148,0.0568319001428583
92,"constrained_alpha",0.0289676034919669,0.378967603491967,0.378967603491967,0.378967603491967,-0.0361451024540127,0.239405179277166,-0.0232386829708133,0.58290923960148,0.0785721761605687
93,"unconstrained",0.0999733171184268,0.411478655739926,0.145295415085411,0.553433527150988,-0.219308292878383,0.549260906055791,0.382867369064783,1.45184265571183,-0.0474900254638582
93,"constrained_alpha",0.0637558238126917,0.413755823812692,0.413755823812692,0.413755823812692,-0.180233629460357,0.47371338378948,0.382867369064783,1.45184265571183,-0.0783935730060221
94,"unconstrained",0.101430971165835,0.286680959104157,0.0677417924539334,0.480799798377329,0.443388982251249,0.609393234072237,0.705029218674707,1.08088416687688,-0.0675091748130547
94,"constrained_alpha",0.0608376736971406,0.289162326302859,0.289162326302859,0.289162326302859,0.42210234946944,0.479044457843633,0.705029218674707,1.08088416687688,-0.0612543459378021
95,"unconstrained",0.114907658293734,0.317948384189843,0.0500667769374272,0.523110657868554,0.0727854151531109,0.695474136978873,8.43690017321761,19.8038032200777,-0.178326759552682
95,"constrained_alpha",0.00282523017389003,0.34717476982611,0.34717476982611,0.34717476982611,-0.0534519259579849,0.367191037527252,8.43690017321761,19.8038032200777,-0.0859826747605801
96,"unconstrained",0.0839649271532119,0.3513088237531,0.177133986508572,0.530307864516185,-0.0846127923211225,0.573170528279887,0.0410798757990864,0.53599920973538,0.113976884568393
96,"constrained_alpha",0.00474470769786239,0.345255292302138,0.345255292302138,0.345255292302138,-0.0865842657344928,0.372998486650644,0.0410798757990864,0.53599920973538,0.153094258147136
97,"unconstrained",0.082222837922426,0.348220684983341,0.238136318100156,0.541372591633524,0.236861221326995,0.656741643824658,0.523515417967229,0.92766694753596,-0.0525707005581908
97,"constrained_alpha",0.021082167545996,0.328917832454004,0.328917832454004,0.328917832454004,0.2710756291674,0.61947030427221,0.523515417967229,0.92766694753596,-0.0446215030514161
98,"unconstrained",0.078051306417094,0.374151829064098,0.165555413925641,0.572858839930617,-0.0450629720271414,0.67816138702809,0.74835003102546,2.75839331163985,-0.075360225488311
98,"constrained_alpha",0.0278270995881006,0.377827099588101,0.377827099588101,0.377827099588101,-0.0295892885275314,0.458167393828542,0.74835003102546,2.75839331163985,-0.0701490193685912
99,"unconstrained",0.0793085344820074,0.358031280442403,0.174187808087514,0.554253366550284,0.122929902686586,0.715419607365311,0.274990407273543,0.780928572375862,-0.211158322021653
99,"constrained_alpha",0.0100412313053921,0.360041231305392,0.360041231305392,0.360041231305392,0.0795489855280991,0.369018922870674,0.274990407273543,0.780928572375862,-0.18807230895533
100,"unconstrained",0.0815603365034299,0.331484428840801,0.194518586328309,0.507748524245842,0.137910958308798,0.523931983612915,0.725184669836093,1.38785099250301,-0.254008414063153
100,"constrained_alpha",0.0281600159006306,0.321839984099369,0.321839984099369,0.321839984099369,0.208095596082273,0.405047575582967,0.725184669836093,1.38785099250301,-0.262501490741782
101,"unconstrained",0.0746285603836082,0.321988401508498,0.20552461454017,0.54257051779144,-0.0720611260179029,0.530991674975479,0.121886150779778,0.533584583451554,0.286368315660414
101,"constrained_alpha",0.0362852899403258,0.313714710059674,0.313714710059674,0.313714710059674,-0.09581622622663,0.495477651510567,0.121886150779778,0.533584583451554,0.293800702292504
102,"unconstrained",0.114187219179415,0.304804206463634,0.128437494870032,0.59492616757314,0.237752861585194,0.577377815628379,0.937088907524758,1.50013611827601,0.00236157540665616
102,"constrained_alpha",0.0618152554223689,0.288184744577631,0.288184744577631,0.288184744577631,0.230527556079625,0.360381374715907,0.937088907524758,1.50013611827601,0.0490652004986827
103,"unconstrained",0.0609937787931472,0.354013369060327,0.243379961719459,0.459787934835044,-0.123212470194121,0.510952504309705,0.0678918701861984,0.441966788276302,-0.0954759915473384
103,"constrained_alpha",0.00475494488128175,0.354754944881282,0.354754944881282,0.354754944881282,-0.127919172724526,0.35126082274286,0.0678918701861984,0.441966788276302,-0.109861027071058
104,"unconstrained",0.103109613115634,0.379162785537157,0.174479409469443,0.598979284479435,-0.129308567888462,0.488012945807258,0.0421347070168046,1.00085950152046,-0.152214446694607
104,"constrained_alpha",0.0108755183114128,0.360875518311413,0.360875518311413,0.360875518311413,-0.140253317215138,0.392062957416053,0.0421347070168046,1.00085950152046,-0.132085792702781
105,"unconstrained",0.0743978834258107,0.368117071985842,0.152372877977645,0.472589927758495,0.0663250766297975,0.614360013508193,0.0952023006294705,0.596914093051579,-0.248857077632882
105,"constrained_alpha",0.0210788800863714,0.371078880086371,0.371078880086371,0.371078880086371,-0.00990238064204102,0.323319023894661,0.0952023006294705,0.596914093051579,-0.250924815122264
106,"unconstrained",0.0596509092497888,0.333707934368061,0.147164288133731,0.443597073936597,0.110717165025222,0.394841744763064,0.389944766718061,0.785336270289861,0.299324949247546
106,"constrained_alpha",0.0253107406168611,0.324689259383139,0.324689259383139,0.324689259383139,0.0904711077886498,0.416731775510331,0.389944766718061,0.785336270289861,0.329690457777393
107,"unconstrained",0.116444508594948,0.398889200995256,0.186701741312497,0.763842472927279,-0.12270713974269,0.433596219985656,0.646478843255232,1.42506213740306,0.0429270428366908
107,"constrained_alpha",0.00855862616726877,0.358558626167269,0.358558626167269,0.358558626167269,-0.0916297177614064,0.317551604611895,0.646478843255232,1.42506213740306,0.0143209993184232
108,"unconstrained",0.0840479235572113,0.376944525613861,0.156531997218756,0.51614854367144,0.228235232704285,0.785800329567887,0.827212187835813,1.73914226650842,-0.328016599947962
108,"constrained_alpha",0.0363176939097778,0.386317693909778,0.386317693909778,0.386317693909778,0.108504385682223,0.468765766648496,0.827212187835813,1.73914226650842,-0.251567004699469
109,"unconstrained",0.0990432544560679,0.304352393617087,0.11043718634132,0.643676064402349,0.0449334920087853,0.638653062723502,0.43474655886842,0.800409535456018,0.0758121035364829
109,"constrained_alpha",0.0509630457204907,0.299036954279509,0.299036954279509,0.299036954279509,0.0789249588211972,0.387960949678383,0.43474655886842,0.800409535456018,0.053367783834614
110,"unconstrained",0.101886725852539,0.356794552003416,0.16417934783587,0.57638513980682,-0.0889721083897495,0.67836990134137,0.326368898596095,0.920268155613124,0.0650405907113909
110,"constrained_alpha",0.00836744771891001,0.34163255228109,0.34163255228109,0.34163255228109,-0.0191267642933401,0.480663865205285,0.326368898596095,0.920268155613124,0.0550301763995584
111,"unconstrained",0.132027848858947,0.326309372658595,0.0975897626856725,0.607290827211663,0.150459132817997,0.847951342044865,0.670510405267826,2.36960124590845,-0.401132525027517
111,"constrained_alpha",0.0407570613992181,0.309242938600782,0.309242938600782,0.309242938600782,0.188523548049892,0.490787208339793,0.670510405267826,2.36960124590845,-0.411031734643947
112,"unconstrained",0.0966805160287849,0.377134115198471,0.220147193492101,0.58630323977734,-0.0522991239217801,0.394939364703065,-0.0280798514081928,0.562864814300264,0.060246969519548
112,"constrained_alpha",0.0140653480483779,0.364065348048378,0.364065348048378,0.364065348048378,-0.0210168829823957,0.386630680861417,-0.0280798514081928,0.562864814300264,0.0773671663633091
113,"unconstrained",0.100009239951491,0.296724263585958,0.0556656620323322,0.472632620169067,0.141099994640407,0.696790035684685,0.289540557606984,0.837495312291737,-0.0229837306881966
113,"constrained_alpha",0.0476269280703389,0.302373071929661,0.302373071929661,0.302373071929661,0.0707462955673648,0.488695208264789,0.289540557606984,0.837495312291737,0.0119263777738228
114,"unconstrained",0.127062977310999,0.265349413762017,0.0528473304320138,0.485363818243094,0.215125596506182,0.716175576557213,0.643586853408422,1.12918345176688,0.426185102615468
114,"constrained_alpha",0.0903726027612811,0.259627397238719,0.259627397238719,0.259627397238719,0.191257909279245,0.406836129001013,0.643586853408422,1.12918345176688,0.437722758017162
115,"unconstrained",0.0835092254550898,0.351662929222432,0.254506365044065,0.55436430086698,0.0895492037603466,0.365361680038363,0.935179080114926,2.77952234453481,-0.310022691087188
115,"constrained_alpha",0.00530290609971684,0.344697093900283,0.344697093900283,0.344697093900283,0.0806586491333691,0.176651733513379,0.935179080114926,2.77952234453481,-0.31583107894708
116,"unconstrained",0.0743043104082886,0.327686823407182,0.181900692800757,0.454732577887907,-0.128274551365543,0.362972333545583,0.594791409646476,1.53194703925969,0.270303839860378
116,"constrained_alpha",0.0161189727655789,0.333881027234421,0.333881027234421,0.333881027234421,-0.127736222156101,0.382605082273109,0.594791409646476,1.53194703925969,0.261824795855723
117,"unconstrained",0.074759695334269,0.357885545610279,0.265126435249351,0.579683010160498,0.0210886146669793,0.671577058447661,-0.113941843331262,0.862651915211996,0.0710819644600094
117,"constrained_alpha",0.0149581855902526,0.364958185590253,0.364958185590253,0.364958185590253,0.0562346229354865,0.428461129757054,-0.113941843331262,0.862651915211996,-0.0280052149668737
118,"unconstrained",0.0521983214784659,0.374670272375976,0.244584681802829,0.506986413949198,0.120507815289869,0.45169028723335,0.311222236772627,1.2344889006466,-0.37363231366553
118,"constrained_alpha",0.0345428984044706,0.384542898404471,0.384542898404471,0.384542898404471,0.102527325487483,0.390442507097859,0.311222236772627,1.2344889006466,-0.376428303685886
119,"unconstrained",0.100607107305484,0.323278028285412,0.176892011681944,0.605579949380096,-0.00813607715954893,0.68620210301557,0.901751936483093,2.11693663785014,0.220750257178967
119,"constrained_alpha",0.0316691794637202,0.31833082053628,0.31833082053628,0.31833082053628,-0.0128322024394627,0.410284439227065,0.901751936483093,2.11693663785014,0.24831245908949
120,"unconstrained",0.0874824491714669,0.367337898544416,0.152590805425205,0.532487306951951,-0.0469748083787623,0.523874892871641,0.58307032202409,1.06693894646503,-0.375664174356665
120,"constrained_alpha",0.0207531680681692,0.370753168068169,0.370753168068169,0.370753168068169,-0.0541933270915598,0.401299484681214,0.58307032202409,1.06693894646503,-0.399341597308858
121,"unconstrained",0.0889896765305932,0.349347474560234,0.160310292627051,0.504751415469426,0.0204351732129005,0.469071738429283,0.329672734330592,1.06814709147786,0.0143471901581895
121,"constrained_alpha",0.0150715857255763,0.334928414274424,0.334928414274424,0.334928414274424,0.0943163197875067,0.347558060128506,0.329672734330592,1.06814709147786,0.0166862468425937
122,"unconstrained",0.134058928709898,0.311569216296985,0.116861501930135,0.575792600648878,0.30623017723264,0.554790780351813,0.68107282404131,1.49832081342125,0.0523444558258219
122,"constrained_alpha",0.0518619810172655,0.298138018982734,0.298138018982734,0.298138018982734,0.367501422302294,0.563957347980684,0.68107282404131,1.49832081342125,0.0632352515928734
123,"unconstrained",0.0867367080882366,0.360421909775848,0.23024505451262,0.477497968788876,0.0497280537584891,0.511347140060013,0.559833009674392,1.27569340883337,0.257470538061491
123,"constrained_alpha",0.00667257505192098,0.356672575051921,0.356672575051921,0.356672575051921,0.015464892001524,0.367030646650221,0.559833009674392,1.27569340883337,0.266927975987373
124,"unconstrained",0.0938699714349895,0.404820111775513,0.214463593045722,0.637493640372989,0.0637781374434623,0.497272562624797,0.246935191146034,1.67787059553579,-0.462135419774004
124,"constrained_alpha",0.0354661586665586,0.385466158666559,0.385466158666559,0.385466158666559,0.187221420470427,0.41566935003148,0.246935191146034,1.67787059553579,-0.49207058772816
125,"unconstrained",0.0431460008553773,0.356673640706963,0.281398057616935,0.460184940053506,-0.224727013579833,0.516088869875353,0.0283551876932997,0.909529939079143,0.446837398678591
125,"constrained_alpha",0.014430938050255,0.364430938050255,0.364430938050255,0.364430938050255,-0.242658105717862,0.473744571245805,0.0283551876932997,0.909529939079143,0.422344961748536
126,"unconstrained",0.0961417252550205,0.335791773289842,0.108362014332595,0.45750620945877,-0.0257163313615278,0.517949285971705,0.98689241218063,3.36125340825075,-0.133114715406645
126,"constrained_alpha",0.00296611226923438,0.347033887730766,0.347033887730766,0.347033887730766,-0.0579547085792197,0.390520255818233,0.98689241218063,3.36125340825075,-0.0594733808162089
127,"unconstrained",0.0724569190265559,0.31906356803588,0.224341044415807,0.455948245847897,-0.117057435232017,0.437981873002947,0.406996204764318,0.971128951688272,-0.0349548964969535
127,"constrained_alpha",0.0346709283937497,0.31532907160625,0.31532907160625,0.31532907160625,-0.134320077771927,0.342902763531152,0.406996204764318,0.971128951688272,-0.015539616737396
128,"unconstrained",0.0995955495808962,0.380809893247784,0.13262318553395,0.575817590049397,-0.019381219007404,0.526999043893389,0.379352079437604,1.29230290319936,-0.26991064276421
128,"constrained_alpha",0.0354795170855211,0.385479517085521,0.385479517085521,0.385479517085521,0.0561558316185993,0.258890301602542,0.379352079437604,1.29230290319936,-0.398739375939216
129,"unconstrained",0.0972662676182124,0.331501177326444,0.170368951880036,0.552045915746844,0.32225683169796,0.587441867789463,0.379516109792281,1.0964851721934,-0.0832361541880549
129,"constrained_alpha",0.0269090613833706,0.323090938616629,0.323090938616629,0.323090938616629,0.330058807001547,0.480065963406145,0.379516109792281,1.0964851721934,-0.0938969482778069
130,"unconstrained",0.0653578055693501,0.370576342992063,0.225040129201572,0.475161128731846,0.165533025456369,0.445430370939117,-0.0392760847080287,0.568953812138675,0.0603753105756171
130,"constrained_alpha",0.0188883723631313,0.368888372363131,0.368888372363131,0.368888372363131,0.119476879740733,0.375812065723972,-0.0392760847080287,0.568953812138675,0.075876628566609
131,"unconstrained",0.0657781541571306,0.340888856626202,0.164927393770364,0.480129325068724,-0.192005361042474,0.584075278793201,0.512614742341451,1.32237391369373,0.252756640899333
131,"constrained_alpha",0.00483564095298683,0.345164359047013,0.345164359047013,0.345164359047013,-0.214440482905171,0.431179060873228,0.512614742341451,1.32237391369373,0.276445743874691
132,"unconstrained",0.0810160186987074,0.39512428214417,0.277535973502651,0.538259117510327,-0.0833324244643013,0.489164454425571,0.203601626186122,0.530525272774702,-0.0839433115413986
132,"constrained_alpha",0.0354379657192802,0.38543796571928,0.38543796571928,0.38543796571928,-0.130874086964901,0.454573275392082,0.203601626186122,0.530525272774702,-0.0177281861042449
133,"unconstrained",0.0766181159303262,0.331863390441653,0.176128582083301,0.510186681715403,0.115282332662764,0.599351670279492,0.645706210146005,1.07248534661355,-0.330076091438869
133,"constrained_alpha",0.0265623982896598,0.32343760171034,0.32343760171034,0.32343760171034,0.146244849662761,0.441487809312379,0.645706210146005,1.07248534661355,-0.354788890208916
134,"unconstrained",0.0999667630905899,0.327649841845693,0.159085705638081,0.520561043533378,0.380776763434744,0.724541490563024,0.346054744391257,0.686458489107199,-0.301578931516891
134,"constrained_alpha",0.0395846696001156,0.310415330399884,0.310415330399884,0.310415330399884,0.560962983549371,0.77503482439651,0.346054744391257,0.686458489107199,-0.382280662721176
135,"unconstrained",0.102556945638781,0.38078689848874,0.175836892568021,0.644195865804289,0.147128826686224,0.873900720118932,4.2861341501468,14.0200908915021,-0.203416131203761
135,"constrained_alpha",0.0193889263095248,0.369388926309525,0.369388926309525,0.369388926309525,0.183848453313667,0.640867670303303,4.2861341501468,14.0200908915021,-0.124671267432895
136,"unconstrained",0.125163774843982,0.360910934900692,0.140175999693653,0.580296253671894,0.135439806645021,0.820793095911693,0.636007579920762,1.16685329788754,-0.327010514754211
136,"constrained_alpha",0.0133191533166138,0.336680846683386,0.336680846683386,0.336680846683386,0.160602741928684,0.345752905427271,0.636007579920762,1.16685329788754,-0.329342021760047
137,"unconstrained",0.0740808406074428,0.345138585041612,0.238394176317184,0.501178714019448,-0.0718742072178346,0.615524755984254,0.387205697413368,1.13186276523491,0.145640814772514
137,"constrained_alpha",0.00189127077057627,0.348108729229424,0.348108729229424,0.348108729229424,-0.0473763095892742,0.447100288357211,0.387205697413368,1.13186276523491,0.158872421524827
138,"unconstrained",0.118464020578873,0.375358788407456,0.191376295844785,0.573847890142641,-0.0893439717887063,0.564250651739686,0.379175464251626,1.82333659652066,-0.218647327525421
138,"constrained_alpha",0.0138533479113124,0.363853347911312,0.363853347911312,0.363853347911312,-0.0029590576659703,0.560878195714216,0.379175464251626,1.82333659652066,-0.237747900104907
139,"unconstrained",0.116233963511293,0.368018862602234,0.107161589978288,0.624040191165597,0.126769887420877,0.496268014993969,2.3387249189036,7.01232156640212,-0.153550977540084
139,"constrained_alpha",0.00376455987646346,0.346235440123537,0.346235440123537,0.346235440123537,0.0952864467420741,0.321919048771409,2.3387249189036,7.01232156640212,-0.0916994532524009
140,"unconstrained",0.098026563477372,0.341206741031601,0.181325301410771,0.607111010308611,0.274185918643064,0.544613830477804,0.575466406472092,0.984714720797492,-0.372936258703557
140,"constrained_alpha",0.0286587437434378,0.321341256256562,0.321341256256562,0.321341256256562,0.373399505443288,0.515881798041642,0.575466406472092,0.984714720797492,-0.422149200626185
141,"unconstrained",0.0959870749620056,0.325179898757606,0.105619293738137,0.49646218913497,0.00399166452034646,0.562519101650946,-0.106299323027345,0.428972342411054,-0.230897034014429
141,"constrained_alpha",0.0147258272403052,0.335274172759695,0.335274172759695,0.335274172759695,0.042126722289768,0.386774540911093,-0.106299323027345,0.428972342411054,-0.214214821266532
142,"unconstrained",0.0757434455404062,0.359947246925258,0.147528361730246,0.515069124288602,0.102845002601308,0.411897551080024,0.277696238477123,0.864283311967704,0.0435484700183046
142,"constrained_alpha",0.0084838693235551,0.358483869323555,0.358483869323555,0.358483869323555,0.179440504165996,0.34953814623878,0.277696238477123,0.864283311967704,-0.0288178089812656
143,"unconstrained",0.06875682585455,0.372232651207165,0.229409315714824,0.493771614241526,0.240403748171167,0.436568319159437,0.775350732623317,2.25595466564729,-0.471970671750375
143,"constrained_alpha",0.0174743340899399,0.36747433408994,0.36747433408994,0.36747433408994,0.217439472167447,0.459306953832475,0.775350732623317,2.25595466564729,-0.472120962536559
144,"unconstrained",0.0528566730458341,0.316383394926396,0.225322750350776,0.40416534246787,0.147662124475776,0.518137752515089,0.0950692791519716,0.483654804527112,0.177789868691674
144,"constrained_alpha",0.035333515263182,0.314666484736818,0.314666484736818,0.314666484736818,0.117852882275014,0.372822451692798,0.0950692791519716,0.483654804527112,0.196179116898383
145,"unconstrained",0.0906881856358794,0.30915035032063,0.0550576648220697,0.460384994599137,0.334374668845959,0.826293452874524,0.705909550038653,2.277631837169,-0.104985598194599
145,"constrained_alpha",0.0383985793482517,0.311601420651748,0.311601420651748,0.311601420651748,0.260063600190606,0.466991136525016,0.705909550038653,2.277631837169,-0.082601103173801
146,"unconstrained",0.136599731193019,0.403337188318217,0.160772735180428,0.695401763981604,-0.194312392580941,0.524689248160478,0.407180667868192,1.40176209691533,-0.0766569548105964
146,"constrained_alpha",0.0506420203031751,0.400642020303175,0.400642020303175,0.400642020303175,-0.171152008446668,0.268026967523247,0.407180667868192,1.40176209691533,-0.122746390986314
147,"unconstrained",0.105529058317249,0.305836144552718,0.177167648489707,0.486563097261823,0.192508297308992,0.636028658659908,0.124341105099442,0.603073859088374,-0.192639347037069
147,"constrained_alpha",0.0405622151657745,0.309437784834225,0.309437784834225,0.309437784834225,0.127500294922769,0.462836528274103,0.124341105099442,0.603073859088374,-0.145712006262075
148,"unconstrained",0.0891981393814619,0.317114584993404,0.0336531581236586,0.482044231692729,0.0922757827763439,0.563254876318255,0.207275634302835,0.831366217820133,0.237458451136624
148,"constrained_alpha",0.0221581478832465,0.327841852116753,0.327841852116753,0.327841852116753,0.160021857160632,0.389717546015735,0.207275634302835,0.831366217820133,0.169128889492388
149,"unconstrained",0.0483291233817171,0.318342518986402,0.219953338458815,0.415297049317921,0.0126363403546687,0.442330295477899,0.231829109621747,0.737336101187272,0.261777830854073
149,"constrained_alpha",0.0255463821045214,0.324453617895479,0.324453617895479,0.324453617895479,0.0138621332412581,0.378150471990896,0.231829109621747,0.737336101187272,0.248162307279011
150,"unconstrained",0.0463126884546316,0.352247531914024,0.249671757634861,0.43251253937978,0.0774533108756959,0.381702445844863,0.244007313652366,0.819549307218919,-0.19960375399112
150,"constrained_alpha",0.00235063237955463,0.347649367620445,0.347649367620445,0.347649367620445,0.0865494008719937,0.381457310444424,0.244007313652366,0.819549307218919,-0.215392052306515
151,"unconstrained",0.0737568877663116,0.337794669020137,0.20668240264316,0.46374813806473,-0.00824871944915079,0.614456388068027,1.11316016817835,3.25461734264487,0.210092990347669
151,"constrained_alpha",0.0209102279126875,0.329089772087312,0.329089772087312,0.329089772087312,-0.048564610038521,0.407639816421897,1.11316016817835,3.25461734264487,0.25528195811835
152,"unconstrained",0.0707768972203571,0.337786489120285,0.181635362536814,0.53492847756599,-0.0381106377346413,0.571314595570901,0.370237793825124,0.649536989050615,0.352865644907058
152,"constrained_alpha",0.00549782445503627,0.344502175544964,0.344502175544964,0.344502175544964,-0.0658150741708652,0.320183176212281,0.370237793825124,0.649536989050615,0.36382427432265
153,"unconstrained",0.0727872058082491,0.393839865502663,0.275973676732609,0.535009712219426,-0.290841266625069,0.448254763186283,0.265626874630631,0.799615345393002,0.293681860905873
153,"constrained_alpha",0.032850141563438,0.382850141563438,0.382850141563438,0.382850141563438,-0.271121853702675,0.343857458897338,0.265626874630631,0.799615345393002,0.277876367050165
154,"unconstrained",0.075181085922766,0.34006111162511,0.183607249126796,0.517895287616457,0.319311614151737,0.66279266953786,-0.0592094589715892,0.470805180687616,0.0310323707801259
154,"constrained_alpha",0.00728516777916566,0.342714832220834,0.342714832220834,0.342714832220834,0.324640557111327,0.536994436398127,-0.0592094589715892,0.470805180687616,-0.0167589512777173
155,"unconstrained",0.0589762656886938,0.369796939871742,0.176188749663236,0.474559671093161,-0.101586948021527,0.448491107644382,0.259944029506598,0.758498471739121,0.145935417359397
155,"constrained_alpha",0.0167206299217539,0.366720629921754,0.366720629921754,0.366720629921754,-0.083586001302521,0.403777424340257,0.259944029506598,0.758498471739121,0.117619628648407
156,"unconstrained",0.127390261188016,0.304573758601125,0.0676723972035064,0.601020586495694,0.390322393679293,0.831098856540543,0.898423010193414,1.91871164540727,-0.0988027646219884
156,"constrained_alpha",0.0406047794679326,0.309395220532067,0.309395220532067,0.309395220532067,0.389778229039426,0.57049353406534,0.898423010193414,1.91871164540727,-0.0347370721018938
157,"unconstrained",0.0828317925929044,0.372602237600446,0.236249186906473,0.532286639448465,0.000596280644929466,0.637013128457277,0.218364482717683,0.704588846485896,-0.192850674443099
157,"constrained_alpha",0.0230820750062125,0.373082075006212,0.373082075006212,0.373082075006212,-0.0285876090099653,0.47634435517035,0.218364482717683,0.704588846485896,-0.187968206085737
158,"unconstrained",0.10392646816754,0.396755354225953,0.215915723244841,0.597299830645191,-0.308116004690683,0.661851999088552,0.0125908664261913,0.705416033082974,0.105640510965162
158,"constrained_alpha",0.0564540627462989,0.406454062746299,0.406454062746299,0.406454062746299,-0.357623160294076,0.614983087642995,0.0125908664261913,0.705416033082974,0.18318443711529
159,"unconstrained",0.115381199800407,0.362900455841794,0.14825603893827,0.625752299725454,-0.274229645905577,0.690909238195741,0.204502408095125,1.12284716856267,0.306995239327792
159,"constrained_alpha",0.0124099272169225,0.337590072783077,0.337590072783077,0.337590072783077,-0.340148654067321,0.517403604533484,0.204502408095125,1.12284716856267,0.412660617792491
160,"unconstrained",0.112367690054591,0.356655359772405,0.0458642028324825,0.499278303876484,-0.326278169822612,0.748894991772525,0.323504562448737,0.917484543172613,0.201196402365031
160,"constrained_alpha",0.0343841377800871,0.384384137780087,0.384384137780087,0.384384137780087,-0.428109386273132,0.620503732671815,0.323504562448737,0.917484543172613,0.244931121951889
161,"unconstrained",0.111615514014809,0.389381676898684,0.111937284340424,0.600142019586119,-0.350609670440542,0.757399751304214,0.422407578633686,1.18532892479624,-0.0526082095447447
161,"constrained_alpha",0.0314422858193781,0.381442285819378,0.381442285819378,0.381442285819378,-0.294914489364211,0.418666339367947,0.422407578633686,1.18532892479624,-0.123043221795009
162,"unconstrained",0.0808814946869133,0.359972902659372,0.234896157338997,0.511175270173029,-0.165689133216414,0.515059344478941,0.668326583557516,1.19844773801008,-0.00526381622072658
162,"constrained_alpha",0.0106584596185826,0.360658459618583,0.360658459618583,0.360658459618583,-0.0855228783864985,0.350902785896832,0.668326583557516,1.19844773801008,-0.0631269222001907
163,"unconstrained",0.0736598362283252,0.335906380965684,0.190696978537281,0.50459966423351,0.114973382176774,0.582771691369063,0.41059840137092,1.05074302717735,0.237426523921296
163,"constrained_alpha",0.0153344784552445,0.334665521544755,0.334665521544755,0.334665521544755,0.132697562269504,0.525243989405738,0.41059840137092,1.05074302717735,0.2172232259124
164,"unconstrained",0.0922023825414601,0.322367457023315,0.180311015717559,0.478416828538928,0.00455132468967066,0.581979509438608,0.158255363860145,0.670780175424249,-0.0581729062002097
164,"constrained_alpha",0.0244850171323573,0.325514982867643,0.325514982867643,0.325514982867643,0.0597353661072745,0.48842820965569,0.158255363860145,0.670780175424249,-0.12120574857614
165,"unconstrained",0.122052646312515,0.381116933159833,0.183157470571265,0.585563245406124,-0.0517870717611901,0.635019920602783,0.959668854729348,1.63478329652211,-0.18494745254366
165,"constrained_alpha",0.0281784899674991,0.378178489967499,0.378178489967499,0.378178489967499,-0.00145101599475816,0.36439199590336,0.959668854729348,1.63478329652211,-0.218090196141949
166,"unconstrained",0.0832294010261628,0.346464800321592,0.145567995592905,0.530189816700038,-0.0599091265419054,0.459123415787476,0.622576856467292,1.28555043748526,0.102762129634403
166,"constrained_alpha",5.25053924747554e-05,0.350052505392475,0.350052505392475,0.350052505392475,-0.0796734730636281,0.308339904998675,0.622576856467292,1.28555043748526,0.108788786996897
167,"unconstrained",0.118626331664764,0.3649376810194,0.127236765532988,0.53155220350853,-0.141560417226736,0.558037876357159,-0.0505029549612069,1.06035383772785,-0.278367169195931
167,"constrained_alpha",0.0257047562531417,0.375704756253142,0.375704756253142,0.375704756253142,-0.134159526731117,0.312803069786441,-0.0505029549612069,1.06035383772785,-0.259197259766955
168,"unconstrained",0.0533546907786328,0.327531257305655,0.153963231427555,0.393747244265488,0.00171253186257322,0.289920764101073,1.40177459335526,4.69242670638643,0.0029175141691844
168,"constrained_alpha",0.0147124456675272,0.335287554332473,0.335287554332473,0.335287554332473,-0.0121686976643026,0.202275556901376,1.40177459335526,4.69242670638643,0.0220548575907542
169,"unconstrained",0.0812045519861671,0.342904865118369,0.155379597099045,0.574285679634058,0.0764809219562637,0.600668899486397,0.889778447272429,1.85622210038325,0.172276836270725
169,"constrained_alpha",0.0212761500189594,0.328723849981041,0.328723849981041,0.328723849981041,0.0716332791095907,0.321517399415848,0.889778447272429,1.85622210038325,0.218979512160978
170,"unconstrained",0.0857487568231135,0.294556388600707,0.115751727869077,0.451444954876522,0.170497457946727,0.496332529278033,0.597728473883509,0.806800351242825,0.187602469708594
170,"constrained_alpha",0.0467130524511754,0.303286947548825,0.303286947548825,0.303286947548825,0.203028558345238,0.352830837743141,0.597728473883509,0.806800351242825,0.147181430698024
171,"unconstrained",0.065093852196884,0.340022180611349,0.178697604338739,0.445893099632933,0.144941374875734,0.38269401051678,0.231818463441102,0.603102042036579,-0.0690807546059835
171,"constrained_alpha",0.0072037264422552,0.342796273557745,0.342796273557745,0.342796273557745,0.102345090240884,0.241634557157873,0.231818463441102,0.603102042036579,-0.00342258309826149
172,"unconstrained",0.0883220916152414,0.374543806328592,0.160884961790163,0.568108240422633,-0.263089193900732,0.661494310396264,0.338752518519984,1.09235088732444,-0.0877069962090382
172,"constrained_alpha",0.0136585768561788,0.363658576856179,0.363658576856179,0.363658576856179,-0.182222904987166,0.338833491356605,0.338752518519984,1.09235088732444,-0.214211135997703
173,"unconstrained",0.10995164295322,0.401711733578942,0.205720218504187,0.544488090353517,-0.14809852834309,0.522509157928368,0.07827678918295,0.959404877871018,-0.00298641701784241
173,"constrained_alpha",0.0332591192516219,0.383259119251622,0.383259119251622,0.383259119251622,-0.0777925409965937,0.325212291502303,0.07827678918295,0.959404877871018,-0.0132718376680705
174,"unconstrained",0.0965875001441628,0.395743576735796,0.209358729462251,0.589204173542416,-0.134600187316205,0.773508009749575,0.153311460147569,0.882533647688026,-0.0715733439941522
174,"constrained_alpha",0.0525137061866832,0.402513706186683,0.402513706186683,0.402513706186683,-0.166816446314266,0.55413057228357,0.153311460147569,0.882533647688026,-0.0840583103655217
175,"unconstrained",0.0773949565046066,0.323789152199804,0.153545058964193,0.468645347114,0.161439145337507,0.663779285515068,0.702428502397152,1.38414987431033,-0.0577427833235409
175,"constrained_alpha",0.0278067983897599,0.32219320161024,0.32219320161024,0.32219320161024,0.209764654936357,0.544987120062726,0.702428502397152,1.38414987431033,-0.102750963842297
176,"unconstrained",0.0705309619923206,0.368504407643879,0.213659293424001,0.459119945484037,-0.174525089176253,0.485046379827192,-0.110010500142408,0.313610434690581,0.207544388372059
176,"constrained_alpha",0.0195628991217405,0.369562899121741,0.369562899121741,0.369562899121741,-0.182263624913282,0.374420213987668,-0.110010500142408,0.313610434690581,0.192344838417958
177,"unconstrained",0.106419768154375,0.363140146445164,0.224929875566395,0.857595745397738,-0.0410172673315914,0.999847597562838,4.67803219128364,13.9144817886766,-0.0339458049801347
177,"constrained_alpha",0.0771000222215147,0.427100022221515,0.427100022221515,0.427100022221515,-0.237049543130481,0.844745108330952,4.67803219128364,13.9144817886766,0.0123092172826755
178,"unconstrained",0.0836392827415625,0.352309100477697,0.137517881923855,0.451982489246761,-0.107162753098813,0.523938990520749,-0.0345505676192083,0.52607995501801,-0.398456657438794
178,"constrained_alpha",0.0234022183612294,0.373402218361229,0.373402218361229,0.373402218361229,-0.0854304216580938,0.433644177638982,-0.0345505676192083,0.52607995501801,-0.429962720010722
179,"unconstrained",0.111977228871255,0.319216358003745,0.144578976815334,0.55372189007063,0.375490765517984,0.787799947636123,0.926007066140103,3.14540954867955,-0.399735847647657
179,"constrained_alpha",0.0500660676431664,0.299933932356834,0.299933932356834,0.299933932356834,0.449405576919041,0.515659066852314,0.926007066140103,3.14540954867955,-0.325331354072581
180,"unconstrained",0.0842595429638408,0.368927919552478,0.215219064320772,0.506848615953001,0.0398631616572712,0.520525070506031,0.409454575440857,1.22468186159408,-0.13640356177377
180,"constrained_alpha",0.0140791097977148,0.364079109797715,0.364079109797715,0.364079109797715,0.0209491312609202,0.306907801812543,0.409454575440857,1.22468186159408,-0.108974399397335
181,"unconstrained",0.108452659142823,0.328108462006665,0.0210405293231988,0.624347864348555,0.0730717920777817,0.708369952012489,-0.074593480094783,0.475493652431637,0.0349194951259728
181,"constrained_alpha",0.0101664571476106,0.339833542852389,0.339833542852389,0.339833542852389,0.133263759431988,0.459286017596564,-0.074593480094783,0.475493652431637,0.00787072797382993
182,"unconstrained",0.116076400010731,0.303902699724466,0.0676901899418213,0.479245072668614,-0.0303837229134973,0.538113314750043,0.311164802930572,0.97336144595955,0.231991587421565
182,"constrained_alpha",0.05048394057348,0.29951605942652,0.29951605942652,0.29951605942652,-0.0724771407138799,0.312609979870069,0.311164802930572,0.97336144595955,0.217910497321196
183,"unconstrained",0.038218425412114,0.346483970089858,0.279986313904419,0.419325674847136,-0.108306303015395,0.493648525964591,0.0712134539685286,0.642722482342608,0.328691046470446
183,"constrained_alpha",0.00275855537742553,0.347241444622574,0.347241444622574,0.347241444622574,-0.120187253800412,0.500545718479129,0.0712134539685286,0.642722482342608,0.327872530183517
184,"unconstrained",0.0769230350779903,0.387438681189291,0.247923613514942,0.521962055991874,-0.087635393282936,0.500678725896469,1.53261083481554,4.18917473497874,-0.318912191444962
184,"constrained_alpha",0.036383388791319,0.386383388791319,0.386383388791319,0.386383388791319,-0.0928017160398975,0.470455730300671,1.53261083481554,4.18917473497874,-0.315810224807425
185,"unconstrained",0.0647551831025944,0.362350850195288,0.214072944699012,0.51007556624611,0.11477776981533,0.407630897835684,0.767254364207457,1.55876081969202,-0.334739554965245
185,"constrained_alpha",0.0104262251595927,0.360426225159593,0.360426225159593,0.360426225159593,0.109540278198165,0.402297022092172,0.767254364207457,1.55876081969202,-0.343969513379915
186,"unconstrained",0.0720701970764301,0.345151164790272,0.101144676845821,0.467648253752575,0.37247333940504,0.813233873816782,0.570070595403726,1.16561138924883,-0.0840291847012293
186,"constrained_alpha",0.00850476777450232,0.341495232225498,0.341495232225498,0.341495232225498,0.337954173788623,0.594762974530996,0.570070595403726,1.16561138924883,-0.0108002583475391
187,"unconstrained",0.0660263023675155,0.359324310029133,0.253446129739528,0.499308736795515,0.187354074541626,0.591595062020994,0.44455414185028,1.04911859712142,-0.415134023067115
187,"constrained_alpha",0.0127519056651559,0.362751905665156,0.362751905665156,0.362751905665156,0.147344204330508,0.342087583657194,0.44455414185028,1.04911859712142,-0.373162327087347
188,"unconstrained",0.0857611095063992,0.367885846622392,0.19275712791436,0.654999352345777,0.0309262331541677,0.584345709355827,0.386369606817434,1.08983945392547,-0.127571484843724
188,"constrained_alpha",0.00926089453233442,0.359260894532334,0.359260894532334,0.359260894532334,0.0974651927515314,0.322723542964855,0.386369606817434,1.08983945392547,-0.147999666815463
189,"unconstrained",0.0875103868712645,0.340030393241679,0.155167987775437,0.552550341916128,-0.12327226732175,0.563596814305457,0.0331228682863274,0.45185632940957,0.542342509809309
189,"constrained_alpha",0.0236254061710245,0.326374593828975,0.326374593828975,0.326374593828975,-0.169530127546535,0.517746578414681,0.0331228682863274,0.45185632940957,0.631310240309469
190,"unconstrained",0.105200416891191,0.364908201396758,0.101137746922041,0.554446689565738,-0.0429378029010045,0.491398737374499,0.615477737208054,1.12175449737776,-0.105458518484077
190,"constrained_alpha",0.000961713906942885,0.349038286093057,0.349038286093057,0.349038286093057,-0.110797558617035,0.36085067734196,0.615477737208054,1.12175449737776,-0.0529998688566666
191,"unconstrained",0.107398571072273,0.323872078896541,0.152456236891645,0.541997962484521,0.0793171142181256,0.606218267148448,0.466241256107804,0.879855794134878,-0.158912791182456
191,"constrained_alpha",0.0464803883095269,0.303519611690473,0.303519611690473,0.303519611690473,0.105778013196988,0.395682439512274,0.466241256107804,0.879855794134878,-0.149177856759431
192,"unconstrained",0.06008043371138,0.34660433835193,0.227911307271666,0.482855919273455,0.144824264178747,0.550250141860425,0.410128377440332,0.858446840434838,0.0341843508545641
192,"constrained_alpha",0.011174484543216,0.338825515456784,0.338825515456784,0.338825515456784,0.191336476062674,0.364228900635674,0.410128377440332,0.858446840434838,0.0238546572378504
193,"unconstrained",0.0882270243762234,0.329845256864598,0.176649607870568,0.513375908483926,0.183037641804805,0.460603600448449,0.648406276772814,2.16979700520038,0.0612600220393638
193,"constrained_alpha",0.0229852438302073,0.327014756169793,0.327014756169793,0.327014756169793,0.237557936370636,0.427769020172809,0.648406276772814,2.16979700520038,0.0370484615555671
194,"unconstrained",0.0934380894993398,0.389321211984248,0.271374072733826,0.641167112937285,-0.182900967150748,0.597646952066016,0.633348683528418,1.49207210514247,0.234689334296629
194,"constrained_alpha",0.0286605306684256,0.378660530668426,0.378660530668426,0.378660530668426,-0.177244594200896,0.388318596289137,0.633348683528418,1.49207210514247,0.290383421181911
195,"unconstrained",0.0810029040532153,0.291389204482802,0.15807275893791,0.430092993212639,-0.0959197963913943,0.695889280037951,0.460064104461114,0.822784693576623,0.501460869791733
195,"constrained_alpha",0.0475846524906994,0.302415347509301,0.302415347509301,0.302415347509301,-0.0884241682625796,0.436339462311446,0.460064104461114,0.822784693576623,0.458401587925609
196,"unconstrained",0.105523975660583,0.357338669077146,0.232715616978702,0.591164700559574,0.0247616653532056,0.446754808313935,0.618696526472564,1.36270579552614,-0.228713554531345
196,"constrained_alpha",0.0168681259996497,0.33313187400035,0.33313187400035,0.33313187400035,0.0975518828859873,0.540040949554041,0.618696526472564,1.36270579552614,-0.133227629109213
197,"unconstrained",0.106003720344202,0.359632985803445,0.102733621513753,0.581593648416781,-0.0285908178137606,0.73246501211329,0.562161359949667,1.30707855071591,0.209099014304653
197,"constrained_alpha",0.00533865580435028,0.35533865580435,0.35533865580435,0.35533865580435,0.0421556210227763,0.538522402191535,0.562161359949667,1.30707855071591,0.131412999011919
198,"unconstrained",0.0607587077890636,0.326463205514232,0.221779583654799,0.441784296274544,0.117871129406572,0.535290067098924,0.668805605006876,1.18518826384888,-0.198178783153233
198,"constrained_alpha",0.0156331771064409,0.334366822893559,0.334366822893559,0.334366822893559,0.116411349183499,0.374183875797129,0.668805605006876,1.18518826384888,-0.209179269281737
199,"unconstrained",0.0642399996655796,0.349260832127068,0.248762676560948,0.461033923547632,0.121074581173848,0.46176629559622,0.41365401667922,1.26532189908045,-0.226305407815277
199,"constrained_alpha",0.00741133258193166,0.357411332581932,0.357411332581932,0.357411332581932,0.11251978885554,0.360027568923678,0.41365401667922,1.26532189908045,-0.243704039815053
200,"unconstrained",0.0530222609246936,0.338292054628154,0.195492355690482,0.415356487461493,0.282170763005277,0.713274389329743,0.185851416826942,0.58533370255235,-0.348974145703185
200,"constrained_alpha",0.00215215688643977,0.34784784311356,0.34784784311356,0.34784784311356,0.236915941190055,0.541002401954853,0.185851416826942,0.58533370255235,-0.341117557214019
201,"unconstrained",0.0484341495059887,0.327141064329735,0.21627772860624,0.423885757711078,0.305348906765083,0.489032779768573,0.550707387342016,0.88501487760505,-0.000481818237308085
201,"constrained_alpha",0.0225387161517349,0.327461283848265,0.327461283848265,0.327461283848265,0.283467566386734,0.409040594966468,0.550707387342016,0.88501487760505,-0.00227238543881048
202,"unconstrained",0.0625502683875821,0.337567236304024,0.244146733437979,0.484577415934105,0.174649055741213,0.503743849574814,1.66614929783397,3.69599287520019,-0.122280686937984
202,"constrained_alpha",0.0183338997269422,0.331666100273058,0.331666100273058,0.331666100273058,0.273163777958806,0.411380031872402,1.66614929783397,3.69599287520019,-0.157654357189206
203,"unconstrained",0.0995705114018719,0.350715968919656,0.162346883038389,0.631642223435385,0.0673319954219521,0.489524198147655,0.167425004553815,0.941530332639051,-0.198421020452165
203,"constrained_alpha",0.000785050785466146,0.349214949214534,0.349214949214534,0.349214949214534,0.0790906951243283,0.327392363143132,0.167425004553815,0.941530332639051,-0.25162205633688
204,"unconstrained",0.0777472472089754,0.364734831417125,0.223529905770137,0.549165598694493,-0.0224401917927629,0.466961669912431,0.180034010908948,0.445890217692156,-0.202662604666702
204,"constrained_alpha",0.012835796594675,0.362835796594675,0.362835796594675,0.362835796594675,-0.0876104625320382,0.364808165424411,0.180034010908948,0.445890217692156,-0.168323815645045
205,"unconstrained",0.112102065102721,0.331213900842623,0.130631740015038,0.52932816604078,0.0326720932582406,0.631849812402644,0.35287197078205,1.15387602736138,0.378706690984553
205,"constrained_alpha",0.0253144346010654,0.324685565398935,0.324685565398935,0.324685565398935,0.0104822606926737,0.313180593653515,0.35287197078205,1.15387602736138,0.306376190134236
206,"unconstrained",0.120167725122701,0.36890499410003,0.0893048059976384,0.69602620826579,-0.286521575837267,0.743547161401314,0.949265631477418,1.79752783981354,0.18985917480446
206,"constrained_alpha",0.0015075561822418,0.348492443817758,0.348492443817758,0.348492443817758,-0.173320359268605,0.386823331393489,0.949265631477418,1.79752783981354,0.189607885199577
207,"unconstrained",0.095216024424041,0.299763245693963,0.192937212941563,0.575228357913326,0.293702902178111,0.637568452594078,0.832115978116226,1.25025036372581,-0.254465803408305
207,"constrained_alpha",0.0638452799842335,0.286154720015766,0.286154720015766,0.286154720015766,0.339867240328782,0.617005938152027,0.832115978116226,1.25025036372581,-0.244403314688651
208,"unconstrained",0.0716202335002137,0.358911821515035,0.190052626472498,0.595995566439554,0.0137795936055867,0.498229947241239,0.372303905631696,0.887238129600374,-0.0606111829990306
208,"constrained_alpha",0.0183170560307168,0.368317056030717,0.368317056030717,0.368317056030717,0.0211274679948001,0.291494965672455,0.372303905631696,0.887238129600374,-0.10204633303998
209,"unconstrained",0.0691914227450854,0.361720670661604,0.214720521910768,0.49841550719276,0.161868651284857,0.540947416290326,0.228078644415343,0.812249452029062,-0.345776123629325
209,"constrained_alpha",0.0177932292972156,0.367793229297216,0.367793229297216,0.367793229297216,0.130017898876644,0.407284674622378,0.228078644415343,0.812249452029062,-0.367991779236776
210,"unconstrained",0.124209045117523,0.359555531942092,0.120759292241319,0.597698607385887,-0.282654579995113,0.732987300994762,4.37163305674914,13.9598776457011,0.377770835728471
210,"constrained_alpha",0.0277913247148264,0.377791324714826,0.377791324714826,0.377791324714826,-0.287776011712834,0.505620817182336,4.37163305674914,13.9598776457011,0.353437175007317
211,"unconstrained",0.102855117973634,0.372290400462147,0.122408461858887,0.524302917571467,0.204559041680939,0.741253981679829,0.385192735124956,0.995623450794185,-0.247196799698434
211,"constrained_alpha",0.0129533059172346,0.362953305917235,0.362953305917235,0.362953305917235,0.191921449460597,0.455912032200807,0.385192735124956,0.995623450794185,-0.168225986439322
212,"unconstrained",0.110045831677256,0.381574966995185,0.202832460023433,0.505987918059724,0.119407736648036,0.773079093530806,0.587223884571458,1.30335620274838,-0.201598801544187
212,"constrained_alpha",0.0384720647546395,0.38847206475464,0.38847206475464,0.38847206475464,-0.00448139057390208,0.477924452399426,0.587223884571458,1.30335620274838,-0.146147588434143
213,"unconstrained",0.120817179877723,0.365766894526287,0.021903408938369,0.611616728420978,-0.0160565484993882,0.768758821845029,0.727370826396624,1.52420239995858,-0.319500923756096
213,"constrained_alpha",0.0246904916635787,0.374690491663579,0.374690491663579,0.374690491663579,0.00920961120968746,0.423211693322979,0.727370826396624,1.52420239995858,-0.298525554644911
214,"unconstrained",0.0973788568532868,0.308168404345248,0.124449416210376,0.456739162495935,0.425528638922118,0.719688971019221,0.0229471589130848,0.777612213434419,0.113922034234299
214,"constrained_alpha",0.0440313132297532,0.305968686770247,0.305968686770247,0.305968686770247,0.448432102200337,0.608928919638921,0.0229471589130848,0.777612213434419,0.0114912662160931
215,"unconstrained",0.0834542923133853,0.349555808542053,0.219007984799821,0.518963688388428,0.241551785011806,0.519870095693623,-0.0287522131771127,0.470988731883128,0.0606144366121997
215,"constrained_alpha",0.00307812464801815,0.346921875351982,0.346921875351982,0.346921875351982,0.184169114262628,0.415753275295816,-0.0287522131771127,0.470988731883128,0.0623785874305247
216,"unconstrained",0.138588937407918,0.325335833978016,0.0393419417377457,0.573740593906153,0.103772330709135,0.812180452142385,0.781858615496179,1.60326651525515,0.110600633850975
216,"constrained_alpha",0.0144369027273015,0.335563097272699,0.335563097272699,0.335563097272699,0.035219084704001,0.424175736022022,0.781858615496179,1.60326651525515,0.0912974899203465
217,"unconstrained",0.0838938483142909,0.302932124642058,0.173411159304705,0.495622005486428,0.185950192820827,0.560138577134935,0.288743681259253,0.806701790435522,0.0691019507759176
217,"constrained_alpha",0.0478501793278273,0.302149820672173,0.302149820672173,0.302149820672173,0.202940976720511,0.400441777403,0.288743681259253,0.806701790435522,0.0596530738652088
218,"unconstrained",0.0667234753313476,0.348053681331592,0.212273592699617,0.492847847559208,-0.318947762319406,0.625867138105498,0.180740822912233,0.962906933391536,0.362290936929521
218,"constrained_alpha",0.0111531776984176,0.338846822301582,0.338846822301582,0.338846822301582,-0.253792154477489,0.402829426712364,0.180740822912233,0.962906933391536,0.309343239386247
219,"unconstrained",0.0505431777713138,0.346076240555024,0.211690759890124,0.50245733236623,0.121668180602113,0.489744408808847,0.979733524994026,2.22401919446989,0.131368873250256
219,"constrained_alpha",0.010195540101391,0.339804459898609,0.339804459898609,0.339804459898609,0.119638242416242,0.386555651552407,0.979733524994026,2.22401919446989,0.147473433871937
220,"unconstrained",0.100583432049199,0.373136494570442,0.123284604139643,0.563930409662117,0.105915613747162,0.604131350773013,0.392632283121794,0.918719074396972,-0.225059265515188
220,"constrained_alpha",0.00144187379483479,0.351441873794835,0.351441873794835,0.351441873794835,0.146526426727812,0.327948177360229,0.392632283121794,0.918719074396972,-0.19328701363814
221,"unconstrained",0.0735128940919645,0.319661951088423,0.210354759699555,0.447641366200739,0.00352469397825746,0.540680809861734,0.59902379179539,1.10519947534249,0.268974337191524
221,"constrained_alpha",0.0299894788010578,0.320010521198942,0.320010521198942,0.320010521198942,0.00200542238968212,0.541695696560509,0.59902379179539,1.10519947534249,0.252843828047269
222,"unconstrained",0.0792749478071136,0.339038943603329,0.156748195310647,0.540621574241124,0.253094482630906,0.462576960722592,0.83302897022925,1.74861786232185,0.233009096739262
222,"constrained_alpha",0.0288473571737082,0.321152642826292,0.321152642826292,0.321152642826292,0.234566948997514,0.334887973223984,0.83302897022925,1.74861786232185,0.262267215782374
223,"unconstrained",0.104330788366559,0.319943709617287,0.0867322150571031,0.512080516947502,0.0174088516950449,0.570009825681068,0.772292937383095,1.59757137199573,0.363014963123044
223,"constrained_alpha",0.0473772126740402,0.30262278732596,0.30262278732596,0.30262278732596,0.125546730852669,0.446740408769164,0.772292937383095,1.59757137199573,0.307100769189073
224,"unconstrained",0.0738732225063659,0.353883705340991,0.220019056977092,0.617708399619123,-0.059913765759342,0.557537091509537,0.943014092827391,1.43600199266229,-0.0540740484475908
224,"constrained_alpha",0.00767977676041032,0.34232022323959,0.34232022323959,0.34232022323959,-0.0386138151741435,0.431769688849202,0.943014092827391,1.43600199266229,-0.0586570842932681
225,"unconstrained",0.108103163604771,0.418523566622631,0.177450428320336,0.582649433706747,-0.173757819991036,0.431853569733349,0.012023589453831,1.15889734554078,-0.0739194220059036
225,"constrained_alpha",0.0609914719185284,0.410991471918528,0.410991471918528,0.410991471918528,-0.193326265228132,0.503445058187857,0.012023589453831,1.15889734554078,-0.0975328943788043
226,"unconstrained",0.100722188499688,0.388732995727789,0.258592573470313,0.813972177351239,-0.0623687634492464,0.578928336139627,0.306736262292074,0.998564759329757,-0.419656369173545
226,"constrained_alpha",0.00337903060757866,0.346620969392421,0.346620969392421,0.346620969392421,0.041910540662186,0.426888177630696,0.306736262292074,0.998564759329757,-0.364258707601519
227,"unconstrained",0.0646468194794328,0.32461395198559,0.15930293361464,0.434367306043658,-0.0850331661864799,0.523660442574177,0.485088678550468,0.773740839633695,-0.268046640655627
227,"constrained_alpha",0.0169626649766692,0.333037335023331,0.333037335023331,0.333037335023331,-0.0846441807008835,0.458885195352365,0.485088678550468,0.773740839633695,-0.296058380419055
228,"unconstrained",0.0709230324809611,0.354059712715372,0.197867259772548,0.558659318973242,0.0499761108973742,0.552463422778044,0.30977345512508,1.1322895886801,-0.540217081304775
228,"constrained_alpha",0.00176799594935245,0.351767995949352,0.351767995949352,0.351767995949352,0.135691971879929,0.405279976545219,0.30977345512508,1.1322895886801,-0.549830116944416
229,"unconstrained",0.0706674861168096,0.354544122774319,0.234621299680468,0.487758989544289,-0.331091945412158,0.618465383368784,-0.101711351387265,0.870684805293532,-0.0857781325842755
229,"constrained_alpha",0.00592607547473295,0.355926075474733,0.355926075474733,0.355926075474733,-0.333713378913452,0.552497582155536,-0.101711351387265,0.870684805293532,-0.061131868157728
230,"unconstrained",0.0884073408224778,0.300222493433765,0.165225514177503,0.465859214691102,-0.0606140901806759,0.638016799975025,0.300664281817976,0.724094267212316,0.464501944772664
230,"constrained_alpha",0.0549801033263882,0.295019896673612,0.295019896673612,0.295019896673612,0.0133044080271974,0.460771323421121,0.300664281817976,0.724094267212316,0.450037726848125
231,"unconstrained",0.0905702347264855,0.401399949682242,0.238122926114504,0.511259355910745,-0.151533473257845,0.535196796874118,-0.110261390689199,0.496686200746103,-0.132247840213788
231,"constrained_alpha",0.067480284953031,0.417480284953031,0.417480284953031,0.417480284953031,-0.196938640352305,0.38788502664517,-0.110261390689199,0.496686200746103,-0.114598933768344
232,"unconstrained",0.0947100610149555,0.307394862163289,0.135440285337103,0.473617825165379,-0.089936128234409,0.736342417627559,0.474844581675035,1.16947755399157,0.408710649242531
232,"constrained_alpha",0.0480080200490181,0.301991979950982,0.301991979950982,0.301991979950982,-0.035752138288916,0.449488115851291,0.474844581675035,1.16947755399157,0.375623939018287
233,"unconstrained",0.100367911299627,0.361374114746939,0.0900638257334908,0.588241113254008,0.26354339377169,0.515940656389347,0.531659147917558,1.15749648860711,-0.735593832178431
233,"constrained_alpha",0.0163075430927729,0.366307543092773,0.366307543092773,0.366307543092773,0.252917711271614,0.479187855552295,0.531659147917558,1.15749648860711,-0.737416740742465
234,"unconstrained",0.090444304675967,0.382908747186187,0.225287203598249,0.608342820188727,-0.100473160418713,0.589719241783005,-0.0604584461290662,0.610850528968766,-0.187808796803223
234,"constrained_alpha",0.0375666774569792,0.387566677456979,0.387566677456979,0.387566677456979,-0.0299527448654526,0.409776915205024,-0.0604584461290662,0.610850528968766,-0.225155960960659
235,"unconstrained",0.0972451561719511,0.313163048926973,0.127703138267224,0.486003400054339,0.100638927860649,0.555791316048632,0.42167101161205,0.843545558346359,0.522912873083553
235,"constrained_alpha",0.0401209385881622,0.309879061411838,0.309879061411838,0.309879061411838,0.0989915389601499,0.265457192657941,0.42167101161205,0.843545558346359,0.528162149155713
236,"unconstrained",0.0709624759748153,0.375982440654538,0.280763641295363,0.498209156028842,-0.0858276582393736,0.43099386180363,0.26704110737884,0.995116503797215,-0.163383135613858
236,"constrained_alpha",0.027473274053372,0.377473274053372,0.377473274053372,0.377473274053372,-0.0808647877689743,0.371084357031565,0.26704110737884,0.995116503797215,-0.182055977924131
237,"unconstrained",0.0867561510134126,0.370239593005995,0.215792328826978,0.590092760664643,0.0341395204732231,0.51934181766739,0.0751090258150997,0.588478439377485,0.0466891317896965
237,"constrained_alpha",0.0163443834339609,0.366344383433961,0.366344383433961,0.366344383433961,0.0151193496791423,0.3698201977793,0.0751090258150997,0.588478439377485,0.0437912159218561
238,"unconstrained",0.0774846569152135,0.338866103216089,0.239288733110565,0.527608859860245,0.0867723192977737,0.436673882029408,0.124468073439629,0.469021676199002,0.121916042771876
238,"constrained_alpha",0.0228055103389914,0.327194489661009,0.327194489661009,0.327194489661009,0.132239847682038,0.388607700282382,0.124468073439629,0.469021676199002,0.115263953342939
239,"unconstrained",0.147650072748316,0.26099617914579,7.07548164478745e-07,0.613960364215827,0.414897046588778,0.804753859544743,0.613776713107594,1.04397416244004,0.150484198835481
239,"constrained_alpha",0.0985809733389349,0.251419026661065,0.251419026661065,0.251419026661065,0.522452787514657,0.673030602661131,0.613776713107594,1.04397416244004,0.00600169751578572
240,"unconstrained",0.071827593831107,0.346443111956333,0.217390068031729,0.464395915383965,0.0408959246122548,0.567884172622123,0.225005804565976,0.756769909184391,0.241965266795266
240,"constrained_alpha",0.00641138793800444,0.356411387938004,0.356411387938004,0.356411387938004,-0.00106807689249261,0.414447953457337,0.225005804565976,0.756769909184391,0.236030751107583
241,"unconstrained",0.0759987274715539,0.402193851824913,0.296311820762065,0.687102308496882,-0.0411917780137482,0.383666616923131,0.0639809065158315,0.446104583635481,-0.282702490337785
241,"constrained_alpha",0.0304739457307915,0.380473945730792,0.380473945730792,0.380473945730792,0.042549618522483,0.414706455936096,0.0639809065158315,0.446104583635481,-0.279059871612585
242,"unconstrained",0.085864052513841,0.313325879177886,0.153581640255014,0.500655727464259,0.155055841548736,0.546478640477573,0.181472142861009,0.553257974646645,0.16920227079238
242,"constrained_alpha",0.042871892393202,0.307128107606798,0.307128107606798,0.307128107606798,0.0922979174099962,0.38179426113588,0.181472142861009,0.553257974646645,0.245092988208008
243,"unconstrained",0.103124252136948,0.353449568323792,0.130933558249268,0.552922460743622,-0.00288427890322024,0.350116105116422,0.836144316371827,1.4168848569232,-0.275050233195954
243,"constrained_alpha",0.0234967070542665,0.326503292945733,0.326503292945733,0.326503292945733,-0.0440442366496434,0.306403796094471,0.836144316371827,1.4168848569232,-0.204040447968428
244,"unconstrained",0.0649250292061782,0.29865653932626,0.140148985784327,0.406835273644747,0.491335093709423,0.885728101348601,1.08113291810463,1.70890096562674,-0.107922440796186
244,"constrained_alpha",0.0412951217958683,0.308704878204132,0.308704878204132,0.308704878204132,0.462143925161603,0.695741006485149,1.08113291810463,1.70890096562674,-0.106094420849218
245,"unconstrained",0.109194925523453,0.389674981375284,0.198203301421214,0.658100381423868,0.243577258985198,0.810630191615252,0.0923494081556547,0.923184388886268,-0.581640910477922
245,"constrained_alpha",0.0303741455486894,0.380374145548689,0.380374145548689,0.380374145548689,0.221101757245478,0.585695647113207,0.0923494081556547,0.923184388886268,-0.516121303820082
246,"unconstrained",0.0623161493250626,0.368101940848711,0.288146160406816,0.578129690323653,-0.258902508163528,0.422850200719029,-0.0716214551485966,0.475818860379349,0.199853021472096
246,"constrained_alpha",0.00436725867522825,0.354367258675228,0.354367258675228,0.354367258675228,-0.144329210793024,0.322726168185354,-0.0716214551485966,0.475818860379349,0.125050367663075
247,"unconstrained",0.0840289015843736,0.331320601296188,0.128881688189189,0.541171882366218,0.114364305405915,0.833987489111573,0.590691257395917,1.08223999752984,0.411300720035808
247,"constrained_alpha",0.0144656528476753,0.335534347152325,0.335534347152325,0.335534347152325,0.132371524693872,0.556011503758875,0.590691257395917,1.08223999752984,0.396381564814505
248,"unconstrained",0.0951145184607139,0.400599071344405,0.188513794461435,0.597879419063707,-0.0354345245690064,0.665189920468591,0.60375413211492,1.39529235465959,-0.312902015103054
248,"constrained_alpha",0.0418833524911087,0.391883352491109,0.391883352491109,0.391883352491109,-0.025500362690248,0.408510121856549,0.60375413211492,1.39529235465959,-0.311616377876258
249,"unconstrained",0.0963696075361148,0.38292838073074,0.182813344852957,0.545485716893675,-0.0255858068816944,0.563732625426248,-0.148447979086464,0.509684655722168,-0.523708274171138
249,"constrained_alpha",0.0464744931132011,0.396474493113201,0.396474493113201,0.396474493113201,0.00122471235171913,0.340431418284719,-0.148447979086464,0.509684655722168,-0.524998289758393
250,"unconstrained",0.0783591294441101,0.32641586333249,0.194349424189194,0.470847010810652,0.310558899375579,0.694857182757189,0.562051776700805,1.49005468020612,0.0163134409335521
250,"constrained_alpha",0.0239366756008855,0.326063324399115,0.326063324399115,0.326063324399115,0.267732540736778,0.509062580388917,0.562051776700805,1.49005468020612,0.0529939657537764
251,"unconstrained",0.0958958377285427,0.31770761187424,0.0160647100868572,0.503563064653988,0.0264084752012237,0.724703881617569,0.253400103881418,1.00140022432436,0.082551787391923
251,"constrained_alpha",0.0364141741153436,0.313585825884656,0.313585825884656,0.313585825884656,0.0289308285598097,0.30955914724919,0.253400103881418,1.00140022432436,0.0468385380328187
252,"unconstrained",0.105886384437665,0.35681070715255,0.147145210418261,0.542781526808591,-0.152707110826015,0.46645086276658,4.35408376676562,14.032893874206,0.127025892893028
252,"constrained_alpha",0.000779920391266953,0.350779920391267,0.350779920391267,0.350779920391267,-0.0870575401489592,0.206126491648115,4.35408376676562,14.032893874206,0.0618373194431034
253,"unconstrained",0.0689586251213816,0.37661332624486,0.256160583862442,0.530230477021835,-0.205613127396548,0.510434554611425,0.688610514840104,1.38793759921458,0.201733375027111
253,"constrained_alpha",0.01431597544202,0.36431597544202,0.36431597544202,0.36431597544202,-0.128675012983545,0.322991822109407,0.688610514840104,1.38793759921458,0.18991559632057
254,"unconstrained",0.0904014998779566,0.379865970553898,0.226053263836914,0.553663505431436,-0.172311143124064,0.518197795177172,0.0758170314955348,0.856446829308084,-0.269435459071635
254,"constrained_alpha",0.0243894288285298,0.37438942882853,0.37438942882853,0.37438942882853,-0.164617164150971,0.47629698161962,0.0758170314955348,0.856446829308084,-0.280187558249351
255,"unconstrained",0.0759389055128711,0.317682450721673,0.0305765613336097,0.425516889962657,0.0177747063913979,0.64158289167003,0.331050637882349,0.712954911554754,-0.0429125765171503
255,"constrained_alpha",0.0119290274453834,0.338070972554617,0.338070972554617,0.338070972554617,-0.00872093682871061,0.440492050815274,0.331050637882349,0.712954911554754,-0.0890141689853898
256,"unconstrained",0.0631528802248251,0.333651974750432,0.217661878967036,0.484797698226577,0.247998971771676,0.528790540308162,0.520871339151406,1.39230130943399,0.0635614605583037
256,"constrained_alpha",0.0224265982949204,0.32757340170508,0.32757340170508,0.32757340170508,0.248675801480092,0.441422175421932,0.520871339151406,1.39230130943399,0.0751706837222785
257,"unconstrained",0.0766311365182638,0.352515339977605,0.165483586781157,0.458935552949891,-0.112512201987128,0.562018999740586,0.649350107334707,1.85339013018703,-0.121065985082244
257,"constrained_alpha",0.0192247512633799,0.36922475126338,0.36922475126338,0.36922475126338,-0.168638124996201,0.398282922585791,0.649350107334707,1.85339013018703,-0.153431573013055
258,"unconstrained",0.109128208442196,0.284503569474988,0.0752888733785157,0.509096204376606,0.124433616399476,0.58218987051144,0.647234766219029,1.22605985442281,-0.114162182850445
258,"constrained_alpha",0.061634335460821,0.288365664539179,0.288365664539179,0.288365664539179,0.155750918147756,0.273518076421464,0.647234766219029,1.22605985442281,-0.174787456282121
259,"unconstrained",0.066519170994106,0.346307846369114,0.224782900706852,0.520137679031313,0.207851208577273,0.402537108398432,0.402447326892596,0.652488137515257,0.0464774265556851
259,"constrained_alpha",0.0174417181023324,0.332558281897668,0.332558281897668,0.332558281897668,0.27652650168726,0.446635467685262,0.402447326892596,0.652488137515257,0.0862300168335737
260,"unconstrained",0.0360164084336248,0.353756332368933,0.281338593575864,0.497553875310748,0.140571953096682,0.460031061787436,0.152110684924355,0.671256240263014,-0.255127906285025
260,"constrained_alpha",0.00373121644849639,0.353731216448496,0.353731216448496,0.353731216448496,0.135761342855314,0.427638460018923,0.152110684924355,0.671256240263014,-0.243119510081971
261,"unconstrained",0.0692407924887247,0.366314202162562,0.242921527608804,0.449157330051812,-0.217910281924294,0.531566907693684,0.30023607750267,0.941176410464505,0.338359081013999
261,"constrained_alpha",0.0189309340490467,0.368930934049047,0.368930934049047,0.368930934049047,-0.222488305605618,0.434754134647655,0.30023607750267,0.941176410464505,0.302376563639783
262,"unconstrained",0.0912468700206854,0.324415382617463,0.0480803251310917,0.471418748899733,0.00175261757889219,0.617224972811724,4.4979994906941,13.9893914123184,0.0646703683539975
262,"constrained_alpha",0.00385403322314815,0.346145966776852,0.346145966776852,0.346145966776852,-0.0950350760973213,0.48623659108265,4.4979994906941,13.9893914123184,0.111997101032365
263,"unconstrained",0.102437171173538,0.39408311889493,0.199801959407604,0.782647686620377,-0.0595983431690897,0.552624082666669,-0.196098644282584,0.5380800001206,-0.118802047156762
263,"constrained_alpha",0.0214547917595411,0.371454791759541,0.371454791759541,0.371454791759541,-0.0960892245739254,0.304053631067961,-0.196098644282584,0.5380800001206,-0.0430272280922559
264,"unconstrained",0.102338793770076,0.323578739001425,0.148480633692876,0.492063748475959,0.187584483013724,0.592152911518106,0.832353165596668,1.51592934493325,-0.17589507459559
264,"constrained_alpha",0.0388284848427441,0.311171515157256,0.311171515157256,0.311171515157256,0.160481167332093,0.430229046408654,0.832353165596668,1.51592934493325,-0.104460687191853
265,"unconstrained",0.0277734414161332,0.349106165143651,0.282630781048362,0.392057264981257,-0.269539615768163,0.411932742703483,0.0720871400675091,0.690021748392901,0.498384513315451
265,"constrained_alpha",0.00451425602896599,0.345485743971034,0.345485743971034,0.345485743971034,-0.269969300456464,0.419860812848745,0.0720871400675091,0.690021748392901,0.517985170913366
266,"unconstrained",0.109251840291442,0.35744592721969,0.190089640952598,0.525359785022438,0.144529373303646,0.66395556165757,-0.00185138341141958,0.690798480778818,0.0668491411433487
266,"constrained_alpha",0.0101470113483875,0.360147011348387,0.360147011348387,0.360147011348387,0.163816636026423,0.389157156360385,-0.00185138341141958,0.690798480778818,0.0781563664888481
267,"unconstrained",0.0624610620349554,0.335930327738725,0.213526049518656,0.479525164933146,0.0290556117101591,0.473957375885272,0.521406468501395,1.07963518666594,-0.0558454491630895
267,"constrained_alpha",0.00653581376967244,0.343464186230328,0.343464186230328,0.343464186230328,0.000473536573716293,0.338770957573919,0.521406468501395,1.07963518666594,-0.0813657035896016
268,"unconstrained",0.0660218431957608,0.382461066534107,0.280223858096692,0.507200056253603,-0.0531776663944792,0.448062331606858,0.126304414989316,0.615375472170009,0.0346599209752145
268,"constrained_alpha",0.0241168481260803,0.37411684812608,0.37411684812608,0.37411684812608,-0.0367427347328331,0.279634084276382,0.126304414989316,0.615375472170009,0.0176894261618379
269,"unconstrained",0.0855573267980195,0.377741816436711,0.0448019303083471,0.524601154792817,0.13959311892413,0.664542604327119,0.454405302478645,1.31385842433548,-0.556285343276032
269,"constrained_alpha",0.0501807721199132,0.400180772119913,0.400180772119913,0.400180772119913,0.163610879421103,0.510887901420213,0.454405302478645,1.31385842433548,-0.623546755778981
270,"unconstrained",0.0957034226465969,0.329471800604459,0.12994376756448,0.534538054421524,0.055770800570717,0.672479930255356,4.01480833903939,13.8908673467985,-0.162860453222711
270,"constrained_alpha",0.0164243714758672,0.333575628524133,0.333575628524133,0.333575628524133,0.0552285651160032,0.429545281593686,4.01480833903939,13.8908673467985,-0.129151996079297
271,"unconstrained",0.100910262405147,0.392275089516528,0.253367652473838,0.692577005666173,0.0293670234091162,0.692882545624946,0.649436005312832,2.49222666922882,-0.0466672990842316
271,"constrained_alpha",0.0387168139700747,0.388716813970075,0.388716813970075,0.388716813970075,0.0186398216216603,0.427054057446925,0.649436005312832,2.49222666922882,-0.167184761905033
272,"unconstrained",0.0514537497231184,0.334767560297264,0.254275655368646,0.43276481530204,-0.0548723342144146,0.449514331222334,0.480121060074838,1.05763203504229,0.496231745732375
272,"constrained_alpha",0.0143625389354218,0.335637461064578,0.335637461064578,0.335637461064578,-0.0565221062548772,0.340254809085838,0.480121060074838,1.05763203504229,0.448104529795071
273,"unconstrained",0.0825510639102588,0.337825459468547,0.187347252201921,0.463130376401434,-0.00395592498543736,0.483810712722942,0.440227594225007,0.979752764592371,0.0856390360009518
273,"constrained_alpha",0.0205872094878625,0.329412790512138,0.329412790512138,0.329412790512138,0.0252100914267468,0.341853021692849,0.440227594225007,0.979752764592371,0.0670455320454264
274,"unconstrained",0.117061629336223,0.382293463402469,0.220549531471343,0.791250937265863,-0.216251820203737,0.563036988185795,0.26897197394817,1.351563783358,0.339269276845245
274,"constrained_alpha",0.0115672501171445,0.338432749882855,0.338432749882855,0.338432749882855,-0.189594830877883,0.353648747885679,0.26897197394817,1.351563783358,0.44681202296102
275,"unconstrained",0.114776501873404,0.442119719259324,0.255271019749008,0.597027313070942,-0.191920672922944,0.55909255661333,1.6828629971709,5.05133933617974,-0.427319717841023
275,"constrained_alpha",0.0715529631234837,0.421552963123484,0.421552963123484,0.421552963123484,-0.131529355763997,0.414512238720243,1.6828629971709,5.05133933617974,-0.415766945630275
276,"unconstrained",0.0876744494252728,0.368213813910934,0.169299771246599,0.565625107581592,0.218052045889053,0.69499437293316,0.182268629291701,0.854756094564737,-0.795934854351108
276,"constrained_alpha",0.0128759738918788,0.362875973891879,0.362875973891879,0.362875973891879,0.24047328420041,0.545131290799527,0.182268629291701,0.854756094564737,-0.80805565693393
277,"unconstrained",0.0890964541990791,0.351688705532041,0.165468752748554,0.578943216242289,0.100062123212057,0.626523378418076,0.638974675025382,1.8024941980626,-0.142569715458749
277,"constrained_alpha",0.0047052688913875,0.345294731108612,0.345294731108612,0.345294731108612,0.246764670997603,0.453541124410324,0.638974675025382,1.8024941980626,-0.231169422778544
278,"unconstrained",0.105353091171595,0.329874818826517,0.141046529645109,0.508200973946955,0.13102711344781,0.479112447115216,4.57719367782588,14.0585981500628,-0.148601744051598
278,"constrained_alpha",0.0366098283106106,0.313390171689389,0.313390171689389,0.313390171689389,0.111235419252269,0.30971172590807,4.57719367782588,14.0585981500628,-0.0805657505117841
279,"unconstrained",0.0566794090207757,0.359132484770246,0.256358108088812,0.464684934392138,-0.0374506641814898,0.439652458893757,0.118975498375211,0.599304680324745,-0.0160345088762037
279,"constrained_alpha",0.0184863501899133,0.368486350189913,0.368486350189913,0.368486350189913,-0.058395630929957,0.364763389379312,0.118975498375211,0.599304680324745,-0.0180489941693793
280,"unconstrained",0.0835546249046473,0.390161932451897,0.206332435135196,0.480680368468257,-0.322242737819454,0.658338447500291,0.484792102891394,1.00411154209737,0.409287646919131
280,"constrained_alpha",0.0458053790390941,0.395805379039094,0.395805379039094,0.395805379039094,-0.339064158282112,0.537926742730728,0.484792102891394,1.00411154209737,0.418406949210713
281,"unconstrained",0.0767407897457454,0.385989861437842,0.221323315325608,0.473786604953996,-0.099655137792969,0.329243908906797,4.46905537980363,14.0317726315403,0.153389857607753
281,"constrained_alpha",0.0404342270977779,0.390434227097778,0.390434227097778,0.390434227097778,-0.0888599458697587,0.28899880828415,4.46905537980363,14.0317726315403,0.126182288508279
282,"unconstrained",0.0696575123533904,0.310131412376953,0,0.435144695217604,0.257447278980713,0.64192295477088,0.539299972203894,1.23708421208321,0.15593736119508
282,"constrained_alpha",0.0339288507105614,0.316071149289439,0.316071149289439,0.316071149289439,0.192886763343523,0.406693485939064,0.539299972203894,1.23708421208321,0.128187128399526
283,"unconstrained",0.0714935545065463,0.355319926849435,0.19393173769817,0.488663287248825,-0.112713915368558,0.591219230338628,0.969029303659262,1.76958113394393,0.11766788408695
283,"constrained_alpha",0.000218193948340717,0.350218193948341,0.350218193948341,0.350218193948341,-0.144686726853332,0.516690632886179,0.969029303659262,1.76958113394393,0.122928369929537
284,"unconstrained",0.0944327713661121,0.381397517033582,0.175556194589825,0.552579130409918,-0.124804840849332,0.578176373586522,-0.0458559459873024,0.469537771681726,0.0905198219650187
284,"constrained_alpha",0.0144920169698843,0.364492016969884,0.364492016969884,0.364492016969884,-0.055687502092184,0.327584993205817,-0.0458559459873024,0.469537771681726,0.11564411785732
285,"unconstrained",0.0784246635501774,0.344198851030869,0.141463717980443,0.474108077745788,0.205344260463706,0.516075208703865,0.223626583913865,0.75728940745983,-0.23868733835296
285,"constrained_alpha",0.000319295855455481,0.349680704144544,0.349680704144544,0.349680704144544,0.151284014872728,0.361546272390088,0.223626583913865,0.75728940745983,-0.152889074478479
286,"unconstrained",0.0689697688881742,0.302135040852939,0.15704928040263,0.452690742934304,0.127240632363899,0.523665512163447,1.01309046743819,2.89356314619863,0.160682002780697
286,"constrained_alpha",0.0408458250836919,0.309154174916308,0.309154174916308,0.309154174916308,0.196838464097962,0.456702246307651,1.01309046743819,2.89356314619863,0.123509393287214
287,"unconstrained",0.0806281588152701,0.356662631076436,0.224882334645968,0.48727966510422,0.245073320954996,0.546240331586221,0.03055111830784,0.629371630905948,-0.226492685664909
287,"constrained_alpha",0.00298823479213595,0.352988234792136,0.352988234792136,0.352988234792136,0.199453899596251,0.396630192100069,0.03055111830784,0.629371630905948,-0.215887586740636
288,"unconstrained",0.0892366370618451,0.361344951148355,0.230498995823476,0.547484232150795,0.116473298986495,0.704821830392179,0.943795601725682,1.74388247014001,-0.349404432706233
288,"constrained_alpha",0.0079155483345697,0.35791554833457,0.35791554833457,0.35791554833457,0.117831760048945,0.481912461752115,0.943795601725682,1.74388247014001,-0.304213210814243
289,"unconstrained",0.106826035011351,0.366907796531074,0.185539390564357,0.518865580983451,-0.119110721201104,0.80845869702563,0.276797448502373,1.17425504459908,0.0711179736574574
289,"constrained_alpha",0.0290778630102427,0.379077863010243,0.379077863010243,0.379077863010243,-0.0929389383854543,0.512379536412626,0.276797448502373,1.17425504459908,0.02725946309484
290,"unconstrained",0.0476914652009495,0.39121855303318,0.330574080817493,0.569576473447447,0.0537869827764922,0.590623422339577,0.359724189575108,1.01831480538175,-0.0337246732146661
290,"constrained_alpha",0.0426441984693754,0.392644198469375,0.392644198469375,0.392644198469375,0.109842059724862,0.521596588000974,0.359724189575108,1.01831480538175,-0.0556584796096991
291,"unconstrained",0.0585800058446897,0.351521433431206,0.243969930144516,0.586739492252491,0.132040544129244,0.642702218968884,0.709866885805958,1.61711922232979,-0.222593244491791
291,"constrained_alpha",0.000717159150355473,0.350717159150355,0.350717159150355,0.350717159150355,0.140247667252811,0.456315123061392,0.709866885805958,1.61711922232979,-0.298391418840086
292,"unconstrained",0.106449483681672,0.30902423547489,0.166747157031897,0.608549812056809,-0.126090942651524,0.542662854389899,0.284043785441599,0.893818882611427,0.218959254154749
292,"constrained_alpha",0.0559658971138958,0.294034102886104,0.294034102886104,0.294034102886104,-0.0718316640285905,0.349301566124293,0.284043785441599,0.893818882611427,0.208599437592716
293,"unconstrained",0.0922248213426572,0.31426661335094,0.21352372629367,0.502659931200681,0.237435210669092,0.585681598282452,0.270022678609113,0.827076744940269,0.196676201195086
293,"constrained_alpha",0.0371053127429529,0.312894687257047,0.312894687257047,0.312894687257047,0.229610604472409,0.493697260348755,0.270022678609113,0.827076744940269,0.191278192495941
294,"unconstrained",0.108860009721038,0.405872052440577,0.191789747078043,0.600829375799669,-0.351971686899856,0.638747142173448,0.0355687510345901,0.527774545863308,0.145378568224666
294,"constrained_alpha",0.0560982069139359,0.406098206913936,0.406098206913936,0.406098206913936,-0.359191227307304,0.526191717697852,0.0355687510345901,0.527774545863308,0.114698926891767
295,"unconstrained",0.0709868870056424,0.345900068062889,0.150374153961881,0.43932838842341,-0.0350911416550949,0.539216635564371,0.0784505941759806,0.895271912751102,0.0154169160108679
295,"constrained_alpha",0.0046260487202639,0.354626048720264,0.354626048720264,0.354626048720264,-0.0537693764372822,0.421358960825617,0.0784505941759806,0.895271912751102,-0.0178945560726411
296,"unconstrained",0.0931370087040906,0.34166412146393,0.190455203017809,0.509182454418453,0.16841593688519,0.558377135267589,0.142919012932344,0.614650127972199,-0.0996296076578729
296,"constrained_alpha",0.00426263985341585,0.345737360146584,0.345737360146584,0.345737360146584,0.211916354958786,0.353993743801565,0.142919012932344,0.614650127972199,-0.151913335771114
297,"unconstrained",0.0524801319871815,0.304365289155404,0.159673024506268,0.377300132160229,0.280667230441963,0.50007869194614,0.284194819655644,0.739339675223694,0.113280967261354
297,"constrained_alpha",0.0417885346262684,0.308211465373732,0.308211465373732,0.308211465373732,0.262293500669377,0.542544989967754,0.284194819655644,0.739339675223694,0.125356083864332
298,"unconstrained",0.0817968303275943,0.388242153543161,0.245766294396007,0.512703707855893,-0.503204453437792,0.706464837657806,0.348495266398498,0.997513705141679,0.0328103481011728
298,"constrained_alpha",0.041146898032366,0.391146898032366,0.391146898032366,0.391146898032366,-0.505191824532135,0.627211644909893,0.348495266398498,0.997513705141679,0.0297598640493806
299,"unconstrained",0.090887550855141,0.371669682444841,0.208927143017667,0.51511829783034,0.307148215157902,0.482274454316282,0.348784201721123,0.909434680390369,-0.417114647876738
299,"constrained_alpha",0.00362514635745326,0.346374853642547,0.346374853642547,0.346374853642547,0.352749921440621,0.494986651270208,0.348784201721123,0.909434680390369,-0.356383462278981
300,"unconstrained",0.0925607649793028,0.303702907764106,0.0877923744822581,0.447117770692411,0.0587459465360744,0.571379920944383,0.205051764752803,0.710029563274154,0.117281523372527
300,"constrained_alpha",0.0459796533382799,0.30402034666172,0.30402034666172,0.30402034666172,-0.0452611842752415,0.25226950359006,0.205051764752803,0.710029563274154,0.218089764092885
301,"unconstrained",0.0788281242626553,0.35723812092633,0.136361960533124,0.51813304935704,-0.327794444907691,0.497214480079214,0.0305080324175388,0.458476776027199,0.137423812749744
301,"constrained_alpha",0.00198355862407856,0.348016441375921,0.348016441375921,0.348016441375921,-0.327877642115201,0.375741650459331,0.0305080324175388,0.458476776027199,0.156762937649608
302,"unconstrained",0.0838880779026256,0.389265746651061,0.259935105133235,0.566922319548872,-0.144994620543433,0.558431596260059,0.948223261436373,1.88873127358757,0.253774319737758
302,"constrained_alpha",0.0243250870467538,0.374325087046754,0.374325087046754,0.374325087046754,-0.142534296794253,0.408508668643056,0.948223261436373,1.88873127358757,0.271489424975826
303,"unconstrained",0.122320250397919,0.345457002719155,0.0993062193302239,0.629631602193678,-0.0188814403891326,0.655787732674759,0.0599764931941893,0.49109851025272,0.0468733138474793
303,"constrained_alpha",0.00993923455610751,0.340060765443892,0.340060765443892,0.340060765443892,-0.0150377884409387,0.247993764903835,0.0599764931941893,0.49109851025272,0.115689165562791
304,"unconstrained",0.103067038694613,0.32988255114489,0.195059132378153,0.500930298854088,0.0377688416966422,0.608941147546245,1.00953954791531,1.83184986710034,-0.187853699451077
304,"constrained_alpha",0.0312330406170233,0.318766959382977,0.318766959382977,0.318766959382977,-0.0125492153603929,0.4111385217605,1.00953954791531,1.83184986710034,-0.126933446807989
305,"unconstrained",0.0831712865861075,0.350947161605286,0.190999895781409,0.50788684977936,0.101865538636289,0.61715634163258,0.375109421920967,1.39435386469933,-0.189293694240947
305,"constrained_alpha",0.00420658420261233,0.345793415797388,0.345793415797388,0.345793415797388,0.0810301464989085,0.485933517940359,0.375109421920967,1.39435386469933,-0.145382261219433
306,"unconstrained",0.0527030612610613,0.345989762896962,0.180063246576029,0.408935150388455,0.184275829710017,0.547688243644203,0.132202764129732,0.612545545702868,-0.0367460222450895
306,"constrained_alpha",0.00131177349637629,0.351311773496376,0.351311773496376,0.351311773496376,0.162703217137795,0.424563727986709,0.132202764129732,0.612545545702868,-0.00376373802354246
307,"unconstrained",0.0874747597721855,0.385628554037687,0.165222805085628,0.551807465247863,-0.305426148122021,0.517646734122991,0.0696546341926567,0.871539701185224,0.0764791544835453
307,"constrained_alpha",0.0451417866139392,0.395141786613939,0.395141786613939,0.395141786613939,-0.309414002761041,0.484328214268616,0.0696546341926567,0.871539701185224,0.067458693629217
308,"unconstrained",0.10211249932028,0.365145098824175,0.158930734179905,0.569384297532376,-0.142034446364157,0.660755282133042,0.420542433138121,1.2263253529885,-0.0406846036848743
308,"constrained_alpha",0.0019308036953517,0.351930803695352,0.351930803695352,0.351930803695352,-0.0808596043899592,0.312047920528807,0.420542433138121,1.2263253529885,-0.0755556163351125
309,"unconstrained",0.0971320921843017,0.370364655456876,0.149851763621002,0.564994469386177,-0.00296336175771343,0.68389290367861,0.758162558116045,1.35909473428033,0.117869093727787
309,"constrained_alpha",0.00861014160991813,0.358610141609918,0.358610141609918,0.358610141609918,-0.0758140445349533,0.295361872614958,0.758162558116045,1.35909473428033,0.183365393405859
310,"unconstrained",0.0922711994523753,0.356226088984919,0.117753250881486,0.517719843294858,0.031658498297683,0.421112797788639,0.628864592110996,1.07480105380768,0.250477897400417
310,"constrained_alpha",0.00891030488308692,0.358910304883087,0.358910304883087,0.358910304883087,0.0450663209889269,0.322021502884761,0.628864592110996,1.07480105380768,0.268296369195146
311,"unconstrained",0.0816607156580079,0.341095346901989,0.201148210425107,0.525553550839573,-0.175689384531693,0.728262747182761,0.429513211100115,0.996668128062095,0.555473857386593
311,"constrained_alpha",0.000551008699408106,0.350551008699408,0.350551008699408,0.350551008699408,-0.15296328199207,0.547816953151964,0.429513211100115,0.996668128062095,0.503226879297382
312,"unconstrained",0.0611657149672514,0.339599366781621,0.218350800099396,0.434193473090911,-0.0142869384021359,0.450330625168126,0.576287937682651,1.32230189074774,0.110906560674708
312,"constrained_alpha",0.0135864106032655,0.336413589396734,0.336413589396734,0.336413589396734,-0.0492275987328229,0.340654419999295,0.576287937682651,1.32230189074774,0.141882397663118
313,"unconstrained",0.0867028956999158,0.363011700171935,0.17798819318187,0.504280036977475,-0.113755362160423,0.724685634443125,-0.163227899033196,0.482830563701512,0.0846998315135767
313,"constrained_alpha",0.0220504208821709,0.372050420882171,0.372050420882171,0.372050420882171,-0.0945064228453692,0.472444415238374,-0.163227899033196,0.482830563701512,0.0275457771167245
314,"unconstrained",0.082926339807289,0.355085623686341,0.227583101646398,0.514463085965216,-0.276671908897737,0.595937898903666,0.535569750346019,1.2943307007247,0.198183261530072
314,"constrained_alpha",0.000814370189755276,0.349185629810245,0.349185629810245,0.349185629810245,-0.265157005979352,0.426620421085428,0.535569750346019,1.2943307007247,0.221950958615689
315,"unconstrained",0.0939747510255397,0.386582801064471,0.202504515773354,0.552068283386409,-0.00649351852994812,0.588710128318175,0.31296053080128,0.918798369699639,0.0652823040414428
315,"constrained_alpha",0.0431328335705292,0.393132833570529,0.393132833570529,0.393132833570529,-0.00710761440790053,0.301177578965116,0.31296053080128,0.918798369699639,0.032959652710902
316,"unconstrained",0.079754976103032,0.351888859166217,0.226893372335159,0.526183686967902,0.0420809015783433,0.541667004482295,0.315262362658414,1.31993213074212,-0.121332144678524
316,"constrained_alpha",0.00517690652029917,0.344823093479701,0.344823093479701,0.344823093479701,-0.00319581412414482,0.39763895559155,0.315262362658414,1.31993213074212,-0.0942756350613581
317,"unconstrained",0.0759571390127658,0.367383654444223,0.18066866019302,0.592934455485359,0.143235389728614,0.783311965118183,-0.0308048389943892,0.773997554995108,-0.0173560705192044
317,"constrained_alpha",0.0110269272187471,0.361026927218747,0.361026927218747,0.361026927218747,0.175576263890545,0.487802654226057,-0.0308048389943892,0.773997554995108,-0.0493709863827658
318,"unconstrained",0.0897512756700791,0.371146317239634,0.117086901755083,0.596119967630199,0.0707970629890265,0.6892309244895,0.362388140546008,0.692563722779555,0.0616792038576195
318,"constrained_alpha",0.00597846947320457,0.355978469473205,0.355978469473205,0.355978469473205,0.0758381911774247,0.363900269563032,0.362388140546008,0.692563722779555,0.121676859488197
319,"unconstrained",0.0711554158216473,0.327421842483517,0.103772713486451,0.469832730905115,-0.0148058867741896,0.413791522279701,0.607564128351126,1.65370282303889,0.198879255489861
319,"constrained_alpha",0.0226004778226973,0.327399522177303,0.327399522177303,0.327399522177303,-0.0579343863755298,0.255879480746071,0.607564128351126,1.65370282303889,0.270524249632259
320,"unconstrained",0.0903235642375312,0.387826499201091,0.226708171415233,0.64730184839553,0.0798250570734399,0.726612513103593,0.27331828112039,0.91672085568638,-0.310891737871492
320,"constrained_alpha",0.0501462386431443,0.400146238643144,0.400146238643144,0.400146238643144,0.054277892556139,0.474541129872288,0.27331828112039,0.91672085568638,-0.356630825169078
321,"unconstrained",0.100073205208094,0.315543167185865,0.186668740191158,0.555533960333637,-0.0689301033129389,0.491873653683075,0.517368426482685,0.87672541443206,0.453739544188947
321,"constrained_alpha",0.0462450203108984,0.303754979689102,0.303754979689102,0.303754979689102,0.0664227893501859,0.470266162981624,0.517368426482685,0.87672541443206,0.393981794418528
322,"unconstrained",0.0587410351322278,0.365506311465315,0.219229815975111,0.498111635233571,0.243658808845736,0.407994117361109,0.0136899475632863,0.842077160745974,-0.288120507667945
322,"constrained_alpha",0.0132363330322511,0.363236333032251,0.363236333032251,0.363236333032251,0.250926133409802,0.382147604738846,0.0136899475632863,0.842077160745974,-0.31094923359421
323,"unconstrained",0.0915425200600515,0.334552922221177,0.114518454755505,0.522574771321906,-0.22147238141451,0.596408541166725,5.43881636336045,14.2529357467426,0.175330307188329
323,"constrained_alpha",0.00236374219139529,0.352363742191395,0.352363742191395,0.352363742191395,-0.257019791391141,0.504798854161463,5.43881636336045,14.2529357467426,0.188047970871443
324,"unconstrained",0.0740647286089378,0.359052550009282,0.194543985082211,0.582166096044606,0.0239730798047371,0.405676477654785,0.632505244120393,1.22495482627896,-0.0237122291710528
324,"constrained_alpha",0.00536640651787251,0.355366406517872,0.355366406517872,0.355366406517872,0.00733014327631084,0.269980958385502,0.632505244120393,1.22495482627896,-0.0152412383197571
325,"unconstrained",0.0935285770968852,0.357511762032923,0.115780660643947,0.515640961374635,0.103914151397339,0.826524597138439,0.361108449817057,0.966632856968836,-0.245359049730138
325,"constrained_alpha",0.00359239773593417,0.353592397735934,0.353592397735934,0.353592397735934,0.119399245370038,0.529355937967401,0.361108449817057,0.966632856968836,-0.244148391897406
326,"unconstrained",0.0948644284609044,0.367992025350064,0.194234655838677,0.556033250187383,-0.218235093122118,0.546708136653779,0.193313655111823,1.45347560692858,-0.0218327317092974
326,"constrained_alpha",0.0126323330504619,0.362632333050462,0.362632333050462,0.362632333050462,-0.105551438313498,0.375172735957997,0.193313655111823,1.45347560692858,-0.0893834670742526
327,"unconstrained",0.0713042385364287,0.314513099848185,0.14515735932616,0.481929662591715,0.0911720391107726,0.456924551394099,0.336580000259403,0.681128440496974,0.360004875154811
327,"constrained_alpha",0.0315630966931956,0.318436903306804,0.318436903306804,0.318436903306804,0.111156890877894,0.414028792873852,0.336580000259403,0.681128440496974,0.34174076280964
328,"unconstrained",0.061205284959483,0.344366855228994,0.255910299293225,0.486385348456707,-0.0524662648618443,0.473204408869424,0.46381490331254,1.13755418782359,0.411478863025508
328,"constrained_alpha",0.00310975586286355,0.346890244137136,0.346890244137136,0.346890244137136,-0.0909943062831657,0.437541633925832,0.46381490331254,1.13755418782359,0.412754151919801
329,"unconstrained",0.0929775809004517,0.354211735335419,0.108341549474911,0.50971613072554,-0.131795106575726,0.550306463793712,0.308992763358776,0.745246779282322,-0.0915818348132946
329,"constrained_alpha",0.00230361610072416,0.347696383899276,0.347696383899276,0.347696383899276,-0.131740509105823,0.378349060247033,0.308992763358776,0.745246779282322,-0.0767763480969605
330,"unconstrained",0.109024168757751,0.37766796851136,0.157769152796258,0.618344730419799,0.0189786171911476,0.701465130724355,0.251180987069533,0.806984830659648,-0.203956195628703
330,"constrained_alpha",0.0264125258038529,0.376412525803853,0.376412525803853,0.376412525803853,0.0224780235115685,0.484249566464041,0.251180987069533,0.806984830659648,-0.148759154787551
331,"unconstrained",0.0765738747015586,0.347596674387623,0.183955616354034,0.473151748217302,-0.14188411769579,0.545084494353992,0.165397474230969,0.969966793247627,0.233076972110454
331,"constrained_alpha",0.00513581963548526,0.355135819635485,0.355135819635485,0.355135819635485,-0.151033582247686,0.419818529923802,0.165397474230969,0.969966793247627,0.178059605412134
332,"unconstrained",0.0979485564315855,0.40630922765474,0.242881216111306,0.573796647257247,-0.252125417558541,0.58520800208026,0.402327072458068,1.06657507183005,-0.236511849326134
332,"constrained_alpha",0.0273518153396852,0.377351815339685,0.377351815339685,0.377351815339685,-0.191434537814153,0.338905736949934,0.402327072458068,1.06657507183005,-0.144994521153371
333,"unconstrained",0.0834001379875547,0.357281101306368,0.159091639697605,0.491263706454666,0.0503624018955122,0.557072564480935,0.202183329195912,0.75676458339604,-0.0270177063172528
333,"constrained_alpha",0.00256640451601947,0.347433595483981,0.347433595483981,0.347433595483981,0.000572388509609464,0.287796907940776,0.202183329195912,0.75676458339604,0.0205313104567868
334,"unconstrained",0.0952006553169436,0.367140271882344,0.171038610754943,0.566923350029371,0.0265087942996584,0.569175151121334,0.379486948674801,0.772895623644048,-0.170440528304749
334,"constrained_alpha",0.00154848145138126,0.348451518548619,0.348451518548619,0.348451518548619,0.124826927924646,0.403805491109778,0.379486948674801,0.772895623644048,-0.246754816166195
335,"unconstrained",0.0624140750351578,0.350376147648349,0.180728992927142,0.453789354682052,-0.130270196290689,0.397659718788876,0.241559178005692,0.735397021991747,0.102211976999584
335,"constrained_alpha",0.00576129222128324,0.355761292221283,0.355761292221283,0.355761292221283,-0.152943044182058,0.405585404541079,0.241559178005692,0.735397021991747,0.113429249270411
336,"unconstrained",0.109512830156121,0.272109234788022,0.0867542809132124,0.43695915328674,0.231682152405182,0.7163442527898,0.603527372509569,1.0276984018964,-0.188347231503122
336,"constrained_alpha",0.0802127772659584,0.269787222734042,0.269787222734042,0.269787222734042,0.219423711749623,0.45803289521809,0.603527372509569,1.0276984018964,-0.191802615314698
337,"unconstrained",0.116006082061233,0.395322738307109,0.176408042486141,0.568783199691932,0.0794302585421556,0.600796827952749,0.178666907202978,1.09809391103696,-0.290516563980003
337,"constrained_alpha",0.0413629062049197,0.39136290620492,0.39136290620492,0.39136290620492,0.134057088065343,0.410570467899429,0.178666907202978,1.09809391103696,-0.356233707939274
338,"unconstrained",0.0481330763205115,0.384315822719488,0.319424640738833,0.507561924309255,-0.132375090102847,0.468457211568407,0.0368264356058984,1.25165928633172,0.00383595867636544
338,"constrained_alpha",0.0388763475755273,0.388876347575527,0.388876347575527,0.388876347575527,-0.145307033538473,0.381184325868778,0.0368264356058984,1.25165928633172,-0.0118177411754021
339,"unconstrained",0.0848037675033159,0.345532060649108,0.209977729821898,0.548739963403777,-0.134802692144905,0.557007334712676,0.464245103133631,1.30566263321683,0.0625330239044191
339,"constrained_alpha",0.0154714103209048,0.334528589679095,0.334528589679095,0.334528589679095,-0.0905333076476991,0.478180933158779,0.464245103133631,1.30566263321683,0.0888005597734061
340,"unconstrained",0.104922407817394,0.345286335135941,0.160834791741516,0.666812089882606,-0.219966381060964,0.655277163425946,0.545680021882663,0.93549396285101,0.313040823873669
340,"constrained_alpha",0.0236425104665132,0.326357489533487,0.326357489533487,0.326357489533487,-0.235077428791562,0.4123780838147,0.545680021882663,0.93549396285101,0.339988458121985
341,"unconstrained",0.102542560008591,0.364684222064446,0.105997181555693,0.570855172150504,-0.0146003875743318,0.742967109132647,1.29424320649605,4.53151278881163,-0.153918075702563
341,"constrained_alpha",0.00068932492407664,0.350689324924077,0.350689324924077,0.350689324924077,-0.00707718932683887,0.374225322784957,1.29424320649605,4.53151278881163,-0.156660286019312
342,"unconstrained",0.0755007511905341,0.328487785816451,0.186629149418998,0.472932229207186,0.287396205119628,0.556249125861325,0.884385284061091,1.44207492489503,-0.336491052253175
342,"constrained_alpha",0.0177551352877,0.3322448647123,0.3322448647123,0.3322448647123,0.248464129423146,0.462121587678226,0.884385284061091,1.44207492489503,-0.295890780354165
343,"unconstrained",0.126014350645597,0.386842309008075,0,0.536012343461316,-0.149835537747957,0.69312550693506,0.249524146084747,0.719619236724834,0.0778415371909085
343,"constrained_alpha",0.0508376519060819,0.400837651906082,0.400837651906082,0.400837651906082,-0.24291670130293,0.416059331827923,0.249524146084747,0.719619236724834,0.0865720268135379
344,"unconstrained",0.119156108245791,0.304331119581892,0.106157862117792,0.581889483373029,-0.167155439805395,0.422451587187869,0.558389608785928,0.936006195759425,0.0834603857814484
344,"constrained_alpha",0.0542307315418922,0.295769268458108,0.295769268458108,0.295769268458108,-0.143799792248184,0.268840628581057,0.558389608785928,0.936006195759425,0.0806306749417285
345,"unconstrained",0.091722608067621,0.389145060013681,0.225119527350956,0.526128726690571,0.0806329831173087,0.52559747320689,0.254367856549963,0.836145109726197,-0.0989358230037889
345,"constrained_alpha",0.0313618902856829,0.381361890285683,0.381361890285683,0.381361890285683,0.0459486669508597,0.333177768056183,0.254367856549963,0.836145109726197,-0.093217985271381
346,"unconstrained",0.08453528947312,0.304463061526847,0.141704095430641,0.472168780212317,0.148141927662926,0.500193503379593,0.329072751749642,0.692094203496029,0.638781127030968
346,"constrained_alpha",0.0563249414686881,0.293675058531312,0.293675058531312,0.293675058531312,0.160118035677996,0.415091105908551,0.329072751749642,0.692094203496029,0.687357426554821
347,"unconstrained",0.0625370662589013,0.332512643941006,0.173649018641994,0.457424484336469,-0.154221247403403,0.458889077511129,0.298980806202503,0.913861615428643,0.515056173485094
347,"constrained_alpha",0.0172692293839871,0.332730770616013,0.332730770616013,0.332730770616013,-0.112858623020359,0.321862641925384,0.298980806202503,0.913861615428643,0.500939758054342
348,"unconstrained",0.0988769041949268,0.348701315692534,0.113050462822928,0.48926223522637,-0.0593836794356479,0.490415383794735,0.630530916212712,1.17399387636753,0.223225273951724
348,"constrained_alpha",0.00347380637915357,0.353473806379154,0.353473806379154,0.353473806379154,-0.0692477318595405,0.403460213324273,0.630530916212712,1.17399387636753,0.190104490118888
349,"unconstrained",0.0924753523582551,0.352184692373819,0.177043231170927,0.50481263782901,0.00436601203424554,0.466073732767947,0.0386458690565251,0.500463643896873,-0.158133308932612
349,"constrained_alpha",0.00214656783332834,0.347853432166672,0.347853432166672,0.347853432166672,0.062168952749048,0.373156005094361,0.0386458690565251,0.500463643896873,-0.173617710311207
350,"unconstrained",0.063296312141857,0.332715950517496,0.207379383852729,0.46435720256459,0.0962659800701434,0.483804665337377,0.758284511661154,1.24144433087247,-0.100495469709083
350,"constrained_alpha",0.0120553679612861,0.337944632038714,0.337944632038714,0.337944632038714,0.0500633953683269,0.340098362174934,0.758284511661154,1.24144433087247,-0.0663574751813023
351,"unconstrained",0.129996494781198,0.37286498020067,0.179188125886812,0.598331660014391,-0.15438561737099,0.607386011853521,0.354253229032764,0.743399515917386,0.422285155212933
351,"constrained_alpha",0.00144173346652021,0.35144173346652,0.35144173346652,0.35144173346652,-0.0980029258761759,0.366569621984455,0.354253229032764,0.743399515917386,0.470700721769657
352,"unconstrained",0.0753315721551104,0.310562249993193,0.198477180723993,0.45233998925261,-0.229113217460253,0.448354168722969,0.745247600748792,1.22581154397255,0.297401354798184
352,"constrained_alpha",0.0387435000177476,0.311256499982252,0.311256499982252,0.311256499982252,-0.240998175448091,0.426548933675389,0.745247600748792,1.22581154397255,0.360792678854752
353,"unconstrained",0.0402343399862666,0.348382747371801,0.228789158371726,0.463692517696586,0.0728134341886487,0.522039865766726,0.157488421604677,0.763814990585015,-0.138896234039418
353,"constrained_alpha",0.00571263370174041,0.35571263370174,0.35571263370174,0.35571263370174,0.0355924047906557,0.484984189114279,0.157488421604677,0.763814990585015,-0.150170617015693
354,"unconstrained",0.0541642732493527,0.347182422114862,0.227878126716493,0.462760981173169,-0.0260156208870398,0.640227455467363,0.310226562767484,0.674561208107193,0.232580097610787
354,"constrained_alpha",0.0134671192456799,0.33653288075432,0.33653288075432,0.33653288075432,-0.0251438003305969,0.556873627034073,0.310226562767484,0.674561208107193,0.275502675139192
355,"unconstrained",0.111305187713585,0.317691169480925,0.188625520127435,0.534313043006876,-0.118664209451579,0.491474176147649,0.347154981709871,0.88071950474006,0.021583489265312
355,"constrained_alpha",0.0449021910538783,0.305097808946122,0.305097808946122,0.305097808946122,-0.0220904297002654,0.231414915916578,0.347154981709871,0.88071950474006,0.0388887819926671
356,"unconstrained",0.0728456437551712,0.387121443669983,0.200799873057624,0.548261741461486,-0.0693642907857212,0.43147230983686,0.30426186868791,0.914066889903535,-0.0663791105893818
356,"constrained_alpha",0.0345695069493863,0.384569506949386,0.384569506949386,0.384569506949386,-0.0641334546908223,0.313723854643803,0.30426186868791,0.914066889903535,-0.0511309949652574
357,"unconstrained",0.082605142577647,0.38295551781013,0.23153932910408,0.524642618673666,-0.224372238867261,0.385870687904299,-0.0278024644685109,0.768170933443151,0.377749538477317
357,"constrained_alpha",0.0448011801176877,0.394801180117688,0.394801180117688,0.394801180117688,-0.271211922347572,0.422135398462344,-0.0278024644685109,0.768170933443151,0.359312371501986
358,"unconstrained",0.0947337213167291,0.329812692772596,0.103413153894508,0.475195558092139,-0.130669808479292,0.676089838389009,0.160694149571159,0.574579893125472,-0.0560701788851601
358,"constrained_alpha",0.0214925706981249,0.328507429301875,0.328507429301875,0.328507429301875,-0.0504246167580716,0.49312633240207,0.160694149571159,0.574579893125472,-0.053773642713262
359,"unconstrained",0.13545863169199,0.302457297544818,0.100339254213691,0.552642473964083,0.239251813467367,0.787990252575838,0.834359677245386,1.20713670463168,0.000177664609965156
359,"constrained_alpha",0.0556278506310481,0.294372149368952,0.294372149368952,0.294372149368952,0.316531516819703,0.566170255552942,0.834359677245386,1.20713670463168,-0.020952553345003
360,"unconstrained",0.0873749500568173,0.359513026848344,0.160575670168728,0.522637099557102,-0.189038781810433,0.556300780331476,0.14023377440309,1.25497779452829,-0.0119564686008395
360,"constrained_alpha",0.00558024673030755,0.355580246730308,0.355580246730308,0.355580246730308,-0.20570407134914,0.465635746036702,0.14023377440309,1.25497779452829,0.00754464208302807
361,"unconstrained",0.125801284095554,0.38840885654358,0.11966735017532,0.739963957811398,-0.176421207694032,0.792763713714444,0.318572292665064,0.952874094334566,-0.319019738731077
361,"constrained_alpha",0.0267994101496202,0.37679941014962,0.37679941014962,0.37679941014962,-0.160967279879793,0.498683310043443,0.318572292665064,0.952874094334566,-0.300919812033655
362,"unconstrained",0.0792317959110096,0.356147683690958,0.19821691636481,0.56697135785372,-0.0971451196890556,0.479708345605704,0.283640520036714,1.22671877078651,0.0131694345341138
362,"constrained_alpha",0.00573203945328565,0.355732039453286,0.355732039453286,0.355732039453286,0.039231336345696,0.235571350098339,0.283640520036714,1.22671877078651,-0.0927041295791442
363,"unconstrained",0.113494133980683,0.410257801303981,0.176792955790033,0.593840054723763,-0.259262488300741,0.752223311965482,4.28491014091851,13.9419451886148,-0.0735037110049674
363,"constrained_alpha",0.0718532852271645,0.421853285227164,0.421853285227164,0.421853285227164,-0.249490340064283,0.418309382954629,4.28491014091851,13.9419451886148,-0.110129447845834
364,"unconstrained",0.106300163398096,0.30866230870138,0.0360253439161961,0.594040106137471,0.147735843640984,0.544420143356732,1.7425880412792,3.13433903750897,-0.17334527461076
364,"constrained_alpha",0.0419220173892723,0.308077982610728,0.308077982610728,0.308077982610728,0.180594181608045,0.452668219793137,1.7425880412792,3.13433903750897,-0.1973124818976
365,"unconstrained",0.132835083194935,0.314203217363216,0.113147641900973,0.600407748265791,0.0589363362691169,0.676985898005744,0.529457295947656,1.103566777016,-0.208830398079598
365,"constrained_alpha",0.034587034494003,0.315412965505997,0.315412965505997,0.315412965505997,0.089878261970181,0.388923428886643,0.529457295947656,1.103566777016,-0.254870585904307
366,"unconstrained",0.0666203627017864,0.378536858535008,0.231257145880692,0.496161259311447,0.0973589042270647,0.636544871749013,0.684646929704252,1.48322506791265,-0.184764434284943
366,"constrained_alpha",0.0279211994206593,0.377921199420659,0.377921199420659,0.377921199420659,0.0886244618726061,0.512896272271743,0.684646929704252,1.48322506791265,-0.185066536068933
367,"unconstrained",0.0574669796908596,0.366193471893027,0.245254502720683,0.512723044675731,-0.0382362362991004,0.347262681913299,0.0289190748342804,0.767089819662718,-0.12121269885937
367,"constrained_alpha",0.0119708987479349,0.361970898747935,0.361970898747935,0.361970898747935,-0.0375090086120215,0.314753047881641,0.0289190748342804,0.767089819662718,-0.177036837141012
368,"unconstrained",0.128482923899792,0.358331797505426,0.154544522495383,0.581835476717819,-0.0847515968533301,0.70417390052883,0.769107442955181,1.57849212949972,0.192789759515482
368,"constrained_alpha",0.0038100252012731,0.346189974798727,0.346189974798727,0.346189974798727,-0.0276386017464745,0.344595497627181,0.769107442955181,1.57849212949972,0.105390906713961
369,"unconstrained",0.109320405423037,0.314576846839951,0.0111423919445973,0.506388044593357,0.272369201506206,0.832385704374692,0.807415129625169,1.38185682274938,0.232351966971206
369,"constrained_alpha",0.023267737586722,0.326732262413278,0.326732262413278,0.326732262413278,0.181961026366388,0.451797351012959,0.807415129625169,1.38185682274938,0.303400439849886
370,"unconstrained",0.133040370446414,0.435322097642882,0.195312685606657,0.747664913017451,-0.0453477359289183,0.549989414871346,0.0524457535014136,0.550354540216597,-0.244220066140896
370,"constrained_alpha",0.0640346838392255,0.414034683839225,0.414034683839225,0.414034683839225,0.0729675758947592,0.617436846364904,0.0524457535014136,0.550354540216597,-0.216391680053038
371,"unconstrained",0.0850829098646528,0.378119262071327,0.196902196745793,0.61703302642891,0.153502747588056,0.621073116961303,0.569157702709535,1.45512866051667,-0.337660559984206
371,"constrained_alpha",0.0103885647924997,0.3603885647925,0.3603885647925,0.3603885647925,0.288552638576485,0.55907362215243,0.569157702709535,1.45512866051667,-0.381135305302821
372,"unconstrained",0.0934366767211837,0.386615070211918,0.183485962052367,0.595763719612255,0.0238101677011598,0.64283163443498,0.296839043031749,0.69628766842567,-0.501221443101942
372,"constrained_alpha",0.0430298213741009,0.393029821374101,0.393029821374101,0.393029821374101,-0.0534586412853304,0.518402005999052,0.296839043031749,0.69628766842567,-0.481460067934936
373,"unconstrained",0.0767595910187833,0.367212145266635,0.254713848592402,0.531329283877474,-0.252265751499493,0.498209623601962,0.091280014481122,0.470910525904785,0.19327086713113
373,"constrained_alpha",0.00330369492477334,0.353303694924773,0.353303694924773,0.353303694924773,-0.226438569439385,0.465317157653376,0.091280014481122,0.470910525904785,0.223549034438126
374,"unconstrained",0.110471657399411,0.315079132673169,0.170635430227707,0.645966038890466,0.231728139084997,0.751918499458534,0.275112408586559,0.76376256086552,0.282755260627891
374,"constrained_alpha",0.0525743129505946,0.297425687049405,0.297425687049405,0.297425687049405,0.237261534296851,0.557553805647407,0.275112408586559,0.76376256086552,0.334327533904089
375,"unconstrained",0.0981910203552722,0.362030703071312,0.181756807310654,0.470171598847377,0.0428718453900375,0.629030556018712,0.239790772371815,1.02416348518439,-0.346859669049843
375,"constrained_alpha",0.0176765999588762,0.367676599958876,0.367676599958876,0.367676599958876,0.0193310578704264,0.498599767974029,0.239790772371815,1.02416348518439,-0.369968119605734
376,"unconstrained",0.0734621887611429,0.311199565270175,0.189845497690069,0.44957628885105,-0.213878429675052,0.440763251469725,0.695123976333124,1.19238897410438,0.435850429660312
376,"constrained_alpha",0.0390186107851855,0.310981389214814,0.310981389214814,0.310981389214814,-0.228463654659199,0.342242808467495,0.695123976333124,1.19238897410438,0.4722094589144
377,"unconstrained",0.0742858242114189,0.376845836325418,0.185074528439048,0.563097675292496,-0.146029820400849,0.452703008565916,0.727784644495116,1.41079503560883,0.112608455368316
377,"constrained_alpha",0.0314762418657689,0.381476241865769,0.381476241865769,0.381476241865769,-0.199041503110847,0.36084561586292,0.727784644495116,1.41079503560883,0.167133522038307
378,"unconstrained",0.0628342432161862,0.331283023554809,0.189547802402022,0.414778021554384,-0.269574450136335,0.669670008149715,0.909217559550422,1.87969767654203,0.518361162747814
378,"constrained_alpha",0.0110908626058183,0.338909137394182,0.338909137394182,0.338909137394182,-0.28941671352244,0.576973357581014,0.909217559550422,1.87969767654203,0.521200832531822
379,"unconstrained",0.079011251093694,0.366269293316845,0.242736914917454,0.510463671321879,-0.0578481920048172,0.569395627575875,0.0339646256060534,0.594398094144079,-0.352661425138697
379,"constrained_alpha",0.0119386016647804,0.36193860166478,0.36193860166478,0.36193860166478,-0.0794360970391976,0.465257312757056,0.0339646256060534,0.594398094144079,-0.328655463151711
380,"unconstrained",0.0898000087220822,0.309557975374882,0.0545737446218154,0.464896585408894,-0.0931566034773715,0.657732760523602,0.842658031869964,1.48077002393413,0.47388511271934
380,"constrained_alpha",0.027066633249856,0.322933366750144,0.322933366750144,0.322933366750144,-0.0880492824829976,0.408292829547275,0.842658031869964,1.48077002393413,0.45841909291098
381,"unconstrained",0.0900475133718072,0.38420196730307,0.179438573204923,0.537966745642597,-0.0722024520874479,0.605092505203669,0.614055644008575,1.22433185923576,-0.0911644165763859
381,"constrained_alpha",0.0354856692071878,0.385485669207188,0.385485669207188,0.385485669207188,-0.0732433463577635,0.432355943834598,0.614055644008575,1.22433185923576,-0.110377996605443
382,"unconstrained",0.0878279151808085,0.289123974764834,0.118127150738058,0.478794950185564,0.336686150958349,0.855380411020367,0.67983692902732,1.12021656149818,0.063397217410607
382,"constrained_alpha",0.057948608001673,0.292051391998327,0.292051391998327,0.292051391998327,0.373349046010008,0.64095950950928,0.67983692902732,1.12021656149818,0.0260958943662426
383,"unconstrained",0.0795976097987578,0.374672001224557,0.212754954899459,0.50178461783151,0.0390276824571931,0.627120138927262,0.903273287603218,3.03445355471366,-0.0620361740453623
383,"constrained_alpha",0.0365632450820573,0.386563245082057,0.386563245082057,0.386563245082057,-0.0285716977669658,0.444461696447595,0.903273287603218,3.03445355471366,-0.0539478147465609
384,"unconstrained",0.0833580595628943,0.366362468502068,0.128690334335024,0.515648023252268,0.0806563783351516,0.622119410632213,0.385110986783216,0.877134110886292,-0.0619226617742676
384,"constrained_alpha",0.00482689691157279,0.354826896911573,0.354826896911573,0.354826896911573,0.0741268851289261,0.333848446788132,0.385110986783216,0.877134110886292,0.0259383452394299
385,"unconstrained",0.0904105760558796,0.342489791032776,0.169340923374962,0.530350280811135,0.159659740873975,0.793899394825269,0.880947688195926,1.55689253509034,-0.158983207212285
385,"constrained_alpha",0.00491509751075453,0.354915097510755,0.354915097510755,0.354915097510755,0.123025367793093,0.49690598571858,0.880947688195926,1.55689253509034,-0.163262179744892
386,"unconstrained",0.0994256854400957,0.360107506100126,0.195469493460496,0.568494216993172,-0.292155348154525,0.685783913775296,0.454639552197303,1.17069299521278,0.171187592564025
386,"constrained_alpha",0.00529842751513493,0.355298427515135,0.355298427515135,0.355298427515135,-0.235569454410395,0.371575595933862,0.454639552197303,1.17069299521278,0.192515069388975
387,"unconstrained",0.0888554938365817,0.28880593290588,0.0679528604564326,0.458155497971665,0.289707705835052,0.725298814061202,0.575355401201924,1.06561803048816,-0.172194187690345
387,"constrained_alpha",0.05436026866071,0.29563973133929,0.29563973133929,0.29563973133929,0.273428457443068,0.429774654750199,0.575355401201924,1.06561803048816,-0.174975793922552
388,"unconstrained",0.0786403986606467,0.359824813198708,0.164593295568986,0.582351832356394,0.246563719323777,0.472619586848393,0.696313090928414,1.13367593700068,-0.15969096614888
388,"constrained_alpha",0.0011945028014177,0.351194502801418,0.351194502801418,0.351194502801418,0.330173578246383,0.438328748803818,0.696313090928414,1.13367593700068,-0.202005234611848
389,"unconstrained",0.0823335593874979,0.389866994498384,0.205751360990759,0.617590985860782,-0.0434070325830606,0.429300908111851,0.154506280072301,0.477454835733719,0.0467171945503184
389,"constrained_alpha",0.0397532633587845,0.389753263358785,0.389753263358785,0.389753263358785,-0.0653244437719235,0.317049454366884,0.154506280072301,0.477454835733719,0.0771772121558008
390,"unconstrained",0.0925513796830104,0.345165570924402,0.189002860086807,0.501497575736986,-0.201135177255399,0.611797434563775,0.252789451916756,0.653555344059775,0.0981639012036686
390,"constrained_alpha",0.0087698251171815,0.341230174882818,0.341230174882818,0.341230174882818,-0.189446778727027,0.522285835333337,0.252789451916756,0.653555344059775,0.137873856745565
391,"unconstrained",0.072175414112563,0.341238430167685,0.151772031557478,0.4759223313951,0.0758883187733447,0.625212927972669,0.426278486773466,1.05855775614916,0.182203926905667
391,"constrained_alpha",0.0106777984570141,0.339322201542986,0.339322201542986,0.339322201542986,0.0391522401778002,0.421252811791856,0.426278486773466,1.05855775614916,0.224304277496033
392,"unconstrained",0.100304919093684,0.328229305880408,0.125761036227975,0.584251472707656,0.0603012749998176,0.754084788851122,0.405238354942928,0.753626706688524,0.232795364396981
392,"constrained_alpha",0.0247887217388583,0.325211278261142,0.325211278261142,0.325211278261142,0.0723174729552462,0.469756172679018,0.405238354942928,0.753626706688524,0.229184044379974
393,"unconstrained",0.0995128336441323,0.336389589874377,0.193470459074007,0.559667269255305,0.00128064169242975,0.533268306303512,0.351264559995971,1.15638590991865,0.0184666953834034
393,"constrained_alpha",0.0244976801421497,0.32550231985785,0.32550231985785,0.32550231985785,0.146866863389076,0.366675130274768,0.351264559995971,1.15638590991865,-0.0505894757285599
394,"unconstrained",0.106964694912009,0.402045077722262,0.237709631220152,0.575313941228228,-0.309592288385152,0.641270223189361,-0.0609716065040084,0.912278493017135,0.0897375029575724
394,"constrained_alpha",0.0294159798900572,0.379415979890057,0.379415979890057,0.379415979890057,-0.193393422191602,0.390507733242039,-0.0609716065040084,0.912278493017135,0.0836208357183492
395,"unconstrained",0.0721829016484757,0.340017259344749,0.258413462520244,0.465939195603058,-0.146447893185764,0.531448744278819,0.574059061466717,0.991804047977541,-0.00525677940424618
395,"constrained_alpha",0.00944513828268628,0.340554861717314,0.340554861717314,0.340554861717314,-0.174228997523465,0.449246507637895,0.574059061466717,0.991804047977541,0.0109067794579842
396,"unconstrained",0.0635113826783058,0.371398968374641,0.275179600465179,0.492658196613527,-0.0569048440064602,0.379233254843705,0.214809923749702,0.997590855667998,-0.123276952588832
396,"constrained_alpha",0.0113510326318655,0.361351032631865,0.361351032631865,0.361351032631865,-0.0594780687491956,0.331864844886657,0.214809923749702,0.997590855667998,-0.0868008381976921
397,"unconstrained",0.10076328125299,0.349178391862249,0.143193767839182,0.570969062257601,0.16207003924744,0.552541433084706,0.50084502360652,1.09742324786096,-0.494273915781582
397,"constrained_alpha",0.0101451004496757,0.339854899550324,0.339854899550324,0.339854899550324,0.236024501529124,0.413266352310156,0.50084502360652,1.09742324786096,-0.555956348370625
398,"unconstrained",0.0414772327663032,0.351620432905673,0.282806623327049,0.422235734410806,-0.167811264803397,0.38169768485889,0.14421877730815,0.743185041796212,0.3519111516966
398,"constrained_alpha",0.00912490745367311,0.359124907453673,0.359124907453673,0.359124907453673,-0.19576357248895,0.320429223939294,0.14421877730815,0.743185041796212,0.335496380815257
399,"unconstrained",0.0941730657045714,0.385306000784749,0.183658969687784,0.816684214950321,0.183188608430263,0.768914526190535,0.277356835323088,0.641343425492648,-0.344709881179029
399,"constrained_alpha",0.0103064226238111,0.360306422623811,0.360306422623811,0.360306422623811,0.250733518848668,0.591307105823071,0.277356835323088,0.641343425492648,-0.357186459381364
400,"unconstrained",0.0920710319051693,0.393097555897025,0.224129989229968,0.567621750622916,-0.0579585663055474,0.476399049580008,-0.0521905961062585,0.433854858213295,-0.332450491694442
400,"constrained_alpha",0.0411067319465477,0.391106731946548,0.391106731946548,0.391106731946548,-0.102217909988966,0.335971613619203,-0.0521905961062585,0.433854858213295,-0.320766927937618
401,"unconstrained",0.0849774600884416,0.343617210645865,0.174755643509198,0.509164530550571,0.187760827811022,0.607394478453883,1.05777481002036,2.46616591628639,-0.137504268360054
401,"constrained_alpha",0.014904529488206,0.335095470511794,0.335095470511794,0.335095470511794,0.254361833296352,0.505965744287287,1.05777481002036,2.46616591628639,-0.208242531399006
402,"unconstrained",0.0736655323637663,0.309321876440338,0.136614242345309,0.437189833462662,0.12857150826734,0.602981005037115,0.262993027298313,0.747865094928052,-0.0676963837008899
402,"constrained_alpha",0.037928057309394,0.312071942690606,0.312071942690606,0.312071942690606,0.0753468747968291,0.504044140046593,0.262993027298313,0.747865094928052,-0.0541322605778789
403,"unconstrained",0.0708360577449859,0.352323286494587,0.210657619161129,0.526732133958546,-0.0790004305322284,0.381149638757188,0.654261912054911,1.29007669952896,-0.0726480697256635
403,"constrained_alpha",2.3278544604155e-05,0.349976721455396,0.349976721455396,0.349976721455396,-0.12877451799437,0.263432142004256,0.654261912054911,1.29007669952896,-0.0519429546601731
404,"unconstrained",0.126072170987471,0.305474405323863,0.136330729141333,0.567858702846865,0.220293045269076,0.59364195476974,0.557265706708645,1.27284355440719,0.318329608177007
404,"constrained_alpha",0.063057308968098,0.286942691031902,0.286942691031902,0.286942691031902,0.240930389497168,0.397081903914518,0.557265706708645,1.27284355440719,0.370359368008614
405,"unconstrained",0.0750176328206716,0.307206056453674,0.158617059710055,0.475257460068241,0.290666114600383,0.67404265472204,0.366230716777102,0.78959963237812,-0.187770399192138
405,"constrained_alpha",0.0415429380285833,0.308457061971417,0.308457061971417,0.308457061971417,0.300966565466516,0.472086069834156,0.366230716777102,0.78959963237812,-0.183348232993201
406,"unconstrained",0.101642125444285,0.310002854563138,0.143936736001913,0.510501463739071,-0.025284868289024,0.634796073375261,0.601363417095282,1.46830515883212,0.218034207225844
406,"constrained_alpha",0.0401089420624619,0.309891057937538,0.309891057937538,0.309891057937538,0.00954240296965941,0.305384386744768,0.601363417095282,1.46830515883212,0.16968780845954
407,"unconstrained",0.100538220974526,0.334231733493808,0.109591554784629,0.558661773615935,0.480042309903454,0.816621233994305,1.3938195109871,1.92640697066156,-0.524572766980774
407,"constrained_alpha",0.0326585063324935,0.317341493667506,0.317341493667506,0.317341493667506,0.542197563413469,0.669034763594149,1.3938195109871,1.92640697066156,-0.579802883780744
408,"unconstrained",0.0601647331215517,0.367360640678309,0.263652744581129,0.497771658003592,-0.1629752364134,0.358355844106381,0.402558941810997,0.890278678454772,0.0826617306984552
408,"constrained_alpha",0.0140134190977545,0.364013419097754,0.364013419097754,0.364013419097754,-0.204293881376239,0.368153464043448,0.402558941810997,0.890278678454772,0.124092069864881
409,"unconstrained",0.103174496762021,0.297601296798945,0.159739679396004,0.527537405937325,0.0850365709283717,0.547895783541228,0.764317783351342,1.75145289408856,0.246272887969227
409,"constrained_alpha",0.0510416111606545,0.298958388839345,0.298958388839345,0.298958388839345,0.128822397806635,0.515819292914243,0.764317783351342,1.75145289408856,0.230617181371045
410,"unconstrained",0.100617962950822,0.414592598069035,0.251965519451463,0.592476556359202,-0.1953590664506,0.515720854781355,0.525857108507435,0.935649433608066,0.0998065104895534
410,"constrained_alpha",0.0603653014115471,0.410365301411547,0.410365301411547,0.410365301411547,-0.169410396487401,0.432136687963772,0.525857108507435,0.935649433608066,0.039909519228877
411,"unconstrained",0.121953972165436,0.316780505575192,0.111723684835558,0.536453735255595,0.0879243043753288,0.735203032182241,0.693688202505493,1.43773505790419,-0.125667071123129
411,"constrained_alpha",0.0516798380201634,0.298320161979837,0.298320161979837,0.298320161979837,0.0462116664944572,0.340005160204401,0.693688202505493,1.43773505790419,-0.047952164971212
412,"unconstrained",0.0724173002923133,0.318529910454036,0.172144448993195,0.535822996544658,-0.00861352638880795,0.367533378870824,0.427725654989158,1.09175977771986,-0.0757967607187287
412,"constrained_alpha",0.0359324410286853,0.314067558971315,0.314067558971315,0.314067558971315,-0.0540502473000798,0.314895117899735,0.427725654989158,1.09175977771986,-0.0599348489464917
413,"unconstrained",0.115031171469443,0.370378135070123,0.0703293695045798,0.564159149108343,-0.0681035835432756,0.697036341317453,1.26252530817331,3.31744328856286,0.1018726589875
413,"constrained_alpha",0.0047797339287543,0.345220266071246,0.345220266071246,0.345220266071246,0.00846110801685538,0.404814231998003,1.26252530817331,3.31744328856286,0.0589097566618937
414,"unconstrained",0.0985203065160254,0.314773371787043,0.13039843750447,0.576950017064542,-0.229514690598701,0.616611311959024,0.27712729329825,0.869889982231578,0.18002354874631
414,"constrained_alpha",0.0363652935163816,0.313634706483618,0.313634706483618,0.313634706483618,-0.241254704715313,0.498903233997323,0.27712729329825,0.869889982231578,0.120754066242332
415,"unconstrained",0.0817936680221915,0.318214285745536,0.203751879662193,0.505008757335835,0.149293011413651,0.494282599519562,0.415570278575626,0.754510888354019,-0.0959910766371377
415,"constrained_alpha",0.0348406597071359,0.315159340292864,0.315159340292864,0.315159340292864,0.217893711560773,0.431060415649486,0.415570278575626,0.754510888354019,-0.0980929923551845
416,"unconstrained",0.0788689905783979,0.352416643313122,0.240435762594931,0.483222930705437,0.0684794426715015,0.643201445944338,0.27764683608491,0.818682983755722,0.230826368991006
416,"constrained_alpha",0.000257462800450914,0.350257462800451,0.350257462800451,0.350257462800451,0.0360726054783866,0.377323428775951,0.27764683608491,0.818682983755722,0.232347159722075
417,"unconstrained",0.0725530792610987,0.407405269771151,0.299338651801506,0.506044550010599,-0.416908326439235,0.638558281758034,0.0945695972744368,0.564665818578042,0.057844528951815
417,"constrained_alpha",0.0606000129455421,0.410600012945542,0.410600012945542,0.410600012945542,-0.422118284615968,0.605948085355516,0.0945695972744368,0.564665818578042,0.0775446494175096
418,"unconstrained",0.0986016351561698,0.303441627098652,0.194881214716303,0.503135418794226,0.142522772241761,0.444497915309011,1.17843617939055,1.59422361926064,-0.00087037999196049
418,"constrained_alpha",0.0432358523498353,0.306764147650165,0.306764147650165,0.306764147650165,0.140245143485317,0.219402174101855,1.17843617939055,1.59422361926064,-0.00613944028303348
419,"unconstrained",0.0988405057410121,0.367411363968187,0.246977885290221,0.56110237501923,0.0596390351486046,0.586350879732138,4.29982339576901,13.9768445208521,-0.106168186441901
419,"constrained_alpha",0.0176546534518357,0.367654653451836,0.367654653451836,0.367654653451836,0.0353425152937325,0.40334013516466,4.29982339576901,13.9768445208521,-0.0844920972608971
420,"unconstrained",0.122358554538091,0.30802870169195,0.10647638097029,0.598307804500156,0.310810702015363,0.588533373807712,1.25818284880317,1.88378353090887,-0.228032786900438
420,"constrained_alpha",0.0623115982430394,0.287688401756961,0.287688401756961,0.287688401756961,0.336896447816052,0.433573985623108,1.25818284880317,1.88378353090887,-0.239188739033619
421,"unconstrained",0.0991207472171692,0.36054768976176,0.165909315766025,0.553456190140229,-0.0296081840245008,0.575554997903926,1.88152384194503,4.74635531797653,-0.158907022697273
421,"constrained_alpha",0.0130724784597439,0.363072478459744,0.363072478459744,0.363072478459744,0.0554377278485094,0.377497349712056,1.88152384194503,4.74635531797653,-0.192994223846229
422,"unconstrained",0.0745770147195844,0.351376049225336,0.128311473540406,0.484506388445593,0.0837667594710634,0.524336358156993,0.693391830491371,1.07738280288942,0.0723196257284016
422,"constrained_alpha",0.0051223731294503,0.35512237312945,0.35512237312945,0.35512237312945,0.0247370039587823,0.388710813702856,0.693391830491371,1.07738280288942,0.0653126504414834
423,"unconstrained",0.111459107725252,0.377597034790665,0.148471680126918,0.620781819505692,-0.0204276162403847,0.517384125260407,0.128765478282497,0.846418973607791,-0.425029324870352
423,"constrained_alpha",0.016206491672023,0.366206491672023,0.366206491672023,0.366206491672023,-0.01557610591834,0.305993938628964,0.128765478282497,0.846418973607791,-0.443694934959722
424,"unconstrained",0.0752410238829966,0.350097381577981,0.218839680243306,0.542613538435422,0.16613810439287,0.589002127367157,0.352383795140981,0.948018099923882,-0.516402853839576
424,"constrained_alpha",0.00851811644045697,0.358518116440457,0.358518116440457,0.358518116440457,0.0886522916459194,0.394707762389741,0.352383795140981,0.948018099923882,-0.520231141875298
425,"unconstrained",0.0906095071684641,0.318433373037198,0.161102404021566,0.4699657036587,0.032313895003222,0.535534684938596,0.231688717803074,0.791565642164423,0.0764648946922963
425,"constrained_alpha",0.0208098546820235,0.329190145317977,0.329190145317977,0.329190145317977,-0.0388531905856221,0.411103140331913,0.231688717803074,0.791565642164423,0.135808561087012
426,"unconstrained",0.0813767069356775,0.408947028231006,0.295597711019234,0.597424176196737,-0.261987130048512,0.458977283757547,0.0963179740307363,0.862269378767687,-0.236991899440435
426,"constrained_alpha",0.0417657299604171,0.391765729960417,0.391765729960417,0.391765729960417,-0.169552895748631,0.3157549066683,0.0963179740307363,0.862269378767687,-0.290817826201994
427,"unconstrained",0.143986881614185,0.282671024588686,0,0.54374143344287,0.31290853274361,0.881175602556191,0.499068869099629,0.957453859760698,-0.130927077513113
427,"constrained_alpha",0.0377889947652938,0.312211005234706,0.312211005234706,0.312211005234706,0.315702873988595,0.554520461572325,0.499068869099629,0.957453859760698,-0.222934616466076
428,"unconstrained",0.0604013446134572,0.330322565462995,0.240194970795235,0.458190235208411,0.0843419423055184,0.322396087237237,0.477884397005941,0.931677283078402,0.178595840921272
428,"constrained_alpha",0.0160551371821264,0.333944862817874,0.333944862817874,0.333944862817874,0.0674976045020918,0.257377320001144,0.477884397005941,0.931677283078402,0.147959673017834
429,"unconstrained",0.0922642686907205,0.374924593302316,0.236465548542769,0.589546433162274,-0.00134384768748641,0.722687837516255,-0.0396470086991888,0.518766493413105,-0.303503033918596
429,"constrained_alpha",0.00893745946654884,0.358937459466549,0.358937459466549,0.358937459466549,0.0351188395336459,0.413214318573496,-0.0396470086991888,0.518766493413105,-0.301050212444106
430,"unconstrained",0.0948784981349426,0.333193319212744,0.140216177912811,0.540200610760744,0.147385114666551,0.534098762586804,0.425964026828966,0.906915192319077,0.133330930540376
430,"constrained_alpha",0.0362477849344392,0.313752215065561,0.313752215065561,0.313752215065561,0.238875131355393,0.474078273074971,0.425964026828966,0.906915192319077,0.0970347093224126
431,"unconstrained",0.108146541454073,0.315389916264835,0.136771785874105,0.507814130337981,0.342215755298408,0.529055982453917,0.536538112853367,0.858609859641569,-0.223347920346143
431,"constrained_alpha",0.0567929910717576,0.293207008928242,0.293207008928242,0.293207008928242,0.382723605809114,0.452476013553118,0.536538112853367,0.858609859641569,-0.214956570865061
432,"unconstrained",0.0797872718593427,0.334405722014386,0.176958927734711,0.489816507290516,0.361426782480195,0.759882026488882,0.546148043056278,1.19303518932507,-0.49662029931595
432,"constrained_alpha",0.0152167362988629,0.334783263701137,0.334783263701137,0.334783263701137,0.276132589391095,0.59328517766613,0.546148043056278,1.19303518932507,-0.491088915550275
433,"unconstrained",0.103888360342479,0.349055374798516,0.174613797364091,0.521840680504768,-0.0490464643680433,0.729805602793572,0.0384994517693835,0.80681899520851,-0.0799567358923265
433,"constrained_alpha",0.00484178871743574,0.354841788717436,0.354841788717436,0.354841788717436,-0.11708670664479,0.448644598802505,0.0384994517693835,0.80681899520851,-0.101614615327967
434,"unconstrained",0.0891636704846261,0.322620238665467,0.121275439252195,0.587772230187956,0.145019541053853,0.580156397457155,0.566665441759129,0.79712359610429,0.462335707915294
434,"constrained_alpha",0.0389583647312586,0.311041635268741,0.311041635268741,0.311041635268741,0.211243173015011,0.355125931829338,0.566665441759129,0.79712359610429,0.428594753564367
435,"unconstrained",0.0878861173422249,0.334845466280071,0.222110058172953,0.54822091354852,0.0561666397464666,0.693772874187595,0.0921073917811118,0.535214918878373,-0.0412982181985635
435,"constrained_alpha",0.0181633125800588,0.331836687419941,0.331836687419941,0.331836687419941,0.104763408014852,0.490951370325807,0.0921073917811118,0.535214918878373,-0.0778379385648518
436,"unconstrained",0.092641951824972,0.366976167175767,0.170496107426778,0.54951798802971,-0.31221618656848,0.676037671444672,0.980897882458253,1.79790246095595,0.205126784806577
436,"constrained_alpha",0.00867440121728608,0.358674401217286,0.358674401217286,0.358674401217286,-0.269882295168704,0.464276647125715,0.980897882458253,1.79790246095595,0.197807992144337
437,"unconstrained",0.109175371970058,0.291782594649503,0.0898935197161323,0.53566678151148,-0.127708627588762,0.683870066706089,0.681362532639446,1.53886218090811,0.373716416468127
437,"constrained_alpha",0.0515044799690662,0.298495520030934,0.298495520030934,0.298495520030934,-0.0665486550766525,0.406240324297977,0.681362532639446,1.53886218090811,0.316845921653194
438,"unconstrained",0.0764189969934457,0.393939110987895,0.258633442916916,0.524691903954161,-0.109918670821828,0.495471301869149,0.254305830842709,0.962967566366703,-0.0454945305089955
438,"constrained_alpha",0.0435991549768505,0.39359915497685,0.39359915497685,0.39359915497685,-0.149091606449654,0.349227099053026,0.254305830842709,0.962967566366703,-0.0205293317455073
439,"unconstrained",0.134767449424421,0.36972319766021,0.204036404996208,0.606971694382107,0.00328920788683194,0.626905797213574,0.477054575928281,1.15627687284073,0.111148884890893
439,"constrained_alpha",0.011206829725763,0.361206829725763,0.361206829725763,0.361206829725763,0.057965019832354,0.426101662651572,0.477054575928281,1.15627687284073,0.00163610189744512
440,"unconstrained",0.129789652981196,0.388521481540395,0.106115956574624,0.682944497818079,-0.158997750261317,0.607423922368782,0.398145291895307,1.6447639757528,-0.0708890147977934
440,"constrained_alpha",0.0511809899353676,0.401180989935368,0.401180989935368,0.401180989935368,-0.11305008075791,0.45921133596776,0.398145291895307,1.6447639757528,-0.0689145506160085
441,"unconstrained",0.103194199210895,0.352404295178552,0.192608258368769,0.529225811151535,-0.0230445313678061,0.462937037731515,0.235510261262884,0.977221398214674,0.139950563364283
441,"constrained_alpha",0.00287268482976999,0.34712731517023,0.34712731517023,0.34712731517023,0.00713491854325147,0.361972713129646,0.235510261262884,0.977221398214674,0.0852330295548469
442,"unconstrained",0.106456312651988,0.411114992730007,0.253228370141101,0.677245580311312,-0.0967785485249643,0.510023342128807,0.391413414175847,0.757124407050183,-0.142562193615661
442,"constrained_alpha",0.0381849309365621,0.388184930936562,0.388184930936562,0.388184930936562,-0.097302513820725,0.282301405332818,0.391413414175847,0.757124407050183,-0.146481223113653
443,"unconstrained",0.100211211647988,0.282984934879673,0.191572431388291,0.50673194850005,0.29230421403384,0.408532824918173,0.576504466560518,1.08308636723498,0.485170927965294
443,"constrained_alpha",0.0838423787637683,0.266157621236232,0.266157621236232,0.266157621236232,0.336603419866673,0.496739361980684,0.576504466560518,1.08308636723498,0.49398750504683
444,"unconstrained",0.0946272469673265,0.391944485100624,0.243781522218867,0.512204319710347,-0.0926493221365131,0.442026574428768,2.17190060281425,5.03121949794994,0.0884572391366925
444,"constrained_alpha",0.0280115173819898,0.37801151738199,0.37801151738199,0.37801151738199,-0.115952130153043,0.375933615938789,2.17190060281425,5.03121949794994,0.16624298114423
445,"unconstrained",0.0903998953036044,0.324674964837866,0.170673069854587,0.515149345250813,-0.224513778490232,0.412242381219944,0.946900213532637,2.64341172983296,0.404294498739329
445,"constrained_alpha",0.0311314756713795,0.31886852432862,0.31886852432862,0.31886852432862,-0.226585655444243,0.353440684686102,0.946900213532637,2.64341172983296,0.368176088002852
446,"unconstrained",0.0857454243138704,0.41565719667573,0.263324044451159,0.716116887206104,-0.259025387083301,0.489224115835386,0.169782227960378,0.580513183215024,-0.0828912361399499
446,"constrained_alpha",0.037169830428615,0.387169830428615,0.387169830428615,0.387169830428615,-0.142350676278568,0.502100895409943,0.169782227960378,0.580513183215024,-0.138980874887437
447,"unconstrained",0.0855866861824069,0.318765707177134,0.08272194692743,0.44825155621036,0.0929813639207777,0.508740657910446,0.607314255399553,1.1621228045803,-0.159901786840046
447,"constrained_alpha",0.021729391250053,0.328270608749947,0.328270608749947,0.328270608749947,0.0470721368375438,0.345509672453853,0.607314255399553,1.1621228045803,-0.147015674846905
448,"unconstrained",0.0881022104751066,0.33811390054788,0.1597562164058,0.477535111758241,0.313924601855376,0.620966200941689,0.456560691824774,1.23389796287444,-0.083349796533555
448,"constrained_alpha",0.0168470695335311,0.333152930466469,0.333152930466469,0.333152930466469,0.262623225544262,0.508752464320208,0.456560691824774,1.23389796287444,-0.0507768329978537
449,"unconstrained",0.0866268286455454,0.361524299977502,0.109626045656423,0.488323712809694,-0.24720020718195,0.54619936606539,-0.0654395733557352,0.449150407891871,0.0185064850764698
449,"constrained_alpha",0.0184231465394047,0.368423146539405,0.368423146539405,0.368423146539405,-0.251590765805715,0.548756868673638,-0.0654395733557352,0.449150407891871,0.0310979217023371
450,"unconstrained",0.0728488005219405,0.335064862156872,0.119972329816094,0.489333490225964,0.114596493184719,0.493017267383306,0.781895561311234,1.20737556422706,0.241805882749617
450,"constrained_alpha",0.0292862077839012,0.320713792216099,0.320713792216099,0.320713792216099,0.0873563202626437,0.313881337754816,0.781895561311234,1.20737556422706,0.323226126285703
451,"unconstrained",0.102885427486328,0.411215428589018,0.184307150699996,0.557589882146458,-0.376903541189375,0.552888224762123,0.393286005216738,1.72569299814246,0.167693871604114
451,"constrained_alpha",0.0459805691697411,0.395980569169741,0.395980569169741,0.395980569169741,-0.335617915317744,0.442294807855886,0.393286005216738,1.72569299814246,0.211563570628581
452,"unconstrained",0.0779098539072121,0.340149824823999,0.226211922296409,0.491760537935822,-0.16017986409137,0.384088374599476,1.10587153812961,1.69927070936726,0.199836933899051
452,"constrained_alpha",0.0281503514511048,0.321849648548895,0.321849648548895,0.321849648548895,-0.111164346827203,0.256621421817903,1.10587153812961,1.69927070936726,0.162435229345307
453,"unconstrained",0.130436074709139,0.23225220181248,0.0341140350632355,0.404280811303291,0.453068542059544,0.944664013455145,1.56914144985742,2.49558351503823,0.231942892197589
453,"constrained_alpha",0.118371640679344,0.231628359320656,0.231628359320656,0.231628359320656,0.505938700239776,0.778395989872124,1.56914144985742,2.49558351503823,0.22096895539634
454,"unconstrained",0.0660394369854829,0.326586832122323,0.128229695178589,0.449527782077627,0.0727346625686167,0.377149188770303,0.345641682302628,0.899742993743326,-0.12132775574702
454,"constrained_alpha",0.0328573091355146,0.317142690864485,0.317142690864485,0.317142690864485,0.0373339354883673,0.339992928904184,0.345641682302628,0.899742993743326,-0.0900412955355205
455,"unconstrained",0.0750236733032413,0.32601452601251,0.209349082408566,0.454346023921684,0.240460480245583,0.463796628286847,0.219118248787944,0.569291999906129,0.19075396115929
455,"constrained_alpha",0.0348803945106976,0.315119605489302,0.315119605489302,0.315119605489302,0.25027587129605,0.42536237901969,0.219118248787944,0.569291999906129,0.232092672630759
456,"unconstrained",0.107093923464352,0.326854916377653,0.14415076464672,0.559780676464959,-0.253663093089617,0.597623922198431,0.280580120391265,0.955951957491752,0.537124717118697
456,"constrained_alpha",0.0349660593059644,0.315033940694036,0.315033940694036,0.315033940694036,-0.194813054335366,0.354671272549158,0.280580120391265,0.955951957491752,0.485718416664527
457,"unconstrained",0.0825018941937686,0.357762223770864,0.189767407501296,0.577610334404908,0.0501931404707719,0.550115815537006,0.124245021573587,0.57501043764386,0.162395404968258
457,"constrained_alpha",0.00795484916592903,0.357954849165929,0.357954849165929,0.357954849165929,0.031795176368776,0.399093098208043,0.124245021573587,0.57501043764386,0.17763857399897
458,"unconstrained",0.0811612000852603,0.351157528574499,0.084638935628627,0.56035219709753,-0.0565843779555647,0.578246883827488,0.321374691848554,1.55208069652469,-0.058058480701414
458,"constrained_alpha",0.00633605374699658,0.356336053746997,0.356336053746997,0.356336053746997,-0.0886074891493988,0.424388529636891,0.321374691848554,1.55208069652469,-0.0645211753756942
459,"unconstrained",0.0759144296978129,0.423288546186806,0.335557640689462,0.651488992272818,-0.47670156054418,0.619819195088524,0.121098239362616,0.678237812652629,0.214847179685302
459,"constrained_alpha",0.0609316113207199,0.41093161132072,0.41093161132072,0.41093161132072,-0.431501316006538,0.564528265791384,0.121098239362616,0.678237812652629,0.163356354671835
460,"unconstrained",0.091934011672848,0.373789939291483,0.217789359720065,0.566171782983038,-0.117675561343951,0.517821415328739,-0.112364862264549,0.830897883277617,0.0251236886389827
460,"constrained_alpha",0.00261711767101308,0.347382882328987,0.347382882328987,0.347382882328987,-0.011527894506392,0.361445713936596,-0.112364862264549,0.830897883277617,-0.0273061879205192
461,"unconstrained",0.106310749574267,0.449598351059572,0.313081808169178,0.601563357097719,-0.219751983904927,0.500013234405586,-0.0297921974167287,0.617904711306582,-0.413638205019615
461,"constrained_alpha",0.0975392681508186,0.447539268150819,0.447539268150819,0.447539268150819,-0.168710278208929,0.427848943929697,-0.0297921974167287,0.617904711306582,-0.416940125835813
462,"unconstrained",0.161029176897001,0.352459034669741,0.102952496697574,0.886659699253756,-0.177754094158314,0.647457351088451,0.857834180568259,1.35453926579849,0.0825461919720749
462,"constrained_alpha",0.0258663167034445,0.324133683296556,0.324133683296556,0.324133683296556,-0.0935679278130137,0.312081096577504,0.857834180568259,1.35453926579849,-0.0227508063476483
463,"unconstrained",0.0768418189849347,0.346563047719542,0.06045563482538,0.492378638960165,-0.0912019248907631,0.638549509338678,1.78011445975554,4.04961148689401,0.292267600888851
463,"constrained_alpha",0.0138902271600144,0.336109772839986,0.336109772839986,0.336109772839986,-0.0881637581559872,0.421301151247747,1.78011445975554,4.04961148689401,0.280747638890949
464,"unconstrained",0.102326355166498,0.359020754190236,0.140404337484472,0.575925129915666,-0.0192738194029265,0.432969728663289,0.702331645813984,1.72640721855313,-0.283814065290057
464,"constrained_alpha",0.0177678107199342,0.367767810719934,0.367767810719934,0.367767810719934,-0.0723930754188844,0.256832567322366,0.702331645813984,1.72640721855313,-0.279541495347972
465,"unconstrained",0.117462545054497,0.336846776578748,0.118103159909825,0.573070340431916,-0.118338849485928,0.574374972681745,4.37086549601032,13.9968584168909,0.204468530945231
465,"constrained_alpha",0.0248967427951822,0.325103257204818,0.325103257204818,0.325103257204818,-0.102085567969364,0.313626924296323,4.37086549601032,13.9968584168909,0.191720310654913
466,"unconstrained",0.079217031755234,0.397262149579513,0.289100963007427,0.596175772151682,-0.0844909995911248,0.510470082915989,-0.0964829112982035,0.624901326564688,0.113706683784084
466,"constrained_alpha",0.0408518296761345,0.390851829676135,0.390851829676135,0.390851829676135,-0.0253307810778762,0.423603962722387,-0.0964829112982035,0.624901326564688,0.041989091689522
467,"unconstrained",0.0952548922063181,0.32026483741097,0.0436969950657608,0.51134191985434,0.304837963337801,0.643071806334933,1.07262948590902,2.28948818595819,-0.073285917696762
467,"constrained_alpha",0.0318171102926871,0.318182889707313,0.318182889707313,0.318182889707313,0.310530825952297,0.46651672641591,1.07262948590902,2.28948818595819,-0.0965942799531911
468,"unconstrained",0.0873225016658273,0.323182667049211,0.162225485128344,0.512502013113338,-0.0724436856679565,0.667304779828176,0.206149142420291,0.595916632704849,-0.222064966057215
468,"constrained_alpha",0.0272962284032671,0.322703771596733,0.322703771596733,0.322703771596733,-0.015518920330011,0.403175778232524,0.206149142420291,0.595916632704849,-0.2568399664281
469,"unconstrained",0.103151317236497,0.352925736212406,0.10099757796747,0.555199750351229,0.0386288639818915,0.762497091979984,0.22249838059274,0.968340966181652,-0.142864678224559
469,"constrained_alpha",0.0126444069038172,0.362644406903817,0.362644406903817,0.362644406903817,0.0616883474869516,0.497438654655123,0.22249838059274,0.968340966181652,-0.142537663291866
470,"unconstrained",0.0938135269614669,0.360946745757736,0.161761414866948,0.591668186382491,-0.00799367052341991,0.585086385731927,7.22959861161725,17.5239052717044,-0.0821410605242487
470,"constrained_alpha",0.00653096845450624,0.356530968454506,0.356530968454506,0.356530968454506,-0.00297798993528997,0.371804529661618,7.22959861161725,17.5239052717044,-0.0718860044129797
471,"unconstrained",0.122416186925624,0.455891534112446,0.291245889411398,0.707454979750068,-0.538111890118834,0.663834782250743,0.33582713058043,1.01454905558212,0.0871757236839654
471,"constrained_alpha",0.0877100527550945,0.437710052755094,0.437710052755094,0.437710052755094,-0.500875448451451,0.60348230345509,0.33582713058043,1.01454905558212,0.139945600078203
472,"unconstrained",0.114502870042534,0.317244794259311,0.0976561934945129,0.606800470039597,0.141207954674762,0.737847261975311,0.427447974791392,0.86219470611293,0.342734305267004
472,"constrained_alpha",0.0375185718602681,0.312481428139732,0.312481428139732,0.312481428139732,0.0971215034737849,0.442890241612249,0.427447974791392,0.86219470611293,0.360752141457812
473,"unconstrained",0.0771144285449396,0.317768495604529,0.207203006751453,0.573618495518843,0.103188204725155,0.40415281754805,0.461110812945492,1.12207749710285,0.0456950671280092
473,"constrained_alpha",0.0462637195994509,0.303736280400549,0.303736280400549,0.303736280400549,0.128941938754772,0.227787705386044,0.461110812945492,1.12207749710285,0.0198131114049507
474,"unconstrained",0.103488407629901,0.346605719986547,0.184053368651698,0.559144335562184,0.172766573726428,0.651045984478263,0.262035474350488,0.953248276648133,-0.116997169355596
474,"constrained_alpha",0.0209906023067554,0.329009397693245,0.329009397693245,0.329009397693245,0.292287632855567,0.5061375233478,0.262035474350488,0.953248276648133,-0.183715872465555
475,"unconstrained",0.0880852335128391,0.366743053024984,0.2087961164858,0.536322932859563,-0.23125163170078,0.492528868604388,0.0669168042184509,0.701096740813268,-0.0398448604118107
475,"constrained_alpha",0.015946348202895,0.365946348202895,0.365946348202895,0.365946348202895,-0.174739450326385,0.357091062713433,0.0669168042184509,0.701096740813268,-0.0826070032282791
476,"unconstrained",0.0793874232261328,0.365345815460474,0.0408786317503627,0.447489602116015,-0.134735486317389,0.582826163316872,0.475739799575719,1.01306548068173,0.0684990151607208
476,"constrained_alpha",0.0370221045952123,0.387022104595212,0.387022104595212,0.387022104595212,-0.154919738531398,0.489939413529695,0.475739799575719,1.01306548068173,0.018386865547209
477,"unconstrained",0.0994035121885422,0.354993868166549,0.19169283714402,0.597220195431557,-0.0325187830568112,0.759040539011995,0.10377217434644,0.55649902888838,0.0592797491936581
477,"constrained_alpha",0.00415607910228138,0.345843920897719,0.345843920897719,0.345843920897719,-0.0323758967078863,0.407072913530142,0.10377217434644,0.55649902888838,0.0142591908698635
478,"unconstrained",0.116141312997195,0.292575515835827,0.0344723994807263,0.610784777740267,0.266176204076248,0.820127081815894,0.89165284532894,2.0097454628133,0.0638543748612346
478,"constrained_alpha",0.0760332608988482,0.273966739101152,0.273966739101152,0.273966739101152,0.303388868165204,0.557433877040306,0.89165284532894,2.0097454628133,0.0615036408622098
479,"unconstrained",0.0861011391334701,0.320989481075995,0.0636275832726616,0.457084837493098,0.267577625511397,0.40671663827152,0.770487785011472,2.1403024232989,-0.322048336329986
479,"constrained_alpha",0.030066583315899,0.319933416684101,0.319933416684101,0.319933416684101,0.240424636750269,0.362898882049943,0.770487785011472,2.1403024232989,-0.305391047285562
480,"unconstrained",0.149358543753997,0.379045173386429,0.0616888242650801,0.735908530559973,-0.0247858576653354,0.890718343041951,0.294670669412523,0.767350241949946,0.0132778414174719
480,"constrained_alpha",0.0104934651305555,0.360493465130555,0.360493465130555,0.360493465130555,0.0100011184388035,0.426386169271867,0.294670669412523,0.767350241949946,0.0331742254229832
481,"unconstrained",0.116469947473884,0.332515581477198,0.107909579395639,0.637672176647008,0.157717233829973,0.616832764477109,0.496116312148205,0.801881505961636,-0.397577214753478
481,"constrained_alpha",0.0132404290850703,0.33675957091493,0.33675957091493,0.33675957091493,0.210256883945028,0.422636857511094,0.496116312148205,0.801881505961636,-0.41803179944162
482,"unconstrained",0.102892812067279,0.365814388088509,0.175278442808807,0.704414464892709,-0.0524351372679862,0.585726619745403,4.58738325065164,14.0488840720288,0.226373572470006
482,"constrained_alpha",0.0162087521237294,0.366208752123729,0.366208752123729,0.366208752123729,-0.11414378517515,0.437391698262715,4.58738325065164,14.0488840720288,0.344348140564801
483,"unconstrained",0.0679901678367487,0.370282376984472,0.240049782913226,0.491023069298618,-0.222508583501345,0.467955018485626,0.185672263037307,0.607387720716295,0.28898390327376
483,"constrained_alpha",0.0280181875800485,0.378018187580049,0.378018187580049,0.378018187580049,-0.279448333161502,0.375928131366744,0.185672263037307,0.607387720716295,0.298937737417444
484,"unconstrained",0.120057359074909,0.36816425269624,0.168483585296355,0.598064017199454,-0.371064891397484,0.844837604775175,5.05357327530085,13.9975060553293,0.19960665979124
484,"constrained_alpha",0.0424290537550592,0.392429053755059,0.392429053755059,0.392429053755059,-0.486671734013089,0.674781178445121,5.05357327530085,13.9975060553293,0.209677789502484
485,"unconstrained",0.107921337091689,0.304523206448294,0.184133675765471,0.50588417441674,0.362032807112835,0.697659936861884,0.333641445243522,0.874101525073,-0.0799575748136212
485,"constrained_alpha",0.0475227627736858,0.302477237226314,0.302477237226314,0.302477237226314,0.382329519815481,0.508916477598228,0.333641445243522,0.874101525073,-0.0946519875439804
486,"unconstrained",0.0935982533746449,0.289033602987654,0.143144580557726,0.443493470667892,0.214612829486885,0.657309715123541,0.662295326423114,1.27822391060222,-0.0385633896702786
486,"constrained_alpha",0.0656084648486033,0.284391535151397,0.284391535151397,0.284391535151397,0.22606772744621,0.402497422048663,0.662295326423114,1.27822391060222,0.00126583759496279
487,"unconstrained",0.0699494953471704,0.334435311025401,0.20553653686466,0.499369290184255,0.303096773313289,0.566839059525224,0.680688865131165,1.3099295000157,-0.271780961088752
487,"constrained_alpha",0.0275716056173375,0.322428394382662,0.322428394382662,0.322428394382662,0.348697475755793,0.473831842037679,0.680688865131165,1.3099295000157,-0.307189517936307
488,"unconstrained",0.0738566376375179,0.316197671174693,0.0609113126625073,0.473899640392071,0.225429011401421,0.501087457151291,0.321518496505712,0.756726973278828,-0.0511655587376221
488,"constrained_alpha",0.0315713925705566,0.318428607429443,0.318428607429443,0.318428607429443,0.298675578906962,0.505049205969179,0.321518496505712,0.756726973278828,-0.0915964995287959
489,"unconstrained",0.0789664722910445,0.307888228066015,0.164173544601424,0.442797925893622,0.249497067457103,0.513519018358527,0.0462566035334773,0.636889911055212,0.0397368921321444
489,"constrained_alpha",0.038009340520694,0.311990659479306,0.311990659479306,0.311990659479306,0.279802152376259,0.467332090345885,0.0462566035334773,0.636889911055212,0.0129794298860473
490,"unconstrained",0.0539402790429592,0.331666135675394,0.263618602476795,0.446235873000258,0.144780953502946,0.455458022707916,0.16051997413264,0.51989452431329,-0.0831313503835758
490,"constrained_alpha",0.0122746505273379,0.337725349472662,0.337725349472662,0.337725349472662,0.137848417476238,0.381820694940617,0.16051997413264,0.51989452431329,-0.119982085018693
491,"unconstrained",0.0900598884574904,0.378865802180778,0.0877980504320898,0.608587009168991,0.0345943351994385,0.57462853501753,0.716283378139045,1.74329179237745,0.00817674873300622
491,"constrained_alpha",0.0255078151370107,0.375507815137011,0.375507815137011,0.375507815137011,0.0410381616176968,0.304289561364173,0.716283378139045,1.74329179237745,0.0599563278650133
492,"unconstrained",0.121127284734529,0.287807265014036,0.116949974611194,0.573771482386023,0.351684954000755,0.603944154639456,0.538371416522602,1.09989914977762,0.0152722209114913
492,"constrained_alpha",0.0611007074622409,0.288899292537759,0.288899292537759,0.288899292537759,0.378246279558472,0.512969371153147,0.538371416522602,1.09989914977762,-0.0181262024147633
493,"unconstrained",0.135515351118856,0.355867886956553,0.156396980912423,0.6443085930124,0.292442211704805,0.830129284001041,0.262238770816189,0.824758235638692,-0.31819550592009
493,"constrained_alpha",0.00868121368112962,0.35868121368113,0.35868121368113,0.35868121368113,0.307652826603755,0.570164165826524,0.262238770816189,0.824758235638692,-0.34600853540558
494,"unconstrained",0.0875050685561582,0.354351780547965,0.267519401885602,0.567876353927778,-0.0167050139466585,0.499454188832178,0.382005014591774,0.949862950879483,-0.145676970649948
494,"constrained_alpha",0.00814209461879151,0.341857905381208,0.341857905381208,0.341857905381208,0.0422466593500386,0.347345874597484,0.382005014591774,0.949862950879483,-0.178157877646983
495,"unconstrained",0.0933033076531234,0.341713261356488,0.216001611528796,0.548985282298772,-0.0874835508663872,0.685819497934216,0.249253328200047,0.793618109205881,0.507823491081135
495,"constrained_alpha",0.0091847784895927,0.340815221510407,0.340815221510407,0.340815221510407,-0.0689611889995218,0.412918058712296,0.249253328200047,0.793618109205881,0.495158986252359
496,"unconstrained",0.0808835274441616,0.304027234083126,0.118148715339215,0.488115697127926,0.0976932936174801,0.560667086715851,0.355525256289251,0.645704113682813,0.637362230305272
496,"constrained_alpha",0.0461318914279035,0.303868108572096,0.303868108572096,0.303868108572096,0.0924130093947259,0.529760382403695,0.355525256289251,0.645704113682813,0.687555156277178
497,"unconstrained",0.09268845851164,0.364018070514913,0.184900085066629,0.575322722788037,-0.00522107204967911,0.565113018497394,0.382626733632931,0.972216845052175,0.00534161070129424
497,"constrained_alpha",0.00352689854939309,0.353526898549393,0.353526898549393,0.353526898549393,0.033271284600355,0.320058515358772,0.382626733632931,0.972216845052175,-0.100413786539641
498,"unconstrained",0.105563685005548,0.336494793967352,0.121386285074775,0.52278801178145,0.0853261756385087,0.595806814190739,1.13677597375213,1.9510772528059,0.0712031310159793
498,"constrained_alpha",0.0216051360171908,0.328394863982809,0.328394863982809,0.328394863982809,-0.0143753231188245,0.296203297875546,1.13677597375213,1.9510772528059,0.0972225053258498
499,"unconstrained",0.0921879036199569,0.393113324132467,0.161474303823382,0.62440302960413,-0.0228180426194586,0.494880692547359,0.447597150225283,1.2625663089435,-0.237927886838168
499,"constrained_alpha",0.0314201283945859,0.381420128394586,0.381420128394586,0.381420128394586,0.0675534380177624,0.290473425166024,0.447597150225283,1.2625663089435,-0.308209551061895
500,"unconstrained",0.0914536139855323,0.353127396236583,0.17715899909186,0.579430098084704,-0.194324293176674,0.744058333106097,-0.0995369816609399,0.306291097516015,0.0651061678018772
500,"constrained_alpha",0.0142330615663743,0.335766938433626,0.335766938433626,0.335766938433626,-0.101454727561112,0.673103106354887,-0.0995369816609399,0.306291097516015,0.0504923048141805
501,"unconstrained",0.0956813158854688,0.356781733950803,0.238228495547046,0.512878800445462,-0.254833429534205,0.679566352805745,0.0625223094458472,0.881949543048428,0.31725619121331
501,"constrained_alpha",0.00904404458065661,0.359044044580657,0.359044044580657,0.359044044580657,-0.213559439856251,0.421552967704502,0.0625223094458472,0.881949543048428,0.305458745927641
502,"unconstrained",0.0852493980547108,0.40939697572727,0.265918398970055,0.510107799729052,-0.0749986623614814,0.543970039525412,0.369036265413539,0.914642889507484,-0.307531597660743
502,"constrained_alpha",0.0676080069366197,0.41760800693662,0.41760800693662,0.41760800693662,-0.102076136993727,0.381774432598417,0.369036265413539,0.914642889507484,-0.293961200189052
503,"unconstrained",0.0733548560418837,0.361104248932538,0.237091642656535,0.608525105393031,0.0336345644219388,0.730021002398013,0.545569278634414,1.17286375563231,0.0622782912603921
503,"constrained_alpha",0.00448786730548545,0.345512132694515,0.345512132694515,0.345512132694515,0.0801278582195112,0.603188899667242,0.545569278634414,1.17286375563231,0.0503459467786564
504,"unconstrained",0.0974683672486129,0.322029857687596,0.20210167498001,0.540406657947665,0.133818687731099,0.488341019589841,0.516378975669782,0.978537016910726,-0.0783398796339885
504,"constrained_alpha",0.0267586003549922,0.323241399645008,0.323241399645008,0.323241399645008,0.183802420542348,0.40831164777209,0.516378975669782,0.978537016910726,-0.119577571160957
505,"unconstrained",0.122299659777964,0.423790388004555,0.241032182559252,0.636832121891294,-0.475845017882798,0.812276567509464,0.278005805718066,0.919715532588404,0.29983557894409
505,"constrained_alpha",0.0559767470560578,0.405976747056058,0.405976747056058,0.405976747056058,-0.455136761673219,0.607851063953161,0.278005805718066,0.919715532588404,0.339715630467402
506,"unconstrained",0.1069005159097,0.38066348766454,0.192104818966591,0.575556174905451,-0.15018488515215,0.634057343384267,0.918205605417495,1.79002914017394,-0.00157326890751452
506,"constrained_alpha",0.0245496043175025,0.374549604317503,0.374549604317503,0.374549604317503,-0.0633972703247152,0.484434545943475,0.918205605417495,1.79002914017394,-0.0287281362064904
507,"unconstrained",0.0796533652132877,0.363083263119668,0.106776114618106,0.581638210874257,0.00437904288526066,0.451974691998882,0.102470095746571,0.512803557940661,0.00548676924179436
507,"constrained_alpha",0.00739522380471619,0.357395223804716,0.357395223804716,0.357395223804716,-0.0262936397709637,0.345080183514122,0.102470095746571,0.512803557940661,0.0532433397674041
508,"unconstrained",0.0840502817493927,0.362239574713295,0.206809944081904,0.559939470200945,-0.113873446290155,0.451528485801424,0.193581276736623,0.494077153582394,0.0201178172444301
508,"constrained_alpha",0.0102297826642443,0.360229782664244,0.360229782664244,0.360229782664244,-0.130251210138,0.372069054623848,0.193581276736623,0.494077153582394,0.0531498182765375
509,"unconstrained",0.0881058857263152,0.339941966570477,0.177063954152075,0.54375505041826,-0.245260630134074,0.563799068253257,0.208552571838141,0.504542410790801,0.36051586386191
509,"constrained_alpha",0.0223896546568375,0.327610345343162,0.327610345343162,0.327610345343162,-0.176037516071764,0.40985452622334,0.208552571838141,0.504542410790801,0.324917233411891
510,"unconstrained",0.114233662923158,0.357444785753644,0.0244796614751027,0.508549355767014,-0.189106174167845,0.845987020220249,0.988620541504681,3.04912298970476,0.312412115701572
510,"constrained_alpha",0.0135042124372362,0.363504212437236,0.363504212437236,0.363504212437236,-0.186784092187286,0.617920411718331,0.988620541504681,3.04912298970476,0.227904743753887
511,"unconstrained",0.0922069744871756,0.335120421058432,0.111183292258935,0.469523679750978,0.339538115236863,0.564306840598107,0.402323837245922,0.751848489332367,-0.204972517342727
511,"constrained_alpha",0.00996046306376414,0.340039536936236,0.340039536936236,0.340039536936236,0.292119951295381,0.462309828161104,0.402323837245922,0.751848489332367,-0.128633132059773
512,"unconstrained",0.116975345039938,0.424693755418267,0.209617797652586,0.612014020107336,-0.23156584914697,0.606949757501632,-0.170443800630198,0.501722001058063,0.176020790351172
512,"constrained_alpha",0.0643695400271246,0.414369540027125,0.414369540027125,0.414369540027125,-0.236264989932004,0.468140614640911,-0.170443800630198,0.501722001058063,0.262684327818051
513,"unconstrained",0.0791702098071612,0.368183740652203,0.21030971544681,0.495070082091403,-0.15201767610483,0.604706002406614,-0.192444705756337,0.590006795764903,-0.175395388333436
513,"constrained_alpha",0.0190759661697081,0.369075966169708,0.369075966169708,0.369075966169708,-0.154705118264445,0.455563222579788,-0.192444705756337,0.590006795764903,-0.13929030798656
514,"unconstrained",0.0895447187249083,0.356732222296628,0.101516244012011,0.490832502522654,0.0323336485383282,0.566398094362573,0.689151473275626,1.3360554856138,-0.103407708837647
514,"constrained_alpha",0.00640536268525443,0.356405362685254,0.356405362685254,0.356405362685254,0.0581426022639372,0.322783158352673,0.689151473275626,1.3360554856138,-0.0894370583794672
515,"unconstrained",0.1171087902197,0.336952789499323,0.0646249090949436,0.551964277358798,-0.00754464297070371,0.664417591955702,0.133102358967594,0.468780284390584,0.00981401939373705
515,"constrained_alpha",0.0237035631786213,0.326296436821379,0.326296436821379,0.326296436821379,-0.0582156440134646,0.394684324182002,0.133102358967594,0.468780284390584,0.0653205439524369
516,"unconstrained",0.0567516968015547,0.345842511446981,0.252816200271944,0.502457985872491,-0.252862330917508,0.442112286232507,-0.0692754838644485,0.621950032811623,0.190575696312355
516,"constrained_alpha",0.0117752922306387,0.338224707769361,0.338224707769361,0.338224707769361,-0.234459467918704,0.361654638316566,-0.0692754838644485,0.621950032811623,0.207359132016414
517,"unconstrained",0.07850154041544,0.343801329956993,0.176472916579357,0.482641348608001,0.0370947629480022,0.521274644329391,0.406047139446608,0.876152591190846,-0.0152293751129775
517,"constrained_alpha",0.00929263614887876,0.340707363851121,0.340707363851121,0.340707363851121,-0.0223624480062313,0.372479050976886,0.406047139446608,0.876152591190846,0.0454718874601718
518,"unconstrained",0.100548322651992,0.355385746868247,0.212873522629328,0.566258797223627,-0.0757771959280277,0.531625143739308,0.403891715624225,1.32019830904184,0.0969792295689544
518,"constrained_alpha",0.00496603501597942,0.345033964984021,0.345033964984021,0.345033964984021,-0.0428403474941708,0.395888386269413,0.403891715624225,1.32019830904184,0.0963246373841404
519,"unconstrained",0.151311325592013,0.490924920849286,0.297826395308753,0.811708261862065,-0.318187048752419,0.538463716991546,0.0555993382322308,0.821529260439346,-0.291806299143398
519,"constrained_alpha",0.100977132941398,0.450977132941398,0.450977132941398,0.450977132941398,-0.244681591729657,0.508437288302796,0.0555993382322308,0.821529260439346,-0.275244333856844
520,"unconstrained",0.101384022871337,0.405127014581109,0.228839891718652,0.602245648339582,-0.325841114387319,0.830206124814156,0.228860159974776,0.998598945667142,0.104313130819529
520,"constrained_alpha",0.0711828620451808,0.421182862045181,0.421182862045181,0.421182862045181,-0.324489234946633,0.61932051067134,0.228860159974776,0.998598945667142,0.0884573734508143
521,"unconstrained",0.112047223993033,0.395274204020237,0.211014015104852,0.644624172929956,-0.315524577538298,0.504622617618773,0.499572148418589,1.05991786691884,0.140569544947976
521,"constrained_alpha",0.0263026210901543,0.376302621090154,0.376302621090154,0.376302621090154,-0.331006514918597,0.434460232537635,0.499572148418589,1.05991786691884,0.153873211284143
522,"unconstrained",0.101528169261003,0.428469733276278,0.223178602084014,0.537245424362028,-0.405490326907063,0.515358067307843,0.54745297112967,1.34688827748178,0.0326904553258571
522,"constrained_alpha",0.0722727999689418,0.422272799968942,0.422272799968942,0.422272799968942,-0.40709311883962,0.508223408465226,0.54745297112967,1.34688827748178,0.0197549666596155
523,"unconstrained",0.110287346251214,0.344669061589181,0.136314099973601,0.624772666050875,-0.0560600530243563,0.612984349988392,0.479199175330731,0.800631869011645,0.0196095612882423
523,"constrained_alpha",0.010655045483312,0.339344954516688,0.339344954516688,0.339344954516688,-0.0324499898009912,0.308795412614185,0.479199175330731,0.800631869011645,0.012863632359293
524,"unconstrained",0.0905219387520432,0.331812166648605,0.127759466526625,0.494268901467034,0.0807546571877596,0.521795223676337,0.416606638347686,1.22594547967477,-0.297250418406006
524,"constrained_alpha",0.00684629327633685,0.343153706723663,0.343153706723663,0.343153706723663,-0.0343539355768118,0.360945706259711,0.416606638347686,1.22594547967477,-0.235530112571739
525,"unconstrained",0.116247988010375,0.34457672924111,0.172400165871729,0.625361211366623,0.0172095553527064,0.695137126869533,0.306327633045274,0.726756918933554,-0.163504415066323
525,"constrained_alpha",0.00749393802550985,0.34250606197449,0.34250606197449,0.34250606197449,0.0660555392439259,0.322063660477024,0.306327633045274,0.726756918933554,-0.161233751861011
526,"unconstrained",0.0949770037493498,0.364889002186143,0.188693029064479,0.60332008502404,0.0102141657679419,0.434915527124785,0.287023446509801,0.752461623310083,-0.125419695546401
526,"constrained_alpha",0.00106692267159281,0.348933077328407,0.348933077328407,0.348933077328407,0.0353981849283566,0.34157648619512,0.287023446509801,0.752461623310083,-0.144650675641971
527,"unconstrained",0.0867420630567654,0.363712618053998,0.229142641467072,0.508696617942379,-0.0226661979443219,0.421599022955726,0.108549824764948,0.565599436909022,0.120521285494673
527,"constrained_alpha",0.0126466707552451,0.362646670755245,0.362646670755245,0.362646670755245,-0.0399799312970418,0.361724519547074,0.108549824764948,0.565599436909022,0.136261044723238
528,"unconstrained",0.0988113808282826,0.393329625899865,0.23510589911379,0.553108211558834,-0.212534192417303,0.516043121001577,0.367242967591074,0.724576185711286,0.0269692821227168
528,"constrained_alpha",0.0398388923024962,0.389838892302496,0.389838892302496,0.389838892302496,-0.282017869354713,0.418958325038445,0.367242967591074,0.724576185711286,0.113247262258648
529,"unconstrained",0.0854475827891731,0.357048309427722,0.202108148993264,0.617938846886313,0.289170597434794,0.630124709701843,0.52337499581089,1.17410420139246,-0.525357767350639
529,"constrained_alpha",0.0116638679145646,0.361663867914565,0.361663867914565,0.361663867914565,0.30278659484186,0.417519374191757,0.52337499581089,1.17410420139246,-0.466131597602897
530,"unconstrained",0.0915729472633857,0.2773534671035,0.0863405131560692,0.412014195044054,0.378146887300934,0.634418628266783,0.291918887276315,0.776533030067938,-0.20547973695167
530,"constrained_alpha",0.0703732724246613,0.279626727575339,0.279626727575339,0.279626727575339,0.355248931106048,0.47750124035747,0.291918887276315,0.776533030067938,-0.222366336562967
531,"unconstrained",0.0496704032061931,0.339519299478659,0.259876935160744,0.468729422273931,0.255574767090944,0.515188928167168,0.17794298761808,0.739960320212176,-0.112523801159984
531,"constrained_alpha",0.00897605741575908,0.341023942584241,0.341023942584241,0.341023942584241,0.215468823639385,0.425051234168951,0.17794298761808,0.739960320212176,-0.077185414336747
532,"unconstrained",0.0670882369343886,0.362372181216269,0.248424189677259,0.582045471533061,0.0923074350724263,0.58714264909237,0.468341340370417,1.02486639142162,0.320195544205064
532,"constrained_alpha",0.00754300873087427,0.342456991269126,0.342456991269126,0.342456991269126,0.0951785853274777,0.50336782152742,0.468341340370417,1.02486639142162,0.335954157177897
533,"unconstrained",0.0831663435798666,0.387744312601357,0.213361573591265,0.617192643720806,-0.0312803616770501,0.674551917400077,0.242383836130817,0.75382548865609,-0.112065832648265
533,"constrained_alpha",0.0151794438851534,0.365179443885153,0.365179443885153,0.365179443885153,0.114598964251379,0.684210796031322,0.242383836130817,0.75382548865609,-0.148827276839745
534,"unconstrained",0.103213770809861,0.352897392882785,0.156780534866451,0.520148771941292,0.0998869497661954,0.457447199406586,1.11738203444622,2.27080363836087,-0.0223534034133874
534,"constrained_alpha",0.0111474442842839,0.361147444284284,0.361147444284284,0.361147444284284,0.0443129778686863,0.306954699502724,1.11738203444622,2.27080363836087,-0.0502842968721608
535,"unconstrained",0.0671732779659392,0.359990738644181,0.238752449912643,0.52715515232086,-0.0333259820549836,0.485905351264431,0.695994423349557,2.15164942286445,0.196616401130993
535,"constrained_alpha",0.00272054969478797,0.352720549694788,0.352720549694788,0.352720549694788,-0.034883832092799,0.414807643216655,0.695994423349557,2.15164942286445,0.209712061568052
536,"unconstrained",0.0773763913919856,0.32434345906933,0.191126273491785,0.537342235660605,-0.0864893096411254,0.584474527035019,1.77523543595095,3.81644598954217,-0.0864776906942464
536,"constrained_alpha",0.0116147695639515,0.338385230436048,0.338385230436048,0.338385230436048,-0.0826049002361133,0.380727322125712,1.77523543595095,3.81644598954217,-0.158061362143824
537,"unconstrained",0.0876738506377397,0.298602307897112,0.176591294248127,0.461171534094554,-0.0189347382291383,0.330785896296975,0.157052856599551,0.870970756314743,0.522881294425718
537,"constrained_alpha",0.0540510125444078,0.295948987455592,0.295948987455592,0.295948987455592,-0.016435960998537,0.170566878592452,0.157052856599551,0.870970756314743,0.506836741891006
538,"unconstrained",0.0620678598090586,0.355701540967449,0.24975087381889,0.52458259561882,0.0937615567284661,0.563169535724439,-0.138625609342078,0.506690238417764,-0.0806510606918889
538,"constrained_alpha",0.0050077297657235,0.355007729765723,0.355007729765723,0.355007729765723,0.0994692404521102,0.546149714088153,-0.138625609342078,0.506690238417764,-0.11478351036572
539,"unconstrained",0.0674151537913837,0.370819740292421,0.251936867039134,0.467892298119571,-0.0260590629969052,0.62838546518471,0.196268970438319,0.511821994012913,0.103649045478898
539,"constrained_alpha",0.0277713575382382,0.377771357538238,0.377771357538238,0.377771357538238,-0.0938158232615444,0.473553471120278,0.196268970438319,0.511821994012913,0.164292496075507
540,"unconstrained",0.0633897599723986,0.331372083965229,0.228009136437679,0.46358580862745,0.0762440590234211,0.470374365593915,0.140678424868978,0.592666607413115,-0.17938793607976
540,"constrained_alpha",0.0225107865333111,0.327489213466689,0.327489213466689,0.327489213466689,0.0688114191511214,0.397146087593259,0.140678424868978,0.592666607413115,-0.150017738351645
541,"unconstrained",0.079109457528811,0.371183643952185,0.207801715570682,0.510882130190589,0.00474471257436158,0.365363220033936,0.82631698259279,2.08508263242764,-0.303058895214366
541,"constrained_alpha",0.0226612365963358,0.372661236596336,0.372661236596336,0.372661236596336,-0.0297467784515489,0.281492139310812,0.82631698259279,2.08508263242764,-0.305806115116336
542,"unconstrained",0.124601125156225,0.342093731000381,0.192789481118989,0.655808118270899,0.172870985865126,0.780967872795147,0.295170518304707,0.689401799676257,0.0574554252529429
542,"constrained_alpha",0.0181127798921014,0.331887220107899,0.331887220107899,0.331887220107899,0.111894280029272,0.47319783313303,0.295170518304707,0.689401799676257,0.0376455040299291
543,"unconstrained",0.0823260471044622,0.348712851499826,0.228042138776269,0.51807937220438,0.026056340223254,0.441898359459371,0.266985384081871,0.759301922200353,-0.40184969843003
543,"constrained_alpha",0.00931718513894025,0.35931718513894,0.35931718513894,0.35931718513894,0.0255202648102012,0.385123982303333,0.266985384081871,0.759301922200353,-0.471912599935279
544,"unconstrained",0.087444097893797,0.384849044825728,0.214890824203503,0.549471569943233,-0.141170656500503,0.425642428049877,0.176019644066832,1.01179215702738,0.221996173176763
544,"constrained_alpha",0.0348329867554205,0.38483298675542,0.38483298675542,0.38483298675542,-0.150274751121085,0.417955876661255,0.176019644066832,1.01179215702738,0.17508775620103
545,"unconstrained",0.093306318161031,0.356075410149636,0.156900066170704,0.522417937281309,-0.0400329858934863,0.412979011300747,0.413655794032411,0.756230915470238,0.0836125070687943
545,"constrained_alpha",0.0082796608045651,0.341720339195435,0.341720339195435,0.341720339195435,0.0111119045831618,0.246018404391289,0.413655794032411,0.756230915470238,0.0941307129638742
546,"unconstrained",0.0853110964725689,0.376108989673526,0.170539008395033,0.578152956765717,-0.0482521660125932,0.55619487078288,0.48959222418124,0.99918386008811,-0.0348545384503165
546,"constrained_alpha",0.0264136461743566,0.376413646174357,0.376413646174357,0.376413646174357,0.0504961547620346,0.474300805169359,0.48959222418124,0.99918386008811,-0.0709241570522814
547,"unconstrained",0.0701219556592426,0.340354641129887,0.133482708663683,0.453742959089459,0.086515830801466,0.412464936664794,0.330659315572316,1.36644623978071,0.0515120886596756
547,"constrained_alpha",0.00965962238844531,0.340340377611555,0.340340377611555,0.340340377611555,0.0221022250578074,0.290628829708406,0.330659315572316,1.36644623978071,0.0973632084609095
548,"unconstrained",0.087659188938934,0.366430834623118,0.121376519428054,0.540586918871535,-0.223937516426422,0.48066990098203,0.288836964727775,0.88724426536918,0.0974578584621748
548,"constrained_alpha",0.0209507233973161,0.370950723397316,0.370950723397316,0.370950723397316,-0.205443640460958,0.409957263057353,0.288836964727775,0.88724426536918,0.0945816776930604
549,"unconstrained",0.085998773837847,0.321273571955507,0.141538112737386,0.492133016324096,0.0703875948354737,0.637166339476085,0.0995877142518364,0.546380218209386,0.0443521211967695
549,"constrained_alpha",0.0351305733536352,0.314869426646365,0.314869426646365,0.314869426646365,0.125038766589561,0.366954462842326,0.0995877142518364,0.546380218209386,0.0145784023015092
550,"unconstrained",0.079844510457013,0.334746845329242,0.170262049137757,0.462028235961393,0.0186674872624817,0.766005374530497,0.326723480165424,0.593195878422544,-0.122761328823079
550,"constrained_alpha",0.00659141177678507,0.343408588223215,0.343408588223215,0.343408588223215,-0.0859381069125194,0.522848732891518,0.326723480165424,0.593195878422544,-0.0650347940048071
551,"unconstrained",0.0700603949826124,0.391057239754913,0.270626579765166,0.504204963197567,0.0657953251644107,0.423612841446449,0.062333920246745,0.59330688005444,-0.167651669435333
551,"constrained_alpha",0.0302191559658469,0.380219155965847,0.380219155965847,0.380219155965847,0.0745724559975594,0.357656150542971,0.062333920246745,0.59330688005444,-0.126041975309496
552,"unconstrained",0.121874920517138,0.381516538926259,0.141570217967382,0.694537563678429,0.11352519840377,0.766901385565985,0.727928934139024,1.54702663298379,0.119877056421939
552,"constrained_alpha",0.00856755161062417,0.358567551610624,0.358567551610624,0.358567551610624,0.12024490196692,0.374946357871491,0.727928934139024,1.54702663298379,0.178075035849047
553,"unconstrained",0.0696757814717883,0.379795161996806,0.266580975845548,0.469789590347437,-0.0595089490795641,0.53707910554032,0.0382804861963497,0.762561042003015,-0.298708639369519
553,"constrained_alpha",0.0285073473201595,0.37850734732016,0.37850734732016,0.37850734732016,-0.109121159120863,0.453739173649191,0.0382804861963497,0.762561042003015,-0.266142523777391
554,"unconstrained",0.0537714945052191,0.370067049640849,0.262000618329925,0.561768467434131,0.0202569584666191,0.468638504039145,0.218461229552952,0.867176342283457,-0.257016315794216
554,"constrained_alpha",0.0146335082912898,0.36463350829129,0.36463350829129,0.36463350829129,0.0465551323645746,0.344571102380212,0.218461229552952,0.867176342283457,-0.247830362855836
555,"unconstrained",0.0946825149405138,0.404435900135144,0.27381733094428,0.590871831567395,-0.137236532351582,0.453741268461057,0.362935159194643,1.17692607513756,-0.128233931330021
555,"constrained_alpha",0.0234600269945792,0.373460026994579,0.373460026994579,0.373460026994579,-0.0340559317033912,0.504674010287418,0.362935159194643,1.17692607513756,-0.160774363624532
556,"unconstrained",0.0816147882424002,0.359924135897489,0.220485989740776,0.497999685721831,0.238764113256685,0.697985369868222,0.245739230533023,0.726293431897653,-0.279794479926854
556,"constrained_alpha",0.0078558401845284,0.357855840184528,0.357855840184528,0.357855840184528,0.177851244734878,0.507371357815853,0.245739230533023,0.726293431897653,-0.194025352271439
557,"unconstrained",0.0892611500817083,0.350216910726402,0.152552746763693,0.604534074823736,-0.0034260205733182,0.548403350476234,0.611571516266741,1.19821449162394,0.332250260306278
557,"constrained_alpha",0.01428428152332,0.33571571847668,0.33571571847668,0.33571571847668,0.0687022151152409,0.415545002540687,0.611571516266741,1.19821449162394,0.29005960731218
558,"unconstrained",0.0867388101001065,0.367710381183462,0.247813233329269,0.654226403970921,0.0225164519145337,0.493070976966398,0.0276878540671523,0.527065721349638,0.449775383549047
558,"constrained_alpha",0.00562335274502601,0.355623352745026,0.355623352745026,0.355623352745026,0.0776618341790079,0.438138247587414,0.0276878540671523,0.527065721349638,0.373422835239733
559,"unconstrained",0.132736954538493,0.412610053668041,0.189301610474955,0.736193718148763,-0.154059237036739,0.793425886482304,0.1515669990617,0.604445581031508,-0.0912144345090591
559,"constrained_alpha",0.0436006817286893,0.393600681728689,0.393600681728689,0.393600681728689,-0.0862319641338137,0.558899913560772,0.1515669990617,0.604445581031508,-0.119228056782788
560,"unconstrained",0.0922438974573521,0.368573449434725,0.226596161863866,0.609238725083884,-0.461267010508174,0.595622406004744,0.702361550221791,1.97040465489367,0.169059126757465
560,"constrained_alpha",0.000532789274524104,0.350532789274524,0.350532789274524,0.350532789274524,-0.368242511824426,0.5673593172707,0.702361550221791,1.97040465489367,0.233581923853189
561,"unconstrained",0.0719949157086873,0.384817584607556,0.277687365928752,0.533495954097647,-0.294709563974386,0.55999584337869,0.32473118880688,1.49447098771089,0.193660689195562
561,"constrained_alpha",0.0414986549136033,0.391498654913603,0.391498654913603,0.391498654913603,-0.343269931872938,0.491053178122948,0.32473118880688,1.49447098771089,0.18501750252777
562,"unconstrained",0.125637836115678,0.348332259967189,0.101626149229901,0.581177970149128,0.139542154367824,0.870854059862235,-0.0188538561843754,0.867379596778552,-0.0679500947307028
562,"constrained_alpha",0.0239112879881221,0.326088712011878,0.326088712011878,0.326088712011878,0.132993206722422,0.48272079802766,-0.0188538561843754,0.867379596778552,0.014589605458168
563,"unconstrained",0.0611127289448398,0.335422487639693,0.220478774747374,0.46174960226521,0.120997886756681,0.749766418803252,0.504858457150687,0.987054132828066,0.0648389457399781
563,"constrained_alpha",0.00509828965840903,0.344901710341591,0.344901710341591,0.344901710341591,0.089011072360419,0.628689919165044,0.504858457150687,0.987054132828066,0.0659871010291588
564,"unconstrained",0.0804334463054192,0.360457492506701,0.194284132292587,0.507427758960118,0.0829042084998112,0.431229537665728,4.11262098320272,14.0119106090215,-0.293740649095149
564,"constrained_alpha",0.013110755147767,0.363110755147767,0.363110755147767,0.363110755147767,0.0400200685841551,0.319227573252778,4.11262098320272,14.0119106090215,-0.226002930449981
565,"unconstrained",0.0851759363930814,0.354965533856852,0.222080386758671,0.55947225304162,-0.0125259336937066,0.532599234849888,0.470517600897628,1.35688976409756,0.0349980926727902
565,"constrained_alpha",0.00369048350256163,0.353690483502562,0.353690483502562,0.353690483502562,-0.0246043710654722,0.32335033821239,0.470517600897628,1.35688976409756,0.055123926528531
566,"unconstrained",0.0805510662336556,0.347960196869495,0.242041964435726,0.580160956662621,-0.343588542558041,0.62458249706364,1.02008236976614,2.32072530687876,0.382331698512974
566,"constrained_alpha",0.0194596805622896,0.33054031943771,0.33054031943771,0.33054031943771,-0.288778329971336,0.570805155744247,1.02008236976614,2.32072530687876,0.357616570370651
567,"unconstrained",0.0625900468006788,0.382116392439396,0.267486637554436,0.504112149430855,0.0056827981831062,0.554360620467013,0.199754422455768,0.794996049499804,-0.259887366583766
567,"constrained_alpha",0.0449361718087136,0.394936171808714,0.394936171808714,0.394936171808714,-0.0292993224625085,0.390049684181959,0.199754422455768,0.794996049499804,-0.261949025887461
568,"unconstrained",0.0553192000401516,0.317641879538959,0.200896995161777,0.405863303942751,0.106908208698356,0.445100880211946,0.416297929042974,0.672070912506499,0.133829346305008
568,"constrained_alpha",0.0341793381431424,0.315820661856858,0.315820661856858,0.315820661856858,0.0781344595215917,0.319427995876864,0.416297929042974,0.672070912506499,0.167149404250338
569,"unconstrained",0.124527566901942,0.359087750757083,0.168877563808923,0.613636517672055,-0.011166390169935,0.55418927285856,0.492302165427484,1.54692188331718,-0.113192474823838
569,"constrained_alpha",0.00307880350381823,0.353078803503818,0.353078803503818,0.353078803503818,-0.0318097891138736,0.214179592500975,0.492302165427484,1.54692188331718,-0.0753890951330314
570,"unconstrained",0.0857034312493104,0.356371508419514,0.180986914275915,0.563969291003694,-0.126508225448198,0.542215624989307,0.163364271913848,0.563565994025525,0.484785425415104
570,"constrained_alpha",0.0055864309753077,0.355586430975308,0.355586430975308,0.355586430975308,-0.138613013495977,0.320134426378249,0.163364271913848,0.563565994025525,0.478191406863768
571,"unconstrained",0.0893472805522381,0.348283359166501,0.162787581887378,0.523733091054916,0.182762538248103,0.584757746712833,0.202025942896848,0.991412749127444,0.0687705844450983
571,"constrained_alpha",0.012651328055938,0.337348671944062,0.337348671944062,0.337348671944062,0.205421898521647,0.502428848069569,0.202025942896848,0.991412749127444,0.0659451971174412
572,"unconstrained",0.0751846395706528,0.396533156819744,0.282690240519209,0.611185206600007,-0.0695009422190271,0.511364825301814,0.217115235820825,0.562235592034155,-0.141114591864103
572,"constrained_alpha",0.0386288845924665,0.388628884592466,0.388628884592466,0.388628884592466,-0.117588561125837,0.35972718854045,0.217115235820825,0.562235592034155,-0.129454746272697
573,"unconstrained",0.104696767899907,0.454696767899907,0.383662842024598,0.556693718761997,-0.45357040254873,0.536395151241641,0.604163675871588,1.76023592456975,-0.052088808527935
573,"constrained_alpha",0.10142450501232,0.45142450501232,0.45142450501232,0.45142450501232,-0.479669205530128,0.563224774403624,0.604163675871588,1.76023592456975,-0.00369146923780095
574,"unconstrained",0.0636567341688248,0.390638167541935,0.234545118282726,0.476120871161338,-0.0213150394895536,0.347918018994528,0.0851046850533022,0.61273080354522,-0.17161398343239
574,"constrained_alpha",0.043077224617275,0.393077224617275,0.393077224617275,0.393077224617275,-0.0180293234509857,0.322592990090797,0.0851046850533022,0.61273080354522,-0.155430936971949
575,"unconstrained",0.120324375131698,0.442449790916971,0.253777488236266,0.703706255853223,-0.180116489452549,0.587316403752434,-0.0438436400419846,0.559335828704676,-0.556816806705916
575,"constrained_alpha",0.0784425507147804,0.42844255071478,0.42844255071478,0.42844255071478,-0.0901596223193002,0.529577093360266,-0.0438436400419846,0.559335828704676,-0.557380805652666
576,"unconstrained",0.0819434201590986,0.344015147434782,0.172578695195567,0.47007936103965,0.0624281380343379,0.473339038220694,0.780927287421026,1.92298210171372,-0.134186068913726
576,"constrained_alpha",0.000787711084413611,0.350787711084414,0.350787711084414,0.350787711084414,-0.0298998326202691,0.31546766970542,0.780927287421026,1.92298210171372,-0.105605741365482
577,"unconstrained",0.10375386596021,0.353506458273396,0.155744871974004,0.568191972512105,-0.00902662798238172,0.540235797524353,0.319113842942827,0.788684660921942,0.293262309124667
577,"constrained_alpha",0.00255035000807896,0.352550350008079,0.352550350008079,0.352550350008079,0.0767973949822649,0.46913842958963,0.319113842942827,0.788684660921942,0.168325562060899
578,"unconstrained",0.0964091938763572,0.380982736995128,0.166122978520361,0.576362617103053,-0.0204311726712042,0.588482886984362,0.875802587980356,1.21601909569599,-0.188872353016459
578,"constrained_alpha",0.0251277403602471,0.375127740360247,0.375127740360247,0.375127740360247,0.0411312316152422,0.321603777788398,0.875802587980356,1.21601909569599,-0.229880092161325
579,"unconstrained",0.115738542356293,0.439642835661413,0.297706865528868,0.661037225326275,-0.346278719601476,0.658990120477331,1.1319012920155,3.15304897355824,-0.47564845297152
579,"constrained_alpha",0.0597277902322246,0.409727790232225,0.409727790232225,0.409727790232225,-0.195742919334051,0.442225038841248,1.1319012920155,3.15304897355824,-0.514819967131525
580,"unconstrained",0.0578533905193616,0.32017071177534,0.193367289092207,0.404052367308692,0.0483474899290299,0.447686856434436,0.043065853327719,0.82082350924027,-0.209461298781859
580,"constrained_alpha",0.0211657019530683,0.328834298046932,0.328834298046932,0.328834298046932,0.0549971269155295,0.377421545185277,0.043065853327719,0.82082350924027,-0.263939282660029
581,"unconstrained",0.0533831441156059,0.385414152107205,0.286123200058801,0.479283936750254,-0.079761418092276,0.323248494986893,-0.118040350771089,0.438529559033565,-0.0398438741023739
581,"constrained_alpha",0.0321538040383452,0.382153804038345,0.382153804038345,0.382153804038345,-0.0844220585712244,0.264093314881277,-0.118040350771089,0.438529559033565,-0.0327031786808323
582,"unconstrained",0.0837075375249146,0.356236283762177,0.260064998358683,0.554038141843224,-0.0764779812593049,0.606361416433149,0.538921388289063,1.05067680742787,0.134090261791343
582,"constrained_alpha",0.00312602287727592,0.346873977122724,0.346873977122724,0.346873977122724,-0.0406610955465967,0.354336384069136,0.538921388289063,1.05067680742787,0.123242422130486
583,"unconstrained",0.0762183558639094,0.411235732169093,0.28304447433123,0.545431522379157,0.132843053750984,0.470920061027255,0.127604089799913,0.481375457358861,-0.31953075241874
583,"constrained_alpha",0.065438907802119,0.415438907802119,0.415438907802119,0.415438907802119,0.089779158329525,0.310554525062114,0.127604089799913,0.481375457358861,-0.303723878396263
584,"unconstrained",0.0926513509796701,0.294436277607193,0.104943103241371,0.437838800772806,0.149374214975149,0.614067443568553,0.194421820944928,0.583645846013399,0.0646492392964249
584,"constrained_alpha",0.0571013464561624,0.292898653543838,0.292898653543838,0.292898653543838,0.195242079262772,0.533594918763483,0.194421820944928,0.583645846013399,0.0365897457974713
585,"unconstrained",0.0965085165844413,0.309765996432188,0.0590627490383132,0.444636565713055,-0.0803192726402984,0.652559765564369,0.180924118626754,0.636492716533424,0.0159919951603213
585,"constrained_alpha",0.0270556831820206,0.322944316817979,0.322944316817979,0.322944316817979,-0.0916863066235194,0.438310647812639,0.180924118626754,0.636492716533424,-0.00792797141798696
586,"unconstrained",0.127457741543825,0.364297405202451,0.140576785917746,0.550941701965801,0.149005108018741,0.581049555231775,0.488775345829085,0.889877039747037,-0.226799228713439
586,"constrained_alpha",0.0146020189969022,0.335397981003098,0.335397981003098,0.335397981003098,0.323472069241824,0.470404076310419,0.488775345829085,0.889877039747037,-0.2486070089374
587,"unconstrained",0.0992721460597648,0.349011015051642,0.143846527382193,0.497066678132878,-0.0790739191727157,0.547582633618171,0.495693555871597,1.17661560183058,-0.160085974338137
587,"constrained_alpha",0.0248696313341313,0.325130368665869,0.325130368665869,0.325130368665869,0.052689889281894,0.369416933981855,0.495693555871597,1.17661560183058,-0.214025124858006
588,"unconstrained",0.0930487578064869,0.355458038444503,0.187985734592913,0.546713426943799,-0.0674361087617144,0.445337960281624,0.687100561878178,1.45298733433285,-0.0673883264462249
588,"constrained_alpha",0.00496405089530411,0.345035949104696,0.345035949104696,0.345035949104696,-0.0955158787865755,0.489571725970711,0.687100561878178,1.45298733433285,-0.0335804112702085
589,"unconstrained",0.0904997203292126,0.306004523263603,0.173613410853389,0.445701220109451,0.108308653193886,0.493999000671015,0.171192891608535,0.737673787319552,0.269909387633493
589,"constrained_alpha",0.0435713549764621,0.306428645023538,0.306428645023538,0.306428645023538,0.0374838820697617,0.34895139973036,0.171192891608535,0.737673787319552,0.3089563912756
590,"unconstrained",0.069197420515912,0.358738283310474,0.147714110477343,0.506433907208561,-0.107567335336602,0.356155885732417,-0.0909158242672863,0.591059098414249,-0.220767665654334
590,"constrained_alpha",0.0128321881700391,0.362832188170039,0.362832188170039,0.362832188170039,-0.0159222720005569,0.264024303802254,-0.0909158242672863,0.591059098414249,-0.33717202292181
591,"unconstrained",0.0588770852096862,0.3503470330314,0.142444671031197,0.527154114383267,0.226739340300664,0.642325595204911,0.28504332045554,1.04295235412233,-0.177701747912005
591,"constrained_alpha",3.12343788831937e-05,0.349968765621117,0.349968765621117,0.349968765621117,0.323749884526808,0.474412556253025,0.28504332045554,1.04295235412233,-0.217021022926609
592,"unconstrained",0.0942184527621306,0.347521445626542,0.193753054046012,0.530753737335817,0.0183952028673415,0.45231480504025,0.406902655203975,1.13321748903602,-0.319189835262712
592,"constrained_alpha",0.0249821526261767,0.325017847373823,0.325017847373823,0.325017847373823,0.0887662562057432,0.314123175347358,0.406902655203975,1.13321748903602,-0.314877902516484
593,"unconstrained",0.0987454490895613,0.316430402070181,0.0985402089446651,0.544926700173705,0.329650421313082,0.606966142393361,0.468999514839385,1.05197977270999,-0.40427956333229
593,"constrained_alpha",0.029970956741455,0.320029043258545,0.320029043258545,0.320029043258545,0.357780400403164,0.488237764316855,0.468999514839385,1.05197977270999,-0.472863877271779
594,"unconstrained",0.116572941039053,0.34128280041096,0.0736637458056047,0.56202447523732,0.277981496197202,0.425120717096048,0.871332730026155,1.46465139122642,-0.306314069619913
594,"constrained_alpha",0.0163862498756435,0.333613750124357,0.333613750124357,0.333613750124357,0.176677264862464,0.464506188665,0.871332730026155,1.46465139122642,-0.197334080732783
595,"unconstrained",0.0407859346878507,0.347434063147128,0.208005588815963,0.441229844389227,-0.0646426057463463,0.481575956859349,-0.0198591140194275,0.850961098279391,-0.328941627646204
595,"constrained_alpha",0.00340214064434879,0.346597859355651,0.346597859355651,0.346597859355651,-0.0952507927101235,0.392990177122068,-0.0198591140194275,0.850961098279391,-0.2778319373295
596,"unconstrained",0.0688509759479699,0.35442226058627,0.199348750634582,0.462704966411395,0.0432442517885459,0.493887878877205,-0.0515584487415473,0.65755620035953,-0.00749545504386973
596,"constrained_alpha",0.0138498936054836,0.363849893605484,0.363849893605484,0.363849893605484,-0.0329750841830307,0.311668997289446,-0.0515584487415473,0.65755620035953,0.0139678145191748
597,"unconstrained",0.070920198961843,0.379943871458837,0.22481081734778,0.486038812288079,-0.163236387303504,0.487829832591104,2.36661432025477,7.16201949452762,-0.0539125252378989
597,"constrained_alpha",0.0256651812605443,0.375665181260544,0.375665181260544,0.375665181260544,-0.194536362910512,0.399949718253404,2.36661432025477,7.16201949452762,-0.0371584402963718
598,"unconstrained",0.0768056414204286,0.360746774223903,0.162842227590137,0.54392964249863,-0.109863126326814,0.49709238048536,0.30967607327631,0.974626748013069,-0.0801795130504928
598,"constrained_alpha",0.0179998507253797,0.36799985072538,0.36799985072538,0.36799985072538,-0.135442062255839,0.412234125351096,0.30967607327631,0.974626748013069,-0.0515329838190715
599,"unconstrained",0.0919320861795216,0.375601720860272,0.208803122797103,0.519778335028461,-0.0032218667820242,0.390381948888934,0.459985056429589,1.10736461477455,-0.277435616107779
599,"constrained_alpha",0.0167096199038526,0.366709619903853,0.366709619903853,0.366709619903853,0.0473240980510247,0.286075604315309,0.459985056429589,1.10736461477455,-0.239307647393151
600,"unconstrained",0.111341516624092,0.355522805260483,0.189044470452205,0.561987547101062,0.00204177539308764,0.531031926942694,1.40681939833018,2.6395734046433,0.0797142304566951
600,"constrained_alpha",0.000320555427334668,0.349679444572665,0.349679444572665,0.349679444572665,0.0642842146539319,0.530405591833587,1.40681939833018,2.6395734046433,0.0690216441364624
601,"unconstrained",0.0616805114439754,0.368042379349957,0.25204752736405,0.566188160365951,-0.0767379165799652,0.697871811934059,0.283735443908476,1.28530118064667,0.174736941603705
601,"constrained_alpha",0.0224739062651042,0.372473906265104,0.372473906265104,0.372473906265104,-0.025668475920925,0.521484100581642,0.283735443908476,1.28530118064667,0.105678151375005
602,"unconstrained",0.0741117360451918,0.346595120161839,0.145996406034206,0.534266571969632,-0.263064028017888,0.498673409082246,0.106918735851386,0.822846060393263,0.665456398586637
602,"constrained_alpha",0.0227844471669238,0.327215552833076,0.327215552833076,0.327215552833076,-0.211225853010725,0.34389498709026,0.106918735851386,0.822846060393263,0.687178480011784
603,"unconstrained",0.0907500301223201,0.315128744245659,0.205935942252294,0.505552574905246,0.152775772482608,0.519804529607611,1.04986861778936,2.63827938926105,0.0656500286069233
603,"constrained_alpha",0.045067821907188,0.304932178092812,0.304932178092812,0.304932178092812,0.165026253559683,0.356788028906843,1.04986861778936,2.63827938926105,0.137915680559016
604,"unconstrained",0.0981393874565247,0.329785285440949,0.165964817272662,0.55749308542124,0.0655723827625201,0.82625572859143,0.354180336691862,0.75234870089397,-0.191979078933948
604,"constrained_alpha",0.0215989121768417,0.371598912176842,0.371598912176842,0.371598912176842,-0.126357521754807,0.618293632914829,0.354180336691862,0.75234870089397,-0.0590639317174444
605,"unconstrained",0.105390936207084,0.357013689227081,0.122955702993642,0.693906263862435,0.139918483619135,0.583183563942701,0.368939555929263,1.0927335017198,-0.18243982548732
605,"constrained_alpha",0.0101570841558862,0.339842915844114,0.339842915844114,0.339842915844114,0.230889695273565,0.472082480563683,0.368939555929263,1.0927335017198,-0.209229373070625
606,"unconstrained",0.0973354138335412,0.403502186615776,0.19456853485175,0.844136362890929,-0.340502470970427,0.922815472907898,0.349235597034742,1.04254524633112,0.0302307784283138
606,"constrained_alpha",0.036746798274748,0.386746798274748,0.386746798274748,0.386746798274748,-0.258566273436375,0.563004696496827,0.349235597034742,1.04254524633112,-0.0194554763767147
607,"unconstrained",0.0946242948423456,0.397335093096585,0.275250421728151,0.685432881375577,-0.295960804278375,0.5080087449142,0.0945322902953073,0.586589324526793,-0.158170986142649
607,"constrained_alpha",0.0361405704150465,0.386140570415046,0.386140570415046,0.386140570415046,-0.293368726025821,0.458757648274191,0.0945322902953073,0.586589324526793,-0.155465552184221
608,"unconstrained",0.0980605514166037,0.378572013280089,0.16794326876784,0.630951692549578,0.0943119658493996,0.464943900662683,0.443394831863449,1.42231350916681,0.00161986796299796
608,"constrained_alpha",0.0271692813250287,0.377169281325029,0.377169281325029,0.377169281325029,0.177997062495426,0.380963076939751,0.443394831863449,1.42231350916681,-0.0538664478212447
609,"unconstrained",0.0741147562389079,0.393710318043301,0.259932097704556,0.547462285074894,-0.0370334691839656,0.376003328721294,-0.033963274148553,0.579490172092258,-0.205420277290901
609,"constrained_alpha",0.0380219711041313,0.388021971104131,0.388021971104131,0.388021971104131,-0.00999773855081321,0.241164747117275,-0.033963274148553,0.579490172092258,-0.259455601419259
610,"unconstrained",0.0720178984783328,0.335973922447297,0.152111921548845,0.463759761369309,0.110588334501164,0.479352382623966,0.515229509981903,0.94354528148065,0.0114891389916061
610,"constrained_alpha",0.0104035321529301,0.33959646784707,0.33959646784707,0.33959646784707,0.128847976999296,0.267213246879145,0.515229509981903,0.94354528148065,-0.0222779050006612
611,"unconstrained",0.102297185749985,0.317994353810948,0.172802837274655,0.610862656792844,0.204603083300454,0.55813506712151,0.195319421149216,0.501070983773397,-0.241379732479261
611,"constrained_alpha",0.0465509715408208,0.303449028459179,0.303449028459179,0.303449028459179,0.29720264267182,0.404448148996623,0.195319421149216,0.501070983773397,-0.244302604032012
612,"unconstrained",0.0925463180115577,0.334802809838232,0.107348304907002,0.607815903744091,-0.119116173356166,0.493189566958833,0.462868510869807,1.15988091356087,0.470369385591656
612,"constrained_alpha",0.0143090397653478,0.335690960234652,0.335690960234652,0.335690960234652,-0.0124307136959686,0.362205432754293,0.462868510869807,1.15988091356087,0.404841753005813
613,"unconstrained",0.0974123563506755,0.369211913934623,0.124583948387946,0.694101067822635,-0.130472281326096,0.632000169723397,0.171581930268618,0.66494096696016,-0.0112599598620626
613,"constrained_alpha",0.0137264292949979,0.363726429294998,0.363726429294998,0.363726429294998,-0.146840311831734,0.460788315512816,0.171581930268618,0.66494096696016,-0.0193133596758825
614,"unconstrained",0.0863205228746927,0.349855355499273,0.131377948100635,0.530802681643143,0.0105009447663463,0.706795605390401,0.11281031898308,0.616132184157526,-0.180927390059604
614,"constrained_alpha",0.000415913706888427,0.349584086293112,0.349584086293112,0.349584086293112,0.0960940706125246,0.581378918517329,0.11281031898308,0.616132184157526,-0.222715759621021
615,"unconstrained",0.0669256341234694,0.358478917592659,0.214401423551853,0.454217601132987,0.0949219675098991,0.671108905956166,0.171990133800584,0.794503125116831,-0.381232510061198
615,"constrained_alpha",0.024425660563627,0.374425660563627,0.374425660563627,0.374425660563627,0.0578253038058182,0.569368667141889,0.171990133800584,0.794503125116831,-0.360624898900044
616,"unconstrained",0.0835800086493654,0.334185898091326,0.121851331668679,0.482815516475684,-0.145962523412751,0.589168189101084,0.312658476711715,0.811679599654964,0.329832169670172
616,"constrained_alpha",0.00338111358977017,0.34661888641023,0.34661888641023,0.34661888641023,-0.20985988788328,0.422190284587049,0.312658476711715,0.811679599654964,0.344384536397945
617,"unconstrained",0.0723208177895187,0.338600557829929,0.177518950126035,0.488628617652702,-0.0663591389550232,0.388817042559775,1.29799846008068,3.31784572217892,0.148035703032337
617,"constrained_alpha",0.0185945962959831,0.331405403704017,0.331405403704017,0.331405403704017,-0.0122214107904978,0.4012898990193,1.29799846008068,3.31784572217892,0.104086133619791
618,"unconstrained",0.100724262872245,0.345875363586787,0.185907660203117,0.518245222882034,0.241235587950382,0.578157709590691,0.721514647592712,1.60983817820101,-0.473875311052346
618,"constrained_alpha",0.0164935991201665,0.333506400879834,0.333506400879834,0.333506400879834,0.220397781548866,0.347789022532907,0.721514647592712,1.60983817820101,-0.454350498647935
619,"unconstrained",0.0927754653769584,0.319629199048394,0.104691175173112,0.495926191611534,-0.149930673469855,0.674760741022839,0.924300587810967,1.65261129561259,0.264612064471911
619,"constrained_alpha",0.0265195105704119,0.323480489429588,0.323480489429588,0.323480489429588,-0.123834532038487,0.340794248099465,0.924300587810967,1.65261129561259,0.202844677089499
620,"unconstrained",0.0764776629493105,0.290384977067527,0.124695065958643,0.423339537856109,0.0394058185139764,0.46482969466746,1.01291762875867,2.74242603720065,-0.106591048872139
620,"constrained_alpha",0.057164004891584,0.292835995108416,0.292835995108416,0.292835995108416,-0.0216254560702725,0.345835433067415,1.01291762875867,2.74242603720065,-0.0885933853351839
621,"unconstrained",0.110320461588231,0.397998265043281,0.185916867515913,0.545072062104287,-0.130880050623462,0.570036384715258,0.75205637257004,2.69406611038861,0.0142292114083575
621,"constrained_alpha",0.0545774581674782,0.404577458167478,0.404577458167478,0.404577458167478,-0.0965893232197233,0.39110474851652,0.75205637257004,2.69406611038861,0.00709254894440137
622,"unconstrained",0.118372336976234,0.377420986737271,0.170055123969709,0.637225362036487,-0.0481013316102031,0.529265570229552,0.0317791405746921,0.52158575909751,-0.408246604533759
622,"constrained_alpha",0.0164139215314015,0.366413921531402,0.366413921531402,0.366413921531402,-0.0503726569349964,0.352043111164207,0.0317791405746921,0.52158575909751,-0.368639933918914
623,"unconstrained",0.0712132336479821,0.333001110184257,0.185921237251899,0.487874186082351,-0.0112043322814198,0.464837968007068,0.376742542733115,1.497809258993,0.381386727447443
623,"constrained_alpha",0.0193718127770912,0.330628187222909,0.330628187222909,0.330628187222909,0.00982607555425397,0.471180712264032,0.376742542733115,1.497809258993,0.312064412345472
624,"unconstrained",0.0690929883715235,0.362390203787706,0.140745812013456,0.506407619911,-0.0765568513171893,0.45835824175635,0.371631745416542,0.931299704337094,-0.152532234653505
624,"constrained_alpha",0.0217296197062259,0.371729619706226,0.371729619706226,0.371729619706226,-0.0987946935047777,0.320552839783814,0.371631745416542,0.931299704337094,-0.197534695534505
625,"unconstrained",0.0806060909909515,0.38427653669257,0.211630063514578,0.546919706977995,-0.166463833020381,0.535240786077535,0.418548343348398,1.39723025670956,-0.0087997368364674
625,"constrained_alpha",0.035882480669619,0.385882480669619,0.385882480669619,0.385882480669619,-0.197325197188272,0.429332097558873,0.418548343348398,1.39723025670956,-0.00430616915900628
626,"unconstrained",0.108478548132591,0.340298895525733,0.151215194610694,0.583977909806948,0.0552285598668239,0.654585119797558,0.539901975599981,1.14477937364228,-0.0797350013685725
626,"constrained_alpha",0.0122685735216628,0.337731426478337,0.337731426478337,0.337731426478337,0.169605162982597,0.500094123370413,0.539901975599981,1.14477937364228,-0.147897146713943
627,"unconstrained",0.133678523932825,0.375359504996327,0.0663030095300038,0.676118169611056,-0.0316459677870513,0.656419839072107,0.20618319261017,1.0885470947728,-0.0197932255551707
627,"constrained_alpha",0.0190134293357457,0.369013429335746,0.369013429335746,0.369013429335746,0.0428948535502695,0.434382537926231,0.20618319261017,1.0885470947728,-0.101748553960878
628,"unconstrained",0.0946629363498701,0.389559454884931,0.213098652015028,0.617580925042262,0.0393128281539083,0.674286309472947,4.00541521764274,13.9589565070739,-0.312807594003417
628,"constrained_alpha",0.0213388758861301,0.37133887588613,0.37133887588613,0.37133887588613,0.15028011530629,0.374944501781047,4.00541521764274,13.9589565070739,-0.374209836364158
629,"unconstrained",0.100781832305013,0.339909204996689,0.158949138037308,0.537729171278607,0.167394902590506,0.627103807966119,0.344017818425256,0.941088486820447,-0.291116170231036
629,"constrained_alpha",0.0183800113542877,0.331619988645712,0.331619988645712,0.331619988645712,0.0865183613799939,0.413157900000365,0.344017818425256,0.941088486820447,-0.239264989193013
630,"unconstrained",0.084000886937724,0.390412411577192,0.217122165277454,0.571597781354553,-0.0281224467247283,0.513093630717066,1.09343232654983,2.33557632175139,0.155975249858901
630,"constrained_alpha",0.0340293579605259,0.384029357960526,0.384029357960526,0.384029357960526,-0.0101234503682116,0.398571629932288,1.09343232654983,2.33557632175139,0.165136277570466
631,"unconstrained",0.107430472120717,0.308849178220303,0.177537056156505,0.531659813723991,0.223715238225621,0.622868655417465,0.582132222243078,1.11661101609291,-0.0738197739170388
631,"constrained_alpha",0.0442868223782735,0.305713177621727,0.305713177621727,0.305713177621727,0.23966541627536,0.392962146508047,0.582132222243078,1.11661101609291,-0.0592699254128148
632,"unconstrained",0.0820927451417795,0.349917537413259,0.158374731176913,0.501845115864415,-0.0190091794993515,0.539230850557088,0.259623672548052,0.755135234346072,-0.29863895379254
632,"constrained_alpha",0.0176742171402015,0.332325782859799,0.332325782859799,0.332325782859799,0.043093774576465,0.371684220424649,0.259623672548052,0.755135234346072,-0.290420202648434
633,"unconstrained",0.129736173965587,0.321775028135319,0.145086470780907,0.627003873678479,-0.0173964281493355,0.623601792132621,0.531543053832066,1.16324626693505,0.0227359340374718
633,"constrained_alpha",0.0295478570447475,0.320452142955252,0.320452142955252,0.320452142955252,0.154383132330512,0.495258137769258,0.531543053832066,1.16324626693505,-0.0548845718466322
634,"unconstrained",0.0614712961242518,0.341019205851987,0.172978727923399,0.432218042408752,-0.0359018870792967,0.582737243662886,0.288266386106011,0.73379473473679,-0.304084725759407
634,"constrained_alpha",0.00384168587526612,0.346158314124734,0.346158314124734,0.346158314124734,-0.0570949535612401,0.445882779216283,0.288266386106011,0.73379473473679,-0.281772532356944
635,"unconstrained",0.0837726803170119,0.317873004278393,0.22070648714395,0.497581364445171,-0.0242784945388916,0.466235380875039,0.0994245849765812,0.885273302053746,-0.0604368132601631
635,"constrained_alpha",0.0435548737148368,0.306445126285163,0.306445126285163,0.306445126285163,0.054306584650891,0.330563033145204,0.0994245849765812,0.885273302053746,-0.0612679526265074
636,"unconstrained",0.0910557889468697,0.337157737005348,0.14176434354586,0.519066084958935,0.0485694368685305,0.501649667685793,0.107182401358699,0.564909988622229,0.00505947286429409
636,"constrained_alpha",0.0208808732977183,0.329119126702282,0.329119126702282,0.329119126702282,0.0511308941172264,0.428056884717915,0.107182401358699,0.564909988622229,0.0135331475571723
637,"unconstrained",0.101552611030015,0.285990531627878,0.0641604990129859,0.556487284618411,0.636971546719133,0.854162640861277,0.892308282295215,1.19487196607502,-0.36665719408716
637,"constrained_alpha",0.071162869074411,0.278837130925589,0.278837130925589,0.278837130925589,0.574112265532776,0.694661345284165,0.892308282295215,1.19487196607502,-0.330402952375036
638,"unconstrained",0.0621085011490843,0.318167856935551,0.10037521216612,0.428558296609826,-0.0537520452319137,0.547113597422239,0.0634634923188139,0.556459327009772,0.169818844735453
638,"constrained_alpha",0.0217548099766443,0.328245190023356,0.328245190023356,0.328245190023356,-0.0578114926387559,0.481934410844434,0.0634634923188139,0.556459327009772,0.155837074904189
639,"unconstrained",0.0917452542812685,0.366112475967627,0.182850348005758,0.484232783863323,-0.271681831115836,0.72266546481942,0.861856802965219,1.92953548094318,0.0227812651924328
639,"constrained_alpha",0.00908367153348927,0.359083671533489,0.359083671533489,0.359083671533489,-0.265465358566712,0.557854666139604,0.861856802965219,1.92953548094318,0.029334476490871
640,"unconstrained",0.0978715903566972,0.378360897666551,0.180638579757956,0.571022178919915,0.0466520284648679,0.422559549477659,0.952688911482219,2.90750451418459,0.0203544036334473
640,"constrained_alpha",0.0303763230128467,0.380376323012847,0.380376323012847,0.380376323012847,0.0418019079243683,0.385711576316154,0.952688911482219,2.90750451418459,0.0147338674753099
641,"unconstrained",0.097749163506775,0.316648271366384,0.145557810555577,0.604321229823186,-0.148143784384036,0.595629279704019,0.0270566503563941,0.44303114953103,0.439612907964056
641,"constrained_alpha",0.0483764545264745,0.301623545473525,0.301623545473525,0.301623545473525,-0.067465161710723,0.422261207530784,0.0270566503563941,0.44303114953103,0.473721385954632
642,"unconstrained",0.0555699023773061,0.354790272046857,0.220089360729168,0.462417047092184,0.123839853546686,0.408816994594496,0.534902124631238,0.933684076556673,-0.183814154631038
642,"constrained_alpha",0.00406637068007387,0.345933629319926,0.345933629319926,0.345933629319926,0.111274162114892,0.332349411187958,0.534902124631238,0.933684076556673,-0.152619486670502
643,"unconstrained",0.112525463770765,0.39774550158468,0.160959016896782,0.700185912987441,-0.368299215609347,0.642024067425332,0.650547633937909,1.29405885199627,0.112086220722695
643,"constrained_alpha",0.0148263230761427,0.364826323076143,0.364826323076143,0.364826323076143,-0.311988860435607,0.489811958250408,0.650547633937909,1.29405885199627,0.180309112391569
644,"unconstrained",0.123146618365845,0.295082275234896,0.0844504581062857,0.473030183051115,0.0971818625020163,0.747645731627743,1.76192218194997,4.13211431819661,-0.131377088521883
644,"constrained_alpha",0.0607771075508905,0.289222892449109,0.289222892449109,0.289222892449109,0.0951493585269988,0.411210070870562,1.76192218194997,4.13211431819661,-0.0904394278456073
645,"unconstrained",0.113725720948083,0.302301117406791,0.173071615862447,0.519069859098865,0.0353470977402284,0.485099176362884,0.543652902375821,1.19966361251928,-0.0378289760835655
645,"constrained_alpha",0.041602370966455,0.308397629033545,0.308397629033545,0.308397629033545,0.0196717186149952,0.248293828791777,0.543652902375821,1.19966361251928,-0.0528009194453625
646,"unconstrained",0.114697389121791,0.300308386861905,0.171710485114428,0.516898593304266,0.046722226219442,0.402151998055313,0.557253822989674,1.01883819794818,0.180639202579639
646,"constrained_alpha",0.062417212685704,0.287582787314296,0.287582787314296,0.287582787314296,0.0898872086285489,0.35844037762922,0.557253822989674,1.01883819794818,0.181831472155437
647,"unconstrained",0.0972346223052859,0.322331754243495,0.125380390239452,0.611298372930502,0.00418558837722337,0.564320108837247,0.680621145951511,1.58279815671996,0.552877423371305
647,"constrained_alpha",0.0318487067153566,0.318151293284643,0.318151293284643,0.318151293284643,0.0527452316212789,0.339328898931184,0.680621145951511,1.58279815671996,0.433696162480879
648,"unconstrained",0.0812890742987433,0.359366485703352,0.180736814469403,0.517711212576134,-0.00742106120392722,0.59932481551185,0.737511679200951,1.93396489173199,-0.00410026059177282
648,"constrained_alpha",0.0131050662299544,0.363105066229954,0.363105066229954,0.363105066229954,0.07934288153728,0.379087701892517,0.737511679200951,1.93396489173199,-0.06929462493327
649,"unconstrained",0.0891568946257418,0.380608454592724,0.109348753262141,0.514443566905772,0.104690484402128,0.539249522693479,0.188580112185882,0.931343291117336,-0.348892726289699
649,"constrained_alpha",0.0297437469729016,0.379743746972902,0.379743746972902,0.379743746972902,0.0401578255924921,0.395371832275421,0.188580112185882,0.931343291117336,-0.310400299646384
650,"unconstrained",0.103263740898578,0.347395253478933,0.160646079613024,0.551276290516988,0.0856980845237834,0.549903808022687,0.929982150519908,1.5408369992414,-0.0951556885065539
650,"constrained_alpha",0.0213694750502466,0.328630524949753,0.328630524949753,0.328630524949753,0.132445250439222,0.420421030139635,0.929982150519908,1.5408369992414,-0.120902562098187
651,"unconstrained",0.0751723217033922,0.347299838459299,0.232115958220821,0.482959996515199,0.014573294905252,0.592930296638722,0.491390475425051,0.938542655699451,0.382583056017553
651,"constrained_alpha",0.000948818611920976,0.349051181388079,0.349051181388079,0.349051181388079,-0.0225690023595066,0.449413787867153,0.491390475425051,0.938542655699451,0.34522316638646
652,"unconstrained",0.0710776144814551,0.306689303330104,0.174003980974701,0.41038957822271,0.00124232021791935,0.550398522703675,0.153715064845306,0.407792700653044,0.0469441211210189
652,"constrained_alpha",0.0388016974990346,0.311198302500965,0.311198302500965,0.311198302500965,-0.056355224771265,0.437571207032883,0.153715064845306,0.407792700653044,0.0968694478358252
653,"unconstrained",0.103755305056236,0.34808382685316,0.198298520709612,0.490344105658697,-0.0027998715789895,0.48996449510232,0.468188869540798,0.966431252713103,-0.00657074298393767
653,"constrained_alpha",0.00467930116781756,0.345320698832182,0.345320698832182,0.345320698832182,-0.0433943220538446,0.282956742324702,0.468188869540798,0.966431252713103,0.0149013020916327
654,"unconstrained",0.11047234664639,0.34672927972596,0.0885958861411348,0.54963175787281,0.165498486602994,0.626177079676083,3.07786212546841,9.04862412370991,-0.209383127552359
654,"constrained_alpha",0.0150398680554222,0.334960131944578,0.334960131944578,0.334960131944578,0.212544818531619,0.359515482811606,3.07786212546841,9.04862412370991,-0.272218323728775
655,"unconstrained",0.0723859588381207,0.313254574552434,0.181855252934775,0.423392554604467,0.308440553932005,0.615363303769313,0.422861329506588,0.83938677956438,-0.372558842792977
655,"constrained_alpha",0.0304735226168568,0.319526477383143,0.319526477383143,0.319526477383143,0.262291112169139,0.426030191508633,0.422861329506588,0.83938677956438,-0.340648279964519
656,"unconstrained",0.0871892208563125,0.392177406800402,0.267679999259472,0.546155335436491,-0.034880604010871,0.563177597735783,0.308311978039176,0.774180854743877,-0.531455240350273
656,"constrained_alpha",0.0272849800373598,0.37728498003736,0.37728498003736,0.37728498003736,-0.0118426626289865,0.449620278915991,0.308311978039176,0.774180854743877,-0.489504060497332
657,"unconstrained",0.0839229029087979,0.347784647708281,0.158512438878647,0.550254457821164,0.0453580578246378,0.506618567699293,0.135571814906112,0.580627891548488,0.0928963824736531
657,"constrained_alpha",0.0177309309295984,0.332269069070402,0.332269069070402,0.332269069070402,0.166287772978292,0.579535542034012,0.135571814906112,0.580627891548488,0.0889606585200649
658,"unconstrained",0.0626157024128648,0.367434083572272,0.235095108900781,0.553893738617947,-0.128293520675874,0.473823597120502,0.648163920738839,1.09773519790896,-0.0799156062032174
658,"constrained_alpha",0.00574451595285591,0.355744515952856,0.355744515952856,0.355744515952856,-0.06542453770349,0.304503341864534,0.648163920738839,1.09773519790896,-0.0832610580936022
659,"unconstrained",0.0892636604138448,0.412657149401322,0.262674194853152,0.552217647166346,-0.211305242103349,0.486031769245245,0.81762873549405,2.47702141091162,-0.0825860517298771
659,"constrained_alpha",0.0461196963045348,0.396119696304535,0.396119696304535,0.396119696304535,-0.182311192001174,0.340663465755425,0.81762873549405,2.47702141091162,-0.107354373734779
660,"unconstrained",0.107945267350196,0.394246526778885,0.13377202332596,0.60534071107415,0.00437123972828666,0.778582317186174,0.742149239004968,1.68180705638893,-0.285662198937859
660,"constrained_alpha",0.033174798046832,0.383174798046832,0.383174798046832,0.383174798046832,-0.00354488101397521,0.446170720784148,0.742149239004968,1.68180705638893,-0.277013193917481
661,"unconstrained",0.097625646381798,0.399567807532897,0.216952296730963,0.590863900617597,-0.405006644768356,0.596575340104288,4.04314847737758,13.9593142865502,0.277410384658985
661,"constrained_alpha",0.0578539485203847,0.407853948520385,0.407853948520385,0.407853948520385,-0.390945146559057,0.42812132571792,4.04314847737758,13.9593142865502,0.28354502994513
662,"unconstrained",0.101995525722082,0.366476900986151,0.172996574137549,0.549350615938338,0.0418063680455092,0.584852547791189,0.0918918173567763,0.618553964081548,-0.428377530620377
662,"constrained_alpha",0.0130023279607426,0.363002327960743,0.363002327960743,0.363002327960743,0.0888207883053631,0.320214878677337,0.0918918173567763,0.618553964081548,-0.47061133462671
663,"unconstrained",0.129226352180819,0.40369759723348,0.184051236569536,0.59920920283422,-0.15730879528307,0.608462673194423,0.197973359041895,0.878198609482489,-0.201405489794101
663,"constrained_alpha",0.0644810777534893,0.414481077753489,0.414481077753489,0.414481077753489,-0.152788585631175,0.351993805461505,0.197973359041895,0.878198609482489,-0.192118302414408
664,"unconstrained",0.112546097006602,0.317256049536682,0.0808745914456017,0.498843394081931,0.138914793252018,0.637120049807746,0.328370266729409,0.559296550107311,0.0152812558222351
664,"constrained_alpha",0.0164412263819428,0.333558773618057,0.333558773618057,0.333558773618057,0.0557711134267662,0.418539044313915,0.328370266729409,0.559296550107311,0.0420901307820465
665,"unconstrained",0.0750727272263124,0.352151424057155,0.177358803368198,0.52486318268076,0.141727193951716,0.443111720258028,0.261044909571979,0.699577754007514,-0.48069839887243
665,"constrained_alpha",0.000816305717515509,0.350816305717515,0.350816305717515,0.350816305717515,0.105935380993975,0.347915221123898,0.261044909571979,0.699577754007514,-0.415893362525439
666,"unconstrained",0.0831119237550992,0.32587807300976,0.166461350688992,0.474893525857893,0.217275552154078,0.474497051302877,0.31463845509469,0.756389276376537,-0.27025489361058
666,"constrained_alpha",0.0473810945070761,0.302618905492924,0.302618905492924,0.302618905492924,0.282684771377742,0.407032996898298,0.31463845509469,0.756389276376537,-0.320507500681322
667,"unconstrained",0.0682809312051608,0.3805977428793,0.174512848130106,0.541079767961264,-0.17846983864295,0.40295603215423,0.173997894520703,0.475571658601416,0.183821545767352
667,"constrained_alpha",0.0369172565906831,0.386917256590683,0.386917256590683,0.386917256590683,-0.212783174203858,0.355413650084305,0.173997894520703,0.475571658601416,0.225690920474164
668,"unconstrained",0.0876030629618918,0.37058662982262,0.201356340384587,0.502488887919146,-0.118205018653914,0.611039539993783,0.243633073411246,1.15498249734656,-0.0686621997162726
668,"constrained_alpha",0.00284170895867336,0.347158291041327,0.347158291041327,0.347158291041327,-0.115123661764653,0.489942922354518,0.243633073411246,1.15498249734656,-0.00891639504321784
669,"unconstrained",0.0878941311604465,0.385542148754312,0.196114740963423,0.515842218833102,-0.303414591453483,0.423646441964222,-0.180584557679246,0.529491413882161,0.027074043777467
669,"constrained_alpha",0.0264604884188349,0.376460488418835,0.376460488418835,0.376460488418835,-0.270222478334412,0.418936593486984,-0.180584557679246,0.529491413882161,-0.0276123537064412
670,"unconstrained",0.122290538148289,0.314437899490394,0.00587975360113066,0.567038061940487,-0.112914652405964,0.745569085666813,0.319348069162104,0.859620124392151,0.340450425333474
670,"constrained_alpha",0.0282571868648257,0.321742813135174,0.321742813135174,0.321742813135174,-0.0346925174419875,0.42002316617082,0.319348069162104,0.859620124392151,0.302590762318161
671,"unconstrained",0.0840129843981901,0.390137286405313,0.238674353926546,0.515928788493943,-0.115657165310457,0.421881332086306,0.248447148133749,0.506364394538899,0.0236212908503419
671,"constrained_alpha",0.038243370958501,0.388243370958501,0.388243370958501,0.388243370958501,-0.110054758917803,0.332165280793493,0.248447148133749,0.506364394538899,0.0487363463561545
672,"unconstrained",0.0703531370188811,0.36474625712565,0.255618818533697,0.525013895972081,-0.0949898131861831,0.412812801491381,0.0747695519591725,0.474358874171092,0.00394353478089249
672,"constrained_alpha",0.00921978331888051,0.35921978331888,0.35921978331888,0.35921978331888,-0.110273506132155,0.286526885832191,0.0747695519591725,0.474358874171092,-0.00240180264015599
673,"unconstrained",0.0796393733334192,0.316346044886012,0.193966053813414,0.469728770957122,0.228486349977572,0.740611080316298,0.216543183669604,0.695929093907714,-0.234463696773971
673,"constrained_alpha",0.0308589646174501,0.31914103538255,0.31914103538255,0.31914103538255,0.194006557891336,0.551208055552237,0.216543183669604,0.695929093907714,-0.221635516750459
674,"unconstrained",0.0677241871804256,0.345566913899008,0.176833395533936,0.515930613819949,0.0201453256099678,0.540095384809339,1.23605295167305,2.30462358804944,-0.266945033661476
674,"constrained_alpha",0.0190590843450487,0.330940915654951,0.330940915654951,0.330940915654951,0.0978602673619706,0.375653137375004,1.23605295167305,2.30462358804944,-0.247602856582401
675,"unconstrained",0.134215200023923,0.45067833065668,0.225137773353162,0.705680841133905,-0.205957395150532,0.680937514110366,-0.119148661794951,0.770222478332547,0.0507682216407763
675,"constrained_alpha",0.087360622935075,0.437360622935075,0.437360622935075,0.437360622935075,-0.225279798122076,0.476831562632144,-0.119148661794951,0.770222478332547,0.00487117233837986
676,"unconstrained",0.0741850886451341,0.406604065179651,0.270594697798185,0.561699664314995,-0.184181253567621,0.500859041301581,0.239298677587681,0.821893040658395,0.115305075733096
676,"constrained_alpha",0.0443405869488576,0.394340586948858,0.394340586948858,0.394340586948858,-0.185611040301821,0.40475319116123,0.239298677587681,0.821893040658395,0.142824030266627
677,"unconstrained",0.0488201685649128,0.333239021798183,0.262216852803333,0.435690769080393,-0.118653088952,0.4222691576199,0.434687365394186,0.901826179160284,0.123338052688736
677,"constrained_alpha",0.0143962577581516,0.335603742241848,0.335603742241848,0.335603742241848,-0.102118845343918,0.363279361453083,0.434687365394186,0.901826179160284,0.0999538742873123
678,"unconstrained",0.108993362041553,0.416527618746172,0.249795285150413,0.795667015373219,-0.341232622183746,0.766052304070783,4.59791391364813,14.0931126090563,0.163344878862817
678,"constrained_alpha",0.0483467603130096,0.39834676031301,0.39834676031301,0.39834676031301,-0.274798757477123,0.41967171653469,4.59791391364813,14.0931126090563,0.155761512647968
679,"unconstrained",0.122656316562257,0.44984498044544,0.224537651357507,0.82493734495356,-0.125899439601983,0.51844120495557,0.248460415044327,0.890735153261277,-0.29469484564296
679,"constrained_alpha",0.0772352325789599,0.42723523257896,0.42723523257896,0.42723523257896,-0.131716593275114,0.307310264698943,0.248460415044327,0.890735153261277,-0.302950647438542
680,"unconstrained",0.102667185858972,0.351480067638851,0,0.560424266919488,-0.0395144714981682,0.505800930382289,0.50377967105745,1.19169066231869,0.0498197771265749
680,"constrained_alpha",0.00908050738250649,0.359080507382506,0.359080507382506,0.359080507382506,-0.00337630557371923,0.332264614483302,0.50377967105745,1.19169066231869,0.0667613832836425
681,"unconstrained",0.070680053218987,0.348365828905755,0.0886750695400581,0.491588272990442,0.249338134141291,0.543186402161721,0.314518029133385,0.763078400850944,0.0606875193468241
681,"constrained_alpha",0.0148529095829484,0.335147090417052,0.335147090417052,0.335147090417052,0.220005995792815,0.289456416904248,0.314518029133385,0.763078400850944,0.117166781339366
682,"unconstrained",0.0987514369751972,0.388635202893599,0.204456808112068,0.606172249296543,-0.117632875311355,0.473659142088737,0.0289121028422724,0.825092399446541,-0.149972046231157
682,"constrained_alpha",0.044928859358157,0.394928859358157,0.394928859358157,0.394928859358157,-0.136287902133653,0.350830478894381,0.0289121028422724,0.825092399446541,-0.179823183059445
683,"unconstrained",0.0721433803373142,0.318358407763107,0.189999484850678,0.444130838223912,0.051399678523778,0.583620007338567,0.730981204683278,1.29201792814297,0.160483846598568
683,"constrained_alpha",0.0202742759178766,0.329725724082123,0.329725724082123,0.329725724082123,0.0213081616302006,0.438480033972133,0.730981204683278,1.29201792814297,0.137724994062743
684,"unconstrained",0.116125353146171,0.389303371964909,0.130954452925962,0.590123496450502,-0.135068620762211,0.491625702304253,0.364845791590809,1.23351748332734,-0.38264496784661
684,"constrained_alpha",0.0312301299294847,0.381230129929485,0.381230129929485,0.381230129929485,-0.0785738082318727,0.359479002608362,0.364845791590809,1.23351748332734,-0.415866938522064
685,"unconstrained",0.10783886216931,0.360811318282163,0.145568457702353,0.581822369588073,0.196198556533539,0.679517934769299,1.80193033485764,3.92258885829924,-0.469349828539211
685,"constrained_alpha",0.0143082834796529,0.335691716520347,0.335691716520347,0.335691716520347,0.232997075513656,0.43219440545669,1.80193033485764,3.92258885829924,-0.426391190537612
686,"unconstrained",0.117699244224334,0.333222176594422,0.0293470417798915,0.559990991498584,-0.0589566431285656,0.811051859588955,0.922868784585285,1.19700091859826,-0.103244421481401
686,"constrained_alpha",0.0045648481379385,0.354564848137938,0.354564848137938,0.354564848137938,-0.0867428209450244,0.416618836796831,0.922868784585285,1.19700091859826,-0.0823803743931659
687,"unconstrained",0.0785479029323681,0.394627205176604,0.284440901290751,0.553285366811845,-0.214976581068538,0.570242533041079,0.430454105460118,1.54579240007726,0.160545747969483
687,"constrained_alpha",0.046587501544792,0.396587501544792,0.396587501544792,0.396587501544792,-0.209811367985518,0.523823896922759,0.430454105460118,1.54579240007726,0.124860700111725
688,"unconstrained",0.0900248270914209,0.322362111387452,0.170965318043668,0.521481860807249,0.0981943039705439,0.45883304615765,0.401942260433504,0.933539036416876,-0.0639409619943547
688,"constrained_alpha",0.0444785581117602,0.30552144188824,0.30552144188824,0.30552144188824,0.164658120576537,0.50833728437873,0.401942260433504,0.933539036416876,-0.0240552378892191
689,"unconstrained",0.135010087029291,0.422020830032304,0.23811690906913,0.9999999999,-0.548057682693109,0.65611585023093,4.00167573163345,13.9565174382084,0.144764870418818
689,"constrained_alpha",0.0385827359887244,0.388582735988724,0.388582735988724,0.388582735988724,-0.533347421518701,0.664485306613891,4.00167573163345,13.9565174382084,0.07217119430811
690,"unconstrained",0.077906625548152,0.348020398593689,0.177415582965929,0.493464636634604,0.0891009596328603,0.779825061770154,0.270317566940012,0.72278885894624,0.23199135469821
690,"constrained_alpha",0.00137381083755311,0.351373810837553,0.351373810837553,0.351373810837553,0.0206108818342578,0.522796712648304,0.270317566940012,0.72278885894624,0.226128843770501
691,"unconstrained",0.107833112626467,0.324124369054405,0.101199991953789,0.56259918621845,0.0658568049031769,0.664030259310588,0.437894858505067,0.765383922156501,-0.0444735157379619
691,"constrained_alpha",0.0325468570557052,0.317453142944295,0.317453142944295,0.317453142944295,0.153364515432193,0.268875496609991,0.437894858505067,0.765383922156501,-0.110651675795466
692,"unconstrained",0.110293444551159,0.298979401445102,0.070933231679069,0.504262751430591,0.00233713228002939,0.727491845836763,0.291548804855829,0.768631682753333,0.0378627525701043
692,"constrained_alpha",0.0454919932781248,0.304508006721875,0.304508006721875,0.304508006721875,0.00375322868871125,0.428191159405786,0.291548804855829,0.768631682753333,0.0278885575038437
693,"unconstrained",0.0742702566184824,0.332600541368508,0.196314026680683,0.471427390571221,0.0593480022333728,0.487790708056992,0.511135990859937,1.3799366939051,0.046961211841547
693,"constrained_alpha",0.0162675194549339,0.333732480545066,0.333732480545066,0.333732480545066,0.0659063139668974,0.355849600949656,0.511135990859937,1.3799366939051,0.0450797217957644
694,"unconstrained",0.09310371842225,0.388053508514235,0.191213310327535,0.593086156767212,-0.215736122828111,0.464803004169199,0.0433206842001519,0.700305104456164,-0.0577919658883292
694,"constrained_alpha",0.0248134235399436,0.374813423539944,0.374813423539944,0.374813423539944,-0.170475190977024,0.313086575925074,0.0433206842001519,0.700305104456164,-0.0892670161879014
695,"unconstrained",0.0827442733629268,0.335392527971969,0.082282114304563,0.485436974308655,0.00634701406582902,0.570716086126891,0.509507650988374,1.10532054009986,0.208276968707015
695,"constrained_alpha",0.0149742641108733,0.335025735889127,0.335025735889127,0.335025735889127,0.0137046364068243,0.311230964096727,0.509507650988374,1.10532054009986,0.166467245162309
696,"unconstrained",0.0709574096273932,0.363783458800057,0.195086756075206,0.553095012136179,0.0163951333124658,0.571627857128692,0.170243286716598,0.730765799703127,-0.118322874664413
696,"constrained_alpha",0.00534100495585771,0.355341004955858,0.355341004955858,0.355341004955858,0.0237836002253596,0.271320670666848,0.170243286716598,0.730765799703127,-0.147170223705861
697,"unconstrained",0.0750131669228042,0.333205115551799,0.159654522597858,0.488558464604258,-0.00636031786908947,0.845077518234382,0.239801232146976,0.896348743603624,0.480555739593496
697,"constrained_alpha",0.00892771625771449,0.341072283742285,0.341072283742285,0.341072283742285,-0.0684177405016013,0.570596941659245,0.239801232146976,0.896348743603624,0.509151135056207
698,"unconstrained",0.0901493828488185,0.337623635393823,0.160004660527939,0.61588639755837,0.186776479145755,0.611687324187022,0.572598478862131,1.00258682729367,-0.271455274768256
698,"constrained_alpha",0.0307714754062678,0.319228524593732,0.319228524593732,0.319228524593732,0.301882797817864,0.434443408595796,0.572598478862131,1.00258682729367,-0.287314553202427
699,"unconstrained",0.103779943350301,0.386416407889623,0.173855321428747,0.571908895437599,-0.168164068020733,0.536878212834264,0.169185885388699,0.809171592793405,-0.148902372948609
699,"constrained_alpha",0.0207206531949601,0.37072065319496,0.37072065319496,0.37072065319496,-0.0897017713816614,0.461873721701752,0.169185885388699,0.809171592793405,-0.152836254785964
700,"unconstrained",0.123264142888735,0.317047954426899,0.100607208436313,0.624449453793314,0.0339171660011816,0.704376763452406,0.579845023921501,1.00051884126037,0.0373670309190517
700,"constrained_alpha",0.0514388312691961,0.298561168730804,0.298561168730804,0.298561168730804,0.145650238734498,0.392323110779043,0.579845023921501,1.00051884126037,0.00308230800664688
701,"unconstrained",0.0868000830626839,0.420821138595613,0.295154844553254,0.534607284400816,-0.234347657627773,0.512198509191334,0.117449230116171,0.895484392272545,0.0438842207402417
701,"constrained_alpha",0.0651954556035912,0.415195455603591,0.415195455603591,0.415195455603591,-0.237839642438894,0.472102939810381,0.117449230116171,0.895484392272545,0.0765064781076854
702,"unconstrained",0.112889819355506,0.333433463520604,0.139394770240509,0.57211295714611,0.0243041969221653,0.559192712558268,1.3231352647282,3.41601254982715,0.183462248357485
702,"constrained_alpha",0.0359373899916444,0.314062610008356,0.314062610008356,0.314062610008356,0.0241875999782429,0.36674876744997,1.3231352647282,3.41601254982715,0.21780129983517
703,"unconstrained",0.0759007968781348,0.370196473831418,0.222347114187024,0.529009379690125,-0.0572962198594772,0.558472997106448,1.90635050856955,4.40088930313884,0.156455926938916
703,"constrained_alpha",0.0071442230449259,0.357144223044926,0.357144223044926,0.357144223044926,-0.0213247114562476,0.315908302655368,1.90635050856955,4.40088930313884,0.167051151469434
704,"unconstrained",0.122597191533931,0.267456822270185,0.0796123462533978,0.553542501216437,0.197409602636024,0.663475962425179,0.337562955384335,0.799321547197486,0.649171191238142
704,"constrained_alpha",0.0818091500579682,0.268190849942032,0.268190849942032,0.268190849942032,0.170150098620119,0.561049589601339,0.337562955384335,0.799321547197486,0.690597216428885
705,"unconstrained",0.0820653737527252,0.375122421891162,0.1877241314922,0.563431508119905,-0.206920621722235,0.599742784396512,0.795538825798629,1.78071757660883,0.0602943479621032
705,"constrained_alpha",0.0199541281237837,0.369954128123784,0.369954128123784,0.369954128123784,-0.236046918111527,0.46728409533699,0.795538825798629,1.78071757660883,0.109304929606746
706,"unconstrained",0.0614197398861215,0.37938189572455,0.291933959702184,0.569272133718106,-0.0129143169669128,0.332392202922238,0.234303377116243,0.85553564007931,0.165897214914099
706,"constrained_alpha",0.0223184359387491,0.372318435938749,0.372318435938749,0.372318435938749,0.0146360403389943,0.300667506212128,0.234303377116243,0.85553564007931,0.186601094831104
707,"unconstrained",0.119937307400506,0.393452360753309,0.138791568350744,0.703860219444102,-0.0789721041873727,0.468822799203138,0.276670471067595,0.926978630105519,-0.142559680002635
707,"constrained_alpha",0.0213061925199233,0.371306192519923,0.371306192519923,0.371306192519923,-0.0394007253389206,0.414192015575492,0.276670471067595,0.926978630105519,-0.134777884248671
708,"unconstrained",0.0928253892546632,0.323466931489109,0.172533364743561,0.516055606179607,0.0576436696241969,0.612901857607737,0.828616936298182,1.69021076897784,0.179078069278835
708,"constrained_alpha",0.030577764258256,0.319422235741744,0.319422235741744,0.319422235741744,0.104274954687003,0.300525717223488,0.828616936298182,1.69021076897784,0.10904027747787
709,"unconstrained",0.0710083432474552,0.347886480476075,0.170200749001484,0.490367232437944,-0.0258903889952904,0.519933865233609,4.43185321205549,14.0237062478456,-0.066705767797105
709,"constrained_alpha",0.0052052076870242,0.355205207687024,0.355205207687024,0.355205207687024,-0.0638355042288041,0.46610556523932,4.43185321205549,14.0237062478456,-0.0791123342112134
710,"unconstrained",0.146097776409628,0.357882889136179,0.104319790792723,0.608387268402963,-0.179910596360686,0.766771027891849,0.959614973128342,1.56474835055279,0.239016269400079
710,"constrained_alpha",0.0107644208485954,0.360764420848595,0.360764420848595,0.360764420848595,-0.211076688497319,0.466639172092646,0.959614973128342,1.56474835055279,0.164801760402526
711,"unconstrained",0.108357290869861,0.294550628380114,0.150884064763024,0.520375417782666,-0.213014561028784,0.513548631253362,1.43495599484493,2.44060417338224,0.442893237608303
711,"constrained_alpha",0.0624131987284794,0.287586801271521,0.287586801271521,0.287586801271521,-0.157876669724543,0.360601534056616,1.43495599484493,2.44060417338224,0.397741183351182
712,"unconstrained",0.0693244778247241,0.379134625596352,0.272957590109376,0.577343724788132,-0.106328067490097,0.624230875342904,0.956888841365719,1.42986131608958,0.250871191747128
712,"constrained_alpha",0.0132368077546901,0.36323680775469,0.36323680775469,0.36323680775469,-0.0298143220586345,0.45302865008256,0.956888841365719,1.42986131608958,0.258134016320323
713,"unconstrained",0.103400969567144,0.368891600120195,0.151294122869963,0.683572744116114,0.0300361787925332,0.603162550000948,0.0445795921146085,0.48910383773256,-0.217432647287734
713,"constrained_alpha",0.0143705372515394,0.364370537251539,0.364370537251539,0.364370537251539,0.0756692179946907,0.354377799174253,0.0445795921146085,0.48910383773256,-0.309393562828502
714,"unconstrained",0.0956982756759353,0.396053842438391,0.26101737096518,0.760149253305151,-0.023703206439123,0.58343048217592,0.423440542541287,1.08700870306132,-0.0811432661781974
714,"constrained_alpha",0.0204921671244808,0.370492167124481,0.370492167124481,0.370492167124481,0.0904972834143209,0.30931570270589,0.423440542541287,1.08700870306132,-0.111739321594475
715,"unconstrained",0.0911642101230184,0.318658807974589,0.079193517493809,0.476679088721752,0.150665395092546,0.628038861072628,0.508164925166343,0.860331576265652,0.442771541655125
715,"constrained_alpha",0.0348700398333867,0.315129960166613,0.315129960166613,0.315129960166613,0.15890484543365,0.446736875189714,0.508164925166343,0.860331576265652,0.456518464175095
716,"unconstrained",0.0820469882389903,0.308352139218335,0.14480228572373,0.507475912359564,0.235120755403692,0.737410882617378,0.475135526158561,1.14932461723945,0.274566271855443
716,"constrained_alpha",0.0392705381891907,0.310729461810809,0.310729461810809,0.310729461810809,0.200255231990944,0.42584328397055,0.475135526158561,1.14932461723945,0.234496406248244
717,"unconstrained",0.0711235635575062,0.364268091831968,0.245072347105097,0.544070773731093,0.314077236419517,0.415609075489104,2.95671641006056,5.76003953793319,-0.436871917855999
717,"constrained_alpha",0.0012078648973935,0.348792135102606,0.348792135102606,0.348792135102606,0.333058995621282,0.507148938830111,2.95671641006056,5.76003953793319,-0.438265743118051
718,"unconstrained",0.0365879499755133,0.353801846183401,0.281747056912861,0.456607914497465,0.102570508098024,0.460869086387235,0.204493387832949,0.840740895683194,-0.105266659708817
718,"constrained_alpha",0.00145416288367312,0.351454162883673,0.351454162883673,0.351454162883673,0.0851745743648871,0.359631594079043,0.204493387832949,0.840740895683194,-0.0905461514868429
719,"unconstrained",0.0881413826025441,0.379499588968559,0.185022628090127,0.549370860602781,-0.0846776031256578,0.581948941127726,0.698929139659751,1.51039875105481,0.00467543309361207
719,"constrained_alpha",0.00562926363210009,0.3556292636321,0.3556292636321,0.3556292636321,0.0407153849068189,0.360635295131069,0.698929139659751,1.51039875105481,-0.0785008697189893
720,"unconstrained",0.124003971794581,0.305210207501173,0.0597127049665118,0.658975522300604,0.214183585584313,0.638275847448455,0.243398143509707,0.719450093562569,-0.320971845294486
720,"constrained_alpha",0.0487444637253154,0.301255536274685,0.301255536274685,0.301255536274685,0.222615656028302,0.476939176607968,0.243398143509707,0.719450093562569,-0.256497338074012
721,"unconstrained",0.0669843163659031,0.350616186477258,0.193905143626479,0.519810972515477,0.117026096901153,0.493443593825565,0.177971224176786,0.449447155126943,-0.16902986511708
721,"constrained_alpha",0.00538034064855136,0.344619659351449,0.344619659351449,0.344619659351449,0.0654712348663747,0.35659092315907,0.177971224176786,0.449447155126943,-0.150259133351276
722,"unconstrained",0.0972518631253659,0.29638748545308,0.135476509629782,0.539437894942204,0.291164138852473,0.543048827727904,0.685147710373233,1.048548214251,-0.209545437245985
722,"constrained_alpha",0.0585542503418678,0.291445749658132,0.291445749658132,0.291445749658132,0.234228556047334,0.411004150823701,0.685147710373233,1.048548214251,-0.171460900738049
723,"unconstrained",0.0616126156624194,0.3419149028939,0.191684547812267,0.474492645762733,-0.31089085867752,0.564682298916968,0.504572327200105,1.14143518530075,0.432527556211498
723,"constrained_alpha",0.0223373359528821,0.327662664047118,0.327662664047118,0.327662664047118,-0.299261260018672,0.487503062965634,0.504572327200105,1.14143518530075,0.506140605473901
724,"unconstrained",0.089737885374164,0.36315320782973,0.224813090179272,0.508837317847882,0.150135642280385,0.53232361299036,0.444574652678567,1.04353721190079,-0.105560346919005
724,"constrained_alpha",0.0115546906379767,0.361554690637977,0.361554690637977,0.361554690637977,0.114561964538072,0.362861823660205,0.444574652678567,1.04353721190079,-0.0743037752566253
725,"unconstrained",0.0666739352385913,0.344788405140529,0.227068831320879,0.485837694425535,0.0198322837023536,0.490006308847357,0.848382930156435,1.3269203443893,-0.148604241220453
725,"constrained_alpha",0.00777970233002045,0.34222029766998,0.34222029766998,0.34222029766998,-0.0276699121196174,0.39827416226895,0.848382930156435,1.3269203443893,-0.132470702028469
726,"unconstrained",0.081420372583425,0.384265764069711,0.254357692803165,0.540944150748289,-0.185149877484536,0.564226021238288,0.273989953579887,0.785440384640902,-0.0571372179162135
726,"constrained_alpha",0.0366157962406615,0.386615796240661,0.386615796240661,0.386615796240661,-0.135887479017126,0.269787586797824,0.273989953579887,0.785440384640902,-0.120696644643333
727,"unconstrained",0.0694909510318982,0.348376477640729,0.209105353374627,0.462297080482928,0.106814475923112,0.330934682645092,0.122069498606657,0.62937047023144,-0.47185760895143
727,"constrained_alpha",0.00531480268529194,0.344685197314708,0.344685197314708,0.344685197314708,0.0791652221859243,0.216303810446821,0.122069498606657,0.62937047023144,-0.408782694888901
728,"unconstrained",0.0687707851538139,0.33722318285461,0.162686408406986,0.480622186059532,0.176978499138284,0.619730890734668,0.299174191966223,0.878522344481321,-0.417236089611469
728,"constrained_alpha",0.0111803745984513,0.361180374598451,0.361180374598451,0.361180374598451,0.122574890262598,0.448539842963979,0.299174191966223,0.878522344481321,-0.444106465790375
729,"unconstrained",0.120278519153677,0.397007692091964,0.17568566991155,0.588867659422308,0.0403157688331768,0.741033649880642,4.03524257798224,14.0173856396583,-0.286527685906998
729,"constrained_alpha",0.0257294836272024,0.375729483627202,0.375729483627202,0.375729483627202,0.0761548463768306,0.444764853486989,4.03524257798224,14.0173856396583,-0.282975060129203
730,"unconstrained",0.044886006600671,0.36450498342518,0.274692856577132,0.535372691125645,0.0255962357816188,0.662200257364169,0.244977587971809,1.03363375588014,-0.284839536812441
730,"constrained_alpha",0.01610625802104,0.36610625802104,0.36610625802104,0.36610625802104,0.0469947400410029,0.424970012002316,0.244977587971809,1.03363375588014,-0.28187963404047
731,"unconstrained",0.0856837843575864,0.364618947694107,0.142010694651864,0.495153288073725,0.258572280621467,0.575699225440685,0.356243579025594,0.855714547730629,-0.303076603602317
731,"constrained_alpha",0.0151520486356701,0.36515204863567,0.36515204863567,0.36515204863567,0.228305123037303,0.449118824578841,0.356243579025594,0.855714547730629,-0.256534524084733
732,"unconstrained",0.0847142027659809,0.381959964466779,0.233126848277305,0.511108273203285,-0.310074669267192,0.566949878320026,0.0242853655082167,0.59268573864987,0.131353464512423
732,"constrained_alpha",0.0326117252470995,0.382611725247099,0.382611725247099,0.382611725247099,-0.321324011278332,0.53951631433489,0.0242853655082167,0.59268573864987,0.156166595531664
733,"unconstrained",0.0624975412496285,0.308311593564761,0.0824585449029765,0.39247716808766,0.110872156652508,0.495328236118556,0.418604487402042,1.07599421617261,0.106201194122698
733,"constrained_alpha",0.0357807944762222,0.314219205523778,0.314219205523778,0.314219205523778,0.0757027491900585,0.361014369955608,0.418604487402042,1.07599421617261,0.0915736303256196
734,"unconstrained",0.0578114343199976,0.347154213341954,0.194075608735882,0.481261228845745,-0.230745516735662,0.721026722425788,0.494471482092938,1.75074373471786,0.489855706659743
734,"constrained_alpha",0.00442065858456914,0.345579341415431,0.345579341415431,0.345579341415431,-0.176830524002436,0.469534203894924,0.494471482092938,1.75074373471786,0.46576571123257
735,"unconstrained",0.0756260629770841,0.318823273187651,0.145437892660283,0.500931174830547,-0.00424086070703522,0.647439765004933,1.31754845404496,2.2938705462103,0.204403177385022
735,"constrained_alpha",0.0325552490066133,0.317444750993387,0.317444750993387,0.317444750993387,-0.0047688706871073,0.447193474039614,1.31754845404496,2.2938705462103,0.250420215783436
736,"unconstrained",0.124442297888375,0.394226656241902,0.122868044792983,0.602926018660627,-0.250458109894073,0.842685582828143,0.31380347677432,1.60647293192537,0.158873017398428
736,"constrained_alpha",0.0558841212203625,0.405884121220362,0.405884121220362,0.405884121220362,-0.329667349821002,0.565743451399878,0.31380347677432,1.60647293192537,0.0869637448159299
737,"unconstrained",0.109504407461224,0.378878969566377,0.226934452251074,0.66304425175332,-0.151409090071705,0.501122000120629,0.282869613097585,0.907382604753874,0.183969182997433
737,"constrained_alpha",0.00901062211793358,0.359010622117934,0.359010622117934,0.359010622117934,-0.113008565763623,0.293390438711704,0.282869613097585,0.907382604753874,0.152522335492742
738,"unconstrained",0.142501623039959,0.303138049704019,0.084343744549945,0.539362009117999,0.109415861814264,1.12515168115788,0.682959418872936,1.18400841059012,0.0354289998768973
738,"constrained_alpha",0.0243265791827375,0.325673420817263,0.325673420817263,0.325673420817263,0.105611381964425,0.690248111401649,0.682959418872936,1.18400841059012,-0.0097785282959566
739,"unconstrained",0.100225958835959,0.356664960430574,0.149490978183205,0.558132329996617,-0.196568236678294,0.743247561392868,0.226151944720908,0.975980768321313,0.240746542161047
739,"constrained_alpha",0.0186238489314209,0.368623848931421,0.368623848931421,0.368623848931421,-0.137652128888039,0.476716779042122,0.226151944720908,0.975980768321313,0.162179808271116
740,"unconstrained",0.0625997827835013,0.331813184479591,0.207015306261332,0.462684666960401,0.039443732038892,0.533429694609856,1.42968756618043,4.00017998611834,0.128392740322248
740,"constrained_alpha",0.0171680632644043,0.332831936735596,0.332831936735596,0.332831936735596,0.0807887060905418,0.379115988041177,1.42968756618043,4.00017998611834,0.125449229809086
741,"unconstrained",0.0827239912081946,0.421772837402581,0.316731132950731,0.702511046033251,-0.33808890898636,0.550380896940152,-0.100648210555048,0.527621734373427,0.103445846683532
741,"constrained_alpha",0.0491338967661473,0.399133896766147,0.399133896766147,0.399133896766147,-0.245744080301799,0.585673993125367,-0.100648210555048,0.527621734373427,0.114903304226062
742,"unconstrained",0.111249014017981,0.302715143521932,0.0804822293497545,0.523993779853866,0.0827265392164199,0.727433062545803,0.117262926358715,0.60972321056439,0.280885021158935
742,"constrained_alpha",0.0489123099823942,0.301087690017606,0.301087690017606,0.301087690017606,0.0938510612129757,0.440192309262398,0.117262926358715,0.60972321056439,0.26309405293509
743,"unconstrained",0.0870771287810372,0.311424695799566,0.185577437068154,0.469375796263405,-0.119088196094536,0.321974843282878,0.387298842430732,1.05697930058168,0.673245147340312
743,"constrained_alpha",0.0376253855430083,0.312374614456992,0.312374614456992,0.312374614456992,-0.00421247751654208,0.337422487530233,0.387298842430732,1.05697930058168,0.585977217650779
744,"unconstrained",0.154351647665231,0.386261467234572,0.0640612097790985,0.679623584995689,-0.317564002794125,0.68367711410936,0.00301610336279399,0.896599826431235,0.0578986458311157
744,"constrained_alpha",0.0328007376802842,0.382800737680284,0.382800737680284,0.382800737680284,-0.212756707167007,0.431859872190316,0.00301610336279399,0.896599826431235,0.0612161419839738
745,"unconstrained",0.083806790260364,0.356078223095489,0.157393204346433,0.61134474613483,0.00194611505502608,0.482044048303633,0.293818360551568,0.720227894661718,-0.109741423249799
745,"constrained_alpha",0.00652123134561045,0.35652123134561,0.35652123134561,0.35652123134561,0.10913544135765,0.14592636575561,0.293818360551568,0.720227894661718,-0.183943462437817
746,"unconstrained",0.0853414597667942,0.353819213015538,0.138933837413233,0.604279125571753,-0.0496605203428935,0.624861249737617,0.299396919255248,1.07530946905776,0.2330887007893
746,"constrained_alpha",0.00250728394777167,0.352507283947772,0.352507283947772,0.352507283947772,0.0562187414056804,0.32116962328201,0.299396919255248,1.07530946905776,0.18386700458472
747,"unconstrained",0.0647061313586191,0.335573235309274,0.232858359182876,0.525176438051088,-0.234835140382438,0.512884560945175,0.415621354912297,0.993480377483728,0.0917756728777399
747,"constrained_alpha",0.0243602157038417,0.325639784296158,0.325639784296158,0.325639784296158,-0.177360400181658,0.433947647196436,0.415621354912297,0.993480377483728,0.0990458735922606
748,"unconstrained",0.0648296545301649,0.367571179137418,0.247415890557692,0.53500447559879,-0.0342376167633381,0.595761027060264,0.231309211236952,0.739160654649949,0.120639643724994
748,"constrained_alpha",0.0212985164158309,0.371298516415831,0.371298516415831,0.371298516415831,-0.0226233314305962,0.388174313760285,0.231309211236952,0.739160654649949,0.137361168352289
749,"unconstrained",0.0585910692942704,0.339811332383592,0.208194270350895,0.479149239405725,-0.0113470973836277,0.446709984778217,0.227897128485729,0.549089628787308,0.00330451829267542
749,"constrained_alpha",0.00046677229413522,0.349533227705865,0.349533227705865,0.349533227705865,-0.0395220204191954,0.352719913984071,0.227897128485729,0.549089628787308,0.0226113938348287
750,"unconstrained",0.0893052672864633,0.360035595655597,0.238421120618381,0.566234053110606,0.0899418713785172,0.339973224839663,0.822625195034551,1.83789306425893,-0.209151812476257
750,"constrained_alpha",0.0147555199974844,0.335244480002516,0.335244480002516,0.335244480002516,0.193744996168323,0.504719047264661,0.822625195034551,1.83789306425893,-0.268672715123816
751,"unconstrained",0.118652822008948,0.364696412103931,0.164703447898613,0.584094122476797,-0.324893234345466,0.749350102896512,0.279340260556783,0.765022843932024,0.166687398924161
751,"constrained_alpha",0.00175492021324547,0.348245079786755,0.348245079786755,0.348245079786755,-0.243337266203736,0.417704465968047,0.279340260556783,0.765022843932024,0.10109771318429
752,"unconstrained",0.0907519635652437,0.427936786218934,0.279516524595297,0.592005937547328,-0.267468548350502,0.402335181390264,0.255293110274349,0.830355401453565,-0.341904766410132
752,"constrained_alpha",0.0750533165365742,0.425053316536574,0.425053316536574,0.425053316536574,-0.26283943110375,0.367168228569324,0.255293110274349,0.830355401453565,-0.334507553093098
753,"unconstrained",0.0600184192898024,0.345747189408505,0.213369017682269,0.467022130765299,0.154832469113292,0.550615364442464,0.323732365712495,1.08470014904654,-0.204975960917703
753,"constrained_alpha",0.0102297679309035,0.339770232069097,0.339770232069097,0.339770232069097,0.151973743903619,0.55180336915565,0.323732365712495,1.08470014904654,-0.190734456199626
754,"unconstrained",0.0993631404756459,0.379667571282844,0.167565289004988,0.556958613049552,-0.250475208533097,0.53469633609738,0.420514819788629,0.736171514116688,0.361641523388632
754,"constrained_alpha",0.0117415055976132,0.361741505597613,0.361741505597613,0.361741505597613,-0.252899121746767,0.487283034646542,0.420514819788629,0.736171514116688,0.384526881381414
755,"unconstrained",0.0706439298402919,0.312004366934999,0.149606199484925,0.467821760686866,-0.0277131511071897,0.46889661398442,0.182669331180809,0.755172516693097,0.49965478122538
755,"constrained_alpha",0.0191307331152729,0.330869266884727,0.330869266884727,0.330869266884727,-0.0282096856872359,0.361423485013522,0.182669331180809,0.755172516693097,0.446353516150455
756,"unconstrained",0.0880905810753558,0.378787740995685,0.225024762563948,0.629445230018636,-0.0715924226428251,0.615503116837706,0.165358699030467,0.795497496956412,0.10057839092784
756,"constrained_alpha",0.0167367639037268,0.366736763903727,0.366736763903727,0.366736763903727,-0.139326428607934,0.544079784981847,0.165358699030467,0.795497496956412,0.0901947041788236
757,"unconstrained",0.0797315489436995,0.38625130895863,0.234320664967776,0.537102907552002,-0.00736822979778188,0.614228794592088,0.599019142695856,1.50649338917533,-0.144391353365557
757,"constrained_alpha",0.0156047464996026,0.365604746499603,0.365604746499603,0.365604746499603,0.0611668548413722,0.479955958594481,0.599019142695856,1.50649338917533,-0.178928358458678
758,"unconstrained",0.0745039168579472,0.304178863258452,0.167337257566418,0.408931650435226,0.139792837776348,0.670818793511902,0.760098101200975,1.27039441051055,0.476125431830839
758,"constrained_alpha",0.0302122215143377,0.319787778485662,0.319787778485662,0.319787778485662,0.0329329204118873,0.412904087707553,0.760098101200975,1.27039441051055,0.522269326614128
759,"unconstrained",0.0841158146165875,0.37441232164628,0.228790826087029,0.473288611376956,0.164646380796941,0.550923194155907,0.019507074502265,0.594897123291828,-0.0602786675431848
759,"constrained_alpha",0.0320917671476493,0.382091767147649,0.382091767147649,0.382091767147649,0.113082121365469,0.423069544119307,0.019507074502265,0.594897123291828,-0.0342052306235074
760,"unconstrained",0.0736546958444841,0.338935540045661,0.204717710003291,0.513059140484032,-0.21870515431749,0.380380152236261,0.0873306574416116,0.889418791105376,0.718247803184545
760,"constrained_alpha",0.0154152357629476,0.334584764237052,0.334584764237052,0.334584764237052,-0.126588315876208,0.363134276786079,0.0873306574416116,0.889418791105376,0.636869015111402
761,"unconstrained",0.0923583147562593,0.361074756894398,0.143061515323721,0.515268477157316,-0.0201009768027465,0.559497735054687,0.380736515260834,0.923215392887348,-0.180165514522827
761,"constrained_alpha",0.00467405859891679,0.354674058598917,0.354674058598917,0.354674058598917,-0.0102347516962739,0.247455938534611,0.380736515260834,0.923215392887348,-0.151275838316178
762,"unconstrained",0.0895760826192019,0.425563359358192,0.311376736297837,0.702428768435264,-0.0555322919220034,0.479455551401446,0.0145344666543365,0.60646502591578,-0.216154823120997
762,"constrained_alpha",0.0482743302008287,0.398274330200829,0.398274330200829,0.398274330200829,-0.0196103087727171,0.388836919517771,0.0145344666543365,0.60646502591578,-0.183853587000416
763,"unconstrained",0.0691493677669511,0.389386078610433,0.255154127851991,0.523670581752368,-0.436244622264715,0.709542943707903,-0.0913435069372814,0.632532551339061,0.138410327182522
763,"constrained_alpha",0.0310602388356029,0.381060238835603,0.381060238835603,0.381060238835603,-0.352880385186675,0.474199410450543,-0.0913435069372814,0.632532551339061,0.127007306172987
764,"unconstrained",0.0980651410859416,0.368372198666149,0.17983213924105,0.591045127853645,0.113469386038516,0.565038244339867,0.178613816926045,0.603201534378326,-0.374632653774904
764,"constrained_alpha",0.00379980060530427,0.353799800605304,0.353799800605304,0.353799800605304,0.199070829833426,0.595829699394788,0.178613816926045,0.603201534378326,-0.4084347507283
765,"unconstrained",0.0692427093689535,0.361247346502596,0.200213852896376,0.512871895324562,-0.265225642971939,0.600452213429071,0.116440729132615,0.397246561934831,0.43486212693542
765,"constrained_alpha",0.00553874306996138,0.355538743069961,0.355538743069961,0.355538743069961,-0.205647949400877,0.534667129988798,0.116440729132615,0.397246561934831,0.422675028393143
766,"unconstrained",0.091037732971114,0.361388191407982,0.215514232800634,0.619235524593738,-0.131314551946165,0.555198016204123,0.526493122409754,0.907708719293876,0.468146443491039
766,"constrained_alpha",0.00152231496341809,0.348477685036582,0.348477685036582,0.348477685036582,-0.130072902675001,0.347545122574695,0.526493122409754,0.907708719293876,0.48359762336281
767,"unconstrained",0.0977864461173677,0.334513706668525,0.139715288258078,0.600524445849103,-0.0401885258526464,0.627974847622941,0.332600876942668,0.66057616696577,0.311353552278177
767,"constrained_alpha",0.0334364610209137,0.316563538979086,0.316563538979086,0.316563538979086,0.0738367663358139,0.233964038370191,0.332600876942668,0.66057616696577,0.27340568376588
768,"unconstrained",0.09931801996068,0.37883823717592,0.209824391712012,0.589786054673889,-0.175284344186985,0.340973591213531,0.38457048332839,0.807844065583315,-0.140329642248762
768,"constrained_alpha",0.00329488128815308,0.353294881288153,0.353294881288153,0.353294881288153,-0.2005175321567,0.346779718859097,0.38457048332839,0.807844065583315,-0.070136023633895
769,"unconstrained",0.0534483820825567,0.355366097277436,0.183346052430878,0.432296822960805,0.160472800339534,0.590658422423946,0.299943725608855,0.708638194037653,-0.281491246798762
769,"constrained_alpha",0.0110766551495928,0.361076655149593,0.361076655149593,0.361076655149593,0.132971668313211,0.430644749781507,0.299943725608855,0.708638194037653,-0.26108204601116
770,"unconstrained",0.0778091669246636,0.392132462675938,0.244464913678171,0.515730872631483,-0.200477897902702,0.480372025429311,-0.0640699804208298,0.569828155614477,-0.0514491463677316
770,"constrained_alpha",0.0501678200776794,0.400167820077679,0.400167820077679,0.400167820077679,-0.22545899622758,0.399407502489881,-0.0640699804208298,0.569828155614477,-0.0106298063939396
771,"unconstrained",0.11403706896019,0.352544868399856,0.182132397323942,0.531905795486915,-0.00938632074891862,0.45972324667315,0.615991106127675,1.44236171811239,-0.0176004709147077
771,"constrained_alpha",0.0023492232382793,0.347650776761721,0.347650776761721,0.347650776761721,-0.0948671154970223,0.292846681243032,0.615991106127675,1.44236171811239,-0.011067246102189
772,"unconstrained",0.109140345257557,0.299020554811077,0.120099155757076,0.489865197568818,0.132099730153966,0.732897365001988,0.756957570932727,1.21372512776026,0.410151814896204
772,"constrained_alpha",0.053036851630214,0.296963148369786,0.296963148369786,0.296963148369786,0.0238612982957733,0.452015372965429,0.756957570932727,1.21372512776026,0.481450781801279
773,"unconstrained",0.0574653303483498,0.402829352081003,0.334683428503408,0.482668499454244,-0.157419922916391,0.429765784781955,-0.0775435124838812,0.354823086262593,-0.05578619246982
773,"constrained_alpha",0.0510722370013969,0.401072237001397,0.401072237001397,0.401072237001397,-0.162641790288274,0.419491128040603,-0.0775435124838812,0.354823086262593,-0.057676307107114
774,"unconstrained",0.0649827945709067,0.31769914123131,0.24324434783652,0.492976561720427,0.204988014182135,0.522931351520248,-0.0855854600013922,0.518529893018431,0.0937350619980488
774,"constrained_alpha",0.0335854953762576,0.316414504623742,0.316414504623742,0.316414504623742,0.247214362904707,0.468953282876892,-0.0855854600013922,0.518529893018431,0.0838834053475894
775,"unconstrained",0.082013896454244,0.307196430551482,0.195201919271625,0.548902616510405,0.106109986943294,0.521119107053974,0.621799390692953,0.852516379109303,0.152981664617668
775,"constrained_alpha",0.0554643322454271,0.294535667754573,0.294535667754573,0.294535667754573,0.0826455551227605,0.402536344015002,0.621799390692953,0.852516379109303,0.177314574856312
776,"unconstrained",0.0882790069968832,0.345132953763106,0.208199684943648,0.555371403218807,-0.047543820342579,0.438501541914467,0.219902975357263,0.780344075280789,0.586877688393316
776,"constrained_alpha",0.015198642294271,0.334801357705729,0.334801357705729,0.334801357705729,-0.0421104531780729,0.430880542455047,0.219902975357263,0.780344075280789,0.586509602374647
777,"unconstrained",0.123065342702388,0.373987169538923,0.136781499132574,0.571744669396683,-0.134409833237029,0.850357554720324,0.161848707905512,0.900274701420136,0.130516999242077
777,"constrained_alpha",0.0182239230413852,0.368223923041385,0.368223923041385,0.368223923041385,-0.0341978855616785,0.530769610227194,0.161848707905512,0.900274701420136,0.0485002003964565
778,"unconstrained",0.0526094064282882,0.376695358948518,0.289609329542013,0.566799836773345,-0.186877507593561,0.406573367504876,0.337646149639191,1.70386981971956,0.226817570895106
778,"constrained_alpha",0.0221384312179941,0.372138431217994,0.372138431217994,0.372138431217994,-0.196199731138742,0.319808610528736,0.337646149639191,1.70386981971956,0.256319863919721
779,"unconstrained",0.0845356492879687,0.36540452025955,0.193728534864045,0.546080747411509,0.187287978124313,0.598376125619525,0.244151571662606,1.06689137834897,-0.356541615081937
779,"constrained_alpha",0.00689953704686391,0.356899537046864,0.356899537046864,0.356899537046864,0.155604868287452,0.466463130900836,0.244151571662606,1.06689137834897,-0.351747415310399
780,"unconstrained",0.0747448475287991,0.378931324575392,0.23781787474629,0.577746068470292,-0.136828940996774,0.350496094059877,-0.0126798797614672,0.548631173433829,0.344487648949234
780,"constrained_alpha",0.0119421808778596,0.36194218087786,0.36194218087786,0.36194218087786,-0.0830311058994484,0.427033290978694,-0.0126798797614672,0.548631173433829,0.335067460531359
781,"unconstrained",0.109078124725514,0.333395177415456,0.120202616113735,0.535479099424714,0.306289362870072,0.693685108709734,0.336001770249216,0.883071145680452,-0.0415279627237737
781,"constrained_alpha",0.0210033314823235,0.328996668517677,0.328996668517677,0.328996668517677,0.199767541572574,0.408421590944803,0.336001770249216,0.883071145680452,0.0559257549791183
782,"unconstrained",0.132155029507164,0.34436961294362,0.142679112989632,0.615783582025948,-0.131816813627953,0.65774354304922,0.582652481292534,1.26605563084013,0.232267561279506
782,"constrained_alpha",0.0177065364115652,0.367706536411565,0.367706536411565,0.367706536411565,-0.0950225289083326,0.317299143250464,0.582652481292534,1.26605563084013,0.161337984190432
783,"unconstrained",0.0893601521349351,0.306301942244259,0.106433934990256,0.484544307862121,0.0590528689877694,0.498842763263259,0.659578233648629,1.17711113580269,0.0627348164443169
783,"constrained_alpha",0.0557315238787184,0.294268476121282,0.294268476121282,0.294268476121282,0.056244067664552,0.502024570164978,0.659578233648629,1.17711113580269,0.0913515303840082
784,"unconstrained",0.074449324135146,0.294718911287702,0.138799650010572,0.410627926491703,0.201356190541367,0.458595947894458,0.11208405037288,0.590439323274031,0.305920183450409
784,"constrained_alpha",0.059343954969007,0.290656045030993,0.290656045030993,0.290656045030993,0.187966145844435,0.440460798769266,0.11208405037288,0.590439323274031,0.343198565324586
785,"unconstrained",0.0893588706757396,0.386695825170917,0.207121921642667,0.576525207877551,0.0373737667805127,0.536191546877919,1.09086090644942,2.73905495692835,-0.214403146294706
785,"constrained_alpha",0.0338579322053602,0.38385793220536,0.38385793220536,0.38385793220536,-0.0349025152991774,0.343638478380498,1.09086090644942,2.73905495692835,-0.165364196149999
786,"unconstrained",0.0958030621452062,0.36349800833302,0.205458109092587,0.628022050604518,-0.189342591346541,0.578575947671674,0.280806221365215,0.732601470992115,0.161258231621341
786,"constrained_alpha",0.00188945786850675,0.351889457868507,0.351889457868507,0.351889457868507,-0.182567209559443,0.417571314026394,0.280806221365215,0.732601470992115,0.141187486000535
787,"unconstrained",0.106638867913953,0.260371765706015,0.122281572210771,0.39962245343162,0.242523442834136,0.610786153079985,0.6354334700313,1.00424759336939,-0.0483369358600396
787,"constrained_alpha",0.0841519767845118,0.265848023215488,0.265848023215488,0.265848023215488,0.179624379370934,0.44894513859916,0.6354334700313,1.00424759336939,-0.002787324142147
788,"unconstrained",0.0872378312170778,0.398655304560082,0.233226060368486,0.763948374684878,-0.254369498908298,0.533151476906987,0.241385430865354,0.897764904998854,0.0375583700392097
788,"constrained_alpha",0.0176248995154961,0.367624899515496,0.367624899515496,0.367624899515496,-0.215100605673467,0.539247280091605,0.241385430865354,0.897764904998854,0.0696291001447924
789,"unconstrained",0.0883877975252288,0.31394541203188,0.148996438021264,0.478808053901201,0.152568149954004,0.545447384031912,0.412698083808479,0.868995349914579,0.169276836802297
789,"constrained_alpha",0.0410565875799204,0.30894341242008,0.30894341242008,0.30894341242008,0.125540183513811,0.404178316766814,0.412698083808479,0.868995349914579,0.190805879161701
790,"unconstrained",0.116699250448401,0.365255347125833,0.128068157908163,0.636935531427745,-0.000219047847387151,0.527077103662843,0.284771491433102,1.02034528096443,-0.24407109394057
790,"constrained_alpha",0.0166932455993092,0.333306754400691,0.333306754400691,0.333306754400691,0.19110507772839,0.473063985391365,0.284771491433102,1.02034528096443,-0.331992582639835
791,"unconstrained",0.094779650779124,0.344019951398029,0.147029271187215,0.55295478639938,-0.258493115746714,0.655242001907563,0.290466726546327,0.839586540823698,0.297411214265053
791,"constrained_alpha",0.0294564075823852,0.320543592417615,0.320543592417615,0.320543592417615,-0.189888808557409,0.439166083110088,0.290466726546327,0.839586540823698,0.38137501016841
792,"unconstrained",0.083847323530437,0.394068853588024,0.237895330360214,0.594769119348643,-0.159995482675251,0.543226514086661,0.165225751261852,0.66216813330414,-0.157548061050474
792,"constrained_alpha",0.0311482596919123,0.381148259691912,0.381148259691912,0.381148259691912,-0.115320482237013,0.451823600286861,0.165225751261852,0.66216813330414,-0.181333885907003
793,"unconstrained",0.092630653159166,0.351633090126717,0.153908993882299,0.558272112400315,-0.0157883869962247,0.488669329286303,0.423378609664621,0.973972795471079,0.0325543519173788
793,"constrained_alpha",0.00648170971450396,0.356481709714504,0.356481709714504,0.356481709714504,0.054874898530261,0.352275096630494,0.423378609664621,0.973972795471079,0.017866775153746
794,"unconstrained",0.0858741212078621,0.328631617559755,0.111609173274326,0.504662043602334,0.14032775961795,0.463735578154575,0.587949176895143,1.30728575907751,0.161382960559815
794,"constrained_alpha",0.0215438001055621,0.328456199894438,0.328456199894438,0.328456199894438,0.147140105056142,0.342647406636314,0.587949176895143,1.30728575907751,0.179281218094998
795,"unconstrained",0.062570663903811,0.390667105801568,0.255357935750937,0.502281742588149,0.0917085591427443,0.542515465852774,0.250249229592668,0.676389607102868,-0.358649758716042
795,"constrained_alpha",0.03486987542375,0.38486987542375,0.38486987542375,0.38486987542375,0.0710121965017084,0.405950909419926,0.250249229592668,0.676389607102868,-0.332342343141073
796,"unconstrained",0.109823781892626,0.435909344231993,0.297736009156099,0.62945098884254,-0.304612224999497,0.645582208667259,0.62131691088947,1.29710532340751,-0.223454681946046
796,"constrained_alpha",0.0766849767093117,0.426684976709312,0.426684976709312,0.426684976709312,-0.292624835960092,0.496081203698822,0.62131691088947,1.29710532340751,-0.238648495326877
797,"unconstrained",0.0928602118047494,0.360310666957744,0.157298227528396,0.529106301588014,0.11551888415981,0.43298187151615,0.551569759885038,1.29176783058827,-0.355401934153534
797,"constrained_alpha",0.0124043927988911,0.337595607201109,0.337595607201109,0.337595607201109,0.155211537093833,0.515069703802555,0.551569759885038,1.29176783058827,-0.325925828435621
798,"unconstrained",0.107715948682013,0.387474017968907,0.213842690197059,0.544253197392592,0.17138683969642,0.743916892758429,-0.0197793061127658,0.991829586780375,-0.369771958157834
798,"constrained_alpha",0.027973070259819,0.377973070259819,0.377973070259819,0.377973070259819,0.247883369786807,0.569629485313749,-0.0197793061127658,0.991829586780375,-0.431903868137404
799,"unconstrained",0.0693957867608447,0.363629413002281,0.218425866360831,0.525163895068722,-0.254393489643592,0.588988809589395,0.245527585733607,1.07957069092114,0.245575418003096
799,"constrained_alpha",0.000652511830350644,0.350652511830351,0.350652511830351,0.350652511830351,-0.169592051504001,0.386123505744286,0.245527585733607,1.07957069092114,0.218087730030824
800,"unconstrained",0.0992817185647991,0.357562625511982,0.136360532854654,0.507207204124696,0.0425553194060226,0.576544741229306,0.000123500140884044,0.50457144632032,-0.0660968680046559
800,"constrained_alpha",0.00300384477630156,0.353003844776302,0.353003844776302,0.353003844776302,-0.0152332758178653,0.367186552540483,0.000123500140884044,0.50457144632032,-0.0305205724159245
801,"unconstrained",0.0734332647377336,0.393193923148982,0.282995079882313,0.550273789395193,-0.12679221383238,0.553980924600002,-0.0286109786674102,0.572298715321119,-0.248828409394657
801,"constrained_alpha",0.0454869956504003,0.3954869956504,0.3954869956504,0.3954869956504,-0.205758521819342,0.417273083830179,-0.0286109786674102,0.572298715321119,-0.171920337502439
802,"unconstrained",0.112880405389448,0.385423570784461,0.110867516842471,0.656241376331714,0.00620648433836625,0.560776474468968,0.36546168150714,1.11889138060754,0.243705862915149
802,"constrained_alpha",0.0353590160024963,0.385359016002496,0.385359016002496,0.385359016002496,-0.104670786863876,0.296563599814142,0.36546168150714,1.11889138060754,0.242843607056123
803,"unconstrained",0.0695637990545032,0.367243838420289,0.215511628012871,0.580777041847917,0.139441809873926,0.649011365107064,0.885822934223568,1.69342765844553,-0.291847207580751
803,"constrained_alpha",0.0137322895283212,0.363732289528321,0.363732289528321,0.363732289528321,0.147038353641911,0.49371051553782,0.885822934223568,1.69342765844553,-0.283725831078925
804,"unconstrained",0.0972569253470708,0.344814229990458,0.188154376802305,0.477368432035965,0.00848149526933797,0.534009948516942,1.14278892090978,2.17979953857151,0.11156572069984
804,"constrained_alpha",0.0113990756866051,0.361399075686605,0.361399075686605,0.361399075686605,-0.0920301032133109,0.255229172267776,1.14278892090978,2.17979953857151,0.148162756451403
805,"unconstrained",0.084057930679545,0.332114190519041,0.164419150974482,0.509332007670663,0.124745496623392,0.600877241480681,0.229422331595932,0.992471328397245,-0.106707020304927
805,"constrained_alpha",0.0327593959697213,0.317240604030279,0.317240604030279,0.317240604030279,0.125378652934077,0.469982447121554,0.229422331595932,0.992471328397245,-0.104157975042992
806,"unconstrained",0.0723346249902325,0.372989958748699,0.250317360338357,0.56412475224427,0.17199477173263,0.400796643600749,0.551370605871265,0.998255957629289,-0.147277982348527
806,"constrained_alpha",0.00058276679864866,0.349417233201351,0.349417233201351,0.349417233201351,0.276607091382694,0.458028952465672,0.551370605871265,0.998255957629289,-0.142116047371444
807,"unconstrained",0.102521886015939,0.372855592461079,0.18121307341758,0.568854427713686,-0.0734755852223925,0.577662596809152,0.14166059851118,0.869950578178212,0.138785411381507
807,"constrained_alpha",0.0239181400840772,0.373918140084077,0.373918140084077,0.373918140084077,-0.148807127955718,0.512664441394729,0.14166059851118,0.869950578178212,0.230204112308055
808,"unconstrained",0.0977822740954777,0.338854489024423,0.158710009700622,0.565332548533435,-0.00582041386317748,0.600991444484153,0.361513984138456,1.05941617845624,-0.0370517826157499
808,"constrained_alpha",0.0159922288379892,0.334007771162011,0.334007771162011,0.334007771162011,0.0374411332695491,0.425145259536989,0.361513984138456,1.05941617845624,-0.01390991784018
809,"unconstrained",0.0821603516117952,0.286328619784216,0.0896059529883506,0.451689342678062,0.164243864888723,0.506366289640741,1.60188287639277,3.18891958417574,0.121894281550526
809,"constrained_alpha",0.05742893987826,0.29257106012174,0.29257106012174,0.29257106012174,0.159963633802618,0.437624526243954,1.60188287639277,3.18891958417574,0.143686957343798
810,"unconstrained",0.087821893865227,0.269695625494783,0.162194392007576,0.377817696720392,0.265473439866957,0.552205962484371,0.335588221715915,0.744216348491533,-0.242181919113542
810,"constrained_alpha",0.0734599972664539,0.276540002733546,0.276540002733546,0.276540002733546,0.258154480940161,0.518534611787959,0.335588221715915,0.744216348491533,-0.244711090763783
811,"unconstrained",0.0865517197484342,0.342815472550785,0.184470358702593,0.54398059194392,0.00616674236185895,0.333818238095424,0.697328506659559,1.75159724049124,-0.231081004850678
811,"constrained_alpha",0.0307414908673546,0.319258509132645,0.319258509132645,0.319258509132645,0.0347634141525704,0.350715990468808,0.697328506659559,1.75159724049124,-0.220964969702205
812,"unconstrained",0.0449348583818859,0.375561942156361,0.299832181241787,0.497065623502087,0.0452872743715476,0.375940472621556,0.770553418766214,1.72729034104053,0.125732732714723
812,"constrained_alpha",0.0131236449352199,0.36312364493522,0.36312364493522,0.36312364493522,0.0652805902940242,0.427509797686895,0.770553418766214,1.72729034104053,0.107605936200132
813,"unconstrained",0.086621485542249,0.310047884650536,0.147518719797096,0.479807192462407,0.0516075784364809,0.450608874584873,1.16523011282801,2.51647437932969,0.337972710602882
813,"constrained_alpha",0.0643052257307418,0.285694774269258,0.285694774269258,0.285694774269258,0.131272384140629,0.452092000504476,1.16523011282801,2.51647437932969,0.3331427845561
814,"unconstrained",0.0790253439602638,0.323168516328032,0.106228799293013,0.49072481072076,-0.248561461230381,0.427660698388728,0.371875616265767,0.871205898475957,0.583480657971236
814,"constrained_alpha",0.0333993394753268,0.316600660524673,0.316600660524673,0.316600660524673,-0.308737997875509,0.439394405596898,0.371875616265767,0.871205898475957,0.596704843562898
815,"unconstrained",0.0470941232099231,0.319541822768943,0.246799567165553,0.399670725707039,-0.250382000840576,0.511941608880111,0.522403150261551,1.04418914466743,0.610435799546887
815,"constrained_alpha",0.0288109309474468,0.321189069052553,0.321189069052553,0.321189069052553,-0.265642777490077,0.525958532165362,0.522403150261551,1.04418914466743,0.640640611613623
816,"unconstrained",0.057856015171943,0.39538433659328,0.312412016476284,0.539155746185929,-0.186253264182207,0.431024976800938,1.04614612333857,3.41737683282411,0.450086012599978
816,"constrained_alpha",0.0402881587118677,0.390288158711868,0.390288158711868,0.390288158711868,-0.206217534359895,0.417627249951176,1.04614612333857,3.41737683282411,0.453043499832364
817,"unconstrained",0.0759407619380215,0.371923980705661,0.244930233584799,0.670615846000595,0.0585090601513562,0.767536592431094,-0.119087788660574,0.47797199366954,-0.0636147554740301
817,"constrained_alpha",0.0167403313290548,0.366740331329055,0.366740331329055,0.366740331329055,0.0129878352785623,0.536577025445924,-0.119087788660574,0.47797199366954,-0.0204843920585742
818,"unconstrained",0.0745273366457116,0.340829798062264,0.211193650917764,0.468106171861358,0.130513708970461,0.739427373986127,0.420734005323942,1.38767059520367,-0.275144832099819
818,"constrained_alpha",0.00515317853752056,0.344846821462479,0.344846821462479,0.344846821462479,0.164146950690968,0.50978594120571,0.420734005323942,1.38767059520367,-0.303403431622513
819,"unconstrained",0.0611379676922883,0.350638329926938,0.22226779836416,0.481852178156751,-0.143083751101812,0.463508841414813,0.543257137605158,1.09109418832474,0.163535756938117
819,"constrained_alpha",0.00438481280884379,0.354384812808844,0.354384812808844,0.354384812808844,-0.15872724657942,0.332800416105783,0.543257137605158,1.09109418832474,0.198653700238808
820,"unconstrained",0.0852029734108253,0.331216373173885,0.143249724525682,0.498918074459438,0.196026893190821,0.545182649421411,0.579722260671004,1.2147554130657,0.0086477970714689
820,"constrained_alpha",0.0163717311044393,0.333628268895561,0.333628268895561,0.333628268895561,0.214028737147058,0.435423553587492,0.579722260671004,1.2147554130657,-0.0171139465508188
821,"unconstrained",0.0763817436912302,0.375041728667894,0.2249037223919,0.494494382034558,0.117512617670397,0.425245107841467,0.266038703362114,0.782283566741209,-0.101340324880721
821,"constrained_alpha",0.023827779272248,0.373827779272248,0.373827779272248,0.373827779272248,0.154273765835588,0.38775183542586,0.266038703362114,0.782283566741209,-0.131974267315023
822,"unconstrained",0.0740485010326184,0.335112229890689,0.2229803157547,0.596598227221928,-0.0331791299863773,0.504105777942935,0.0364772619501911,0.644644983873621,0.520593318340396
822,"constrained_alpha",0.0216957933483213,0.328304206651679,0.328304206651679,0.328304206651679,-0.0406303069746547,0.320055043514864,0.0364772619501911,0.644644983873621,0.51178857699435
823,"unconstrained",0.11069234857104,0.383526232337171,0.222475414694931,0.681618577764349,-0.220913112416894,0.611190113141126,0.540645666417902,1.12149055679627,0.205876494500658
823,"constrained_alpha",0.00752568070996246,0.357525680709962,0.357525680709962,0.357525680709962,-0.186634451656121,0.363747955782486,0.540645666417902,1.12149055679627,0.206190577566032
824,"unconstrained",0.10564542412108,0.36692592848668,0.164876488241863,0.578544932203143,-0.310801708858276,0.731116841209444,0.132179128403333,0.938724571611622,0.0864738758026016
824,"constrained_alpha",0.0278120769799824,0.377812076979982,0.377812076979982,0.377812076979982,-0.293799970964042,0.569508836308538,0.132179128403333,0.938724571611622,-0.00902506787349222
825,"unconstrained",0.100564308321148,0.342810869123371,0.141246517456935,0.588711804802819,-0.0737926805022113,0.612564795416385,-0.0330373376977694,0.444754920197579,0.271167779722405
825,"constrained_alpha",0.0196131552892793,0.330386844710721,0.330386844710721,0.330386844710721,-0.073980435772288,0.423658641357234,-0.0330373376977694,0.444754920197579,0.365617917423195
826,"unconstrained",0.079078033588309,0.369371588287032,0.216558544133094,0.619936727902873,-0.327628464208858,0.57182556598383,0.381410508491063,0.771874672875808,0.00539630476218989
826,"constrained_alpha",0.0118446623581501,0.36184466235815,0.36184466235815,0.36184466235815,-0.226095465837731,0.337658384966796,0.381410508491063,0.771874672875808,-0.000147512390444859
827,"unconstrained",0.0725000805235285,0.400067486428078,0.282301103310836,0.504647288325092,-0.0821585193598397,0.51585498792753,0.554934885993279,1.63343857467349,-0.359261473054129
827,"constrained_alpha",0.0521933239662041,0.402193323966204,0.402193323966204,0.402193323966204,-0.106203330326953,0.479102834322742,0.554934885993279,1.63343857467349,-0.342113817979243
828,"unconstrained",0.11375500653225,0.406447213543234,0.0784921940205906,0.516675190210317,-0.0491094581074137,0.664839679391921,-0.0788489770245313,0.482529814615635,-0.186352157577875
828,"constrained_alpha",0.0500712998123405,0.400071299812341,0.400071299812341,0.400071299812341,-0.156822520614316,0.392940834822582,-0.0788489770245313,0.482529814615635,-0.0532858866212789
829,"unconstrained",0.0506839385154639,0.37937847905505,0.291766233501712,0.485679599647511,-0.154923665279382,0.53413783005297,0.094041089013227,0.920837170304921,-0.189137763832128
829,"constrained_alpha",0.0335543262791124,0.383554326279112,0.383554326279112,0.383554326279112,-0.174782936139345,0.433559889120586,0.094041089013227,0.920837170304921,-0.171816222083248
830,"unconstrained",0.0680551415450494,0.323126844997811,0.178970590562414,0.469465960759848,0.269811596526581,0.518956567775404,0.798563135416528,1.96978022032734,-0.140210399936216
830,"constrained_alpha",0.0318409030626995,0.3181590969373,0.3181590969373,0.3181590969373,0.2565612752261,0.497117432579406,0.798563135416528,1.96978022032734,-0.124455784605817
831,"unconstrained",0.0995198695075877,0.363820674920728,0.20117947732626,0.612454650317039,0.222236493374617,0.576912982745873,0.531047054524893,1.05876061786218,-0.386070691698972
831,"constrained_alpha",0.0116922428914354,0.361692242891435,0.361692242891435,0.361692242891435,0.197856469868232,0.394753262978958,0.531047054524893,1.05876061786218,-0.342335963958333
832,"unconstrained",0.0851182660261976,0.414357527672332,0.265429743013316,0.567952282465233,-0.137310157693881,0.601271154597277,-0.21767833222026,0.753489550155402,-0.172727261634816
832,"constrained_alpha",0.0731327707954017,0.423132770795402,0.423132770795402,0.423132770795402,-0.226530242705529,0.548247981426592,-0.21767833222026,0.753489550155402,-0.135224468627322
833,"unconstrained",0.110655083479759,0.425662374598081,0.233225070100924,0.627302905193392,-0.204405135730754,0.452014628501978,0.103744654259998,1.08074396505635,0.167735848366179
833,"constrained_alpha",0.0763998752023953,0.426399875202395,0.426399875202395,0.426399875202395,-0.126624450360034,0.520745631960417,0.103744654259998,1.08074396505635,0.101042548536841
834,"unconstrained",0.11501672334854,0.368843485675611,0.143950965525716,0.629745268089578,0.0128956373563016,0.651137608727671,0.152777560974835,0.596741615866865,-0.0255964786158711
834,"constrained_alpha",0.0020129119558458,0.352012911955846,0.352012911955846,0.352012911955846,0.0174189501108653,0.39709229693632,0.152777560974835,0.596741615866865,0.059303705612475
835,"unconstrained",0.0950091507519375,0.322687309918219,0.0526053215564682,0.458203079681612,-0.101928470415486,0.472203950180663,0.0413702473246629,0.926802851608847,0.201851190320212
835,"constrained_alpha",0.0437496632530273,0.306250336746973,0.306250336746973,0.306250336746973,-0.0577115566372332,0.3391779371196,0.0413702473246629,0.926802851608847,0.0826696937441034
836,"unconstrained",0.107991219239527,0.301077463130291,0.12910914749515,0.521085910872238,0.249337873768967,0.712640874457027,0.598064241219231,1.37494615479182,0.259199269797151
836,"constrained_alpha",0.0504133901946445,0.299586609805355,0.299586609805355,0.299586609805355,0.303850642562321,0.729674331538014,0.598064241219231,1.37494615479182,0.19780523360937
837,"unconstrained",0.116013144615724,0.312267218773487,0,0.464174210359974,0.017839574008901,0.555994539778759,0.636552374569406,1.43257303844033,-0.300170448425607
837,"constrained_alpha",0.0402736175876695,0.30972638241233,0.30972638241233,0.30972638241233,0.134327795352062,0.393425082817354,0.636552374569406,1.43257303844033,-0.274263083808415
838,"unconstrained",0.110966872202328,0.295844102955596,0.112835906380134,0.468061482780094,0.178705319512831,0.773597407392692,0.287331882849868,0.578902208314745,-0.0224098405875317
838,"constrained_alpha",0.0454363942461568,0.304563605753843,0.304563605753843,0.304563605753843,0.240068565122701,0.486958152399771,0.287331882849868,0.578902208314745,-0.0699092152732783
839,"unconstrained",0.087294694196328,0.372783518835903,0.224716636408837,0.635438418456555,-0.0599472935881609,0.550986058593467,0.0600165781995006,0.545795328435186,0.0157925430512629
839,"constrained_alpha",0.00156635560021062,0.351566355600211,0.351566355600211,0.351566355600211,0.0492405971530681,0.390779342777753,0.0600165781995006,0.545795328435186,-0.0199883786909887
840,"unconstrained",0.0880660835170461,0.341585597916914,0.187359652115065,0.486445025819868,0.191177217488952,0.50628507743,0.467526640639002,1.02154941443965,-0.171866566364043
840,"constrained_alpha",0.00217951273771239,0.352179512737712,0.352179512737712,0.352179512737712,0.143447246687069,0.286499782953531,0.467526640639002,1.02154941443965,-0.185877310428324
841,"unconstrained",0.0951139545832608,0.321951737376802,0.137423510816273,0.537683002939648,0.285099655840261,0.573577064101761,0.376886394908553,0.772623415613278,-0.0971183878665267
841,"constrained_alpha",0.0265719248804108,0.323428075119589,0.323428075119589,0.323428075119589,0.22545145472199,0.322412866042039,0.376886394908553,0.772623415613278,-0.0691104060759029
842,"unconstrained",0.103140495956745,0.358869643996823,0.220475995216505,0.601418726140568,0.197446475839382,0.581453476862964,0.718108337628806,1.64894295158885,-0.274445385996758
842,"constrained_alpha",0.0214549804857375,0.328545019514262,0.328545019514262,0.328545019514262,0.220295829614477,0.453524207622584,0.718108337628806,1.64894295158885,-0.19310873902428
843,"unconstrained",0.0589949066688486,0.382467228087082,0.289104153290246,0.47331051689043,-0.168589673811857,0.450643770894003,-0.0685608263634304,0.501577706665751,0.146803611848088
843,"constrained_alpha",0.0437444405721361,0.393744440572136,0.393744440572136,0.393744440572136,-0.238730693128765,0.401114049057218,-0.0685608263634304,0.501577706665751,0.167092113371176
844,"unconstrained",0.112904719823413,0.347014158158522,0.151009690419324,0.640831050341123,0.0815646831745422,0.547028133215649,0.669702025452502,1.84698169371673,-0.028043789336879
844,"constrained_alpha",0.0179973684046341,0.332002631595366,0.332002631595366,0.332002631595366,0.113852067278781,0.260373354526407,0.669702025452502,1.84698169371673,-0.0682540719986999
845,"unconstrained",0.0615117616563876,0.318222418336665,0.148942222703373,0.467558330100696,-0.112732931562561,0.467012375080475,0.563268603107654,0.843324118164635,0.517344674888232
845,"constrained_alpha",0.0215770510271537,0.328422948972846,0.328422948972846,0.328422948972846,-0.132620214599555,0.241932235778123,0.563268603107654,0.843324118164635,0.448666986213745
846,"unconstrained",0.066223996073966,0.373861215671837,0.261930445535896,0.511797932473033,-0.0852226849916143,0.480638283231754,0.128446501587994,0.583765803163028,-0.411183916378654
846,"constrained_alpha",0.0254655988105182,0.375465598810518,0.375465598810518,0.375465598810518,-0.0463019177176119,0.297629002078503,0.128446501587994,0.583765803163028,-0.408920597854677
847,"unconstrained",0.0864118312842896,0.39124536990235,0.212514048118639,0.586828571629213,0.144957078740126,0.404345035707791,0.645930010948012,1.29480334080028,-0.452999687255602
847,"constrained_alpha",0.0270203892078361,0.377020389207836,0.377020389207836,0.377020389207836,0.135525837077462,0.356860850426962,0.645930010948012,1.29480334080028,-0.417687507651503
848,"unconstrained",0.0452373940583424,0.351300885757211,0.249558502446171,0.445428609854679,0.0156660106319694,0.582259525126193,4.01409016721688,13.9919757573495,0.158999191638492
848,"constrained_alpha",0.00774633469096742,0.357746334690967,0.357746334690967,0.357746334690967,-0.0213350199543305,0.468470064113434,4.01409016721688,13.9919757573495,0.164312943463226
849,"unconstrained",0.0845796110993286,0.372720193536064,0.125096874576152,0.513086031340842,0.0141047646038506,0.535518663477775,0.425665287161342,0.919989235075688,-0.138612973668594
849,"constrained_alpha",0.0103071741459544,0.360307174145954,0.360307174145954,0.360307174145954,0.0205814910823002,0.354350193789649,0.425665287161342,0.919989235075688,-0.106763102365782
850,"unconstrained",0.126949795801389,0.372315475745514,0.199905285114501,0.686119805686866,0.163856022468697,0.677526505254663,1.09632265985179,1.49860652635169,-0.204667142953886
850,"constrained_alpha",0.0132323284904379,0.336767671509562,0.336767671509562,0.336767671509562,0.200780555529196,0.396718284208403,1.09632265985179,1.49860652635169,-0.102225588404033
851,"unconstrained",0.0572579236559644,0.365868825357552,0.256362248676269,0.497806623912002,0.266188100240408,0.537332196883917,0.260624705486113,0.573810918644478,-0.314680501822422
851,"constrained_alpha",0.0200800200063083,0.370080020006308,0.370080020006308,0.370080020006308,0.220967260359699,0.359209923135899,0.260624705486113,0.573810918644478,-0.261457854401931
852,"unconstrained",0.095255182865195,0.310772293338529,0.136038786252384,0.46225460690959,0.000790314688833393,0.507262902356487,0.398066348099058,0.772601463461422,0.290611446805166
852,"constrained_alpha",0.0321307947198877,0.317869205280112,0.317869205280112,0.317869205280112,-0.0773771779557908,0.389306078695057,0.398066348099058,0.772601463461422,0.299173595190366
853,"unconstrained",0.0460004086980069,0.348136722919382,0.254617567122881,0.426715519614627,-0.0121496493460102,0.367434183648175,0.315595552198482,0.942218676380781,-0.46125080288553
853,"constrained_alpha",0.00190498208958612,0.351904982089586,0.351904982089586,0.351904982089586,-0.0262469674616722,0.269376135322449,0.315595552198482,0.942218676380781,-0.443102308633246
854,"unconstrained",0.0936027574296865,0.291127729911858,0.115720771962526,0.424480397703218,0.104834740335223,0.575055063685824,0.737841334044173,1.06454294636912,0.428752955256898
854,"constrained_alpha",0.0409565653426442,0.309043434657356,0.309043434657356,0.309043434657356,0.0773278179116869,0.415102937884336,0.737841334044173,1.06454294636912,0.448465482900772
855,"unconstrained",0.0757180853218899,0.36514011231746,0.21300272083958,0.492966915729982,0.274826611460115,0.550656121365773,0.248715622475544,0.699536992021975,-0.0785230130338148
855,"constrained_alpha",0.0111374702136217,0.361137470213622,0.361137470213622,0.361137470213622,0.208513236612185,0.399939910067854,0.248715622475544,0.699536992021975,-0.0430807157951303
856,"unconstrained",0.0824022846545527,0.310624470505248,0.0415703622239835,0.461161973798954,0.400074438191202,0.670719491906562,0.668090050740543,1.22053244858664,-0.19776318264511
856,"constrained_alpha",0.0379355328470219,0.312064467152978,0.312064467152978,0.312064467152978,0.439018789348108,0.588972041232569,0.668090050740543,1.22053244858664,-0.200847578638393
857,"unconstrained",0.0903968726250532,0.368069849220791,0.21026036759097,0.556563122776391,0.165162082618273,0.614765364351679,0.217422459383232,0.805974583119578,-0.131557403115518
857,"constrained_alpha",0.000168030722973667,0.350168030722974,0.350168030722974,0.350168030722974,0.15342796025659,0.377688140848871,0.217422459383232,0.805974583119578,-0.0684867222478573
858,"unconstrained",0.123782924518037,0.428481820138565,0.116483932856311,0.631527969519635,-0.385270966012345,0.818055926246024,5.15431068574,14.1428127323591,-0.0201976827562926
858,"constrained_alpha",0.0789294793901547,0.428929479390155,0.428929479390155,0.428929479390155,-0.350202050910222,0.549632424121396,5.15431068574,14.1428127323591,-0.0560034647100756
859,"unconstrained",0.0875202927090506,0.316867847810187,0.126363227425795,0.519737658998434,-0.00507120860557447,0.717509088503262,0.886520840247404,1.38145349946183,-0.0756682486978799
859,"constrained_alpha",0.051114207138168,0.298885792861832,0.298885792861832,0.298885792861832,0.0762114863310302,0.442188637839526,0.886520840247404,1.38145349946183,-0.086476826025107
860,"unconstrained",0.102757997894234,0.346825921780634,0.0500741790432588,0.531380927264838,0.151710778708034,0.652611017352488,0.53567935952109,1.06889569502227,-0.339077171244113
860,"constrained_alpha",0.0230990592522005,0.3730990592522,0.3730990592522,0.3730990592522,0.109641728611682,0.39750596064341,0.53567935952109,1.06889569502227,-0.362942452750199
861,"unconstrained",0.094376441035456,0.367489660160098,0.176120225144052,0.51158250086025,-0.178132298060058,0.406340168785903,0.221474787808221,0.841700162080606,0.0810334007697455
861,"constrained_alpha",0.00325195975811038,0.35325195975811,0.35325195975811,0.35325195975811,-0.107200373018691,0.208832380254806,0.221474787808221,0.841700162080606,0.0695678930499271
862,"unconstrained",0.0804538037837506,0.421664339524148,0.332288114357948,0.522203271626678,-0.281455576262132,0.611548004640831,0.218829458161753,0.915853601234612,-0.0141176991665652
862,"constrained_alpha",0.0781308193690348,0.428130819369035,0.428130819369035,0.428130819369035,-0.279535535467246,0.486026479855732,0.218829458161753,0.915853601234612,-0.0159837421656526
863,"unconstrained",0.0730229216551194,0.346941939335251,0.208540676176302,0.592574644192935,0.220860635542618,0.515095640232071,0.449094869763425,1.02282009713191,-0.0675369952982636
863,"constrained_alpha",0.0155017920257978,0.334498207974202,0.334498207974202,0.334498207974202,0.233289257580368,0.458832289116843,0.449094869763425,1.02282009713191,-0.0309713516037635
864,"unconstrained",0.110526067502959,0.367255953058895,0.190714541158494,0.607719342690998,-0.0359787195480961,0.591123438511525,0.691527202256325,1.09230259641967,-0.275769806405187
864,"constrained_alpha",0.00330586280292361,0.353305862802924,0.353305862802924,0.353305862802924,-0.0256025336637234,0.335011446124905,0.691527202256325,1.09230259641967,-0.307915593616505
865,"unconstrained",0.0893020837782602,0.372605983307284,0.208251348989828,0.648088712951319,-0.0956820746987925,0.506134798485371,0.3288268028476,0.974716080545402,-0.0345971676282448
865,"constrained_alpha",0.0137665485822847,0.363766548582285,0.363766548582285,0.363766548582285,-0.075288475266024,0.370315644595007,0.3288268028476,0.974716080545402,-0.0708467599670748
866,"unconstrained",0.109610525883534,0.377340218787973,0.112899112283951,0.600683455051122,-0.136524913978904,0.677415827818141,3.87510322327857,14.0086637505316,-0.327387589799476
866,"constrained_alpha",0.0272808328553129,0.377280832855313,0.377280832855313,0.377280832855313,-0.086889339372457,0.62761253286496,3.87510322327857,14.0086637505316,-0.327959804029716
867,"unconstrained",0.0699039677557166,0.401304760511827,0.279765398893157,0.607892175716096,-0.120860990828447,0.456849992971393,0.305152112142308,1.10747665841913,-0.20133368781267
867,"constrained_alpha",0.0346749723055266,0.384674972305527,0.384674972305527,0.384674972305527,-0.0768820596442219,0.404416274942035,0.305152112142308,1.10747665841913,-0.230543930650779
868,"unconstrained",0.110351587883747,0.366739790115221,0.117667624860713,0.594770594694515,0.0374110724867687,0.563297901441407,0.0385996242735798,0.543068060115718,0.21552366047447
868,"constrained_alpha",0.00777653030402825,0.357776530304028,0.357776530304028,0.357776530304028,0.0679066793528904,0.494238918199639,0.0385996242735798,0.543068060115718,0.242059393099607
869,"unconstrained",0.0790712113289479,0.340627396556,0.165454149000566,0.505016893834051,-0.0170373567332479,0.5566098321422,0.108440149663164,0.771400705843194,0.0624757555945696
869,"constrained_alpha",0.00672860068157632,0.343271399318424,0.343271399318424,0.343271399318424,-0.00679173929523796,0.311265724653403,0.108440149663164,0.771400705843194,0.0413457441533904
870,"unconstrained",0.0722940145487058,0.395873112861496,0.263123415741218,0.501125953615873,-0.0888984020250034,0.245249718236722,-0.164107748862177,0.426515211228356,-0.432409191125059
870,"constrained_alpha",0.0483287520392103,0.39832875203921,0.39832875203921,0.39832875203921,-0.130007676478461,0.248879538697852,-0.164107748862177,0.426515211228356,-0.414683485929818
871,"unconstrained",0.095844570661864,0.3589451240006,0.235817108172962,0.611665131543343,-0.178354729868563,0.539016858658311,0.42235702782554,0.806638824543743,0.0237845064667819
871,"constrained_alpha",0.00207052063305502,0.347929479366945,0.347929479366945,0.347929479366945,-0.0886574798193942,0.348766775805504,0.42235702782554,0.806638824543743,0.0662354755505259
872,"unconstrained",0.104721379009479,0.299559390211414,0.166369035678188,0.455014669847018,0.0705182269997354,0.5261382849768,0.249218733608337,0.554700679888004,-0.0817686885808893
872,"constrained_alpha",0.0536113424068154,0.296388657593185,0.296388657593185,0.296388657593185,0.0649475595665362,0.228593199609565,0.249218733608337,0.554700679888004,-0.0330700832550808
873,"unconstrained",0.0667133459740632,0.400944105516636,0.274435736576469,0.560387041634155,-0.00730149587494352,0.342984761535871,-0.177828804118661,0.610383897024942,-0.26817582981172
873,"constrained_alpha",0.0435613681615758,0.393561368161576,0.393561368161576,0.393561368161576,-0.0237049029981226,0.337480112621072,-0.177828804118661,0.610383897024942,-0.254227394324281
874,"unconstrained",0.124598686084845,0.355287280061955,0.00595066544081877,0.609392885990668,0.424292501943902,0.850039387665121,0.509379291122351,1.36048754616017,-0.391117151054893
874,"constrained_alpha",0.0115572372825756,0.338442762717424,0.338442762717424,0.338442762717424,0.522195405483176,0.63131352194231,0.509379291122351,1.36048754616017,-0.427957434887251
875,"unconstrained",0.110513580496454,0.304948960104542,0.100723195556609,0.599341007326788,0.100702333880713,0.825304356854412,0.64301435206998,1.29750795809977,-0.2096104346732
875,"constrained_alpha",0.0287256993600861,0.321274300639914,0.321274300639914,0.321274300639914,0.0761386634844664,0.500240314535128,0.64301435206998,1.29750795809977,-0.147375514353937
876,"unconstrained",0.0818037186390504,0.356316289460637,0.219009499011149,0.47607098919507,-0.0938859796030098,0.489351789662953,0.187676416185261,0.722955474152493,0.0688664996012882
876,"constrained_alpha",0.000723892678503923,0.349276107321496,0.349276107321496,0.349276107321496,-0.0815124340698342,0.313243053254829,0.187676416185261,0.722955474152493,0.102204831775138
877,"unconstrained",0.105599735347806,0.345346748855858,0.152497623772219,0.616746053634395,-0.0778806028526204,0.73740486450519,0.562057051120885,1.80972016913062,0.0324064126907575
877,"constrained_alpha",0.00127073276762235,0.351270732767622,0.351270732767622,0.351270732767622,-0.0341648375331846,0.400565882365551,0.562057051120885,1.80972016913062,-0.0612333276056221
878,"unconstrained",0.0520365032816506,0.326720237111007,0.200687046078138,0.454979274864147,0.145429822579185,0.694318627293526,-0.110460392653996,0.56744757800108,-0.308554058537614
878,"constrained_alpha",0.0213507162451562,0.328649283754844,0.328649283754844,0.328649283754844,0.160541781345874,0.529451450051808,-0.110460392653996,0.56744757800108,-0.364304351566839
879,"unconstrained",0.0720557415776924,0.335630421519802,0.242073054230915,0.514943609292539,0.00769363803204302,0.468353433353551,1.26360518491449,2.94898741553133,0.105926123586547
879,"constrained_alpha",0.013140836219773,0.336859163780227,0.336859163780227,0.336859163780227,0.0242067570254034,0.419282960271491,1.26360518491449,2.94898741553133,0.0897865424050865
880,"unconstrained",0.0664181666401877,0.318720424122075,0.182416887118443,0.477168886079456,0.485671328315082,0.622398463611779,0.549167968851251,0.987509678068315,-0.321951883855202
880,"constrained_alpha",0.0245458309646058,0.325454169035394,0.325454169035394,0.325454169035394,0.428861178361414,0.553149439112211,0.549167968851251,0.987509678068315,-0.315742836762581
881,"unconstrained",0.0944603824350642,0.348127983230058,0.191781027699142,0.493534787391868,0.0221713758406665,0.657687361351035,0.157229062199166,0.734542021449699,0.0270245018501176
881,"constrained_alpha",0.0182558170951747,0.368255817095175,0.368255817095175,0.368255817095175,-0.0456056079134881,0.369568109967753,0.157229062199166,0.734542021449699,0.0122537927791955
882,"unconstrained",0.0992979929711008,0.372615536502687,0.182627143813945,0.614575136697715,-0.162377504071448,0.498788567683458,0.191035695863808,0.726552208422323,0.431253312604116
882,"constrained_alpha",0.00229587413336102,0.352295874133361,0.352295874133361,0.352295874133361,-0.192023847886966,0.319783577279272,0.191035695863808,0.726552208422323,0.465562522741193
883,"unconstrained",0.136035537974,0.378101989702223,0.116807910040633,0.638544257492401,-0.132443262650142,0.821832510343435,0.109023277532735,1.24816418295179,0.126580376641487
883,"constrained_alpha",0.0202465913769678,0.370246591376968,0.370246591376968,0.370246591376968,-0.113176841980485,0.613728411024972,0.109023277532735,1.24816418295179,0.184095603598601
884,"unconstrained",0.0696501806547246,0.360451605723269,0.233071233507108,0.53785384433205,-0.123160422576796,0.481667336981223,0.0636346743639809,0.530741096467376,0.0861454295621931
884,"constrained_alpha",0.012430191277543,0.362430191277543,0.362430191277543,0.362430191277543,-0.112412950691469,0.468671725603337,0.0636346743639809,0.530741096467376,0.0919777431098587
885,"unconstrained",0.0827100986571309,0.326090910554518,0.139319679414348,0.498769153071588,-0.0672194750431767,0.458700548354198,0.554855984560336,1.37075701706861,0.174921280443272
885,"constrained_alpha",0.0305784673656443,0.319421532634356,0.319421532634356,0.319421532634356,-0.0845444625831565,0.205308354039981,0.554855984560336,1.37075701706861,0.204480705007425
886,"unconstrained",0.0678721402413276,0.331229357813931,0.218896601142378,0.467150122312934,0.157424441790039,0.514605350192151,0.27901659539753,0.814744153490391,0.0909398160889274
886,"constrained_alpha",0.0289728192230776,0.321027180776922,0.321027180776922,0.321027180776922,0.172585917766051,0.48541031618351,0.27901659539753,0.814744153490391,0.132759255708302
887,"unconstrained",0.109092788621901,0.405095246355901,0.239658786561,0.565284527972824,-0.261163478279092,0.439275919369151,0.0150004073967321,0.541853015385499,-0.216184019693122
887,"constrained_alpha",0.0482520740621893,0.398252074062189,0.398252074062189,0.398252074062189,-0.234436641686341,0.310231966332983,0.0150004073967321,0.541853015385499,-0.23154375888128
888,"unconstrained",0.0638869639472992,0.363613274674539,0.237211707804514,0.500168395802446,-0.218328898123355,0.483736402530225,0.911781697739276,2.4014546115451,0.394291177827804
888,"constrained_alpha",0.0113116381034936,0.361311638103494,0.361311638103494,0.361311638103494,-0.232309562144507,0.44986051586571,0.911781697739276,2.4014546115451,0.431566606398092
889,"unconstrained",0.0984899637491205,0.367852295741634,0.0943592928154633,0.550745391245655,-0.16742509043727,0.530828251640697,0.157456852158229,0.876350959420379,0.00455023761826934
889,"constrained_alpha",0.0245251844407993,0.374525184440799,0.374525184440799,0.374525184440799,-0.125894791298618,0.385665632359028,0.157456852158229,0.876350959420379,-0.0121586286033606
890,"unconstrained",0.0643627697234595,0.316749656135323,0.132911025237046,0.413071196684181,-0.104046647907158,0.603092363047831,0.66684104356607,1.34167851955276,0.373716593500299
890,"constrained_alpha",0.0292354710091886,0.320764528990811,0.320764528990811,0.320764528990811,-0.115791314823411,0.501248548878259,0.66684104356607,1.34167851955276,0.352544665974625
891,"unconstrained",0.0963860091750451,0.391579257379101,0.226774246358093,0.582361144032791,-0.251761314290641,0.486140840512371,0.429758318654141,1.09237402412202,0.0635920497113429
891,"constrained_alpha",0.0370921721674611,0.387092172167461,0.387092172167461,0.387092172167461,-0.266127215474847,0.358984504840967,0.429758318654141,1.09237402412202,0.0743152014213526
892,"unconstrained",0.160041391297798,0.369265806486661,0.0991912641387487,0.897736209419708,-0.100842160264122,1.02933038096619,0.581693351496142,0.821326272450586,-0.179842477612552
892,"constrained_alpha",0.00656949587175398,0.356569495871754,0.356569495871754,0.356569495871754,-0.0729954004319259,0.563232656726007,0.581693351496142,0.821326272450586,-0.128822832146945
893,"unconstrained",0.129675587757005,0.356471036990809,0.125853550848813,0.560767742159886,-0.125542262956222,0.772318211309384,0.323304381000524,0.808348897162881,0.0618159178684619
893,"constrained_alpha",0.00731727341990462,0.342682726580095,0.342682726580095,0.342682726580095,-0.0851264004653525,0.397137934334867,0.323304381000524,0.808348897162881,0.0991527303716473
894,"unconstrained",0.0725770100986962,0.295388881835819,0.100158372813391,0.405553907369465,0.0385676472658773,0.442225435504677,0.201244127422846,0.621501541522462,-0.10093508235206
894,"constrained_alpha",0.0433063415154045,0.306693658484595,0.306693658484595,0.306693658484595,0.0554372824050809,0.47886002632632,0.201244127422846,0.621501541522462,-0.14734082210086
895,"unconstrained",0.0844887902394083,0.308352709798009,0.194269932849405,0.531739500078455,0.0430242066351235,0.568060611427394,0.732957996154121,1.26284339019497,0.0530690224233163
895,"constrained_alpha",0.0434229178850671,0.306577082114933,0.306577082114933,0.306577082114933,-0.0350947953920244,0.38957944117521,0.732957996154121,1.26284339019497,0.0848317322837653
896,"unconstrained",0.0616269705737669,0.335195017268088,0.193509996425274,0.429319843092602,0.15301447445096,0.335621682972769,0.460430347231247,0.810429251650204,0.0689049734395777
896,"constrained_alpha",0.0123775305552689,0.337622469444731,0.337622469444731,0.337622469444731,0.119351282155497,0.348294360445619,0.460430347231247,0.810429251650204,0.096052275127497
897,"unconstrained",0.0452090728073187,0.370624110049791,0.308674532195488,0.50277052591854,-0.0891824423258369,0.349700282709171,-0.0993530571509409,0.508831012148057,0.100499949174417
897,"constrained_alpha",0.0143119796259349,0.364311979625935,0.364311979625935,0.364311979625935,-0.0880816913666891,0.258312770903147,-0.0993530571509409,0.508831012148057,0.109584442249078
898,"unconstrained",0.110659250061676,0.358180355133801,0.153610901041728,0.575711937479077,-0.111384661761115,0.55310516549305,2.58136499553613,8.05656508811249,-0.340293251218918
898,"constrained_alpha",0.010241192138011,0.360241192138011,0.360241192138011,0.360241192138011,0.0264977868521053,0.613845144266654,2.58136499553613,8.05656508811249,-0.3956908537822
899,"unconstrained",0.110757451511254,0.346444607019458,0.207055208242462,0.571106740134958,0.0332570603068708,0.755102233902868,0.305794114283853,0.826538448601075,0.188301997245733
899,"constrained_alpha",0.00173361670459043,0.34826638329541,0.34826638329541,0.34826638329541,-0.00915309719325961,0.470544367076633,0.305794114283853,0.826538448601075,0.234392012933445
900,"unconstrained",0.0672625074501513,0.336337039023175,0.232339405258019,0.509776310428694,0.145215843466143,0.379646093827896,0.335721422245338,0.86022113930471,-0.141817331777451
900,"constrained_alpha",0.0193304708049358,0.330669529195064,0.330669529195064,0.330669529195064,0.143023661097635,0.290856300018579,0.335721422245338,0.86022113930471,-0.158165056460594
901,"unconstrained",0.0976992807831881,0.359892797699225,0.10665783823275,0.491537136460669,-0.058673917733685,0.603853225874411,0.323300555856811,1.00169649957755,-0.00623655322160199
901,"constrained_alpha",0.0202969297089716,0.370296929708972,0.370296929708972,0.370296929708972,-0.0429264461985475,0.362680676198393,0.323300555856811,1.00169649957755,-0.0489284895348823
902,"unconstrained",0.105297231756247,0.352119644179361,0.174241096562706,0.575300765845699,-0.0120516151107933,0.56027147601726,0.874424011568356,1.61151421441123,-0.0525516406910231
902,"constrained_alpha",0.0028035807974407,0.352803580797441,0.352803580797441,0.352803580797441,0.0460889139737202,0.228325145126265,0.874424011568356,1.61151421441123,-0.076056835216171
903,"unconstrained",0.0898004242227285,0.313215193576795,0.108160767406407,0.526482580530279,0.0405044860413625,0.645233788520465,-0.0269596179464873,0.73234028338675,-0.179850242534719
903,"constrained_alpha",0.0255108158246945,0.324489184175305,0.324489184175305,0.324489184175305,0.00132341218551365,0.436149819926432,-0.0269596179464873,0.73234028338675,-0.203501634887937
904,"unconstrained",0.0669844177388598,0.31349319491154,0.225682294695455,0.517626869577198,0.0275415391835643,0.461909086403674,0.374499312727355,0.879213095070251,0.125975894648571
904,"constrained_alpha",0.039766587579677,0.310233412420323,0.310233412420323,0.310233412420323,0.111519272977556,0.371786638174488,0.374499312727355,0.879213095070251,0.0475822847176166
905,"unconstrained",0.083930059997803,0.369480624536894,0.237511851961434,0.534273445061383,-0.163890401519091,0.797975700328803,0.472691674516421,1.13257831476736,0.484956201808922
905,"constrained_alpha",0.0390450515534483,0.389045051553448,0.389045051553448,0.389045051553448,-0.180990399224124,0.580371649852504,0.472691674516421,1.13257831476736,0.463363203644331
906,"unconstrained",0.129749348349841,0.381987353102768,0.210502700438598,0.584573094233511,-0.08989244934294,0.763012417984887,-0.0159653409670037,0.744802210712871,0.324925585247944
906,"constrained_alpha",0.0347758334058799,0.38477583340588,0.38477583340588,0.38477583340588,-0.177415620510949,0.426245212740314,-0.0159653409670037,0.744802210712871,0.322246532627035
907,"unconstrained",0.114296903553513,0.347028926909066,0.0907641087753703,0.524119448743945,0.139118899336947,0.580019510933121,0.730975229314711,1.3903629346007,-0.325822379823629
907,"constrained_alpha",0.00680320663524281,0.343196793364757,0.343196793364757,0.343196793364757,0.293274738607899,0.467505559315415,0.730975229314711,1.3903629346007,-0.376147695145048
908,"unconstrained",0.0803978196585503,0.340591468356047,0.0964426442151667,0.468630041020801,0.0489649667880779,0.657471962406449,1.01754730780086,1.78903182675389,0.0475963890551647
908,"constrained_alpha",0.00736495755144528,0.342635042448555,0.342635042448555,0.342635042448555,0.0895363357692907,0.381977648242733,1.01754730780086,1.78903182675389,0.0481466429366846
909,"unconstrained",0.104228883127896,0.357312260620503,0.142292324105188,0.568102036894734,0.172380444794989,0.504284445376013,0.408751124967751,0.988761252391518,0.208883311458155
909,"constrained_alpha",0.00743176625402497,0.342568233745975,0.342568233745975,0.342568233745975,0.201888859979322,0.422297858042884,0.408751124967751,0.988761252391518,0.114773288335586
910,"unconstrained",0.116683094801957,0.36820232453159,0.201305906007906,0.635369236656764,-0.123992120531039,0.745826542078686,1.00273937004903,1.97858133945261,0.0340277616622664
910,"constrained_alpha",0.00199915757751928,0.348000842422481,0.348000842422481,0.348000842422481,-0.0184449515911165,0.295800514811091,1.00273937004903,1.97858133945261,-0.0582820342465888
911,"unconstrained",0.0889430365942027,0.367779685744116,0.163576317375682,0.640978307653682,-0.183513457338675,0.492346455526242,0.0385667486437092,0.734167932547607,-0.281325337013051
911,"constrained_alpha",0.0137601166163991,0.363760116616399,0.363760116616399,0.363760116616399,-0.152291898189034,0.325140939030584,0.0385667486437092,0.734167932547607,-0.294575381474657
912,"unconstrained",0.069224974729445,0.357793289411135,0.210550657682077,0.575717885100801,0.0785076303782337,0.535211070287118,0.295835277601149,0.757754186125739,-0.189063285789225
912,"constrained_alpha",0.0124614286699343,0.362461428669934,0.362461428669934,0.362461428669934,0.123938329064539,0.40489686928319,0.295835277601149,0.757754186125739,-0.278652642773305
913,"unconstrained",0.0758581517622996,0.333993551807732,0.201398268803741,0.48426403369682,-0.129148863363907,0.538745528205066,0.273956246729455,0.893825720457912,0.330021614917856
913,"constrained_alpha",0.0174569162355814,0.332543083764419,0.332543083764419,0.332543083764419,-0.0738700650482297,0.337773226075719,0.273956246729455,0.893825720457912,0.225048752771947
914,"unconstrained",0.0802294189793181,0.357336227563792,0.0680795319564339,0.470931921819997,-0.0769106895658039,0.613200571555043,0.908858212007173,2.81463352009462,-0.130616734098576
914,"constrained_alpha",0.0206214261202303,0.37062142612023,0.37062142612023,0.37062142612023,-0.11773604686476,0.447696171777368,0.908858212007173,2.81463352009462,-0.116038081999811
915,"unconstrained",0.0760972370346752,0.351682505532553,0.216210881768465,0.572681376556527,0.283076595935663,0.63783172191228,0.122574608518971,0.491778129250209,-0.321598624627849
915,"constrained_alpha",0.0133701586074342,0.336629841392566,0.336629841392566,0.336629841392566,0.359050716613929,0.564331080432386,0.122574608518971,0.491778129250209,-0.342068106453335
916,"unconstrained",0.150002731120255,0.309388664189961,0.0710167926981561,0.595063576372184,-0.044513434796534,0.659998803094538,0.808814984973118,1.7129063365119,-0.12703299126879
916,"constrained_alpha",0.0303762746146993,0.319623725385301,0.319623725385301,0.319623725385301,-0.0541838078140643,0.528488310834936,0.808814984973118,1.7129063365119,-0.166072755432608
917,"unconstrained",0.0559228014559865,0.310247929229119,0.238793737055156,0.395092144340535,0.185330048430221,0.331917075386587,0.775572234523821,1.67859775623519,0.385063873615648
917,"constrained_alpha",0.0440263669459666,0.305973633054033,0.305973633054033,0.305973633054033,0.183557496218737,0.345684893231675,0.775572234523821,1.67859775623519,0.365324895490114
918,"unconstrained",0.0665421998889964,0.353739558898727,0.210544949329284,0.503128106830925,-0.252895008109368,0.534196978635565,0.240424717647162,0.768953001997897,0.222319856194833
918,"constrained_alpha",0.00928530851125159,0.359285308511252,0.359285308511252,0.359285308511252,-0.259415501471224,0.45917164026009,0.240424717647162,0.768953001997897,0.214729400382197
919,"unconstrained",0.115452848296499,0.371492391197167,0.0351058620651968,0.560557445198282,0.117353899828588,0.785794468564244,0.216871101344956,0.978823969540489,-0.269560884406447
919,"constrained_alpha",0.0244046940955844,0.374404694095584,0.374404694095584,0.374404694095584,0.00743252938970982,0.383051316521163,0.216871101344956,0.978823969540489,-0.203810738726088
920,"unconstrained",0.0918212269501571,0.356874777258801,0.206517252351093,0.589151662156344,0.0814598269213049,0.60852174508229,1.33544415995363,2.20215717294558,-0.0994374180236128
920,"constrained_alpha",0.00404332825228643,0.354043328252286,0.354043328252286,0.354043328252286,0.113113032766195,0.407632469456979,1.33544415995363,2.20215717294558,-0.152504503501048
921,"unconstrained",0.104036774298568,0.326577278804073,0.105261179316149,0.566664695867492,0.0361910775301305,0.670672038889148,0.530518862071245,1.09225834333598,-0.0841663907185983
921,"constrained_alpha",0.0161415033355642,0.333858496664436,0.333858496664436,0.333858496664436,-0.0605937397413325,0.444933442869812,0.530518862071245,1.09225834333598,-0.0892498067638148
922,"unconstrained",0.0953151790401323,0.291056042874743,0.0541665155200567,0.453428113408776,0.154963889942077,0.583463039299332,0.854481946746887,2.23301279238569,0.0919272504512585
922,"constrained_alpha",0.0588416736778222,0.291158326322178,0.291158326322178,0.291158326322178,0.193565210672572,0.362537305855741,0.854481946746887,2.23301279238569,0.063342238896565
923,"unconstrained",0.0916305156654413,0.29938046193464,0.144670571166637,0.414547775368689,-0.0873868783898717,0.514334423729307,0.267927718998299,0.793850137915745,0.56524104117042
923,"constrained_alpha",0.0508444592536494,0.299155540746351,0.299155540746351,0.299155540746351,-0.0821750494318726,0.424494483931948,0.267927718998299,0.793850137915745,0.481766730994822
924,"unconstrained",0.0938628109928621,0.362159479970537,0.214670505226748,0.580432425171476,0.0073405154026193,0.547104402208275,0.326137771543633,0.970833705294369,-0.0820852320678918
924,"constrained_alpha",0.00497171462561863,0.345028285374381,0.345028285374381,0.345028285374381,0.0367434252918429,0.217619643834335,0.326137771543633,0.970833705294369,-0.0487796269342304
925,"unconstrained",0.0912934479474869,0.385506162148635,0.148428605178792,0.612624501916286,0.0327316811275134,0.587575519293115,0.501406085998318,1.13428282863377,0.0307455470422644
925,"constrained_alpha",0.0352380543179288,0.385238054317929,0.385238054317929,0.385238054317929,0.0523986736166788,0.346660855472745,0.501406085998318,1.13428282863377,0.0163883353651557
926,"unconstrained",0.0722658502886828,0.389325389216197,0.222534170507516,0.510937825220476,-0.295084118651643,0.492538985370629,-0.00243243913251911,0.567643810138834,0.0544363799731122
926,"constrained_alpha",0.0212776104616927,0.371277610461693,0.371277610461693,0.371277610461693,-0.276068709870735,0.537347206836394,-0.00243243913251911,0.567643810138834,0.0934485326770687
927,"unconstrained",0.0770787062635032,0.345463355757569,0.164475467119293,0.628931196088836,-0.00529957261366687,0.685176500219484,0.11380002294486,0.651439378656242,0.00439279268740189
927,"constrained_alpha",0.0147325277150217,0.335267472284978,0.335267472284978,0.335267472284978,-0.0258504957792578,0.456877534518639,0.11380002294486,0.651439378656242,0.0243703072676682
928,"unconstrained",0.0462968589413392,0.367791578306241,0.283168569320249,0.468836377161588,-0.124743393159619,0.459945873829063,0.128293588680791,0.762181087064894,0.172907513891151
928,"constrained_alpha",0.017077430364112,0.367077430364112,0.367077430364112,0.367077430364112,-0.104277700452918,0.43094333118555,0.128293588680791,0.762181087064894,0.162615781510596
929,"unconstrained",0.134255770168036,0.385048608509929,0.208302795012762,0.71227419419692,-0.238199898982364,0.717288560134425,1.87710090099694,3.19082359836064,0.29064219970696
929,"constrained_alpha",0.0210635967533315,0.371063596753332,0.371063596753332,0.371063596753332,-0.257894985842756,0.50286356940542,1.87710090099694,3.19082359836064,0.339126560971736
930,"unconstrained",0.0949641155809371,0.341316477948285,0.0791113475773236,0.543155313792335,0.00913265279479488,0.615725368949219,0.513819811024443,0.990955849572279,-0.030142526818844
930,"constrained_alpha",0.000629241627901844,0.350629241627902,0.350629241627902,0.350629241627902,-0.0263011554835273,0.394858919436763,0.513819811024443,0.990955849572279,-0.0082542809820334
931,"unconstrained",0.0553233733451306,0.353209782146197,0.261377940592928,0.523576987827189,0.0140229963068729,0.406375358639809,0.711780856713609,1.286147941774,-0.311981209101869
931,"constrained_alpha",0.00492515345462369,0.354925153454624,0.354925153454624,0.354925153454624,-0.0309938306476704,0.372931723008104,0.711780856713609,1.286147941774,-0.282675453750749
932,"unconstrained",0.106633768501673,0.318628003388501,0.137288737961243,0.496485819243845,0.0934083778837891,0.749165570901938,0.193713463193486,0.7902179498506,-0.240923839113589
932,"constrained_alpha",0.0263713701768484,0.323628629823152,0.323628629823152,0.323628629823152,0.246404298465771,0.487488245328799,0.193713463193486,0.7902179498506,-0.358275745373659
933,"unconstrained",0.0820426716001666,0.37835680008897,0.188838792913997,0.51406578018251,-0.172918042690269,0.418807408890201,0.00634430360125782,0.547566106761289,0.181339871987823
933,"constrained_alpha",0.00885316728461544,0.358853167284615,0.358853167284615,0.358853167284615,-0.125383743478431,0.415412424718088,0.00634430360125782,0.547566106761289,0.1496055016888
934,"unconstrained",0.0707406462195485,0.320340012173603,0.182405126009969,0.533574258066578,-0.177324189421012,0.603324540209102,0.497306872310344,1.10070010696578,0.280805658827933
934,"constrained_alpha",0.0304328897158415,0.319567110284159,0.319567110284159,0.319567110284159,-0.153440617149651,0.382068870087941,0.497306872310344,1.10070010696578,0.322938573035526
935,"unconstrained",0.0723651053463703,0.362755118160308,0.197994377577538,0.498894525528443,0.109020987154913,0.679000507202049,0.066202434550651,0.949541605107434,-0.428381447293477
935,"constrained_alpha",0.0293280181672308,0.379328018167231,0.379328018167231,0.379328018167231,0.0377973208878738,0.478855022490184,0.066202434550651,0.949541605107434,-0.396382416040121
936,"unconstrained",0.068701719043703,0.328310011980581,0.208165516041136,0.474505488154985,0.0743678296908507,0.575475628710553,0.190114515680324,0.494045571329394,0.0483039496755948
936,"constrained_alpha",0.0181899340630458,0.331810065936954,0.331810065936954,0.331810065936954,0.102587979781977,0.465964453203087,0.190114515680324,0.494045571329394,0.0106802388989304
937,"unconstrained",0.104071455232295,0.283329053281683,0.173084689847178,0.485730635489599,0.00945769176429843,0.413298949372016,0.156686709580576,0.536333382053116,0.461316671543369
937,"constrained_alpha",0.067142010256855,0.282857989743145,0.282857989743145,0.282857989743145,-0.00184737836100888,0.318785897501875,0.156686709580576,0.536333382053116,0.45666586947263
938,"unconstrained",0.0804207196432924,0.336439541658887,0.114481207165192,0.513202737114711,-0.0444941267965647,0.508344290932804,0.198103867187963,0.711212175149539,0.388236541742205
938,"constrained_alpha",0.012064641511835,0.337935358488165,0.337935358488165,0.337935358488165,-0.0999167553589104,0.31680644892625,0.198103867187963,0.711212175149539,0.384139260000701
939,"unconstrained",0.0925647444629825,0.373753575919284,0.139736218988716,0.530692436497316,-0.0990641905156178,0.646890177335466,0.350705977436033,1.08500647148595,-0.256531827635283
939,"constrained_alpha",0.0373127511347189,0.387312751134719,0.387312751134719,0.387312751134719,-0.126815008213103,0.385266588913475,0.350705977436033,1.08500647148595,-0.273003790463928
940,"unconstrained",0.106576494031459,0.279341996413541,0.138226547901819,0.436346967783117,-0.0804102028639278,0.598354006259922,0.767207852767259,2.40682226368459,0.391757925922689
940,"constrained_alpha",0.0740088733262546,0.275991126673745,0.275991126673745,0.275991126673745,0.0275655797427767,0.341314597048006,0.767207852767259,2.40682226368459,0.301090254506873
941,"unconstrained",0.0691612703369289,0.318826623483691,0.207674446260346,0.426142146035103,0.100482945335738,0.260512696028457,0.5995012248344,1.57743374705907,-0.213640246420571
941,"constrained_alpha",0.0382288495091898,0.31177115049081,0.31177115049081,0.31177115049081,0.0734697005626074,0.208024881322222,0.5995012248344,1.57743374705907,-0.183124141893281
942,"unconstrained",0.104596885430839,0.386963455576312,0.161589122746361,0.593999113123873,-0.211027404990764,0.697498300560584,0.404961113179995,1.40888764241633,0.0749306831317744
942,"constrained_alpha",0.0365757268966278,0.386575726896628,0.386575726896628,0.386575726896628,-0.148151523170541,0.452414377742666,0.404961113179995,1.40888764241633,0.0318298966894162
943,"unconstrained",0.0944772043386309,0.374934173967539,0.189141642628938,0.532380876291343,-0.206734171239954,0.572813254481541,0.624041457656358,1.73347620532126,0.0863755601436142
943,"constrained_alpha",0.0254811503647557,0.375481150364756,0.375481150364756,0.375481150364756,-0.186406698584533,0.356052614360735,0.624041457656358,1.73347620532126,0.1119272618304
944,"unconstrained",0.103755485739979,0.36379365067548,0.20689805817865,0.537678770554333,-0.109522010564607,0.878482247925542,0.578258406220396,1.98596027806511,0.193078066581986
944,"constrained_alpha",0.0361816812143991,0.386181681214399,0.386181681214399,0.386181681214399,-0.194325364154183,0.591127193750789,0.578258406220396,1.98596027806511,0.213346330273301
945,"unconstrained",0.0992806128563049,0.346880637997093,0.171335141300833,0.535706834189106,0.107332214129152,0.603412560345013,0.335794953565313,0.950630078108162,-0.389647868687214
945,"constrained_alpha",0.0203372272411335,0.329662772758866,0.329662772758866,0.329662772758866,0.269045255632871,0.569408903146557,0.335794953565313,0.950630078108162,-0.443013185821828
946,"unconstrained",0.0966879372879258,0.381610919166887,0.149276602475674,0.588515215964334,-0.0471434436484485,0.394976929523967,0.486428419166036,1.37552971958573,-0.0941792880395265
946,"constrained_alpha",0.0204698704718732,0.370469870471873,0.370469870471873,0.370469870471873,-0.0356229257061615,0.208661218323534,0.486428419166036,1.37552971958573,-0.138089597838115
947,"unconstrained",0.105967942117439,0.415743796623353,0.238446287870243,0.547007138900913,-0.222584090459441,0.580163034877828,0.00314639565634052,0.845490975199477,-0.0204595525039759
947,"constrained_alpha",0.0694991006180367,0.419499100618037,0.419499100618037,0.419499100618037,-0.224777995749073,0.486501769172313,0.00314639565634052,0.845490975199477,-0.0510724207908815
948,"unconstrained",0.089808422116637,0.379131704742671,0.210255411974967,0.552303771161237,-0.0746376399415212,0.710397406827195,0.633416659094806,1.56157788153132,0.146401579301115
948,"constrained_alpha",0.00791019721623526,0.357910197216235,0.357910197216235,0.357910197216235,-0.00405446477034601,0.595413875301969,0.633416659094806,1.56157788153132,0.143743839036242
949,"unconstrained",0.0820322358129912,0.335357715346958,0.0706525206823641,0.480817958953805,-0.21193871120346,0.567256412025389,0.29970461964678,0.747361285761377,0.347430916953839
949,"constrained_alpha",0.00549240950759566,0.355492409507596,0.355492409507596,0.355492409507596,-0.213567909436022,0.483307577823509,0.29970461964678,0.747361285761377,0.284856182344225
950,"unconstrained",0.0891033670414997,0.377883366558492,0.204195633697241,0.592710174639174,0.0256965308216925,0.729815647029664,0.63288505338353,0.904312476297083,-0.517981165088927
950,"constrained_alpha",0.0303593888465994,0.380359388846599,0.380359388846599,0.380359388846599,-0.00957139867839877,0.540366816431283,0.63288505338353,0.904312476297083,-0.457279477231361
951,"unconstrained",0.0869869305802953,0.372678603254101,0.266301800139358,0.582449159068896,-0.253483523880493,0.752498160320429,0.223047216176559,0.912762816732854,-0.12817896025367
951,"constrained_alpha",0.0210364450040607,0.371036445004061,0.371036445004061,0.371036445004061,-0.134617546894571,0.407135143823246,0.223047216176559,0.912762816732854,-0.182710924252854
952,"unconstrained",0.100631110178092,0.367946394429974,0.119425320799319,0.502865025192232,-0.0379282957987922,0.449667316351318,0.071960775454824,0.810256632479389,-0.402957918757467
952,"constrained_alpha",0.0174519508379082,0.367451950837908,0.367451950837908,0.367451950837908,-0.0382157690744137,0.285786559387313,0.071960775454824,0.810256632479389,-0.354456201129707
953,"unconstrained",0.096717844919819,0.351994487685914,0.13177881371242,0.507361920218541,-0.0386910439411939,0.582504433902854,2.64783351664033,8.09321631295275,-0.322033977653249
953,"constrained_alpha",0.00656983590094024,0.35656983590094,0.35656983590094,0.35656983590094,-0.0711153944521405,0.458950180285139,2.64783351664033,8.09321631295275,-0.276080561799309
954,"unconstrained",0.0847919865342596,0.345702415049821,0.201980999771408,0.551440153372978,-0.216398171146582,0.404027867303607,0.538885127986087,1.27588678739219,0.268468769668094
954,"constrained_alpha",0.00990497049678396,0.340095029503216,0.340095029503216,0.340095029503216,-0.118536948600992,0.41661485627531,0.538885127986087,1.27588678739219,0.236818109495956
955,"unconstrained",0.0984173290365336,0.271922392202008,0,0.421303119111756,0.271090402955349,0.547967446871739,0.859746212654302,1.47569475308144,-0.0850405279446338
955,"constrained_alpha",0.0681760232000423,0.281823976799958,0.281823976799958,0.281823976799958,0.232817775009846,0.387296411303954,0.859746212654302,1.47569475308144,-0.0909822069239967
956,"unconstrained",0.0704550892212206,0.355382573948418,0.167918311793444,0.461495502439656,0.0245149524438199,0.503055349803642,0.160251340410263,0.773943232363343,-0.0789560706786274
956,"constrained_alpha",0.0109224418339288,0.360922441833929,0.360922441833929,0.360922441833929,0.00794368463966126,0.311876075157958,0.160251340410263,0.773943232363343,-0.0586958098002133
957,"unconstrained",0.094422119029744,0.394920770645935,0.234265327006708,0.629163536990548,0.0106407893558165,0.545107057668166,0.990752522930482,1.64351844863823,0.0803414970254865
957,"constrained_alpha",0.0349105566039214,0.384910556603921,0.384910556603921,0.384910556603921,0.00467599927094407,0.298568544571569,0.990752522930482,1.64351844863823,0.103718837796306
958,"unconstrained",0.0987142993006641,0.366436001274963,0.174537907673535,0.530830050023148,-0.246785969344354,0.805142268778476,0.406401275035926,1.04038061076299,0.22530815380686
958,"constrained_alpha",0.0166144146775224,0.366614414677522,0.366614414677522,0.366614414677522,-0.15914198298714,0.485182555453542,0.406401275035926,1.04038061076299,0.117467649792335
959,"unconstrained",0.10328761817399,0.319316559567501,0.0879730598741832,0.520167946480032,0.209458125327677,0.563961485518202,0.491630541224991,0.977065279241,-0.0255808190390485
959,"constrained_alpha",0.0473280597559809,0.302671940244019,0.302671940244019,0.302671940244019,0.229407282562662,0.416807031494635,0.491630541224991,0.977065279241,0.00635627037232744
960,"unconstrained",0.0815325748515826,0.319320840368205,0.172069623157694,0.535639387609228,-0.0654970244545248,0.613549110402661,0.387773149437712,0.805813102718258,-0.111455871356315
960,"constrained_alpha",0.0443611836157561,0.305638816384244,0.305638816384244,0.305638816384244,0.0359261975677664,0.487146000675729,0.387773149437712,0.805813102718258,-0.140174807575623
961,"unconstrained",0.100132222975609,0.360516766421868,0.186054526512652,0.55177206892654,0.0780304358367463,0.854021982978088,0.339803885499498,0.685584515811741,-0.2346135875139
961,"constrained_alpha",0.0158200503032243,0.365820050303224,0.365820050303224,0.365820050303224,-0.010389099505134,0.482462856481643,0.339803885499498,0.685584515811741,-0.141453474626221
962,"unconstrained",0.0773777587490524,0.355729236401398,0.188934778705737,0.645597204787898,-0.0273364192866269,0.59972429449687,0.3308929580242,1.1612216556409,0.0409500410753314
962,"constrained_alpha",0.0033993267715533,0.346600673228447,0.346600673228447,0.346600673228447,0.0483357208641614,0.360203459566296,0.3308929580242,1.1612216556409,0.0117960024426309
963,"unconstrained",0.0769864430113376,0.347749309978383,0.208336775985987,0.513746654798145,-0.07420155186995,0.473924899395146,0.581794655320153,1.20920104996459,-0.218149529190383
963,"constrained_alpha",0.00217954659224573,0.347820453407754,0.347820453407754,0.347820453407754,-0.0168438986500099,0.270718472649144,0.581794655320153,1.20920104996459,-0.261610881190507
964,"unconstrained",0.104403346294389,0.350577706405657,0.189492142233584,0.623173381342203,-0.038604633115499,0.509463690444119,0.290600229788152,0.933082912873901,-0.125240132138104
964,"constrained_alpha",0.0189846026842613,0.331015397315739,0.331015397315739,0.331015397315739,0.0387553513881283,0.23231698468004,0.290600229788152,0.933082912873901,-0.111893273665023
965,"unconstrained",0.105091896393645,0.343719734256608,0.174894476290271,0.519352459747988,-0.145008974116069,0.634590000439311,1.76134072907443,5.98675618168597,0.278978556046
965,"constrained_alpha",0.0031878827875898,0.34681211721241,0.34681211721241,0.34681211721241,-0.0965034457978241,0.339706448968117,1.76134072907443,5.98675618168597,0.218162311274596
966,"unconstrained",0.0818149983049886,0.345013630774061,0.138034016381787,0.602136421901696,0.106179087365607,0.704397115377839,2.38557594203899,7.60848539456645,-0.443457583930844
966,"constrained_alpha",0.000317082638958854,0.350317082638959,0.350317082638959,0.350317082638959,0.135566135503994,0.511498071221674,2.38557594203899,7.60848539456645,-0.490383777955284
967,"unconstrained",0.102867085658205,0.363108607486529,0.198222526164965,0.494645808715932,-0.283704730983002,0.738890032750459,0.622286598678271,2.25425892147548,0.216064913553133
967,"constrained_alpha",0.0119529602540592,0.361952960254059,0.361952960254059,0.361952960254059,-0.289636633410449,0.568858785910424,0.622286598678271,2.25425892147548,0.19421980495911
968,"unconstrained",0.0906288754383817,0.307105329898031,0.177804773581287,0.477473348089738,0.0533985634407372,0.666758442869659,0.497966267562304,0.997228793986493,0.199473053781606
968,"constrained_alpha",0.042414538830617,0.307585461169383,0.307585461169383,0.307585461169383,0.0258215755278214,0.478744696246662,0.497966267562304,0.997228793986493,0.230339279444513
969,"unconstrained",0.0812180324675428,0.35627262063583,0.188509494999812,0.519716417846156,-0.0569090689236918,0.791497559535573,0.281145618430944,0.980269813053884,-0.160634491882845
969,"constrained_alpha",0.0162701662124031,0.366270166212403,0.366270166212403,0.366270166212403,-0.144053331819303,0.570516592919062,0.281145618430944,0.980269813053884,-0.135684576585972
970,"unconstrained",0.107046187948352,0.361524611649381,0.156628595814017,0.578396107566529,-0.226897414240359,0.820050058019081,0.749418373849839,1.40592493830341,0.187636824940744
970,"constrained_alpha",0.00845720190291416,0.358457201902914,0.358457201902914,0.358457201902914,-0.193023743225402,0.468575040368287,0.749418373849839,1.40592493830341,0.173261350814607
971,"unconstrained",0.0470534999786484,0.336834110285673,0.218803918250682,0.405506549196998,0.0444653379598841,0.477731944190885,0.32701079451188,0.582628847741912,0.261337415415344
971,"constrained_alpha",0.0131501699458108,0.336849830054189,0.336849830054189,0.336849830054189,0.0416313548746217,0.440591938359186,0.32701079451188,0.582628847741912,0.27368163345198
972,"unconstrained",0.119663982806516,0.396085078209559,0.130878809725806,0.576582235385352,-0.269864658481083,0.550546382438093,0.0711728432242264,0.671129220277985,0.013957124880414
972,"constrained_alpha",0.0346632832565316,0.384663283256532,0.384663283256532,0.384663283256532,-0.215058510903281,0.324001029979822,0.0711728432242264,0.671129220277985,0.0986696984821902
973,"unconstrained",0.0591577976528189,0.354083998010591,0.169001205517914,0.494438103099619,0.140602087016607,0.483046882879559,-0.210900569216417,0.535506563934252,-0.203406997308716
973,"constrained_alpha",0.00172474865536831,0.351724748655368,0.351724748655368,0.351724748655368,0.0998289550270332,0.362579801560926,-0.210900569216417,0.535506563934252,-0.179100845468218
974,"unconstrained",0.0962795468632223,0.346994281901784,0.160554498455302,0.635055864118989,-0.216315267290952,0.897695237219679,0.819783505475786,2.22547030856711,0.268989519302821
974,"constrained_alpha",0.0170023088186993,0.367002308818699,0.367002308818699,0.367002308818699,-0.21396413210238,0.592627762367278,0.819783505475786,2.22547030856711,0.141869167217243
975,"unconstrained",0.102931362901056,0.383437527568698,0.220009474408046,0.492476354185017,0.0772715793934273,0.640564788022792,2.41894493296806,5.98643623325307,-0.0899615374103186
975,"constrained_alpha",0.0440087327019583,0.394008732701958,0.394008732701958,0.394008732701958,-0.0181588639854341,0.449089734293095,2.41894493296806,5.98643623325307,-0.0692422101057046
976,"unconstrained",0.120970093304388,0.401315283045361,0.250763937988784,0.590847849671226,-0.144539608169224,0.608737671497282,0.639446178119338,1.30421607488546,0.177456381125843
976,"constrained_alpha",0.0264564766459572,0.376456476645957,0.376456476645957,0.376456476645957,-0.0781152419247827,0.172351050052047,0.639446178119338,1.30421607488546,0.186231450368085
977,"unconstrained",0.0940649845873979,0.377856235041802,0.210250307368994,0.512861802588817,-0.183320133088478,0.544726242949662,-0.131846329462856,0.709523965239757,-0.0379153340386138
977,"constrained_alpha",0.0234721749989364,0.373472174998936,0.373472174998936,0.373472174998936,-0.203640583141085,0.458699805191325,-0.131846329462856,0.709523965239757,-0.0606098694049166
978,"unconstrained",0.130681638799943,0.331000987897783,0.120016146600181,0.625392846263891,0.131619232496885,0.577588817613724,4.54361160640563,14.0571007066003,-0.300245032130098
978,"constrained_alpha",0.00307826648319554,0.346921733516804,0.346921733516804,0.346921733516804,0.126193593759545,0.323551741647478,4.54361160640563,14.0571007066003,-0.323225640017726
979,"unconstrained",0.10449881712849,0.350089785883871,0.209403490128145,0.742950723391996,-0.12591305306474,0.520856049981101,-0.0795298602483652,0.62830969123427,-0.0704342423406306
979,"constrained_alpha",0.000432294007919221,0.349567705992081,0.349567705992081,0.349567705992081,-0.178159990596063,0.401555660663422,-0.0795298602483652,0.62830969123427,-0.0383793988301544
980,"unconstrained",0.105082055429082,0.357671969831943,0.16984578091294,0.565620861418405,-0.0654029753607466,0.69326165563207,4.09259966119845,11.755489204734,0.0276259962522822
980,"constrained_alpha",0.0151854024154301,0.36518540241543,0.36518540241543,0.36518540241543,-0.0668255188076988,0.476518625166117,4.09259966119845,11.755489204734,0.00498633168250406
981,"unconstrained",0.0464186296914978,0.352636895262991,0.247679412886578,0.439834627317125,-0.124407920831813,0.454622258936092,0.587420542959397,2.05646916459022,0.286322492628266
981,"constrained_alpha",0.00759432100957552,0.357594321009575,0.357594321009575,0.357594321009575,-0.140210886368011,0.369406966530284,0.587420542959397,2.05646916459022,0.301791392362945
982,"unconstrained",0.0894056536246665,0.3483949249865,0.215696421202045,0.450768027462617,-0.15646909996276,0.373885445401981,0.632634214334613,1.09683661888848,-0.408889342631709
982,"constrained_alpha",0.0165339725848557,0.366533972584856,0.366533972584856,0.366533972584856,-0.20077124761861,0.34234261225025,0.632634214334613,1.09683661888848,-0.410964821417063
983,"unconstrained",0.0574908905368161,0.397063872613169,0.329229835395276,0.556462517098287,-0.132139559049304,0.280716776018477,0.191912363793747,0.664275119089515,-0.328191701802032
983,"constrained_alpha",0.0383336100591909,0.388333610059191,0.388333610059191,0.388333610059191,-0.0939239754177962,0.36929984561797,0.191912363793747,0.664275119089515,-0.344268235374491
984,"unconstrained",0.0763551172145487,0.401935067729337,0.284704034027012,0.607643539030402,-0.232228736144231,0.785539292277342,0.247613496334427,0.937659243063506,-0.122961925229875
984,"constrained_alpha",0.0271559448571842,0.377155944857184,0.377155944857184,0.377155944857184,-0.169449689226844,0.600038583381345,0.247613496334427,0.937659243063506,-0.0940357746027047
985,"unconstrained",0.0690309606317667,0.330985193558544,0.139052851318769,0.442710062045753,0.0443347775829826,0.409720768872092,0.461287590234556,1.36236382673154,0.0624255777290961
985,"constrained_alpha",0.0213330640460823,0.328666935953918,0.328666935953918,0.328666935953918,0.0213662683229356,0.274356968288957,0.461287590234556,1.36236382673154,0.0890107799352184
986,"unconstrained",0.112502239408041,0.352217870778114,0.159146014572666,0.509221243408321,0.104071069493092,0.770829785866096,0.767605139592497,1.83780331299852,-0.276538147540083
986,"constrained_alpha",0.00240343252340453,0.347596567476595,0.347596567476595,0.347596567476595,0.0660073912340611,0.398411931046243,0.767605139592497,1.83780331299852,-0.312574724230469
987,"unconstrained",0.0739898411695662,0.355877236830345,0.171875623392226,0.508507169733733,-0.101288358169382,0.376932659044857,0.401517250908554,1.5143685901869,-0.0160849392402873
987,"constrained_alpha",0.00160652742616557,0.348393472573834,0.348393472573834,0.348393472573834,-0.141953525348582,0.290995425998043,0.401517250908554,1.5143685901869,-0.0174854250831851
988,"unconstrained",0.0761828233517961,0.289065113437308,0.156027247239189,0.404309078800994,0.0933921708668643,0.618757798359937,0.284204125511556,0.497788635822738,0.319167517512464
988,"constrained_alpha",0.0400294280065003,0.3099705719935,0.3099705719935,0.3099705719935,0.0329298383875957,0.394229384145672,0.284204125511556,0.497788635822738,0.284300708093631
989,"unconstrained",0.0926980801744567,0.342489898698213,0.0938717120257769,0.521658705791492,-0.0724483896957891,0.672712685014287,0.209183620376651,0.871317203723247,0.0982218579957665
989,"constrained_alpha",0.0122085634338771,0.337791436566123,0.337791436566123,0.337791436566123,-0.131101395762829,0.385576540579177,0.209183620376651,0.871317203723247,0.172268971586246
990,"unconstrained",0.125474875450364,0.37449790441104,0.174953884002424,0.537266422846367,-0.0984538103158331,0.682866682697634,0.542405518286615,1.44063433518682,0.176775432937045
990,"constrained_alpha",0.0171294739682591,0.367129473968259,0.367129473968259,0.367129473968259,-0.0908174842184454,0.41920820019604,0.542405518286615,1.44063433518682,0.175156956171889
991,"unconstrained",0.0951357013545126,0.35221027335997,0.0128081577981345,0.520234270057319,0.00153970448388855,0.451563632590128,0.142280072170104,0.958888502192688,-0.277625086518445
991,"constrained_alpha",0.010536488077857,0.360536488077857,0.360536488077857,0.360536488077857,0.0369941882896396,0.267172642735091,0.142280072170104,0.958888502192688,-0.422899982732681
992,"unconstrained",0.0715333291456134,0.353747030568483,0.249725154371389,0.501352827529522,-0.124937754757045,0.484565916157217,0.260460069092511,0.782298615591411,-0.175589754064833
992,"constrained_alpha",0.00737450079147278,0.357374500791473,0.357374500791473,0.357374500791473,-0.159415440574542,0.438707975954895,0.260460069092511,0.782298615591411,-0.163233023111081
993,"unconstrained",0.110736953382005,0.396917872842223,0.145199174597973,0.598700657042301,-0.239795573318893,0.465950749113474,0.860118716234675,2.146594903716,-0.187463214981253
993,"constrained_alpha",0.0460970218545032,0.396097021854503,0.396097021854503,0.396097021854503,-0.282670213814475,0.382139910173707,0.860118716234675,2.146594903716,-0.218327644722043
994,"unconstrained",0.0738196518901876,0.357824806734327,0.237480698462505,0.479349440953225,0.0379953502690498,0.703910132732727,0.197079179207141,1.02782260144873,0.094134914268885
994,"constrained_alpha",0.0199223058799489,0.369922305879949,0.369922305879949,0.369922305879949,-0.0155453379525769,0.58002747031617,0.197079179207141,1.02782260144873,0.122637807686264
995,"unconstrained",0.127857633219185,0.276090724060718,0.0721020472087381,0.541956455252974,0.107897815733126,0.708786171957999,0.68896749112478,1.00459431863104,0.353864909347655
995,"constrained_alpha",0.0850794610063966,0.264920538993603,0.264920538993603,0.264920538993603,0.108018680502724,0.328483838574208,0.68896749112478,1.00459431863104,0.403462818224079
996,"unconstrained",0.129039967132948,0.355449198149005,0.134890125288723,0.714868440433382,-0.192029757849523,0.53302114519299,0.223807753993379,0.617156156564469,-0.0180939216846567
996,"constrained_alpha",0.0341728724644123,0.315827127535588,0.315827127535588,0.315827127535588,-0.0982036556635766,0.584268093405279,0.223807753993379,0.617156156564469,0.0581503104545957
997,"unconstrained",0.103257106714316,0.348114846645414,0.184598956593426,0.707478062630627,-0.0156134040987782,0.575172512694332,0.553735171761338,1.01177403016848,0.0273864560155537
997,"constrained_alpha",0.00580249501671071,0.344197504983289,0.344197504983289,0.344197504983289,0.0302255995710375,0.628268453032061,0.553735171761338,1.01177403016848,0.0212417773205285
998,"unconstrained",0.109931637774047,0.327536362953679,0.18824299424544,0.622325120292028,0.168724398469245,0.880736110688753,1.14386536645846,1.43751872293847,0.0743549569155453
998,"constrained_alpha",0.00731950337114229,0.342680496628858,0.342680496628858,0.342680496628858,0.0298217869588953,0.538316599609793,1.14386536645846,1.43751872293847,0.216332646233184
999,"unconstrained",0.0768263457190426,0.368806312518031,0.196544799046679,0.567530762340168,0.100605686809074,0.560469341592472,0.540071177747586,1.2238632638905,-0.0206097532035703
999,"constrained_alpha",0.00519352892595354,0.355193528925954,0.355193528925954,0.355193528925954,0.0896816570937148,0.349393201130593,0.540071177747586,1.2238632638905,0.0182422216761156
1000,"unconstrained",0.0757041877874413,0.336409214900094,0.1801521410003,0.506444132175939,-0.178579773510823,0.525074612632325,0.17975444522883,0.772385513583473,0.100360668180216
1000,"constrained_alpha",0.0077032041328583,0.342296795867142,0.342296795867142,0.342296795867142,-0.149308726718534,0.419414487620738,0.17975444522883,0.772385513583473,0.0572564101997357
